Rank,Name,Ticker,Return (%),Risk,Volatility,Follows Market Direction ?
1,TianHong CSI Livestock Breeding Inds ETF,561470.SS,33.17,0.006,,
2,HFT CSI Short Term Note ETF,511360.SS,1.4,0.001,0.001,No
3,Penghua CSI 0-4Y Local Gover Debt ETF,159816.SZ,2.11,0.003,0.001,No
4,Bosera ChinaBond 0-3 Year CDB Bond ETF,159650.SZ,1.58,0.002,0.001,No
5,CMF CSI Policy Financial Bond 0-3 Yr ETF,511580.SS,1.58,0.002,0.001,No
6,Ping An CDB Bond 0-3 ETF,159651.SZ,1.66,0.003,0.002,No
7,Ping An ChinaBond M-H Sprd Enh Etp ETF,511030.SS,2.16,0.004,0.0,No
8,Yinhua CSI AAA Sci-Tech Inno Corp Bd ETF,159112.SZ,2.52,0.004,0.01,Yes
9,Fullgoal CSI AAA Sci-Tech Ino Crp Bd ETF,159200.SZ,2.84,0.006,0.011,Yes
10,Wanjia SZSE AAA Sci-Tech Inno Cor Bd ETF,159110.SZ,2.9,0.006,0.009,Yes
11,Penghua CSI 5Y Local Gover Debt ETF,159972.SZ,3.33,0.007,0.011,Yes
12,HuaAn ChinaBond 1-5 Year CDB Bond Index ETF,159649.SZ,2.16,0.004,0.003,Yes
13,Tibet Eastmoney CSI 1-3Y Treasury Bd ETF,511160.SS,1.57,0.003,0.002,No
14,Huaan CSI AAA Sci-Tech Inno Corp Bd ETF,159115.SZ,2.72,0.006,0.013,Yes
15,Maxwealth SSE AAA Sci-Tech In Cor Bd ETF,511150.SS,2.76,0.006,0.007,Yes
16,China Universal CSI AAA Sci-Tc IC Bd ETF,551520.SS,2.58,0.005,0.007,Yes
17,HFT SSE 5-Year Local Government Bond ETF,511060.SS,3.28,0.007,0.004,Yes
18,DaCheng CSI AAA Sci-Tech Inno Cor Bd ETF,159113.SZ,2.7,0.006,0.012,Yes
19,DaCheng SZSE MM Credit Bond ETF,159395.SZ,3.07,0.007,0.01,Yes
20,TK CSI AAA Sci-Tech Inno Corp Bd ETF,551580.SS,2.51,0.006,0.004,Yes
21,Huatai-PB CSI AAA Sci-Tech Innovation Corporate Bond Index,551510.SS,2.83,0.006,0.009,Yes
22,"E Fund Management Co., Ltd - E Fund CSI AAA Sci-Tech Innovation Corporate ETF",551500.SS,2.92,0.007,0.015,Yes
23,Penghua SSE AAA Sci-Tech Inno Crp Bd ETF,551030.SS,2.84,0.007,0.013,Yes
24,ChinaAMC CSI AAA Sci-Tech Ino Crp Bd ETF,551550.SS,2.72,0.006,0.009,Yes
25,Gf Fund Management Co Ltd - GF SSE AAA Sci-Tech Innovation Corporate Bond Index ETF,511120.SS,2.64,0.006,0.001,Yes
26,Guotai SSE Delivrb 5 Yr Trs Bd Idx ETF,511010.SS,2.46,0.006,0.005,Yes
27,ICBCCS CSI AAA Sci-Tech Inno Corp Bd ETF,159116.SZ,2.9,0.007,0.012,Yes
28,JPM SSE AAA Sci-Tech Inno Corp Bd ETF,551300.SS,2.74,0.006,0.014,Yes
29,Guotai CSI AAA Sci-Tech Inno Corp Bd ETF,551800.SS,2.63,0.006,0.007,Yes
30,Harvest CSI AAA Sci-Tech Inno Crp Bd ETF,159600.SZ,2.48,0.006,0.012,Yes
31,CMF CSI AAA Sci-Tech Inno Corp Bd ETF,551900.SS,2.7,0.007,0.014,Yes
32,IGW SZSE AAA Sci-Tech Inno Corp Bd ETF,159400.SZ,3.38,0.008,0.009,Yes
33,TianHong SZSE MM Credit Bond ETF,159398.SZ,2.87,0.007,0.009,Yes
34,TianHong CSI AAA Sci-Tech In Corp Bd ETF,159111.SZ,2.82,0.007,0.018,Yes
35,China Southern CSI AAA Sci-Tech ICB ETF,159700.SZ,2.8,0.007,0.01,Yes
36,GUOTAI HAITONG SECURITIES CO LTD - CATHAY HAITONG SASSEUR GROUP REIT Fund,508602.SS,2.07,0.005,,
37,CIB CSI AAA Sci-Tech Inno Corp Bd ETF,551560.SS,2.47,0.006,0.004,Yes
38,HFT SSE 10-Year Local Government Bond ETF,511270.SS,4.86,0.012,0.002,No
39,GF SZSE Market-Making Credit Bond ETF,159397.SZ,3.17,0.008,0.01,Yes
40,Bosera SZSE MM Credit Bond ETF,159396.SZ,3.29,0.009,0.015,Yes
41,HFT SSE Urban Construction Investment Bond Exchange Traded Index Fund,511220.SS,3.07,0.008,0.008,Yes
42,Bosera SSE AAA Sci-Tech Inno Corp Bd ETF,551000.SS,3.01,0.008,0.014,Yes
43,BOC SSE AAA Sci-Tech Inno Corp Bd ETF,551060.SS,2.35,0.007,0.011,Yes
44,E Fund SSE Market-Making Corporate Bond ETF,511110.SS,3.31,0.01,0.017,Yes
45,China Southern SSE MM Corp Bond ETF,511070.SS,3.27,0.009,0.016,Yes
46,HFT SSE Market-Making Corp Bond ETF,511190.SS,3.54,0.01,0.024,Yes
47,Fullgoal ChinaBond 7-10 Year Policy Bank Bond Index ETF,511520.SS,4.03,0.013,0.002,Yes
48,ICBC Credit Suisse Pure Bond Regular Open Bond Fund,164810.SZ,3.48,0.011,0.027,No
49,"Guangdong Provincial Expressway Development Co., Ltd.",200429.SZ,21.52,0.065,0.349,No
50,China Southern Jin Li Periodic Open Bond Fund,160128.SZ,4.44,0.014,0.009,Yes
51,ChinaAMC SSE Market-Making Corp Bond ETF,511200.SS,3.34,0.011,0.022,Yes
52,Ping An CSI 5-10Y CGB ETF,511020.SS,2.83,0.01,0.025,Yes
53,Guotai SSE 10-Y Gov Bd ETF,511260.SS,3.47,0.012,0.017,Yes
54,Bosera CSI All Share Dividend Qualty ETF,561430.SS,69.45,0.197,,
55,E Fund Everbright Bond Fund,161117.SZ,3.79,0.015,0.031,Yes
56,"Inner Mongolia ERDOS Resources Co.,Ltd.",900936.SS,56.58,0.225,1.436,Yes
57,"Shanghai Action Education Technology CO.,LTD.",605098.SS,65.85,0.263,0.082,No
58,"Shanghai Jin Jiang International Hotels Co., Ltd.",900934.SS,20.82,0.101,0.136,Yes
59,ChinaAMC SSE Bnchmk Mkt-Mkng Tsry Bd ETF,511100.SS,3.03,0.016,0.006,Yes
60,Guotai Haitong CSI Div Low Volatilty ETF,560730.SS,34.14,0.168,,
61,"Bank of Jiangsu Co., Ltd.",600919.SS,31.33,0.164,0.52,No
62,"Bank of Ningbo Co., Ltd.",002142.SZ,40.54,0.212,0.489,Yes
63,Fullgoal Huili Return Two-year Regular Open Bond Fund,161014.SZ,5.22,0.032,0.197,Yes
64,"Ruitai Materials Technology Co., Ltd.",002066.SZ,63.0,0.314,1.555,Yes
65,China Universal NASDAQ Bio-Tch ETF(QDII),513290.SS,49.75,0.262,0.559,Yes
66,DaCheng Color Metal Futures ETF,159980.SZ,27.95,0.164,0.624,Yes
67,"Changgao Electric Group Co., Ltd.",002452.SZ,67.0,0.349,2.074,Yes
68,"Guangdong Provincial Expressway Development Co., Ltd.",000429.SZ,31.32,0.184,0.85,No
69,China Construction Bank Corporation,601939.SS,39.28,0.226,1.22,No
70,Huatai-PineBridge CSI Oil and Gas Industry Exchange Traded Open Index Securities Investment Fund,561570.SS,47.2,0.265,0.829,Yes
71,"China Merchants Port Group Co., Ltd.",201872.SZ,28.94,0.177,0.18,No
72,Orient Securities Asset Management Co. Ltd. – Orient Red 3 Years Mixed Fund,169106.SZ,5.24,0.036,0.168,Yes
73,"Youngor Fashion Co., Ltd.",600177.SS,15.47,0.101,0.446,No
74,Yinhua CSI Oil & Gas Resources ETF,563150.SS,49.08,0.285,0.716,Yes
75,China Universal CSI Oil And Gas Rsc ETF,159309.SZ,50.46,0.296,0.761,Yes
76,Bosera CSI Oil And Gas Resources ETF,561760.SS,49.37,0.291,0.786,Yes
77,China Universal Asset Management - CSI Energy Fund,159930.SZ,44.88,0.27,0.086,Yes
78,ChangYuan Technology Group Ltd.,600525.SS,67.97,0.381,0.102,Yes
79,Guotai CSI Oil And Gas Industry ETF,561360.SS,45.63,0.276,0.87,Yes
80,Anhui Expressway Company Limited,600012.SS,35.99,0.226,0.997,No
81,UBS SDIC Ruili Alloc(LOF) A,161222.SZ,17.62,0.119,0.679,Yes
82,Wanjia Social Responsibility 18-month Regular Open Mixed Fund,161912.SZ,32.77,0.211,1.1,Yes
83,Zhejiang Wecome Pharmaceutical Company Limited,300878.SZ,56.64,0.338,1.495,Yes
84,"Shenzhen Changfang Group Co., Ltd.",300301.SZ,75.07,0.433,0.205,No
85,"Anhui Hengyuan Coal Industry and Electricity Power Co.,Ltd",600971.SS,51.58,0.323,0.42,Yes
86,"Teemsun Technology Co.,Ltd",301571.SZ,62.55,0.379,1.388,Yes
87,ChinaAMC CSI All Share Software ETF,159068.SZ,13.89,0.101,,
88,Shaanxi Coal Industry Company Limited,601225.SS,57.86,0.363,0.763,No
89,GF CSI Energy ETF,159945.SZ,42.84,0.284,0.053,Yes
90,"Shanghai Haixin Group Co., Ltd.",600851.SS,37.58,0.257,1.521,Yes
91,China Southern CSI Div Low Vol 100 ETF,515480.SS,51.77,0.342,,
92,Orient Red Target Selected 3-year Regular Open Mixed Fund,501053.SS,3.94,0.031,0.064,Yes
93,"Hongfa Technology Co., Ltd.",600885.SS,41.22,0.285,0.806,Yes
94,"Suzhou MedicalSystem Technology Co., Ltd.",603990.SS,62.11,0.402,1.237,Yes
95,Rongtong CSI CT C-SOEs ESG ETF,560810.SS,22.98,0.171,0.96,Yes
96,"Fujian Haiqin Energy Group Co., Ltd.",600753.SS,61.59,0.403,0.511,Yes
97,Huaan Fund Management - Sci and Tech Innovation Theme 3 Years Fund,501073.SS,49.42,0.337,1.702,Yes
98,IGW CNI Oil And Gas ETF,159588.SZ,34.84,0.25,0.432,Yes
99,"Zhejiang Hailiang Co., Ltd.",002203.SZ,73.29,0.466,2.241,Yes
100,"Hebei Yangyuan ZhiHui Beverage Co., Ltd.",603156.SS,68.44,0.448,2.234,Yes
101,"Neway CNC Equipment (Suzhou) Co., Ltd.",688697.SS,65.89,0.438,2.102,Yes
102,"Jinneng Holding Shanxi Coal Industry Co.,ltd.",601001.SS,47.59,0.335,1.619,Yes
103,PetroChina Company Limited,601857.SS,62.71,0.422,1.32,No
104,"Shanxi Coal International Energy Group Co.,Ltd",600546.SS,71.13,0.472,1.027,Yes
105,"Anhui Sierte Fertilizer Industry Ltd.,Company",002538.SZ,50.97,0.36,1.294,Yes
106,Penghua CNI Oil and Gas Index Exchange Traded Fund,159697.SZ,34.7,0.259,0.452,Yes
107,IGW Nasdaq Tech Mkt Cap Wghtd ETF (QDII),159509.SZ,47.39,0.34,1.422,Yes
108,"Eastern Air Logistics Co., Ltd.",601156.SS,32.17,0.245,0.143,Yes
109,Sanyou Corporation Limited,300932.SZ,57.2,0.401,2.506,Yes
110,"Intco Recycling Resources Co., Ltd.",688087.SS,63.84,0.438,0.122,No
111,Zuming Bean Products Group Corp.,003030.SZ,41.05,0.304,0.614,Yes
112,"Zhejiang Chenfeng Technology Co., Ltd.",603685.SS,69.92,0.475,1.13,Yes
113,China Southern CSI Cmunctn Srvcs ETF,159511.SZ,54.02,0.387,2.152,Yes
114,BOMESC Offshore Engineering Company Limited,603727.SS,49.87,0.362,0.053,Yes
115,"Tianjin Tianyao Pharmaceuticals Co., Ltd.",600488.SS,42.11,0.315,0.928,No
116,Guotai CSI Coal&Consum Fuels ETF,515220.SS,44.48,0.333,0.359,Yes
117,"Guangzhou Newlife New Material CO., LTD",301323.SZ,51.98,0.38,1.125,Yes
118,E Fund Management Co. Ltd - E Fund Advantage Return One-Year Closed Operation Mixed FOF (FOF-LOF),161133.SZ,64.2,0.453,2.134,Yes
119,China Shenhua Energy Company Limited,601088.SS,42.82,0.324,0.896,No
120,"Shandong Yisheng Livestock & Poultry Breeding Co., Ltd.",002458.SZ,49.12,0.368,1.253,Yes
121,"Sinotruk Jinan Truck Co.,Ltd",000951.SZ,38.33,0.299,0.928,No
122,"Zhejiang Zhengguang Industrial Co., Ltd.",301092.SZ,72.91,0.51,2.639,Yes
123,Guotai S&P 500 ETF (QDII),159612.SZ,18.17,0.154,0.617,Yes
124,Inner Mongolia Dian Tou Energy Corporation Limited,002128.SZ,50.02,0.377,0.038,Yes
125,"Guangdong Zhongsheng Pharmaceutical Co., Ltd.",002317.SZ,65.87,0.476,0.913,No
126,"TangShan Port Group Co.,Ltd",601000.SS,30.97,0.251,0.907,No
127,China Coal Energy Company Limited,601898.SS,69.54,0.497,0.092,Yes
128,Shandong Hi-speed Company Limited,600350.SS,30.06,0.245,0.647,No
129,Huaxia Fund Management Co Ltd- China Communications Construction REIT,508018.SS,14.83,0.129,0.053,No
130,Nanjing Tanker Corporation,601975.SS,56.33,0.422,0.936,Yes
131,"Luyin Investment Group Co.,Ltd.",600784.SS,30.4,0.249,0.235,Yes
132,"Satellite Chemical Co.,Ltd.",002648.SZ,75.3,0.533,0.453,Yes
133,Huatai-PB CSI All Shr Inv Bnk & Brk ETF,560400.SS,21.46,0.182,0.439,Yes
134,E Fund Amova Jap-Econ 225 ETF(QDII),513000.SS,49.71,0.382,2.03,Yes
135,E Fund CSI Telecom Thematic ETF,563010.SS,29.43,0.243,1.367,Yes
136,China CITIC Bank Corporation Limited,601998.SS,37.42,0.302,0.871,No
137,"Cofoe Medical Technology Co.,Ltd.",301087.SZ,39.0,0.314,0.059,Yes
138,"Wuzhou Special Paper Group Co., Ltd.",605007.SS,54.77,0.418,1.213,Yes
139,"Shandong Liancheng Precision Manufacturing Co., Ltd",002921.SZ,75.11,0.54,3.201,Yes
140,"Bank of Qingdao Co., Ltd.",002948.SZ,43.9,0.348,0.652,Yes
141,DaCheng SZSE ChiNext AI ETF,159242.SZ,63.35,0.472,2.843,Yes
142,Wanjia Science & Technology Innovation 3Y Fund,501075.SS,46.58,0.366,1.924,Yes
143,Fullgoal Fund management Co - FG SCI Tech Invt 3Y CLS MXD,501077.SS,33.74,0.278,1.283,Yes
144,Hwabao WP SZSE ChiNext AI ETF,159363.SZ,63.72,0.477,2.892,Yes
145,ChinaAMC Nomura Jap-Econ 225 ETF(QDII),513520.SS,48.77,0.388,2.017,Yes
146,CNOOC Limited,600938.SS,55.32,0.431,0.611,No
147,ICBCCS CSI Nonferrous Metals Mining ETF,159049.SZ,45.48,0.366,,
148,"Jiangsu Financial Leasing Co., Ltd.",600901.SS,25.8,0.223,0.552,No
149,"Xinjiang Guannong Co.,Ltd.",600251.SS,58.73,0.453,1.261,Yes
150,Huaan SZSE ChiNext AI ETF,159279.SZ,61.07,0.468,2.817,Yes
151,Penghua CSI Telecom Theme ETF,560690.SS,28.4,0.243,1.358,Yes
152,"Inner Mongolia ERDOS Resources Co.,Ltd.",600295.SS,65.32,0.495,1.173,Yes
153,"Lianhe Chemical Technology Co.,Ltd.",002250.SZ,54.23,0.426,0.886,Yes
154,China Southern SZSE ChiNext AI ETF,159382.SZ,61.37,0.473,2.84,Yes
155,"Ningxia Baofeng Energy Group Co., Ltd.",600989.SS,60.85,0.47,0.364,No
156,"Lionhead Technology Development Co.,Ltd.",600539.SS,56.94,0.446,0.427,Yes
157,Huatai-PB SSE Dividend Index ETF,510880.SS,22.43,0.199,0.224,No
158,Guangxi Beitou Technology Company Limited,600936.SS,62.31,0.483,0.743,No
159,China Asset Management - China Universal Star Market 2 Years Regular Fund,506006.SS,54.6,0.434,2.427,Yes
160,"Modern Avenue Group Co., Ltd.",002656.SZ,38.37,0.324,0.413,No
161,Harvest Nasdaq-100 Index Exchange Traded Fund (QDII),159501.SZ,34.13,0.292,1.075,Yes
162,ICBCCS Daiwa Jap-Econ 225 ETF(QDII),159866.SZ,45.62,0.376,1.965,Yes
163,"Jiangsu Shemar Electric Co.,Ltd",603530.SS,62.42,0.49,2.117,Yes
164,Southern Fund Management Co - Science and Technology Innovation Board ETF,506000.SS,44.8,0.372,2.149,Yes
165,"Beibu Gulf Port Co., Ltd.",000582.SZ,50.36,0.413,0.307,No
166,"China Merchants Port Group Co., Ltd.",001872.SZ,30.55,0.269,0.719,No
167,"Asymchem Laboratories (Tianjin) Co., Ltd.",002821.SZ,63.12,0.5,0.458,Yes
168,E Fund CSI Petrochemical Industry ETF,516570.SS,31.36,0.277,1.243,Yes
169,Huaan Mitsubishi Jap-Econ 225 ETF(QDII),513880.SS,49.71,0.412,2.072,Yes
170,"China Universal Asset Management Co., Ltd. - CSI Telecom Thematic Index ETF",560300.SS,27.14,0.244,1.36,Yes
171,"Qinghai Salt Lake Industry Co.,Ltd",000792.SZ,50.57,0.421,1.622,Yes
172,"Hisense Visual Technology Co., Ltd.",600060.SS,25.31,0.231,0.723,Yes
173,GF Sci and Tech Innovation Theme  3 Years Closed Operation Flexible Allocation Mixed Fund,501078.SS,40.92,0.353,1.828,Yes
174,"Guanghui Energy Co., Ltd.",600256.SS,51.49,0.43,0.037,No
175,CPIC SSE Bulk Stock Shares Exchange Trade Fund,510170.SS,34.93,0.309,1.825,Yes
176,Henan Shenhuo Coal Industry and Electricity Power Co. Ltd,000933.SZ,64.61,0.522,0.319,Yes
177,Bosera SSE Natural Resource Index ETF,510410.SS,32.01,0.289,1.602,Yes
178,"Xinfengming Group Co., Ltd.",603225.SS,42.92,0.373,1.743,Yes
179,ICBCCS CSI A500 Enhanced Strategy ETF,159249.SZ,19.83,0.188,1.313,Yes
180,"Zhejiang Meishuo Electric Technology Co.,Ltd",301295.SZ,50.3,0.428,1.721,Yes
181,ChinaAMC SSE Composite ETF,510140.SS,33.48,0.303,,
182,Fullgoal S&P OlGsExpPrdSltStr ETF (QDII),513350.SS,52.86,0.449,2.008,No
183,GF CSI GX Cntrl Entprs Shrhdr Rtrn ETF,560700.SS,15.67,0.153,0.145,Yes
184,"Chengdu Wintrue Holding Co., Ltd.",002539.SZ,47.38,0.411,1.496,Yes
185,ChinaAMC CSI petrochemical industry ETF,159731.SZ,29.67,0.275,1.227,Yes
186,Jinhui Mining Incorporation Limited,603132.SS,60.28,0.505,2.1,Yes
187,Zheshang Huijin CSIZJ Phoenix Action ETF,512190.SS,17.72,0.173,1.0,Yes
188,"Yorhe Fluid Intelligent Control Co., Ltd.",002795.SZ,67.18,0.554,1.36,Yes
189,E Fund Nasdaq 100 ETF (QDII),159696.SZ,30.67,0.287,1.072,Yes
190,Hwabao WP CSI All Share Software Dev ETF,159036.SZ,8.86,0.091,,
191,"Markor International Home Furnishings Co., Ltd.",600337.SS,71.1,0.587,1.87,Yes
192,"Baotou Huazi Industry Co., Ltd",600191.SS,55.6,0.481,0.492,Yes
193,"Hunan Chendian International Developmentco.,ltd",600969.SS,69.14,0.575,0.529,Yes
194,CMF Nasdaq 100 ETF (QDII),159659.SZ,29.62,0.281,1.069,Yes
195,"Huatian Hotel Group Co.,Ltd.",000428.SZ,55.08,0.479,1.667,No
196,GF NASDAQ 100 ETF QDII,159941.SZ,30.26,0.287,1.053,Yes
197,"AVIC Fund Management Co., Ltd. - Beijing Changbao Rental Housing Clo Reit",180503.SZ,16.48,0.165,0.751,No
198,"Suzhou Keda Technology Co.,Ltd",603660.SS,53.08,0.466,2.31,Yes
199,"Bank of Chengdu Co., Ltd.",601838.SS,19.57,0.194,0.263,No
200,Fullgoal ChiNext 2-Year Regular Open Mixed Fund,161040.SZ,42.66,0.389,1.87,Yes
201,"Guangdong Yussen Energy Technology Co., Ltd.",002986.SZ,39.63,0.369,0.914,Yes
202,"MCC Meili Cloud Computing Industry Investment Co., Ltd",000815.SZ,52.06,0.465,0.324,No
203,"Chengdu Screen Micro Electronics Co.,Ltd.",688053.SS,60.41,0.526,3.226,Yes
204,"Shenwu Energy Saving Co., Ltd.",000820.SZ,64.75,0.557,0.521,No
205,"Huafon Chemical Co.,Ltd",002064.SZ,47.38,0.431,1.351,Yes
206,China Asset management Company - China Amc Chinext 2 Year Regular Open Mixed Fund,160325.SZ,38.19,0.359,1.895,Yes
207,Fullgoal Nasdaq 100 ETF (QDII),513870.SS,29.32,0.285,1.028,Yes
208,Qibu Corporation Limited,603557.SS,56.18,0.498,0.11,No
209,Shandong Molong Petroleum Machinery Company Limited,002490.SZ,74.65,0.628,0.469,Yes
210,"ShuYu Civilian Pharmacy Corp., Ltd.",301017.SZ,29.53,0.288,0.263,Yes
211,"Guangdong HEC Technology Holding Co., Ltd",600673.SS,70.78,0.606,3.137,Yes
212,GF Hong Kong Stock Connect Growth Selected Equity Fund,506003.SS,53.13,0.481,2.459,Yes
213,Penghua Dow Jones Idstrl Avrg ETF (QDII),513400.SS,15.72,0.163,0.783,Yes
214,"Yongtaiyun Chemical Logistics Co.,Ltd",001228.SZ,31.88,0.312,0.675,Yes
215,BOC SSE State-owned Enterprises 100 ETF,510270.SS,10.08,0.107,0.345,Yes
216,HuaAn Nasdaq 100 Index ETF,159632.SZ,28.99,0.287,1.112,Yes
217,"Zhejiang Sling Automobile Bearing Co., Ltd.",301550.SZ,69.47,0.602,2.338,Yes
218,"Zhejiang Liju Thermal Equipment Co., Ltd.",603391.SS,64.07,0.568,1.292,Yes
219,Guotai NASDAQ 100 ETF(QDII-ETF),513100.SS,29.52,0.294,1.128,Yes
220,ChinaAMC NASDAQ 100 ETF(QDII),513300.SS,28.44,0.285,1.044,Yes
221,"Shan Xi Hua Yang Group New Energy Co.,Ltd.",600348.SS,46.08,0.434,1.352,Yes
222,"Zhejiang Shuangyuan Technology Co., Ltd.",688623.SS,46.42,0.437,2.262,Yes
223,Huatai-PB NASDAQ 100 ETF (QDII),513110.SS,28.74,0.289,1.123,Yes
224,Yinhua CSI HKC Medical Treatment Thm ETF,513620.SS,33.43,0.33,0.027,Yes
225,"Shenzhen Comix Group Co., Ltd.",002301.SZ,38.83,0.377,0.982,Yes
226,ICBCCS SZSE Internet of Things 50 ETF,159709.SZ,38.12,0.372,2.018,Yes
227,Zangge Mining Company Limited,000408.SZ,55.95,0.515,0.625,Yes
228,Harvest S&P OlGsExplPrdSltIds ETF (QDII),159518.SZ,52.11,0.486,2.253,No
229,China Southern Summit TOPIX ETF(QDII),513800.SS,21.04,0.219,1.001,Yes
230,"Loncin Motor Co., Ltd.",603766.SS,42.95,0.413,0.329,Yes
231,"Yunnan Aluminium Co., Ltd.",000807.SZ,55.42,0.513,0.237,No
232,"Guangdong Greenway Technology Co.,Ltd",688345.SS,54.95,0.511,2.564,Yes
233,"CGN Power Co., Ltd.",003816.SZ,26.91,0.276,0.832,No
234,DaCheng Nasdaq 100 ETF (QDII),159513.SZ,27.87,0.287,1.115,Yes
235,"Anhui Guofeng New Materials Co., Ltd.",000859.SZ,63.17,0.578,1.21,Yes
236,"Zhe Jiang Dali Technology Co.,Ltd",002214.SZ,55.41,0.521,2.081,Yes
237,E Fund CSI 500 Quality and Growth ETF,159606.SZ,24.12,0.253,1.669,Yes
238,"Shenzhen Nanshan Power Co., Ltd.",200037.SZ,34.48,0.35,1.054,No
239,"HUNAN RESUN Co., Ltd.",001218.SZ,32.0,0.328,1.564,Yes
240,China Southern Asset Management CSOP FTSE Asia Pacific Low Carbon Selected ETF,159687.SZ,26.57,0.278,1.657,Yes
241,"Jinyu Bio-technology Co., Ltd.",600201.SS,48.27,0.469,0.878,Yes
242,Fullgoal CSI SOEs OBOR ETF,515150.SS,15.01,0.165,0.769,Yes
243,"Hangzhou TianMuShan Pharmaceutical Enterprise Co.,Ltd",600671.SS,34.97,0.356,0.421,No
244,"Bohai Leasing Co., Ltd.",000415.SZ,38.1,0.384,1.093,Yes
245,Huatai-PB CSI Banks ETF,560670.SS,35.62,0.363,1.666,No
246,Nanjing Pharmaceutical Group Company Limited,600713.SS,11.09,0.124,0.392,Yes
247,Bosera CSI Hubei Transformation of Old and New Economic Drivers ETF,159743.SZ,35.66,0.364,2.221,Yes
248,"Guangzhou KDT Machinery Group Co., Ltd.",002833.SZ,24.13,0.258,1.695,Yes
249,"Bozhon Precision Industry Technology Co.,Ltd.",688097.SS,57.22,0.545,1.784,Yes
250,"Suzhou Cheersson Precision Industry Group Co., Ltd.",002976.SZ,55.55,0.532,2.17,Yes
251,"Zhejiang Zoenn Design Co., Ltd.",300901.SZ,41.76,0.421,1.802,Yes
252,"Sieyuan Electric Co., Ltd.",002028.SZ,43.18,0.433,0.89,Yes
253,"Dynamic Electronics Co., Ltd.",603175.SS,46.04,0.458,1.796,Yes
254,Rongtong CSI CT C-SOEs Div ETF,159336.SZ,18.4,0.202,0.037,No
255,"Tangshan Sanyou Chemical Industries Co.,Ltd",600409.SS,52.51,0.513,1.938,Yes
256,"Shanxi Lu'an Environmental Energy Development Co., Ltd.",601699.SS,40.41,0.412,1.696,Yes
257,HitGen Inc.,688222.SS,47.56,0.474,2.662,Yes
258,"Sichuan Xunyou Network Technology Co., Ltd.",300467.SZ,53.17,0.52,3.361,Yes
259,Great Wall Science And Technology Innovation Board Fund,506008.SS,38.66,0.398,2.094,Yes
260,Unisplendour Corporation Limited,000938.SZ,43.19,0.438,0.659,Yes
261,"Anhui Deli Household Glass Co., Ltd.",002571.SZ,41.09,0.42,0.677,Yes
262,"Hangzhou Huasu Technology Co.,Ltd.",301157.SZ,38.11,0.394,1.325,Yes
263,"Qingdao TGOOD Electric Co., Ltd.",300001.SZ,42.01,0.43,1.008,Yes
264,"Baoding Tianwei Baobian Electric Co.,Ltd.",600550.SS,54.01,0.533,1.285,Yes
265,"RAISECOM TECHNOLOGY CO.,Ltd.",603803.SS,50.84,0.508,0.957,Yes
266,"Ningbo Fubang Jingye Group Co.,Ltd",600768.SS,39.54,0.412,2.082,Yes
267,PengYang CSI 500 Quality Growth ETF,560500.SS,21.98,0.246,1.605,Yes
268,"E Fund Management Co., Ltd. - E Fund Msci Usa 50 Etf",513850.SS,20.14,0.227,0.778,Yes
269,"Kehua Holdings Co.,Ltd",603161.SS,28.31,0.31,1.299,Yes
270,"New East New Materials Co., Ltd",603110.SS,50.79,0.515,2.71,Yes
271,"Zhejiang Hisun Pharmaceutical Co., Ltd.",600267.SS,22.25,0.25,0.025,Yes
272,"Henan Mingtai Al.Industrial Co.,Ltd.",601677.SS,27.23,0.3,1.396,Yes
273,"Zhejiang Jasan Holding Group Co., Ltd.",603558.SS,39.63,0.418,1.596,No
274,"Anhui Yingliu Electromechanical Co., Ltd.",603308.SS,73.02,0.695,3.799,Yes
275,"Grandblue Environment Co., Ltd.",600323.SS,21.45,0.243,0.44,No
276,E Fund CSI SOEs OBOR ETF,515110.SS,14.06,0.165,0.741,Yes
277,E Fund CNI Value 100 ETF,159263.SZ,18.22,0.21,0.231,No
278,China Universal Nasdaq 100 ETF (QDII),159660.SZ,26.5,0.296,1.16,Yes
279,CCB Principal Yisheng ZS Engy&Chem ETF,159981.SZ,38.86,0.416,1.357,No
280,E Fund SSE50 Index Enhanced Fund,563090.SS,16.77,0.195,1.16,Yes
281,Harvest Emerging Tech 100 Strategy ETF,515860.SS,30.62,0.338,1.864,Yes
282,"Zhejiang Rongsheng Environmental Protection Paper Co., Ltd.",603165.SS,30.75,0.339,0.136,Yes
283,CMF CSI GX Cntrl Entprs Shrhdr Rtrn ETF,561960.SS,12.4,0.148,0.152,Yes
284,"Jiangxi Selon Industrial Co., Ltd.",002748.SZ,37.55,0.407,1.823,Yes
285,"GCL Energy Technology Co.,Ltd.",002015.SZ,64.97,0.645,0.212,Yes
286,"Hefei Gocom Information Technology Co.,Ltd.",688367.SS,73.77,0.713,1.667,Yes
287,Dongfang Electric Corporation Limited,600875.SS,61.85,0.62,1.681,Yes
288,ChinaAMC CSI 2000 ETF,562660.SS,25.51,0.291,1.977,Yes
289,ChinaAMC CSI Grid Equipment Thematic ETF,159326.SZ,34.16,0.377,2.13,Yes
290,Industrial and Commercial Bank of China Limited,601398.SS,19.23,0.225,1.265,No
291,"Gansu Yasheng Industrial (Group) Co., Ltd.",600108.SS,41.9,0.451,0.304,Yes
292,"Wanjia Asset Management Co.,Ltd. - Wjnb Fund",161914.SZ,33.92,0.376,2.216,Yes
293,"Jinhong Holding Group Co., Ltd.",000669.SZ,69.1,0.682,0.095,No
294,Huatai-PB CSI HKC Fncl Srvc ETF(QDII),513140.SS,16.61,0.197,0.1,No
295,"Zhejiang Longsheng Group Co.,Ltd",600352.SS,54.56,0.566,1.478,Yes
296,E Fund CSI 500 Enhanced Strategy ETF,563030.SS,24.88,0.286,1.891,Yes
297,"Xuancheng Valin Precision Technology Co., Ltd.",603356.SS,42.81,0.462,2.619,Yes
298,China Universal CSI Ctrl-SOEs SH Rtn ETF,560070.SS,12.27,0.149,0.154,Yes
299,"Bank of Hangzhou Co., Ltd.",600926.SS,17.91,0.213,0.386,No
300,"Zhejiang Jihua Group Co., Ltd.",603980.SS,51.56,0.545,1.832,Yes
301,SPDB CNI Grain Industry ETF,159060.SZ,30.47,0.346,0.004,No
302,"Guangdong Decro Film New Materials Co., Ltd.",001378.SZ,31.73,0.36,2.072,Yes
303,"Academy of Environmental Planning and Design, Co.,Ltd. Nanjing University",300864.SZ,45.42,0.492,2.115,Yes
304,"Shenzhen MTC Co., Ltd.",002429.SZ,54.96,0.578,3.341,Yes
305,"Henan Taloph Pharmaceutical Stock Co.,Ltd",600222.SS,38.73,0.43,0.043,Yes
306,"Joyvio Food Co., Ltd",300268.SZ,47.71,0.514,0.849,Yes
307,ChinaAMC CSI HKC IT Composite ETF,526000.SS,58.49,0.611,2.849,Yes
308,"Guizhou Space Appliance Co., Ltd",002025.SZ,45.97,0.5,1.107,Yes
309,Fullgoal CSI HKC IT Composite ETF,159198.SZ,57.81,0.609,2.816,Yes
310,Penghua CSI HKC IT Composite ETF,159185.SZ,57.46,0.606,2.831,Yes
311,Fullgoal CSI Value ETF,512040.SS,12.99,0.161,0.279,Yes
312,"Getein Biotech, Inc",603387.SS,26.22,0.309,1.258,No
313,"Haisco Pharmaceutical Group Co., Ltd.",002653.SZ,39.1,0.44,0.099,No
314,"Zhejiang Kingland Pipeline and Technologies Co.,Ltd.",002443.SZ,61.51,0.645,3.626,Yes
315,E Fund CSI Technical 50 ETF,159807.SZ,41.78,0.467,2.402,Yes
316,"Suzhou Kingswood Education Technology Co., Ltd.",300192.SZ,52.58,0.569,1.029,Yes
317,"Hubei Hongyuan Pharmaceutical Technology Co., Ltd.",301246.SZ,71.45,0.732,2.454,Yes
318,"Zhangjiagang Zhonghuan Hailu High-End Equipment Co., Ltd.",301040.SZ,52.9,0.576,2.74,Yes
319,Zhejiang NHU Company Ltd.,002001.SZ,23.65,0.286,0.4,No
320,Rongtong CSI CT C-SOEs Tech Inno ETF,159335.SZ,21.66,0.264,1.755,Yes
321,ChinaAMC CSI A500 Enhanced Strategy ETF,512370.SS,12.99,0.164,1.156,Yes
322,"Sichuan Tianyi Comheart Telecom Co., Ltd.",300504.SZ,42.91,0.485,2.16,Yes
323,"Shenzhen Lions King Hi-Tech Co., Ltd",301305.SZ,39.5,0.453,2.731,Yes
324,"Tiansheng Pharmaceutical Group Co., Ltd.",002872.SZ,29.2,0.347,0.499,Yes
325,CMF CSI HKC IT Composite ETF,526050.SS,55.13,0.602,2.817,Yes
326,Guotai SSE Composite ETF,510760.SS,10.6,0.137,0.931,Yes
327,Guotai CSI 300 Enhanced Strategy ETF,561300.SS,11.41,0.147,0.976,Yes
328,CMF SSE Composite Enhanced Strategy ETF,563930.SS,12.59,0.161,0.876,Yes
329,Jiangsu Libert INC.,605167.SS,71.87,0.75,2.763,Yes
330,"Jiangyin Zhongnan Heavy Industries Co.,Ltd",002445.SZ,51.66,0.574,1.723,No
331,"Nanjing Vazyme Biotech Co., Ltd",688105.SS,30.05,0.36,0.927,Yes
332,China Universal CSI SOEs OBOR ETF,515990.SS,12.77,0.164,0.721,Yes
333,"Nanjing Huamai Technology Co., Ltd.",603042.SS,34.02,0.403,1.212,Yes
334,"Hangzhou Hikvision Digital Technology Co., Ltd.",002415.SZ,27.31,0.332,0.696,Yes
335,"Shenyang Huitian Thermal Power Co.,Ltd",000692.SZ,38.14,0.446,0.218,No
336,"Scantech (HANGZHOU) Co., Ltd.",688583.SS,60.3,0.656,3.4,Yes
337,"Suzhou Nanomicro Technology Co., Ltd.",688690.SS,46.61,0.531,2.966,Yes
338,SPDB CSI ESG 120 Strategy ETF,516720.SS,9.54,0.125,0.756,Yes
339,"YLZ Information Technology Co.,Ltd",300096.SZ,24.77,0.306,1.947,Yes
340,BOCOM Schroders Ruifeng 3-year Closed Operation Mixed Fund,501087.SS,16.07,0.206,0.342,No
341,"Kingclean Electric Co.,Ltd",603355.SS,33.05,0.397,0.835,Yes
342,"Beijing Dataway Horizon Co.,Ltd.",301169.SZ,67.29,0.728,4.521,Yes
343,BOCOM Schroders CSI SSH Tech 50 Cstm ETF,517950.SS,31.78,0.387,1.876,Yes
344,"Yuanli Chemical Group Co.,Ltd.",603217.SS,70.37,0.757,3.407,Yes
345,"Henan Pinggao Electric Co.,Ltd.",600312.SS,30.52,0.374,0.959,Yes
346,"MetaX Integrated Circuits (Shanghai) Co., Ltd.",688802.SS,46.15,0.537,1.204,Yes
347,"Shandong Shengli Co., Ltd.",000407.SZ,37.05,0.446,0.21,Yes
348,"Bank of Shanghai Co., Ltd.",601229.SS,14.91,0.195,0.723,No
349,"Shenzhen Huijie Group Co., Ltd.",002763.SZ,27.78,0.346,1.139,Yes
350,"Sichuan Yahua Industrial Group Co., Ltd.",002497.SZ,61.15,0.681,3.188,Yes
351,"Hainan Jinpan Smart Technology Co., Ltd.",688676.SS,56.12,0.636,2.922,Yes
352,Sichuan New Energy Power Company Limited,000155.SZ,33.87,0.414,0.331,Yes
353,"Harbin Electric Corporation Jiamusi Electric Machine CO.,Ltd",000922.SZ,32.02,0.394,2.415,Yes
354,"Zijin Longking Co., Ltd.",600388.SS,37.51,0.453,0.417,Yes
355,"Tongling Nonferrous Metals Group Co.,Ltd.",000630.SZ,48.26,0.563,2.526,Yes
356,"Eastern Communications Co.,Ltd.",900941.SS,23.73,0.302,1.508,Yes
357,Sichuan Chuantou Energy Co.Ltd,600674.SS,15.65,0.206,0.737,No
358,"Zhefu Holding Group Co., Ltd.",002266.SZ,34.96,0.429,2.792,Yes
359,CMF CSI 2000 Enhanced Strategy ETF,159552.SZ,22.18,0.287,1.979,Yes
360,Jiangsu Azure Corporation,002245.SZ,58.27,0.664,1.684,Yes
361,Zhejiang Xinao Textiles Inc.,603889.SS,33.28,0.414,1.302,Yes
362,"CITIC Metal Co., Ltd",601061.SS,47.26,0.56,1.472,Yes
363,"Beijing JCZ Technology Co.,Ltd.",688291.SS,57.21,0.657,3.784,Yes
364,"DeHua TB New Decoration Material Co.,Ltd",002043.SZ,31.44,0.394,0.102,No
365,Qingdao East Steel Tower Stock Co.Ltd,002545.SZ,66.78,0.746,1.757,Yes
366,"Zhejiang Xinzhonggang Thermal Power Co., LTD.",605162.SS,37.73,0.464,0.47,No
367,Gf Fund Management Co. Ltd. - Chinext 2 Years Regular Open Mixed CNY Fund,162720.SZ,36.8,0.454,2.523,Yes
368,"Tianrun Industry Technology Co., Ltd.",002283.SZ,61.31,0.698,2.887,Yes
369,"Thinker Agricultural Machinery Co., Ltd.",603789.SS,15.19,0.204,0.323,Yes
370,"Chengdu Xingrong Environment Co., Ltd.",000598.SZ,18.76,0.248,0.3,No
371,"China Leadshine Technology Co., Ltd.",002979.SZ,32.41,0.407,0.877,Yes
372,"Asia-potash International Investment (Guangzhou)Co.,Ltd.",000893.SZ,36.57,0.454,1.461,No
373,"GuangDong GenSho Logistics Co.,LTD",603813.SS,73.81,0.813,2.682,Yes
374,E Fund CSI All Shr Hlth Cr Dvc ETF,159051.SZ,14.41,0.195,0.618,No
375,"Fujian Funeng Co., Ltd.",600483.SS,21.42,0.282,0.708,No
376,China Universal CSI HKC Mdc Trtm Thm ETF,526010.SS,26.17,0.339,0.056,Yes
377,Guotai Gold ETF Fund,518800.SS,22.27,0.293,1.294,Yes
378,"Tianjin Jintou State-owned Urban Development Co., Ltd.",600322.SS,18.99,0.253,0.816,Yes
379,"Surfilter Network Technology Co., Ltd.",300311.SZ,22.05,0.291,0.678,Yes
380,"Nantong Chaoda Equipment Co.,Ltd.",301186.SZ,41.26,0.509,2.353,Yes
381,"Dynagreen Environmental Protection Group Co., Ltd.",601330.SS,26.54,0.345,0.528,No
382,"Bank of Communications Co., Ltd.",601328.SS,16.75,0.226,1.209,No
383,HPGC Renmintongtai Pharmaceutical Corporation,600829.SS,51.03,0.61,0.957,No
384,"Offshore Oil Engineering Co.,Ltd",600583.SS,31.67,0.405,0.662,Yes
385,"Jiangsu Feymer Technology Co., Ltd.",688350.SS,41.3,0.511,1.88,Yes
386,Centre Testing International Group Co. Ltd.,300012.SZ,28.74,0.373,1.871,Yes
387,"Xiamen Annie Co., Ltd.",002235.SZ,37.97,0.477,0.567,Yes
388,GF SSE STAR 200 ETF,588140.SS,43.25,0.533,3.403,Yes
389,"Sichuan Hongda Co.,Ltd",600331.SS,57.45,0.676,2.496,Yes
390,"3onedata Co., Ltd.",688618.SS,32.35,0.416,2.302,Yes
391,IGW CSI 500 Enhanced Strategy ETF,159610.SZ,21.92,0.294,1.996,Yes
392,"Zhongman Petroleum and Natural Gas Group Corp.,Ltd.",603619.SS,61.15,0.715,1.065,Yes
393,Guotai CSI Chemicals Sub-industry ETF,516220.SS,23.09,0.308,1.796,Yes
394,ICBCCS CNI 2000 ETF,159543.SZ,24.69,0.328,2.26,Yes
395,Fullgoal CSI Chemicals Sub-industry ETF,516120.SS,23.34,0.312,1.818,Yes
396,"Zhengzhou Jiean Hi-Tech Co.,Ltd.",300845.SZ,47.35,0.581,3.218,Yes
397,Haimo Technologies Group Corp.,300084.SZ,18.85,0.257,1.415,Yes
398,"Kangxin New Materials Co., Ltd",600076.SS,20.5,0.278,1.008,Yes
399,"GuangDong ShaoNeng Group Co., Ltd.",000601.SZ,43.55,0.546,1.598,No
400,Fullgoal SSE STAR 200 ETF,589780.SS,41.66,0.526,3.323,Yes
401,"Guangdong Highsun Meida New Materials Co., Ltd.",000782.SZ,45.85,0.57,3.418,Yes
402,Aluminum Corporation of China Limited,601600.SS,41.98,0.53,0.82,Yes
403,ICBCCS CSI Rare Metal Theme ETF,159671.SZ,36.81,0.473,3.245,Yes
404,Guotai CSI HK Mainland SOEs ETF (QDII),159519.SZ,12.47,0.176,0.121,Yes
405,Harvest CSI Central-SOEs Innov Drv ETF,515680.SS,9.67,0.138,0.847,Yes
406,Yinhua CSI 2000 Enhanced Strategy ETF,159555.SZ,23.68,0.321,2.101,Yes
407,ChinaAMC SSE STAR 200 ETF,588820.SS,41.89,0.532,3.371,Yes
408,"Cloud Live Technology Group Co.,Ltd.",002306.SZ,30.85,0.408,1.777,Yes
409,"Kaishan Group Co., Ltd.",300257.SZ,61.31,0.732,2.6,Yes
410,"Guangxi Fenglin Wood Industry Group Co.,Ltd",601996.SS,29.13,0.388,0.27,Yes
411,ChinaAMC CSI HK Eq Cnn Mnlnd Fncl ETF,513190.SS,13.98,0.198,0.247,No
412,China Life AMP CNI ChiNext MC Slt 88 ETF,159804.SZ,23.23,0.318,2.136,Yes
413,China Southern MSCI China A 50 Cnct ETF,159602.SZ,10.0,0.144,0.679,Yes
414,"Zhejiang Viewshine Intelligent Meter Co., Ltd.",002849.SZ,45.33,0.573,3.246,Yes
415,Fujian Minfa Aluminium Inc.,002578.SZ,42.79,0.546,0.934,Yes
416,Harfor CSI Rare Metals Industry ETF,561800.SS,36.18,0.473,3.246,Yes
417,"Goldwind Science&Technology Co., Ltd.",002202.SZ,44.49,0.566,2.705,Yes
418,"Ningbo Bird Co.,Ltd.",600130.SS,23.08,0.318,1.393,Yes
419,"Guangdong Lvtong New Energy Electric Vehicle Technology Co., Ltd.",301322.SZ,69.13,0.816,3.993,Yes
420,Wuxi Chipown Micro-electronics limited,688508.SS,70.31,0.828,4.953,Yes
421,GF Selected Allocation 2-year Closed Operation Mixed Fund of Funds,501212.SS,6.98,0.103,0.603,Yes
422,Harvest CSI Chemicals Sub-industry ETF,159129.SZ,25.23,0.346,1.914,Yes
423,ChinaAMC CSI HK Mainland SOE ETF (QDII),513810.SS,11.78,0.171,0.119,Yes
424,"Sanquan Food Co., Ltd.",002216.SZ,21.93,0.306,0.26,No
425,"Qingdao Port International Co., Ltd.",601298.SS,18.49,0.262,0.278,Yes
426,"Jiangsu Zeyu Intelligent Power Co.,Ltd.",301179.SZ,40.0,0.524,1.136,No
427,Huatai-PB SSE STAR 200 ETF,588230.SS,40.65,0.532,3.365,Yes
428,"Guangzhou Pearl River Piano Group Co.,Ltd",002678.SZ,36.89,0.489,1.309,Yes
429,"Shanghai Smart Control Co., Ltd.",001266.SZ,57.97,0.718,3.423,Yes
430,Hwabao WP CSI Chemicals Sub-industry ETF,516020.SS,22.21,0.312,1.819,Yes
431,"Zhenhai Petrochemical Engineering Co., Ltd.",603637.SS,61.94,0.76,3.632,Yes
432,"Sunyes Manufacturing (Zhejiang) Holding Co., Ltd.",002388.SZ,41.83,0.548,1.96,Yes
433,"China Resources Jiangzhong Pharmaceutical Co.,Ltd",600750.SS,22.06,0.311,1.584,No
434,Yinhua CSI 500 Quality Growth ETF,562340.SS,16.32,0.235,1.542,Yes
435,"Anhui Annada Titanium Industry Co., Ltd.",002136.SZ,29.67,0.407,1.818,Yes
436,"Zhejiang Busen Garments Co., Ltd.",002569.SZ,26.78,0.371,0.084,No
437,YINHUA CSI 500 VALUE EXCHANGE TRADED FUND,562330.SS,12.82,0.188,0.739,Yes
438,"Sichuan Road & Bridge Group Co.,Ltd",600039.SS,28.3,0.391,1.473,No
439,GF CSI Rare Metals Industry ETF,159608.SZ,35.04,0.472,3.226,Yes
440,"Guangdong Yuehai Feeds Group Co.,Ltd.",001313.SZ,22.14,0.314,0.448,Yes
441,"Hubei Three Gorges Tourism Group Co., Ltd.",002627.SZ,33.56,0.457,0.412,Yes
442,ChinaAMC MSCI China A50 interconnection ETF,159601.SZ,9.56,0.143,0.682,Yes
443,Shenzhen Zhongjin Lingnan Nonfemet Co. Ltd.,000060.SZ,40.95,0.546,3.133,Yes
444,TianHong CSI Chemicals Sub-industry ETF,159133.SZ,24.87,0.352,1.937,Yes
445,"Beijing Topnew Info & Tech Co., Ltd.",300895.SZ,27.61,0.387,0.297,Yes
446,"Beiken Energy Group Co., Ltd.",002828.SZ,33.06,0.454,0.379,No
447,Harvest CSI Rare Metals Industry ETF,562800.SS,34.56,0.472,3.221,Yes
448,Penghua SSE STAR 200 ETF,588240.SS,40.06,0.537,3.373,Yes
449,Penghua Hang Seng China SOEs ETF (QDII),513170.SS,11.44,0.172,0.325,Yes
450,"Lubair Aviation Technology Co., Ltd.",001316.SZ,34.09,0.469,2.61,Yes
451,GF CSI Central-SOEs Innov Drv ETF,515600.SS,9.2,0.14,0.851,Yes
452,"Shenzhen Batian Ecotypic Engineering Co., Ltd.",002170.SZ,20.78,0.302,0.9,Yes
453,"DaShenLin Pharmaceutical Group Co., Ltd.",603233.SS,26.78,0.38,0.057,No
454,"Jiangsu Yinhe Electronics Co.,Ltd.",002519.SZ,41.57,0.56,1.7,Yes
455,"Zhejiang Tongxing Technology CO., Ltd.",301252.SZ,56.97,0.731,3.016,Yes
456,Sichuan Hebang Biotechnology Corporation Limited,603077.SS,20.8,0.303,0.827,Yes
457,"Tianshan Aluminum Group Co.,Ltd",002532.SZ,42.0,0.567,0.3,No
458,E Fund MSCI China A 50 Connect ETF,563000.SS,9.02,0.138,0.654,Yes
459,Business-intelligence of Oriental Nations Corporation Ltd.,300166.SZ,31.23,0.439,1.258,Yes
460,Penghua CSI Chemicals Sub-industry ETF,159870.SZ,21.36,0.312,1.82,Yes
461,Bosera CSI Dividend ETF,515890.SS,11.82,0.179,0.146,No
462,Frontier Biotechnologies Inc.,688221.SS,44.94,0.603,2.121,Yes
463,"Guangdong Hongming Intelligent Joint Stock Co., Ltd.",301105.SZ,20.41,0.3,0.366,No
464,Range Intelligent Computing Technology Group Company Limited,300442.SZ,59.75,0.768,3.922,Yes
465,"E Fund Management Co., Ltd - E Fund Sse 580 ETF",530100.SS,26.9,0.388,2.518,Yes
466,"Shida Shinghwa Advanced Material Group Co., Ltd.",603026.SS,67.87,0.856,0.426,Yes
467,Kente Catalysts Inc.,603120.SS,26.36,0.382,1.574,Yes
468,Hwabao WP CSI 300 Enhanced Strategy ETF,562070.SS,8.33,0.13,0.704,Yes
469,ICBCCS SSE STAR 200 ETF,589200.SS,36.74,0.514,3.098,Yes
470,Huatai Tianjin Securities Asset Management Company Ltd. -  HTZJ Sci-Tech Investment 3 Year Class Mix,501202.SS,8.49,0.133,0.652,Yes
471,"Cangzhou Dahua Co., Ltd.",600230.SS,54.14,0.716,2.648,Yes
472,"Qingdao Huijintong Power Equipment Co.,Ltd.",603577.SS,18.7,0.281,1.352,Yes
473,"Yinchuan Xinhua Commercial (Group) Co., Ltd.",600785.SS,61.68,0.797,3.6,Yes
474,"ShanDongDenghai Seeds Co.,Ltd",002041.SZ,27.49,0.399,0.758,Yes
475,"Suzhou Xianglou New Material Co., Ltd.",301160.SZ,57.24,0.752,3.835,Yes
476,"Jiangsu Jiangnan Water Co., Ltd.",601199.SS,13.72,0.212,0.29,Yes
477,"Wanhua Chemical Group Co., Ltd.",600309.SS,26.7,0.392,1.228,Yes
478,CCB Principal SSE STAR 200 ETF,589820.SS,37.66,0.531,3.344,Yes
479,"Jutze Intelligence Technology Co.,Ltd",300802.SZ,28.7,0.418,2.468,Yes
480,"Zhengzhou Coal Industry & Electric Power Co., Ltd.",600121.SS,38.73,0.544,0.632,Yes
481,"Hubei Jumpcan Pharmaceutical Co., Ltd.",600566.SS,19.84,0.299,0.609,No
482,Bosera NASDAQ-100 Index Exchange Traded Fund (QDII),513390.SS,18.39,0.279,1.068,Yes
483,"Hubei Jianghan New Materials Co., Ltd.",603281.SS,28.38,0.415,1.727,Yes
484,Sichuan Goldstone Asia Pharmaceutical Inc.,300434.SZ,32.62,0.47,1.652,Yes
485,"China Hainan Rubber Industry Group Co.,Ltd.",601118.SS,41.44,0.579,2.472,Yes
486,Bosera Fund Management Co. Ltd. - CSI 2000 Index ETF,159533.SZ,22.31,0.335,2.239,Yes
487,"Baosheng Science and Technology Innovation Co.,Ltd.",600973.SS,36.89,0.525,2.288,Yes
488,"Xiamen Yanjan New Material Co., Ltd.",300658.SZ,59.01,0.78,1.085,Yes
489,"Dalian Sunasia Tourism Holding CO.,LTD",600593.SS,49.31,0.673,0.654,Yes
490,Hunan SUND Technological Corporation,301548.SZ,58.81,0.779,4.76,Yes
491,Bosera CSI GX Cntrl-SOEs Mdrn Enrgy ETF,561790.SS,12.57,0.197,0.276,Yes
492,Harvest CSI GX Cntrl-SOEs Mdrn Enrgy ETF,562850.SS,12.4,0.195,0.284,Yes
493,"CNFC Overseas Fisheries Co.,Ltd",000798.SZ,50.82,0.693,0.141,No
494,Keysino Separation Technology Inc.,300899.SZ,28.29,0.417,0.791,Yes
495,"Hualan Group Co., Ltd.",301027.SZ,28.73,0.423,1.799,Yes
496,Harvest Ruixiang Open Flexible Mixed Fund,160726.SZ,15.09,0.235,1.341,Yes
497,"Shandong Jianbang New Material Co., Ltd.",603285.SS,54.19,0.735,4.301,Yes
498,"Beijing Fjr Optoelectronic Technology Co., Ltd.",688272.SS,63.03,0.831,0.952,Yes
499,"Chengdu Road & Bridge Engineering CO.,LTD",002628.SZ,26.99,0.402,1.796,Yes
500,"China Chippacking Technology Co.,Ltd.",688216.SS,67.13,0.875,4.774,Yes
501,"Guizhou Aviation Technical Development Co., Ltd",688239.SS,53.61,0.729,4.383,Yes
502,"Hitevision Co., Ltd.",002955.SZ,47.01,0.656,1.126,Yes
503,"Lecron Industrial Development Group Co., Ltd.",300343.SZ,22.19,0.339,0.049,No
504,"Eaglerise Electric & Electronic (China) Co., Ltd",002922.SZ,48.49,0.676,3.323,Yes
505,SWS MU CSI Innovation 100 ETF,515200.SS,22.89,0.35,1.789,Yes
506,"Shanghai Labway Clinical Laboratory Co., Ltd",301060.SZ,29.37,0.439,1.081,Yes
507,"Jiangsu Yabang Dyestuff Co., Ltd.",603188.SS,32.07,0.475,1.917,Yes
508,"LiJiang YuLong Tourism Co., LTD.",002033.SZ,9.11,0.148,0.304,Yes
509,"Zhejiang Red Dragonfly Footwear Co., Ltd.",603116.SS,28.21,0.425,1.757,Yes
510,"Zibo Qixiang Tengda Chemical Co., Ltd",002408.SZ,25.65,0.39,1.027,Yes
511,"JCHX Mining Management Co.,Ltd.",603979.SS,40.29,0.581,0.635,Yes
512,Bosera CNI 2000 ETF,159505.SZ,21.99,0.34,2.279,Yes
513,"Mubang High-Tech Co.,Ltd.",603398.SS,47.23,0.668,1.168,Yes
514,Zhejiang Baida Precision Manufacturing Corp.,603331.SS,31.58,0.473,1.415,Yes
515,"Shenzhen Ellassay Fashion Co.,Ltd.",603808.SS,29.8,0.449,0.756,Yes
516,China Nuclear Engineering Corporation Limited,601611.SS,45.35,0.647,1.97,Yes
517,"Henan Hengxing Science & Technology Co.,Ltd.",002132.SZ,31.81,0.478,2.78,Yes
518,"Dagang Holding Group Co.,Ltd.",300103.SZ,32.08,0.484,2.848,Yes
519,"Bank of Nanjing Co., Ltd.",601009.SS,16.18,0.26,0.812,No
520,"Jiangsu Bide Science and Technology Co.,Ltd.",605298.SS,25.19,0.391,1.888,Yes
521,"Mingchen Health Co.,Ltd.",002919.SZ,43.99,0.637,2.86,Yes
522,Xiamen Intretech Inc.,002925.SZ,33.36,0.503,2.08,Yes
523,"Ningbo Fangzheng Automobile Mould Co.,Ltd.",300998.SZ,33.15,0.501,3.011,Yes
524,"Jushri Technologies, Inc.",300762.SZ,65.21,0.886,3.649,Yes
525,First Tractor Company Limited,601038.SS,29.14,0.447,0.139,Yes
526,"Kingenta Ecological Engineering Group Co., Ltd.",002470.SZ,50.17,0.716,1.077,Yes
527,"Huada Automotive Technology Corp.,Ltd",603358.SS,44.32,0.645,2.561,Yes
528,"Chongqing Wanli New Energy Co., Ltd.",600847.SS,23.56,0.37,2.16,Yes
529,"China Southern Power Grid Energy Efficiency & Clean Energy Co., Ltd.",003035.SZ,39.57,0.586,1.451,Yes
530,"Beijing ZZNode Technologies Co., Ltd.",003007.SZ,24.33,0.382,2.241,Yes
531,"Hubei Wanrun New Energy Technology Co.,Ltd.",688275.SS,56.02,0.788,2.356,Yes
532,"Suzhou New District Hi-Tech Industrial Co.,Ltd",600736.SS,32.32,0.493,2.563,Yes
533,"Hangzhou Shenhao Technology Co.,LTD.",300853.SZ,64.65,0.887,4.535,Yes
534,"Hangzhou Heshun Technology Co.,LTD.",301237.SZ,43.2,0.635,4.202,Yes
535,"Guangdong Tianan New Material Co., Ltd.",603725.SS,24.81,0.39,2.359,Yes
536,"UniTTEC Co.,Ltd",000925.SZ,41.22,0.611,3.329,Yes
537,ChinaAMC SSE 580 ETF,530530.SS,23.16,0.367,2.433,Yes
538,"Shenzhen Phoenix Telecom Technology Co.,Ltd.",301191.SZ,27.01,0.422,1.693,Yes
539,"Zhejiang Liming Intelligent Manufacturing Co.,Ltd.",603048.SS,28.68,0.446,1.858,Yes
540,Changjiang Securities Company Limited,000783.SZ,26.9,0.422,2.178,Yes
541,Tibet Eastmoney ChiNext Composite Eh ETF,159290.SZ,21.19,0.34,2.059,Yes
542,China Science Publishing & Media Ltd.,601858.SS,28.95,0.451,0.191,Yes
543,"Shandong Huapeng Glass Co.,Ltd.",603021.SS,31.94,0.494,0.05,Yes
544,"Shenzhen Jianyi Decoration Group Co., Ltd.",002789.SZ,24.88,0.395,0.884,Yes
545,"Zhejiang XinNong Chemical Co.,Ltd.",002942.SZ,44.31,0.656,2.542,Yes
546,"Neway Valve (Suzhou) Co., Ltd.",603699.SS,33.12,0.51,2.978,Yes
547,"Chengtun Mining Group Co., Ltd.",600711.SS,29.65,0.463,2.204,Yes
548,"Tianshui Zhongxing Bio-technology Co.,Ltd.",002772.SZ,35.12,0.538,2.579,Yes
549,"Shanghai Anoky Group Co., Ltd",300067.SZ,50.33,0.732,3.195,Yes
550,"Yingde Greatchem Chemicals Co., Ltd.",300804.SZ,46.68,0.687,1.042,Yes
551,"Yutong Bus Co.,Ltd.",600066.SS,27.68,0.436,1.83,No
552,"HaiXin Foods Co.,Ltd",002702.SZ,42.51,0.636,0.608,No
553,Invesco Great Wall Fund Management Co. Ltd - CNI HK Connect Dividend Low Volatility Index ETF,159569.SZ,14.81,0.246,0.474,No
554,GF CSI High Div Strategy Custom ETF,159207.SZ,12.77,0.214,0.056,No
555,ICBCCS CSI 500 ETF,510530.SS,19.35,0.315,2.105,Yes
556,Bosera CSI Central-SOEs Innov Drv ETF,515900.SS,8.25,0.141,0.885,Yes
557,"Shanghai Rural Commercial Bank Co., Ltd.",601825.SS,16.18,0.267,1.201,No
558,Zijin Mining Group Company Limited,601899.SS,33.98,0.525,0.303,Yes
559,"Anji Foodstuff Co., Ltd",603696.SS,47.31,0.699,0.021,Yes
560,"Joyware Electronics Co.,Ltd",300270.SZ,26.78,0.427,2.385,Yes
561,ICBCCS CSI GX Cntrl-SOEs Mdrn Enrgy ETF,561260.SS,11.35,0.193,0.317,Yes
562,"ZOY Home Furnishing Co.,Ltd",603709.SS,26.55,0.425,1.89,Yes
563,PengYang Chinabond-30Y Treasury Bond ETF,511090.SS,2.49,0.044,0.039,Yes
564,"Keda Industrial Group Co., Ltd.",600499.SS,34.19,0.533,0.842,Yes
565,"Realcan Pharmaceutical Group Co., Ltd.",002589.SZ,18.65,0.309,0.273,Yes
566,Hunan Gold Corporation Limited,002155.SZ,62.12,0.885,2.839,Yes
567,"Anhui Huaren Health Pharmaceutical Co., Ltd.",301408.SZ,33.44,0.525,1.911,Yes
568,"Nanchang Mineral Systems Co., Ltd.",001360.SZ,38.26,0.591,3.138,Yes
569,Bosera Shanghai Secs 30Y Trsry Bd ETF,511130.SS,2.41,0.043,0.028,Yes
570,Bosera CSI Smallcap 500 Index Exchange Traded Fund,159968.SZ,18.66,0.311,2.075,Yes
571,Sunrise Group Company Limited,002752.SZ,24.23,0.397,0.675,Yes
572,"Ping An Bank Co., Ltd.",000001.SZ,11.78,0.203,0.705,No
573,Yechiu Metal Recycling (China) Ltd.,601388.SS,44.53,0.68,2.008,Yes
574,Top Energy Company Ltd.Shanxi,600780.SS,20.93,0.349,0.466,No
575,"Hainan Jingliang Holdings Co., Ltd.",000505.SZ,27.81,0.451,0.025,No
576,Beijing Succeeder Technology Inc.,688338.SS,24.12,0.397,1.975,Yes
577,China Life AMP CSI 500 ETF,510560.SS,18.89,0.317,2.099,Yes
578,"Hengli Petrochemical Co.,Ltd.",600346.SS,27.5,0.448,2.089,Yes
579,"Guangzhou Holike Creative Home Co.,Ltd.",603898.SS,44.54,0.685,2.535,Yes
580,Bosera Hang seng HK Connect High Div ETF,513690.SS,13.04,0.225,0.124,No
581,Maxwealth CNI Commercial Satellite ETF,159206.SZ,39.71,0.621,3.29,Yes
582,"Beijing Sys Science & Technology Co .,Ltd.",301372.SZ,34.89,0.557,3.184,Yes
583,Zhejiang Shibao Company Limited,002703.SZ,61.58,0.9,1.377,Yes
584,"Shanghai Aerospace Automobile Electromechanical Co., Ltd.",600151.SS,71.73,1.018,1.644,Yes
585,E Fund CSI 2000 ETF,159532.SZ,17.48,0.299,2.051,Yes
586,Huatai-PB CSI 500 Enhanced Strategy ETF,561550.SS,19.23,0.327,2.189,Yes
587,"Zhejiang Taotao Vehicles Co., Ltd.",301345.SZ,34.1,0.547,0.683,Yes
588,Huatai-PB CSI 500 ETF,512510.SS,18.48,0.315,2.107,Yes
589,"Shenzhen Cereals Holdings Co.,Ltd.",000019.SZ,19.37,0.329,0.087,No
590,"Shanjin International Gold Co., Ltd.",000975.SZ,48.49,0.742,0.382,No
591,"Dongguan Mentech Optical & Magnetic Co., Ltd.",002902.SZ,37.62,0.598,1.154,Yes
592,Fullgoal CSI 800 FCF ETF,563990.SS,12.18,0.214,0.057,Yes
593,Fullgoal CSI AllShrHealthCareDevices ETF,159056.SZ,12.01,0.211,0.716,No
594,"Jiangsu ToLand Alloy Co.,Ltd",300855.SZ,36.96,0.591,2.983,Yes
595,"Fujian Septwolves Industry Co., Ltd.",002029.SZ,26.66,0.443,0.654,Yes
596,Huadian Energy Company Limited,900937.SS,27.9,0.462,0.241,No
597,"Zhejiang Extek Technology Co., Ltd.",301399.SZ,45.09,0.703,0.834,Yes
598,China Universal Shanghai Cmpst ETF,510980.SS,7.41,0.133,0.95,Yes
599,Tianjin Printronics Circuit Corporation,002134.SZ,44.52,0.696,3.566,Yes
600,"CSD Water Service Co., Ltd.",603903.SS,38.82,0.623,2.012,Yes
601,"Hangzhou Oxygen Plant Group Co., Ltd.",002430.SZ,35.99,0.584,3.253,Yes
602,IGW CSI 300 Enhanced Strategy ETF,159238.SZ,9.11,0.164,1.038,Yes
603,"Ningbo Zhongbai Co., Ltd.",600857.SS,39.61,0.635,2.469,Yes
604,E Fund Management Co. Ltd. - SSE 380 ETF,530380.SS,14.65,0.258,1.714,Yes
605,"Shanghai Zhezhong Group Co.,Ltd",002346.SZ,27.25,0.457,1.734,Yes
606,"A-Zenith Home Furnishings Co., Ltd.",603389.SS,40.34,0.647,3.985,Yes
607,"Shenzhen Envicool Technology Co., Ltd.",002837.SZ,59.88,0.901,4.579,Yes
608,Bosera CSI Smallcap 500 Index ETF,159678.SZ,16.87,0.295,1.927,Yes
609,CMF CSI 1000 Enhanced Strategy ETF,159680.SZ,18.68,0.325,2.208,Yes
610,"Kailong High Technology Co., Ltd.",300912.SZ,61.54,0.922,1.964,Yes
611,"Shanxi Tond Chemical Co., Ltd.",002360.SZ,21.73,0.374,0.05,No
612,"Qingdao Weflo Valve Co., Ltd.",002871.SZ,36.11,0.591,3.755,Yes
613,CCB Principal SSE STAR Innovation Value Strategy Custom ETF,588910.SS,24.46,0.418,2.671,Yes
614,"Sanbian Sci Tech Co., Ltd.",002112.SZ,39.54,0.639,1.645,Yes
615,Sichuan Expressway Group Company Limited,601107.SS,20.5,0.356,0.47,No
616,"Sanxiang Impression Co., Ltd.",000863.SZ,33.27,0.552,0.227,Yes
617,"Chongqing Jiheng Pharmaceutical Co., Ltd.",002742.SZ,45.59,0.725,1.058,Yes
618,"Zhejiang Haiyan Power System Resources Environmental Technology Co., Ltd.",688565.SS,24.01,0.413,1.369,Yes
619,Penghua CSI500 ETF,159982.SZ,17.23,0.305,2.022,Yes
620,China Universal MSCI China A 50 Cnct ETF,560050.SS,7.39,0.137,0.632,Yes
621,Fullgoal CSI 500 ETF,159500.SZ,18.05,0.319,2.128,Yes
622,"China National Nuclear Power Co., Ltd.",601985.SS,4.96,0.093,0.362,No
623,"Hangzhou Toka Ink Co.,Ltd.",688571.SS,21.29,0.373,2.364,Yes
624,"Luxin Venture Capital Group Co., Ltd.",600783.SS,49.25,0.781,2.186,Yes
625,China Universal CSI 500 ETF,563750.SS,19.63,0.347,2.227,Yes
626,Ping An CSI 500 ETF,510590.SS,18.11,0.322,2.16,Yes
627,Yinhua CSI 800 Enhanced Strategy ETF,159517.SZ,12.04,0.22,1.51,Yes
628,"Zanyu Technology Group Co., Ltd.",002637.SZ,35.96,0.599,3.165,Yes
629,"Yunnan Energy New Material (Group) Co., Ltd.",002812.SZ,28.82,0.494,1.188,Yes
630,"China National Uranium Co., Ltd.",001280.SZ,47.43,0.762,2.69,Yes
631,Huatai-PB CSI SHS Cloud Cmptng Indst ETF,159738.SZ,12.28,0.225,1.26,Yes
632,"Swancor Advanced Materials Co., Ltd.",688585.SS,37.63,0.628,0.048,Yes
633,"Chongqing Rural Commercial Bank Co., Ltd.",601077.SS,11.62,0.214,0.438,No
634,CMF CSI Banks AH Price Select ETF,517900.SS,10.3,0.191,0.848,No
635,JPM CSI 300 Free Cash Flow ETF,563900.SS,11.35,0.21,0.146,No
636,"UCloud Technology Co., Ltd.",688158.SS,29.11,0.501,2.193,Yes
637,Huatai-PB CSI 2000 ETF,563300.SS,18.6,0.335,2.272,Yes
638,"YanTai LongYuan Power Technology Co., Ltd.",300105.SZ,16.57,0.301,0.754,Yes
639,TianHong CSI 1000 Enhncd Strtgy ETF,159685.SZ,17.49,0.317,2.108,Yes
640,"Jiangxi Hengda Hi-Tech Co.,Ltd.",002591.SZ,25.17,0.443,1.696,Yes
641,"Zhejiang East Crystal Electronic Co.,Ltd.",002199.SZ,40.95,0.681,0.723,No
642,"Xinjiang Sailing Information Technology Co., Ltd.",300588.SZ,28.71,0.499,0.797,Yes
643,China Asset Management Co - Capital Outlets Closed-End Infrastructur,508005.SS,7.05,0.134,0.16,Yes
644,"Xiamen Leading Optics Co., Ltd.",605118.SS,37.27,0.63,3.629,Yes
645,"Beijing Caishikou Department Store Co.,Ltd.",605599.SS,32.3,0.556,0.466,No
646,"Hainan Mining Co., Ltd.",601969.SS,25.57,0.452,0.259,Yes
647,"Zhongnongfa Seed Industry Group Co., Ltd.",600313.SS,33.24,0.571,0.919,Yes
648,China Southern CSI 2000 ETF,159531.SZ,16.41,0.302,2.058,Yes
649,Huatai-PB CSI 1000 Enhanced Strategy ETF,561590.SS,17.55,0.322,2.19,Yes
650,"Juli Sling Co., Ltd.",002342.SZ,65.43,1.015,5.231,Yes
651,"Tianjin Keyvia Electric Co.,Ltd",300407.SZ,20.12,0.365,0.387,Yes
652,"Shandong Wohua Pharmaceutical Co., Ltd.",002107.SZ,19.01,0.347,1.332,Yes
653,"Beijing SOJO Electric Co., Ltd.",300444.SZ,40.55,0.684,2.467,Yes
654,"CASIN Real Estate Development Group Co.,Ltd.",000838.SZ,50.62,0.826,2.196,No
655,"Jiangxi First Hydraulic Co., Ltd.",301446.SZ,37.91,0.647,3.038,Yes
656,"Zhejiang Yasha Decoration Co.,Ltd",002375.SZ,18.33,0.337,0.906,Yes
657,"Zhejiang Cfmoto Power Co.,Ltd",603129.SS,23.33,0.421,0.038,Yes
658,E Fund CSI 500 ETF,510580.SS,17.12,0.317,2.117,Yes
659,"Anhui Liuguo Chemical Co., Ltd.",600470.SS,24.26,0.438,1.699,Yes
660,TianHong CSI SHS Cloud Cmptng Indst ETF,517390.SS,11.83,0.225,1.232,Yes
661,"Jiangsu Yahong Meditech Co., Ltd.",688176.SS,17.56,0.326,0.498,No
662,Hwabao WP ChiNext Composite Enh Strt ETF,159292.SZ,14.76,0.277,1.847,Yes
663,"Guangdong Guangzhou Daily Media Co., Ltd.",002181.SZ,52.37,0.858,2.231,Yes
664,"Jiangsu Aidea Pharmaceutical Group Co., Ltd.",688488.SS,24.6,0.446,1.507,Yes
665,ChinaAMC CSI Bank ETF,515020.SS,9.75,0.188,0.908,No
666,"Lier Chemical Co.,LTD.",002258.SZ,29.76,0.53,0.214,No
667,E Fund CSI 800 ETF,515810.SS,9.59,0.185,1.248,Yes
668,"Dezhou United Petroleum Technology Co.,Ltd.",301158.SZ,29.86,0.532,0.958,Yes
669,E Fund CNI Grain Industry ETF,159038.SZ,21.85,0.402,0.108,No
670,Shenzhen Fluence Technology PLC.,300647.SZ,42.55,0.726,3.254,Yes
671,"Fujian Snowman Group Co., Ltd.",002639.SZ,33.36,0.588,1.88,Yes
672,"Beijing Huayuan Xinhang Holding Co., Ltd.",600743.SS,19.14,0.357,1.075,Yes
673,E Fund CSI Satellite Industry ETF,563530.SS,39.44,0.682,3.115,Yes
674,Xiamen Hongxin Electronics Technology Group Inc.,300657.SZ,30.0,0.537,3.289,Yes
675,CCB Principal ChiNext Cmpst Enh Stgy ETF,159293.SZ,18.88,0.353,1.938,Yes
676,"PharmaResources (Shanghai) Co., Ltd.",301230.SZ,45.53,0.774,3.133,Yes
677,Ping An CSI All Share FCF ETF,159233.SZ,10.54,0.204,0.103,Yes
678,"Genew Technologies Co.,Ltd.",688418.SS,34.83,0.615,2.795,Yes
679,"KENGIC Intelligent Technology Co., Ltd.",688455.SS,31.14,0.561,0.773,Yes
680,"Fujian Kuncai Material Technology Co., Ltd.",603826.SS,35.64,0.632,0.474,Yes
681,Yinhua CSI 1000 Enhance policies ETF,159677.SZ,16.35,0.312,2.054,Yes
682,"Chongqing YuXin Pingrui Electronic Co., Ltd.",301107.SZ,27.6,0.505,2.853,Yes
683,"Changchai Company, Limited",200570.SZ,14.05,0.271,0.218,No
684,"Shanghai Morn Electric Equipment Co., Ltd.",002451.SZ,36.63,0.649,0.157,Yes
685,"Asia Cuanon Technology (Shanghai) Co.,Ltd.",603378.SS,46.23,0.793,1.735,Yes
686,"Anhui Tuoshan Heavy Industry Co., Ltd.",001226.SZ,28.4,0.519,2.607,Yes
687,Shanghai New Power Automotive Technology Company Limited,900920.SS,25.25,0.468,0.973,Yes
688,Fullgoal SSE Composite Index ETF,510210.SS,6.47,0.13,0.931,Yes
689,Founder Fubon CSI300 ETF,515360.SS,6.96,0.139,0.896,Yes
690,Penghua CSI 800 FCF ETF,516460.SS,10.76,0.212,0.07,Yes
691,ICBCCS Gold ETF,518660.SS,14.77,0.287,1.078,Yes
692,TianHong CSI 500 ETF,159820.SZ,15.92,0.308,2.027,Yes
693,Founder Fubon CSI All Share FCF ETF,563780.SS,10.05,0.199,0.122,Yes
694,ChinaAMC Gold ETF,518850.SS,15.12,0.294,1.1,Yes
695,"Jilin Quanyangquan Co., Ltd.",600189.SS,16.79,0.324,1.68,Yes
696,Huaan CSI HKC IT Composite ETF,513240.SS,28.61,0.528,2.796,Yes
697,"Guizhou Taiyong-Changzheng Technology Co.,Ltd.",002927.SZ,33.54,0.609,1.783,Yes
698,Fullgoal Shanghai Gold ETF,518680.SS,14.83,0.289,1.08,Yes
699,Guotai CSI A500 Enhanced Strategy ETF,159226.SZ,7.77,0.156,1.053,Yes
700,Founder Fubon CSI 500 ETF,510550.SS,16.01,0.311,2.095,Yes
701,"Longzhou Group Co., Ltd.",002682.SZ,42.35,0.746,1.32,Yes
702,Huatai-Pinebridge Fund Management Co Ltd - CSI A50 Index ETF,563350.SS,5.77,0.117,0.534,Yes
703,TianHong Shanghai Jin ETF,159830.SZ,14.94,0.292,1.094,Yes
704,Tibet Eastmoney CSI 500 ETF,159337.SZ,16.37,0.318,2.121,Yes
705,"Changzhou Fusion New Material Co., Ltd.",688503.SS,66.74,1.09,5.459,Yes
706,Bosera CSI All Share FCF ETF,563830.SS,10.43,0.208,0.115,Yes
707,"Wuxi DK Electronic Materials Co.,Ltd.",300842.SZ,72.39,1.165,6.411,Yes
708,Fullgoal CSI All Shr Div Qual ETF,560250.SS,13.72,0.271,1.041,No
709,GF CSI 500 ETF,510510.SS,16.24,0.317,2.11,Yes
710,"GD Power Development Co.,Ltd",600795.SS,13.91,0.274,0.836,No
711,"Shenzhen Xinhao Photoelectricity Technology Co., Ltd",301051.SZ,36.23,0.656,3.425,Yes
712,"Yes Optoelectronics (Group) Co., Ltd.",002952.SZ,27.69,0.519,1.827,Yes
713,"Guizhou Panjiang Refined Coal Co.,Ltd.",600395.SS,20.97,0.403,0.676,Yes
714,"Gansu Energy Chemical Co., Ltd.",000552.SZ,16.39,0.321,0.035,No
715,Huaan Gold ETF Fund,518880.SS,14.58,0.288,1.092,Yes
716,"ChengDa Pharmaceuticals Co., Ltd.",301201.SZ,43.28,0.771,0.372,No
717,"ZJBC Information Technology Co., Ltd",000889.SZ,23.77,0.454,1.299,Yes
718,China Southern CSI 500 Enhanced Strategy ETF,560100.SS,15.25,0.301,2.044,Yes
719,"China International Marine Containers (Group) Co., Ltd.",000039.SZ,34.89,0.64,1.242,Yes
720,"Sinomine Resource Group Co., Ltd.",002738.SZ,34.5,0.634,3.327,Yes
721,IGW CSI All Share Invst Bnk & Brkrg ETF,159008.SZ,9.84,0.199,0.394,Yes
722,"Guizhou Transportation Planning Survey&Design Academe Co.,Ltd.",603458.SS,34.7,0.638,3.778,Yes
723,"Aofu Environmental Technology Co.,Ltd.",688021.SS,26.45,0.502,1.858,Yes
724,Tai Kang CSI 500 ETF,515530.SS,15.8,0.313,2.092,Yes
725,"Sicher Elevator Co., Ltd.",301056.SZ,41.67,0.752,2.559,Yes
726,"Jiangsu Cai Qin Technology Co., Ltd",688182.SS,44.74,0.799,4.61,Yes
727,"Shaanxi Heimao Coking Co., Ltd.",601015.SS,29.5,0.557,0.665,Yes
728,"China Satellite Communications Co., Ltd.",601698.SS,48.05,0.85,2.668,Yes
729,"Cangzhou Mingzhu Plastic Co.,Ltd.",002108.SZ,15.95,0.318,0.74,Yes
730,"Shandong Link Science and Technology Co.,Ltd.",001207.SZ,16.65,0.331,0.266,No
731,E Fund SSE Mid-Cap ETF,510130.SS,5.91,0.123,0.817,Yes
732,"Zhejiang East Asia Pharmaceutical Co., Ltd.",605177.SS,33.16,0.619,1.891,Yes
733,Harvest CSI 2000 ETF,159535.SZ,15.59,0.312,2.085,Yes
734,"Fujian Nanping Sun Cable Co., Ltd.",002300.SZ,25.38,0.489,0.053,Yes
735,BOC SHAU ETF,518890.SS,14.46,0.291,1.082,Yes
736,"SDIC Power Holdings Co., Ltd",600886.SS,12.59,0.255,1.212,No
737,"Guangdong Mingzhu Group Co.,Ltd",600382.SS,27.05,0.518,1.392,Yes
738,CCB Principal Shanghai Gold ETF,518860.SS,14.45,0.291,1.083,Yes
739,"Dawei Technology (Guangdong) Group Co., Ltd.",600589.SS,37.63,0.694,2.751,Yes
740,"Nantong JiangTian Chemical Co., Ltd.",300927.SZ,40.65,0.743,3.425,Yes
741,"Shanghai Geoharbour Construction Group Co., Ltd.",605598.SS,56.06,0.974,1.815,Yes
742,"Maxio Technology (Hangzhou) Co., Ltd.",688449.SS,50.25,0.89,4.466,Yes
743,E Fund Management Company - Gold Trade Oprn End Fund,159934.SZ,14.3,0.289,1.081,Yes
744,China Southern Shanghai Gold ETF,159834.SZ,14.44,0.292,1.09,Yes
745,"SGSG Science&Technology Co., Ltd. Zhuhai",300561.SZ,38.88,0.717,0.442,No
746,"Jiangsu Hengli Hydraulic Co.,Ltd",601100.SS,11.66,0.239,0.753,Yes
747,GF Shanghai Gold ETF,518600.SS,14.4,0.292,1.095,Yes
748,GF CNI 2000 ETF,159907.SZ,14.55,0.295,2.057,Yes
749,CICC Fund Management Company Limited - CICC Shangao Group Expressway,508007.SS,7.09,0.149,0.082,No
750,"Zhejiang XCC Group Co.,Ltd",603667.SS,37.18,0.694,2.408,Yes
751,"Ganso Co., Ltd.",603886.SS,22.2,0.438,1.849,Yes
752,Harvest Shanghai Gold ETF,159831.SZ,14.31,0.291,1.07,Yes
753,GF CSI 800 FCF ETF,159229.SZ,10.12,0.21,0.033,Yes
754,E Fund CSI Bank ETF,516310.SS,9.11,0.19,0.932,No
755,China Southern SSE 380 Index ETF,510290.SS,13.07,0.268,1.788,Yes
756,Bosera Golden ETF,159937.SZ,14.18,0.29,1.079,Yes
757,"Lanzhou Huanghe Enterprise Co., Ltd",000929.SZ,15.27,0.311,1.549,Yes
758,First Seafront Gold ETF,159812.SZ,14.29,0.292,1.076,Yes
759,Red phase INC.,300427.SZ,38.67,0.722,0.738,Yes
760,ChinaAMC CSI 500 Free Cash Flow ETF,560120.SS,14.54,0.297,0.573,Yes
761,"San Yang Ma (Chongqing) Logistics Co.,Ltd.",001317.SZ,32.85,0.626,0.353,No
762,"Sobute New Materials Co., Ltd",603916.SS,32.38,0.619,3.393,Yes
763,"China Master Logistics Co., Ltd.",603967.SS,16.17,0.329,0.084,No
764,Hwabao WP S&P China A-Shr Div Oppotn ETF,562060.SS,9.21,0.193,0.216,No
765,"Tatwah Smartech Co.,Ltd.",002512.SZ,36.06,0.682,0.857,Yes
766,"C.Q. Pharmaceutical Holding Co., Ltd.",000950.SZ,10.95,0.228,0.061,Yes
767,"Guangzhou Baiyun Electric Equipment Co., Ltd.",603861.SS,28.33,0.553,1.869,Yes
768,ChinaAMC China Secs 500 ETF,512500.SS,15.57,0.319,2.12,Yes
769,Wanjia CSI 800 FCF ETF,563580.SS,10.38,0.218,0.061,Yes
770,"Shenzhen Cheng Chung Design Co., Ltd.",002811.SZ,29.57,0.576,1.939,Yes
771,TianHong CSI Bank ETF,515290.SS,9.01,0.191,0.929,No
772,Huaan CSI Bank ETF,516210.SS,8.83,0.187,0.925,No
773,Changzhou Kaidi Electrical Inc.,605288.SS,49.7,0.905,3.601,Yes
774,China Southern CSI Banks ETF,512700.SS,8.86,0.189,0.929,No
775,China Merchants Fund Management Co- CM Expressway Reit,180203.SZ,5.58,0.121,0.042,No
776,Harvest CSI500ETF fund,159922.SZ,15.31,0.318,2.116,Yes
777,Fullgoal CSI 800 Bank ETF,159887.SZ,9.25,0.197,0.978,No
778,"Jiangxi Sanxin Medtec Co.,Ltd.",300453.SZ,8.11,0.174,0.381,No
779,"Fujian Jinsen Forestry Co.,Ltd",002679.SZ,32.66,0.635,1.215,Yes
780,"Zhongzhu Healthcare Holding Co.,Ltd",600568.SS,20.47,0.417,0.201,No
781,"Zhejiang Semir Garment Co., Ltd.",002563.SZ,17.36,0.358,0.817,No
782,"QuantumCTek Co., Ltd.",688027.SS,47.6,0.883,3.737,Yes
783,Guotai CSI 2000 ETF,561370.SS,14.31,0.3,2.019,Yes
784,Hwabao WP CSI Bank ETF,512800.SS,8.87,0.191,0.93,No
785,"Fujian Sanmu Group Co., Ltd.",000632.SZ,37.56,0.723,1.366,No
786,GF CSI Satellite Industry ETF,512630.SS,32.77,0.642,3.07,Yes
787,Jinsanjiang (Zhaoqing) Silicon Material Company Limited,301059.SZ,17.19,0.358,1.108,Yes
788,"Renxin New Material Co., Ltd.",301395.SZ,27.23,0.545,2.06,Yes
789,E Fund CSI Central SASAC SOEs 50 ETF,563060.SS,4.89,0.107,0.576,Yes
790,"Fujian Supertch Advanced Material CO.,Ltd.",688398.SS,35.59,0.694,3.934,Yes
791,Huaan CSI 500 Indus Mid Volat ETF,512260.SS,8.57,0.186,1.126,Yes
792,Sichuan Lutianhua Company Limited By Shares,000912.SZ,24.59,0.5,0.008,Yes
793,"Zhejiang EV-Tech Co.,Ltd.",301607.SZ,31.28,0.621,3.844,Yes
794,China Universal CSI Bank ETF,512820.SS,8.87,0.192,0.932,No
795,"Shanghai Hollywave Electronic System Co., Ltd.",688682.SS,31.94,0.633,2.577,Yes
796,BOC Intl CSI 500 ETF,515190.SS,15.3,0.323,2.155,Yes
797,Harvest Fund Management - Harvest Ruixi 3 Year Closed Mixed Fund,501091.SS,10.95,0.236,1.274,Yes
798,"Beijing Navigation Control Technology Co.,Ltd.",688282.SS,24.29,0.496,2.668,Yes
799,"PharmaBlock Sciences (Nanjing), Inc.",300725.SZ,16.77,0.353,1.724,Yes
800,China Southern MSCI ChinaA Inclusion ETF,512160.SS,7.21,0.158,1.069,Yes
801,"Sichuan Discovery Dream Science & Technology Co.,Ltd",301213.SZ,14.21,0.303,1.553,Yes
802,"Suzhou Kelida Building& Decoration Co.,Ltd.",603828.SS,39.62,0.768,0.236,Yes
803,"Shenzhen Centralcon Investment Holding Co., Ltd.",000042.SZ,14.84,0.316,0.363,Yes
804,Sinopec Shanghai Petrochemical Company Limited,600688.SS,13.39,0.287,1.407,Yes
805,"Zhiyang Innovation Technology Co., Ltd.",688191.SS,38.02,0.741,2.991,Yes
806,"Shanghai Challenge Textile Co.,Ltd.",002486.SZ,21.73,0.45,0.925,Yes
807,E Fund Itau Brazil Ibovespa ETF (QDII),520870.SS,18.2,0.383,1.123,Yes
808,"Anhui Honglu Steel Construction (Group) Co., Ltd.",002541.SZ,25.05,0.513,0.561,Yes
809,"Wuhan Hvsen Biotechnology Co.,Ltd.",300871.SZ,28.68,0.58,2.721,Yes
810,Penghua CSI Bank ETF,512730.SS,8.48,0.186,0.902,No
811,"Shijiazhuang Tonhe Electronics Technologies Co.,Ltd.",300491.SZ,42.33,0.818,4.237,Yes
812,"Ningbo Tianyi Medical Appliance Co., Ltd.",301097.SZ,22.94,0.477,2.232,Yes
813,China Universal CSI 500 Enhnc Strtgy ETF,560950.SS,11.12,0.243,1.67,Yes
814,China Southern CSI 500 Index ETF,510500.SS,14.84,0.319,2.127,Yes
815,Guolian CSI500 ETF,515550.SS,13.77,0.297,1.987,Yes
816,Bosera CSI 1000 Enhanced ETF,561780.SS,13.71,0.296,1.99,Yes
817,Guotai CSI500 ETF,561350.SS,14.54,0.313,2.091,Yes
818,"Nanchang Sanrui Intelligence Technology Co., Ltd.",301696.SZ,39.39,0.773,0.732,Yes
819,"Fujian Expressway Development Co.,Ltd",600033.SS,12.6,0.274,1.099,No
820,"Wuxi Paike New Materials Technology Co.,Ltd.",605123.SS,31.82,0.643,2.769,Yes
821,China Southern CSI All Share FCF ETF,159232.SZ,9.35,0.207,0.132,Yes
822,"Huaqin Co., Ltd.",603296.SS,19.13,0.407,1.245,Yes
823,"Sunshine Guojian Pharmaceutical (Shanghai) Co., Ltd",688336.SS,28.41,0.583,0.265,Yes
824,Yinhua SOE Struct Reform ETF,159959.SZ,6.52,0.147,1.021,Yes
825,"Gem-Year Industrial Co.,Ltd.",601002.SS,16.22,0.35,0.119,No
826,"Xinjiang Talimu Agriculture Development Co., Ltd.",600359.SS,19.19,0.409,0.966,Yes
827,"Nantong Guosheng Intelligence Technology Group Co., Ltd.",688558.SS,22.74,0.479,2.969,Yes
828,"Hangzhou Flariant Co.,Ltd",605566.SS,28.64,0.591,3.046,Yes
829,Fullgoal CSI Modern Logistics ETF,516910.SS,6.72,0.152,0.063,No
830,Huatai-PB Hang Seng Biotech ETF,513930.SS,14.48,0.316,0.138,No
831,"Hybio Pharmaceutical Co., Ltd.",300199.SZ,11.67,0.258,0.721,Yes
832,"Grand Kangxi Communication Technologies (Shanghai) Co., Ltd.",688653.SS,34.18,0.696,4.391,Yes
833,"OPT Machine Vision Tech Co., Ltd.",688686.SS,43.69,0.862,4.069,Yes
834,JPM CSI A500 Enhanced Strategy ETF,563550.SS,8.72,0.197,1.321,Yes
835,ICBCCS CSI 1000 Enhanced Strategy ETF,561280.SS,14.07,0.311,2.145,Yes
836,CMF CSI 300 ETF,561930.SS,6.3,0.144,0.915,Yes
837,"Jiangsu Shentong Valve Co., Ltd.",002438.SZ,15.86,0.348,1.776,Yes
838,"Shenzhen Maxonic Automation Control Co., Ltd.",300112.SZ,24.25,0.516,1.304,Yes
839,"Beijing ZEHO Waterfront Ecological Environment Treatment Co., Ltd.",605069.SS,42.68,0.851,3.862,Yes
840,"Shanxi Coking Coal Energy Group Co., Ltd.",000983.SZ,15.79,0.349,0.722,Yes
841,"E Fund Management Co., Ltd - E Fund CNI Free Cash Flow Index ETF",159222.SZ,11.13,0.251,0.085,Yes
842,"Shanxi Lu'an Chemical Technology Co., Ltd.",600691.SS,24.79,0.53,0.601,Yes
843,"Jiangsu Zhongchao Holding Co., Ltd.",002471.SZ,56.18,1.079,1.655,Yes
844,"Hubei Goto Biopharm Group Co., Ltd.",300966.SZ,16.93,0.374,1.966,Yes
845,"Central China Land Media CO.,LTD",000719.SZ,12.78,0.287,0.686,No
846,DaCheng CSI All Share FCF ETF,159235.SZ,8.69,0.199,0.172,Yes
847,ChinaAMC MSCI China A ETF Fund,512990.SS,6.78,0.157,1.048,Yes
848,"Jiangsu Jinji Industrial Co., Ltd.",300798.SZ,27.35,0.581,1.179,Yes
849,Wanjia CSI 300 ETF,159393.SZ,6.4,0.148,0.943,Yes
850,Rianlon Corporation,300596.SZ,20.63,0.45,2.76,Yes
851,"Square Technology Group Co.,Ltd",603339.SS,14.38,0.322,1.828,Yes
852,"TBEA Co., Ltd.",600089.SS,17.67,0.39,1.161,Yes
853,"Lingda Group Co., Ltd.",300125.SZ,22.37,0.485,1.737,Yes
854,"Jiangnan Mould & Plastic Technology Co., Ltd.",000700.SZ,30.16,0.635,2.566,Yes
855,"Himile Mechanical Science and Technology (Shandong) Co., Ltd",002595.SZ,22.59,0.49,0.718,Yes
856,"Sichuan Hexie Shuangma Co., Ltd.",000935.SZ,18.0,0.398,1.821,Yes
857,"Jiangxi Everbright Measurement And Control Technology Co.,Ltd.",300906.SZ,19.73,0.434,1.283,Yes
858,Rongtong CSI A500 ETF,159379.SZ,10.18,0.233,1.395,Yes
859,"Ningbo Jintian Copper (Group) Co., Ltd.",601609.SS,25.78,0.554,1.996,Yes
860,"Tongyi Carbon Neutral Technology (Xinjiang) Co., Ltd",600506.SS,20.21,0.444,0.774,Yes
861,"Ningbo Cixing Co.,Ltd.",300307.SZ,11.74,0.267,1.336,Yes
862,AVIT Ltd.,300264.SZ,40.98,0.84,1.54,Yes
863,"Guangdong Cellwise Microelectronics Co., Ltd.",688325.SS,23.28,0.509,1.798,Yes
864,"Jianglong Shipbuilding Co., Ltd.",300589.SZ,36.88,0.768,0.358,Yes
865,Invesco Great Wall CSI 500 Exchange Traded Fund,159935.SZ,13.66,0.311,2.069,Yes
866,Wanjia CNI 2000 ETF,159628.SZ,13.49,0.308,2.136,Yes
867,Sinopec Oilfield Service Corporation,600871.SS,32.82,0.697,1.335,Yes
868,"ShaoYang Victor Hydraulics Co.,Ltd",301079.SZ,27.12,0.589,2.216,Yes
869,"Dahu Health Industry Co., Ltd.",600257.SS,19.57,0.439,0.153,Yes
870,"Jiangxi Hongcheng Environment Co.,Ltd.",600461.SS,8.75,0.205,0.231,No
871,"Guangzhou Sie Consulting Co., Ltd.",300687.SZ,33.42,0.714,4.166,Yes
872,E Fund MSCI China A ETF,512090.SS,6.63,0.158,1.062,Yes
873,"Minmetals Development Co., Ltd.",600058.SS,24.95,0.552,2.655,Yes
874,"Shanghai Shuixing Home Textile Co., Ltd.",603365.SS,20.78,0.468,0.469,No
875,"Jiangsu Kangliyuan Sports Tech. Co., Ltd.",301287.SZ,18.12,0.413,1.477,Yes
876,ICBCCS CSI A500 ETF,159362.SZ,8.07,0.192,1.282,Yes
877,"Jiangxi Ganneng Co., Ltd.",000899.SZ,27.37,0.604,0.023,No
878,HFT CSI A500 ETF,563860.SS,7.93,0.189,1.255,Yes
879,"Xinjiang Zhongtai Chemical Co., Ltd.",002092.SZ,29.55,0.648,1.19,Yes
880,"Henan Senyuan Electric Co., Ltd.",002358.SZ,23.97,0.538,1.626,Yes
881,"Suzhou Electrical Apparatus Science Academy Co., Ltd.",300215.SZ,27.61,0.612,1.959,Yes
882,CIB CSI 500 ETF,510570.SS,13.19,0.31,2.065,Yes
883,ChinaAMC Bradesco Brazil IBOV ETF (QDII),159100.SZ,22.04,0.501,1.27,Yes
884,"Nanjing Wondux Environmental Protection Technology Corp., Ltd.",688178.SS,22.39,0.509,2.166,Yes
885,"SHENZHEN TOPRAYSOLAR Co.,Ltd.",002218.SZ,25.05,0.564,0.01,Yes
886,"Caitong Securities Co.,Ltd.",601108.SS,10.97,0.261,1.424,Yes
887,CMF CSI Satellite Industry ETF,159218.SZ,27.61,0.616,2.963,Yes
888,Shanxi Blue Flame Holding Company Limited,000968.SZ,22.14,0.505,1.055,No
889,"ZETTA Group Co., Ltd.",002256.SZ,15.4,0.361,0.683,Yes
890,CICC MSCI China A Quality ETF,515910.SS,6.3,0.154,0.816,Yes
891,"Anjoy Foods Group Co., Ltd.",603345.SS,18.04,0.42,0.041,Yes
892,"Zhejiang Hengda New Material Co.,Ltd.",301469.SZ,18.12,0.421,2.322,Yes
893,Shandong Hongqiao Aluminum Industry Holding Company Limited,002379.SZ,33.03,0.726,0.92,No
894,BOCOM Schroders SZSE 300 Value ETF Securities Investment Fund,159913.SZ,4.78,0.118,0.555,Yes
895,"Zhejiang Tony Electronic Co., Ltd",603595.SS,37.0,0.804,2.984,Yes
896,TianHong CSI A500 Enhanced Strategy ETF,159240.SZ,7.63,0.186,1.238,Yes
897,BOC CSI All Share FCF ETF,563760.SS,8.58,0.209,0.108,Yes
898,Fullgoal CSI 2000 ETF,563200.SS,12.88,0.308,2.112,Yes
899,"Jiangsu Jiuding New Material Co., Ltd.",002201.SZ,31.03,0.693,3.879,Yes
900,"Anhui Truchum Advanced Materials and Technology Co., Ltd.",002171.SZ,28.31,0.641,2.997,Yes
901,"Ceepower Co., Ltd.",300062.SZ,22.71,0.526,0.928,No
902,"Shenzhen CECport Technologies Co., Ltd.",001287.SZ,24.86,0.571,2.883,Yes
903,First Seafront CSI 500 Equal Weight ETF,515590.SS,9.64,0.236,1.563,Yes
904,Huatai-PineBridge CSI All-Share Free Cash Flow ETF,563390.SS,8.32,0.205,0.119,Yes
905,Wanjia CSI A500 ETF,159356.SZ,7.73,0.191,1.265,Yes
906,"GoodWe Technologies Co., Ltd.",688390.SS,35.46,0.786,2.776,Yes
907,ICBCCS CSI All Share FCF ETF,159236.SZ,8.56,0.211,0.068,Yes
908,"Angel Yeast Co., Ltd",600298.SS,9.89,0.243,0.641,No
909,Hualan Biological Vaccine Inc.,301207.SZ,20.16,0.475,0.385,Yes
910,CMF MSCI ChinaA Inte Com ETF,515160.SS,6.2,0.155,1.024,Yes
911,ShenZhen Properties & Resources Development (Group) Ltd.,000011.SZ,21.23,0.498,0.128,No
912,"Dazzle Fashion Co., Ltd",603587.SS,9.75,0.24,0.392,Yes
913,"Bafang Electric (Suzhou) Co.,Ltd.",603489.SS,17.07,0.408,0.428,Yes
914,Invesco Great Wall Fund Management Co. Ltd. - Hong Kong Connect High Dividend Etf,520990.SS,8.79,0.218,0.022,Yes
915,"Xiamen Port Development Co., Ltd.",000905.SZ,20.34,0.481,0.166,Yes
916,"Norsyn Crop Technology Co., Ltd.",001231.SZ,15.75,0.379,1.351,Yes
917,"Hunan Development Group Co., Ltd.",000722.SZ,13.95,0.339,0.732,No
918,Harvest CNI FCF ETF,159221.SZ,10.38,0.256,0.01,Yes
919,CNOOC Energy Technology & Services Limited,600968.SS,13.37,0.325,0.09,No
920,"Shandong Hualu-Hengsheng Chemical Co., Ltd.",600426.SS,20.46,0.484,0.229,Yes
921,Fullgoal Msci China A50 Cn Enh Strgy ETF,563280.SS,4.52,0.115,0.513,Yes
922,Agricultural Bank of China Limited,601288.SS,12.93,0.316,0.767,No
923,Tibet Eastmoney A500 ETF,159380.SZ,7.63,0.191,1.265,Yes
924,Fullgoal CSI Satellite Industry ETF,563230.SS,26.57,0.616,2.96,Yes
925,"Wuxi Autowell Technology Co.,Ltd.",688516.SS,66.31,1.35,6.123,Yes
926,China Universal CSI SHS Cloud Comput ETF,159273.SZ,8.96,0.224,1.255,Yes
927,TianHong CSI A500 ETF,159360.SZ,7.49,0.189,1.262,Yes
928,"Yunnan Coal & Energy Co.,Ltd.",600792.SS,19.68,0.471,0.783,Yes
929,Giantec Semiconductor Corporation,688123.SS,53.71,1.141,5.682,Yes
930,"Beijing WBD New Materials Group Co., Ltd.",300055.SZ,26.59,0.621,0.004,No
931,"Rongan Property Co.,Ltd.",000517.SZ,16.09,0.392,0.091,No
932,"Zhejiang Yongtai Technology Co.,Ltd.",002326.SZ,21.7,0.517,1.497,Yes
933,China National Accord Medicines Corporation Ltd.,200028.SZ,3.04,0.078,0.08,Yes
934,"Jiangsu Ankura Intelligent Electric Co., Ltd.",300617.SZ,29.52,0.685,2.022,Yes
935,DaCheng CSI A500 ETF,159358.SZ,7.51,0.19,1.277,Yes
936,"Liaoning Oxiranchem,Inc.",300082.SZ,18.01,0.438,0.947,Yes
937,HFT CSI 2000 Enhanced Strategy ETF,159553.SZ,12.23,0.304,2.037,Yes
938,"Guangzhou Jinzhong Auto Parts Manufacturing Co., Ltd.",301133.SZ,29.9,0.694,3.757,Yes
939,"Beijing YJK Building Software Co.,Ltd.",300935.SZ,23.8,0.567,3.434,Yes
940,SWS CSI A500 ETF,560750.SS,7.61,0.194,1.277,Yes
941,Hangzhou Chuhuan Science & Technology Company Limited,001336.SZ,14.38,0.357,1.39,Yes
942,"Xiamen International Airport Co.,Ltd",600897.SS,10.48,0.265,0.601,Yes
943,Yinhua CNI Free Cash Flow ETF,159225.SZ,9.62,0.245,0.06,Yes
944,"Tianjin LVYIN Landscape and Ecology Construction Co., Ltd",002887.SZ,16.05,0.397,1.189,Yes
945,Fullgoal CSI SOE Reform ETF,159528.SZ,6.24,0.161,1.081,Yes
946,"Xinjiang Tianye Co., Ltd.",600075.SS,21.21,0.515,0.248,No
947,"Koal Software Co., Ltd.",603232.SS,34.68,0.803,0.799,Yes
948,"Anhui Coreach Technology Co.,Ltd",002983.SZ,19.92,0.488,2.813,Yes
949,"Flying Technology Co., Ltd.",603488.SS,24.48,0.589,2.765,Yes
950,China Universal CSI 800 FCF ETF,563680.SS,8.17,0.211,0.087,Yes
951,"Sailun Group Co., Ltd.",601058.SS,14.88,0.373,0.312,Yes
952,Yinhua CSI Modern Logistics ETF,516530.SS,5.96,0.155,0.097,No
953,ChinaAMC CNI Free Cash Flow ETF,159201.SZ,9.63,0.248,0.078,Yes
954,Penghua CNI Green Electricity ETF,159067.SZ,7.03,0.183,,
955,"Primarius Technologies Co., Ltd.",688206.SS,26.77,0.643,3.382,Yes
956,"Guangdong Meiyanjixiang Hydropower Co.,Ltd.",600868.SS,22.43,0.55,0.524,Yes
957,"Shenzhen Success Electronics Co., Ltd",002289.SZ,29.86,0.714,3.006,Yes
958,"Shandong Bailong Chuangyuan Bio-Tech Co., Ltd.",605016.SS,11.59,0.298,1.343,Yes
959,"Baiyang Investment Group, Inc.",002696.SZ,16.84,0.423,1.297,Yes
960,ChinaAMC SOE Struct Reform ETF,512950.SS,5.87,0.154,1.067,Yes
961,Ping An CSI A500 ETF,159215.SZ,7.31,0.191,1.271,Yes
962,"Guobo Electronics Co., Ltd.",688375.SS,32.58,0.775,3.729,Yes
963,"Hisense Home Appliances Group Co., Ltd.",000921.SZ,8.48,0.222,0.57,Yes
964,"Tande Co., Ltd.",600665.SS,13.88,0.356,1.181,Yes
965,"Zhejiang Wanfeng Chemical Co.,Ltd.",603172.SS,24.63,0.605,2.418,Yes
966,"Dnake (Xiamen) Intelligent Technology Co., Ltd.",300884.SZ,16.79,0.425,1.186,Yes
967,"Jiangsu Chint Power Technology Co., Ltd.",002150.SZ,18.93,0.476,0.342,Yes
968,"Jiangyin Pivot Automotive Products Co., Ltd.",301181.SZ,37.9,0.887,2.932,Yes
969,"LUSTER LightTech Co., LTD.",688400.SS,34.79,0.823,4.472,Yes
970,CIB CSI All Share Free Cash Flow ETF,563620.SS,7.67,0.202,0.151,Yes
971,Ping An CSI 2000 Enhanced Strategy ETF,159556.SZ,11.02,0.286,1.959,Yes
972,"Ningbo Haitian Precision Machinery Co.,Ltd.",601882.SS,11.78,0.306,1.622,Yes
973,"Tianjin Ruixin Technology Co.,Ltd",300828.SZ,26.57,0.652,3.879,Yes
974,"Sichuan Furong Technology Co., Ltd.",603327.SS,14.48,0.373,1.086,Yes
975,"LAPLACE Renewable Energy Technology Co., Ltd.",688726.SS,45.99,1.055,4.86,Yes
976,"Zhejiang RIFA Precision Machinery Co., Ltd.",002520.SZ,17.61,0.45,2.347,Yes
977,"Hongmian Zhihui Science and Technology Innovation Co.,Ltd.Guangzhou",000523.SZ,14.25,0.37,0.62,Yes
978,Guolian CCTV 50 ETF,159965.SZ,3.41,0.093,0.508,Yes
979,Bosera SOE Struct Reform ETF,512960.SS,5.45,0.148,1.019,Yes
980,"Shanghai Juss Sports and Entertainment Group Co., Ltd.",600676.SS,16.89,0.438,1.587,Yes
981,Fullgoal CSI Technical 50 Strategy ETF,515750.SS,8.2,0.221,1.199,Yes
982,"NYOCOR Co., Ltd.",600821.SS,18.74,0.483,1.097,No
983,Harvest SZSE SME-CHINEXT 400 ETF,159918.SZ,12.9,0.341,2.317,Yes
984,"Huangshan Novel Co.,Ltd",002014.SZ,5.15,0.141,0.099,Yes
985,"Fujian Tendering Co., Ltd.",301136.SZ,22.21,0.567,0.352,Yes
986,Guotai CNI Grain Industry ETF,159033.SZ,16.01,0.421,0.161,No
987,Harfor CSI All Share FCF ETF,561870.SS,7.51,0.205,0.127,Yes
988,ChinaAMC CSI Smart Selected 500 Growth Innovation Index ETF,159620.SZ,10.98,0.296,1.868,Yes
989,Bosera CSI A500 ETF,159357.SZ,6.91,0.19,1.265,Yes
990,"Dong-E-E-Jiao Co., Ltd.",000423.SZ,11.22,0.303,1.272,No
991,"Hainan Drinda New Energy Technology Co., Ltd.",002865.SZ,48.15,1.138,5.032,Yes
992,"CECEP Wind-power Corporation Co.,Ltd.",601016.SS,18.03,0.477,1.09,No
993,Harvest SSE Conglomerates Enhanced Strategy ETF,562810.SS,4.96,0.139,0.971,Yes
994,CMF CSI All Share FCF ETF,563770.SS,7.39,0.205,0.152,Yes
995,E Fund CSI Yangtze River Protection ETF,517330.SS,6.29,0.175,1.187,Yes
996,"Baotailong New Materials Co., Ltd.",601011.SS,17.64,0.469,1.112,Yes
997,"Hanjia Digital Intelligence Science and Technology Group Co., Ltd.",300746.SZ,12.59,0.343,0.179,No
998,"Fujian Mindong Electric Power Group Co., Ltd.",000993.SZ,22.77,0.595,1.818,No
999,"Ningbo Homelink Eco-iTech Co., Ltd.",301193.SZ,21.26,0.56,3.028,Yes
1000,ICBCCS Credit Suisse CSI A50 ETF,561230.SS,3.9,0.111,0.523,Yes
1001,"Wuxi Zhenhua Auto Parts Co.,Ltd.",605319.SS,12.58,0.345,1.118,Yes
1002,"Jiangsu Newamstar Packaging Machinery Co.,Ltd",300509.SZ,22.34,0.591,1.953,Yes
1003,"Sichuan Shengda Forestry Industry Co., Ltd",002259.SZ,26.87,0.701,2.208,Yes
1004,"Teyi Pharmaceutical Group Co.,Ltd",002728.SZ,20.33,0.545,0.299,Yes
1005,Harvest FuShi China A50 ETF,512550.SS,3.74,0.108,0.428,Yes
1006,"Tofflon Science and Technology Group Co., Ltd.",300171.SZ,16.53,0.452,1.164,Yes
1007,"Fujian Newchoice Pipe Technology Co., Ltd.",300198.SZ,9.84,0.277,0.277,Yes
1008,Huaan CSI A500 Enhanced Strategy ETF,561090.SS,7.09,0.202,1.307,Yes
1009,DaCheng SZ Exch Compnt ETF,159943.SZ,8.97,0.254,1.628,Yes
1010,TK CSI A500 ETF,560510.SS,6.7,0.191,1.279,Yes
1011,Jiangsu Aoyang Health Industry Co.ltd.,002172.SZ,18.63,0.507,0.83,Yes
1012,GuoLian CSI A50 ETF,159390.SZ,3.54,0.103,0.493,Yes
1013,"Shan Dong Lu Bei Chemical Co.,Ltd",600727.SS,9.6,0.272,0.419,Yes
1014,"SYoung Group Co., Ltd.",300740.SZ,18.56,0.507,1.466,Yes
1015,"Hefei Jianghang Aircraft Equipment Co.,Ltd.",688586.SS,12.46,0.349,1.429,Yes
1016,GF CSI A100 ETF,512910.SS,5.31,0.153,0.947,Yes
1017,China Energy Engineering Corporation Limited,601868.SS,6.82,0.196,0.56,No
1018,"Shanghai Ziyan Foods Co., Ltd.",603057.SS,23.17,0.623,2.264,Yes
1019,CPIC CSI A500 Enhanced ETF,563630.SS,6.38,0.184,1.215,Yes
1020,"China Merchants Bank Co., Ltd.",600036.SS,6.9,0.199,0.955,No
1021,"RemeGen Co., Ltd.",688331.SS,22.53,0.61,0.177,No
1022,E Fund CSI 1000 ETF,159633.SZ,11.16,0.317,2.164,Yes
1023,China Jinmao Shopping Center Closed Infrastructure Securities Investment Fund,508017.SS,4.34,0.127,0.114,No
1024,Yantai Yatong Precision Mechanical Corporation,603190.SS,10.76,0.307,1.441,Yes
1025,Penghua CSI A500 ETF,512020.SS,6.45,0.187,1.25,Yes
1026,"Zhong Wang Fabric Co.,Ltd.",605003.SS,21.31,0.583,2.239,Yes
1027,"GCL System Integration Technology Co., Ltd.",002506.SZ,25.93,0.698,1.619,Yes
1028,"Chalkis Health Industry Co., Ltd",000972.SZ,10.04,0.289,0.173,No
1029,China Petroleum & Chemical Corporation,600028.SS,10.33,0.297,0.342,No
1030,"Jiangsu Riying Electronics Co.,Ltd.",603286.SS,23.73,0.646,2.396,Yes
1031,"Shijiazhuang Yiling Pharmaceutical Co., Ltd.",002603.SZ,8.93,0.258,0.386,No
1032,"Nanfang Pump Industry Co., Ltd.",300145.SZ,17.5,0.49,2.562,Yes
1033,"Longyan Kaolin Clay Co., Ltd.",605086.SS,24.38,0.666,0.758,Yes
1034,Penghua CSI All Share FCF ETF,512130.SS,6.71,0.197,0.157,Yes
1035,"Shandong Hongyu Precision Machinery Co., Ltd.",002890.SZ,12.25,0.354,1.863,Yes
1036,"Xinjiang International Industry Co.,Ltd",000159.SZ,12.1,0.35,1.151,Yes
1037,"Citic Pacific Special Steel Group Co., Ltd",000708.SZ,11.5,0.333,0.612,No
1038,ChinaAMC CSI Smart Selected 1000 Growth Innovation Index ETF,562520.SS,10.03,0.293,2.027,Yes
1039,"Hangzhou Guotai Environmental Protection Technology Co., Ltd.",301203.SZ,21.39,0.6,3.274,Yes
1040,"Zhejiang Yayi Metal Technology Co.,Ltd",301113.SZ,14.11,0.408,1.419,Yes
1041,CMF CSI A500 ETF,560610.SS,6.35,0.19,1.269,Yes
1042,Bosera SSE 50 ETF,510710.SS,3.82,0.116,0.697,Yes
1043,Shandong High Speed Renewable Energy Group Limited,000803.SZ,14.9,0.431,1.702,Yes
1044,"Guodian Nanjing Automation Co., Ltd.",600268.SS,13.81,0.401,0.3,Yes
1045,"Chengdu Spaceon Electronics Co., Ltd.",002935.SZ,20.98,0.592,3.253,Yes
1046,"Zhejiang Founder Motor Co., Ltd.",002196.SZ,14.5,0.42,1.669,Yes
1047,Suzhou Oriental Semiconductor Company Limited,688261.SS,28.31,0.778,4.264,Yes
1048,"Foshan Golden Milky Way Intelligent Equipment Co., Ltd.",300619.SZ,21.62,0.61,2.555,Yes
1049,GF CSI 2000 ETF,560220.SS,10.46,0.309,2.127,Yes
1050,"Wuhan Guide Infrared Co., Ltd.",002414.SZ,15.66,0.452,2.505,Yes
1051,"Guangzhou Goaland Energy Conservation Tech. Co., Ltd.",300499.SZ,25.55,0.71,3.076,Yes
1052,"ZJAMP Group Co., Ltd.",002758.SZ,8.68,0.26,0.606,Yes
1053,"Fengzhushou Co., Ltd.",301382.SZ,20.47,0.586,3.452,Yes
1054,Hangzhou SDIC Microelectronics Inc.,688130.SS,24.88,0.701,4.341,Yes
1055,"Joeone Co.,Ltd",601566.SS,21.76,0.622,0.604,No
1056,"Jointown Pharmaceutical Group Co., Ltd",600998.SS,5.86,0.179,0.323,No
1057,China Universal CNI FCF ETF,159276.SZ,8.17,0.248,0.094,Yes
1058,"Invesco Great Wall Fund Management Co., Ltd. - CSI A500 Index ETF",159353.SZ,6.08,0.187,1.245,Yes
1059,China Universal ChiNext ETF,159247.SZ,14.1,0.42,1.871,Yes
1060,"China Security Co., Ltd.",600654.SS,15.93,0.471,1.03,Yes
1061,"Bxn Holding Co., Ltd.",002154.SZ,9.52,0.289,0.473,Yes
1062,"Beijing Join-Cheer Software Co., Ltd.",002279.SZ,19.79,0.577,0.153,No
1063,"Zhejiang Huilong New Materials Co.,Ltd.",301057.SZ,21.34,0.619,2.553,Yes
1064,"Streamax Technology Co., Ltd.",002970.SZ,20.59,0.601,2.634,Yes
1065,"J.Pond Precision Technology Co., Ltd.",301326.SZ,35.62,0.984,6.326,Yes
1066,"Beijing Sanfo Outdoor Products Co., Ltd",002780.SZ,11.14,0.34,0.776,Yes
1067,Ningbo Fuda Company Limited,600724.SS,14.72,0.443,1.74,Yes
1068,Bosera CNI Grain Industry ETF,159031.SZ,13.47,0.408,0.179,No
1069,China First Heavy Industries,601106.SS,19.33,0.573,2.386,Yes
1070,Lucky Film Company Limited,600135.SS,16.89,0.506,0.391,Yes
1071,Zhejiang Meorient Commerce Exhibition Inc.,300795.SZ,38.57,1.068,4.063,No
1072,China Southern SZSE Component Index ETF,159903.SZ,8.14,0.255,1.638,Yes
1073,"China Merchants Expressway Network & Technology Holdings Co.,Ltd.",001965.SZ,7.45,0.234,1.02,No
1074,ChinaAMC China SME 100 ETF,159902.SZ,7.73,0.243,1.564,Yes
1075,"Shenzhen Liantronics Co.,Ltd",300269.SZ,16.14,0.49,1.86,Yes
1076,"Nanjing Toua Hardware and Tools Co., Ltd.",301125.SZ,16.12,0.49,3.252,Yes
1077,"Zhejiang Reclaim Construction Group Co., Ltd.",002586.SZ,13.33,0.41,1.743,Yes
1078,Tibet Eastmoney SSE 50 ETF,530050.SS,3.51,0.113,0.671,Yes
1079,"Anker Innovations Technology Co., Ltd.",300866.SZ,12.22,0.379,0.887,No
1080,Fullgoal CSI 1000 Index ETF,159629.SZ,9.97,0.313,2.141,Yes
1081,"Jiangsu Huachang Chemical Co., Ltd",002274.SZ,13.95,0.433,0.324,Yes
1082,Maxwealth CNI Free Cash Flow ETF,159223.SZ,7.82,0.25,0.067,Yes
1083,Huatai-PB CSI 1000 ETF,516300.SS,9.59,0.305,2.092,Yes
1084,China Universal CSI 1000 ETF,560110.SS,9.89,0.315,2.142,Yes
1085,Sumec Corporation Limited,600710.SS,10.34,0.329,0.234,No
1086,"Zhongce Rubber Group Co., Ltd.",603049.SS,6.42,0.208,0.208,Yes
1087,CIB CSI A500 ETF,563650.SS,5.95,0.193,1.275,Yes
1088,Guotai CSI 1000 Enhanced Strategy ETF,159679.SZ,8.85,0.285,1.916,Yes
1089,"Shenzhen Jufei Optoelectronics Co., Ltd.",300303.SZ,19.62,0.605,2.215,Yes
1090,"Jiangsu Gian Technology Co., Ltd.",300709.SZ,26.86,0.806,3.387,Yes
1091,"Guangdong New Grand Long Packing Co., Ltd.",002836.SZ,15.14,0.476,1.205,Yes
1092,"Yantai Eddie Precision Machinery Co., Ltd.",603638.SS,13.59,0.43,2.425,Yes
1093,China Southern CNRfm HKC C-SOE HiDiv ETF,520660.SS,6.5,0.212,0.0,Yes
1094,"Profit Cultural and Creative Group Co., Ltd.",300640.SZ,9.48,0.306,0.048,Yes
1095,"Tonze New Energy Technology Co.,Ltd.",002759.SZ,34.59,1.018,2.713,Yes
1096,"Beijing Sun-Novo Pharmaceutical Research Co., Ltd.",688621.SS,10.25,0.332,0.135,No
1097,"Beijing Deep Glint Technology Co., Ltd.",688207.SS,15.87,0.503,2.295,Yes
1098,"FuJian Nox Bellcow Holdings Co., Ltd.",300132.SZ,16.1,0.51,0.643,Yes
1099,"China Southern Power Grid Energy Storage Co., Ltd.",600995.SS,9.39,0.306,0.309,Yes
1100,China Universal CSI 800 ETF,515800.SS,5.61,0.186,1.256,Yes
1101,"GuangDong Taili Technology Group Co.,Ltd.",301595.SZ,16.79,0.533,0.996,Yes
1102,"Zhuhai Raysharp Technology Co.,Ltd.",301042.SZ,27.51,0.838,3.466,Yes
1103,"Ningbo Jianan Electronics Co.,Ltd",300880.SZ,9.23,0.303,0.866,Yes
1104,"Zhuhai Comleader Information Science & Technology Co., Ltd.",688175.SS,18.6,0.588,3.195,Yes
1105,China Southern CSI 1000 Index ETF,512100.SS,9.81,0.322,2.186,Yes
1106,"Road Biology Environmental Protection Technology Co., Ltd.",688156.SS,18.6,0.59,2.363,Yes
1107,Fullgoal CSI A500 ETF,563220.SS,5.67,0.191,1.263,Yes
1108,"Jiangsu Lianfa Textile Co.,Ltd",002394.SZ,16.81,0.54,1.561,Yes
1109,Huaan CSI All Share FCF ETF,561080.SS,6.13,0.207,0.169,Yes
1110,"Zhejiang Sanmei Chemical Industry Co.,Ltd.",603379.SS,17.28,0.557,2.424,Yes
1111,"Danhua Chemical Technology Co.,Ltd",900921.SS,10.82,0.359,1.138,No
1112,"Foshan Blue Rocket Electronics Co.,Ltd.",301348.SZ,25.25,0.791,4.46,Yes
1113,"Jiangxi Jovo Energy Co., Ltd",605090.SS,16.77,0.544,2.936,Yes
1114,Yinhua CSI A500 ETF,159339.SZ,5.65,0.193,1.278,Yes
1115,Harvest CSI A500 ETF,159351.SZ,5.55,0.189,1.26,Yes
1116,Galaxy CSI A500 ETF,563660.SS,5.55,0.19,1.26,Yes
1117,Inner Mongolia Berun Chemical Company Limited,000683.SZ,12.44,0.413,0.903,Yes
1118,"Lanzhou Zhuangyuan Pasture Co., Ltd.",002910.SZ,12.58,0.419,2.201,Yes
1119,"Huapont Life Sciences Co.,Ltd.",002004.SZ,8.67,0.294,0.106,Yes
1120,"Beijing Aerospace Shenzhou Intelligent Equipment Technology Co., Ltd.",300455.SZ,15.2,0.502,1.509,Yes
1121,"Shanxi Coking Co., Ltd.",600740.SS,13.3,0.443,0.939,Yes
1122,"Jinfa Labi Maternity & Baby Articles Co., Ltd",002762.SZ,10.2,0.345,0.473,Yes
1123,"HiVi Acoustics Technology Co., Ltd",002888.SZ,17.13,0.564,2.666,Yes
1124,GF China Securities 1000ETF,560010.SS,9.23,0.315,2.146,Yes
1125,"Elec-Tech International Co., Ltd.",002005.SZ,12.58,0.423,1.294,Yes
1126,"Suzhou Zelgen Biopharmaceuticals Co., Ltd.",688266.SS,11.12,0.376,1.386,No
1127,Penghua CSI 1000 Enhanced Strategy ETF,560590.SS,9.54,0.326,2.254,Yes
1128,GF CSI A500 ETF,563800.SS,5.4,0.188,1.244,Yes
1129,ChinaAMC CSI A500 ETF,512050.SS,5.44,0.189,1.255,Yes
1130,"Kunshan GuoLi Electronic Technology Co., Ltd.",688103.SS,14.91,0.499,2.924,Yes
1131,"Shanghai Sunglow Packaging Technology Co.,Ltd",603499.SS,13.02,0.439,1.212,Yes
1132,"Changhong Huayi Compressor Co., Ltd.",000404.SZ,6.66,0.231,0.66,Yes
1133,ICBCCS SSE 50 ETF,510850.SS,3.31,0.117,0.705,Yes
1134,Harvest CSI A50 ETF,562890.SS,3.15,0.112,0.503,Yes
1135,E Fund CSI Rare Earth Industry ETF,159715.SZ,12.53,0.426,2.862,Yes
1136,Hootech Inc.,301026.SZ,15.49,0.521,3.076,Yes
1137,China Universal CSI A500 ETF,563880.SS,5.41,0.19,1.263,Yes
1138,"Minmetals New Energy Materials(Hunan)Co.,Ltd.",688779.SS,14.32,0.485,1.732,Yes
1139,"GuiZhouYongJi Printing Co.,Ltd",603058.SS,12.12,0.415,1.084,Yes
1140,"Xiamen Hexing Packaging Printing Co., Ltd.",002228.SZ,10.73,0.37,0.318,Yes
1141,China Universal CSI 2000 ETF,159536.SZ,8.75,0.304,2.036,Yes
1142,"Hainan Haide Capital Management Co., Ltd.",000567.SZ,13.22,0.451,1.331,Yes
1143,China Southern CSI A500 ETF,159352.SZ,5.39,0.191,1.261,Yes
1144,ChinaAMC CSI 1000 ETF,159845.SZ,9.04,0.315,2.146,Yes
1145,Penghua CSI 800 ETF,159800.SZ,4.93,0.175,1.176,Yes
1146,"Guangzhou Jet Bio-Filtration Co., Ltd.",688026.SS,19.31,0.645,2.8,Yes
1147,CMF CSI Cloud&Big Data Theme ETF,159890.SZ,7.05,0.248,1.57,Yes
1148,"Huaming Power Equipment Co.,Ltd",002270.SZ,15.78,0.535,1.038,Yes
1149,"Tieliu Co,.Ltd",603926.SS,23.83,0.784,4.08,Yes
1150,Huatai-PB MSCI China A GJT ETF,512520.SS,4.0,0.143,0.956,Yes
1151,"Nanning Baling Technology Co., Ltd.",002592.SZ,13.54,0.467,0.878,Yes
1152,"Eastern Communications Co.,Ltd.",600776.SS,11.42,0.397,2.01,Yes
1153,E Fund CSI A500 Enh Stgy ETF,563600.SS,4.69,0.168,1.147,Yes
1154,SSE Composite Index,000001.SS,3.81,0.138,1.0,Yes
1155,"Maoye Commercial Co., Ltd.",600828.SS,20.06,0.677,0.16,No
1156,"Sichuan Joyou Digital Technologies Co.,Ltd.",301172.SZ,18.14,0.618,3.196,Yes
1157,E Fund CSI A500 ETF,159361.SZ,5.25,0.189,1.253,Yes
1158,Huaan CSI A500 ETF,159359.SZ,5.24,0.189,1.255,Yes
1159,"Sichuan Tianwei Electronic Co.,Ltd.",688511.SS,16.93,0.582,1.2,Yes
1160,Guotai CSI A500 ETF,159338.SZ,5.22,0.189,1.256,Yes
1161,"Nanjing Sciyon Wisdom Technology Group Co., Ltd.",002380.SZ,11.13,0.393,1.835,Yes
1162,JPM CSI A500 ETF,560530.SS,5.2,0.189,1.251,Yes
1163,"Rumere Co.,Ltd.",301088.SZ,10.44,0.371,1.105,Yes
1164,"Shenzhen Refond Optoelectronics Co.,Ltd.",300241.SZ,11.53,0.408,1.694,Yes
1165,"Zhongxing Shenyang Commercial Building Group Co.,Ltd",000715.SZ,9.71,0.347,0.842,Yes
1166,Penghua Fund Management Co. Ltd.- Penghua Sciene Technology Inv 3 Year Fund,501076.SS,16.91,0.589,3.396,Yes
1167,"SINOPEC Shandong Taishan Pectroleum Co., Ltd.",000554.SZ,13.37,0.473,0.705,Yes
1168,Maxwealth CSI A500 ETF,159386.SZ,5.14,0.189,1.262,Yes
1169,"Shandong Donghong Pipe Industry Co., Ltd.",603856.SS,9.85,0.355,1.593,Yes
1170,"Boen Group Co., Ltd.",001366.SZ,11.28,0.406,0.94,Yes
1171,ChinaAMC SSE Financials Sector ETF,510650.SS,4.29,0.159,0.411,No
1172,Huaneng Lancang River Hydropower Inc.,600025.SS,6.01,0.222,1.101,No
1173,CMF CSI 800 Free Cash Flow ETF,159119.SZ,6.15,0.228,0.045,Yes
1174,ChinaAMC CSI cloud computing and big data theme ETF,516630.SS,6.71,0.249,1.567,Yes
1175,Truking Technology Limited,300358.SZ,12.91,0.466,1.751,Yes
1176,"Zhejiang Yinlun Machinery Co.,Ltd.",002126.SZ,14.62,0.524,2.257,Yes
1177,Orient Secs Ruifeng Dyn Asset Alloc(LOF),169101.SZ,12.51,0.453,2.506,Yes
1178,Jiangsu SOPO Chemical Co. Ltd.,600746.SS,13.79,0.499,1.147,No
1179,Jiangsu Expressway Company Limited,600377.SS,5.77,0.216,0.302,No
1180,"Huatai-Pinebridge Fund Management Co., Ltd - A500 Fund",563360.SS,5.07,0.191,1.264,Yes
1181,Ping An CNI 2000 ETF,159521.SZ,7.85,0.293,2.055,Yes
1182,"Chongqing Fuling Electric Power Industrial Co., Ltd.",600452.SS,16.19,0.585,1.03,Yes
1183,Huatai-Pinebridge Fund Management Co Ltd - CSI A shares Index Exchange Traded Fund,563330.SS,5.27,0.2,1.414,Yes
1184,Dook Media Group Limited,301025.SZ,15.05,0.547,0.719,Yes
1185,Fullgoal CSI A50 ETF,159591.SZ,2.9,0.111,0.509,Yes
1186,"Guangdong Electric Power Development Co., Ltd.",200539.SZ,4.67,0.179,0.172,Yes
1187,CICC CSI A500 ETF,512080.SS,4.82,0.184,1.213,Yes
1188,Fullgoal CSI Rare Earth Industry ETF,159713.SZ,11.42,0.425,2.846,Yes
1189,"Anhui Construction Engineering Group Co., Ltd.",600502.SS,7.53,0.286,1.38,No
1190,China Southern CSI Yangtze Rivr Prtc ETF,517160.SS,4.74,0.182,1.212,Yes
1191,"GuoChuang Software Co.,Ltd.",300520.SZ,24.9,0.883,2.737,Yes
1192,"Suntak Technology Co.,Ltd.",002815.SZ,16.12,0.594,3.003,Yes
1193,"Zhejiang Golden Eagle Co.,Ltd.",600232.SS,9.08,0.344,1.468,Yes
1194,"Wuxi Huaguang Environment & Energy Group Co.,Ltd.",600475.SS,10.46,0.395,0.655,Yes
1195,"Bestway Marine & Energy Technology Co.,Ltd",300008.SZ,12.48,0.468,1.309,Yes
1196,"Sichuan Jinshi Technology Co.,Ltd",002951.SZ,12.49,0.469,0.906,Yes
1197,"Shanghai Karon Eco-Valve Manufacturing Co., Ltd.",301151.SZ,11.43,0.439,1.761,Yes
1198,NOVA Technology Corporation Limited,300921.SZ,13.19,0.506,3.135,Yes
1199,China Asset Management Co. - CNNC Clean Energy Closed Infrastructure Fund,508050.SS,1.32,0.054,0.015,No
1200,GF Fund Management Co Ltd -GF CSI A50 Index Etf,159136.SZ,2.83,0.115,0.471,Yes
1201,"Ningbo Color Master Batch Co., Ltd.",301019.SZ,10.34,0.409,1.013,Yes
1202,"Shanghai Yongmaotai Automotive Technology Co., Ltd.",605208.SS,11.62,0.458,2.662,Yes
1203,SPDB CSI A500 ETF,159376.SZ,4.73,0.192,1.284,Yes
1204,E Fund CSI Cloud Computing&Big Data ETF,516510.SS,6.11,0.248,1.555,Yes
1205,"Shengtak New Material Co., Ltd",300881.SZ,18.48,0.713,3.259,Yes
1206,CMF CSI All Share Dividend Quality ETF,159209.SZ,4.49,0.184,0.111,Yes
1207,"Qinghai Spring Medicinal Resources Technology Co., Ltd.",600381.SS,22.63,0.864,1.468,Yes
1208,"Maoming Petro-Chemical Shihua Co., Ltd",000637.SZ,9.56,0.386,1.038,Yes
1209,Bosera CNI Industrial Software ETF,159108.SZ,9.86,0.397,2.413,Yes
1210,"Shantui Construction Machinery Co., Ltd.",000680.SZ,9.0,0.364,0.577,Yes
1211,"C*Core Technology Co., Ltd.",688262.SS,17.62,0.691,4.464,Yes
1212,"Hunan Mendale Hometextile Co.,Ltd",002397.SZ,11.72,0.471,2.223,Yes
1213,Harvest CSI A100 ETF,159661.SZ,3.48,0.145,0.899,Yes
1214,"Xiamen King Long Motor Group Co., Ltd.",600686.SS,12.81,0.514,0.735,No
1215,"CoCreation Grass Co., Ltd",605099.SS,10.26,0.417,0.867,Yes
1216,"Ningbo Water Meter (Group) Co.,Ltd.",603700.SS,5.61,0.236,1.041,Yes
1217,"Guangdong Leadyo IC Testing Co., Ltd.",688135.SS,25.65,1.001,6.32,Yes
1218,"Hefei Department Store Group Co.,Ltd",000417.SZ,12.47,0.513,2.194,Yes
1219,"Jinko Power Technology Co., Ltd.",601778.SS,13.94,0.57,2.261,Yes
1220,"Datang Huayin Electric Power Co.,Ltd",600744.SS,11.62,0.483,0.427,Yes
1221,Shenzhen Worldunion Group Incorporated,002285.SZ,11.8,0.493,0.311,No
1222,Sichuan Langsha Holding Ltd.,600137.SS,7.76,0.33,0.416,Yes
1223,"Qu Mei Home Furnishings Group Co.,Ltd",603818.SS,8.14,0.346,0.712,Yes
1224,"Haitian Water Group Co.,Ltd.",603759.SS,14.0,0.581,0.609,Yes
1225,"Anhui Zhongfu Yuanchuang Technology Group Co., Ltd.",300692.SZ,6.0,0.259,1.294,Yes
1226,"Jahen Household Products Co., Ltd.",300955.SZ,10.5,0.447,0.082,No
1227,"Guangdong Shenglu Telecommunication Tech. Co., Ltd.",002446.SZ,11.76,0.498,2.722,Yes
1228,"Beijing Beilu Pharmaceutical Co., Ltd.",300016.SZ,8.21,0.354,0.867,Yes
1229,GF CSI Nonferrous Metal Mining ETF,159029.SZ,6.86,0.297,1.242,Yes
1230,Shanghai Huayi Group Corporation Limited,600623.SS,10.61,0.454,1.209,Yes
1231,"Yeal Electric Co., Ltd.",300923.SZ,7.8,0.338,1.402,Yes
1232,"Puyang Huicheng Electronic Material Co., Ltd.",300481.SZ,13.49,0.572,2.463,Yes
1233,"FangDa Carbon New Material Co.,Ltd",600516.SS,10.02,0.431,1.34,Yes
1234,"Jiangsu Hongdou Industrial Co.,LTD",600400.SS,10.15,0.438,1.883,Yes
1235,"Gaona Aero Material Co.,Ltd.",300034.SZ,10.77,0.464,2.407,Yes
1236,"Shandong Homey Aquatic Development Co.,Ltd.",600467.SS,6.3,0.277,0.096,Yes
1237,"China National Chemical Engineering Co., Ltd",601117.SS,6.37,0.281,0.435,Yes
1238,"E Fund Management Co., Ltd - CSI A50 Index ETF",563080.SS,2.49,0.112,0.507,Yes
1239,"Chengdu Hongming Electronics Co., Ltd.",301682.SZ,19.41,0.813,1.587,Yes
1240,"Zhuhai Zhongfu Enterprise Co.,Ltd",000659.SZ,13.45,0.578,1.466,Yes
1241,CMF CSI 500 Enhanced Strategy ETF,561950.SS,5.72,0.256,1.793,Yes
1242,Fullgoal CSI STAR&CHINEXT AI ETF,159022.SZ,14.41,0.623,2.824,Yes
1243,"Jonjee Hi-Tech Industrial and Commercial Holding Co.,Ltd",600872.SS,6.82,0.306,0.738,No
1244,"Foxconn Industrial Internet Co., Ltd.",601138.SS,10.88,0.48,2.363,Yes
1245,"Datang Telecom Technology Co., Ltd.",600198.SS,10.79,0.478,2.523,Yes
1246,"Yinbang Clad Material Co.,Ltd",300337.SZ,13.13,0.579,2.14,Yes
1247,"Shandong Boyuan Pharmaceutical & Chemical Co., Ltd.",301617.SZ,13.42,0.596,3.094,Yes
1248,"Dongguan Chitwing Technology Co., Ltd.",002855.SZ,19.7,0.852,2.582,Yes
1249,"Shanghai Mechanical & Electrical Industry Co.,Ltd.",900925.SS,6.97,0.318,0.305,Yes
1250,Bosera CSI Convert&Exch Bd ETF,511380.SS,2.73,0.127,0.695,Yes
1251,"Fujian Wanchen Food Group Co., Ltd.",300972.SZ,11.71,0.524,0.068,Yes
1252,"ShenZhen YUTO Packaging Technology Co., Ltd.",002831.SZ,8.95,0.406,1.618,Yes
1253,Harvest CSI Rare Earth Industry ETF,516150.SS,9.44,0.428,2.875,Yes
1254,"Sichuan Huiyuan Optical Communication Co., Ltd.",000586.SZ,11.15,0.502,2.313,Yes
1255,"ROPEOK Technology Group Co., Ltd.",688619.SS,9.26,0.423,2.084,Yes
1256,"Shenzhen Sinexcel Electric Co.,Ltd.",300693.SZ,9.79,0.448,1.782,Yes
1257,"Inner Mongolia Yili Industrial Group Co., Ltd.",600887.SS,4.52,0.212,0.785,No
1258,"Funshine Culture Group Co.,Ltd.",300860.SZ,5.75,0.27,1.443,Yes
1259,CMF CSI A50 ETF,512250.SS,2.36,0.113,0.515,Yes
1260,"Inner Mongolia North Hauler Joint Stock Co., Ltd.",600262.SS,11.45,0.53,2.184,Yes
1261,"Harbin VITI Electronics Co., Ltd.",603023.SS,8.13,0.382,0.491,Yes
1262,"Freewon China Co.,Ltd.",688678.SS,17.09,0.776,3.942,Yes
1263,"Electric Connector Technology Co., Ltd.",300679.SZ,17.86,0.809,4.148,Yes
1264,"Xi'an Typical Industries Co.,Ltd",600302.SS,15.4,0.708,2.279,Yes
1265,"NARI Technology Co., Ltd.",600406.SS,4.95,0.239,0.298,Yes
1266,"New Huadu Technology Co., Ltd.",002264.SZ,13.22,0.617,0.23,Yes
1267,"Shenzhen Das Intellitech Co., Ltd.",002421.SZ,12.77,0.6,1.731,Yes
1268,China Southern ChiNext 200 ETF,159270.SZ,7.05,0.342,2.331,Yes
1269,China Petroleum Engineering Corporation,600339.SS,7.7,0.374,0.661,Yes
1270,"Wuxi Holyview Microelectronics Co.,Ltd.",603375.SS,10.82,0.521,3.025,Yes
1271,"Milkyway Intelligent Supply Chain Service GroupCo., Ltd.",603713.SS,9.83,0.475,2.128,Yes
1272,Runner (Xiamen) Corp.,603408.SS,5.45,0.27,0.454,Yes
1273,Wanjia ChiNext Composite ETF,159541.SZ,6.22,0.309,1.981,Yes
1274,"Huarong Chemical Co., Ltd.",301256.SZ,13.25,0.639,2.572,Yes
1275,"Zhejiang Realsun Chemical Co.,Ltd.",301212.SZ,9.49,0.465,2.023,Yes
1276,"Zhuzhou Feilu High-Tech Materials Co., Ltd.",300665.SZ,8.32,0.412,1.754,Yes
1277,"Weihai Huadong Automation Co., Ltd",002248.SZ,11.76,0.574,2.359,Yes
1278,"HUANLEJIA Food Group CO.,Ltd",300997.SZ,14.31,0.694,2.023,No
1279,"Anhui Sunhere Pharmaceutical Excipients Co.,Ltd.",300452.SZ,5.29,0.267,0.338,Yes
1280,"Vohringer Home Technology Co.,Ltd.",603226.SS,10.11,0.502,0.235,No
1281,"Edan Instruments, Inc.",300206.SZ,7.08,0.357,1.593,Yes
1282,"Zhongmin Energy Co., Ltd.",600163.SS,9.13,0.457,1.76,No
1283,"Risen Energy Co.,Ltd.",300118.SZ,14.84,0.726,3.754,Yes
1284,"R&G PharmaStudies Co., Ltd.",301333.SZ,10.66,0.531,1.875,Yes
1285,Hangzhou Zhongtai Cryogenic Technology Corporation,300435.SZ,18.22,0.881,3.818,Yes
1286,"SPIC Hydropower Co., Ltd.",600292.SS,6.72,0.343,1.026,Yes
1287,Cybrid Technologies Inc.,603212.SS,7.34,0.376,1.68,Yes
1288,E Fund SZSE ChiNext 200 ETF,159572.SZ,6.34,0.327,2.227,Yes
1289,"Guangzhou Haoyang Electronic Co.,Ltd.",300833.SZ,9.36,0.477,1.933,Yes
1290,"Beijing Sanyuan Foods Co., Ltd.",600429.SS,7.68,0.394,0.858,No
1291,Sunwave Communications Co.Ltd,002115.SZ,9.49,0.484,1.831,Yes
1292,"Shaanxi Zhongtian Rocket Technology Co., Ltd.",003009.SZ,11.17,0.568,1.962,Yes
1293,"Beijing Haixin Energy Technology Co.,Ltd.",300072.SZ,6.59,0.343,0.564,No
1294,CCB Principal MSCI China A ETF,512180.SS,2.78,0.147,0.984,Yes
1295,"Weihai Guangtai Airport Equipment Co.,Ltd",002111.SZ,5.73,0.3,0.929,Yes
1296,"Jenkem Technology Co., Ltd.",688356.SS,11.56,0.59,2.839,Yes
1297,Boai NKY Medical Holdings Ltd.,300109.SZ,8.58,0.444,2.473,Yes
1298,"Shanghai Allist Pharmaceuticals Co., Ltd.",688578.SS,5.62,0.295,0.27,No
1299,"Astro-century Education&Technology Co.,Ltd",300654.SZ,8.65,0.448,0.551,Yes
1300,"Shaanxi Huada Science Technology Co.,Ltd.",301517.SZ,14.5,0.734,3.481,Yes
1301,Yunnan Yunwei Company Limited,600725.SS,8.07,0.421,1.466,Yes
1302,Guotai SSE 180 Financial ETF,510230.SS,2.67,0.143,0.306,No
1303,"CSPC Innovation Pharmaceutical Co., Ltd.",300765.SZ,11.67,0.601,1.081,No
1304,ChinaAMC SZSE ChiNext 200 ETF,159573.SZ,6.39,0.337,2.313,Yes
1305,"Black Peony (Group) Co., Ltd.",600510.SS,12.75,0.657,3.683,Yes
1306,"Xiamen Wanli Stone Stock Co.,Ltd",002785.SZ,12.52,0.645,3.923,Yes
1307,"Bonree Data Technology Co., Ltd",688229.SS,7.74,0.408,1.122,Yes
1308,"Keshun Waterproof Technolgies Co.,Ltd.",300737.SZ,9.67,0.506,2.759,Yes
1309,"NBTM New Materials Group Co., Ltd.",600114.SS,10.77,0.564,3.687,Yes
1310,"SWS Hemodialysis Care Co., Ltd.",688410.SS,6.18,0.332,1.141,Yes
1311,"Allmed Medical Products Co.,Ltd",002950.SZ,7.88,0.426,0.278,Yes
1312,"Jolywood (Suzhou) Sunwatt Co.,Ltd.",300393.SZ,10.02,0.539,1.585,Yes
1313,"Anhui Huilong Agricultural Means of Production Co.,Ltd.",002556.SZ,5.92,0.326,0.819,Yes
1314,"COL Group Co.,Ltd.",300364.SZ,7.65,0.418,1.696,Yes
1315,InnoCare Pharma Limited,688428.SS,7.63,0.42,0.48,No
1316,"Jiangsu Canopus Wisdom Medical Technology Co.,Ltd.",301290.SZ,5.73,0.319,1.59,Yes
1317,ADAMA Ltd.,200553.SZ,2.53,0.143,0.219,No
1318,DaCheng CSI A50 ETF,159595.SZ,1.88,0.107,0.472,Yes
1319,"Chongqing Wangbian Electric (Group) Corp., Ltd.",603191.SS,11.76,0.644,2.072,Yes
1320,Beijing Beetech Inc.,300667.SZ,8.6,0.479,3.297,Yes
1321,"Tonghua Dongbao Pharmaceutical Co., Ltd.",600867.SS,3.84,0.219,0.237,No
1322,Miracle Automation Engineering Co.Ltd,002009.SZ,10.85,0.6,2.958,Yes
1323,"Shandong Bohui Paper Industry Co.,Ltd.",600966.SS,8.5,0.475,0.742,Yes
1324,"Jiangxi ZhengBang Technology Co., Ltd.",002157.SZ,4.45,0.253,0.693,Yes
1325,"Shenzhen Etmade Automatic Equipment Co., Ltd.",300812.SZ,16.87,0.913,3.909,Yes
1326,"Nanfang Black Sesame Group Co.,Ltd.",000716.SZ,9.24,0.519,0.308,Yes
1327,"SINOMACH HEAVY EQUIPMENT GROUP CO.,LTD",601399.SS,10.45,0.586,1.512,Yes
1328,"Shanxi Yongdong Chemistry Industry Co., Ltd.",002753.SZ,5.95,0.342,0.264,Yes
1329,"Jiangsu Topfly New Materials Co., Ltd.",001373.SZ,9.16,0.521,2.721,Yes
1330,"Shandong Sinoglory Health Food Co., Ltd",603182.SS,5.55,0.321,0.095,Yes
1331,TianHong CNI Green Electricity ETF,159046.SZ,2.58,0.151,,
1332,Beijing ConST Instruments Technology Inc.,300445.SZ,6.49,0.374,1.382,Yes
1333,Bosera CSI A100 ETF,561770.SS,2.46,0.145,0.875,Yes
1334,"Hsino Tower Group Co., Ltd.",601096.SS,7.35,0.427,1.175,Yes
1335,SinoSun Technology Co. Ltd.,300333.SZ,9.57,0.55,1.437,Yes
1336,ChinaAMC CSI Dividend quality ETF,159758.SZ,3.13,0.185,0.734,Yes
1337,"Ongoal Technology Co., Ltd.",301662.SZ,14.88,0.84,5.174,Yes
1338,"Shanghai Holystar Information Technology Co., Ltd.",688330.SS,7.45,0.435,0.524,Yes
1339,GF CNI Grain Industry ETF,159587.SZ,4.75,0.281,0.552,Yes
1340,"Victory Giant Technology (HuiZhou) Co.,Ltd",300476.SZ,13.07,0.749,4.376,Yes
1341,Yinhua China A ETF,512380.SS,2.57,0.155,1.048,Yes
1342,"Beijing BDStar Navigation Co., Ltd.",002151.SZ,10.22,0.596,1.892,Yes
1343,FS Development Investment Holdings,300071.SZ,10.71,0.627,0.915,No
1344,ICBCCS CSI A100 ETF,561200.SS,2.44,0.149,0.899,Yes
1345,Yinhua CSI A50 ETF,159592.SZ,1.72,0.105,0.47,Yes
1346,"Time Publishing and Media Co., Ltd.",600551.SS,4.9,0.296,0.914,Yes
1347,"Guizhou Tyre Co.,Ltd.",000589.SZ,4.27,0.259,0.609,Yes
1348,"TJK Intelligent Equipment Manufacturing (Tianjin) Co., Ltd.",300823.SZ,5.67,0.345,1.869,Yes
1349,Sino Wealth Electronic Ltd.,300327.SZ,9.58,0.581,3.504,Yes
1350,"BGT Group Co., Ltd.",300774.SZ,12.41,0.745,2.951,Yes
1351,"Zhengzhou Tiamaes Technology Co., Ltd.",300807.SZ,6.43,0.4,1.275,Yes
1352,Fullgoal SZSE ChiNext 200 ETF,159571.SZ,5.24,0.331,2.268,Yes
1353,"Hangzhou Jingye Intelligent Technology Co., Ltd.",688290.SS,8.03,0.504,2.865,Yes
1354,"Zhejiang Hongchang Electrical Technology Co., Ltd.",301008.SZ,9.22,0.577,1.862,No
1355,Hangzhou Zhengqiang Corporation Limited,301119.SZ,9.58,0.6,2.934,Yes
1356,"Zhongtian Service Co., Ltd.",002188.SZ,5.93,0.382,1.322,Yes
1357,"Shenzhen Mingdiao Decoration Co.,Ltd.",002830.SZ,8.93,0.569,3.081,Yes
1358,"Nanjing Quanxin Cable Technology Co., Ltd.",300447.SZ,5.74,0.372,1.69,Yes
1359,"Zhejiang Huada New Materials Co., Ltd.",605158.SS,5.53,0.359,1.391,Yes
1360,GF Hang Seng Biotech ETF,159169.SZ,4.52,0.295,0.104,Yes
1361,"Jinyuan EP Co., Ltd.",000546.SZ,7.96,0.514,1.206,Yes
1362,"Hua Xia Bank Co., Limited",600015.SS,3.81,0.258,1.555,No
1363,Hwabao WP SSE STAR Compst Enh Strtg ETF,589280.SS,10.69,0.703,3.386,Yes
1364,"Jiawei Renewable Energy Co., Ltd.",300317.SZ,8.06,0.538,0.453,No
1365,Shenzhen China Bicycle Company (Holdings) Limited,200017.SZ,5.16,0.35,0.806,Yes
1366,Yinhua GEM Midcap 200 ETF,159575.SZ,4.91,0.335,2.271,Yes
1367,"Zhejiang Cady Industry Co., Ltd.",603073.SS,4.96,0.34,1.212,Yes
1368,JPM MSCI China A ETF,515770.SS,2.23,0.156,1.029,Yes
1369,Penghua CNI Grain ETF,159698.SZ,4.01,0.278,0.568,Yes
1370,"Hangzhou Greatstar Industrial Co., Ltd",002444.SZ,3.96,0.275,1.563,Yes
1371,"Inner Mongolia Junzheng Energy & Chemical Group Co.,Ltd.",601216.SS,5.21,0.362,0.37,Yes
1372,Huasi Holding Company Limited,002494.SZ,5.07,0.354,1.321,Yes
1373,China Union Holdings Ltd.,000036.SZ,9.87,0.678,1.722,Yes
1374,"Zhejiang Yaguang Technology Co.,Ltd.",603282.SS,5.9,0.415,1.043,Yes
1375,"Singatron Electronic (China) Co., Ltd.",301329.SZ,5.44,0.385,2.377,Yes
1376,"Fujian Rongji Software Co., Ltd.",002474.SZ,7.74,0.543,0.311,No
1377,"Hunan Er-Kang Pharmaceutical Co., Ltd",300267.SZ,5.89,0.418,1.66,Yes
1378,CanSino Biologics Inc.,688185.SS,8.8,0.618,1.585,Yes
1379,China Life Insurance Company Limited,601628.SS,4.74,0.339,0.583,Yes
1380,"Hengdian Entertainment Co.,LTD",603103.SS,11.09,0.776,1.077,Yes
1381,"Bondex Supply Chain Management Co., Ltd.",603836.SS,4.29,0.31,0.921,Yes
1382,"Jiangsu Zongyi Co.,LTD",600770.SS,9.79,0.697,4.173,Yes
1383,"Shenzhen Intelligent Precision Instrument Co., Ltd.",301512.SZ,5.55,0.403,2.175,Yes
1384,"Jiangsu Alcha Aluminium Group Co., Ltd.",002160.SZ,7.46,0.537,1.2,Yes
1385,Yinhua ChiNext Composite ETF,159288.SZ,4.06,0.297,1.934,Yes
1386,"Shanghai Join Buy Co.,Ltd.",600838.SS,5.29,0.388,0.897,Yes
1387,"Changjiang & Jinggong Steel Building (Group) Co., Ltd",600496.SS,5.0,0.369,0.973,Yes
1388,"China Oil HBP Science & Technology Co., Ltd",002554.SZ,6.18,0.456,1.719,Yes
1389,"Olympic Circuit Technology Co., Ltd",603920.SS,10.12,0.734,3.993,Yes
1390,"Shijiazhuang Kelin Electric Co., Ltd.",603050.SS,5.52,0.41,1.378,Yes
1391,Ping An CSI A50 ETF,159593.SZ,1.38,0.105,0.473,Yes
1392,Guangdong Jinma Entertainment Corporation Limited,300756.SZ,8.5,0.629,3.278,Yes
1393,"Suzhou Hailu Heavy Industry Co.,Ltd",002255.SZ,7.13,0.542,1.186,Yes
1394,"Queclink Wireless Solutions Co., Ltd.",300590.SZ,6.27,0.478,2.959,Yes
1395,DaCheng A100 ETF,159923.SZ,1.91,0.151,0.937,Yes
1396,"Shandong Sito Bio-technology Co., Ltd.",300583.SZ,4.89,0.384,0.941,Yes
1397,"Liaoning Kelong Fine Chemical, Inc.",300405.SZ,5.26,0.415,1.308,Yes
1398,"Springsnow Food Group Co., Ltd.",605567.SS,4.28,0.345,0.657,Yes
1399,"Dark Horse Technology Group Co., Ltd.",300688.SZ,4.02,0.325,0.242,Yes
1400,"Shandong Ruyi Woolen Garment Group Co., Ltd.",002193.SZ,8.06,0.645,2.315,Yes
1401,"Lionco Pharmaceutical Group Co.,Ltd.",603669.SS,5.64,0.457,0.273,Yes
1402,"Everjoy Health Group Co.,Ltd.",002162.SZ,4.84,0.4,0.08,Yes
1403,Ping An MSCI China A ETF,512360.SS,1.73,0.146,0.98,Yes
1404,"Hunan Hengguang Technology Co., Ltd.",301118.SZ,6.0,0.497,3.107,Yes
1405,"Ningbo Jansen Superconducting Technologies Co., Ltd.",688805.SS,4.9,0.409,2.088,Yes
1406,"Honz Pharmaceutical Co., Ltd.",300086.SZ,7.79,0.643,0.708,No
1407,"Beijing SunwayWorld Science & Technology Co., Ltd.",301159.SZ,6.28,0.523,0.904,Yes
1408,Guotai CSI Semicndctr Mtrl&Eqpmt Thm ETF,159516.SZ,15.67,1.256,6.691,Yes
1409,"Shenzhen KSTAR Science and Technology Co., Ltd.",002518.SZ,7.44,0.622,3.494,Yes
1410,"Zhejiang Yatai Pharmaceutical Co., Ltd.",002370.SZ,6.11,0.521,0.466,Yes
1411,Harvest CSI Construction Machnry Thm ETF,159070.SZ,2.24,0.194,,
1412,"Shandong Minhe Animal Husbandry Co., Ltd.",002234.SZ,4.54,0.391,0.969,Yes
1413,"Yonker Environmental Protection Co.,Ltd",300187.SZ,3.71,0.322,1.531,Yes
1414,"Zhejiang Tenchen Controls Co., Ltd.",603085.SS,4.41,0.381,1.769,Yes
1415,"CECEP Solar Energy Co.,Ltd.",000591.SZ,5.39,0.466,0.232,Yes
1416,"ZRP Printing Group Co., Ltd",301223.SZ,2.72,0.238,1.048,Yes
1417,"Guangdong TCL Smart Home Appliances Co., Ltd.",002668.SZ,3.64,0.319,0.705,Yes
1418,"Zhejiang Xinhua Chemical Co.,Ltd",603867.SS,6.57,0.574,2.631,Yes
1419,"Nanxing Machinery Co., Ltd.",002757.SZ,4.95,0.435,2.144,Yes
1420,Hubei Chaozhuo Aviation Technology Group Co. Ltd.,688237.SS,3.22,0.286,0.751,Yes
1421,"NanJing AoLian AE&EA Co.,Ltd",300585.SZ,5.32,0.469,2.219,Yes
1422,"Ning Xia Yin Xing Energy Co.,Ltd",000862.SZ,5.07,0.448,0.689,No
1423,"Jilin Yatai (Group) Co., Ltd.",600881.SS,3.27,0.292,0.522,No
1424,"Langfang Development Co., Ltd.",600149.SS,4.57,0.412,0.464,No
1425,Guangdong Golden Dragon Development Inc.,000712.SZ,6.93,0.625,1.934,Yes
1426,"E Fund Management Co., Ltd. - E Fund SSE Star Artificial Intelligence ETF",588730.SS,5.47,0.499,3.089,Yes
1427,China Oilfield Services Limited,601808.SS,4.02,0.37,0.059,Yes
1428,"Integrated Electronic Systems Lab Co., Ltd.",002339.SZ,4.71,0.435,1.116,Yes
1429,"Shanghai Xuerong Biotechnology Co., Ltd.",300511.SZ,5.38,0.508,1.052,Yes
1430,Jinling Pharmaceutical Company Limited,000919.SZ,2.6,0.249,0.272,Yes
1431,"Beijing Yanjing Brewery Co.,Ltd.",000729.SZ,4.63,0.442,1.482,No
1432,"Bona Film Group Co., Ltd.",001330.SZ,6.94,0.659,3.01,Yes
1433,NANHUA CSI HZ ETF,512870.SS,2.76,0.27,1.71,Yes
1434,"Xinxing Ductile Iron Pipes Co., Ltd.",000778.SZ,3.93,0.382,0.857,Yes
1435,"Shanghai International Port (Group) Co., Ltd.",600018.SS,2.14,0.211,0.868,No
1436,"Fujian Fynex Textile Science & Technology Co., Ltd.",600493.SS,3.74,0.367,0.627,Yes
1437,"Hunan Hualian China Industry Co., Ltd.",001216.SZ,3.54,0.351,1.297,Yes
1438,"Atlantic China Welding Consumables, Inc.",600558.SS,3.3,0.33,1.441,Yes
1439,Fullgoal SSE STAR AI ETF,589380.SS,5.0,0.497,3.081,Yes
1440,CMF CSI A100 ETF,159631.SZ,1.46,0.15,0.937,Yes
1441,CMF CSI 300 Enhanced Strategy ETF,561990.SS,1.45,0.149,1.04,Yes
1442,Jiangsu Yangdian Science & Technology Co. Ltd.,301012.SZ,4.03,0.411,0.668,Yes
1443,Guilin Tourism Corporation Limited,000978.SZ,3.36,0.346,1.16,No
1444,"Zhejiang Tengen Electrics Co.,Ltd.",605066.SS,2.62,0.271,1.242,Yes
1445,Nanjing Gaoke Company Limited,600064.SS,2.8,0.29,0.203,No
1446,"TSP Wind Power Group Co., Ltd.",300129.SZ,5.64,0.583,1.828,Yes
1447,TianJin JinRong TianYu Precision Machinery Inc.,300988.SZ,3.36,0.363,1.873,Yes
1448,Hollyland (China) Electronics Technology Corporation Limited,002729.SZ,3.51,0.381,1.299,Yes
1449,"Sailvan Times Co., Ltd.",301381.SZ,3.54,0.387,0.116,Yes
1450,China Aluminum International Engineering Corporation Limited,601068.SS,3.27,0.36,0.763,Yes
1451,"Shanghai Vico Precision Mold &Plastics Co,. Ltd.",301499.SZ,3.95,0.436,2.727,Yes
1452,"Shenzhen Zhilai Sci and Tech Co., Ltd.",300771.SZ,3.29,0.367,0.564,Yes
1453,"ShenZhen Consys Science&Technology Co., Ltd.",688788.SS,6.78,0.748,3.108,Yes
1454,"Tellhow Sci-Tech Co., Ltd.",600590.SS,5.74,0.664,3.207,Yes
1455,ICBCCS CSI HKC Medical Treatment Thm ETF,159167.SZ,2.6,0.305,0.497,Yes
1456,Fullgoal CSI Comm Equipment Theme ETF,159583.SZ,6.59,0.775,3.533,Yes
1457,"Changzhou Evergreen Technology Co., Ltd.",001324.SZ,1.61,0.197,0.321,Yes
1458,Guotai SSE STAR AI ETF,589110.SS,4.0,0.489,3.046,Yes
1459,"Zhejiang Dehong Automotive Electronic & Electrical Co., Ltd.",603701.SS,2.94,0.361,1.029,Yes
1460,"Hangzhou First Applied Material Co., Ltd.",603806.SS,2.67,0.33,1.64,Yes
1461,"Tianjin Jingwei Huikai Optoelectronic Co., Ltd.",300120.SZ,6.02,0.734,3.107,Yes
1462,"Beijing StarNeto Technology Co., Ltd.",002829.SZ,4.25,0.525,0.432,Yes
1463,Hubei Xiangyuan New Material Technology Inc.,300980.SZ,5.19,0.638,2.198,Yes
1464,"Xi'an Tianhe Defense Technology Co., Ltd.",300397.SZ,4.44,0.549,2.763,Yes
1465,Changzhou Xiangming Intelligent Drive System Corporation,301226.SZ,4.69,0.589,0.709,Yes
1466,"Fujian Cosunter Pharmaceutical Co., Ltd.",300436.SZ,4.24,0.535,2.817,Yes
1467,"Grinm Metal Composites (Beijing) Technolgy Co., Ltd.",688811.SS,6.82,0.865,4.467,Yes
1468,"Zhejiang Shengyang Science and Technology Co., Ltd.",603703.SS,4.22,0.543,3.175,Yes
1469,"Kuaijishan Shaoxing Rice Wine Co., Ltd.",601579.SS,3.24,0.42,1.465,Yes
1470,Bluestar Adisseo Company,600299.SS,3.6,0.469,0.58,No
1471,"Shanghai NAR Industrial Co., Ltd",002825.SZ,2.76,0.362,0.626,Yes
1472,"Chuzhou Duoli Automotive Technology Co., Ltd.",001311.SZ,4.68,0.614,1.881,Yes
1473,"Shanghai Guangdian Electric Group Co., Ltd.",601616.SS,3.31,0.438,0.944,Yes
1474,JDM JingDaMachine (Ningbo) Co.Ltd,603088.SS,3.29,0.436,1.978,Yes
1475,"Shandong Dawn Polymer Co.,Ltd.",002838.SZ,3.64,0.482,2.503,Yes
1476,"Jiangsu Huaxin New Material Co.,Ltd.",300717.SZ,2.99,0.398,2.135,Yes
1477,"Shandong Weifang Rainbow Chemical Co., Ltd",301035.SZ,3.38,0.45,0.329,Yes
1478,"Delixi New Energy Technology Co., Ltd.",603032.SS,4.48,0.6,3.429,Yes
1479,"Intsig Information Co., Ltd.",688615.SS,4.78,0.642,2.122,Yes
1480,"Cofco Sugar Holding CO.,LTD.",600737.SS,2.69,0.371,1.118,Yes
1481,"Xilong Scientific Co., Ltd.",002584.SZ,3.41,0.472,2.039,Yes
1482,"Anhui Wanwei Updated High-Tech Material Industry Co.,Ltd",600063.SS,2.6,0.372,2.064,Yes
1483,"Lakala Payment Co., Ltd.",300773.SZ,3.39,0.486,1.62,Yes
1484,"Ocean's King Lighting Science & Technology Co., Ltd.",002724.SZ,3.15,0.453,0.864,Yes
1485,"Hangzhou Innover Technology Co., Ltd.",002767.SZ,2.3,0.336,1.44,Yes
1486,ChinaAMC SSE STAR AI ETF,589010.SS,3.44,0.5,3.136,Yes
1487,"Lancy Co., Ltd.",002612.SZ,3.17,0.467,0.954,No
1488,"Xiamen Xiangyu Co., Ltd.",600057.SS,2.72,0.406,0.918,No
1489,"Zhejiang Provincial New Energy Investment Group Co., Ltd.",600032.SS,3.12,0.465,1.07,No
1490,"Chutian Dragon Co., Ltd.",003040.SZ,5.02,0.748,1.594,Yes
1491,"Jiangsu Lidao New Materials Co., Ltd.",603937.SS,2.57,0.388,1.938,Yes
1492,Shanghai Information2 Software Inc.,688435.SS,4.65,0.699,1.438,Yes
1493,Jiangsu Nonghua Intelligent Agriculture Technology Co.ltd,000816.SZ,2.71,0.413,0.865,Yes
1494,"Zhangjiagang Furui Special Equipment Co., Ltd.",300228.SZ,2.13,0.334,1.24,Yes
1495,"Shaanxi Panlong Pharmaceutical Group Co., Ltd.",002864.SZ,2.12,0.342,0.092,Yes
1496,"Guangdong Nedfon Air System Co., Ltd.",301043.SZ,3.72,0.603,2.262,Yes
1497,"Suzhou Mingzhi Technology Co., Ltd.",688355.SS,2.43,0.399,2.267,Yes
1498,"Halo Microelectronics Co., Ltd.",688173.SS,3.97,0.65,3.697,Yes
1499,"UE Furniture Co., Ltd.",603600.SS,2.1,0.347,0.972,Yes
1500,Yinhua CSI 5G Communication ETF,159994.SZ,4.97,0.811,2.806,Yes
1501,"Zhuzhou CRRC Times Electric Co., Ltd.",688187.SS,3.05,0.512,1.818,Yes
1502,GF SSE STAR AI ETF,588760.SS,2.93,0.498,3.096,Yes
1503,GF CSI Construction Machinery ETF,560280.SS,1.56,0.269,0.86,Yes
1504,"Argus (Shanghai) Textile Chemicals Co.,Ltd.",603790.SS,2.82,0.488,1.451,Yes
1505,Yinhua SSE STAR AI ETF,588930.SS,2.84,0.493,3.041,Yes
1506,"MeiG Smart Technology Co., Ltd",002881.SZ,2.9,0.516,1.821,Yes
1507,"West Shanghai Automotive Service Co.,Ltd.",605151.SS,2.5,0.445,2.083,Yes
1508,Bosera SSE STAR AI ETF,588790.SS,2.78,0.496,3.088,Yes
1509,"YingTong Telecommunication Co.,Ltd.",002861.SZ,3.33,0.601,3.28,Yes
1510,Hwabao WP SSE STAR AI ETF,589520.SS,2.74,0.496,3.082,Yes
1511,"Nanjing Well Pharmaceutical Group Co.,Ltd.",603351.SS,1.26,0.233,0.95,Yes
1512,Fullgoal Beijing Capital Water Utilities Closed-end Infrastructure Securities Investment Fund,508006.SS,0.35,0.066,0.046,Yes
1513,Eastmoney SSE STAR 200 ETF,589330.SS,5.45,1.001,5.172,Yes
1514,"Jiangsu Jingxue Insulation Technology Co., Ltd.",301010.SZ,2.17,0.406,1.147,Yes
1515,"Xuchang KETOP Testing Research Institute Co.,Ltd",003008.SZ,1.7,0.319,0.92,Yes
1516,JPM Hang Seng Biotech ETF,520760.SS,1.56,0.297,0.193,Yes
1517,Penghua SSE STAR AI ETF,589090.SS,2.55,0.491,3.059,Yes
1518,"Hangzhou Century Co., Ltd",300078.SZ,2.21,0.445,0.965,Yes
1519,"Hangzhou Zhongya Machinery Co., Ltd.",300512.SZ,2.15,0.439,1.859,Yes
1520,The People's Insurance Company (Group) of China Limited,601319.SS,1.21,0.253,0.329,Yes
1521,Shunfa Hengneng Corporation,000631.SZ,2.26,0.472,0.822,No
1522,"Jiangxi Haiyuan Composites Technology Co.,Ltd.",002529.SZ,1.25,0.266,0.88,Yes
1523,Shanghai Fudan Microelectronics Group Company Limited,688385.SS,2.95,0.626,3.533,Yes
1524,"Citychamp Dartong Advanced Materials Co., Ltd.",600067.SS,1.89,0.406,0.951,Yes
1525,Shanghai New Power Automotive Technology Company Limited,600841.SS,3.18,0.681,2.198,Yes
1526,"Xingtong Shipping Co., Ltd.",603209.SS,1.01,0.222,0.306,Yes
1527,"Sinosteel Luonai Materials Technology Co., Ltd.",688119.SS,2.36,0.537,2.58,Yes
1528,"Sichuan Hezong Medicine Easy-to-buy Pharmaceutical Co., Ltd.",300937.SZ,1.94,0.444,0.467,No
1529,Shenke Slide Bearing Corporation,002633.SZ,1.89,0.433,1.973,Yes
1530,"Ningbo Heli Technology Co., Ltd.",603917.SS,1.34,0.32,1.307,Yes
1531,"Innovative Medical Management Co.,Ltd.",002173.SZ,2.59,0.623,0.962,Yes
1532,China Southern CNI Green Electricity ETF,159061.SZ,0.66,0.162,,
1533,"Hla Group Corp., Ltd.",600398.SS,1.12,0.277,0.938,No
1534,"Shanghai Bailian (Group) Co., Ltd.",900923.SS,0.64,0.167,0.064,Yes
1535,"Xinjiang Xintai Natural Gas Co., Ltd.",603393.SS,1.67,0.441,0.996,No
1536,"Hexing Electrical Co.,Ltd.",603556.SS,1.88,0.507,0.646,No
1537,"Liaoning Fu-An Heavy Industry Co.,Ltd",603315.SS,1.76,0.486,2.715,Yes
1538,"GuangDong Leary New Material Technology Co.,Ltd.",688683.SS,2.21,0.608,3.885,Yes
1539,"ENC Digital Technology Co., Ltd",603869.SS,1.3,0.373,0.56,Yes
1540,"Zhejiang Runyang New Material Technology Co., Ltd.",300920.SZ,1.78,0.522,1.523,Yes
1541,"Fujian Yongan Forestry(Group)Joint-Stock Co.,Ltd.",000663.SZ,1.61,0.477,1.118,Yes
1542,China Universal SSE STAR AI ETF,589560.SS,1.6,0.496,3.099,Yes
1543,New China CSI A50 ETF,560820.SS,0.35,0.11,0.501,Yes
1544,"CSC Financial Co., Ltd.",601066.SS,1.02,0.325,1.069,Yes
1545,"Shandong Taihe Technologies Co., Ltd.",300801.SZ,1.77,0.563,3.251,Yes
1546,Shanghai SK Petroleum & Chemical Equipment Corporation Ltd.,002278.SZ,1.71,0.548,1.068,Yes
1547,"Fujian Nebula Electronics Co., Ltd.",300648.SZ,1.64,0.526,2.188,Yes
1548,"Hangzhou Tigermed Consulting Co., Ltd",300347.SZ,1.49,0.483,1.3,Yes
1549,Guotai Semiconductor Industry ETF,512760.SS,2.89,0.933,5.254,Yes
1550,"Zhuhai Aerospace Microchips Science & Technology Co., Ltd.",300053.SZ,1.65,0.545,2.638,Yes
1551,Bosera CSI Sustainable Develope 100 ETF,515090.SS,0.3,0.101,0.468,Yes
1552,"Hangzhou Gisway Information Technology Co.,Ltd.",301390.SZ,0.97,0.339,1.491,Yes
1553,"Shandong Swan CottonIndustrial Machinery Stock Co.,Ltd.",603029.SS,1.08,0.377,1.391,Yes
1554,"Beijing Dalong Weiye Real Estate Development Co.,Ltd",600159.SS,1.13,0.402,0.465,Yes
1555,Guangzhou Development Group Incorporated,600098.SS,0.91,0.335,0.27,No
1556,"Xianheng International Science&Technology Co., Ltd.",605056.SS,1.58,0.585,1.507,Yes
1557,China Telecom Corporation Limited,601728.SS,0.81,0.306,0.848,No
1558,"Fujian SBS Zipper Science&Technology Co., Ltd",002098.SZ,1.02,0.389,0.771,Yes
1559,"Beijing Beimo High-tech Frictional Material Co.,Ltd",002985.SZ,1.11,0.426,1.961,Yes
1560,"Wanxiang Qianchao Co.,Ltd.",000559.SZ,1.4,0.558,2.232,Yes
1561,"Shanghai Baosteel Packaging Co., Ltd.",601968.SS,0.93,0.378,0.572,Yes
1562,Harvest SSE STAR 200 ETF,589320.SS,2.35,0.987,5.109,Yes
1563,"Guangzhou Tech-Long Packaging Machinery Co.,Ltd.",002209.SZ,1.14,0.485,0.649,Yes
1564,Zenner Metering Technology (Shanghai) Ltd.,301303.SZ,1.05,0.46,2.191,Yes
1565,DaCheng CSI Construction Machinery ETF,159542.SZ,0.57,0.263,0.838,Yes
1566,"Guizhou Zhongyida Co., Ltd",600610.SS,1.44,0.689,2.741,Yes
1567,"PNC Process Systems Co., Ltd.",603690.SS,1.45,0.699,2.943,Yes
1568,"Guangzheng Eye Hospital Group Co.,Ltd.",002524.SZ,0.69,0.34,0.344,Yes
1569,CPIC ESG 300ETF,159653.SZ,0.25,0.124,0.807,Yes
1570,CETC Chips Technology Inc.,600877.SS,1.13,0.584,2.718,Yes
1571,"CITIC Heavy Industries Co., Ltd.",601608.SS,1.07,0.568,1.842,Yes
1572,Harvest SZSE Fundamental 120 ETF,159910.SZ,0.24,0.132,0.598,Yes
1573,"Suzhou Longjie Special Fiber Co., Ltd.",603332.SS,0.58,0.342,1.215,Yes
1574,"Hubei Guochuang Hi-tech Material Co.,Ltd",002377.SZ,0.66,0.397,1.298,Yes
1575,"PKU HealthCare Corp.,Ltd.",000788.SZ,0.59,0.362,0.188,No
1576,Greattown Holdings Ltd.,600094.SS,0.94,0.583,1.091,Yes
1577,Chengdu ALD Aviation Manufacturing Corporation,300696.SZ,1.08,0.728,4.109,Yes
1578,"Fengxing Co., Ltd.",002760.SZ,0.58,0.395,1.728,Yes
1579,Jiangsu Phoenix Property Investment Company Limited,600716.SS,0.45,0.313,0.93,Yes
1580,"Shaanxi Meibang Pharmaceutical Group Co., Ltd.",605033.SS,0.54,0.402,0.484,Yes
1581,"China Catalyst Holding Co., Ltd.",688267.SS,0.51,0.382,1.636,Yes
1582,"Jiangsu TongLin Electric Co.,Ltd.",301168.SZ,0.34,0.257,1.177,Yes
1583,"Guangdong Kingstrong Technology Co., Ltd.",300629.SZ,0.56,0.436,2.36,Yes
1584,"Beijing Highlander Digital Technology Co., Ltd.",300065.SZ,0.73,0.675,3.867,Yes
1585,"Guangzhou Jointas Chemical Co., Ltd.",002909.SZ,0.46,0.426,1.773,Yes
1586,Jp Morgan Asset Management (China) Co. Ltd - CSI A50 Index ETF,560350.SS,0.1,0.108,0.494,Yes
1587,Qingdao Vland Biotech INC.,603739.SS,0.31,0.345,1.296,Yes
1588,"Zhengyuan Geomatics Group Co.,Ltd.",688509.SS,0.22,0.283,1.126,Yes
1589,E Fund CSI National Defense Ind ETF,512560.SS,0.26,0.348,2.084,Yes
1590,"Kangda New Materials (Group) Co., Ltd.",002669.SZ,0.36,0.514,2.703,Yes
1591,"Telling Telecommunication Holding Co.,Ltd",000829.SZ,0.17,0.386,0.727,Yes
1592,"AVE Science&Technology CO.,LTD",688067.SS,0.1,0.424,1.768,Yes
1593,"Shandong Huifa Foodstuff Co.,Ltd.",603536.SS,0.03,0.402,0.481,No
1594,"Xi'an Sinofuse Electric Co., Ltd.",301031.SZ,0.03,0.705,3.503,Yes
1595,E Fund Management Company - Guarantee Income Fund,159001.SZ,0.0,0.0,0.0,No
1596,"Ruida Futures Co.,Ltd.",002961.SZ,-0.04,0.376,1.195,Yes
1597,"Zhejiang Tianzhen Technology Co., Ltd.",301356.SZ,-0.07,0.528,3.14,Yes
1598,"Guangzhou Hangxin Aviation Technology Co., Ltd.",300424.SZ,-0.09,0.547,2.137,Yes
1599,"Jiangsu Linyang Energy Co., Ltd.",601222.SS,-0.05,0.283,0.274,No
1600,"Crown Advanced Material Co.,Ltd.",688560.SS,-0.13,0.676,2.772,Yes
1601,"Aerospace Hi-Tech Holding Group Co., Ltd.",000901.SZ,-0.15,0.696,2.652,Yes
1602,HL Corp (Shenzhen),002105.SZ,-0.14,0.387,0.995,Yes
1603,"GuangDong Suqun New Material Co.,Ltd.",301489.SZ,-0.33,0.874,4.283,Yes
1604,Bosera CSI Banks ETF,159253.SZ,-0.08,0.199,0.946,No
1605,Heilongjiang Agriculture Company Limited,600598.SS,-0.17,0.395,0.28,No
1606,"C&D Holsin Engineering Consulting Co., Ltd",603909.SS,-0.2,0.366,0.602,Yes
1607,"Shenzhen United Winners Laser Co., Ltd.",688518.SS,-0.41,0.652,4.409,Yes
1608,Guangzhou Hengyun Enterprises Holding Ltd,000531.SZ,-0.23,0.356,0.127,Yes
1609,"Sinosteel New Materials Co., Ltd.",002057.SZ,-0.43,0.649,3.321,Yes
1610,"Shanghai Universal Biotech Co.,Ltd.",301166.SZ,-0.21,0.286,1.23,Yes
1611,"YTO Express Group Co.,Ltd.",600233.SS,-0.38,0.388,0.851,No
1612,"Youon Technology Co.,Ltd",603776.SS,-0.26,0.26,1.338,Yes
1613,UBS SDIC CSI 300 Financial Property ETF Index Securities Investment Fund,159933.SZ,-0.15,0.135,0.189,No
1614,"Huangshan Tourism Development Co.,Ltd.",600054.SS,-0.27,0.21,0.316,No
1615,"Jiangxi Guoguang Commercial Chains Co., Ltd.",605188.SS,-0.79,0.605,0.384,Yes
1616,CTS International Logistics Corporation Limited,603128.SS,-0.27,0.185,0.009,No
1617,"New JCM Group Co.,Ltd",300157.SZ,-0.8,0.54,0.093,No
1618,"Beijing Jiaman Dress Co.,Ltd.",301276.SZ,-0.75,0.499,1.816,Yes
1619,"GRG Metrology & Test Group Co., Ltd.",002967.SZ,-0.5,0.304,1.626,Yes
1620,Harvest China Financial Real Easte ETF,512640.SS,-0.25,0.14,0.183,No
1621,AVIC Shougang Biomass Closed-End Infrastructure Securities Investment Fund,180801.SZ,-0.14,0.074,0.119,Yes
1622,"Qingdao Gaoce Technology Co., Ltd.",688556.SS,-1.41,0.693,3.964,Yes
1623,Yinhua CNI Industrial Software ETF,159180.SZ,-0.97,0.461,2.709,Yes
1624,"Invengo Information Technology Co.,Ltd.",002161.SZ,-1.05,0.477,1.562,Yes
1625,"Anhui Hwasu Co.,Ltd.",600935.SS,-0.54,0.246,0.445,Yes
1626,"Canny Elevator Co., Ltd.",002367.SZ,-1.06,0.466,2.158,Yes
1627,"Jinling Hotel Corporation, Ltd.",601007.SS,-0.58,0.248,0.565,No
1628,"AECC Aviation Power Co.,Ltd",600893.SS,-1.03,0.435,1.834,Yes
1629,"Wuhan Xingtu Xinke Electronics Co.,Ltd.",688081.SS,-1.73,0.688,2.919,Yes
1630,"Chongqing Changjiang River Moulding Material (Group) Co., Ltd.",001296.SZ,-1.01,0.392,1.696,Yes
1631,"Guangdong Zhengye Technology Co.,Ltd.",300410.SZ,-1.75,0.656,3.535,Yes
1632,"Guangzhou Shangpin Home Collection Co., Ltd.",300616.SZ,-1.29,0.481,1.421,Yes
1633,"ICkey (Shanghai) Internet and Technology Co.,Ltd.",301563.SZ,-2.0,0.731,3.148,Yes
1634,"Zoje Resources Investment Co., Ltd.",002021.SZ,-1.36,0.487,1.479,Yes
1635,"Hicon Network Technology (Shandong) Co.,Ltd.",301262.SZ,-1.09,0.375,0.583,Yes
1636,"Hongda High-Tech Holding Co.,Ltd.",002144.SZ,-1.28,0.43,1.38,Yes
1637,"Wuxi Hongsheng Heat Exchanger Manufacturing Co., Ltd.",603090.SS,-2.13,0.702,4.141,Yes
1638,TianHong HSI SSH Innov Drug Sel 50 ETF,517380.SS,-0.63,0.204,0.168,Yes
1639,"NanJing Sanchao Advanced Materials Co.,Ltd.",300554.SZ,-1.63,0.519,3.363,Yes
1640,"Shunya International Martech (Beijing) Co., Ltd.",300612.SZ,-1.73,0.545,0.107,Yes
1641,"HySum Flexibles Global, Inc.",300501.SZ,-1.26,0.388,1.342,Yes
1642,"Trust Chem Co., Ltd.",001335.SZ,-1.81,0.557,3.289,Yes
1643,"Hunan Junxin Environmental Protection Co., Ltd.",301109.SZ,-1.02,0.3,0.152,No
1644,"Guangdong Tengen Industrial Group Co.,Ltd.",003003.SZ,-1.04,0.304,1.069,Yes
1645,"KTK Group Co., Ltd.",603680.SS,-2.03,0.596,1.339,Yes
1646,"Jiangxi Guotai Group Co.,Ltd.",603977.SS,-1.62,0.459,0.724,Yes
1647,"Shenzhen Fangzhi Science & Technology Co.,Ltd.",300235.SZ,-1.89,0.535,1.781,Yes
1648,Penghua CNI ESG 300 ETF,159717.SZ,-0.47,0.131,0.853,Yes
1649,"Beijing Zhong Ke San Huan High-Tech Co., Ltd.",000970.SZ,-2.05,0.564,2.606,Yes
1650,"Zhejiang Meida Industrial Co., Ltd.",002677.SZ,-1.5,0.412,0.335,Yes
1651,"Mudanjiang Hengfeng Paper Co.,Ltd",600356.SS,-1.34,0.365,1.18,Yes
1652,"Hangzhou XZB Tech Co., Ltd",603040.SS,-1.76,0.473,2.183,Yes
1653,"Fujian Haixia Environmental Protection Group Co.,Ltd.",603817.SS,-1.25,0.334,0.624,No
1654,"China Animal Husbandry Industry Co., Ltd.",600195.SS,-1.0,0.264,0.304,Yes
1655,"Lihuayi Weiyuan Chemical Co., Ltd.",600955.SS,-1.77,0.46,2.454,Yes
1656,"Shanghai Ace Investment&Development Co.,Ltd",603329.SS,-1.17,0.294,0.798,Yes
1657,"China Wuyi Co., Ltd.",000797.SZ,-1.68,0.417,0.472,No
1658,Sanbo Hospital Management Group Limited,301293.SZ,-2.0,0.492,1.059,Yes
1659,"Yunnan Jinggu Forestry Co.,Ltd",600265.SS,-1.11,0.271,0.123,Yes
1660,"Anhui Huaertai Chemical Co., Ltd.",001217.SZ,-1.7,0.412,0.582,Yes
1661,Fullgoal Hang Seng Biotech ETF,159132.SZ,-1.05,0.254,0.112,Yes
1662,"Anhui Guangxin Agrochemical Co., Ltd.",603599.SS,-2.37,0.567,0.699,Yes
1663,"Beijing Centergate Technologies (holding) Co., Ltd.",000931.SZ,-1.46,0.348,0.772,Yes
1664,"Tian Jin Bohai Chemical Co.,Ltd.",600800.SS,-2.17,0.513,0.74,Yes
1665,"China Greatwall Technology Group Co., Ltd.",000066.SZ,-2.36,0.555,3.441,Yes
1666,"Beihai Gofar Chuanshan Biological Co., Ltd.",600538.SS,-1.63,0.378,1.355,Yes
1667,"Shanghai Menon Animal Nutrition Technology Co., Ltd.",301156.SZ,-1.71,0.396,1.649,Yes
1668,Voneseals Technology (Shanghai) Inc.,301161.SZ,-2.95,0.686,3.989,Yes
1669,Xuchang Yuandong Drive Shaft Co.Ltd,002406.SZ,-1.69,0.382,0.767,Yes
1670,Guotai Hang Seng Biotech ETF,520930.SS,-1.2,0.27,0.099,Yes
1671,"Guangdong Faith Long Crystal Technology Co.,LTD.",300460.SZ,-1.87,0.419,1.406,Yes
1672,"Chipsea Technologies (Shenzhen) Corp., Ltd.",688595.SS,-3.32,0.746,4.092,Yes
1673,"Ningbo Peacebird Fashion Co.,Ltd.",603877.SS,-1.54,0.341,0.027,No
1674,"Jiangxi Guoke Defence Group Co.,Ltd.",688543.SS,-1.39,0.304,0.848,Yes
1675,"Huizhou Speed Wireless Technology Co.,Ltd.",300322.SZ,-3.22,0.704,3.966,Yes
1676,"Houpu Clean Energy Group Co., Ltd.",300471.SZ,-2.2,0.477,1.062,Yes
1677,"Luxi Chemical Group Co., Ltd.",000830.SZ,-1.98,0.426,1.118,Yes
1678,"Shandong Publishing&Media Co.,Ltd",601019.SS,-1.5,0.32,1.066,No
1679,"Beijing Jingxi Culture & Tourism Co.,Ltd",000802.SZ,-2.12,0.451,0.104,Yes
1680,"Dongfang Electronics Co., Ltd.",000682.SZ,-1.35,0.274,1.195,Yes
1681,"Moore Threads Technology Co., Ltd.",688795.SS,-2.54,0.518,2.316,Yes
1682,"Nanjing Railway New Technology Co.,Ltd.",301016.SZ,-2.06,0.417,2.117,Yes
1683,"Shandong Sino-Agri United Biotechnology Co.,Ltd",003042.SZ,-2.38,0.471,0.53,Yes
1684,"Jiiangsu Times Textile Technology Co.,LTD",001234.SZ,-2.52,0.496,1.915,Yes
1685,"Paslin Digital Technology Co., Ltd.",600215.SS,-1.41,0.275,1.114,Yes
1686,"HNAC Technology Co., Ltd.",300490.SZ,-3.17,0.622,2.058,Yes
1687,"Jiajia Food Group Co.,Ltd",002650.SZ,-1.67,0.319,0.656,Yes
1688,"Zhejiang Tiantai Xianghe Industrial Co.,Ltd.",603500.SS,-2.68,0.485,2.806,Yes
1689,"Unionman Technology Co.,Ltd.",688609.SS,-2.29,0.409,1.73,Yes
1690,"Hailun Piano Co.,Ltd.",300329.SZ,-2.5,0.442,0.779,Yes
1691,"Luxshare Precision Industry Co., Ltd.",002475.SZ,-2.7,0.477,1.844,Yes
1692,"Zhejiang Jiaxin Silk Corp.,Ltd.",002404.SZ,-1.2,0.207,0.485,Yes
1693,"Jiangsu Safety Group Co.,Ltd.",603028.SS,-2.41,0.417,1.744,Yes
1694,"Lucky Harvest Co., Ltd.",002965.SZ,-4.99,0.868,2.898,Yes
1695,"Shenzhen Capol International & Associatesco.,Ltd",002949.SZ,-3.07,0.525,1.777,Yes
1696,NORINCO International Cooperation Ltd.,000065.SZ,-2.02,0.342,0.684,No
1697,"DongGuan YuTong Optical Technology Co.,Ltd.",300790.SZ,-3.54,0.604,3.163,Yes
1698,"Lifecome Biochemistry Co.,Ltd.",002868.SZ,-4.13,0.695,0.598,Yes
1699,Hwabao WP CS National Defense Ind ETF,512810.SS,-2.1,0.349,2.101,Yes
1700,Tianjin Capital Environmental Protection Group Company Limited,600874.SS,-1.16,0.191,0.234,Yes
1701,"Guangdong Jialong Food Co., Ltd.",002495.SZ,-2.02,0.334,0.049,No
1702,"Phoenix Shipping (Wuhan) Co., Ltd.",000520.SZ,-1.71,0.281,0.485,Yes
1703,"QuakeSafe Technologies Co., Ltd.",300767.SZ,-3.63,0.6,3.257,Yes
1704,"Great River Smart Logistics Co., Ltd.",002930.SZ,-2.33,0.378,0.637,Yes
1705,Fullgoal SZSE ChiNext AI ETF,159246.SZ,-4.52,0.741,2.607,Yes
1706,"Aeolus Tyre Co., Ltd.",600469.SS,-1.93,0.309,1.132,Yes
1707,"Wuhan Huazhong Numerical Control Co.,Ltd.",300161.SZ,-2.36,0.377,2.449,Yes
1708,"Hangcha Group Co., Ltd",603298.SS,-2.26,0.36,0.557,Yes
1709,"Qingdao Foods Co., Ltd.",001219.SZ,-1.71,0.27,0.126,Yes
1710,"SUFA Technology Industry Co., Ltd., CNNC",000777.SZ,-2.69,0.427,1.235,Yes
1711,"Xi'an Manareco New Materials Co.,Ltd",688550.SS,-3.83,0.608,2.817,Yes
1712,"Beijing Bohui Innovation Biotechnology Group Co., Ltd.",300318.SZ,-2.57,0.404,0.344,No
1713,"Amlogic (Shanghai) Co.,Ltd.",688099.SS,-3.23,0.498,1.801,Yes
1714,"GHT Co.,Ltd",300711.SZ,-2.89,0.444,1.46,Yes
1715,"Sichuan Gangtong Medical Equipment Group Co., Ltd",301515.SZ,-2.69,0.403,1.525,Yes
1716,"Nanjing OLO Home Furnishing Co.,Ltd",603326.SS,-2.7,0.4,1.29,Yes
1717,CCB Principal CSI Agriculture and Animal Husbandry Thematic Index ETF,159616.SZ,-1.52,0.222,0.484,Yes
1718,"Novogene Co., Ltd.",688315.SS,-2.28,0.332,1.142,Yes
1719,"Hangzhou Huaxing Chuangye Communication Technology Co., Ltd.",300025.SZ,-3.07,0.445,1.586,Yes
1720,"DuZhe Publish&Media Co.,Ltd",603999.SS,-2.75,0.398,0.138,Yes
1721,"Goode EIS (Suzhou) Corp., Ltd.",301680.SZ,-3.61,0.52,2.068,Yes
1722,"Qingdao Doublestar Co.,Ltd",000599.SZ,-2.98,0.426,0.944,Yes
1723,Beijing Transtrue Technology Inc.,002771.SZ,-3.44,0.493,0.611,No
1724,"BizConf Telecom Co.,Ltd.",300578.SZ,-3.07,0.437,2.537,Yes
1725,"Glarun Technology Co.,Ltd",600562.SS,-3.23,0.461,0.934,Yes
1726,China Mobile Limited,600941.SS,-1.52,0.214,0.628,No
1727,"Xinjiang Zhundong Petroleum Technology Co., Ltd.",002207.SZ,-5.6,0.802,0.881,Yes
1728,"Joyoung Co.,Ltd",002242.SZ,-2.46,0.347,0.034,Yes
1729,YaGuang Technology Group Company Limited,300123.SZ,-4.63,0.659,1.548,No
1730,"Weaver Network Technology Co., Ltd.",603039.SS,-3.29,0.458,1.142,Yes
1731,"Beijing Comens New Materials Co.,Ltd.",300200.SZ,-3.8,0.53,2.818,Yes
1732,ICBCCS CSI Div Low Volatility 100 ETF,560720.SS,-2.81,0.387,1.737,No
1733,"Shanghai Zhenhua Heavy Industries Co., Ltd.",600320.SS,-2.31,0.318,0.649,Yes
1734,Hotland Yantian Port Warehouse Logistics,180301.SZ,-0.76,0.103,0.206,Yes
1735,"Ningbo Yibin Electronic Technology Co., Ltd.",001278.SZ,-3.01,0.413,1.817,Yes
1736,"SSAW Hotels & Resorts Group Co.,Ltd.",301073.SZ,-3.66,0.501,0.414,Yes
1737,Harvest CSI Aerospace Tech Custom ETF,159638.SZ,-2.77,0.376,1.998,Yes
1738,"Shanghai Sinotec Co., Ltd.",603121.SS,-5.56,0.753,3.756,Yes
1739,"Hangzhou Anysoft Information Technology Co., Ltd.",300571.SZ,-4.51,0.599,2.609,Yes
1740,Ping An SSE 180 ETF,530280.SS,-0.97,0.126,0.844,Yes
1741,"Hunan TV & Broadcast Intermediary Co., Ltd.",000917.SZ,-3.13,0.411,1.147,Yes
1742,"Zhewen Pictures Group co.,ltd",601599.SS,-2.56,0.328,0.533,Yes
1743,"Canature Health Technology Co., Ltd.",300272.SZ,-2.56,0.327,0.458,No
1744,Sichuan Dowell Science and Technology Inc.,300535.SZ,-3.86,0.484,1.799,Yes
1745,"Shanghai Beite Technology group Co., Ltd.",603009.SS,-3.98,0.496,2.777,Yes
1746,"Shenzhen Strongteam Decoration Engineering Co., Ltd.",002989.SZ,-5.43,0.678,3.638,Yes
1747,"Tasly Pharmaceutical Group Co., Ltd",600535.SS,-2.33,0.286,0.904,No
1748,"Liaoning Shidai Wanheng Co.,Ltd.",600241.SS,-3.04,0.373,0.425,No
1749,"Southern Publishing and Media Co.,Ltd.",601900.SS,-2.46,0.3,0.014,Yes
1750,"Jiajiayue Group Co., Ltd.",603708.SS,-2.52,0.307,0.021,No
1751,"CSG Digital Power Grid Research Institute Co.,Ltd.",301638.SZ,-3.69,0.453,0.515,No
1752,"Shanghai SK Automation Technology Co.,Ltd.",688155.SS,-7.17,0.892,4.517,Yes
1753,Penghua CSI National Defense ETF,512670.SS,-2.87,0.349,2.087,Yes
1754,"Sichuan Zhongguang Lightning Protection Technologies Co., Ltd.",300414.SZ,-3.32,0.402,1.412,Yes
1755,"Wisesoft Co., Ltd.",002253.SZ,-2.8,0.338,0.292,Yes
1756,Guotai CSI National Defense Ind ETF,512660.SS,-2.88,0.345,2.082,Yes
1757,GF National Defense Ind ETF,512680.SS,-2.93,0.349,2.077,Yes
1758,"Fujian Foxit Software Development Joint Stock Co., Ltd.",688095.SS,-5.28,0.631,1.405,Yes
1759,"ZHEJIANG DIBAY ELECTRIC CO.,Ltd.",603320.SS,-4.3,0.509,2.749,Yes
1760,Bosera CSI A50 ETF,561750.SS,-0.95,0.11,0.468,Yes
1761,Beijing North Star Company Limited,601588.SS,-2.96,0.344,0.552,Yes
1762,"Opple Lighting Co.,LTD",603515.SS,-2.16,0.249,0.125,No
1763,"Shenzhen Wongtee International Enterprise Co., Ltd.",000056.SZ,-5.22,0.61,0.875,Yes
1764,GF CSI Financial Real Easte ETF,159940.SZ,-1.08,0.123,0.061,No
1765,"Beijing Shougang Co., Ltd.",000959.SZ,-3.71,0.426,0.839,Yes
1766,"CECEP Techand Ecology&Environment Co.,Ltd.",300197.SZ,-3.11,0.356,0.853,Yes
1767,Xiamen Xindeco Ltd.,000701.SZ,-3.28,0.373,0.39,No
1768,"Luoniushan Co., Ltd.",000735.SZ,-3.75,0.423,0.212,Yes
1769,"Shanghai Xinnanyang Only Education & Technology Co.,Ltd",600661.SS,-3.97,0.447,0.235,No
1770,"Zhongzhong Science & Technology (Tianjin) Co., Ltd.",603135.SS,-5.04,0.57,3.224,Yes
1771,"Jiangsu Liance Electromechanical Technology Co., Ltd.",688113.SS,-3.32,0.371,2.272,Yes
1772,"Kontour (Xi'an) Medical Technology Co., Ltd.",688314.SS,-3.84,0.429,0.664,No
1773,"Hunan Fangsheng Pharmaceutical Co., Ltd.",603998.SS,-2.66,0.292,1.088,Yes
1774,Sinoma Energy Conservation Ltd.,603126.SS,-3.02,0.332,1.463,Yes
1775,"Jiangsu Xinri E-Vehicle Co., Ltd.",603787.SS,-4.46,0.494,1.839,No
1776,"MGI Tech Co., Ltd.",688114.SS,-3.63,0.397,1.919,Yes
1777,Fullgoal CSI Rare Metals Industry ETF,159055.SZ,-6.21,0.688,3.484,Yes
1778,Harvest CSI Grand Agriculture ETF,516550.SS,-1.81,0.196,0.187,Yes
1779,Jiangsu Guoxin Corp. Ltd.,002608.SZ,-3.67,0.4,0.763,No
1780,"Fujian Sunner Development Co., Ltd.",002299.SZ,-2.51,0.271,0.31,Yes
1781,Penghua SSE 180 ETF,510040.SS,-1.19,0.127,0.847,Yes
1782,"Kingsignal Technology Co., Ltd.",300252.SZ,-5.05,0.547,3.152,Yes
1783,"Jiangsu Changqing Agrochemical Co., Ltd.",002391.SZ,-2.57,0.273,0.597,Yes
1784,"Yangzhou Jinquan Travelling Goods Co., Ltd.",603307.SS,-2.92,0.307,1.28,Yes
1785,"Beijing Jingneng Thermal Co., Ltd.",002893.SZ,-3.75,0.396,0.815,No
1786,"Gpro Titanium Industry Co., Ltd.",000545.SZ,-3.62,0.38,0.196,Yes
1787,"Shanghai National Center of Testing and Inspection for Electric Cable and Wire Co., Ltd",301289.SZ,-4.15,0.435,2.015,Yes
1788,"Hunan Dajiaweikang Pharmaceutical Industry Co.,Ltd",301126.SZ,-3.46,0.356,0.926,Yes
1789,E Fund CSI Equip Industry ETF,562910.SS,-2.16,0.22,1.383,Yes
1790,China Southern SSE STAR AI ETF,589230.SS,-5.55,0.574,3.142,Yes
1791,"Hangzhou IECHO Science&Technology Co., Ltd.",688092.SS,-3.57,0.362,1.369,Yes
1792,"Zhejiang Ming Jewelry Co., Ltd.",002574.SZ,-3.83,0.387,0.601,Yes
1793,"JINHUI LIQUOR Co., Ltd.",603919.SS,-4.55,0.46,0.238,Yes
1794,"Shanghai Milkground Food Tech Co., Ltd",600882.SS,-6.15,0.613,1.3,No
1795,"North Chemical Industries Co., Ltd.",002246.SZ,-4.07,0.399,0.4,No
1796,"Jiuzhitang Co., Ltd.",000989.SZ,-2.77,0.269,0.633,No
1797,Wanjia CSI Robot ETF,560630.SS,-3.44,0.332,2.01,Yes
1798,"Shanghai Rightongene Biotechnology Co., Ltd.",688217.SS,-4.3,0.417,1.629,Yes
1799,"AMSKY Technology Co., Ltd",300521.SZ,-5.74,0.559,3.093,Yes
1800,Shandong Ouma Software Co. Ltd.,301185.SZ,-3.19,0.305,0.428,Yes
1801,"Anhui Zhongding Sealing Parts Co., Ltd.",000887.SZ,-5.11,0.488,1.12,Yes
1802,"Zhejiang Huamei Holding CO., LTD.",000607.SZ,-4.58,0.43,0.358,Yes
1803,"Impulse (Qingdao) Health Tech Co.,Ltd.",002899.SZ,-5.32,0.499,2.589,Yes
1804,"Aurisco Pharmaceutical Co.,Ltd.",605116.SS,-4.13,0.383,0.772,No
1805,"Nanjing Shenghang Shipping Co., Ltd.",001205.SZ,-3.01,0.274,1.352,Yes
1806,Hwabao WP CSI HKC Medical Trtmnt Thm ETF,159137.SZ,-2.95,0.269,0.418,Yes
1807,"Shandong Longji Machinery Co.,Ltd",002363.SZ,-4.04,0.368,0.799,Yes
1808,GF CSI Photovoltaic Leading 30 ETF,560980.SS,-3.73,0.338,1.854,Yes
1809,"Shenzhen Kingsino Technology Co.,Ltd.",002548.SZ,-5.26,0.479,1.733,Yes
1810,Daqing Huake Company Limited,000985.SZ,-4.35,0.391,1.204,Yes
1811,"Shenzhen Sosen Electronics Co.,Ltd.",301002.SZ,-8.16,0.739,4.216,Yes
1812,"Nanjing Public Utilities Development Co., Ltd.",000421.SZ,-3.17,0.278,0.041,Yes
1813,"Northeast Securities Co., Ltd.",000686.SZ,-2.15,0.186,0.902,Yes
1814,"Uroica Precision Information Engineering Co.,Ltd",300099.SZ,-4.11,0.356,1.429,Yes
1815,CCB Principal SZSE Fundamental 60 Exchange Trade Fund,159916.SZ,-1.6,0.137,0.386,Yes
1816,"Wayzim Technology Co., Ltd.",688211.SS,-3.22,0.277,1.784,Yes
1817,"Beijing Jiaoda Signal Technology Co., Ltd.",300851.SZ,-3.74,0.321,1.178,Yes
1818,"Jiangsu Jinling Sports Equipment Co.,Ltd.",300651.SZ,-7.45,0.644,1.943,Yes
1819,"Tongxing Environmental Protection Technology Co.,Ltd",003027.SZ,-4.48,0.382,1.632,Yes
1820,"Stanley Agriculture Group Co.,Ltd.",002588.SZ,-4.1,0.347,0.294,Yes
1821,"China Tourism And Culture Investment Group Co.,Ltd",600358.SS,-2.68,0.225,0.44,Yes
1822,"Beijing Oriental Yuhong Waterproof Technology Co., Ltd.",002271.SZ,-4.86,0.407,1.237,Yes
1823,"Shandong Huatai Paper Industry Shareholding Co.,Ltd",600308.SS,-3.32,0.276,0.426,Yes
1824,"Cosmos Group Co., Ltd.",002133.SZ,-4.95,0.408,1.138,Yes
1825,"Beilong Precision Technology Co., Ltd.",301567.SZ,-5.33,0.439,1.979,Yes
1826,Zhejiang Canaan Technology Limited,300412.SZ,-4.38,0.36,1.949,Yes
1827,"Xiamen Comfort Science&Technology Group Co., Ltd",002614.SZ,-4.59,0.375,0.391,Yes
1828,"Cinderson Tech (Suzhou) Co., Ltd.",603344.SS,-7.6,0.629,1.48,Yes
1829,"Marssenger Kitchenware Co., Ltd.",300894.SZ,-5.81,0.476,0.885,Yes
1830,Shanghai BOCHU Electronic Technology Corporation Limited,688188.SS,-3.97,0.321,0.981,Yes
1831,"Huatai-Pinebridge Fund Management Co., Ltd - General Aviation Theme Fund",563320.SS,-4.77,0.387,1.83,Yes
1832,"People.cn CO., LTD",603000.SS,-5.6,0.453,0.496,Yes
1833,CPIC SSE STAR Chip Design ETF,588780.SS,-10.84,0.898,3.762,Yes
1834,"CECEP Environmental Protection Co., Ltd.",300140.SZ,-3.88,0.308,0.112,No
1835,Guobang Pharma Ltd.,605507.SS,-3.11,0.245,0.267,No
1836,"Zhuzhou Tianqiao Crane Co., Ltd.",002523.SZ,-4.26,0.336,0.621,Yes
1837,"Lihe Technology (Hunan) Co., Ltd.",300800.SZ,-4.36,0.342,1.504,Yes
1838,"Sichuan Haite High-tech Co.,Ltd",002023.SZ,-6.91,0.549,3.116,Yes
1839,"TUS Environmental Science and Technology Development Co., Ltd.",000826.SZ,-7.72,0.602,1.65,Yes
1840,Guangxi Nanning Waterworks Group Company Limited,601368.SS,-2.96,0.225,0.35,Yes
1841,"Zhejiang Weixing New Building Materials Co., Ltd.",002372.SZ,-4.3,0.329,0.546,Yes
1842,"Hongrun Construction Group Co., Ltd.",002062.SZ,-6.9,0.529,2.355,Yes
1843,"Xianhe Co.,Ltd.",603733.SS,-4.92,0.374,1.634,Yes
1844,Ping An CSI General Aviation Theme ETF,561660.SS,-5.39,0.409,1.877,Yes
1845,"Wintime Energy Group Co.,Ltd.",600157.SS,-2.48,0.185,0.199,Yes
1846,"Zhejiang Int'l Group Co.,Ltd.",000411.SZ,-4.57,0.342,0.145,No
1847,"XIANGPIAOPIAO Food Co.,Ltd",603711.SS,-4.47,0.333,0.569,Yes
1848,"Yangzhou Chenhua New Material Co., Ltd.",300610.SZ,-4.47,0.333,1.541,Yes
1849,Northern United Publishing & Media (Group) Company Limited,601999.SS,-4.2,0.312,0.312,No
1850,"Zhejiang Medicine Co., Ltd.",600216.SS,-3.76,0.278,0.12,No
1851,ChinaAMC SZSE ChiNext AI ETF,159381.SZ,-9.21,0.69,2.739,Yes
1852,"Zhejiang Huace Film & TV Co., Ltd.",300133.SZ,-6.25,0.46,1.964,Yes
1853,"Shanghai Fudan Forward S&T Co., Ltd",600624.SS,-6.05,0.444,0.49,Yes
1854,"Googol Technology Co., Ltd.",301510.SZ,-7.03,0.514,3.165,Yes
1855,GF CSI HK Cnn Nn-Bnk Fncl Thm ETF,513750.SS,-3.54,0.253,0.458,Yes
1856,"Beijing Baination Pictures Co.,Ltd.",300291.SZ,-7.44,0.539,0.848,Yes
1857,"Guangdong Jinming Machinery Co., Ltd.",300281.SZ,-4.99,0.355,1.658,Yes
1858,INESA Intelligent Tech Inc.,600602.SS,-4.51,0.317,0.253,No
1859,"Zhuzhou Times New Material Technology Co., Ltd.",600458.SS,-8.06,0.569,2.886,Yes
1860,"Beijing Huaru Technology Co., Ltd.",301302.SZ,-3.95,0.27,0.289,Yes
1861,"Beijing Global Safety Technology Co., Ltd.",300523.SZ,-4.33,0.294,0.234,Yes
1862,"Improve Medical Instruments Co., Ltd.",300030.SZ,-5.31,0.361,0.768,Yes
1863,Chengdu Xiling Power Science & Technology Incorporated Company,300733.SZ,-3.92,0.265,0.096,No
1864,"Daan Gene Co., Ltd.",002030.SZ,-6.56,0.448,0.272,No
1865,"Guangdong Shunkong Development Co.,Ltd.",003039.SZ,-4.47,0.302,0.471,Yes
1866,"Shanghai Zhenhua Heavy Industries Co., Ltd.",900947.SS,-1.96,0.129,0.395,Yes
1867,Huatai-PB CSI Industrial Non-frs Mtl ETF,560490.SS,-3.65,0.242,1.028,Yes
1868,"Shenzhen CSL Vacuum Science and Technology Co., Ltd.",688785.SS,-14.61,1.022,4.226,Yes
1869,"Zhejiang Weiming Environment Protection Co., Ltd.",603568.SS,-4.86,0.321,0.361,Yes
1870,"Guangzhou Lushan New Materials Co., Ltd.",603051.SS,-5.51,0.364,1.937,Yes
1871,ChinaAMC CSI Inf Tch Aplc Invtn Idsy ETF,562570.SS,-4.63,0.305,1.944,Yes
1872,"Baotou Dongbao Bio-Tech Co.,Ltd",300239.SZ,-3.21,0.209,1.336,Yes
1873,Focus Hotmelt Company Ltd.,301283.SZ,-4.68,0.307,1.288,Yes
1874,"Shanghai Titan Scientific Co., Ltd.",688133.SS,-5.72,0.375,2.343,Yes
1875,"Shenzhen Jasic Technology Co.,Ltd.",300193.SZ,-4.01,0.26,1.385,Yes
1876,"Foran Energy Group Co., Ltd.",002911.SZ,-6.37,0.418,0.728,No
1877,"Shanghai Stonehill Technology Co., Ltd.",002195.SZ,-8.43,0.55,1.496,Yes
1878,China Southern CSI General Aviation ETF,159283.SZ,-6.07,0.39,1.793,Yes
1879,"Guangdong Brandmax Marketing Co.,Ltd.",300805.SZ,-10.78,0.708,1.365,Yes
1880,"Gansu Jiu Steel Group Hongxing Iron & Steel Co.,Ltd.",600307.SS,-4.76,0.303,0.123,No
1881,China Tianying Inc.,000035.SZ,-5.25,0.334,0.249,Yes
1882,"Xinjiang Hejin Holding Co.,Ltd",000633.SZ,-7.96,0.512,0.749,Yes
1883,"Shandong Sinobioway Biomedicine Co., Ltd.",002581.SZ,-12.64,0.829,1.439,Yes
1884,"Tongling Jingda Special Magnet Wire Co., Ltd.",600577.SS,-8.36,0.536,2.967,Yes
1885,"Huatai Securities Co., Ltd.",601688.SS,-4.89,0.307,1.366,Yes
1886,"Xin Hee Co.,Ltd.",003016.SZ,-5.31,0.334,0.266,Yes
1887,Founder Fubon CSI SHS AI 50 ETF,517800.SS,-5.43,0.339,2.022,Yes
1888,"Gansu Yatai Industrial Developent Co.,Ltd.",000691.SZ,-8.4,0.531,1.289,Yes
1889,Chengdu Qinchuan IoT Technology Co.Ltd.,688528.SS,-7.07,0.442,2.183,Yes
1890,"Hefei Snowky Electric Co., Ltd.",001387.SZ,-4.65,0.288,1.333,Yes
1891,"HIT Welding Industry Co.,Ltd",301137.SZ,-7.7,0.481,1.359,Yes
1892,Penghua Hang Seng Biotech ETF,159130.SZ,-4.69,0.289,0.157,Yes
1893,"Shenzhen SED Industry Co., Ltd.",000032.SZ,-12.29,0.786,2.829,Yes
1894,Wuxi Lihu Corporation Limited.,300694.SZ,-5.03,0.31,1.276,Yes
1895,"Shenzhen Tellus Holding Co., Ltd.",000025.SZ,-5.34,0.329,0.01,No
1896,"Inmyshow Digital Technology(Group)Co.,Ltd.",600556.SS,-7.32,0.454,0.901,Yes
1897,"Shanghai HYP-ARCH Architectural Design Consultant Co.,Ltd.",301024.SZ,-9.06,0.566,2.835,Yes
1898,"Zhuhai Port Co.,Ltd.",000507.SZ,-2.75,0.166,0.3,No
1899,"Anhui Korrun Co., Ltd.",300577.SZ,-7.59,0.469,0.398,Yes
1900,"Beijing Aerospace Changfeng Co.,Ltd",600855.SS,-6.99,0.43,1.658,Yes
1901,"Lu Thai Textile Co., Ltd.",000726.SZ,-4.27,0.259,0.12,Yes
1902,"AUCMA Co.,Ltd.",600336.SS,-5.17,0.314,0.681,Yes
1903,"Hylink Digital Solutions Co.,Ltd",603825.SS,-5.85,0.355,0.841,Yes
1904,"Zhongtong Bus Holding Co.,LTD",000957.SZ,-4.42,0.266,0.162,Yes
1905,"Wutong Holding Group Co., Ltd.",300292.SZ,-5.55,0.335,1.859,Yes
1906,CMF CSI Robot ETF,560770.SS,-5.46,0.329,1.983,Yes
1907,"Anhui Hyea Aromas Co., Ltd.",300886.SZ,-6.35,0.384,0.696,Yes
1908,"Hangzhou Todaytec Digital Co., Ltd",300743.SZ,-6.7,0.405,1.624,Yes
1909,"China Zhenhua (Group) Science & Technology Co., Ltd",000733.SZ,-8.07,0.491,2.076,Yes
1910,"Linhai Co.,Ltd.",600099.SS,-5.42,0.325,0.506,Yes
1911,"Pony Testing Co., Ltd.",300887.SZ,-6.45,0.389,1.106,Yes
1912,"Zhejiang Guanghua Technology Co.,Ltd.",001333.SZ,-6.93,0.419,1.378,Yes
1913,"Beijing Hanyi Innovation Technology Co., Ltd.",301270.SZ,-6.92,0.417,0.623,Yes
1914,"Suzhou Jinfu Technology Co., Ltd.",300128.SZ,-10.05,0.612,2.845,Yes
1915,"Shenzhen Zhongheng Huafa Co., Ltd.",000020.SZ,-7.38,0.438,0.396,Yes
1916,"Jiangsu Hanvo Safety Product Co., Ltd.",300952.SZ,-10.78,0.649,1.94,Yes
1917,"Shandong Longda Meishi Co., Ltd.",002726.SZ,-18.23,1.138,2.426,No
1918,"Shandong Newleaf Chemical Co., Ltd.",002476.SZ,-6.55,0.385,1.447,Yes
1919,"CNSIG Anhui Hongsifang Fertilizer Co., Ltd.",603395.SS,-7.57,0.447,0.214,Yes
1920,"Hangzhou Yitong New Material Co., LTD",300930.SZ,-7.32,0.429,2.579,Yes
1921,"State Power Rixin Technology Co., Ltd.",301162.SZ,-6.91,0.404,1.293,Yes
1922,"Huida Sanitary Ware Co.,Ltd",603385.SS,-5.69,0.331,0.823,Yes
1923,"Shandong New Beiyang Information Technology Co., Ltd.",002376.SZ,-4.95,0.285,0.747,Yes
1924,"Tianjin Benefo Tejing Electric Co., Ltd.",600468.SS,-6.29,0.364,0.281,Yes
1925,"Huafang Co.,Ltd",600448.SS,-5.88,0.339,0.664,Yes
1926,China Universal Asset Management - CSI Financials Fund,159931.SZ,-2.23,0.126,0.065,No
1927,"Harbin Air Conditioning Co.,Ltd.",600202.SS,-5.76,0.329,0.907,Yes
1928,China Southern CSI Robot ETF,159258.SZ,-5.85,0.334,2.012,Yes
1929,"Rizhao Port Co.,Ltd",600017.SS,-3.72,0.209,0.105,No
1930,Guangzhou Port Company Limited,601228.SS,-3.84,0.215,0.119,No
1931,"Hangzhou Huawang New Material Technology Co.,Ltd.",605377.SS,-2.63,0.146,0.505,Yes
1932,"Xiangyu Medical Co.,Ltd",688626.SS,-8.25,0.47,1.853,Yes
1933,"Shanxi Taigang Stainless Steel Co., Ltd.",000825.SZ,-6.7,0.377,0.939,Yes
1934,"Zhejiang Feida Environmental Science & Technology Co., Ltd.",600526.SS,-5.31,0.296,0.779,Yes
1935,"Xiamen ITG Group Corp.,Ltd",600755.SS,-3.41,0.188,0.304,No
1936,"Dongguan Changlian New Materials Technology Co.,Ltd.",301618.SZ,-8.78,0.498,2.31,Yes
1937,"Goldcard Smart Group Co., Ltd.",300349.SZ,-7.85,0.441,1.707,Yes
1938,Harvest CSI Robot ETF,159526.SZ,-5.89,0.328,1.957,Yes
1939,"Industrial Bank Co., Ltd.",601166.SS,-4.47,0.246,1.374,No
1940,"Sinoma International Engineering Co.,Ltd",600970.SS,-5.73,0.316,0.187,No
1941,China Railway Signal & Communication Corporation Limited,688009.SS,-3.58,0.193,0.673,No
1942,"Anhui Huangshan Capsule Co., Ltd.",002817.SZ,-5.68,0.309,0.648,Yes
1943,Henan Zhongyuan Expressway Company Limited,600020.SS,-3.43,0.184,0.126,Yes
1944,"Liuzhou Liangmianzhen Co., Ltd.",600249.SS,-5.67,0.308,0.781,No
1945,"Earth-Panda Advanced Magnetic Material Co.,Ltd.",688077.SS,-9.01,0.497,3.184,Yes
1946,"CITIC Niya Wine Co., Ltd.",600084.SS,-10.57,0.587,0.731,No
1947,"Chison Medical Technologies Co., Ltd.",688358.SS,-6.57,0.358,1.786,Yes
1948,"Leshan Electric Power Co.,Ltd",600644.SS,-8.97,0.495,0.098,No
1949,"Bichamp Cutting Technology (Hunan) Co., Ltd.",002843.SZ,-12.74,0.713,3.327,Yes
1950,Guotai CSI Robot ETF,159551.SZ,-6.1,0.329,1.981,Yes
1951,"Zhejiang Benli Technology Co., Ltd.",301065.SZ,-6.08,0.327,1.222,Yes
1952,"Yongyue Science&Technology Co.,Ltd",603879.SS,-7.13,0.383,0.575,Yes
1953,Thinkingdom Media Group Ltd.,603096.SS,-5.75,0.305,0.62,Yes
1954,"Hubei Yihua Chemical Industry Co., Ltd.",000422.SZ,-6.34,0.335,1.065,Yes
1955,"Innovation New Material Technology Co., Ltd.",600361.SS,-5.73,0.3,1.027,Yes
1956,"Jiangsu Yike Food Group Co.,Ltd",301116.SZ,-6.43,0.336,0.98,Yes
1957,"Suzhou Sushi Testing Group Co.,Ltd.",300416.SZ,-8.46,0.446,1.556,Yes
1958,"Zhejiang Juli Culture Development Co.,Ltd.",002247.SZ,-6.46,0.337,0.8,Yes
1959,ChinaAMC CSI agriculture theme ETF,516810.SS,-4.53,0.234,0.127,Yes
1960,"Anhui Provincial Architectural Design and Research Institute Co.,Ltd.",301167.SZ,-6.79,0.353,1.158,Yes
1961,"Luoyang Shenglong Mining Group Co., Ltd.",001257.SZ,-9.25,0.485,0.06,No
1962,"Ningbo Yunsheng Co., Ltd.",600366.SS,-9.3,0.487,3.004,Yes
1963,"Anhui Wantong Technology Co.,Ltd.",002331.SZ,-6.74,0.347,1.731,Yes
1964,CCB Principal Cash TY Exchanged MMkt H,511660.SS,-0.01,0.001,0.0,Yes
1965,"Eurocrane (China) Co., Ltd.",603966.SS,-5.31,0.272,1.216,Yes
1966,"Nanjing Port Co., Ltd.",002040.SZ,-7.28,0.376,0.61,Yes
1967,Tibet AIM Pharm. Inc.,002826.SZ,-5.82,0.297,0.355,Yes
1968,"Ningxia Zhongke Biotechnology Co., Ltd",600165.SS,-9.64,0.502,1.702,Yes
1969,ChinaAMC CSI Rare Metals Industry ETF,159053.SZ,-12.65,0.662,3.424,Yes
1970,BOC CSI Industrial Non-ferrous Metal ETF,560870.SS,-4.94,0.248,1.084,Yes
1971,"Guizhou Bailing Group Pharmaceutical Co., Ltd.",002424.SZ,-7.38,0.375,0.545,No
1972,"Hubei Fuxing Science and Technology Co.,Ltd",000926.SZ,-8.46,0.428,0.292,No
1973,"Quectel Wireless Solutions Co., Ltd.",603236.SS,-9.67,0.49,1.813,Yes
1974,"JiangXi BaiSheng Intelligent Technology Co., Ltd.",301083.SZ,-9.12,0.46,0.668,Yes
1975,E Fund Management Co Ltd - Share Power Grid Equipment ETF,560390.SS,-8.38,0.42,2.122,Yes
1976,"Pubang Landscape Architecture Co., Ltd",002663.SZ,-8.56,0.429,0.403,Yes
1977,"Fujian Yuanxiang New Materials Co.,Ltd",301300.SZ,-8.04,0.401,1.862,Yes
1978,"Tianjin Meiteng Technology Co., Ltd",688420.SS,-7.09,0.352,1.762,Yes
1979,"Ningbo United Group Co.,Ltd.",600051.SS,-5.79,0.285,0.541,Yes
1980,"Chengdu Fusen Noble-House Industrial Co.,Ltd.",002818.SZ,-4.42,0.215,0.699,Yes
1981,"CNGR Advanced Material Co., Ltd.",300919.SZ,-10.36,0.517,2.535,Yes
1982,Beijing Baolande Software Corporation,688058.SS,-8.86,0.438,1.825,Yes
1983,China Eastern Airlines Corporation Limited,600115.SS,-8.98,0.443,1.177,Yes
1984,China Southern Fund Management Co. - Runze Technology Data Center Closed REIT Fund,180901.SZ,-3.77,0.181,0.915,Yes
1985,"Zhejiang JIULI Hi-tech Metals Co., Ltd",002318.SZ,-8.14,0.397,1.986,Yes
1986,"Anshan Senyuan Road and Bridge Co., Ltd",300210.SZ,-9.97,0.489,1.555,Yes
1987,Fullgoal CSI Construct Machinery Thm ETF,516250.SS,-6.39,0.306,0.869,Yes
1988,"Zhuhai Rundu Pharmaceutical Co., Ltd.",002923.SZ,-8.79,0.425,0.362,No
1989,"Empyrean Technology Co., Ltd.",301269.SZ,-11.11,0.543,2.474,Yes
1990,"Hi-Trend Technology (Shanghai) Co., Ltd.",688391.SS,-10.28,0.501,2.938,Yes
1991,"Shenzhen Institute of Building Research Co., Ltd.",300675.SZ,-7.61,0.365,1.233,Yes
1992,"Guangdong Modern High-tech Fiber Co., Ltd",300876.SZ,-10.88,0.53,2.067,Yes
1993,"China Sports Industry Group Co., Ltd.",600158.SS,-10.43,0.505,0.502,No
1994,"Aerospace Intelligent Manufacturing Technology Co., Ltd.",300446.SZ,-10.78,0.523,1.849,Yes
1995,"Shandong Weida Machinery Co., Ltd.",002026.SZ,-8.38,0.401,2.061,Yes
1996,Jiangsu Broadcasting Cable Information Network Corporation Limited,600959.SS,-8.23,0.392,0.662,Yes
1997,"Jilin Jlu Communication Design Institute Co.,Ltd.",300597.SZ,-7.21,0.34,1.167,Yes
1998,"Contemporary Amperex Technology Co., Limited",300750.SZ,-5.67,0.265,0.717,No
1999,"State Grid Yingda Co.,Ltd.",600517.SS,-7.21,0.338,0.547,Yes
2000,ChinaAMC CSI Robot ETF,562500.SS,-7.1,0.333,2.008,Yes
2001,TianHong CSI Robot ETF,159770.SZ,-7.11,0.331,2.003,Yes
2002,E Fund Hang Seng Biotech ETF,159105.SZ,-5.73,0.265,0.126,Yes
2003,Sinopec Oilfield Equipment Corporation,000852.SZ,-8.55,0.399,1.353,Yes
2004,"Triangle Tyre Co.,Ltd",601163.SS,-5.22,0.239,0.397,Yes
2005,"Qianjiang Yongan Pharmaceutical Co., Ltd.",002365.SZ,-9.3,0.434,0.156,No
2006,Jiaze Renewables Corporation Limited,601619.SS,-12.64,0.599,1.224,Yes
2007,"Hunan Xiangjia Animal Husbandry Co.,Ltd",002982.SZ,-7.0,0.322,0.696,Yes
2008,"Meter Instruments Co., Ltd.",301006.SZ,-7.81,0.36,1.277,Yes
2009,"OMH SCIENCE Group Co., Ltd",300486.SZ,-9.53,0.444,1.833,Yes
2010,"Zhejiang Bofay Electric Co., Ltd.",001255.SZ,-9.53,0.443,1.784,Yes
2011,"Xiamen Sunrise Group Co., Ltd.",002593.SZ,-6.64,0.304,0.43,Yes
2012,Digital China Information Service Group Company Ltd.,000555.SZ,-11.87,0.554,0.36,Yes
2013,Fullgoal CSI Shipbuilding Indstry Cm ETF,560710.SS,-8.57,0.393,1.431,Yes
2014,"Suzhou Future Electrical Co., Ltd.",301386.SZ,-6.77,0.307,1.701,Yes
2015,"Hangzhou Xili Intelligent Technology Co.,Ltd",688616.SS,-7.03,0.318,1.132,Yes
2016,Qingdao Copton Technology Company Limited,603798.SS,-11.28,0.519,2.906,Yes
2017,BS CSI Chengdu-Chongqing Economic Circle Component ETF,159623.SZ,-3.53,0.157,0.947,Yes
2018,China Universal CSI Robot ETF,159213.SZ,-7.31,0.329,1.986,Yes
2019,Eternal Asia Supply Chain Management Ltd.,002183.SZ,-9.45,0.43,0.432,Yes
2020,"Shanghai Conglin Environmental Protection Technology Co., Ltd.",688370.SS,-8.84,0.4,1.89,Yes
2021,"Cec Environmental Protection Co.,Ltd",300172.SZ,-6.47,0.289,0.519,Yes
2022,"Ningbo Jifeng Auto Parts Co., Ltd.",603997.SS,-8.41,0.379,0.215,Yes
2023,E Fund CSI SEEE CARBON NEUTRAL ETF,562990.SS,-3.63,0.16,0.973,Yes
2024,"Nanjing Central Emporium (Group) Stocks Co., Ltd.",600280.SS,-6.74,0.301,0.136,Yes
2025,"Jiangsu Sanfame Polyester Material Co.,Ltd.",600370.SS,-12.29,0.563,0.727,Yes
2026,"Xinling Electrical CO., LTD.",301388.SZ,-8.46,0.38,1.566,Yes
2027,"Eastern Pioneer Driving School Co., Ltd",603377.SS,-7.35,0.328,0.477,No
2028,"Jiangxi Changyun Co., Ltd.",600561.SS,-7.8,0.348,0.762,Yes
2029,"Sany Heavy Industry Co.,Ltd",600031.SS,-7.88,0.35,0.337,Yes
2030,"Dongguan Development (Holdings) Co., Ltd.",000828.SZ,-4.39,0.191,0.294,Yes
2031,"Keystone Electrical (Zhejiang) Co.,Ltd.",301448.SZ,-11.79,0.533,1.477,Yes
2032,Wanjia CNI Aerospace ETF,159208.SZ,-8.19,0.364,1.849,Yes
2033,"Baolingbao Biology Co.,Ltd.",002286.SZ,-7.12,0.314,1.577,Yes
2034,SINOTECH Company Limited,688737.SS,-12.26,0.554,2.393,Yes
2035,"Pinming Technology Co., Ltd.",688109.SS,-13.6,0.619,0.165,Yes
2036,"Shenzhen Intellifusion Technologies Co., Ltd.",688343.SS,-15.44,0.708,4.177,Yes
2037,Yinhua CSI Robot ETF,562360.SS,-7.51,0.329,1.979,Yes
2038,"Nanjing Baose Co., Ltd.",300402.SZ,-9.08,0.4,1.433,Yes
2039,Fullgoal CSI Agriculture Thematic ETF,159825.SZ,-5.38,0.233,0.153,Yes
2040,"Sinolong New Materials Co., Ltd.",301565.SZ,-11.55,0.514,1.035,Yes
2041,"Hunan Friendship&Apollo Commercial Co.,Ltd.",002277.SZ,-9.0,0.394,1.574,Yes
2042,China Universal CSI Inf Tch Aplc Inv ETF,560850.SS,-7.21,0.312,2.001,Yes
2043,Guotai CSI Computer Theme ETF,512720.SS,-6.76,0.292,1.868,Yes
2044,"Wasu Media Holding Co.,Ltd",000156.SZ,-6.64,0.287,0.537,Yes
2045,"Wuhan Sanzhen Industry Holding Co.,Ltd",600168.SS,-5.55,0.238,0.058,Yes
2046,"Shenzhen Kedali Industry Co., Ltd.",002850.SZ,-6.13,0.263,0.133,Yes
2047,"SEC Electric Machinery Co., Ltd.",603988.SS,-15.97,0.721,0.977,Yes
2048,"Soho Fashion Group Co., Ltd.",600287.SS,-6.64,0.286,0.598,Yes
2049,"Fujian Nanwang Environment Protection Scien-Tech Co.,Ltd",301355.SZ,-7.39,0.319,1.137,Yes
2050,"Guangzhou Grandbuy Co., Ltd.",002187.SZ,-8.53,0.369,0.341,No
2051,"Shanghai W-Ibeda High Tech.Group Co.,Ltd.",688071.SS,-10.87,0.475,1.296,Yes
2052,"Lingyuan Iron & Steel Co., Ltd.",600231.SS,-9.22,0.4,1.035,Yes
2053,"Beijing Gehua Catv Network Co.,Ltd.",600037.SS,-7.11,0.304,0.47,Yes
2054,"Zhejiang Dragon Technology Co., Ltd.",603004.SS,-10.96,0.476,2.017,Yes
2055,Yinhua CSI Agriculture Theme ETF,159827.SZ,-5.48,0.231,0.146,Yes
2056,"Lu Thai Textile Co., Ltd.",200726.SZ,-3.67,0.154,0.288,No
2057,"Jiangsu United Water Technology Co.,Ltd.",603291.SS,-9.44,0.406,0.032,Yes
2058,"Dongguan Yiheda Automation Co., Ltd",301029.SZ,-10.28,0.443,2.492,Yes
2059,"Zhongshan Public Utilities Group Co.,Ltd",000685.SZ,-3.72,0.155,0.577,Yes
2060,"Hunan Airbluer Environmental Protection Technology Co., Ltd.",301259.SZ,-11.67,0.504,2.248,Yes
2061,"Jiangxi Hongdu Aviation Industry Co., Ltd.",600316.SS,-10.64,0.457,1.569,Yes
2062,"SPIC Green Energy Co., Ltd.",000875.SZ,-11.6,0.498,0.7,Yes
2063,"Urovo Technology Co., Ltd.",300531.SZ,-6.67,0.278,0.688,No
2064,Shandong Iron and Steel Company Ltd.,600022.SS,-7.18,0.299,0.304,Yes
2065,"Orient International Enterprise, Ltd.",600278.SS,-7.82,0.327,0.837,Yes
2066,Risuntek Inc.,002981.SZ,-12.35,0.528,0.236,Yes
2067,ChinaAMC CSI ZJ State-own Innov Dev ETF,515760.SS,-3.35,0.137,0.793,Yes
2068,GF CSI Household Appliances ETF,560880.SS,-3.67,0.15,0.892,Yes
2069,"Shenyang Xingqi Pharmaceutical Co.,Ltd.",300573.SZ,-9.06,0.38,0.694,Yes
2070,"Hangzhou Minsheng Healthcare Co., Ltd.",301507.SZ,-6.08,0.25,0.677,Yes
2071,"Shandong Jinling Mining Co., Ltd.",000655.SZ,-9.63,0.403,1.308,Yes
2072,"Jinan High-tech Development Co., Ltd.",600807.SS,-8.2,0.34,0.568,Yes
2073,Shanghai Dragon Corporation,600630.SS,-12.78,0.541,2.393,Yes
2074,Ping An CSI Industrial Non-ferrs Mtl ETF,560970.SS,-6.03,0.246,1.055,Yes
2075,"Ningbo Shimao Energy Co.,Ltd",605028.SS,-11.21,0.468,1.221,No
2076,"Zhejiang Jinfei Kaida Wheel Co.,Ltd.",002863.SZ,-7.07,0.289,1.042,Yes
2077,"Shifeng Cultural Development Co., Ltd.",002862.SZ,-12.09,0.507,0.552,Yes
2078,"Shanghai Dazhong Public Utilities(Group) Co.,Ltd.",600635.SS,-11.4,0.476,0.282,No
2079,"Nanhua Futures Co., Ltd.",603093.SS,-6.97,0.283,0.632,Yes
2080,"Sichuan Haowu Electromechanical Co., Ltd.",000757.SZ,-10.39,0.427,1.085,Yes
2081,"Nacity Property Service Group Co.,Ltd.",603506.SS,-10.07,0.413,1.478,Yes
2082,CCB Principal HSI SCHK ETF,520770.SS,-6.03,0.242,0.071,No
2083,Harvest HSI SCHK ETF,520960.SS,-5.65,0.226,0.089,No
2084,"Jiangsu General Science Technology Co., Ltd.",601500.SS,-7.25,0.292,0.317,Yes
2085,GF CSI Semiconductor Mtrls Eqpmnt ETF,560780.SS,-17.86,0.759,3.202,Yes
2086,ChinaAMC CSI Smcndctr Mtrl Eqpmt Thm ETF,562590.SS,-17.83,0.756,3.174,Yes
2087,"Shanghai Lingang Holdings Co.,Ltd.",900928.SS,-6.14,0.244,0.941,No
2088,"Liaoning Cheng Da Co., Ltd.",600739.SS,-6.36,0.254,0.685,Yes
2089,"Industrial Securities Co.,Ltd.",601377.SS,-5.74,0.228,0.635,Yes
2090,TianHong CSI Computer Theme ETF,159998.SZ,-7.46,0.298,1.936,Yes
2091,"Shenzhen Textile (Holdings) Co., Ltd.",200045.SZ,-5.14,0.203,0.212,Yes
2092,"Ningxia Xiaoming Agriculture & Animal Husbandry Co.,Ltd",300967.SZ,-11.2,0.455,1.075,Yes
2093,Aisino Co.Ltd.,600271.SS,-11.11,0.451,0.303,Yes
2094,"Juneyao Grand Healthy DrinksCo.,Ltd.",605388.SS,-10.74,0.434,1.211,No
2095,"Zhanjiang Guolian Aquatic Products Co., Ltd.",300094.SZ,-10.33,0.417,0.369,Yes
2096,LAY-OUT Planning Consultants Co. Ltd.,300989.SZ,-9.52,0.381,1.44,Yes
2097,"Haining China Leather Market Co.,Ltd",002344.SZ,-6.3,0.248,0.379,Yes
2098,Fullgoal CSI SEEE Carbon Neutral Index ETF,561190.SS,-4.0,0.156,0.944,Yes
2099,"WPG (Shanghai) Smart Water Public Co.,Ltd.",603956.SS,-6.33,0.249,0.33,Yes
2100,TianHong CNI Aerospace ETF,159241.SZ,-9.08,0.362,1.853,Yes
2101,"INKON Life Technology Co., Ltd.",300143.SZ,-8.36,0.332,0.735,No
2102,"Tianjin Guifaxiang 18th Street Mahua Food Co.,Ltd.",002820.SZ,-8.8,0.348,0.682,Yes
2103,TianHong CSI Agriculture Thematic ETF,512620.SS,-6.76,0.264,0.124,Yes
2104,ChinaAMC CNI Oil&Gas ETF,159189.SZ,-7.39,0.29,0.099,No
2105,E Fund CSI Rare Metals Idsty ETF,561050.SS,-15.51,0.632,3.309,Yes
2106,"Jiangsu Rutong Petro-Machinery Co., Ltd",603036.SS,-13.94,0.563,2.245,Yes
2107,"Inzone Group Co.,Ltd",600858.SS,-6.99,0.273,0.097,Yes
2108,"Gansu Guofang Industry & Trade (Group) Co., Ltd.",601086.SS,-9.64,0.381,0.124,No
2109,Guangzhou Haige Communications Group Incorporated Company,002465.SZ,-13.15,0.529,2.302,Yes
2110,"Bingshan Refrigeration & Heat Transfer Technologies Co., Ltd.",000530.SZ,-9.43,0.372,1.158,Yes
2111,"Sichuan 6912 Communication Technology Co.,Ltd.",301592.SZ,-12.86,0.516,2.521,Yes
2112,"Jilin Jian Yisheng Pharmaceutical Co., Ltd.",002566.SZ,-7.32,0.286,0.371,Yes
2113,"Beijing UniStrong Science&Technology Co.,Ltd.",002383.SZ,-11.79,0.469,0.828,Yes
2114,"LB Group Co., Ltd.",002601.SZ,-10.4,0.41,1.514,Yes
2115,"Dajin Heavy Industry Co.,Ltd.",002487.SZ,-14.17,0.57,2.438,Yes
2116,"Titan Wind Energy (Suzhou) Co.,Ltd",002531.SZ,-13.73,0.549,1.332,Yes
2117,"Youngy Health Co., Ltd.",300247.SZ,-6.9,0.266,0.008,No
2118,"Zhejiang Yankon Group Co., Ltd.",600261.SS,-4.85,0.185,0.534,Yes
2119,"Bide Pharmatech Co., Ltd.",688073.SS,-12.27,0.483,1.929,Yes
2120,Greattown Holdings Ltd.,900940.SS,-5.86,0.223,0.695,Yes
2121,"Xi'an Global Printing Co., Ltd.",002799.SZ,-9.15,0.354,0.738,Yes
2122,IGW CSI Construction Machinery Theme ETF,159065.SZ,-4.85,0.183,,
2123,"Shanghai New Huang Pu Industrial Group Co., Ltd.",600638.SS,-10.6,0.41,0.841,Yes
2124,CICC CSI STAR&CHINEXT AI ETF,588480.SS,-14.92,0.585,2.939,Yes
2125,Hwabao WP CSI IT Inno ETF,562030.SS,-8.42,0.319,2.058,Yes
2126,"Suzhou Victory Precision Manufacture Co., Ltd.",002426.SZ,-13.68,0.532,2.614,Yes
2127,"Beijing Si-Tech Information Technology Co., Ltd.",300608.SZ,-11.28,0.433,1.879,Yes
2128,"Chow Tai Seng Jewellery Co., Ltd.",002867.SZ,-9.68,0.367,0.704,No
2129,FS China CSI A100 Enhanced Index (LOF),164508.SZ,-4.36,0.161,0.792,Yes
2130,Harvest Ruihong 3-year Regular Open Mixed Fund,501088.SS,-3.52,0.13,0.641,Yes
2131,"Beijing Waluer Information Technology Co., Ltd.",301380.SZ,-8.01,0.301,0.683,Yes
2132,"China High-Speed Railway Technology Co., Ltd.",000008.SZ,-8.16,0.306,0.89,No
2133,"Shanghai Lily&Beauty Cosmetics Co.,Ltd.",605136.SS,-11.02,0.417,0.236,Yes
2134,China Universal HIS SCHK ETF,520820.SS,-6.42,0.237,0.05,No
2135,"Beijing Vastdata Technology Co., Ltd.",603138.SS,-13.38,0.51,1.291,Yes
2136,"Zhejiang Huatong Meat Products Co., Ltd.",002840.SZ,-12.41,0.471,0.683,Yes
2137,"Guangdong TianYiMa Information Industry Co.,Ltd.",301178.SZ,-14.68,0.563,2.731,Yes
2138,"Beijing Strong Biotechnologies,Inc.",300406.SZ,-4.83,0.176,0.457,Yes
2139,Fullgoal CSI SHS 500 ETF,517100.SS,-3.15,0.114,0.594,Yes
2140,GF CNI Communications ETF,159507.SZ,-21.61,0.858,2.647,Yes
2141,"Chongqing Pharscin Pharmaceutical Co., Ltd.",002907.SZ,-6.98,0.256,0.71,Yes
2142,"Beijing Kingsoft Office Software, Inc.",688111.SS,-13.13,0.497,0.37,Yes
2143,"Weifu High-Technology Group Co., Ltd.",200581.SZ,-4.29,0.155,0.01,No
2144,"Solbar Ningbo Protein Technology Co., Ltd.",603231.SS,-7.03,0.257,0.968,Yes
2145,"Financial Street Holdings Co., Ltd.",000402.SZ,-10.35,0.384,1.232,Yes
2146,"Juewei Food Co., Ltd.",603517.SS,-9.61,0.354,0.195,Yes
2147,"Penyao Environmental Protection Co., Ltd.",300664.SZ,-6.97,0.253,0.133,Yes
2148,"Shanghai CEO Technology Co., Ltd.",688335.SS,-18.0,0.686,2.41,Yes
2149,TianHong CSI Photovoltaic Industry ETF,159857.SZ,-8.32,0.302,1.814,Yes
2150,Foshan Haitian Flavouring and Food Company Ltd.,603288.SS,-8.32,0.301,1.792,No
2151,Penghua CSI Photovoltaic Industry ETF,159863.SZ,-8.23,0.297,1.792,Yes
2152,"Harbin Jiuzhou Group Co.,Ltd.",300040.SZ,-10.51,0.384,0.497,No
2153,"Nancal Technology Co.,Ltd",603859.SS,-12.21,0.45,2.49,Yes
2154,"North Long Dragon New Materials Tech Co., Ltd.",301357.SZ,-14.35,0.534,0.624,No
2155,"SMS Electric Co.,Ltd.Zhengzhou",002857.SZ,-11.2,0.41,1.89,Yes
2156,"Weihai Guangwei Composites Co., Ltd.",300699.SZ,-12.89,0.475,1.249,Yes
2157,GF CSI SEEE Carbon Neutral ETF,560550.SS,-4.28,0.151,0.884,Yes
2158,"ZheJiang HuaSheng Technology Co.,Ltd",605180.SS,-9.82,0.355,1.38,Yes
2159,"Chengdu B-ray Media Co.,Ltd.",600880.SS,-11.44,0.416,1.062,Yes
2160,"Guangxi Wuzhou Zhongheng Group Co., Ltd",600252.SS,-10.74,0.389,1.093,No
2161,"Shenzhen Deren Electronic Co., Ltd.",002055.SZ,-13.65,0.501,1.411,Yes
2162,Yinhua CSI Photovoltaic Industry ETF,516880.SS,-8.32,0.298,1.777,Yes
2163,"BlueSword Intelligent Technology Co., Ltd.",688557.SS,-11.73,0.425,2.798,Yes
2164,Yinhua CSI SHS 500 ETF,517000.SS,-3.21,0.111,0.587,Yes
2165,ChinaAMC CSI Equip Industry ETF,516320.SS,-6.17,0.215,1.351,Yes
2166,"Zhejiang Qianjiang Biochemical Co., Ltd",600796.SS,-8.73,0.308,0.452,Yes
2167,"Sinomach Automobile Co.,Ltd.",600335.SS,-7.98,0.28,0.097,Yes
2168,"KEDE Numerical Control Co., Ltd.",688305.SS,-7.96,0.28,1.716,Yes
2169,"Ningbo David Medical Device Co., Ltd.",300314.SZ,-10.31,0.364,0.838,Yes
2170,Venustech Group Inc.,002439.SZ,-9.83,0.346,0.833,Yes
2171,Guotai CSI Photovoltaic Industry ETF,159864.SZ,-8.59,0.301,1.772,Yes
2172,"Shanghai Kaytune Industrial Co.,Ltd",301001.SZ,-13.51,0.483,0.966,Yes
2173,"Suzhou Jin Hong Shun Auto Parts Co., Ltd.",603922.SS,-19.97,0.738,2.41,Yes
2174,"Zhuhai Enpower Electric Co.,Ltd.",300681.SZ,-18.47,0.676,3.727,Yes
2175,"Zhejiang Starry Pharmaceutical Co.,Ltd.",603520.SS,-10.99,0.387,1.778,Yes
2176,"Changchun UP Optotech Co.,Ltd.",002338.SZ,-15.24,0.548,3.246,Yes
2177,"Guangdong Rifeng Electric Cable Co., Ltd.",002953.SZ,-10.57,0.37,1.088,Yes
2178,Harvest CSI Photovoltaic Industry ETF,159123.SZ,-9.43,0.328,1.79,Yes
2179,"Shanghai @hub Co.,Ltd.",603881.SS,-11.47,0.403,0.648,Yes
2180,GF CNI Industrial Software ETF,159145.SZ,-11.64,0.409,2.273,Yes
2181,"Mega-info Media Co.,Ltd.",301102.SZ,-11.02,0.386,0.452,Yes
2182,"Suli Co., Ltd.",603585.SS,-10.65,0.372,0.344,Yes
2183,"Nanjing COSMOS Chemical Co., Ltd.",300856.SZ,-11.81,0.415,0.533,Yes
2184,Shenzhen L&A Design Holding Limited,300949.SZ,-12.13,0.426,1.039,Yes
2185,"Northeast Pharmaceutical Group Co., Ltd.",000597.SZ,-5.82,0.198,0.498,No
2186,"Zhuhai Winbase International Chemical Tank Terminal Co.,Ltd",002492.SZ,-12.74,0.449,2.1,Yes
2187,"Changbai Mountain Tourism Co., Ltd.",603099.SS,-9.33,0.323,0.062,No
2188,"Sichuan Mingxing Electric Power Co., Ltd.",600101.SS,-10.18,0.353,0.659,Yes
2189,"HangZhou Everfine Photo-e-info Co., Ltd.",300306.SZ,-9.29,0.32,1.49,Yes
2190,Huatai-PB CSI Entprs Core Cmptvns 50 ETF,561500.SS,-4.59,0.154,0.867,Yes
2191,"Nanjing Iron & Steel Co., Ltd.",600282.SS,-6.74,0.228,0.157,No
2192,"Sichuan Newsnet Media (Group) Co., Ltd.",300987.SZ,-13.02,0.451,1.15,Yes
2193,"BGRIMM Technology Co., Ltd.",600980.SS,-10.53,0.36,2.092,Yes
2194,KraussMaffei Company Limited,600579.SS,-12.06,0.415,1.4,Yes
2195,"Runa Smart Equipment Co., Ltd.",301129.SZ,-10.7,0.366,1.518,Yes
2196,"Guangdong Yantang Dairy Co., Ltd.",002732.SZ,-10.12,0.344,0.101,No
2197,"CSG Holding Co., Ltd.",000012.SZ,-12.97,0.447,1.246,Yes
2198,"Zhe Jiang Dayang Biotech Group Co., Ltd.",003017.SZ,-9.05,0.305,1.8,Yes
2199,"China-Singapore Suzhou Industrial Park Development Group Co., Ltd.",601512.SS,-8.93,0.301,1.057,Yes
2200,"Henan Jindan Lactic Acid Technology Co.,Ltd.",300829.SZ,-11.34,0.386,0.575,No
2201,"Shandong Delisi Food Co., Ltd.",002330.SZ,-10.01,0.337,0.098,Yes
2202,"Jiangsu Yunyong Electronics and Technology Co.,Ltd",688060.SS,-11.72,0.398,1.67,Yes
2203,"Jiangsu Yueda Investment Co., Ltd.",600805.SS,-7.76,0.258,0.483,Yes
2204,"Shanghai Electric Power Co., Ltd.",600021.SS,-20.88,0.744,0.807,Yes
2205,Lingyi iTech (Guangdong) Company,002600.SZ,-13.88,0.476,2.462,Yes
2206,"Beijing Kingee Culture Development Co., Ltd.",002721.SZ,-12.32,0.419,1.086,Yes
2207,"Fuan Pharmaceutical (Group) Co., Ltd.",300194.SZ,-6.62,0.218,0.18,Yes
2208,ChinaAMC CNI Aerospace ETF,159227.SZ,-10.69,0.359,1.828,Yes
2209,Yinhua Fund Management Company Limited - Yinhua Shaoxing Yuanshui Water REIT Fund,180701.SZ,-5.18,0.169,0.638,Yes
2210,"WebRAY Tech(Beijing) Co., Ltd.",688651.SS,-11.21,0.376,2.276,Yes
2211,Xinjiang East Universe Gas Co.Ltd.,603706.SS,-9.56,0.317,0.337,Yes
2212,"Hubei Forbon Technology Co.,Ltd.",300387.SZ,-9.95,0.33,1.241,Yes
2213,"Zhejiang Jiaao Enprotech Stock Co., Ltd",603822.SS,-14.76,0.501,2.395,Yes
2214,"Beijing Haohan Data Technology Co.,Ltd",688292.SS,-15.06,0.512,1.356,Yes
2215,"Xiandai Investment Co.,Ltd",000900.SZ,-5.77,0.187,0.009,No
2216,"Liuzhou Chemical Industry Co., Ltd.",600423.SS,-12.75,0.425,1.047,No
2217,"Bestsun Energy Co., Ltd.",600681.SS,-7.23,0.234,0.58,No
2218,"Shanghai Shentong Metro Co.,Ltd.",600834.SS,-7.59,0.246,0.272,No
2219,"Qingdao Yunlu Advanced Materials Technology Co., Ltd.",688190.SS,-19.9,0.685,1.298,Yes
2220,"Tianjin Chase Sun Pharmaceutical Co.,Ltd",300026.SZ,-7.6,0.245,0.544,No
2221,China Southern Fund Management Co. - China southern GDS idc REIT Fund,508060.SS,-4.52,0.143,0.753,Yes
2222,"Geovis Technology Co.,Ltd",688568.SS,-16.95,0.57,1.687,Yes
2223,Nanjing Panda Electronics Company Limited,600775.SS,-10.3,0.334,0.791,Yes
2224,SPDB CSI Photovoltaic Industry ETF,159609.SZ,-9.39,0.303,1.8,Yes
2225,ChinaAMC CSI 5G Communication ETF,515050.SS,-24.53,0.858,3.801,Yes
2226,"Xinjiang Winka Times Department Store Co.,Ltd.",603101.SS,-18.37,0.618,1.65,Yes
2227,"Whole Shine Medical Technology Co., Ltd.",002622.SZ,-11.45,0.371,0.561,Yes
2228,Shanghai Porigine Chemical Material Group Co. Ltd.,603196.SS,-10.26,0.33,1.691,Yes
2229,"Anhui Quanchai Engine Co., Ltd.",600218.SS,-11.73,0.38,0.732,Yes
2230,"Guangdong Mingyang Electric Co.,Ltd.",301291.SZ,-18.29,0.613,0.781,Yes
2231,China Southern CSI SEEE Carbon Neutral ETF,159639.SZ,-4.9,0.153,0.931,Yes
2232,"Suzhou Longway Electronic Machinery Co., Ltd.",301202.SZ,-12.07,0.391,2.089,Yes
2233,"Lets Holdings Group Co., Ltd.",002398.SZ,-10.15,0.325,0.203,Yes
2234,"Guangdong Huiyun Titanium Industry Co., Ltd.",300891.SZ,-12.78,0.414,1.547,Yes
2235,Ping An CSI Photovoltaic Industry ETF,516180.SS,-9.34,0.298,1.784,Yes
2236,"RoadMainT Co.,Ltd.",603860.SS,-8.56,0.272,0.703,Yes
2237,"Guangxi Chisage Fine Chemical Technology Co., Ltd.",000953.SZ,-10.19,0.326,0.325,Yes
2238,"Bohai Ferry Group Co., Ltd.",603167.SS,-7.06,0.222,0.127,No
2239,"Chongqing Hifuture Information Technology Co., Ltd.",002168.SZ,-6.85,0.215,0.329,Yes
2240,"Chengdu Galaxy Magnets Co.,Ltd.",300127.SZ,-14.02,0.457,3.024,Yes
2241,WL SZSE Dividend ETF,159708.SZ,-4.49,0.139,0.31,Yes
2242,E Fund CNI Oil&Gas ETF,159181.SZ,-9.35,0.296,0.116,No
2243,"Conch (Anhui) Energy Saving and Environment Protection New Material Co., Ltd.",000619.SZ,-10.27,0.325,0.807,Yes
2244,"Hebei Keli Automobile Equipment Co., Ltd.",301552.SZ,-9.95,0.314,0.939,Yes
2245,"Shanghai HIUV New Materials Co.,Ltd",688680.SS,-21.8,0.733,3.245,Yes
2246,"Zhengzhou Suda Industry Machinery Service Co., Ltd.",001277.SZ,-11.12,0.353,1.682,Yes
2247,"Jiangsu Hengxing New Material Technology Co.,Ltd.",603276.SS,-8.41,0.263,1.322,Yes
2248,"Tianjin Tianbao Infrastructure Co., Ltd.",000965.SZ,-9.98,0.314,0.313,Yes
2249,"Beijing Bohui Science & Technology Co., Ltd",688004.SS,-13.91,0.447,0.667,No
2250,Huatai-PB CSI Photovoltaic Industry ETF,515790.SS,-9.61,0.302,1.805,Yes
2251,"Top Resource Energy Co., Ltd.",300332.SZ,-9.8,0.308,0.373,No
2252,"New DaZheng Property Group Co., LTD",002968.SZ,-11.54,0.366,1.51,Yes
2253,"China Testing & Certification International Group Co.,Ltd.",603060.SS,-9.22,0.289,0.958,Yes
2254,QC Solar Corporation,301278.SZ,-11.48,0.362,1.38,Yes
2255,"Fangda Special Steel Technology Co., Ltd.",600507.SS,-12.84,0.408,0.741,Yes
2256,Huaan CNI Aerospace ETF,159267.SZ,-11.44,0.36,1.841,Yes
2257,"Weichai Heavy Machinery Co., Ltd.",000880.SZ,-18.16,0.591,3.03,Yes
2258,"Shanghai Bolex Food Technology Co., Ltd.",603170.SS,-10.01,0.312,0.026,No
2259,"Kaiyuan Education Technology Group Co., Ltd.",300338.SZ,-13.53,0.429,0.237,Yes
2260,"Jilin Chemical Fibre Stock Co.,Ltd",000420.SZ,-9.28,0.288,0.956,Yes
2261,"Guangdong Yowant Technology Group Co., Ltd.",002291.SZ,-12.64,0.398,0.601,Yes
2262,"Bright Real Estate Group Co.,Limited",600708.SS,-12.8,0.403,2.199,Yes
2263,E Fund CSI 300 Non-bank Financial Exchange-Traded Open-end Index Fund,512070.SS,-6.44,0.196,0.655,Yes
2264,"NCS Testing Technology Co., Ltd.",300797.SZ,-12.14,0.38,2.43,Yes
2265,Fullgoal CSI Natnl Defense Ind Lead ETF,512710.SS,-10.59,0.329,1.704,Yes
2266,"Bohai Water Industry Co.,Ltd",000605.SZ,-9.26,0.286,0.58,Yes
2267,"Yutong Heavy Industries Co.,Ltd.",600817.SS,-9.15,0.282,1.024,Yes
2268,"Hainan Jingliang Holdings Co., Ltd.",200505.SZ,-6.58,0.2,0.529,No
2269,"Wangneng Environment Co.,Ltd",002034.SZ,-9.57,0.295,0.566,Yes
2270,"Sanchuan Wisdom Technology Co., Ltd.",300066.SZ,-14.18,0.447,2.334,Yes
2271,"Sunfly Intelligent Technology Co., LTD",300423.SZ,-15.39,0.488,1.317,Yes
2272,"Shanghai Jinqiao Export Processing Zone Development Co.,Ltd",900911.SS,-3.98,0.119,0.219,No
2273,"Jiangsu Hongde Special Parts Co.,Ltd.",301163.SZ,-11.21,0.348,1.533,Yes
2274,China Universal CSI Photov ETF,516290.SS,-9.75,0.3,1.783,Yes
2275,"Bosun Co., Ltd.",002282.SZ,-7.67,0.233,0.784,Yes
2276,"Shenyang Yuanda Intellectual Industry Group Co.,Ltd",002689.SZ,-18.16,0.579,0.952,Yes
2277,Guilin Layn Natural Ingredients Corp.,002166.SZ,-10.01,0.306,0.195,No
2278,"Beijing Dahao Technology Corp.,Ltd",603025.SS,-12.16,0.375,1.836,Yes
2279,"Jilin Asia Link Technology Development Co.,Ltd.",002316.SZ,-10.83,0.332,0.375,Yes
2280,Tibet Eastmoney CSISHHKSZ In Drg Ids ETF,159622.SZ,-6.67,0.199,0.032,Yes
2281,HENGHUI Technology Corporation Limited,301678.SZ,-24.54,0.804,3.851,Yes
2282,"Jiangyin Electrical Alloy Co.,Ltd",300697.SZ,-13.74,0.424,2.705,Yes
2283,"Maxic Technology, Inc.",688458.SS,-16.59,0.518,3.219,Yes
2284,Guotai CSI Nonferrous Metals Mining ETF,561330.SS,-21.82,0.697,2.216,Yes
2285,"Mayinglong Pharmaceutical Group Co., Ltd.",600993.SS,-8.63,0.257,0.277,No
2286,GF CSI Livestock Breeding Industry ETF,512450.SS,-10.7,0.321,0.341,No
2287,"Sinosteel Engineering & Technology Co., Ltd.",000928.SZ,-7.14,0.21,0.074,Yes
2288,"Xinjiang Xuefeng Sci-Tech(Group)Co.,Ltd",603227.SS,-10.69,0.321,1.24,No
2289,"JL Mag Rare-Earth Co., Ltd.",300748.SZ,-14.3,0.437,2.788,Yes
2290,"VT Industrial Technology Co.,Ltd",300707.SZ,-11.47,0.345,1.247,Yes
2291,"Huaren Pharmaceutical Co., Ltd.",300110.SZ,-8.81,0.261,0.135,Yes
2292,Guotai SZSE ChiNext AI ETF,159388.SZ,-23.21,0.742,1.326,Yes
2293,"Vanjee Technology Co., Ltd.",300552.SZ,-15.34,0.469,2.218,Yes
2294,"Shenzhen Cereals Holdings Co.,Ltd.",200019.SZ,-3.45,0.099,0.408,No
2295,"COFCO Biotechnology Co., Ltd.",000930.SZ,-12.04,0.361,0.243,No
2296,"Ningbo Ronbay New Energy Technology Co.,Ltd.",688005.SS,-14.33,0.435,1.171,Yes
2297,"Beijing Hengyu Datacom Aviation Equipment Co., Ltd.",300965.SZ,-17.61,0.543,1.79,Yes
2298,"IGW CSI All Shr Agri,Husba & Fishery ETF",560210.SS,-11.62,0.347,0.155,No
2299,DaCheng CSI Battery Thematic ETF,159155.SZ,-12.16,0.364,1.658,Yes
2300,Ugreen Group Limited,301606.SZ,-13.82,0.417,1.664,Yes
2301,"Chongqing Port Co.,Ltd.",600279.SS,-11.39,0.339,0.384,No
2302,"Zhejiang Asia-Pacific Mechanical & Electronic Co.,Ltd",002284.SZ,-15.91,0.484,2.033,Yes
2303,Huaan CSI Photovoltaic Industry ETF,159618.SZ,-10.21,0.301,1.798,Yes
2304,Changsha Tongcheng Holdings Co.Ltd,000419.SZ,-8.84,0.257,0.155,Yes
2305,E Fund CSI Construction Machinry Thm ETF,159138.SZ,-10.03,0.292,0.696,Yes
2306,Penghua Shenzhen Energy Clean Energy Closed Infrastructure Securities Investment Fund,180401.SZ,-3.6,0.101,0.206,Yes
2307,"Jiangsu Rongtai Industry Co., Ltd.",605133.SS,-20.36,0.625,3.424,Yes
2308,"Wuhan Hiteck Biological Pharma Co.,Ltd",300683.SZ,-17.0,0.512,1.579,No
2309,"Gansu Huangtai Wine-Marketing Industry Co.,Ltd",000995.SZ,-16.07,0.481,0.101,Yes
2310,"Shenzhen Textile (Holdings) Co., Ltd.",000045.SZ,-10.21,0.297,0.264,Yes
2311,"Guizhou BC&TV Information Network CO.,LTD",600996.SS,-18.0,0.544,2.102,No
2312,"Shenzhen Longtech Smart Control Co., Ltd.",300916.SZ,-21.23,0.653,2.813,Yes
2313,Guangzhou Restaurant Group Company Limited,603043.SS,-9.17,0.265,0.036,No
2314,"Jiangxi Sunshine Dairy Co., Ltd.",001318.SZ,-10.54,0.306,0.078,No
2315,"Guangzhou Huayan Precision Machinery Co.,Ltd.",301138.SZ,-13.35,0.393,1.848,Yes
2316,"Zhejiang Supor Co., Ltd.",002032.SZ,-9.18,0.264,0.583,No
2317,"Zhongjing Food Co., Ltd.",300908.SZ,-8.16,0.233,0.123,Yes
2318,"Shenzhen New Land Tool Planning & Architectural Design Co., Ltd.",300778.SZ,-12.86,0.376,1.183,Yes
2319,"Renhe Pharmacy Co.,Ltd",000650.SZ,-6.26,0.177,0.031,No
2320,"Western Superconducting Technologies Co., Ltd.",688122.SS,-16.0,0.475,1.971,Yes
2321,"Songz Automobile Air Conditioning Co., Ltd",002454.SZ,-9.92,0.285,0.57,Yes
2322,"Shenzhen Leaguer Co., Ltd.",002243.SZ,-14.78,0.436,0.797,Yes
2323,"Shenzhen Neptunus Bioengineering Co., Ltd.",000078.SZ,-24.38,0.757,0.656,No
2324,"Genimous Technology Co., Ltd.",000676.SZ,-20.55,0.624,1.425,No
2325,Keeson Technology Corporation Limited,603610.SS,-14.81,0.436,2.235,Yes
2326,"Zhongyin Babi Food Co., Ltd.",605338.SS,-11.78,0.34,0.192,No
2327,"Wuxi Smart Auto-Control Engineering Co., Ltd.",002877.SZ,-9.64,0.275,0.987,Yes
2328,"SolaX Power Network Technology (Zhejiang) Co., Ltd.",688717.SS,-27.28,0.856,1.879,Yes
2329,"Beijing Sinnet Technology Co.,Ltd",300383.SZ,-13.57,0.395,0.098,No
2330,"Shanghai Foreign Service Holding Group Co., Ltd.",600662.SS,-12.94,0.373,0.542,Yes
2331,Fujian Cement Inc.,600802.SS,-14.52,0.421,0.071,No
2332,"Troy Information Technology Co., Ltd.",300366.SZ,-12.05,0.345,1.059,Yes
2333,"Moso Power Supply Technology Co.,Ltd",002660.SZ,-14.79,0.429,1.364,Yes
2334,"Everbright Jiabao Co., Ltd.",600622.SS,-13.79,0.397,0.185,Yes
2335,"Shandong Jinjing Science & Technology Stock Co.,Ltd",600586.SS,-11.72,0.333,0.996,Yes
2336,ChinaAMC CSI Photovoltaic Industry ETF,515370.SS,-11.53,0.327,1.782,Yes
2337,Hangzhou Onechance Tech Crop.,300792.SZ,-22.01,0.66,2.042,Yes
2338,"Shanghai Obio Technology (Group) Corp., Ltd.",688238.SS,-11.96,0.34,1.084,Yes
2339,"Wuxi Xinan Technology Co., Ltd.",301170.SZ,-10.34,0.291,1.155,Yes
2340,"Anyang Iron and Steel Co.,Ltd.",600569.SS,-13.06,0.372,0.841,Yes
2341,"China Resources Sanjiu Medical & Pharmaceutical Co., Ltd.",000999.SZ,-8.0,0.222,0.766,No
2342,"Shenzhen Zhongzhuang Construction Group Co.,Ltd",002822.SZ,-10.28,0.289,0.464,Yes
2343,"Hangzhou Huning Elevator Parts Co., Ltd.",300669.SZ,-16.57,0.48,2.444,Yes
2344,"Humanwell Healthcare (Group) Co.,Ltd.",600079.SS,-8.03,0.222,0.166,Yes
2345,"Hanshang Group Co., Ltd.",600774.SS,-13.94,0.397,1.249,Yes
2346,"Chang Chun Eurasia Group Co., Ltd.",600697.SS,-9.82,0.273,0.692,Yes
2347,"Nanjing Medlander Medical Technology Co.,Ltd.",688273.SS,-18.09,0.524,3.346,Yes
2348,"Kuangda Technology Group Co., Ltd.",002516.SZ,-9.51,0.263,1.533,Yes
2349,"Weiye Construction Group Co., Ltd.",300621.SZ,-13.17,0.371,0.941,Yes
2350,"Lizhong Sitong Light Alloys Group Co., Ltd.",300428.SZ,-12.01,0.336,1.316,Yes
2351,"Shenzhen Ysstech Info-Tech Co.,Ltd",300377.SZ,-20.71,0.606,2.102,Yes
2352,China Southern Airlines Company Limited,600029.SS,-13.11,0.368,0.734,Yes
2353,"State Grid Information & Communication Co., Ltd.",600131.SS,-12.36,0.344,0.188,Yes
2354,"Xinjiang Qingsong Building Materials and Chemicals Group Co., Ltd.",600425.SS,-10.08,0.277,0.796,Yes
2355,"Visual China Group Co.,Ltd.",000681.SZ,-12.3,0.342,1.838,Yes
2356,"Qianhe Condiment and Food Co., Ltd.",603027.SS,-11.08,0.304,0.401,No
2357,"RNBC New Energy Co., Ltd.",301667.SZ,-22.16,0.645,0.336,No
2358,"Nanfang Ventilator Co., Ltd.",300004.SZ,-20.13,0.579,2.798,Yes
2359,Loongson Technology Corporation Limited,688047.SS,-21.2,0.61,3.661,Yes
2360,"Postal Savings Bank of China Co., Ltd.",601658.SS,-4.42,0.117,0.579,No
2361,"Shanghai Sanmao Enterprise (Group) Co., Ltd.",600689.SS,-13.18,0.363,0.981,Yes
2362,"Zhongbai Holdings Group Co.,Ltd.",000759.SZ,-11.43,0.312,0.292,No
2363,"TangshanJidong Equipment and Engineering Co.,Ltd.",000856.SZ,-13.24,0.365,0.067,No
2364,Shanghai Chemspec Corporation,688602.SS,-14.79,0.41,1.676,Yes
2365,China National Complete Plant Import & Export Corporation Limited,000151.SZ,-13.31,0.366,1.32,Yes
2366,"Hillstone Networks Co.,Ltd.",688030.SS,-11.48,0.312,1.382,Yes
2367,"Hunan Warrant Pharmaceutical Co.,Ltd",688799.SS,-14.09,0.388,0.251,No
2368,"Shanghai Wisdom Information Technology Co., Ltd.",301315.SZ,-13.86,0.381,1.623,Yes
2369,Beijing Haitian Ruisheng Science Technology Ltd.,688787.SS,-16.65,0.464,2.097,Yes
2370,CMF CSI SEEE Carbon Neutral ETF,159641.SZ,-5.85,0.154,0.93,Yes
2371,"ORG Technology Co., Ltd.",002701.SZ,-12.37,0.337,0.059,Yes
2372,"Soochow Securities Co., Ltd.",601555.SS,-8.3,0.221,1.061,Yes
2373,"Vcanbio Cell & Gene Engineering Corp., Ltd",600645.SS,-16.02,0.443,1.512,No
2374,Guotai CSI Non-ferrous metals ETF,159881.SZ,-23.72,0.685,2.08,Yes
2375,"Haier Smart Home Co., Ltd.",600690.SS,-9.97,0.267,0.042,No
2376,CICC Fund Management Co. - Vipshop Closed Commercial Real Estate Securities Investment Fund,508603.SS,-0.75,0.019,,
2377,ICBCCS SZSE Dividend ETF,159905.SZ,-5.27,0.138,0.287,Yes
2378,E Fund CSI Battery Thematic ETF,159175.SZ,-14.74,0.404,1.58,Yes
2379,"Fuchun Technology Co., Ltd.",300299.SZ,-11.99,0.323,0.324,Yes
2380,"Shanghai Kaichuang Marine International Co., Ltd.",600097.SS,-12.6,0.341,0.725,Yes
2381,"Ganzhou Tengyuan Cobalt New Material Co., Ltd.",301219.SZ,-25.26,0.732,3.887,Yes
2382,360 Security Technology Inc.,601360.SS,-13.61,0.369,0.341,Yes
2383,"Shaanxi Xinghua Chemistry Co.,Ltd",002109.SZ,-16.47,0.454,0.056,Yes
2384,"CGN Nuclear Technology Development Co., Ltd.",000881.SZ,-9.32,0.247,0.587,Yes
2385,"Minfeng Special Paper Co.,Ltd.",600235.SS,-11.67,0.313,0.702,Yes
2386,"Xinjiang Tianfu Energy Co., Ltd.",600509.SS,-11.97,0.321,0.559,Yes
2387,ADAMA Ltd.,000553.SZ,-11.01,0.293,0.577,Yes
2388,"Jiangxi Huangshanghuang Group Food Co., Ltd.",002695.SZ,-9.89,0.261,0.925,Yes
2389,"Shanghai Awinic Technology Co.,Ltd.",688798.SS,-18.43,0.508,2.792,Yes
2390,Ronglian Group Ltd.,002642.SZ,-16.18,0.44,0.907,No
2391,Guotai CSI Household Appliances ETF,159996.SZ,-5.8,0.149,0.895,Yes
2392,"Monalisa Group CO.,Ltd",002918.SZ,-21.93,0.613,2.206,Yes
2393,"Kaiser (China) Culture Co., LTD",002425.SZ,-14.4,0.386,0.896,Yes
2394,"Jiangsu Apon Medical Technology Co., Ltd.",300753.SZ,-18.03,0.493,0.664,Yes
2395,"C&S Paper Co.,Ltd",002511.SZ,-11.0,0.289,0.192,No
2396,"Shenzhen Huakong Seg Co., Ltd.",000068.SZ,-10.06,0.264,0.653,Yes
2397,"Yiwu Huading Nylon Co.,Ltd.",601113.SS,-13.14,0.348,0.482,Yes
2398,"Hoshine Silicon Industry Co., Ltd.",603260.SS,-20.48,0.564,2.475,Yes
2399,"Byhealth Co., Ltd",300146.SZ,-9.82,0.256,0.251,No
2400,"Changzhou Wujin Zhongrui Electronic Technology Co., Ltd.",301587.SZ,-11.25,0.295,0.597,Yes
2401,"Guangdong Prolto Supply Chain Management Co., Ltd.",002769.SZ,-14.57,0.388,0.419,Yes
2402,"GEM Co., Ltd.",002340.SZ,-15.98,0.428,1.827,Yes
2403,Shanghai Huayi Group Corporation Limited,900909.SS,-7.41,0.19,0.549,Yes
2404,"Whirlpool China Co., Ltd.",600983.SS,-14.5,0.385,0.15,Yes
2405,Jingjin Equipment Inc.,603279.SS,-18.64,0.505,0.79,Yes
2406,"Beijing Tieke Shougang Rail Way-Tech Co., Ltd.",688569.SS,-9.61,0.248,0.0,No
2407,"Shanghai Jin Jiang International Hotels Co., Ltd.",600754.SS,-12.04,0.315,0.211,No
2408,"Hefei Conver Holding Co.,Ltd.",603409.SS,-15.72,0.419,1.233,Yes
2409,"Ningbo Lian Technology Co.,Ltd",300784.SZ,-15.98,0.426,2.252,Yes
2410,GF CSI All Share Food ETF,563850.SS,-7.33,0.186,0.084,No
2411,"BTG Hotels (Group) Co., Ltd.",600258.SS,-13.45,0.352,0.209,Yes
2412,"Xinjiang Youhao(Group)Co.,Ltd",600778.SS,-12.77,0.333,0.741,Yes
2413,"Jiangsu Wanlin Modern Logistics Co., Ltd.",603117.SS,-17.86,0.478,0.895,Yes
2414,"YouYou Foods Co., Ltd.",603697.SS,-12.7,0.331,0.808,Yes
2415,"Shandong Teamgene Technology Co., Ltd.",603151.SS,-22.78,0.626,1.583,Yes
2416,BYD Company Limited,002594.SZ,-14.89,0.391,2.021,No
2417,China Southern CSI Battery Thematic ETF,159147.SZ,-13.92,0.364,1.635,Yes
2418,"Guangxi Rural Investment Sugar Industry Group Co., Ltd",000911.SZ,-19.84,0.535,0.277,No
2419,"Beijing Shiji Information Technology Co., Ltd.",002153.SZ,-19.05,0.511,0.103,No
2420,"Bingshan Refrigeration & Heat Transfer Technologies Co., Ltd.",200530.SZ,-4.89,0.122,0.189,No
2421,CMF iEdge Emerging Asia Select 50 ETF (QDII),520580.SS,-5.6,0.14,0.425,Yes
2422,China Universal CSI Livstck Brd Inds ETF,159172.SZ,-12.09,0.312,0.272,No
2423,"Zhejiang Xinchai Co.,Ltd",301032.SZ,-13.29,0.345,1.386,Yes
2424,"Shanghai YongLi Belting Co., Ltd",300230.SZ,-9.41,0.24,1.175,Yes
2425,"Jiangsu Guomao Reducer Co., Ltd.",603915.SS,-11.46,0.295,1.226,Yes
2426,"Roshow Technology Co., Ltd.",002617.SZ,-21.77,0.591,3.04,Yes
2427,"Zhejiang Haisen Pharmaceutical Co., Ltd.",001367.SZ,-11.47,0.295,0.219,Yes
2428,"Hunan Investment Group Co.,Ltd.",000548.SZ,-10.39,0.265,0.124,Yes
2429,ICBCCS CSI SEEE Carbon Neutral ETF,159640.SZ,-6.24,0.156,0.924,Yes
2430,"Shanghai Hi-Road Food Technology Co., Ltd.",300915.SZ,-11.71,0.3,0.866,Yes
2431,"China Southern Power Grid Technology Co.,Ltd",688248.SS,-20.85,0.56,1.438,Yes
2432,"Harvest Fund Management Co., Ltd - Harvest China Power Construction CL fund",508026.SS,-4.92,0.122,0.087,Yes
2433,"Wuxi Commercial Mansion Grand Orient Co., Ltd.",600327.SS,-12.52,0.321,0.326,No
2434,"Suwen Electric Energy Technology Co.,Ltd.",300982.SZ,-16.46,0.43,0.962,Yes
2435,"Shenzhen Glory Medical Co.,Ltd.",002551.SZ,-11.98,0.305,0.291,Yes
2436,"Sinomach General Machinery Science & Technology Co.,Ltd.",600444.SS,-12.75,0.326,0.991,Yes
2437,"Yunnan Nantian Electronics Information Co.,Ltd.",000948.SZ,-16.66,0.435,1.134,No
2438,"Weifang Yaxing Chemical Co., Ltd.",600319.SS,-15.77,0.409,1.195,Yes
2439,"Shanxi Huayang New Material Co.,Ltd.",600281.SS,-15.45,0.4,1.772,Yes
2440,"Hunan Kaimeite Gases Co., Ltd.",002549.SZ,-26.44,0.727,3.48,Yes
2441,"Beijing SL Pharmaceutical Co., Ltd.",002038.SZ,-13.51,0.345,0.849,No
2442,"Masterwork Group Co.,Ltd.",300195.SZ,-16.71,0.432,2.131,Yes
2443,"Shanxi Meijin Energy Co.,Ltd.",000723.SZ,-13.74,0.35,0.338,Yes
2444,"ShenZhen RoadRover Technology Co.,Ltd",002813.SZ,-14.08,0.358,0.602,Yes
2445,China Southern Hang Seng ETF Feeder Fund,501302.SS,-8.5,0.21,0.007,No
2446,Porton Pharma Solutions Ltd.,300363.SZ,-18.23,0.474,1.764,Yes
2447,"Guangxi Bossco Environmental Protection Technology Co., Ltd.",300422.SZ,-12.94,0.327,0.707,Yes
2448,Guotai SSE Tchnlgy Invtn Board 100 ETF,588120.SS,-23.46,0.626,3.01,Yes
2449,ChinaAMC CSI SHS 500 ETF,517170.SS,-4.86,0.118,0.607,Yes
2450,"Zhejiang Shengda Bio-Pharm Co., Ltd.",603079.SS,-16.4,0.421,1.331,Yes
2451,"Xinjiang Torch Gas Co., Ltd",603080.SS,-11.1,0.277,1.05,Yes
2452,"Sanjiang Shopping Club Co.,Ltd",601116.SS,-19.14,0.496,0.045,Yes
2453,"Shanghai Longcheer Technology Co., Ltd.",603341.SS,-16.45,0.42,1.835,Yes
2454,"Yalian Machinery Co., Ltd.",001395.SZ,-14.1,0.355,0.126,Yes
2455,China Railway High-speed Electrification Equipment Corporation Limited,688285.SS,-10.52,0.26,0.767,Yes
2456,"Longxing Technology Group Co., Ltd.",002442.SZ,-12.38,0.308,1.292,Yes
2457,Lombarda China Chinext 2-Year Regular Open Mixed Fund,166027.SZ,-7.86,0.191,1.024,Yes
2458,"Shang Hai Ya Tong Co.,Ltd.",600692.SS,-14.96,0.375,0.094,Yes
2459,"Beijing Kaiwen Education Technology Co., Ltd",002659.SZ,-17.13,0.434,0.023,Yes
2460,ChinaAMC Hang Seng Index ETF-QDII,159920.SZ,-8.78,0.213,0.126,No
2461,"Zhejiang Orient Holdings Group Co., Ltd.",600120.SS,-16.29,0.408,0.183,Yes
2462,"Kingchem (Liaoning) Life Science Co., Ltd.",301509.SZ,-14.1,0.349,0.593,Yes
2463,"Shanghai Environment Group Co., Ltd.",601200.SS,-9.26,0.224,0.145,No
2464,"Orinko Advanced Plastics Co.,LTD",688219.SS,-15.24,0.379,2.08,Yes
2465,"Xiong'an New Power Technology Co.,Ltd.",300152.SZ,-16.88,0.423,0.519,Yes
2466,"Tsinghua Tongfang Co., Ltd.",600100.SS,-10.82,0.263,0.776,Yes
2467,"Beijing Jingyeda Technology Co.,Ltd.",003005.SZ,-15.51,0.385,1.158,Yes
2468,"Shandong Tengda Fasten Tech. Co., Ltd.",001379.SZ,-14.73,0.364,1.634,Yes
2469,Maider Medical Industry Equipment Co. Ltd.,688310.SS,-16.92,0.422,2.524,Yes
2470,E Fund Management Co - Hang Seng China Enterprises Index Fund,513210.SS,-8.83,0.211,0.049,No
2471,"Shenzhen Noposion Crop Science Co., Ltd.",002215.SZ,-14.37,0.353,0.873,Yes
2472,"Zhejiang JW Precision Machinery Co.,Ltd",300984.SZ,-24.43,0.634,2.884,Yes
2473,"Quzhou Xin'an Development Co., Ltd.",600208.SS,-24.93,0.648,2.293,Yes
2474,"BBK Test Systems Co., Ltd",301598.SZ,-14.01,0.343,1.882,Yes
2475,"China Film Industry Group Co., Ltd.",600977.SS,-15.44,0.379,0.37,Yes
2476,"SMARTGEN (Zhengzhou) Technology Co., Ltd.",301361.SZ,-14.07,0.342,0.816,Yes
2477,"Soyea Technology Co., Ltd",000909.SZ,-15.6,0.382,1.558,No
2478,"Ginlong Technologies Co., Ltd.",300763.SZ,-23.11,0.589,0.672,Yes
2479,"Bohai Automotive Systems CO., LTD.",600960.SS,-15.79,0.386,1.312,Yes
2480,Xiamen C&D Inc.,600153.SS,-11.43,0.273,0.158,No
2481,Fullgoal HSI SCHK ETF,159365.SZ,-9.13,0.216,0.091,No
2482,"Dawning Information Industry Co., Ltd.",603019.SS,-19.33,0.482,2.373,Yes
2483,"Chengdu M&S Electronics Technology Co.,Ltd.",688311.SS,-24.36,0.624,2.366,Yes
2484,Doushen (Beijing) Education & Technology INC.,300010.SZ,-36.04,0.991,1.765,Yes
2485,"Tianma Microelectronics Co., Ltd.",000050.SZ,-22.52,0.57,2.719,Yes
2486,"BOC International (China) Co., Ltd.",601696.SS,-13.41,0.323,1.182,Yes
2487,"Shandong Haihua Co.,Ltd",000822.SZ,-14.91,0.362,0.579,Yes
2488,"Shenzhen Kaizhong Precision Technology Co., Ltd.",002823.SZ,-16.09,0.392,1.479,Yes
2489,"Guangdong Guanghong Holdings Co.,Ltd.",000529.SZ,-10.91,0.259,0.016,No
2490,"Suzhou Wanxiang Technology Co., Ltd.",301180.SZ,-15.47,0.376,0.354,Yes
2491,"Shenzhen Aisidi Co., Ltd.",002416.SZ,-15.0,0.363,0.341,Yes
2492,"NanJi E-Commerce Co., LTD",002127.SZ,-10.22,0.241,0.001,No
2493,"Sumavision Technologies Co.,Ltd.",300079.SZ,-14.42,0.348,0.96,Yes
2494,"Tianjin Pengling Group Co.,Ltd",300375.SZ,-12.19,0.29,1.496,Yes
2495,"Xiangtan Electrochemical Scientific Co.,Ltd",002125.SZ,-12.29,0.292,1.67,Yes
2496,"Shanghai Yimin Commercial Group Co., Ltd.",600824.SS,-10.58,0.249,0.222,Yes
2497,Huitianfu Fund Management - Classic Growth Regulated Open Hybrid Securities Investment Fund,501065.SS,-4.9,0.112,0.58,Yes
2498,"Jiangsu Luokai Mechanical &Electrical Co., Ltd.",603829.SS,-21.8,0.544,0.413,Yes
2499,"Wetown Electric Group Co., Ltd.",688226.SS,-26.61,0.682,3.66,Yes
2500,"Zhejiang Gongdong Medical Technology Co., Ltd.",605369.SS,-9.46,0.221,1.38,Yes
2501,"Nanjing Red Sun Co.,Ltd.",000525.SZ,-17.74,0.432,0.06,Yes
2502,Jiangsu High Hope International Group Corporation,600981.SS,-11.58,0.273,0.286,Yes
2503,"Shenzhen Silver Basis Technology Co., Ltd.",002786.SZ,-9.96,0.232,1.018,Yes
2504,"Wuchan Zhongda Geron Co.,Ltd.",002722.SZ,-13.05,0.309,1.002,Yes
2505,"Hithink RoyalFlush Information Network Co., Ltd.",300033.SZ,-10.73,0.251,1.221,Yes
2506,"Quzhou DFP New Material Group Co., Ltd.",601515.SS,-15.98,0.384,1.078,Yes
2507,"Perfect Group Corp., Ltd",603059.SS,-18.18,0.439,1.866,Yes
2508,"Huizhong Instrumentation Co., Ltd.",300371.SZ,-14.65,0.347,1.68,Yes
2509,Dacheng CSI SEEE Carbon Neutral Index Exchange Trade Fund,159642.SZ,-6.66,0.151,0.901,Yes
2510,China Southern Hangsheng Index ETF,513600.SS,-9.47,0.218,0.102,No
2511,INESA Intelligent Tech Inc.,900901.SS,-8.16,0.187,0.261,Yes
2512,"East Group Co.,Ltd",300376.SZ,-13.23,0.31,0.877,Yes
2513,Soho Holly Corporation,600128.SS,-13.27,0.311,0.973,Yes
2514,"Zwsoft Co.,Ltd.",688083.SS,-21.85,0.536,3.377,Yes
2515,"Jin Tong Ling Technology Group Co., Ltd.",300091.SZ,-10.99,0.254,0.311,Yes
2516,Xinglong Holding (Group) Company Ltd.,000955.SZ,-17.15,0.409,1.45,Yes
2517,Guotai CSI Machine Tool ETF,159667.SZ,-32.52,0.847,3.16,Yes
2518,"Zhejiang Meilun Elevator Co., Ltd.",603321.SS,-12.26,0.285,0.782,Yes
2519,"Chongqing Sanxia Paints Co., Ltd",000565.SZ,-16.39,0.389,1.822,Yes
2520,"Beijing Capital Eco-Environment Protection Group Co., Ltd.",600008.SS,-8.34,0.19,0.385,No
2521,"Guizhou Guihang Automotive Components Co.,Ltd",600523.SS,-13.24,0.309,0.587,Yes
2522,"Bethel Automotive Safety Systems Co., Ltd",603596.SS,-17.32,0.412,1.162,Yes
2523,Guotai CSI Steel ETF,515210.SS,-11.55,0.266,0.89,Yes
2524,"Sichuan Huiyu Pharmaceutical Co., Ltd.",688553.SS,-15.58,0.366,1.748,Yes
2525,China Universal CSI SEEE Carbon Ntrl ETF,560060.SS,-6.8,0.153,0.9,Yes
2526,"Suzhou Weizhixiang Food Co., Ltd.",605089.SS,-16.59,0.391,1.921,Yes
2527,Sinolink Railway Construction Chongqing Yusui Expressway Closed Infrastructure Securities REIT,508008.SS,-3.32,0.073,0.077,Yes
2528,GDH Supertime Group Company Limited,001338.SZ,-14.02,0.326,0.085,Yes
2529,"Sunny Loan Top Co.,Ltd.",600830.SS,-11.68,0.268,1.248,Yes
2530,"Jiujiang Shanshui Technology Co.,Ltd",301190.SZ,-20.95,0.504,1.175,Yes
2531,"Shenzhen Tellus Holding Co., Ltd.",200025.SZ,-8.21,0.185,0.028,No
2532,"Cashway Fintech Co.,Ltd.",603106.SS,-17.6,0.414,0.184,Yes
2533,"China Railway Tielong Container Logistics Co., Ltd",600125.SS,-10.71,0.242,0.975,No
2534,"Liqun Commercial Group Co.,Ltd.",601366.SS,-12.94,0.295,0.262,Yes
2535,Panda Dairy Corporation,300898.SZ,-14.42,0.33,0.268,Yes
2536,"Hunan Sundy Science and Technology Co., Ltd",300515.SZ,-14.55,0.334,0.234,Yes
2537,China National Accord Medicines Corporation Ltd.,000028.SZ,-8.96,0.199,0.687,No
2538,"Jiangsu Asia-Pacific Light Alloy Technology Co., Ltd.",002540.SZ,-14.04,0.32,0.56,Yes
2539,"Silkroad Visual Technology Co., Ltd.",300556.SZ,-14.08,0.321,1.859,Yes
2540,"Jiangsu CoWin Biotech Co., Ltd.",688426.SS,-18.73,0.437,2.176,Yes
2541,ChinaAMC CNI General Aviation ETF,159230.SZ,-13.94,0.317,1.814,Yes
2542,"Shanghai Yaohua Pilkington Glass Group Co., Ltd.",600819.SS,-15.35,0.352,1.701,Yes
2543,Chongqing Qin'an M&E PLC.,603758.SS,-20.03,0.469,0.542,Yes
2544,Fullgoal CNI Oil&Gas ETF,159148.SZ,-11.96,0.268,0.027,Yes
2545,"Yuan Cheng Cable Co.,Ltd.",002692.SZ,-14.78,0.336,0.049,No
2546,"Qinghai Huading Industrial Co., Ltd.",600243.SS,-24.9,0.598,1.947,Yes
2547,"Tederic Machinery Co., LTD",603289.SS,-14.19,0.321,0.767,Yes
2548,"Zhejiang Unifull Industrial Fibre Co., Ltd.",002427.SZ,-19.49,0.454,2.411,Yes
2549,GF HSI SCHK ETF,159312.SZ,-9.11,0.201,0.105,No
2550,"Jack Technology Co.,Ltd",603337.SS,-15.4,0.35,0.115,No
2551,"Jiangsu JIXIN Wind Energy Technology Co., Ltd.",601218.SS,-15.12,0.343,0.145,Yes
2552,Hwabao WP CSI All Share AHF ETF,159275.SZ,-10.53,0.233,0.155,Yes
2553,"Costar Group Co., Ltd.",002189.SZ,-13.27,0.297,1.81,Yes
2554,Huaan HSI SCHK ETF,520940.SS,-9.09,0.199,0.092,No
2555,"CAC Nantong Chemical Co., Ltd.",301665.SZ,-14.38,0.324,1.055,Yes
2556,Yinhua CSI Non-ferrous Metal ETF,159871.SZ,-26.94,0.649,1.926,Yes
2557,HBIS Company Limited,000709.SZ,-12.87,0.287,0.338,Yes
2558,Chongqing Construction Engineering Group Corporation Limited,600939.SS,-16.62,0.378,0.647,No
2559,"Zhejiang Sanhua Intelligent Controls Co.,Ltd",002050.SZ,-19.46,0.449,1.951,Yes
2560,"Betta Pharmaceuticals Co., Ltd.",300558.SZ,-19.34,0.445,1.095,Yes
2561,"Shanghai Shenda Co., Ltd",600626.SS,-16.37,0.371,0.882,Yes
2562,"Hangzhou Youngsun Intelligent Equipment Co., Ltd.",603901.SS,-15.04,0.338,2.043,Yes
2563,Yantai Changyu Pioneer Wine Company Limited,200869.SZ,-7.24,0.156,0.237,Yes
2564,"Comefly Outdoor Co., Ltd.",603908.SS,-14.78,0.331,0.871,Yes
2565,"Guoanda Co., Ltd.",300902.SZ,-16.75,0.379,1.451,Yes
2566,Xiamen Kingdomway Group Company,002626.SZ,-13.75,0.306,0.114,Yes
2567,"Sichuan Guangan Aaa Public Co.,Ltd",600979.SS,-15.29,0.343,0.206,Yes
2568,GF CSI HKC IT Composite ETF,520710.SS,-23.08,0.539,2.908,Yes
2569,"Tianjin Jieqiang Power Equipment Co.,Ltd.",300875.SZ,-18.12,0.411,1.069,No
2570,"Zhe Jiang Li Zi Yuan Food Co.,Ltd.",605337.SS,-18.89,0.429,0.002,Yes
2571,"LingNan Eco&Culture-Tourism Co.,Ltd.",002717.SZ,-25.82,0.609,0.35,Yes
2572,"Hangzhou Robam Appliances Co., Ltd.",002508.SZ,-12.35,0.271,0.838,No
2573,"Anhui Xinhua Media Co., Ltd.",601801.SS,-13.4,0.295,0.356,No
2574,"Shanghai Fudan-Zhangjiang Bio-Pharmaceutical Co.,Ltd.",688505.SS,-10.23,0.222,0.982,Yes
2575,"Guhan Pharmaceutical Group Co., Ltd.",000590.SZ,-15.04,0.334,0.574,Yes
2576,"Tus-Design Group Co., Ltd.",300500.SZ,-20.3,0.463,0.865,Yes
2577,HORIZON SSE Securities ETF,510200.SS,-8.42,0.181,0.751,Yes
2578,CRRC Corporation Limited,601766.SS,-12.25,0.268,1.097,No
2579,"Skyworth Digital Co., Ltd.",000810.SZ,-19.39,0.44,2.422,Yes
2580,"Shanghai Chengtou Holding Co., Ltd.",600649.SS,-15.2,0.337,0.765,Yes
2581,"Yangfan New Materials (Zhejiang) Co., Ltd.",300637.SZ,-20.3,0.463,2.702,Yes
2582,"Shaoxing Xingxin New Material Co.,Ltd",001358.SZ,-15.66,0.348,1.963,Yes
2583,E Fund CSI All Share Food ETF,560160.SS,-9.05,0.194,0.107,No
2584,"Yongan Futures Co.,Ltd.",600927.SS,-12.25,0.267,0.696,Yes
2585,Visionox Technology Inc.,002387.SZ,-16.85,0.376,1.963,Yes
2586,"Anhui Great Wall Military Industry Co., Ltd.",601606.SS,-20.17,0.457,0.91,No
2587,"Shanghai ZJ Bio-Tech Co., Ltd",688317.SS,-19.75,0.446,0.47,Yes
2588,Yinhua HSI SCHK ETF,159318.SZ,-9.04,0.193,0.055,No
2589,"Goneo Group Co., Ltd.",603195.SS,-8.32,0.177,0.051,Yes
2590,"Primeton Information Technologies, Inc.",688118.SS,-21.55,0.49,1.935,Yes
2591,"Beijing Dabeinong Technology Group Co.,Ltd.",002385.SZ,-15.85,0.349,0.129,Yes
2592,"BMC Medical Co., Ltd.",301367.SZ,-16.89,0.374,0.327,No
2593,Guotai Asset Management Co Ltd - Guotai Junan Jinan Enery Heating Fund,508087.SS,-7.67,0.161,0.407,Yes
2594,"Yixintang Pharmaceutical Group Co., Ltd.",002727.SZ,-15.67,0.343,0.538,No
2595,"Senba Sensing Technology Co.,Ltd.",300701.SZ,-14.56,0.316,1.727,Yes
2596,"Fulin Precision Co., Ltd.",300432.SZ,-25.01,0.574,0.677,Yes
2597,"Ningbo Zhenyu Technology Co., Ltd.",300953.SZ,-23.25,0.528,2.152,Yes
2598,"Shenzhen Zhongheng Huafa Co., Ltd.",200020.SZ,-14.18,0.306,0.336,No
2599,"Siasun Robot&Automation Co.,Ltd.",300024.SZ,-20.57,0.459,1.58,Yes
2600,"AVCON Information Technology Co., Ltd.",300074.SZ,-15.6,0.339,0.774,Yes
2601,"Hangzhou Advance Gearbox Group Co., Ltd.",601177.SS,-19.03,0.421,0.854,Yes
2602,"Shanghai Carthane Co.,Ltd.",603037.SS,-18.6,0.41,1.84,Yes
2603,Great Wall CNI Free Cash Flow ETF,159166.SZ,-14.76,0.319,0.701,No
2604,CICC Fund Management Co. Ltd. - China Green Development Commercial REIT Fund,180606.SZ,-4.33,0.089,0.46,Yes
2605,"Sublime China Information Co., Ltd.",301299.SZ,-14.67,0.316,0.305,Yes
2606,ChinaAMC ChiNext Low Volatility Val ETF,159966.SZ,-11.54,0.245,1.477,Yes
2607,IGW ChiNext New Energy ETF,159187.SZ,-19.91,0.441,2.505,Yes
2608,"Tonghua Grape Wine Co.,Ltd",600365.SS,-12.67,0.27,0.429,No
2609,Fullgoal CNI General Aviation ETF,159392.SZ,-14.52,0.312,1.75,Yes
2610,Guizhou Wire Rope Incorporated Company,600992.SS,-21.29,0.474,0.106,Yes
2611,Penghua Hang Seng ETF,159271.SZ,-9.61,0.201,0.092,No
2612,ICBCCS ChiNext New Energy ETF,159149.SZ,-16.39,0.354,1.675,Yes
2613,"Shandong Kaisheng New Materials Co.,Ltd.",301069.SZ,-18.79,0.411,1.943,Yes
2614,"Sichuan Xichang Electric Power Co.,Ltd.",600505.SS,-15.08,0.324,0.684,Yes
2615,E Fund CSI HKC Medical Treatment ETF,520850.SS,-12.85,0.272,0.26,Yes
2616,"Yachoo Technology Co., Ltd.",001325.SZ,-18.58,0.406,0.188,Yes
2617,Shandong Chenming Paper Holdings Limited,200488.SZ,-17.05,0.368,0.447,No
2618,"Guangdong Tapai Group Co., Ltd.",002233.SZ,-11.5,0.241,0.222,No
2619,Zhejiang Jingu Company Limited,002488.SZ,-25.57,0.578,1.761,Yes
2620,"Tianli Lithium Energy Group Co., Ltd.",301152.SZ,-20.05,0.439,1.845,Yes
2621,"Guangdong Dowstone Technology Co., Ltd.",300409.SZ,-21.94,0.486,2.477,Yes
2622,Penghua CSI 800 Ensurance ETF,515630.SS,-8.82,0.182,0.726,Yes
2623,Hwabao WP S&P US Cosm Eq (QDII-LOF)CNH A,162415.SZ,-7.52,0.154,0.685,Yes
2624,"CNSIG Inner Mongolia Chemical Industry Co.,Ltd.",600328.SS,-14.62,0.31,0.314,Yes
2625,ICBCCS CNI Oil&Gas ETF,159017.SZ,-15.35,0.326,0.579,No
2626,"SF Oilless Bearing Group Co., Ltd.",300817.SZ,-17.12,0.366,1.906,Yes
2627,"NanJing GOVA Technology Co., Ltd.",688539.SS,-23.51,0.521,2.46,Yes
2628,"Tianjin Ringpu Bio-Technology Co.,Ltd.",300119.SZ,-14.37,0.303,0.116,Yes
2629,"CETC Cyberspace Security Technology Co., Ltd.",002268.SZ,-16.41,0.349,0.107,Yes
2630,"Zhejiang Guyuelongshan Shaoxing Wine Co.,Ltd",600059.SS,-11.99,0.249,0.248,Yes
2631,"Shanghai Hugong Electric Group Co.,Ltd.",603131.SS,-23.2,0.511,1.364,Yes
2632,"Chongqing Zongshen Power Machinery Co.,Ltd",001696.SZ,-27.93,0.632,1.501,Yes
2633,SPDB CSI Securities House 30 ETF,516730.SS,-10.15,0.208,0.929,Yes
2634,LBX Pharmacy Chain Joint Stock Company,603883.SS,-15.03,0.315,0.114,No
2635,Dongjiang Environmental Company Limited,002672.SZ,-14.93,0.313,0.093,No
2636,"Lanzhou Lishang Guochao Industrial Group Co.,Ltd",600738.SS,-12.41,0.257,0.269,Yes
2637,"Shandong Oriental Ocean Sci-Tech Co., Ltd.",002086.SZ,-15.34,0.321,0.192,Yes
2638,TianHong ChiNext New Energy ETF,159190.SZ,-20.03,0.43,2.425,Yes
2639,"Shanghai Model Organisms Center, Inc.",688265.SS,-18.33,0.39,1.819,Yes
2640,E Fund CSI Household Appliances Top ETF,159328.SZ,-7.18,0.144,0.827,Yes
2641,"Sichuan Development Lomon Co.,Ltd.",002312.SZ,-16.82,0.354,1.173,Yes
2642,"Wuhan Kotei Informatics Co.,Ltd.",301221.SZ,-19.42,0.413,2.269,Yes
2643,"Jiangsu Yangnong Chemical Co., Ltd.",600486.SS,-17.98,0.379,0.216,Yes
2644,"Zkteco Co., Ltd.",301330.SZ,-17.02,0.357,1.61,Yes
2645,Tibet Eastmoney CSI Scrts Cmpny 30 ETF,159692.SZ,-10.14,0.205,0.907,Yes
2646,"Qingdao Huicheng Environmental Technology Group Co., Ltd.",300779.SZ,-35.71,0.834,4.141,No
2647,"China Bester Group Telecom Co., Ltd.",603220.SS,-19.42,0.411,2.145,Yes
2648,"Chen Ke Ming Food Manufacturing Co., Ltd.",002661.SZ,-11.26,0.228,0.046,No
2649,"Sichuan Golden Summit (group) Joint-Stock Co., Ltd.",600678.SS,-26.35,0.58,1.898,Yes
2650,"ZhongHe Shangda Aeronautic Materials Co., Ltd.",301522.SZ,-21.61,0.463,2.205,Yes
2651,"Jiangsu Rijiu Optoelectronics Jointstock Co., Ltd",003015.SZ,-20.78,0.443,2.733,Yes
2652,"Jiangsu Baoli International Investment Co., Ltd.",300135.SZ,-14.23,0.293,0.721,Yes
2653,"Qtone Education Group (Guangdong) Co.,Ltd",300359.SZ,-19.61,0.415,0.23,No
2654,"Ningbo Shanshan Co.,Ltd.",600884.SS,-20.62,0.438,1.567,Yes
2655,"Hunan Haili Chemical Industry Co.,Ltd.",600731.SS,-16.36,0.339,0.373,Yes
2656,Fullgoal CSI All Share Household Appliances Index ETF,561120.SS,-7.48,0.148,0.898,Yes
2657,"Sunflower Pharmaceutical Group Co., Ltd.",002737.SZ,-17.78,0.371,0.504,No
2658,"Hiconics Eco-energy Technology Co., Ltd.",300048.SZ,-19.54,0.411,0.201,Yes
2659,"Hynar Water Group Co., Ltd.",300961.SZ,-19.46,0.409,1.66,Yes
2660,"Hainan Yedao (Group) Co.,Ltd",600238.SS,-19.25,0.404,2.112,Yes
2661,Maxwealth CNI GAI ETF,159378.SZ,-15.57,0.32,1.811,Yes
2662,Shanghai Re·fine Environment Sci-tech Ltd.,001396.SZ,-25.5,0.554,1.611,Yes
2663,"Guangzhou Ruili Kormee Automotive Electronic Co., Ltd.",001285.SZ,-16.45,0.339,1.213,Yes
2664,Xi'an International Medical Investment Company Limited,000516.SZ,-13.59,0.276,0.813,No
2665,"Guangdong Real-Design Intelligent Technology Co., Ltd",301135.SZ,-15.25,0.312,1.68,Yes
2666,Hwabao WP CNI General Aviation ETF,159231.SZ,-15.54,0.317,1.793,Yes
2667,Fullgoal ChiNext New Energy ETF,159122.SZ,-14.8,0.3,1.623,Yes
2668,"Healthcare Co.,Ltd.",603313.SS,-20.49,0.427,1.094,Yes
2669,ChinaAMC CSI Big Data Industry ETF,516000.SS,-13.42,0.269,1.582,Yes
2670,"Chongqing Water Group Co.,Ltd.",601158.SS,-7.98,0.156,0.427,No
2671,ChinaAMC CSI HKC Medical Treatment ETF,520510.SS,-14.28,0.288,0.498,Yes
2672,"Beijing SPC Environment Protection Tech Co., Ltd.",002573.SZ,-11.9,0.236,0.068,Yes
2673,"Zhejiang Huazhi Digital Media Co., Ltd.",300426.SZ,-22.54,0.474,0.454,Yes
2674,AVIC Xi'an Aircraft Industry Group Company Ltd.,000768.SZ,-15.3,0.309,1.095,Yes
2675,"Grandjoy Holdings Group Co., Ltd.",000031.SZ,-26.37,0.566,1.257,Yes
2676,"Dazhong Transportation (Group) Co., Ltd.",600611.SS,-17.8,0.364,0.561,Yes
2677,"Hunan Corun New Energy Co., Ltd.",600478.SS,-20.8,0.432,1.233,Yes
2678,"Haima Automobile Co.,Ltd",000572.SZ,-26.62,0.571,0.55,No
2679,YGSOFT Inc.,002063.SZ,-10.99,0.217,0.064,No
2680,"Sino-Agri Leading Biosciences Co.,Ltd",603970.SS,-13.96,0.279,0.727,Yes
2681,"Shanghai Tunnel Engineering Co., Ltd.",600820.SS,-10.34,0.203,0.342,No
2682,"Nanjing Technical Equipment Technology Co., Ltd.",600889.SS,-16.56,0.335,1.982,Yes
2683,"Chengdu Easton Biopharmaceuticals Co., Ltd.",688513.SS,-16.77,0.34,0.034,Yes
2684,"Zhengyuan Zhihui Group Co.,Ltd.",300645.SZ,-17.65,0.359,0.969,Yes
2685,E Fund CNI General Aviation Industry ETF,159255.SZ,-15.5,0.311,1.767,Yes
2686,"Guangdong Ganhua Science & Industry Co.,Ltd.",000576.SZ,-19.29,0.395,1.368,Yes
2687,Shanghai M&G Stationery Inc.,603899.SS,-10.69,0.209,0.326,No
2688,"Zhejiang Huangma Technology Co.,Ltd",603181.SS,-23.37,0.489,2.645,Yes
2689,"Wiscom System Co., Ltd.",002090.SZ,-14.56,0.29,0.69,Yes
2690,"Shanghai Ganglian E-Commerce Holdings Co., Ltd.",300226.SZ,-17.9,0.363,1.155,Yes
2691,Huaan CSI STAR&CHINEXT AI ETF,588470.SS,-31.52,0.691,2.928,Yes
2692,China Asset Management Co. Ltd. - Huadian Clean Energy REIT Fund,508016.SS,-3.07,0.058,0.028,Yes
2693,"Huangshan Tourism Development Co.,Ltd.",900942.SS,-3.55,0.067,0.099,Yes
2694,"China Publishing & Media Holdings Co., Ltd.",601949.SS,-16.96,0.341,0.144,No
2695,"Dencare (Chongqing) Oral Care Co., Ltd.",001328.SZ,-18.82,0.382,0.264,No
2696,Guotai HS China A Power Grid Equip ETF,561380.SS,-33.08,0.73,1.918,Yes
2697,Ping An HK HS China co ETF,159960.SZ,-10.25,0.199,0.269,No
2698,"Tianjin Saixiang Technology Co.,Ltd",002337.SZ,-16.07,0.321,1.264,Yes
2699,Anhui XDLK Microsystem Corporation Limited,688582.SS,-30.99,0.674,2.54,Yes
2700,"Xinjiang Tianrun Dairy Co., Ltd.",600419.SS,-12.35,0.242,0.316,No
2701,China Universal CNI GA Ind ETF,159257.SZ,-15.79,0.315,1.81,Yes
2702,"Guangzhou LBP Medicine Science & Technology Co., Ltd.",688393.SS,-18.94,0.383,1.514,Yes
2703,"Hunan Zhenghong Science and Technology Develop Co.,Ltd.",000702.SZ,-16.51,0.329,0.881,Yes
2704,"China Haisum Engineering Co., Ltd.",002116.SZ,-10.84,0.21,0.17,Yes
2705,Huaan CSI All Shr Electric Util ETF,512140.SS,-19.37,0.391,1.133,No
2706,Jiangsu Feiliks International Logistics Inc.,300240.SZ,-17.36,0.345,0.814,Yes
2707,"Hunan Kylinsec Technology Co., Ltd.",688152.SS,-25.85,0.539,2.11,Yes
2708,China Railway Hi-tech Industry Corporation Limited,600528.SS,-13.65,0.265,1.255,No
2709,"Shanghai Shine-Link International Logistics Co., Ltd.",603648.SS,-10.46,0.2,0.521,Yes
2710,Zhejiang HangKe Technology Incorporated Company,688006.SS,-29.13,0.616,2.903,Yes
2711,Beijing LongRuan Technologies Inc.,688078.SS,-17.68,0.35,1.359,Yes
2712,"Dalian Huarui Heavy Industry Group Co., LTD.",002204.SZ,-15.18,0.296,0.55,Yes
2713,"Beijing Thunisoft Co., Ltd.",300271.SZ,-19.7,0.394,0.181,No
2714,"Vanchip (Tianjin) Technology Co., Ltd.",688153.SS,-19.23,0.383,2.267,Yes
2715,"Beijing CTJ Information Technology Co., Ltd.",301153.SZ,-17.87,0.353,1.145,No
2716,"Shanghai Haixin Group Co., Ltd.",900917.SS,-7.61,0.142,0.234,Yes
2717,"Zhejiang Double Arrow Rubber Co., Ltd.",002381.SZ,-12.4,0.237,0.845,Yes
2718,Maxwealth CSI HKC Medical Treatment ETF,159366.SZ,-14.81,0.286,0.51,Yes
2719,"Daoming Optics&Chemical Co.,Ltd",002632.SZ,-17.93,0.352,0.93,Yes
2720,"CIMC Safeway Technologies Co., Ltd.",301559.SZ,-16.43,0.32,0.771,Yes
2721,IGW S&P Consumer Select ETF (QDII),159529.SZ,-7.91,0.148,0.577,Yes
2722,"Dalian Haosen Intelligent Manufacturing Co., Ltd.",688529.SS,-19.58,0.387,2.134,Yes
2723,"Lisheng Sports (Shanghai) Co.,Ltd",002858.SZ,-17.51,0.342,0.72,Yes
2724,"Hebei Changshan Biochemical Pharmaceutical Co., Ltd.",300255.SZ,-34.98,0.758,0.94,Yes
2725,"Jade Bird Fire Co., Ltd.",002960.SZ,-14.65,0.282,0.514,Yes
2726,"Jiangsu Tongda Power Technology Co.,Ltd.",002576.SZ,-15.47,0.299,1.133,Yes
2727,CMF CSI Semiconductor Industry ETF,561980.SS,-40.9,0.921,2.91,Yes
2728,ChinaAMC CSI All Share Food ETF,159151.SZ,-9.84,0.185,0.128,No
2729,"Toly Bread Co., Ltd.",603866.SS,-15.77,0.305,0.56,No
2730,"Shenzhen Topway Video Communication Co., Ltd",002238.SZ,-16.29,0.315,0.359,Yes
2731,"Sunsea AIoT Technology Co., Ltd.",002313.SZ,-16.55,0.32,0.715,Yes
2732,"Liuzhou Iron&Steel Co., Ltd",601003.SS,-20.73,0.41,0.105,Yes
2733,Beijing Tongyizhong New Material Technology Corporation,688722.SS,-18.52,0.362,2.104,Yes
2734,"Beijing Yuanlong Yato Culture Dissemination Co.,Ltd.",002878.SZ,-22.79,0.455,0.62,Yes
2735,"Baoding Dongli Machinery Co.,Ltd.",301298.SZ,-16.7,0.323,1.196,Yes
2736,"Shanghai Lujiazui Finance & Trade Zone Development Co.,Ltd.",900932.SS,-7.64,0.141,0.045,Yes
2737,"Beijing Yupont Electric Power Technology Co., Ltd.",688597.SS,-17.53,0.34,1.312,Yes
2738,"Aerospace Nanhu Electronic Information Technology Co., Ltd.",688552.SS,-22.96,0.458,1.055,Yes
2739,"Hangzhou Seck Intelligent Technology Co., Ltd.",300897.SZ,-19.23,0.376,1.093,Yes
2740,"Rockontrol Technology Group Co., Ltd.",688051.SS,-33.78,0.719,2.796,Yes
2741,"Yotrio Group Co., Ltd.",002489.SZ,-18.63,0.362,0.026,Yes
2742,"Long Yuan Construction Group Co., Ltd.",600491.SS,-38.32,0.838,0.784,No
2743,ComNav Technology Ltd.,688592.SS,-22.56,0.447,2.555,Yes
2744,"Hanshow Technology Co., Ltd.",301275.SZ,-19.17,0.373,1.394,Yes
2745,"Wuhan Guide Technology Co., Ltd.",301633.SZ,-17.48,0.336,0.2,Yes
2746,E Fund CSI Modern Agriculture ETF,562900.SS,-12.25,0.229,0.032,No
2747,"Aimer Co., Ltd.",603511.SS,-14.29,0.269,1.099,Yes
2748,"Anzheng Fashion Group Co., Ltd.",603839.SS,-16.7,0.319,0.105,Yes
2749,"Beijing Andawell Science & Technology Co., Ltd.",300719.SZ,-19.63,0.38,1.353,Yes
2750,"Ourpalm Co., Ltd.",300315.SZ,-20.58,0.4,0.662,Yes
2751,"Hamaton Automotive Technology Co., Ltd",300643.SZ,-17.84,0.342,1.821,Yes
2752,"China Quanjude(Group) Co.,Ltd.",002186.SZ,-14.28,0.268,0.073,Yes
2753,"Guangdong PAK Corporation Co., Ltd.",300625.SZ,-14.87,0.28,1.096,Yes
2754,China Railway Group Limited,601390.SS,-15.8,0.299,0.004,No
2755,"Ningbo GQY Video & Telecom Joint-Stock Co., Ltd.",300076.SZ,-21.61,0.422,0.432,Yes
2756,"Autobio Diagnostics Co., Ltd.",603658.SS,-11.8,0.219,0.208,No
2757,"Chahua Modern Housewares Co., Ltd.",603615.SS,-20.85,0.405,1.961,Yes
2758,"Shanghai Pudong Development Bank Co., Ltd.",600000.SS,-16.95,0.322,1.663,No
2759,"HG Technologies Co., Ltd.",300847.SZ,-16.69,0.317,0.445,Yes
2760,"Henan BCCY Environmental Energy Co., Ltd",300614.SZ,-24.38,0.482,2.11,Yes
2761,"Central China Securities Co., Ltd.",601375.SS,-7.31,0.132,0.387,Yes
2762,CMF CSI Construction Machinery Theme ETF,560920.SS,-8.64,0.157,,
2763,"Richinfo Technology Co., Ltd.",300634.SZ,-21.67,0.42,0.704,Yes
2764,"Hydsoft Technology Co.,Ltd.",301316.SZ,-23.79,0.466,2.495,Yes
2765,"Shenzhen Lifotronic Technology Co., Ltd.",688389.SS,-16.08,0.302,0.447,Yes
2766,"MeiHua Holdings Group Co.,Ltd",600873.SS,-19.35,0.37,0.861,No
2767,"Weima Agricultural Machinery Co.,Ltd.",301533.SZ,-19.9,0.381,1.248,Yes
2768,"J-Yuan Trust Co., Ltd.",600816.SS,-17.14,0.323,0.683,Yes
2769,"Zhongyuan Environmental Protection Co., Ltd.",000544.SZ,-9.62,0.174,0.137,Yes
2770,"Shanghai Zijiang Enterprise Group Co., Ltd.",600210.SS,-11.79,0.216,0.411,Yes
2771,Fullgoal CNI Robot ETF,159272.SZ,-17.1,0.321,1.831,Yes
2772,"Arrow Home Group Co., Ltd.",001322.SZ,-15.37,0.286,0.953,Yes
2773,"Qinhuangdao Tianqin Equipment Manufacturing Co.,Ltd.",300922.SZ,-25.71,0.507,0.339,Yes
2774,IGW CSI Nonferrous Metal Mining ETF,560290.SS,-18.14,0.342,1.743,Yes
2775,"Namchow Food Group (Shanghai) Co., Ltd.",605339.SS,-17.07,0.32,0.106,Yes
2776,"Yihai Kerry Arawana Holdings Co., Ltd",300999.SZ,-13.88,0.256,0.435,No
2777,"Tianjin Hi-Tech Development Co., Ltd.",600082.SS,-22.92,0.443,0.246,Yes
2778,Huatai-PB Rare Earth Industry ETF,516780.SS,-34.17,0.706,3.253,Yes
2779,"Nantong Jiangshan Agrochemical & Chemicals Co.,Ltd.",600389.SS,-21.7,0.416,0.155,Yes
2780,"Hengong Precision Equipment Co., Ltd.",301261.SZ,-23.55,0.456,1.522,Yes
2781,"Shenzhen Agricultural Power Group Co.,Ltd",000061.SZ,-18.51,0.348,0.623,Yes
2782,"JiangXi Tianxin Pharmaceutical Co., Ltd.",603235.SS,-9.39,0.168,0.343,No
2783,"Yonz Technology Co.,Ltd.",603381.SS,-28.35,0.564,1.737,Yes
2784,Sinotherapeutics Inc.,688247.SS,-14.32,0.263,0.237,Yes
2785,Penghua CNI Security Leader ETF,159993.SZ,-11.28,0.204,0.947,Yes
2786,"Seazen Holdings Co., Ltd",601155.SS,-24.61,0.477,0.847,Yes
2787,Guangzhou Jinyi Media Corporation,002905.SZ,-19.42,0.366,0.417,No
2788,"Zhejiang Chint Electrics Co., Ltd.",601877.SS,-13.4,0.244,0.27,Yes
2789,"Xi'an Catering Co., Ltd.",000721.SZ,-19.98,0.377,0.555,No
2790,"Jiangsu Zhongshe Group Co., Ltd.",002883.SZ,-14.49,0.265,0.421,Yes
2791,"Chengdu Hongqi Chain Co.,Ltd.",002697.SZ,-14.2,0.259,0.739,No
2792,"New Guomai Digital Culture Co., Ltd.",600640.SS,-19.17,0.358,0.612,Yes
2793,CMF SSE HK ETF,513990.SS,-11.4,0.204,0.06,Yes
2794,"Fujian South Highway Machinery Co., Ltd.",603280.SS,-19.7,0.369,0.845,Yes
2795,"Xiangyang BOYA Precision Industrial Equipments Co., Ltd",300971.SZ,-16.55,0.305,1.621,Yes
2796,"Muyuan Foods Group Co., Ltd.",002714.SZ,-15.98,0.293,0.252,Yes
2797,"Yingkou Fengguang Advanced Material Co.,Ltd",301100.SZ,-18.65,0.347,1.118,Yes
2798,Shandong Xinhua Pharmaceutical Company Limited,000756.SZ,-12.4,0.223,0.064,Yes
2799,"Beijing Tricolor Technology Co., Ltd",603516.SS,-31.96,0.641,2.208,Yes
2800,"Miracll Chemicals Co.,Ltd",300848.SZ,-22.72,0.432,2.369,Yes
2801,"Beijing Scitop Bio-tech Co., Ltd.",300858.SZ,-14.49,0.263,0.376,Yes
2802,Chengdu Gas Group Corporation Ltd.,603053.SS,-11.55,0.207,0.365,No
2803,"Beijing Career International Co., Ltd",300662.SZ,-22.58,0.428,0.409,Yes
2804,"Changzhou Tiansheng New Materials Group Co., Ltd.",300169.SZ,-15.8,0.289,0.477,Yes
2805,"Guangzhou Tongda Auto Electric Co., Ltd",603390.SS,-16.7,0.306,1.54,Yes
2806,"Jiangsu Xihua New Energy Technology Co., Ltd.",603248.SS,-19.87,0.369,0.508,No
2807,Ningbo Marine Company Limited,600798.SS,-13.2,0.237,0.233,Yes
2808,Qingdao Topscomm Communication Inc.,603421.SS,-21.15,0.395,0.211,No
2809,"Infotmic Co.,Ltd",000670.SZ,-18.43,0.339,0.022,Yes
2810,"Shenzhen Easttop Supply Chain Management Co., Ltd.",002889.SZ,-16.48,0.299,0.108,No
2811,"Client Service International, Inc.",300663.SZ,-40.7,0.856,1.902,No
2812,Penghua CNI Robot ETF,159278.SZ,-17.5,0.319,1.826,Yes
2813,Easyhome New Retail Group Corporation Limited,000785.SZ,-18.22,0.333,0.388,Yes
2814,"Shenzhen Soling Industrial Co.,Ltd",002766.SZ,-21.38,0.398,0.088,Yes
2815,Dlg Exhibitions & Events Corporation Limited,600826.SS,-21.31,0.396,1.515,Yes
2816,"China Zhonghua Geotechnical Engineering Group Co., Ltd.",002542.SZ,-39.01,0.808,3.39,No
2817,"Offcn Education Technology Co., Ltd.",002607.SZ,-20.61,0.38,0.018,No
2818,"Heilongjiang Transport Development Co., Ltd.",601188.SS,-11.78,0.207,0.215,Yes
2819,"Sanlux Co.,Ltd",002224.SZ,-14.45,0.258,0.02,Yes
2820,"ChengDu ShengNuo Biotec Co.,Ltd.",688117.SS,-16.06,0.289,1.397,Yes
2821,"Jiayuan Science and Technology Co.,Ltd.",301117.SZ,-38.03,0.779,1.177,Yes
2822,"Keli Sensing Technology (Ningbo) Co.,Ltd.",603662.SS,-25.04,0.472,1.994,Yes
2823,"Zhonglu.Co.,Ltd",600818.SS,-22.57,0.419,0.649,Yes
2824,"Sichuan Jiuzhou Electronic Co., Ltd.",000801.SZ,-18.54,0.336,1.243,Yes
2825,"Beijing Dynamic Power Co.,LTD",600405.SS,-17.99,0.325,0.829,Yes
2826,Fullgoal CSI Big data Industry ETF,515400.SS,-14.9,0.264,1.526,Yes
2827,"Nanning Department Store Co., Ltd.",600712.SS,-17.44,0.313,0.238,No
2828,"Ningbo Ocean Shipping Co., Ltd.",601022.SS,-14.38,0.254,0.342,Yes
2829,Fullgoal CSI Security Agency ETF,515850.SS,-11.02,0.191,0.861,Yes
2830,"Shenzhen Pengfei Green Energy Development Co., Ltd.",002356.SZ,-18.85,0.341,0.921,Yes
2831,"Lanzhou LS Heavy Equipment Co., Ltd",603169.SS,-17.65,0.317,0.148,No
2832,"Qingdao Richen Food Co.,Ltd.",603755.SS,-20.34,0.37,1.544,Yes
2833,"FULONGMA GROUP Co.,Ltd.",603686.SS,-32.29,0.629,1.458,Yes
2834,"Chongqing Yukaifa Co., Ltd",000514.SZ,-18.32,0.329,0.355,Yes
2835,"Zhuhai CosMX Battery Co., Ltd.",688772.SS,-26.3,0.494,2.282,Yes
2836,ChinaAMC CNI Grain Industry ETF,159030.SZ,-22.56,0.415,0.054,No
2837,"Anhui Golden Seed Winery Co., Ltd.",600199.SS,-26.44,0.497,1.033,No
2838,QingCloud Technologies Corp.,688316.SS,-23.63,0.437,2.125,Yes
2839,CPIC Consumption 50ETF,159670.SZ,-11.01,0.19,0.522,No
2840,"Sinofibers Technology Co., Ltd.",300777.SZ,-28.11,0.533,1.847,Yes
2841,"Shanghai Sanyou Medical Co., Ltd",688085.SS,-22.56,0.413,1.159,Yes
2842,"Zhejiang Top Cloud-agri Technology Co.,Ltd.",301556.SZ,-27.98,0.529,1.938,Yes
2843,"Zhejiang Hongxin Technology Co., Ltd.",301539.SZ,-17.97,0.321,0.635,Yes
2844,"Longyan Zhuoyue New Energy Co., Ltd.",688196.SS,-29.9,0.571,0.767,Yes
2845,IGW National Securities Robot Idsty ETF,159559.SZ,-17.77,0.317,1.811,Yes
2846,"Digiwin Co., Ltd.",300378.SZ,-25.38,0.472,2.55,Yes
2847,"Pantum Technology Co., Ltd.",002180.SZ,-22.67,0.413,1.858,Yes
2848,"Wuxi Huadong Heavy Machinery Co., Ltd.",002685.SZ,-25.99,0.483,1.658,Yes
2849,ShenZhen Properties & Resources Development (Group) Ltd.,200011.SZ,-14.69,0.257,0.003,No
2850,"Shandong Sanyuan Biotechnology Co.,Ltd.",301206.SZ,-13.23,0.229,0.438,Yes
2851,DR Corporation Limited,301177.SZ,-22.08,0.401,2.291,Yes
2852,JT Ruifeng Flx Alloc(LOF)A,168104.SZ,-8.93,0.151,0.771,No
2853,"Zhejiang Dafeng Industry Co., Ltd",603081.SS,-21.11,0.381,1.45,Yes
2854,Harvest CSI Information Security ETF,159613.SZ,-13.49,0.233,1.426,Yes
2855,"Guangdong Zhongnan Iron and Steel Co., Ltd.",000717.SZ,-14.0,0.243,0.158,Yes
2856,"Unigroup Guoxin Microelectronics Co., Ltd.",002049.SZ,-24.13,0.442,2.574,Yes
2857,Harvest CSI All Share IB&Brokerage ETF,562870.SS,-11.11,0.19,0.853,Yes
2858,"Shandong Longquan Pipe Industry Co.,Ltd",002671.SZ,-16.64,0.292,0.574,Yes
2859,"Zhejiang Lanyu Digital Technology Co. ,Ltd",301585.SZ,-16.67,0.292,1.38,Yes
2860,E Fund CNI Robot Industry ETF,159530.SZ,-18.15,0.321,1.83,Yes
2861,"iSoftStone Information Technology (Group) Co., Ltd.",301236.SZ,-26.12,0.482,2.048,Yes
2862,Zhongjin Irradiation Incorporated Company,300962.SZ,-16.15,0.282,0.397,Yes
2863,"Jiangsu Xinquan Automotive Trim Co.,Ltd.",603179.SS,-26.98,0.501,2.237,Yes
2864,"Puyang Refractories Group Co., Ltd.",002225.SZ,-29.34,0.551,2.254,Yes
2865,"Xi'an NovaStar Tech Co., Ltd.",301589.SZ,-14.86,0.257,1.634,Yes
2866,"Guang Dong Qun Xing Toys Joint-Stockco.,Ltd.",002575.SZ,-25.86,0.475,0.054,Yes
2867,"Jiangsu Hengshun Vinegar-Industry Co.,Ltd",600305.SS,-11.96,0.204,0.389,No
2868,"Tianjin TEDA Resources Recycling Group Co., Ltd.",000652.SZ,-14.48,0.25,0.449,Yes
2869,Shandong Pharmaceutical Glass Co.Ltd,600529.SS,-9.49,0.159,0.016,No
2870,"CWB Automotive Electronics Co., Ltd.",605005.SS,-12.14,0.207,0.058,Yes
2871,"Jouder Precision Industry (Kunshan) Co., Ltd.",300549.SZ,-19.54,0.346,1.34,Yes
2872,"Rainbow Digital Commercial Co., Ltd.",002419.SZ,-12.41,0.211,0.317,No
2873,Penghua CSI All Share Food ETF,560130.SS,-10.39,0.175,0.065,No
2874,"Ningxia Yinglite Chemicals Co., Ltd",000635.SZ,-18.92,0.332,0.846,Yes
2875,"Tengda Construction Group Co., Ltd.",600512.SS,-13.42,0.228,0.401,No
2876,"Hunan New Wellful Co.,Ltd.",600975.SS,-15.86,0.273,0.023,Yes
2877,"Jianzhijia Pharmaceutical Chain Group Co., Ltd.",605266.SS,-15.73,0.27,0.08,No
2878,"Jiangsu Teeyer Intelligent Equipment Co.,Ltd.",603273.SS,-17.93,0.312,0.265,Yes
2879,"Medprin Regenerative Medical Technologies Co., Ltd.",301033.SZ,-20.88,0.368,0.266,No
2880,"Huabao Technology Co., Ltd.",300741.SZ,-17.61,0.305,0.981,Yes
2881,"Hangzhou Binjiang Real Estate Group Co.,Ltd",002244.SZ,-26.57,0.484,0.541,No
2882,Huatai Tianjin Huatai Securities Assets Management - Huatai Zijin Nanjing Jianye Industrial Real Est,508097.SS,-22.07,0.391,1.833,Yes
2883,"Haian Rubber Group Co., Ltd.",001233.SZ,-32.18,0.605,1.683,Yes
2884,"Qingdao Citymedia Co., Ltd.",600229.SS,-17.52,0.303,0.319,Yes
2885,"Jiangsu King's Luck Brewery Joint-Stock Co.,Ltd.",603369.SS,-21.68,0.383,0.458,No
2886,"Shanghai Bailian (Group) Co., Ltd.",600827.SS,-12.08,0.202,0.493,No
2887,"Shenzhen Absen Optoelectronic Co.,Ltd.",300389.SZ,-19.45,0.338,0.798,Yes
2888,Lanpec Technologies Limited,601798.SS,-15.14,0.256,0.816,Yes
2889,"Shanghai Bright Meat Group Co., Ltd.",600073.SS,-16.25,0.276,0.273,Yes
2890,ChinaAMC CSI Battery Thematic ETF,512460.SS,-24.61,0.438,2.491,Yes
2891,"Guizhou Xinbang Pharmaceutical Co., Ltd.",002390.SZ,-17.01,0.29,0.365,No
2892,E Fund CSI Security Agency ETF,512570.SS,-11.61,0.192,0.864,Yes
2893,"Topchoice Medical Co., Inc.",600763.SS,-19.31,0.333,0.628,Yes
2894,Bosera CSI All Share Brokerage ETF,159260.SZ,-11.98,0.199,0.855,Yes
2895,"Shanghai Shenqi Pharmaceutical Investment Management Co., Ltd.",900904.SS,-10.05,0.165,0.163,No
2896,E Fund CSI Security Theme ETF,562920.SS,-13.73,0.229,1.373,Yes
2897,"Shaanxi International Trust Co.,Ltd.",000563.SZ,-12.47,0.207,0.152,No
2898,"Shanghai New World Co., Ltd",600628.SS,-13.36,0.222,0.147,Yes
2899,"Xi'an Qujiang Cultural Tourism Co., Ltd.",600706.SS,-19.24,0.329,0.05,Yes
2900,"Winall Hi-tech Seed Co., Ltd.",300087.SZ,-29.63,0.538,0.479,Yes
2901,Hwabao WP CSI Big Data Industry ETF,516700.SS,-15.72,0.264,1.547,Yes
2902,ChinaAMC CSI Security Agency ETF,515010.SS,-11.63,0.191,0.853,Yes
2903,"Chongqing Shunbo Aluminum Co.,Ltd.",002996.SZ,-16.62,0.28,1.063,Yes
2904,"Shanghai Yanpu Metal Products Co.,Ltd",605128.SS,-17.5,0.295,1.623,Yes
2905,"Jinko Solar Co., Ltd.",688223.SS,-22.69,0.393,1.417,Yes
2906,"Yueyang Xingchang Petro-Chemical Co., Ltd.",000819.SZ,-21.74,0.375,1.031,Yes
2907,JPM Hang Seng SCHK 50 ETF,520950.SS,-14.74,0.244,0.128,No
2908,"Guangdong DP Co.,Ltd.",300808.SZ,-24.67,0.431,2.614,Yes
2909,"Shenzhen KTC Technology Co., Ltd.",001308.SZ,-16.56,0.276,1.194,Yes
2910,"Hongbo Co.,Ltd.",002229.SZ,-24.35,0.423,0.409,Yes
2911,"Hubei Kailong Chemical Group Co., Ltd.",002783.SZ,-15.61,0.259,0.794,Yes
2912,"Guilin Sanjin Pharmaceutical Co., Ltd.",002275.SZ,-10.97,0.177,0.552,No
2913,"Beijing Urban Construction Investment & Development Co., Ltd.",600266.SS,-17.59,0.294,0.537,Yes
2914,"Shanghai Junshi Biosciences Co., Ltd.",688180.SS,-18.53,0.311,0.071,Yes
2915,"GKHT Medical Technology Co., Ltd.",301370.SZ,-15.51,0.256,0.2,Yes
2916,"Shenzhen Fortune Trend Technology Co., Ltd.",688318.SS,-20.74,0.352,1.249,Yes
2917,"Shenzhen Wongtee International Enterprise Co., Ltd.",200056.SZ,-30.68,0.55,0.419,Yes
2918,"Chemclin Diagnostics Co., Ltd.",688468.SS,-15.92,0.262,0.533,Yes
2919,Yinhua CSI Security Enterprise ETF,159842.SZ,-11.76,0.189,0.844,Yes
2920,Tiandi Science & Technology Co.Ltd,600582.SS,-12.9,0.209,0.14,No
2921,"Changchun Engley Automobile Industry Co.,Ltd.",601279.SS,-18.58,0.309,0.168,No
2922,"Maiquer Group CO.,LTD",002719.SZ,-22.8,0.389,0.264,No
2923,H&R Century Union Corporation,000892.SZ,-28.6,0.504,0.033,No
2924,Aerosun Corporation,600501.SS,-32.9,0.595,1.897,Yes
2925,"Chongqing Chuanyi Automation Co., Ltd.",603100.SS,-17.38,0.287,1.056,Yes
2926,"SZZT Electronics CO.,LTD",002197.SZ,-23.93,0.409,0.104,No
2927,Shanghai Huace Navigation Technology Ltd,300627.SZ,-17.15,0.282,0.791,Yes
2928,"Qingdao Kingking Applied Chemistry Co., Ltd.",002094.SZ,-24.63,0.422,0.996,Yes
2929,"Avic Aviation High-Technology Co., Ltd.",600862.SS,-20.72,0.347,0.827,Yes
2930,"Guiyang Xintian Pharmaceutical Co.,Ltd.",002873.SZ,-17.44,0.287,0.386,Yes
2931,"Qingmu Tec Co., Ltd.",301110.SZ,-27.17,0.471,2.191,Yes
2932,AIFMC CSI 300 Quality ETF,563960.SS,-4.76,0.073,0.069,No
2933,"Bank of Zhengzhou Co., Ltd.",002936.SZ,-10.44,0.165,0.498,No
2934,"Yantai Zhenghai Magnetic Material Co., Ltd.",300224.SZ,-24.49,0.418,2.323,Yes
2935,"Nanjing Xinjiekou Department Store Co., Ltd.",600682.SS,-20.01,0.333,0.369,No
2936,"Shenzhen SDG Service Co.,Ltd.",300917.SZ,-25.9,0.445,1.248,Yes
2937,Huaan CES HK Sele 100 ETF,513900.SS,-13.86,0.223,0.003,Yes
2938,CCB Principal CSI Security Agency ETF,515560.SS,-11.94,0.19,0.85,Yes
2939,China Southern CSI Security Age ETF,512900.SS,-12.05,0.191,0.863,Yes
2940,"Hengxin Shambala Culture Co.,Ltd.",300081.SZ,-27.25,0.47,2.074,Yes
2941,"Center International Group Co.,Ltd.",603098.SS,-22.54,0.378,0.174,No
2942,"Zhuhai Zhumian Group Co., Ltd.",600185.SS,-20.62,0.342,0.671,Yes
2943,Qingdao Richmat Intelligence Technology Inc.,301320.SZ,-20.14,0.333,1.594,Yes
2944,Bosera CNI Top House Apps ETF,159730.SZ,-7.56,0.117,0.345,Yes
2945,"Nanjing Inform Storage Equipment (Group) Co., Ltd.",603066.SS,-16.76,0.271,1.57,Yes
2946,Guotai CSI Security Agency ETF,512880.SS,-12.08,0.191,0.857,Yes
2947,"Beijing Shenzhou Aerospace Software Technology Co., ltd",688562.SS,-20.35,0.334,0.908,Yes
2948,"Guangdong Weide Information Technology CO,.Ltd.",688171.SS,-26.84,0.457,2.279,Yes
2949,"Changhua Chemical Technology Co., Ltd.",301518.SZ,-26.59,0.452,1.149,Yes
2950,"COFCO Technology & Industry Co., Ltd.",301058.SZ,-16.15,0.259,0.6,Yes
2951,"Xiwang Foodstuffs Co.,Ltd.",000639.SZ,-37.49,0.682,2.235,No
2952,"Well Lead Medical Co., Ltd.",603309.SS,-12.73,0.2,0.022,No
2953,Eastmoney CSI Battery Thematic ETF,159160.SZ,-25.6,0.432,2.451,Yes
2954,"Anhui Xinke New Materials Co.,Ltd",600255.SS,-17.76,0.287,1.743,Yes
2955,ChinaAMC CSI entertainment media ETF,516190.SS,-18.56,0.301,0.848,Yes
2956,Hwabao WP CSI Security Agency ETF,512000.SS,-12.16,0.191,0.847,Yes
2957,"Wuchan Zhongda Group Co.,Ltd.",600704.SS,-13.35,0.211,0.289,Yes
2958,"Runben Biotechnology Co., Ltd.",603193.SS,-22.5,0.372,0.123,No
2959,Guotai CSI Infrastructure ETF,159619.SZ,-10.76,0.167,0.284,Yes
2960,TianHong CSI Security Agency ETF,159841.SZ,-12.16,0.19,0.851,Yes
2961,CPIC CSI Securities Company ETF,159848.SZ,-12.11,0.189,0.842,Yes
2962,"China Television Media, Ltd.",600088.SS,-24.15,0.403,0.353,Yes
2963,"DBG Technology Co., Ltd.",300735.SZ,-23.71,0.394,2.116,Yes
2964,"Shenzhen Division Co.,Ltd.",300167.SZ,-25.43,0.427,1.105,Yes
2965,"Wuxi Acryl Technology Co., Ltd.",603722.SS,-26.01,0.438,2.572,Yes
2966,ChinaAMC CSI Infrastructure Index ETF,159635.SZ,-10.84,0.168,0.272,Yes
2967,"Xinjiang Beixin Road & Bridge Group Co., Ltd",002307.SZ,-26.62,0.449,0.112,No
2968,"Hongyuan Green Energy Co., Ltd.",603185.SS,-27.25,0.461,0.417,Yes
2969,"Shenzhen Grandland Group Co., Ltd.",002482.SZ,-20.38,0.331,0.305,Yes
2970,"Innuovo Technology Co., Ltd.",000795.SZ,-16.01,0.254,1.483,Yes
2971,"Shanghai Lingang Holdings Co.,Ltd.",600848.SS,-21.68,0.355,1.044,No
2972,China Universal CSI Security Company ETF,560090.SS,-12.08,0.188,0.844,Yes
2973,"TianYu Bio-Technology Co., Ltd.",603717.SS,-22.52,0.369,1.677,Yes
2974,"Shanghai Aiyingshi Co.,Ltd",603214.SS,-19.24,0.31,0.855,Yes
2975,"FAW Jiefang Group Co.,Ltd",000800.SZ,-11.88,0.184,0.251,No
2976,Penghua CSI STAR&CHINEXT 50 ETF,159012.SZ,-39.06,0.709,3.107,Yes
2977,"Cscec Scimee Sci.&Tech. Co.,Ltd",300425.SZ,-16.3,0.258,0.683,Yes
2978,"Gemac Engineering Machinery Co., Ltd.",301048.SZ,-19.07,0.306,0.897,No
2979,"Jiang Su Suyan Jingshen Co.,Ltd",603299.SS,-14.9,0.234,0.27,No
2980,Jiangsu Phoenix Publishing & Media Corporation Limited,601928.SS,-13.06,0.203,0.813,No
2981,"Shanghai Welltech Automation Co.,Ltd.",002058.SZ,-30.29,0.518,2.502,Yes
2982,"Nanjing Chixia Development Co.,Ltd.",600533.SS,-17.41,0.276,0.296,Yes
2983,Huaan CSI Security Enterprise ETF,516200.SS,-12.21,0.188,0.833,Yes
2984,"Qingdao Paguld Intelligent Manufacturing Co.,Ltd.",301456.SZ,-21.39,0.346,1.253,Yes
2985,"Zhejiang Rongtai Electric Material Co.,Ltd.",603119.SS,-33.17,0.575,3.033,Yes
2986,"Shenzhen UTIMES Intelligent Equipment Co., Ltd.",688638.SS,-21.58,0.348,1.26,Yes
2987,Anhui Conch Cement Company Limited,600585.SS,-19.39,0.309,0.318,No
2988,"Wuxi Double Elephant Micro Fibre Material Co.,Ltd",002395.SZ,-26.25,0.435,1.331,Yes
2989,"Zhubo Design Co., Ltd",300564.SZ,-17.1,0.269,1.132,Yes
2990,"Heilongjiang Publishing & Media Co., Ltd.",605577.SS,-19.39,0.309,0.057,No
2991,"Shaanxi Jinye Science Technology and Education Group Co.,Ltd",000812.SZ,-17.15,0.27,0.298,No
2992,"WINBO-Dongjian Automotive Technology Co., Ltd.",300978.SZ,-17.92,0.282,0.628,Yes
2993,"Taiyuan Heavy Industry Co., Ltd.",600169.SS,-18.15,0.286,0.19,Yes
2994,"China Asset Management Co., Ltd - ChinaAMC Joy City Shopping Center Closed Fund",180603.SZ,-8.16,0.122,0.076,Yes
2995,Shanghai Jinfeng Wine Company Limited,600616.SS,-18.02,0.283,0.028,No
2996,"Jiangsu Hanbon Science and Technology Co., Ltd.",688755.SS,-19.57,0.31,1.896,Yes
2997,"Inventronics (Hangzhou), Inc.",300582.SZ,-26.73,0.44,2.438,Yes
2998,BeOne Medicines AG,688235.SS,-11.78,0.179,0.426,Yes
2999,Hualan Biological Engineering Inc.,002007.SZ,-11.79,0.179,0.177,No
3000,"Tangel Culture Co., Ltd.",300148.SZ,-22.72,0.365,0.63,Yes
3001,"Eastone Century Technology Co.,Ltd.",300310.SZ,-22.66,0.364,0.601,Yes
3002,"Shanghai Longyun Cultural and Creative Technology Group Co., Ltd.",603729.SS,-24.5,0.397,0.765,Yes
3003,AUPU Intelligent Technology Corporation Limited,603551.SS,-15.17,0.233,0.744,No
3004,CIB CSI HKC Internet ETF,520790.SS,-25.66,0.418,1.463,No
3005,Jinxi Axle Company Limited,600495.SS,-17.04,0.263,0.674,No
3006,"Baoshan Iron & Steel Co., Ltd.",600019.SS,-14.38,0.219,0.18,No
3007,"Hengfeng Information Technology Co., Ltd.",300605.SZ,-26.27,0.427,0.439,No
3008,"Bright Dairy & Food Co.,Ltd",600597.SS,-15.98,0.245,0.648,No
3009,"Hangzhou Freely Communication Co., Ltd.",603602.SS,-18.08,0.28,1.267,Yes
3010,"Changchun Yidong Clutch CO.,LTD",600148.SS,-17.55,0.271,1.107,Yes
3011,CMF CSI Livestock breeding ETF,516670.SS,-13.86,0.21,0.142,Yes
3012,"Suzhou Harmontronics Automation Technology Co., Ltd",688022.SS,-34.79,0.594,2.447,Yes
3013,"Shandong Sunway Chemical Group Co., Ltd.",002469.SZ,-20.89,0.328,0.143,Yes
3014,Yinhua CSI Infrastructure ETF,516950.SS,-11.07,0.164,0.261,Yes
3015,"ZheJiang KangLongDa Special Protection Technology Co., Ltd",603665.SS,-22.28,0.351,0.829,Yes
3016,"Beijing Foyou Pharma CO.,LTD",601089.SS,-22.68,0.358,0.067,No
3017,"Shanghai Cooltech Power Co., Ltd.",300153.SZ,-35.99,0.616,3.451,Yes
3018,E Fund Hang Seng China Enterprise Index ETF(QDII),510900.SS,-14.87,0.225,0.29,No
3019,"First Capital Securities Co., Ltd.",002797.SZ,-13.97,0.21,0.686,Yes
3020,"Tianjin Jinbin Development Co.,Ltd",000897.SZ,-17.56,0.269,0.197,Yes
3021,"GreenTech Environmental Co., Ltd.",688466.SS,-24.1,0.383,0.997,Yes
3022,"CETC Digital Technology Co.,Ltd.",600850.SS,-31.88,0.53,0.31,No
3023,ChinaAMC Hang Seng China Entpr ETF(QDII),159850.SZ,-15.07,0.228,0.259,No
3024,"Wuxi Best Precision Machinery Co., Ltd.",300580.SZ,-28.26,0.459,1.028,Yes
3025,"Kehua Data Co., Ltd.",002335.SZ,-30.48,0.502,2.593,Yes
3026,"Shenzhen Pacific Union Precision Manufacturing Co., Ltd.",688210.SS,-37.28,0.641,3.954,Yes
3027,"Qijing Machinery Co., Ltd.",603677.SS,-22.4,0.351,0.855,Yes
3028,"Cicc Fund Management Co.,Ltd - CICC Liandong Science & Technology Innovation",508010.SS,-20.69,0.321,0.905,Yes
3029,Shenzhen Expressway Corporation Limited,600548.SS,-14.05,0.211,0.817,No
3030,"Zhejiang Zhongke Magnetic Industry Co., Ltd.",301141.SZ,-28.03,0.453,2.84,Yes
3031,"Zbom Home Collection Co.,Ltd",603801.SS,-22.09,0.345,0.356,Yes
3032,"Newland Pharmaceutical Co., Ltd.",301277.SZ,-17.87,0.272,0.24,Yes
3033,"Ningbo Sinyuan Zm Technology Co., Ltd.",301398.SZ,-26.6,0.426,1.927,Yes
3034,Guotai CSI All Share Communications ETF,515880.SS,-52.93,1.018,2.53,Yes
3035,Foryou Corporation,002906.SZ,-18.42,0.281,1.191,Yes
3036,"Wuhan MC Culture and Sports Co., Ltd.",600136.SS,-17.97,0.274,0.189,No
3037,Giti Tire Corporation,600182.SS,-11.2,0.165,0.661,Yes
3038,"Synthesis Electronic Technology Co.,Ltd.",300479.SZ,-22.23,0.346,1.033,Yes
3039,"BrightGene Bio-Medical Technology Co., Ltd.",688166.SS,-32.94,0.547,1.231,Yes
3040,"CSSC Science & Technology Co., Ltd",600072.SS,-25.12,0.397,0.081,Yes
3041,"Transfar Zhilian Co., Ltd.",002010.SZ,-20.81,0.321,0.844,Yes
3042,"Winner Technology Co., Inc.",300609.SZ,-30.53,0.497,2.484,Yes
3043,"Emei Shan Tourism Co.,Ltd",000888.SZ,-18.25,0.277,0.173,No
3044,"Shanghai Sanmao Enterprise (Group) Co., Ltd.",900922.SS,-22.48,0.348,0.508,Yes
3045,"Zhejiang Tianyu Pharmaceutical Co., Ltd.",300702.SZ,-16.05,0.24,0.423,Yes
3046,"Anhui Anke Biotechnology (Group) Co., Ltd.",300009.SZ,-13.36,0.197,0.141,Yes
3047,"Wondershare Technology Group Co., Ltd.",300624.SZ,-29.03,0.467,0.98,Yes
3048,Leysen Jewellery Inc.,603900.SS,-26.9,0.427,1.408,Yes
3049,"Zhejiang Xiantong Rubber&Plastic Co.,Ltd",603239.SS,-25.26,0.397,0.73,Yes
3050,E Fund CSI Non-ferrous Metl Sub-inds ETF,560470.SS,-17.24,0.259,0.661,Yes
3051,E Fund CSI AllSh Construct Materials ETF,159787.SZ,-13.98,0.206,0.81,Yes
3052,Triductor Technology (Suzhou) Inc.,688259.SS,-26.96,0.428,2.921,Yes
3053,"Zhonglu.Co.,Ltd",900915.SS,-35.17,0.587,0.876,Yes
3054,China Southern HS China Enterprises ETF,159954.SZ,-15.41,0.229,0.298,No
3055,"Ken Holding Co., Ltd.",300126.SZ,-24.61,0.385,1.36,Yes
3056,"Xinjiang Communications Construction Group Co., Ltd.",002941.SZ,-26.41,0.416,0.189,No
3057,Fujian Start Group Co.Ltd,600734.SS,-42.28,0.738,1.732,No
3058,China Tourism Group Duty Free Corporation Limited,601888.SS,-23.39,0.361,0.161,No
3059,"Shenzhen Desay Battery Technology Co., Ltd.",000049.SZ,-14.65,0.216,0.283,Yes
3060,"Zhejiang Jinke Tom Culture Industry Co., LTD.",300459.SZ,-21.68,0.331,0.231,Yes
3061,"Wuhan Fingu Electronic Technology Co., LTD.",002194.SZ,-22.45,0.344,1.82,Yes
3062,Ginwa Enterprise (Group) Inc.,600080.SS,-29.48,0.471,0.277,No
3063,Colorlight Cloud Tech Ltd,301391.SZ,-32.75,0.532,2.667,Yes
3064,"Doctorglasses Chain Co.,Ltd.",300622.SZ,-26.43,0.413,0.625,Yes
3065,"Zhejiang Xianju Pharmaceutical Co., Ltd.",002332.SZ,-8.06,0.114,0.148,No
3066,"Zhejiang Zhongjian Technology Co.,Ltd",002779.SZ,-33.94,0.556,1.915,Yes
3067,"Shanghai Pret Composites Co., Ltd.",002324.SZ,-30.78,0.494,2.467,Yes
3068,MEGA P&C Advanced Materials (Shanghai) Company Limited,603062.SS,-24.23,0.374,2.058,Yes
3069,"Kyland Technology Co., Ltd.",300353.SZ,-25.47,0.395,1.921,Yes
3070,"Guangxi Liugong Machinery Co., Ltd.",000528.SZ,-23.74,0.365,0.106,Yes
3071,"Ways Electron Co.,Ltd.",605218.SS,-25.44,0.394,2.306,Yes
3072,"CATARC Automotive Proving Ground Co.,Ltd.",301215.SZ,-16.46,0.243,0.897,Yes
3073,"Tongyu Heavy Industry Co., Ltd.",300185.SZ,-13.84,0.201,0.336,No
3074,"Zhejiang Entive Smart Kitchen Appliance Co., Ltd.",300911.SZ,-40.84,0.697,2.648,Yes
3075,"Shanghai Kindly Enterprise Development Group Co.,LTD.",603987.SS,-13.77,0.2,0.337,Yes
3076,Shanghai DOBE Cultural & Creative Industry Development (Group)Co. LTD.,300947.SZ,-23.25,0.355,1.013,Yes
3077,"Zhejiang Zhongxin Fluoride Materials Co.,Ltd",002915.SZ,-25.61,0.397,1.683,Yes
3078,Sinocare Inc.,300298.SZ,-18.74,0.279,0.067,No
3079,"Beijing E-Techstar Co.,Ltd.",300513.SZ,-18.05,0.267,1.227,Yes
3080,"Spring Airlines Co., Ltd.",601021.SS,-16.07,0.235,0.375,Yes
3081,"Yili Chuanning Biotechnology Co.,Ltd.",301301.SZ,-17.4,0.256,0.029,Yes
3082,"Jiangsu Yitong High-Tech Co., Ltd.",300211.SZ,-21.95,0.331,1.6,Yes
3083,"Guangdong Wanlima Industry Co. ,Ltd",300591.SZ,-21.5,0.324,0.715,Yes
3084,"Zhuhai Huajin Capital Co., Ltd.",000532.SZ,-20.52,0.307,1.036,Yes
3085,"Beijing Electronic Zone High-tech Group Co., Ltd.",600658.SS,-24.08,0.367,0.857,Yes
3086,"Zhejiang Daily Digital Culture Group Co.,Ltd",600633.SS,-24.15,0.368,0.94,Yes
3087,E Fund CSI HK Connect China 100 ETF,159788.SZ,-15.08,0.218,0.191,No
3088,"Hainan Strait Shipping Co.,Ltd.",002320.SZ,-30.57,0.483,0.495,Yes
3089,Fullgoal CSI China A Share ETF,159078.SZ,-24.67,0.376,,
3090,"Sichuan Kexin Mechanical and Electrical Equipment Co.,Ltd",300092.SZ,-24.15,0.366,1.191,Yes
3091,"Zhangjiagang Haiguo New Energy Equipment Manufacturing Co., Ltd.",301063.SZ,-25.34,0.386,1.611,Yes
3092,Harvest Fund Management Co. Ltd. - Harvest Wumart Consumer Close-end Infrastructure Fund,508011.SS,-12.76,0.181,0.422,Yes
3093,"Tansun Technology Co., Ltd.",300872.SZ,-27.62,0.426,0.742,Yes
3094,"Southwest Securities Co., Ltd.",600369.SS,-11.01,0.155,0.382,Yes
3095,"Guangdong Shirongzhaoye Co., Ltd.",002016.SZ,-20.84,0.309,0.067,No
3096,"Zhejiang Jiuzhou Pharmaceutical Co., Ltd",603456.SS,-19.27,0.283,0.554,No
3097,"Jiangsu Huaxicun Co.,Ltd.",000936.SZ,-23.0,0.345,1.371,Yes
3098,"Ningbo Construction Co., Ltd.",601789.SS,-21.31,0.316,0.172,No
3099,"Daodaoquan Grain and Oil Co.,Ltd.",002852.SZ,-20.58,0.304,0.439,Yes
3100,ICBCCS CSI Online Consump Theme ETF,159725.SZ,-20.14,0.296,0.917,Yes
3101,"Zhejiang Shapuaisi Pharmaceutical Co.,Ltd.",603168.SS,-22.15,0.329,0.023,Yes
3102,"Suzhou SONAVOX Electronics Co.,Ltd.",688533.SS,-24.95,0.376,1.496,Yes
3103,"Jiangsu Zhongsheng Gaoke Environmental Co.,Ltd.",002778.SZ,-23.36,0.348,1.317,Yes
3104,"Liaoning He Eye Hospital Group Co., LTD.",301103.SZ,-18.43,0.267,0.686,Yes
3105,Harfor CSI Security Pioneer Strategy ETF,516980.SS,-13.05,0.184,0.703,Yes
3106,Zhongfu Information Inc.,300659.SZ,-25.59,0.386,0.306,Yes
3107,"Shanghai No.1 Pharmacy Co.,Ltd.",600833.SS,-19.6,0.285,0.57,Yes
3108,ChinaAMC SSE Consumer Staples Sector ETF,510630.SS,-14.72,0.209,0.537,No
3109,"Liaoning Shenhua Holdings Co.,Ltd",600653.SS,-16.49,0.236,0.154,Yes
3110,"Newland Digital Technology Co.,Ltd.",000997.SZ,-26.42,0.398,0.322,Yes
3111,"Wens Foodstuff Group Co., Ltd.",300498.SZ,-19.45,0.281,0.93,No
3112,"Shanghai Yuyuan Tourist Mart (Group) Co., Ltd.",600655.SS,-19.86,0.288,0.217,Yes
3113,Ping An CSI Artificial Intelligence ETF,512930.SS,-49.73,0.876,3.138,Yes
3114,"Guangzhou Ruoyuchen Technology Co.,Ltd.",003010.SZ,-24.91,0.371,0.222,Yes
3115,"China Fund Management Co., Ltd.- China Fund State Power New Energy Close Fund",508028.SS,-4.47,0.06,0.088,Yes
3116,Ping An CSI All Share Electric Utilt ETF,560460.SS,-24.52,0.364,1.116,No
3117,"XCMG Construction Machinery Co., Ltd.",000425.SZ,-26.59,0.4,0.134,No
3118,"Damon Technology Group Co.,Ltd.",688360.SS,-29.64,0.454,1.144,Yes
3119,China Life AMP Money Market E,511970.SS,-0.02,0.0,0.0,No
3120,"Guangzhou Echom Sci. & Tech. Co.,Ltd",002420.SZ,-25.08,0.373,1.436,Yes
3121,"Kidswant Digital Technology Co., Ltd.",301078.SZ,-28.62,0.434,0.859,Yes
3122,"Guangdong Southern New Media Co.,Ltd.",300770.SZ,-19.36,0.278,0.406,Yes
3123,"Jiangsu Rainbow Heavy Industries Co., Ltd.",002483.SZ,-20.15,0.291,0.624,Yes
3124,"Actions Technology Co., Ltd.",688049.SS,-23.49,0.346,2.153,Yes
3125,"ChemPartner PharmaTech Co.,Ltd.",300149.SZ,-18.27,0.261,0.803,Yes
3126,"Guangdong VTR Bio-Tech Co., Ltd.",300381.SZ,-14.84,0.208,0.477,Yes
3127,"Shandong Wit Dyne Health Co.,Ltd.",000915.SZ,-12.25,0.169,0.041,No
3128,Bosera CSI Glb China Edu Theme ETF(QDII),513360.SS,-16.16,0.228,0.301,Yes
3129,Guangzhou Baiyun International Airport Company Limited,600004.SS,-15.4,0.216,0.468,No
3130,Beijing VRV Software Corporation Limited,300352.SZ,-42.36,0.699,2.731,Yes
3131,"Beijing InHand Networks Technology Co., Ltd.",688080.SS,-28.07,0.422,2.034,Yes
3132,"CSG Holding Co., Ltd.",200012.SZ,-26.0,0.386,0.127,Yes
3133,"Wuhan Golden Laser Co., Ltd",300220.SZ,-23.4,0.342,1.476,Yes
3134,Fullgoal CSI AllSh Construct Mtrls ETF,516750.SS,-15.41,0.215,0.913,Yes
3135,"Luoyang Xinqianglian Slewing Bearing Co., Ltd.",300850.SZ,-30.55,0.464,0.325,Yes
3136,"Guangdong KinLong Hardware Products Co.,Ltd.",002791.SZ,-28.06,0.42,0.239,Yes
3137,"Zhejiang Wellsun Intelligent Technology Co.,Ltd.",300882.SZ,-22.68,0.329,1.028,Yes
3138,"Tianjin You Fa Steel Pipe Group Stock Co., Ltd.",601686.SS,-13.48,0.185,0.061,Yes
3139,"Jing-jin Electric Technologies Co.,Ltd.",688280.SS,-32.06,0.49,0.768,Yes
3140,"Beijing Hcrt Electrical Equipments Co., Ltd.",301668.SZ,-26.75,0.396,0.365,No
3141,"Shanxi Zhendong Pharmaceutical Co.,Ltd",300158.SZ,-19.24,0.273,0.294,No
3142,"ApicHope Pharmaceutical Group Co., Ltd.",300723.SZ,-33.53,0.516,0.919,Yes
3143,"Shanghai Hi-Tech Control System Co., Ltd",002184.SZ,-24.66,0.36,0.883,Yes
3144,Yunnan Botanee Bio-Technology Group Co.LTD,300957.SZ,-24.8,0.362,0.767,Yes
3145,"HOB Biotech Group Corp.,Ltd",688656.SS,-33.79,0.52,1.525,Yes
3146,"Hangzhou Sunrise Technology Co.,Ltd.",300360.SZ,-20.81,0.296,0.284,No
3147,"Beijing Sanlian Hope Shin-Gosen Technical Service Co., Ltd.",300384.SZ,-23.45,0.339,0.71,Yes
3148,"B-SOFT Co.,Ltd.",300451.SZ,-24.13,0.35,0.025,No
3149,China Universal CSI HKC IT Composite ETF,526030.SS,-44.35,0.734,,
3150,"CETC Lantian Technology Co., Ltd.",688818.SS,-43.02,0.704,3.379,Yes
3151,"Guangdong Delian Group Co., Ltd.",002666.SZ,-17.46,0.244,0.635,Yes
3152,Ping An CSI Livestock Breeding ETF,516760.SS,-15.16,0.209,0.103,Yes
3153,Beijing Dinghan Technology Group Co.Ltd,300011.SZ,-20.71,0.293,0.41,Yes
3154,"Gosuncn Technology Group Co., Ltd.",300098.SZ,-19.71,0.277,1.103,Yes
3155,"Shanghai Phoenix Enterprise (Group) Co., Ltd.",600679.SS,-17.59,0.244,0.171,No
3156,"BGI Genomics Co., Ltd.",300676.SZ,-19.69,0.276,0.779,Yes
3157,Shanxi Guoxin Energy Corporation Limited,900913.SS,-9.7,0.129,0.264,No
3158,"SFC Holdings Co., Ltd.",301558.SZ,-21.98,0.312,0.618,Yes
3159,"Longjian Road&Bridge Co.,Ltd",600853.SS,-16.69,0.23,0.204,Yes
3160,Guotai CSI Medical ETF,159828.SZ,-12.69,0.171,0.289,Yes
3161,"Shandong Hi-Speed Road&Bridge Group Co., Ltd.",000498.SZ,-15.55,0.212,0.276,No
3162,Leshan Giantstar Farming&Husbandry Corporation Limited,603477.SS,-23.04,0.328,1.419,Yes
3163,Guotai CSI Livestock Breeding ETF,159865.SZ,-15.61,0.213,0.123,Yes
3164,TK CSI Nonferrous Metal Mining ETF,159163.SZ,-23.61,0.336,1.74,Yes
3165,"Shenzhen Chipscreen Biosciences Co., Ltd.",688321.SS,-19.5,0.271,1.194,Yes
3166,"Petpal Pet Nutrition Technology Co., Ltd.",300673.SZ,-21.65,0.305,1.197,Yes
3167,Maxwealth CSI Livestock Breeding Ids ETF,159165.SZ,-20.65,0.289,0.008,Yes
3168,"Sichuan Biokin Pharmaceutical Co.,Ltd.",688506.SS,-26.38,0.381,0.952,No
3169,"Ningbo BaoSi Energy Equipment Co., Ltd.",300441.SZ,-15.2,0.206,0.316,Yes
3170,"Thunder Software Technology Co.,Ltd.",300496.SZ,-21.59,0.303,1.469,Yes
3171,"Heilongjiang ZBD Pharmaceutical Co., Ltd.",603567.SS,-41.02,0.649,1.638,No
3172,China Southern Asset Management Co Ltd. - China Southern SF Warehousing & Logistics Close-Ed Inf Fd,180305.SZ,-12.88,0.172,0.856,Yes
3173,"Suzhou Fengbei Biotech Stock Co., Ltd.",603334.SS,-27.23,0.394,1.085,Yes
3174,"Beijing E-Hualu Information Technology Co., Ltd.",300212.SZ,-53.23,0.925,1.701,No
3175,"Tibet Weixinkang Medicine Co., Ltd.",603676.SS,-17.89,0.245,0.013,Yes
3176,"Zhejiang NetSun Co., Ltd.",002095.SZ,-21.92,0.307,0.318,Yes
3177,Hwabao WP HKC HS CHN (HK-listed) 30 ETF,520560.SS,-17.31,0.237,0.337,No
3178,"Suzhou Invotech Scroll Technologies Co., Ltd.",301272.SZ,-25.43,0.364,1.657,Yes
3179,"Beijing Emerging Eastern Aviation Equipment Co., Ltd.",002933.SZ,-18.5,0.254,0.838,Yes
3180,"GoldenHome Living Co., Ltd.",603180.SS,-20.43,0.283,0.227,Yes
3181,"Jafron Biomedical Co.,Ltd.",300529.SZ,-24.82,0.353,0.595,No
3182,"Solareast Holdings Co., Ltd.",603366.SS,-17.32,0.236,0.63,Yes
3183,"China Resources and Environment Co.,Ltd.",600217.SS,-20.05,0.277,0.351,Yes
3184,"Shandong Gold Phoenix Co.,Ltd",603586.SS,-24.57,0.348,0.316,No
3185,"Hangzhou Shunwang Technology Co,Ltd",300113.SZ,-29.9,0.437,0.779,Yes
3186,"Zhejiang China Commodities City Group Co., Ltd.",600415.SS,-27.1,0.39,0.455,No
3187,"Tech-Bank Food Co., Ltd.",002124.SZ,-19.44,0.267,0.534,Yes
3188,"Pinlive Foods Co., Ltd.",300892.SZ,-28.02,0.404,0.146,Yes
3189,"UTour Group Co., Ltd.",002707.SZ,-23.04,0.323,0.648,Yes
3190,"Jiangsu Bioperfectus Technologies Co., Ltd.",688399.SS,-31.7,0.467,2.6,Yes
3191,"Mingxin New Material Co.,Ltd.",605068.SS,-34.33,0.514,1.074,No
3192,"Ningbo Dechang Electrical Machinery Made Co., Ltd.",605555.SS,-23.39,0.328,0.79,Yes
3193,"Dayu Irrigation Group Co.,Ltd",300021.SZ,-16.19,0.218,1.101,Yes
3194,"Shanghai Baosight Software Co.,Ltd.",600845.SS,-21.76,0.302,0.101,No
3195,"Jinzai Food Group Co.,Ltd.",003000.SZ,-15.55,0.208,0.038,No
3196,Beijing Jingcheng Machinery Electric Company Limited,600860.SS,-27.01,0.386,1.369,Yes
3197,Shanghai Shen Lian Biomedical Corporation,688098.SS,-20.96,0.289,1.041,Yes
3198,"China Merchants Property Operation & Service Co., Ltd.",001914.SZ,-23.45,0.327,0.433,Yes
3199,"Guangdong Seneasy Intelligent Technology Co.,Ltd.",301578.SZ,-30.17,0.437,0.681,Yes
3200,NET263 Ltd.,002467.SZ,-23.93,0.334,0.216,Yes
3201,"Pulike Biological Engineering, Inc.",603566.SS,-19.06,0.259,0.565,Yes
3202,"Bangyan Technology Co., Ltd.",688132.SS,-24.42,0.342,1.476,Yes
3203,Chongqing Gas Group Corporation Ltd.,600917.SS,-13.17,0.173,0.123,No
3204,"Inner Mongolia OJing Science & Technology Co., Ltd.",001269.SZ,-25.52,0.359,0.57,Yes
3205,"Ciwen Media Co.,Ltd.",002343.SZ,-26.8,0.379,0.024,No
3206,"Sun Create Electronics Co., Ltd",600990.SS,-29.17,0.418,1.153,Yes
3207,"Power Construction Corporation of China, Ltd",601669.SS,-15.19,0.201,0.28,No
3208,"Zhejiang Dahua Technology Co., Ltd.",002236.SZ,-15.63,0.207,0.963,Yes
3209,"Digital China Group Co., Ltd.",000034.SZ,-22.64,0.312,1.845,Yes
3210,"HNA Technology Co.,Ltd.",900938.SS,-17.61,0.236,0.439,No
3211,"Hua Ying Technology (Group) Co.,Ltd.",000536.SZ,-22.28,0.306,0.52,Yes
3212,CMF CSI New Energy Vehicles ETF,159183.SZ,-25.77,0.361,1.947,Yes
3213,"New Trend International Logis-Tech Co.,Ltd.",300532.SZ,-21.14,0.288,0.247,Yes
3214,"Qingdao Victall Railway Co., Ltd.",605001.SS,-20.74,0.282,1.023,Yes
3215,"Shang Gong Group Co., Ltd.",900924.SS,-23.19,0.319,0.635,Yes
3216,Thalys Medical Technology Group Corporation,603716.SS,-28.11,0.398,0.574,No
3217,"Huaxia Eye Hospital Group Co.,Ltd.",301267.SZ,-21.55,0.294,0.049,No
3218,"CSI Solar Co., Ltd.",688472.SS,-28.56,0.405,0.648,Yes
3219,"Luyang Energy-Saving Materials Co., Ltd.",002088.SZ,-29.82,0.426,1.639,Yes
3220,"Juneyao Airlines Co., Ltd",603885.SS,-22.76,0.312,0.015,Yes
3221,BeiJing Seeyon Internet Software Corp.,688369.SS,-22.83,0.312,1.159,Yes
3222,"Beijing Airport High-Tech Park Co., Ltd.",600463.SS,-25.54,0.355,1.434,Yes
3223,"Zhejiang Construction Investment Group Co.,Ltd",002761.SZ,-18.14,0.242,0.535,No
3224,"JILIN JINGUAN ELECTRIC Co.,Ltd",300510.SZ,-20.66,0.279,0.198,Yes
3225,Air China Limited,601111.SS,-24.32,0.335,0.443,Yes
3226,"Qingdao Sentury Tire Co., Ltd.",002984.SZ,-23.4,0.321,0.158,Yes
3227,"Changchun FAWAY Group Automobile Components Co., Ltd.",600742.SS,-19.1,0.254,0.038,No
3228,"Shanghai Bairun Investment Holding Group Co., Ltd.",002568.SZ,-27.69,0.387,0.536,No
3229,"Shenzhen Boshijie Technology Co., Ltd.",301608.SZ,-23.38,0.319,2.002,Yes
3230,"De Rucci Healthy Sleep Co., Ltd.",001323.SZ,-24.31,0.333,0.284,Yes
3231,"Focused Photonics (Hangzhou), Inc.",300203.SZ,-23.68,0.323,1.786,Yes
3232,"Ningbo Donly Co.,Ltd",002164.SZ,-24.16,0.33,0.951,Yes
3233,Chongqing Iron & Steel Company Limited,601005.SS,-17.62,0.232,0.577,Yes
3234,Sensteed Hi-Tech Group,000981.SZ,-32.78,0.472,1.36,Yes
3235,Yinhua Fund Management Company Limited - Yinhua Large Cap Selected 2-year Regular Open Mixed Fund,161837.SZ,-6.76,0.084,0.349,Yes
3236,"Guangdong Jiaying Pharmaceutical Co., Ltd",002198.SZ,-37.08,0.549,1.189,No
3237,"Nanjing Develop Advanced Manufacturing Co., Ltd.",688377.SS,-34.9,0.508,2.977,Yes
3238,ICBCCS CSI HKC Internet ETF,159179.SZ,-32.08,0.459,2.451,No
3239,"Chengdu Leejun Industrial Co., Ltd.",002651.SZ,-22.48,0.303,0.638,Yes
3240,"Chongqing VDL Electronics Co., Ltd.",301121.SZ,-28.39,0.395,1.921,Yes
3241,"Lanzhou GreatWall Electrical Co., Ltd",600192.SS,-22.52,0.303,0.831,Yes
3242,"Brother Enterprises Holding Co.,Ltd.",002562.SZ,-27.36,0.379,1.373,Yes
3243,"UCAP Cloud Information Technology Co.,Ltd.",688228.SS,-48.45,0.773,2.885,Yes
3244,Hefei Meyer Optoelectronic Technology Inc.,002690.SZ,-16.93,0.221,0.298,Yes
3245,"Shanghai Xinhua Media Co., Ltd.",600825.SS,-22.04,0.295,0.227,Yes
3246,"Winstech Precision Holding Co., LTD.",001319.SZ,-21.92,0.293,1.453,Yes
3247,"Shenzhen Hepalink Pharmaceutical Group Co., Ltd.",002399.SZ,-14.54,0.186,0.054,Yes
3248,"Shanghai Chinafortune Co., Ltd.",600621.SS,-17.23,0.224,0.952,Yes
3249,Jiangsu Maixinlin Aviation Science and Technology Corp.,688685.SS,-32.28,0.457,1.95,Yes
3250,"Tianjin Motor Dies Co.,Ltd.",002510.SZ,-22.4,0.299,0.239,Yes
3251,"Jee Technology Co., Ltd.",688162.SS,-28.72,0.397,2.026,Yes
3252,"Shanghai Shibei Hi-Tech Co.,Ltd.",600604.SS,-18.8,0.246,0.096,No
3253,"RongFa Nuclear Equipment Co., Ltd.",002366.SZ,-18.28,0.238,0.913,Yes
3254,Wanjia CNI NEV Battery ETF,159156.SZ,-24.54,0.331,1.344,Yes
3255,"Shanghai Xujiahui Commercial Co., Ltd.",002561.SZ,-18.93,0.247,0.065,Yes
3256,Anfu CE LINK Limited,300787.SZ,-24.59,0.331,1.379,Yes
3257,North China Pharmaceutical Company.Ltd,600812.SS,-17.06,0.22,0.433,No
3258,"Saimo Technology Co.,Ltd.",300466.SZ,-19.67,0.258,0.962,Yes
3259,Guangzhou Lingnan Group Holdings Company Limited,000524.SZ,-23.47,0.314,1.089,Yes
3260,Warom Technology Incorporated Company,603855.SS,-12.25,0.154,0.557,Yes
3261,"Anhui Heli Co.,Ltd.",600761.SS,-22.27,0.296,0.271,Yes
3262,"Jiangxi Salt Industry Group Co., Ltd",601065.SS,-15.18,0.194,0.262,Yes
3263,China National Software & Service Company Limited,600536.SS,-28.85,0.398,0.468,Yes
3264,Rastar Group,300043.SZ,-28.12,0.386,1.011,Yes
3265,Minmetals Capital Company Limited,600390.SS,-14.72,0.187,0.052,Yes
3266,"Yunding Technology Co.,Ltd.",000409.SZ,-20.19,0.264,0.281,Yes
3267,"Chongqing Genrix Biopharmaceutical Co., Ltd.",688443.SS,-21.45,0.282,1.317,Yes
3268,"China Merchants Shekou Industrial Zone Holdings Co., Ltd.",001979.SZ,-31.59,0.441,0.522,Yes
3269,"Shenzhen YHLO Biotech Co., Ltd.",688575.SS,-26.67,0.361,0.167,No
3270,"Shenzhen Zowee Technology Co., Ltd.",002369.SZ,-28.51,0.39,0.993,Yes
3271,"Qian Jiang Water Resources Development Co.,Ltd",600283.SS,-11.44,0.143,0.179,Yes
3272,"Fuyao Glass Industry Group Co., Ltd.",600660.SS,-19.68,0.256,0.65,No
3273,"Shandong University Electric Power Technology Co., Ltd.",301609.SZ,-31.76,0.443,0.459,No
3274,"Fujian Apex Software Co.,LTD",603383.SS,-27.83,0.379,0.444,Yes
3275,New China CSI Cloud Computing 50 ETF,560660.SS,-35.37,0.505,0.254,No
3276,"Shanxi Huhua Group Co., Ltd.",003002.SZ,-31.25,0.435,1.16,Yes
3277,Penghua CSI Livestock Breeding ETF,159867.SZ,-15.91,0.202,0.101,Yes
3278,"China Reform Health Management and Services Group Co., Ltd.",000503.SZ,-29.11,0.399,0.632,No
3279,IGW Hang Seng SCHK 50 ETF,159109.SZ,-17.67,0.226,0.059,No
3280,"Chengdu Xinzhu Road & Bridge Machinery Co., Ltd.",002480.SZ,-17.95,0.23,0.427,Yes
3281,"Beijing Bashi Media Co., Ltd.",600386.SS,-20.67,0.269,0.598,Yes
3282,"Chongqing Mas Sci.&Tech.Co.,Ltd.",300275.SZ,-25.08,0.334,0.92,Yes
3283,"Better Life Commercial Chain Share Co.,Ltd",002251.SZ,-31.13,0.429,0.459,No
3284,"Guangdong JingYi Metal CO.,Ltd",002295.SZ,-31.36,0.433,1.296,Yes
3285,"Chongqing Fenghwa Group Co., Ltd.",600615.SS,-24.32,0.322,1.48,Yes
3286,"Shenzhen INVT Electric Co.,Ltd",002334.SZ,-26.57,0.355,1.221,Yes
3287,"iFLYTEK CO.,LTD",002230.SZ,-25.99,0.346,1.087,Yes
3288,"Great Chinasoft Technology Co.,Ltd.",002453.SZ,-32.07,0.442,0.944,Yes
3289,"Tuoxin Pharmaceutical Group Co.,Ltd.",301089.SZ,-23.87,0.313,0.312,No
3290,"China Railway Special Cargo Logistics Co., Ltd.",001213.SZ,-13.84,0.172,0.431,No
3291,Guangdong Chant Group Inc.,002616.SZ,-24.47,0.322,0.824,No
3292,Hwabao WP Pension ETF,516560.SS,-14.41,0.179,0.113,No
3293,"Qingdao Daneng Environmental Protection Equipment Co., Ltd.",688501.SS,-27.08,0.361,1.745,Yes
3294,"Juheshun Advanced Material Co., Ltd.",605166.SS,-24.17,0.317,1.696,Yes
3295,"Zhejiang Tiantie Science and Technology Co., Ltd.",300587.SZ,-37.58,0.536,1.031,Yes
3296,"Shenwan Hongyuan Group Co., Ltd.",000166.SZ,-12.32,0.151,0.131,Yes
3297,"Pacific Shuanglin Bio-pharmacy Co., Ltd.",000403.SZ,-31.68,0.433,0.882,No
3298,"Zhejiang Jingxing Paper Joint Stock Co., Ltd.",002067.SZ,-29.5,0.397,0.295,No
3299,"Zhejiang E-P Equipment Co., Ltd.",603194.SS,-22.22,0.286,1.145,Yes
3300,"Beingmate Co., Ltd.",002570.SZ,-24.04,0.313,0.425,Yes
3301,ChinaAMC CSI Auto Parts Theme ETF,562700.SS,-20.56,0.262,1.476,Yes
3302,"Jiangsu Fengshan Group Co.,Ltd",603810.SS,-24.97,0.326,1.076,Yes
3303,"Zhejiang Huakang Pharmaceutical Co., Ltd.",605077.SS,-34.26,0.474,0.997,Yes
3304,"Fujian Zhangzhou Development Co.,LTD.",000753.SZ,-28.82,0.385,0.236,No
3305,"Beijing Shengtong Printing Co., Ltd",002599.SZ,-27.3,0.361,0.465,No
3306,"Beijing Century Real Technology Co.,Ltd",300150.SZ,-21.65,0.277,0.869,Yes
3307,Guizhou Zhenhua E-chem Inc.,688707.SS,-32.64,0.446,2.362,Yes
3308,"Zhejiang Communications Technology Co., Ltd.",002061.SZ,-13.6,0.167,0.16,No
3309,"ADD Industry (Zhejiang) CO., LTD",603089.SS,-30.64,0.413,1.108,Yes
3310,"Suofeiya Home Collection Co., Ltd.",002572.SZ,-30.04,0.402,0.608,No
3311,"Founder Securities Co., Ltd.",601901.SS,-13.79,0.168,0.856,Yes
3312,"Shanghai Aiko Solar Energy Co.,Ltd.",600732.SS,-27.83,0.367,1.19,Yes
3313,Huayi Brothers Media Corporation,300027.SZ,-27.16,0.357,0.399,Yes
3314,Tungkong Inc.,002117.SZ,-25.06,0.325,0.34,Yes
3315,"Suzhou Fushilai Pharmaceutical Co., Ltd.",301258.SZ,-21.67,0.276,0.706,Yes
3316,"E Fund Management Co., Ltd. - Csi Auto Components Thematic Index ETF",159565.SZ,-20.43,0.258,1.428,Yes
3317,"Jinhe Biotechnology CO., LTD.",002688.SZ,-20.64,0.261,0.24,Yes
3318,"China Design Group Co., Ltd.",603018.SS,-15.83,0.195,0.621,Yes
3319,"Kaili Catalyst & New Materials Co.,Ltd.",688269.SS,-27.29,0.357,1.942,Yes
3320,"Shanghai Trendzone Holdings Group Co.,Ltd",603030.SS,-27.86,0.366,1.413,Yes
3321,Beijing New Building Materials Public Limited Company,000786.SZ,-24.74,0.318,0.068,No
3322,"Hubei Shuanghuan Science and Technology Stock Co.,Ltd",000707.SZ,-24.09,0.308,0.687,Yes
3323,"Hunan Tyen Machinery Co.,Ltd",600698.SS,-22.74,0.289,0.436,No
3324,"Zhejiang Cayi Vacuum Container Co., Ltd.",301004.SZ,-36.27,0.5,0.257,No
3325,China Asset Management Co - Nanjing Transportation Expressway Closed,508069.SS,-11.77,0.141,0.43,Yes
3326,Qi An Xin Technology Group Inc.,688561.SS,-24.15,0.309,0.497,Yes
3327,"Suning Universal Co.,Ltd",000718.SZ,-21.5,0.27,0.365,Yes
3328,"Shandong Cynda Chemical Co.,Ltd.",603086.SS,-27.45,0.357,1.089,Yes
3329,"Shanghai Shyndec Pharmaceutical Co., Ltd.",600420.SS,-17.89,0.221,0.762,No
3330,EmbedWay Technologies (Shanghai) Corporation,603496.SS,-29.88,0.394,0.881,Yes
3331,HUAYU Automotive Systems Company Limited,600741.SS,-19.47,0.242,0.835,No
3332,CCB Principal CSI China A Share ETF,159066.SZ,-35.53,0.485,,
3333,Red Star Macalline Group Corporation Ltd.,601828.SS,-20.96,0.262,0.375,Yes
3334,Eastcompeace Technology Co.Ltd,002017.SZ,-27.98,0.364,1.957,Yes
3335,"Trina Solar Co., Ltd.",688599.SS,-28.41,0.37,1.272,Yes
3336,"Xinxiang Richful Lube Additive Co.,Ltd.",300910.SZ,-23.7,0.3,0.55,Yes
3337,Maccura Biotechnology Co.Ltd,300463.SZ,-19.85,0.246,0.178,Yes
3338,Anhui Guqi Down & Feather Textile Incorporated,001390.SZ,-26.59,0.342,1.06,Yes
3339,"BSM Chemical Co.,Ltd.",300796.SZ,-26.68,0.343,1.063,Yes
3340,"Wolong New Energy Group Co., Ltd.",600173.SS,-27.91,0.361,1.006,Yes
3341,"Shenzhen Guangju Energy Co., Ltd.",000096.SZ,-25.35,0.323,0.339,Yes
3342,"Northking Information Technology Co., Ltd.",002987.SZ,-29.02,0.378,0.167,No
3343,"Fortune Ng Fung Food (Hebei) Co.,Ltd",600965.SS,-36.68,0.501,0.795,No
3344,"Suzhou Planning & Design Research Institute Co.,Ltd.",301505.SZ,-29.22,0.381,1.747,Yes
3345,"Bestore Co.,Ltd",603719.SS,-21.68,0.27,0.296,Yes
3346,"Ningbo Gaofa Automotive Control System Co., Ltd.",603788.SS,-18.46,0.226,0.919,Yes
3347,"Tonghua Golden-Horse Pharmaceutical Industry Co,Ltd",000766.SZ,-32.4,0.43,1.883,Yes
3348,"Xinyu Iron & Steel Co., Ltd",600782.SS,-27.48,0.353,0.415,No
3349,Bosera Heng seng Health Care ETF(QDII),513060.SS,-21.07,0.261,0.062,Yes
3350,"Shenzhen Fenda Technology Co., Ltd.",002681.SZ,-28.55,0.369,0.928,Yes
3351,"Youcare Pharmaceutical Group Co., Ltd.",688658.SS,-35.24,0.474,1.43,Yes
3352,"Jiusheng Electric Co., Ltd.",301082.SZ,-25.64,0.325,1.001,Yes
3353,ICBCCS CSI Leading Csmpt Services ETF,516600.SS,-10.56,0.123,0.148,Yes
3354,"Beijing Hualian Department Store Co., Ltd",000882.SZ,-23.76,0.297,0.176,Yes
3355,"HyUnion Holding Co.,Ltd",002537.SZ,-28.73,0.37,0.528,Yes
3356,"Anhui Tatfook Technology Co., Ltd",300134.SZ,-26.95,0.343,1.595,Yes
3357,"Guanhao Biotech Co.,Ltd.",300238.SZ,-23.59,0.295,1.221,Yes
3358,"Hangzhou Tianyuan Pet Products CO., LTD",301335.SZ,-23.08,0.287,0.749,Yes
3359,"Shenzhen New Nanshan Holding (Group) Co., Ltd.",002314.SZ,-22.3,0.276,0.282,Yes
3360,"Jiangxi Ganyue Expressway CO.,LTD.",600269.SS,-17.14,0.206,0.519,No
3361,"Nanjing King-Friend Biochemical Pharmaceutical Co.,Ltd.",603707.SS,-21.62,0.267,0.673,No
3362,"Hainan Airlines Holding Co., Ltd.",600221.SS,-19.25,0.234,0.628,Yes
3363,"Beijing Science Sun Pharmaceutical Co., Ltd.",300485.SZ,-22.56,0.279,0.858,Yes
3364,China Southern CNI Online Consumption ETF,159728.SZ,-22.3,0.276,0.854,Yes
3365,"Hefei Lifeon Pharmaceutical Co., Ltd.",003020.SZ,-21.36,0.262,0.377,No
3366,"Beijing Infosec Technologies Co.,Ltd",688201.SS,-41.47,0.577,0.115,Yes
3367,"Jiangxi Synergy Pharmaceutical Co., Ltd.",300636.SZ,-17.8,0.214,0.019,Yes
3368,"Shenzhen TVT Digital Technology Co., Ltd.",002835.SZ,-21.25,0.26,0.72,Yes
3369,"CECEP Guozhen Environmental Protection Technology Co., Ltd.",300388.SZ,-24.62,0.307,0.039,Yes
3370,DaCheng Hang Seng Healthcare ETF (QDII),159303.SZ,-21.08,0.257,0.093,Yes
3371,E Fund CSI HK Secs Invest Theme ETF,513090.SS,-18.41,0.221,0.94,Yes
3372,"Shanghai Yanhua Smartech Group Co., Ltd.",002178.SZ,-26.75,0.337,0.155,No
3373,"Jiangxi Tianli Technology, INC.",300399.SZ,-29.44,0.377,2.428,Yes
3374,"Jiangsu Tongli Tianqi Technology Co., Ltd.",605286.SS,-33.2,0.435,0.638,Yes
3375,"Shandong Lukang Pharmaceutical Co.,Ltd.",600789.SS,-19.24,0.231,0.102,Yes
3376,IGW Hang Seng Consumer ETF (QDII),513970.SS,-19.33,0.233,0.079,Yes
3377,"BBMG Jidong Cement Group Co., Ltd",000401.SZ,-23.91,0.295,0.265,No
3378,"Zhejiang Wolwo Bio-Pharmaceutical Co., Ltd.",300357.SZ,-21.92,0.267,0.162,Yes
3379,Ping An CSI Auto Components Thematic ETF,159306.SZ,-21.43,0.26,1.462,Yes
3380,"Guangdong Haomei New Materials Co.,Ltd",002988.SZ,-35.45,0.468,2.095,Yes
3381,"Xuelong Group Co.,Ltd",603949.SS,-27.97,0.352,2.179,Yes
3382,"Shanghai Mobitech Technology Co.,Ltd.",301173.SZ,-26.92,0.337,1.286,Yes
3383,"SeeWay.ai Co., Ltd.",002405.SZ,-30.4,0.388,0.775,Yes
3384,"Jiangshan Oupai Door Industry Co., Ltd",603208.SS,-23.23,0.284,0.857,Yes
3385,"Chengdu Guibao Science & Technology Co.,Ltd.",300019.SZ,-28.25,0.356,1.964,Yes
3386,"Tecnon Electronics Co., Ltd.",300650.SZ,-39.12,0.526,3.158,Yes
3387,Oppein Home Group Inc.,603833.SS,-33.14,0.428,0.457,No
3388,"Focus Technology Co., Ltd.",002315.SZ,-27.79,0.347,0.173,Yes
3389,Huatai Zijin Suzhou Hengtai Rental Housing Closed-end Infrastructure Securities Investment Fund,508085.SS,-7.57,0.085,0.279,Yes
3390,"Hailir Pesticides and Chemicals Group Co.,Ltd.",603639.SS,-23.86,0.291,0.043,Yes
3391,"Huatai-Pinebridge Fund Management Co., Ltd. - HK Consumption Fund",520520.SS,-19.13,0.227,0.135,Yes
3392,"Shenzhen Breo Technology Co., Ltd.",688793.SS,-30.98,0.393,0.116,No
3393,China Asset Management Co. Ltd.- CAPITALAND COMMERCIAL CLOSED END REIT,508091.SS,-12.27,0.14,0.41,Yes
3394,"Hangzhou Kaierda Welding Robot Co.,Ltd.",688255.SS,-29.8,0.375,2.142,Yes
3395,"Palm Eco-Town Development Co., Ltd",002431.SZ,-37.94,0.503,1.249,No
3396,"Guangdong Hongda Holdings Group Co., Ltd.",002683.SZ,-27.67,0.343,1.169,Yes
3397,"Nanjing Putian Telecommunications Co., Ltd.",200468.SZ,-34.29,0.443,0.351,Yes
3398,"Yonghui Superstores Co., Ltd.",601933.SS,-31.37,0.397,0.077,No
3399,"Giant Network Group Co., Ltd.",002558.SZ,-35.09,0.454,0.146,Yes
3400,"Shandong Buchang Pharmaceuticals Co., Ltd.",603858.SS,-16.45,0.191,0.165,No
3401,"Sansteel MinGuang Co.,Ltd.,Fujian",002110.SZ,-25.14,0.306,0.187,No
3402,"Hubei Huaqiang High-Tech Co., Ltd.",688151.SS,-21.23,0.253,0.109,Yes
3403,"MCLON JEWELLERY Co.,Ltd.",300945.SZ,-32.86,0.419,1.261,Yes
3404,"Shenzhen Overseas Chinese Town Co.,Ltd.",000069.SZ,-29.54,0.369,0.599,Yes
3405,"Shinva Medical Instrument Co.,Ltd.",600587.SS,-18.75,0.219,0.114,No
3406,"Dareway Intelligent Technology Co., Ltd.",688579.SS,-29.3,0.364,1.408,Yes
3407,GF Hang Seng Consumer ETF (QDII),159699.SZ,-19.16,0.225,0.123,Yes
3408,Anhui Shiny Electronic Technology Company Limited,300956.SZ,-32.09,0.406,2.173,Yes
3409,"Beijing Originwater Technology Co., Ltd.",300070.SZ,-19.88,0.234,0.095,No
3410,"Foshan Electrical and Lighting Co.,Ltd",000541.SZ,-20.55,0.242,1.114,Yes
3411,"Clenergy Technology Co., Ltd.",603628.SS,-24.5,0.295,0.447,No
3412,Lombarda China Yuanjian 2-Year Regular Open Mixed Fund,166025.SZ,-11.1,0.124,0.084,Yes
3413,"Yonyou Network Technology Co.,Ltd.",600588.SS,-31.78,0.4,0.136,Yes
3414,"Shandong Senter Electronic Co.,Ltd.",001388.SZ,-26.25,0.319,0.4,Yes
3415,Shenzhen King Explorer Science and Technology Corporation,002917.SZ,-22.81,0.271,0.435,Yes
3416,Harvest Hang Seng Consumption ETF,520620.SS,-19.45,0.227,0.116,Yes
3417,"SKSHU Paint Co.,Ltd.",603737.SS,-33.53,0.424,0.388,Yes
3418,"Autel Intelligent Technology Corp., Ltd.",688208.SS,-30.44,0.377,0.102,Yes
3419,"Longmaster Information & Technology Co., Ltd.",300288.SZ,-26.88,0.326,0.397,Yes
3420,"Shanghai RAAS Blood Products Co., Ltd.",002252.SZ,-25.41,0.305,0.823,No
3421,"Hainan Expressway Co., Ltd.",000886.SZ,-27.98,0.341,0.087,No
3422,Changchun BCHT Biotechnology Co.,688276.SS,-24.61,0.294,0.561,Yes
3423,"Dongrui Food Group Co., Ltd.",001201.SZ,-20.76,0.242,0.765,Yes
3424,"CMST Development Co.,Ltd.",600787.SS,-19.98,0.232,0.19,No
3425,"Amoy Diagnostics Co., Ltd.",300685.SZ,-22.18,0.26,0.8,No
3426,"Shanghai C&D INNOSTIC Medical Technology Group Co., Ltd.",301584.SZ,-24.51,0.291,0.289,No
3427,"Nanjing Hanrui Cobalt Co.,Ltd.",300618.SZ,-34.89,0.442,2.258,Yes
3428,CNPC Capital Company Limited,000617.SZ,-27.95,0.338,0.935,No
3429,"Zhejiang Dongwang Times Technology Co., Ltd.",600052.SS,-25.14,0.299,0.609,Yes
3430,"Wellhope Foods Co., Ltd.",603609.SS,-19.06,0.219,0.224,Yes
3431,"Shanghai Yizhong Pharmaceutical Co., Ltd.",688091.SS,-30.26,0.371,0.324,Yes
3432,"Zhejiang Zhenyuan Share Co.,Ltd.",000705.SZ,-26.12,0.312,0.11,No
3433,Chongqing Changan Automobile Company Limited,200625.SZ,-21.27,0.247,0.929,No
3434,"Shanghai MicroPort Endovascular MedTech Co., Ltd.",688016.SS,-18.34,0.209,0.222,No
3435,"Ningbo Xusheng Group Co., Ltd.",603305.SS,-33.78,0.421,1.472,Yes
3436,"Guangdong Sanhe Pile Co., Ltd.",003037.SZ,-25.02,0.296,0.632,Yes
3437,"Sineng Electric Co.,Ltd.",300827.SZ,-29.8,0.362,0.281,Yes
3438,"Guoguang Electric Co.,Ltd.Chengdu",688776.SS,-37.38,0.477,2.616,Yes
3439,"Shenzhen Jieshun Science and Technology Industry Co., Ltd.",002609.SZ,-19.5,0.223,0.978,Yes
3440,"Hainan Huluwa Pharmaceutical Group Co., Ltd.",605199.SS,-30.28,0.369,0.677,No
3441,Three Squirrels Inc.,300783.SZ,-25.03,0.295,0.113,Yes
3442,"Yangzhou Tinfulong Group Co., Ltd.",603406.SS,-26.49,0.315,0.776,Yes
3443,"LianChuang Electronic Technology Co.,Ltd",002036.SZ,-34.29,0.427,0.93,Yes
3444,"Anhui Jiangnan Chemical Industry Co.,Ltd.",002226.SZ,-22.91,0.266,0.115,Yes
3445,"Guangbo Group Stock Co., Ltd.",002103.SZ,-26.63,0.316,0.08,Yes
3446,"Gansu Mogao Industrial Development Co.,Ltd",600543.SS,-26.91,0.319,0.795,Yes
3447,Truvalue Asset Management Co. Ltd. - Agricultural Industrial Park Closed REIT Fund,508039.SS,-21.39,0.246,0.707,Yes
3448,"Hainan Airport Infrastructure Co., Ltd",600515.SS,-31.38,0.382,0.146,Yes
3449,"China Fangda Group Co., Ltd.",000055.SZ,-14.23,0.157,0.607,Yes
3450,"Henan Huaying Agricultural Development Co., Ltd.",002321.SZ,-28.39,0.339,0.176,Yes
3451,"Shenzhen Friendcom Technology Co., Ltd.",300514.SZ,-26.26,0.309,1.138,Yes
3452,"Hunan Nucien Pharmaceutical Co., Ltd.",688189.SS,-36.87,0.464,0.588,Yes
3453,DaCheng CSI Rare Metals Industry ETF,159045.SZ,-55.16,0.798,,
3454,"GRG Banking Equipment Co., Ltd.",002152.SZ,-26.53,0.313,0.408,Yes
3455,"North Navigation Control Technology Co.,Ltd.",600435.SS,-25.94,0.305,1.33,Yes
3456,"Higold Group Co., LTD.",001221.SZ,-30.02,0.361,0.044,Yes
3457,"Shandong Jincheng Pharmaceutical Group Co., Ltd",300233.SZ,-26.9,0.317,0.805,Yes
3458,"Wuxi Chemical Equipment Co., Ltd.",001332.SZ,-34.5,0.427,2.184,Yes
3459,"Shanghai Construction Group Co., Ltd.",600170.SS,-21.42,0.245,0.099,Yes
3460,"SPIC Industry-Finance Holdings Co., Ltd.",000958.SZ,-18.02,0.202,0.172,No
3461,"Anhui Xinli Finance Co., Ltd.",600318.SS,-26.72,0.314,0.855,Yes
3462,"Jiangsu Tianmu Lake Tourism Co.,Ltd",603136.SS,-19.6,0.221,0.258,Yes
3463,"Shanghai New Centurion Network Information Technology Co., Ltd.",605398.SS,-29.85,0.357,1.076,Yes
3464,"Shanghai Runda Medical Technology Co., Ltd.",603108.SS,-34.83,0.43,0.793,Yes
3465,"Guangdong Marubi Biotechnology Co., Ltd.",603983.SS,-26.11,0.306,0.038,No
3466,"Chongqing Afari Technology Co., Ltd.",601777.SS,-30.88,0.372,1.136,Yes
3467,"Explosive Co., Ltd.",002096.SZ,-26.4,0.309,0.39,Yes
3468,"Baotou Tianhe Magnetics Technology Co., Ltd.",603072.SS,-29.19,0.347,2.161,Yes
3469,ABA Chemicals Corporation,300261.SZ,-28.65,0.34,0.082,No
3470,"Shenzhen Salubris Pharmaceuticals Co., Ltd.",002294.SZ,-41.2,0.53,1.998,No
3471,"Dong Feng Electronic Technology Co.,Ltd.",600081.SS,-19.2,0.215,0.087,No
3472,"Hangzhou Weiguang Electronic Co.,Ltd.",002801.SZ,-21.93,0.25,1.021,Yes
3473,"Wuhan Easy Diagnosis Biomedicine Co.,Ltd.",002932.SZ,-19.11,0.214,0.933,Yes
3474,Guoyuan Securities Company Limited,000728.SZ,-13.88,0.151,0.485,Yes
3475,ICBCCS CSI Cnsmr Leading ETF,159520.SZ,-16.88,0.186,0.376,No
3476,China Southern CSI Rare Metals Inds ETF,159062.SZ,-56.71,0.821,,
3477,"Anhui Linping Circular Development Co., Ltd.",603284.SS,-29.4,0.348,0.217,Yes
3478,"Zhejiang Huayou Cobalt Co., Ltd",603799.SS,-36.01,0.445,2.709,Yes
3479,"Shanghai Jiaoda Onlly Co.,Ltd",600530.SS,-46.12,0.612,0.351,No
3480,"Jiangsu Pacific Precision Forging Co., Ltd.",300258.SZ,-35.61,0.439,1.092,Yes
3481,"Ganyuan Foods Co., Ltd.",002991.SZ,-26.86,0.313,0.141,Yes
3482,Hwabao WP CSI Cnsmr Leading ETF,516130.SS,-17.4,0.192,0.423,No
3483,"Qingdao Hiron Commercial Cold Chain Co., Ltd.",603187.SS,-22.7,0.258,0.02,No
3484,"Shenzhen Sinovatio Technology Co., Ltd.",002912.SZ,-27.22,0.318,0.873,Yes
3485,"Hainan Haiqi Transportation Group Co.,Ltd.",603069.SS,-37.52,0.467,0.759,Yes
3486,"Hunan Xiangtou Goldsky Titanium Industry Technology Co., Ltd.",688750.SS,-29.88,0.354,2.138,Yes
3487,"Guangdong Hotata Technology Group Co.,Ltd.",603848.SS,-25.84,0.298,1.545,Yes
3488,"DBAPPSecurity Co., Ltd.",688023.SS,-26.02,0.301,0.628,Yes
3489,"Shenzhen Clou Electronics Co., Ltd.",002121.SZ,-41.44,0.527,0.938,Yes
3490,Beyondsoft Corporation,002649.SZ,-27.79,0.323,0.226,Yes
3491,"Huachuang Yunxin Digital Technology Co., Ltd.",600155.SS,-17.51,0.192,0.223,Yes
3492,"China Meheco Group Co., Ltd.",600056.SS,-17.29,0.189,0.165,No
3493,"Shaanxi Broadcast & TV Network Intermediary(Group)Co.,Ltd.",600831.SS,-28.45,0.331,0.481,Yes
3494,Fullgoal SZSE ChiNext Software ETF,159107.SZ,-23.31,0.263,1.505,Yes
3495,"Edifier Technology Co., Ltd.",002351.SZ,-25.5,0.291,0.396,No
3496,"Shenyang Machine Tool Co., Ltd.",000410.SZ,-26.54,0.305,0.672,Yes
3497,"Wonders Information Co., Ltd",300168.SZ,-25.28,0.287,0.5,Yes
3498,"BAIC BluePark New Energy Technology Co., Ltd.",600733.SS,-34.62,0.416,0.717,No
3499,"Henan Lantian Gas Co.,Ltd.",605368.SS,-26.83,0.306,0.476,No
3500,"Quechen Silicon Chemical Co., Ltd.",605183.SS,-23.48,0.263,0.938,Yes
3501,"Zhejiang Qianjiang Motorcycle Co., Ltd.",000913.SZ,-28.5,0.328,1.643,No
3502,"EFORT Intelligent Equipment Co., Ltd.",688165.SS,-33.24,0.394,2.014,Yes
3503,"Shanghai Baosight Software Co.,Ltd.",900926.SS,-20.91,0.23,0.221,No
3504,"Jinlong Machinery & Electronic Co.,Ltd",300032.SZ,-25.36,0.286,0.274,Yes
3505,"Jianerkang Medical Co.,Ltd.",603205.SS,-19.81,0.217,0.504,Yes
3506,"Dazhong Transportation (Group) Co., Ltd.",900903.SS,-14.28,0.152,0.211,Yes
3507,"Chimin Health Management Co., Ltd.",603222.SS,-28.44,0.327,1.275,Yes
3508,Hwabao WP CSI HKC Automobile Ind Thm ETF,520780.SS,-23.6,0.263,0.478,No
3509,"Shenzhen Baoming Technology Co.,Ltd.",002992.SZ,-35.77,0.43,2.679,Yes
3510,"Shenzhen Increase Technology Co., Ltd.",300713.SZ,-28.45,0.326,1.411,Yes
3511,China Enterprise Company Limited,600675.SS,-22.42,0.248,0.058,Yes
3512,"Jinlongyu Group Co., Ltd.",002882.SZ,-30.91,0.36,0.187,No
3513,"InventisBio Co., Limited",688382.SS,-33.97,0.403,0.522,Yes
3514,Dezhan Healthcare Company Limited,000813.SZ,-24.23,0.271,0.386,Yes
3515,Glodon Company Limited,002410.SZ,-32.54,0.382,0.547,Yes
3516,Vatti Corporation Limited,002035.SZ,-22.11,0.244,0.866,No
3517,"Yantai Dongcheng Pharmaceutical Group Co.,Ltd.",002675.SZ,-15.1,0.16,0.683,No
3518,Jihua Group Corporation Limited,601718.SS,-42.13,0.526,0.673,No
3519,"Shanghai Tianchen Co.,Ltd",600620.SS,-26.63,0.301,0.145,Yes
3520,"Fujian Tianma Science and Technology Group Co., Ltd",603668.SS,-31.33,0.364,1.297,Yes
3521,"Guangzhou S.P.I Design Co., Ltd.",300844.SZ,-43.87,0.554,2.567,Yes
3522,"Nanjing Kangni Mechanical & Electrical Co.,Ltd",603111.SS,-17.73,0.19,0.574,Yes
3523,"Cetc Potevio Science&Technology Co.,Ltd.",002544.SZ,-37.31,0.449,1.376,Yes
3524,"Jiangsu Kanion Pharmaceutical Co.,Ltd.",600557.SS,-16.26,0.173,0.26,No
3525,"Shenzhen Forms Syntron Information Co.,Ltd.",300468.SZ,-36.64,0.439,0.544,Yes
3526,Hwa Create Corporation,300045.SZ,-41.4,0.512,2.516,Yes
3527,Huaan CNI HKC Consumer ETF,159285.SZ,-20.59,0.224,0.039,No
3528,"China Machinery Huanyu Certification and Inspection Co., Ltd.",301508.SZ,-21.66,0.237,0.954,Yes
3529,"Sichuan Etrol Technologies Co., Ltd.",300370.SZ,-24.02,0.266,0.684,Yes
3530,"JiShi Media Co., Ltd.",601929.SS,-30.05,0.345,0.624,Yes
3531,"Shiyan Taixiang Industry Co.,Ltd.",301192.SZ,-34.95,0.413,1.778,Yes
3532,"Shanghai Material Trading Co., Ltd.",600822.SS,-22.66,0.248,0.255,Yes
3533,"Shanghai Yaohua Pilkington Glass Group Co., Ltd.",900918.SS,-16.95,0.18,0.73,Yes
3534,"Berry Genomics Co.,Ltd",000710.SZ,-29.73,0.339,0.388,Yes
3535,Guangzhou Baiyunshan Pharmaceutical Holdings Company Limited,600332.SS,-18.44,0.197,0.24,No
3536,"Xiangcai Co.,Ltd",600095.SS,-26.88,0.301,0.028,Yes
3537,"SDIC Intelligence Information Technology Co., Ltd.",300188.SZ,-31.18,0.358,0.606,No
3538,"Harbin Boshi Automation Co., Ltd.",002698.SZ,-26.22,0.292,0.025,Yes
3539,"Tangrenshen Group Co., Ltd",002567.SZ,-20.08,0.216,0.334,Yes
3540,"Ningbo Fujia Industrial Co., Ltd.",603219.SS,-26.47,0.295,1.957,Yes
3541,"Tianjin Guoan Mengguli New Materials Science & Technology Co., Ltd.",301487.SZ,-38.31,0.461,2.234,Yes
3542,"Aerospace CH UAV Co.,Ltd",002389.SZ,-20.15,0.217,0.232,Yes
3543,ChinaAMC CSI Tourism Thematic Index ETF,562510.SS,-20.63,0.222,0.184,Yes
3544,"Suzhou Shihua New Material Technology Co., Ltd.",688093.SS,-39.05,0.471,2.378,Yes
3545,"Jiangsu Xiuqiang Glasswork Co., Ltd.",300160.SZ,-21.46,0.232,0.178,Yes
3546,Hua An Fund Management Co -  Waigaoqiao Warehouse and Logistics REIT Fund,508048.SS,-17.87,0.189,0.244,Yes
3547,"Unilumin Group Co., Ltd",300232.SZ,-27.81,0.311,1.534,Yes
3548,Fullgoal CSI Tourism Thematic ETF,159766.SZ,-21.19,0.228,0.168,Yes
3549,"Qingdao Tianneng Heavy Industries Co.,Ltd",300569.SZ,-24.05,0.263,0.212,No
3550,Guotai CSI Film&Television ETF,516620.SS,-23.74,0.259,0.742,Yes
3551,"Huatai-Pinebridge Fund Management Co., Ltd. - Csop Iedge Southeast Asia+ Tech ETF",513730.SS,-16.45,0.172,0.74,Yes
3552,Huali Industrial Group Company Limited,300979.SZ,-33.28,0.384,1.192,No
3553,"Guangdong Deerma Technology Co., Ltd.",301332.SZ,-17.75,0.187,0.295,Yes
3554,Neusoft Corporation,600718.SS,-25.49,0.28,0.209,No
3555,Wanjia CSI Software Services ETF,560360.SS,-24.17,0.263,1.022,Yes
3556,"CHTC Helon Co., Ltd.",000677.SZ,-53.54,0.715,2.195,No
3557,DuoLun Technology Corporation Ltd.,603528.SS,-26.07,0.287,0.391,Yes
3558,"Linzhou Heavy Machinery Group Co.,Ltd",002535.SZ,-32.18,0.367,0.482,Yes
3559,"Gresgying Digital Energy Technology Co.,Ltd",600212.SS,-27.56,0.306,0.7,Yes
3560,"Guangxi LiuYao Group Co., Ltd",603368.SS,-12.47,0.127,0.026,No
3561,"Zhangzhou Pientzehuang Pharmaceutical Co., Ltd.",600436.SS,-35.31,0.411,1.483,No
3562,"Jilin University Zhengyuan Information Technologies Co., Ltd.",003029.SZ,-29.05,0.324,0.82,Yes
3563,"Beijing HyperStrong Technology Co., Ltd.",688411.SS,-38.85,0.461,0.437,Yes
3564,"Perfect World Co., Ltd.",002624.SZ,-38.49,0.455,1.576,Yes
3565,"Chinese Universe Publishing and Media Group Co., Ltd.",600373.SS,-25.84,0.282,0.516,No
3566,"Brilliance Technology Co., Ltd.",300542.SZ,-32.47,0.369,0.769,Yes
3567,G.Tech Technology Ltd.,301503.SZ,-24.09,0.26,1.094,Yes
3568,Dalian BIO-CHEM Company Limited,603360.SS,-41.09,0.494,0.795,Yes
3569,Angang Steel Company Limited,000898.SZ,-21.74,0.231,0.269,Yes
3570,"Beijing Leadman Biochemistry Co.,Ltd.",300289.SZ,-20.32,0.214,0.436,Yes
3571,Genbyte Technology Inc.,003028.SZ,-27.14,0.297,1.332,Yes
3572,"Goody Science and Technology Co., Ltd.",002694.SZ,-37.67,0.441,0.594,Yes
3573,Integrity Technology Group Inc.,688244.SS,-31.19,0.35,0.813,Yes
3574,"Shenzhen Tongye Technology Co.,Ltd.",300960.SZ,-33.75,0.384,0.157,No
3575,"Henan ZhongGong Design & Research Group Co., Ltd.",300732.SZ,-26.73,0.292,0.732,Yes
3576,"HUAXI Securities Co., Ltd.",002926.SZ,-14.41,0.147,0.343,Yes
3577,Huatai-PB CSI Smart Car Theme ETF,516520.SS,-23.78,0.255,1.617,Yes
3578,"Luoyang Jianlong Micro-nano New Material Co., Ltd",688357.SS,-29.85,0.331,1.847,Yes
3579,"Chengdu Sino-Microelectronics Tech. Co., Ltd.",688709.SS,-41.97,0.503,2.158,Yes
3580,"Tinergy Chemical Co., Ltd.",002145.SZ,-23.44,0.25,0.819,Yes
3581,"Zhejiang Shouxiangu Pharmaceutical Co., Ltd.",603896.SS,-26.95,0.293,0.242,No
3582,"Beijing Jiaxun Feihong Electrical Co., Ltd.",300213.SZ,-29.66,0.327,1.252,Yes
3583,China Southern CSI Consumer Staples ETF,159689.SZ,-21.2,0.222,0.609,No
3584,Harvest Core Consumption ETF,512600.SS,-20.41,0.213,0.57,No
3585,"Beijing AriTime Intelligent Control Co., Ltd.",600560.SS,-27.6,0.3,1.294,Yes
3586,"Hunan Baili Engineering Sci&Tech Co.,Ltd",603959.SS,-32.9,0.369,0.029,No
3587,"Guangzhou Human New Material Science and Technology Co., Ltd.",301683.SZ,-44.55,0.54,2.8,Yes
3588,ChinaAMC SZSE ChiNext Software ETF,159256.SZ,-24.48,0.26,1.464,Yes
3589,CMF CNI Food Indus ETF,159843.SZ,-19.13,0.197,0.571,No
3590,"New Hope Liuhe Co.,Ltd.",000876.SZ,-26.69,0.287,0.003,Yes
3591,"ChinaEtek Service & Technology Co., Ltd.",301208.SZ,-25.85,0.277,1.165,Yes
3592,"Hangzhou Hopechart IoT Technology Co.,Ltd",688288.SS,-33.26,0.373,0.008,No
3593,"Shenzhen Bestek Technology Co., Ltd.",300822.SZ,-29.16,0.318,1.171,Yes
3594,"HPF Co.,Ltd",300350.SZ,-28.97,0.316,0.43,Yes
3595,"Shandong Yanggu Huatai Chemical Co., Ltd.",300121.SZ,-36.26,0.413,2.356,Yes
3596,"Hang Zhou Iron & Steel Co.,Ltd.",600126.SS,-32.3,0.359,0.559,Yes
3597,TianHong CSI Software & Services ETF,159035.SZ,-21.06,0.219,0.817,No
3598,TianHong CSI Food Indus ETF,159736.SZ,-18.76,0.192,0.418,No
3599,"Zhejiang Huaye Plastics Machinery Co., Ltd.",301616.SZ,-28.87,0.313,1.127,Yes
3600,"Shanghai Zhongzhou Special Alloy Materials Co., Ltd.",300963.SZ,-35.42,0.4,1.948,Yes
3601,"Guangdong Chj Industry Co.,Ltd.",002345.SZ,-28.15,0.303,0.322,No
3602,"Shanghai United Imaging Healthcare Co., Ltd.",688271.SS,-29.81,0.324,0.396,No
3603,"Wangfujing Group Co., Ltd.",600859.SS,-29.24,0.317,0.175,No
3604,"Feitian Technologies Co., Ltd.",300386.SZ,-31.98,0.352,1.248,Yes
3605,"Shenzhen Minglida Precision Technology Co., Ltd.",301268.SZ,-40.7,0.475,1.635,Yes
3606,"Shenyang Blue Silver Industry Automation Equipment Co., Ltd",300293.SZ,-36.04,0.408,2.21,Yes
3607,"China Fangda Group Co., Ltd.",200055.SZ,-14.74,0.147,0.219,No
3608,"Yibin Paper Industry Co., Ltd.",600793.SS,-31.24,0.342,0.406,Yes
3609,"Qinchuan Machine Tool & Tool Group Share Co., Ltd.",000837.SZ,-25.71,0.272,1.585,Yes
3610,"China Resources Double-Crane Pharmaceutical Co.,Ltd.",600062.SS,-11.89,0.117,0.208,No
3611,"Guangdong Taienkang Pharmaceutical Co., Ltd.",301263.SZ,-28.33,0.304,1.448,Yes
3612,"Hebei Broadcasting Wireless Media Co., Ltd.",301551.SZ,-36.59,0.414,0.834,Yes
3613,BS CSI Consumer Staples ETF,159672.SZ,-20.96,0.216,0.571,No
3614,"Shouyao Holdings (Beijing) Co., LTD.",688197.SS,-25.33,0.267,0.11,Yes
3615,"Super-Dragon Engineering Plastics Co., Ltd",301131.SZ,-26.66,0.283,1.298,Yes
3616,"COFCO Capital Holdings Co., Ltd.",002423.SZ,-24.9,0.261,0.181,No
3617,Shaanxi Construction Engineering Group Corporation Limited,600248.SS,-23.59,0.245,0.274,No
3618,"Yizumi Holdings Co., Ltd.",300415.SZ,-21.95,0.226,0.255,Yes
3619,"S.F. Holding Co., Ltd.",002352.SZ,-20.26,0.207,0.788,No
3620,China Railway Construction Corporation Limited,601186.SS,-19.12,0.194,0.676,No
3621,"Lepu Medical Technology (Beijing) Co., Ltd.",300003.SZ,-29.96,0.323,0.053,Yes
3622,"Beijing Forever Technology Co., Ltd.",300365.SZ,-23.72,0.246,0.692,No
3623,"Anhui Xinbo Aluminum Co., Ltd.",003038.SZ,-32.14,0.351,1.871,Yes
3624,China Universal CS SH Stated Owned ETF,510810.SS,-11.46,0.111,0.273,Yes
3625,"JiangSu JiuWu Hi-Tech Co., Ltd.",300631.SZ,-31.07,0.336,2.147,Yes
3626,"Foshan NationStar Optoelectronics Co.,Ltd",002449.SZ,-25.67,0.269,1.601,Yes
3627,"Newcapec Electronics Co., Ltd.",300248.SZ,-30.1,0.323,0.7,Yes
3628,"Chengdu JOUAV Automation Tech Co.,Ltd.",688070.SS,-33.6,0.369,2.008,Yes
3629,"Shanghai Automobile Air-Conditioner Accessories Co., Ltd.",603107.SS,-20.68,0.21,0.138,No
3630,"Guangzhou Pearl River Development Group Co., Ltd.",600684.SS,-38.71,0.439,0.104,No
3631,"Harbin Hatou Investment Co.,Ltd",600864.SS,-20.24,0.205,0.409,No
3632,Penghua CNI HKC Innovative Drug ETF,159286.SZ,-25.04,0.26,0.388,No
3633,China Southern CNI HKC Inno Drug ETF,159297.SZ,-25.1,0.261,0.485,No
3634,"Anhui Gujing Distillery Co., Ltd.",000596.SZ,-37.87,0.425,0.509,No
3635,GF CSI Consumer Staples ETF,560680.SS,-20.96,0.212,0.561,No
3636,"Sirio Pharma Co., Ltd.",300791.SZ,-24.16,0.249,0.046,No
3637,E Fund CSI Software Services ETF,562930.SS,-25.5,0.265,1.024,Yes
3638,TianHong CSI Full Health Eqt&Service ETF,159873.SZ,-17.74,0.176,0.202,Yes
3639,GF SSE 50ETF,510950.SS,-20.82,0.21,0.124,No
3640,"Shenzhen SEG Co.,Ltd",200058.SZ,-14.47,0.141,0.141,Yes
3641,"Beijing SinoHytec Co., Ltd.",688339.SS,-39.4,0.446,1.649,Yes
3642,"Shanghai Jin Jiang Online Network Service Co., Ltd.",900914.SS,-18.3,0.182,0.135,No
3643,Loctek Ergonomic Technology Corp.,300729.SZ,-25.84,0.267,0.69,Yes
3644,"Shandong Linglong Tyre Co.,Ltd.",601966.SS,-25.64,0.265,0.314,No
3645,"Nanjing Bestway Intelligent Control Technology Co., Ltd.",301195.SZ,-22.11,0.224,1.369,Yes
3646,"Yusys Technologies Co., Ltd.",300674.SZ,-30.05,0.318,0.386,Yes
3647,"Oriental Energy Co., Ltd.",002221.SZ,-30.12,0.318,0.181,No
3648,"Chengdu New Tianfu Culture Tourism Development Co., Ltd.",000558.SZ,-32.63,0.35,0.25,No
3649,Yinhua CNI HK Connect Innovative Drug ETF,159567.SZ,-25.36,0.261,0.392,No
3650,"Rayhoo Motor Dies Co.,Ltd.",002997.SZ,-25.9,0.267,1.086,Yes
3651,"East China Engineering Science and Technology Co., Ltd.",002140.SZ,-26.14,0.269,0.582,Yes
3652,China United Network Communications Limited,600050.SS,-19.4,0.192,0.156,No
3653,"Shenzhen Emperor Technology Co., Ltd.",300546.SZ,-32.09,0.343,0.787,Yes
3654,"YanKer shop Food Co.,Ltd",002847.SZ,-32.47,0.347,0.711,No
3655,Fujian Boss Software Corp.,300525.SZ,-37.57,0.415,0.718,No
3656,Yantai Changyu Pioneer Wine Company Limited,000869.SZ,-24.66,0.251,0.51,No
3657,"Mingyue Optical Lens Co.,Ltd.",301101.SZ,-30.56,0.322,0.663,Yes
3658,Avicopter Plc,600038.SS,-23.21,0.234,0.277,Yes
3659,CMF CSI SHS Cnsmr Top ETF,517550.SS,-21.05,0.209,0.374,No
3660,Harvest CSI Vaccine and Biotechnology Index Exchange Traded Fund,562860.SS,-13.5,0.129,0.4,Yes
3661,"Beijing Oriental Jicheng Co., Ltd.",002819.SZ,-27.95,0.289,1.881,Yes
3662,"Harbin Dongan Auto Engine Co.,Ltd",600178.SS,-23.66,0.239,0.486,Yes
3663,"Shenzhen Kangtai Biological Products Co., Ltd.",300601.SZ,-24.02,0.242,0.134,Yes
3664,"Leon Technology Co., Ltd.",300603.SZ,-27.74,0.286,0.434,No
3665,Hwabao WP CSI Food Bev industry ETF,515710.SS,-20.1,0.198,0.585,No
3666,CPIC Hang Seng SCHK Technology ETF,159120.SZ,-24.94,0.253,0.636,Yes
3667,"KSEC Intelligent Technology Co., Ltd.",301311.SZ,-28.33,0.293,0.81,Yes
3668,"Sealand Securities Co., Ltd.",000750.SZ,-15.09,0.145,0.388,Yes
3669,"Xiangyang Automobile Bearing Co., Ltd.",000678.SZ,-31.04,0.326,0.052,No
3670,"Shanghai Golden Bridge InfoTech Co., Ltd.",603918.SS,-35.57,0.384,0.071,No
3671,China Universal Consumer Staples Index ETF,159928.SZ,-21.39,0.212,0.525,No
3672,"Zhang Jia Gang Freetrade Science&Technology Group Co.,Ltd.",600794.SS,-22.18,0.221,0.097,Yes
3673,Fullgoal CSI Smart Car Theme ETF,515250.SS,-25.28,0.256,1.642,Yes
3674,"Chengdu CORPRO Technology Co.,Ltd.",300101.SZ,-38.72,0.426,1.844,Yes
3675,"E Fund Management Co., Ltd. - E Fund Huawei Farmers Market Close-end Infrastructure Fund",180605.SZ,-17.56,0.17,0.242,Yes
3676,"XGIMI Technology Co.,Ltd.",688696.SS,-34.43,0.368,0.175,Yes
3677,China Asset Management Company - Huaxia Jinyu Zhizao Factory Close Reits Fund,508092.SS,-22.97,0.229,0.706,Yes
3678,Huaan CSI SWS Food & Beverage ETF,516900.SS,-19.88,0.195,0.541,No
3679,"Global Top E-Commerce Co., Ltd.",002640.SZ,-30.83,0.322,0.032,No
3680,"Jiangsu Zhengdan Chemical Industry Co., Ltd.",300641.SZ,-31.02,0.324,0.296,Yes
3681,"Sleemon Healthy Sleep Technology Co., Ltd.",603008.SS,-46.32,0.537,0.105,Yes
3682,"Sinostar Cable Co., Ltd",300933.SZ,-30.71,0.32,0.949,Yes
3683,"CCS Supply Chain Management Co., Ltd.",600180.SS,-56.88,0.719,1.004,No
3684,"Jiahe Foods Industry Co., Ltd.",605300.SS,-17.59,0.17,0.404,Yes
3685,Guotai ChiNext New Energy ETF,159387.SZ,-50.02,0.596,3.745,Yes
3686,"RiseSun Real Estate Development Co.,Ltd",002146.SZ,-26.18,0.265,0.269,Yes
3687,"Sichuan Jiuyuan Yinhai Software.Co.,Ltd",002777.SZ,-30.55,0.317,0.357,Yes
3688,"Soho Holly Futures Co., Ltd.",001236.SZ,-27.32,0.277,0.044,No
3689,"Linewell Software Co., Ltd.",603636.SS,-37.09,0.4,0.829,Yes
3690,"Wushang Group Co., Ltd.",000501.SZ,-24.51,0.245,0.146,Yes
3691,"Hi-Target Navigation Tech Co.,Ltd",300177.SZ,-30.99,0.321,0.922,Yes
3692,"Yantai Zhenghai Biotechnology Co., Ltd.",300653.SZ,-23.3,0.231,0.246,Yes
3693,"Deluxe Family Co., Ltd.",600503.SS,-31.39,0.326,0.458,Yes
3694,"Shanghai Belling Co., Ltd.",600171.SS,-35.0,0.372,2.109,Yes
3695,"AIMA Technology Group CO., LTD",603529.SS,-34.1,0.36,1.904,No
3696,"Hangzhou Fortune Gas Cryogenic Group Co., Ltd.",603173.SS,-34.37,0.363,1.475,Yes
3697,"Jiangxi Wannianqing Cement Co., Ltd.",000789.SZ,-25.56,0.256,0.003,No
3698,"Shanghai Laimu Electronics Co.,Ltd.",603633.SS,-40.12,0.44,1.546,Yes
3699,"Shenzhen Tiansu Calibration and Testing Co., Ltd.",301449.SZ,-29.74,0.305,0.205,Yes
3700,"CCCC Design & Consulting Group Co., Ltd.",600720.SS,-27.7,0.28,0.444,No
3701,"Cosonic Intelligent Technologies Co., Ltd.",300793.SZ,-29.84,0.305,0.891,Yes
3702,"Changhong Meiling Co., Ltd.",200521.SZ,-34.85,0.368,0.329,Yes
3703,Hotland Innovation Asset Management Co. Lt. - Hotland Innovation Shenzhen Talent Affordable Rental H,180501.SZ,-6.71,0.06,0.228,Yes
3704,Soochow Suzhou Industrial Park - Close-End Infrastructure Fund,508027.SS,-12.31,0.114,0.48,Yes
3705,"Yantai Shuangta Food Co., Ltd.",002481.SZ,-23.22,0.228,0.086,No
3706,China Southern CSI HKC Automobile ETF,520680.SS,-34.08,0.357,0.763,No
3707,Guotai SZSE ChiNext Healthcare ETF,159377.SZ,-19.47,0.187,0.397,Yes
3708,Cicc Fund Management Co Ltd - ZHONGJIN Yizhuang Industrial Park Reits Fund,508080.SS,-24.93,0.247,1.12,Yes
3709,"Shenzhen Water Planning & Design Institute Co., Ltd.",301038.SZ,-29.43,0.299,0.712,Yes
3710,Yinhua CSI Film&Television ETF,159855.SZ,-25.37,0.251,0.694,Yes
3711,"Enwei Pharmaceutical Co., Ltd.",301331.SZ,-27.18,0.272,1.411,Yes
3712,"GuangYuYuan Chinese Herbal Medicine Co., Ltd.",600771.SS,-26.8,0.267,0.675,No
3713,Hwabao WP HS SCHK InnoDrug Sel ETF,520880.SS,-27.04,0.27,0.459,No
3714,"HangZhou Nbond Nonwovens Co., Ltd.",603238.SS,-31.85,0.327,0.926,Yes
3715,ChinaAMC CSI Food Bev industry ETF,515170.SS,-20.55,0.197,0.591,No
3716,CEVIA Enviro Inc.,000885.SZ,-17.64,0.167,0.017,No
3717,China Universal CSI Smart Car Theme ETF,159795.SZ,-25.84,0.255,1.633,Yes
3718,"Zhejiang Renzhi Co., Ltd.",002629.SZ,-36.69,0.388,0.228,Yes
3719,"Zhejiang Weihua New Material Co., Ltd.",603310.SS,-16.07,0.15,0.721,Yes
3720,"Sichuan Guoguang Agrochemical Co., Ltd.",002749.SZ,-25.24,0.248,0.183,No
3721,ChinaAMC CSI Construction Mchnry Thm ETF,515970.SS,-29.98,0.303,0.633,Yes
3722,"Jiangsu Tongxingbao Intelligent Transportation Technology Co., Ltd.",301339.SZ,-26.27,0.26,0.065,Yes
3723,ChinaAMC CSI Smart Car Theme ETF,159888.SZ,-26.03,0.257,1.637,Yes
3724,"Shanghai Mechanical & Electrical Industry Co.,Ltd.",600835.SS,-31.89,0.326,1.025,Yes
3725,"Guangdong Tecsun Science & Technology Co.,Ltd.",002908.SZ,-28.11,0.28,0.318,Yes
3726,CCB PRINCIPAL ASSET MANAGEMENT Company - CCB PRINCIPAL ZHONGGUANCUN I,508099.SS,-33.9,0.35,0.699,Yes
3727,"Everdisplay Optronics (Shanghai) Co., Ltd.",688538.SS,-22.49,0.217,0.507,Yes
3728,"Sinoseal Holding Co., Ltd.",300470.SZ,-20.56,0.196,0.225,Yes
3729,"Zhejiang Cheng Yi Pharmaceutical Co., Ltd.",603811.SS,-19.48,0.184,0.376,Yes
3730,"Xining Special Steel.Co.,Ltd",600117.SS,-26.93,0.265,0.211,Yes
3731,"Xinjiang Yilite Industry Co.,Ltd",600197.SS,-32.87,0.336,0.237,No
3732,GF Fund Management Co. Ltd - CSI All Shares Index Fund,159936.SZ,-15.5,0.143,0.328,Yes
3733,"Talkweb Information System Co.,Ltd.",002261.SZ,-28.69,0.285,0.894,Yes
3734,CMF CSI Software ETF,159899.SZ,-25.55,0.249,0.932,Yes
3735,"Bengang Steel Plates Co., Ltd.",000761.SZ,-31.52,0.318,0.329,Yes
3736,"Sunlour Pigment Co., Ltd.",301036.SZ,-30.23,0.303,1.437,Yes
3737,"Kangmei Pharmaceutical Co., Ltd.",600518.SS,-30.76,0.309,0.263,No
3738,SPDB CSI SHS Game & Media ETF,517770.SS,-31.8,0.321,0.648,Yes
3739,E Fund HS SCHK Innovative Drug ETF,159316.SZ,-26.82,0.263,0.438,No
3740,Guotai Junan Securities Asset Management- Lingang Innovation Industrial Park REIT,508021.SS,-21.9,0.208,0.994,Yes
3741,"Jilin Joinature Polymer Co.,Ltd.",688716.SS,-35.33,0.365,1.906,Yes
3742,"Jiangsu Lianyungang Port Co., Ltd.",601008.SS,-21.24,0.201,0.191,Yes
3743,"Chengdu Kanghua Biological Products Co., Ltd.",300841.SZ,-30.73,0.308,1.081,Yes
3744,"Chongqing road & bridge co.,ltd",600106.SS,-29.25,0.29,1.458,Yes
3745,"Shanxi Securities Co., Ltd.",002500.SZ,-15.11,0.138,0.305,Yes
3746,"Poly Developments and Holdings Group Co., Ltd.",600048.SS,-34.95,0.359,0.264,Yes
3747,"Fujian Yongfu Power Engineering Co.,Ltd.",300712.SZ,-24.2,0.232,0.08,Yes
3748,Harvest CSI SHS Cloud Computing Inds ETF,517130.SS,-10.49,0.093,0.486,Yes
3749,"Ningbo Tianlong Electronics Co., Ltd.",603266.SS,-33.09,0.335,1.599,Yes
3750,"Shaanxi Fenghuo Electronics Co., Ltd.",000561.SZ,-28.44,0.279,0.702,Yes
3751,"Caissa Tourism Group Co., Ltd.",000796.SZ,-31.48,0.315,0.438,Yes
3752,"Beijing Jingwei Hirain Technologies Co., Inc.",688326.SS,-49.55,0.562,0.827,Yes
3753,"Merit Interactive Co.,Ltd.",300766.SZ,-46.36,0.512,0.183,Yes
3754,"Beijing Enlight Media Co., Ltd",300251.SZ,-37.38,0.387,0.816,Yes
3755,"Guangdong Dongpeng Holdings Co.,Ltd.",003012.SZ,-29.32,0.288,0.321,Yes
3756,"Lushang Freda Pharmaceutical Co.,Ltd.",600223.SS,-25.9,0.249,0.306,No
3757,Yinhua CSI Food ETF,159862.SZ,-20.86,0.194,0.579,No
3758,"Yunnan Tourism Co., Ltd.",002059.SZ,-20.77,0.193,0.255,No
3759,"Huachangda Intelligent Equipment Group Co.,Ltd.",300278.SZ,-30.73,0.303,1.201,Yes
3760,"Anhui Gujing Distillery Co., Ltd.",200596.SZ,-42.77,0.457,2.192,No
3761,"China Cyts Tours Holding Co., Ltd.",600138.SS,-26.29,0.252,0.103,No
3762,"ArcherMind Technology Co., Ltd.",300598.SZ,-33.73,0.338,1.175,Yes
3763,CMF CSI All Sh Health Care Des ETF,159898.SZ,-17.91,0.163,0.134,Yes
3764,Omnijoi Media Corporation,300528.SZ,-36.75,0.375,0.267,Yes
3765,"China National Electric Apparatus Research Institute Co., Ltd.",688128.SS,-27.54,0.265,1.666,Yes
3766,"China Transinfo Technology Co., Ltd",002373.SZ,-29.47,0.287,0.237,Yes
3767,Bosera Hang Seng SCHK Inno Drug Sel ETF,520690.SS,-27.53,0.265,0.446,No
3768,"Shenzhen New Industries Biomedical Engineering Co., Ltd.",300832.SZ,-25.05,0.237,0.512,No
3769,"Xingyuan Environment Technology Co., Ltd.",300266.SZ,-26.67,0.255,0.073,Yes
3770,"Hangzhou Haoyue Personal Care Co., Ltd",605009.SS,-20.67,0.191,0.171,Yes
3771,"Shanghai Research Institute of Building Sciences Group Co., Ltd.",603153.SS,-29.03,0.281,0.427,Yes
3772,"Shandong Cvicse Middleware Co.,Ltd.",688695.SS,-31.81,0.313,1.368,Yes
3773,"Shandong Chunguang Technology Group Co., Ltd.",301531.SZ,-67.94,0.903,4.863,Yes
3774,"Tianjin Lisheng Pharmaceutical Co.,Ltd.",002393.SZ,-23.81,0.224,0.632,No
3775,"Beijing Easpring Material Technology CO.,LTD.",300073.SZ,-37.61,0.384,1.969,Yes
3776,Gf Fund Management Co Ltd - GF CSI Hong Kong Connect Internet Index ETF,520630.SS,-38.57,0.396,0.345,No
3777,"Shanghai CDXJ Digital Technology Co.,Ltd",603887.SS,-39.59,0.41,0.931,Yes
3778,"Allgens Medical Technology CO., LTD.",688613.SS,-39.41,0.407,1.374,Yes
3779,Fibocom Wireless Inc.,300638.SZ,-32.92,0.326,0.123,No
3780,"Ningbo Sanxing Medical Electric Co.,Ltd.",601567.SS,-38.45,0.394,1.382,No
3781,Harvest CSI Software Service ETF,159852.SZ,-27.15,0.259,1.024,Yes
3782,"Cicc Fund Management Co.,Ltd - CICC Liandong Science & Technology Innovation",508003.SS,-17.76,0.161,0.001,No
3783,"Sinodata Co., Ltd.",002657.SZ,-46.13,0.499,2.239,Yes
3784,"Zhejiang Century Huatong Group Co.,Ltd",002602.SZ,-30.88,0.301,1.003,Yes
3785,"Aier Eye Hospital Group Co., Ltd.",300015.SZ,-31.61,0.31,0.344,Yes
3786,"Qinghai Huzhu TianYouDe Highland Barley Spirit Co., Ltd.",002646.SZ,-27.74,0.265,0.066,Yes
3787,"EGing Photovoltaic Technology Co.,Ltd.",600537.SS,-44.17,0.469,0.219,No
3788,"Dalian Demaishi Precision Technology Co., Ltd.",301007.SZ,-35.51,0.355,1.554,Yes
3789,"Silvery Dragon Group Co., Ltd. Tianjin",603969.SS,-27.06,0.257,0.835,Yes
3790,"Xizang Tianlu Co., Ltd.",600326.SS,-36.28,0.364,0.967,Yes
3791,"Guo Tai Epoint Software Co.,Ltd",688232.SS,-33.06,0.325,1.036,Yes
3792,"Shanghai Zhongchen Electronic Technology Co.,Ltd.",603275.SS,-30.51,0.295,1.422,Yes
3793,"Hangzhou Coco Healthcare Products Co.,Ltd.",301009.SZ,-29.66,0.286,0.328,Yes
3794,China Southern CSI Full Heth Eqt&Ser ETF,159877.SZ,-19.7,0.179,0.173,Yes
3795,"SanFeng Intelligent Equipment Group Co., Ltd.",300276.SZ,-34.65,0.344,0.749,Yes
3796,"Beijing Chieftain Control Technology Group Co., Ltd.",300430.SZ,-63.61,0.797,2.065,Yes
3797,ChinaAMC CSI All Shares Medical Dvcs ETF,562600.SS,-18.41,0.166,0.131,Yes
3798,Guotai CSI Smart Car Theme ETF,159889.SZ,-26.03,0.244,1.536,Yes
3799,ChinaAMC SHK Hangsheng ETF,513660.SS,-48.92,0.536,1.803,No
3800,"GuangDong HongTeo Technology Co.,Ltd.",300176.SZ,-32.96,0.322,0.327,Yes
3801,"Zhejiang Jianfeng Group Co., Ltd.",600668.SS,-33.32,0.326,0.86,Yes
3802,"Shenzhen Sunline Tech Co., Ltd.",300348.SZ,-32.73,0.319,0.031,No
3803,"Shanghai Shibei Hi-Tech Co.,Ltd.",900902.SS,-13.42,0.117,0.013,Yes
3804,Huatai-PB CSI Full Health Eqt&Serv ETF,516790.SS,-19.45,0.175,0.138,Yes
3805,"Sino-High (China) Co., Ltd.",301076.SZ,-40.12,0.411,1.916,Yes
3806,"Cinda Real Estate Co., Ltd.",600657.SS,-33.36,0.326,0.018,No
3807,"Ningbo Tuopu Group Co.,Ltd.",601689.SS,-40.07,0.409,1.764,Yes
3808,"Jiangsu Olive Sensors High-Tech Co., Ltd.",300507.SZ,-28.62,0.271,1.79,Yes
3809,"Shanxi Xinghuacun Fen Wine Factory Co.,Ltd.",600809.SS,-35.8,0.355,0.795,No
3810,GF CNI New Energy Battery ETF,159305.SZ,-51.41,0.57,1.983,Yes
3811,DaCheng CSI Full Health Eqt&Service ETF,516610.SS,-19.56,0.175,0.201,Yes
3812,"Beijing Certificate Authority Co.,Ltd.",300579.SZ,-31.34,0.301,0.606,Yes
3813,"Hiecise Precision Equipment Co.,Ltd.",300809.SZ,-40.84,0.417,1.145,Yes
3814,"Hangzhou Alltest Biotech Co., Ltd.",688606.SS,-29.71,0.282,0.085,No
3815,"Tibet Development Co., Ltd.",000752.SZ,-23.53,0.215,0.321,No
3816,China Southern CSI All Index Cmptr ETF,159586.SZ,-25.48,0.235,1.046,Yes
3817,"Shenzhen Tianyuan DIC Information Technology Co., Ltd.",300047.SZ,-40.23,0.407,0.249,Yes
3818,Guotai CNI Vaccine and Biotchnlgy ETF,159643.SZ,-18.1,0.16,0.047,No
3819,"Beijing Tongrentang Co., Ltd",600085.SS,-28.14,0.263,0.601,No
3820,"Guizhou Zhenhua Fengguang Semiconductor Co., Ltd.",688439.SS,-32.47,0.312,1.463,Yes
3821,"Chengdu Tianjian Technology Co., Ltd.",002977.SZ,-36.45,0.359,0.088,No
3822,"Fujian Longxi Bearing (Group) Co., Ltd",600592.SS,-41.8,0.425,0.359,Yes
3823,"Jikai Equipment Manufacturing Co., Ltd.",002691.SZ,-44.77,0.464,0.057,No
3824,FAWER Automotive Parts Limited Company,000030.SZ,-25.8,0.236,0.838,No
3825,"Shantou Institute of Ultrasonic Instrument Co., Ltd.",301602.SZ,-31.01,0.293,0.139,Yes
3826,ChinaAMC CSI HK Stock Connect Consumer Thematic Index ETF,513230.SS,-25.86,0.236,0.01,Yes
3827,"CloudWalk Technology Co., Ltd.",688327.SS,-37.64,0.37,2.161,Yes
3828,"Beijing Advanced Digital Technology Co., Ltd",300541.SZ,-34.64,0.334,0.395,Yes
3829,"Hunan Valin Steel Co., Ltd.",000932.SZ,-39.74,0.396,0.357,Yes
3830,"Beijing Balance Medical Technology Co.,Ltd.",688198.SS,-30.65,0.288,0.079,Yes
3831,Maanshan Iron & Steel Company Limited,600808.SS,-33.93,0.325,0.618,Yes
3832,Orient Securities Company Limited,600958.SS,-17.48,0.152,0.526,Yes
3833,"Tibet Cheezheng Tibetan Medicine Co., Ltd.",002287.SZ,-21.95,0.196,0.269,No
3834,"Qingdao Hi-Tech Moulds & Plastics Technology Co., Ltd.",301022.SZ,-32.73,0.311,1.44,Yes
3835,"Ningxia Western Venture Industrial Co.,Ltd.",000557.SZ,-26.83,0.246,0.176,Yes
3836,"Changzhou Shichuang Energy Co.,Ltd.",688429.SS,-35.82,0.347,1.174,Yes
3837,"Wolong Electric Group Co.,Ltd.",600580.SS,-37.59,0.367,0.932,Yes
3838,"Shenzhen SEG Co.,Ltd",000058.SZ,-28.4,0.262,0.435,Yes
3839,"Zhejiang Orient Gene Biotech Co., Ltd",688298.SS,-25.73,0.233,0.115,Yes
3840,"China Express Airlines Co.,LTD",002928.SZ,-36.94,0.359,1.441,Yes
3841,"Suzhou Shijing Environmental Technology Co.,Ltd.",301030.SZ,-44.42,0.454,0.865,Yes
3842,"Shenzhen Everwin Precision Technology Co., Ltd.",300115.SZ,-38.84,0.382,0.3,Yes
3843,"Jiangsu Hoperun Software Co., Ltd.",300339.SZ,-38.56,0.377,1.941,Yes
3844,ZCZL Industrial Technology Group Company Limited,601717.SS,-37.22,0.361,0.298,No
3845,China Asset Management Company - Huaxia Shenzhen International Warehousing,180302.SZ,-11.18,0.093,0.374,Yes
3846,"Guangdong Green Precision Components Co., Ltd",300968.SZ,-31.79,0.297,0.857,Yes
3847,"Shang Gong Group Co., Ltd.",600843.SS,-38.44,0.375,1.558,Yes
3848,CCB Principal CSI Full Hel Eqt&Svc ETF,159891.SZ,-20.23,0.176,0.196,Yes
3849,"Funeng Oriental Equipment Technology Co., Ltd.",300173.SZ,-42.63,0.427,0.499,Yes
3850,"Beijing Trust & Far Technology Co.,Ltd",300231.SZ,-26.1,0.234,0.124,No
3851,Hwabao WP CSI 800 Real Estate ETF,159707.SZ,-33.61,0.316,0.259,Yes
3852,"Winner Medical Co., Ltd.",300888.SZ,-22.7,0.2,0.355,No
3853,"Jianmin Pharmaceutical Group Co.,Ltd.",600976.SS,-29.65,0.271,0.832,No
3854,China Railway Construction Heavy Industry Corporation Limited,688425.SS,-23.64,0.209,0.559,No
3855,"Huafon Microfibre (Shanghai) Co., Ltd.",300180.SZ,-35.16,0.333,0.023,No
3856,China Universal CNI HKC Consumer ETF,159268.SZ,-24.41,0.216,0.078,No
3857,"Beijing Hotgen Biotech Co., Ltd.",688068.SS,-42.53,0.424,1.821,No
3858,"Shandong Shuangyi Technology Co., Ltd.",300690.SZ,-34.8,0.328,0.854,Yes
3859,"Guangzhou Wondfo Biotech Co.,Ltd",300482.SZ,-22.33,0.195,0.244,Yes
3860,"Changshu Guorui Technology Co.,Ltd.",300600.SZ,-33.88,0.317,0.449,Yes
3861,"Wuhan Keqian Biology Co.,Ltd",688526.SS,-25.52,0.227,0.276,Yes
3862,"Beijing Bewinner Communications Co., Ltd.",002148.SZ,-31.55,0.291,0.719,Yes
3863,"Hunan Copote Science Technology Co.,Ltd.",600476.SS,-40.39,0.395,1.104,Yes
3864,Fullgoal CNI HKC Consumer ETF,159245.SZ,-24.47,0.216,0.047,No
3865,"GUILIN FUDA Co.,Ltd.",603166.SS,-40.39,0.395,2.208,Yes
3866,"Shanghai Emperor of Cleaning Hi-Tech Co., Ltd",603200.SS,-49.89,0.523,3.305,Yes
3867,"Beijing eGOVA Co,. Ltd",300075.SZ,-32.74,0.304,0.239,Yes
3868,"Focus Media Information Technology Co., Ltd.",002027.SZ,-34.1,0.319,0.926,No
3869,"Guomai Technologies, Inc.",002093.SZ,-36.89,0.351,0.399,No
3870,"Shanghai Jin Jiang Online Network Service Co., Ltd.",600650.SS,-31.8,0.293,0.537,Yes
3871,"Shenzhen Kingdom Sci-Tech Co., Ltd",600446.SS,-37.61,0.36,0.71,Yes
3872,China Universal CSI AllShareSoftware ETF,159590.SZ,-27.27,0.244,0.914,Yes
3873,Minami Acoustics Limited,301383.SZ,-37.55,0.359,1.883,Yes
3874,E Fund CSI HK Connect Consu Theme ETF,513070.SS,-26.73,0.238,0.014,No
3875,Hytera Communications Corporation Limited,002583.SZ,-26.25,0.233,0.156,Yes
3876,JC Finance & Tax Interconnect Holdings Ltd.,002530.SZ,-33.69,0.313,1.068,Yes
3877,"Anhui Anli Material Technology Co., Ltd.",300218.SZ,-29.05,0.262,0.847,Yes
3878,"XTC New Energy Materials(Xiamen) Co.,Ltd.",688778.SS,-43.17,0.427,2.383,Yes
3879,Huatai-PB SHS Consumer Brand 50 ETF,517880.SS,-21.05,0.181,0.145,No
3880,"Pylon Technologies Co., Ltd.",688063.SS,-40.47,0.393,0.472,Yes
3881,Penghua CSI Software Services ETF,560790.SS,-24.41,0.214,0.847,No
3882,Guotai CSI Software ETF,515230.SS,-27.56,0.246,0.926,Yes
3883,Joy Kie Corporation Limited,300994.SZ,-30.62,0.278,0.183,Yes
3884,China Universal Asset Management Company Ltd - Shanghai Real Estate Rental Closed REIT Fund,508600.SS,-12.11,0.099,,
3885,"Alnera Aluminium Co., Ltd.",301613.SZ,-29.3,0.264,0.815,Yes
3886,"Sokan New Materials Group Co., Ltd.",688157.SS,-35.43,0.331,0.944,Yes
3887,"Beijing Philisense Technology Co., Ltd.",300287.SZ,-37.05,0.35,0.078,No
3888,"Traffic Control Technology Co., Ltd.",688015.SS,-32.71,0.3,0.916,Yes
3889,Tibet Eastmoney CSI HKC Technology ETF,520530.SS,-22.54,0.194,0.192,Yes
3890,"Zhejiang VIE Science & Technology Co., Ltd.",002590.SZ,-32.9,0.301,1.229,Yes
3891,Shenyu Communication Technology Inc.,300563.SZ,-39.07,0.372,2.364,Yes
3892,XGD Inc.,300130.SZ,-27.7,0.245,0.955,Yes
3893,"Suzhou Chunxing Precision Mechanical Co., Ltd.",002547.SZ,-45.68,0.456,0.208,No
3894,Yinhua CSI HK Connect ConsuTheme ETF,159735.SZ,-26.64,0.234,0.023,No
3895,"Zhejiang Fengmao Technology Co., Ltd.",301459.SZ,-24.59,0.214,0.436,Yes
3896,"Kingnet Network Co., Ltd.",002517.SZ,-37.34,0.351,1.02,Yes
3897,"Shanghai Aj Group Co.,Ltd",600643.SS,-27.39,0.242,0.302,No
3898,Shanghai Bloom Technology Inc,603325.SS,-32.42,0.295,0.159,Yes
3899,"Zhejiang AngLiKang Pharmaceutical CO.,LTD.",002940.SZ,-33.26,0.304,0.419,Yes
3900,"Shimeng Supply Chain Management Co., Ltd.",001220.SZ,-40.37,0.386,0.764,Yes
3901,Fullgoal SSE STAR Chip Design Thm ETF,589400.SS,-70.68,0.891,,
3902,"Western Securities Co.,Ltd.",002673.SZ,-18.21,0.152,0.402,Yes
3903,"Insigma Technology Co., Ltd.",600797.SS,-37.24,0.349,0.489,Yes
3904,"Chengdu RML Technology Co., Ltd.",301050.SZ,-36.16,0.336,1.024,Yes
3905,"Aotecar New Energy Technology Co., Ltd.",002239.SZ,-21.31,0.181,0.282,Yes
3906,"China Railway Prefabricated Construction Co., Ltd",300374.SZ,-31.86,0.287,0.083,No
3907,"CICC Fund Management Co., Ltd. - Anhui Transportation Holding Group Expressway Fund",508009.SS,-15.31,0.125,0.025,No
3908,Penghua CNI HKC Consumer ETF,159265.SZ,-24.01,0.206,0.094,No
3909,Capital Securities Corporation Limited,601136.SS,-27.57,0.241,0.378,Yes
3910,"Hangzhou Arcvideo Technology Co., Ltd.",688039.SS,-43.51,0.423,1.821,Yes
3911,"Friend Co.,Ltd.",605050.SS,-34.8,0.318,0.871,No
3912,"Shanghai Film Co., Ltd.",601595.SS,-37.39,0.348,0.545,Yes
3913,"HNA Technology Co.,Ltd.",600751.SS,-30.59,0.272,0.04,No
3914,Maxwealth Health Care Devices ETF,159883.SZ,-20.12,0.168,0.109,Yes
3915,Penghua China Secs Wine ETF,512690.SS,-29.05,0.256,0.672,No
3916,"LONGi Green Energy Technology Co., Ltd.",601012.SS,-32.69,0.294,0.248,Yes
3917,"MarcoPolo Holdings Co., Ltd.",001386.SZ,-37.46,0.347,0.893,Yes
3918,"Cisen Pharmaceutical Co., Ltd.",603367.SS,-27.39,0.238,0.226,No
3919,"TRS Information Technology Co., Ltd.",300229.SZ,-38.27,0.356,0.998,Yes
3920,"Shandong Mining Machinery Group Co., Ltd.",002526.SZ,-28.89,0.253,0.224,Yes
3921,Yinhua CSI China Mainlnd Real Estate ETF,159768.SZ,-33.96,0.307,0.274,Yes
3922,"Shandong Newjf Technology Packaging Co.,Ltd.",301296.SZ,-27.56,0.239,0.398,Yes
3923,"Proya Cosmetics Co.,Ltd.",603605.SS,-23.33,0.198,0.53,Yes
3924,"China West Construction Group Co., Ltd",002302.SZ,-27.7,0.24,0.131,No
3925,"Shenzhen Feima International Supply Chain Co., Ltd.",002210.SZ,-41.36,0.392,0.795,Yes
3926,"Jiangsu Shagang Co., Ltd.",002075.SZ,-33.15,0.297,0.175,Yes
3927,"Yifan Pharmaceutical Co., Ltd.",002019.SZ,-28.89,0.252,0.574,No
3928,Greenland Holdings Corporation Limited,600606.SS,-28.27,0.246,0.246,Yes
3929,"China Western Power Industrial Co., Ltd.",002630.SZ,-41.63,0.395,1.361,Yes
3930,"Guolian Minsheng Securities Co., Ltd.",601456.SS,-20.48,0.17,0.464,Yes
3931,"Zhongtai Securities Co., Ltd.",600918.SS,-17.94,0.147,0.013,Yes
3932,"Hunan Jiudian Pharmaceutical Co., Ltd.",300705.SZ,-30.5,0.268,0.258,No
3933,Huatai-PB CSI Anime Comic & Game ETF,516770.SS,-30.33,0.266,0.905,Yes
3934,Shanghai Kai Kai Industry Company Limited,900943.SS,-18.72,0.153,0.319,Yes
3935,"China Baoan Group Co., Ltd.",000009.SZ,-41.95,0.396,1.0,No
3936,Ling Yun Industrial Corporation Limited,600480.SS,-37.81,0.347,0.248,Yes
3937,"J.S. Corrugating Machinery Co., Ltd.",000821.SZ,-40.16,0.374,0.937,Yes
3938,"Yantai China Pet Foods Co., Ltd.",002891.SZ,-45.03,0.434,0.655,No
3939,"Wanma Technology Co., Ltd.",300698.SZ,-42.53,0.402,2.216,Yes
3940,"Guangdong Haid Group Co., Limited",002311.SZ,-25.92,0.22,0.316,No
3941,"Mesnac Co., Ltd.",002073.SZ,-32.86,0.291,0.151,Yes
3942,Sansure Biotech Inc.,688289.SS,-25.57,0.216,0.018,Yes
3943,GF CNI Robot ETF,159050.SZ,-42.31,0.399,2.02,Yes
3944,China Universal CSI All Sh Hlt Cr Ds ETF,159797.SZ,-20.2,0.166,0.13,Yes
3945,"Inner Mongolia Xinhua Distribution Group Co.,Ltd.",603230.SS,-23.88,0.2,0.087,No
3946,"Wuxi Lead Intelligent Equipment CO.,LTD.",300450.SZ,-43.95,0.418,2.306,Yes
3947,Penghua CSI HK Consumption Theme ETF,513590.SS,-26.76,0.227,0.003,Yes
3948,"GuangDong SongYang Recycle Resources CO.,LTD",603863.SS,-41.24,0.384,1.551,Yes
3949,"Sansec Technology Co., Ltd.",688489.SS,-48.14,0.472,1.632,Yes
3950,"Tongqinglou Catering Co., Ltd.",605108.SS,-34.23,0.304,0.01,No
3951,"Kunming Yunnei Power Co.,Ltd.",000903.SZ,-33.23,0.293,0.272,Yes
3952,CMF SSE STAR Chip Design Theme ETF,589390.SS,-71.82,0.886,,
3953,Bank of China Sinotrans Warehousing and Logistics Closed-end Infrastructure Securities Investment Fu,508090.SS,-16.11,0.128,0.102,Yes
3954,"Shenzhen Xinyuren Technology Co., Ltd.",688573.SS,-40.38,0.373,2.315,Yes
3955,Penghua Hang Seng Technology ETF (QDII),520590.SS,-26.34,0.222,0.119,Yes
3956,"Cultural Investment Holdings Co.,Ltd",600715.SS,-34.56,0.307,0.538,Yes
3957,"Chongqing Chongbai Technology Group Co., Ltd.",600729.SS,-24.75,0.207,0.654,No
3958,Double Medical Technology Inc.,002901.SZ,-24.62,0.205,0.312,Yes
3959,"SDIC Capital Co.,Ltd",600061.SS,-16.0,0.127,0.279,Yes
3960,"Shenzhen Bioeasy Biotechnology Co., Ltd.",300942.SZ,-36.11,0.322,0.619,Yes
3961,Ping An CSI SHS Online Consumption ETF,159793.SZ,-32.82,0.287,0.503,Yes
3962,CMF CSI Vaccine Biotechnology ETF,561920.SS,-16.39,0.13,0.423,Yes
3963,"Shanghai Unison Aluminium Products Co., Ltd.",603418.SS,-29.15,0.249,0.745,Yes
3964,"YAPP Automotive Systems Co., Ltd.",603013.SS,-40.89,0.376,0.582,Yes
3965,"Hengerda New Materials (Fujian) Co., Ltd.",300946.SZ,-34.89,0.308,0.544,Yes
3966,"Shaanxi Tourism Culture Industry Holding Co.,Ltd",603402.SS,-44.73,0.422,0.586,No
3967,"Luzhou Laojiao Co.,Ltd",000568.SZ,-37.07,0.332,0.938,No
3968,"China Post Technology Co., Ltd.",688648.SS,-50.06,0.492,2.301,Yes
3969,"Xiamen Amoytop Biotech Co., Ltd.",688278.SS,-31.69,0.273,0.449,No
3970,"FESCO Group Co., Ltd.",600861.SS,-27.64,0.232,0.215,No
3971,"Changsha Jingjia Microelectronics Co., Ltd.",300474.SZ,-37.12,0.331,1.992,Yes
3972,"DongHua Testing Technology Co. , Ltd.",300354.SZ,-39.84,0.361,1.913,Yes
3973,Transportation Telecommunication & Information Development Inc.Ltd.Zhejiang,300469.SZ,-32.51,0.28,0.689,Yes
3974,"Guangdong Xinbao Electrical Appliances Holdings Co., Ltd",002705.SZ,-26.47,0.22,0.376,No
3975,"Tibet Tourism Co.,Ltd",600749.SS,-20.61,0.165,0.366,Yes
3976,"Hefei Taihe Intelligent Technology Group Co.,Ltd.",603656.SS,-23.41,0.191,0.793,Yes
3977,ChinaAMC CSI All Index Cnsmr Optnl ETF,562580.SS,-18.36,0.145,0.346,Yes
3978,"Jiangsu Yuyue Medical Equipment & Supply Co., Ltd.",002223.SZ,-31.21,0.266,0.333,No
3979,ChinaAMC CSI Anime Comic & Game ETF,159869.SZ,-31.5,0.269,0.941,Yes
3980,"Camel Group Co., Ltd.",601311.SS,-30.76,0.261,0.025,Yes
3981,"Beijing United Information Technology Co.,Ltd.",603613.SS,-34.29,0.297,0.496,Yes
3982,"PCI Technology Group Co., Ltd.",600728.SS,-34.73,0.302,0.161,Yes
3983,"Zhejiang Dun'an Artificial Environment Co., Ltd",002011.SZ,-27.65,0.229,0.444,Yes
3984,"Doright Co.,Ltd.",300950.SZ,-43.43,0.399,1.863,Yes
3985,"Tianfeng Securities Co., Ltd.",601162.SS,-27.78,0.23,0.059,No
3986,"Guangdong Naruida Technology Co., Ltd.",688522.SS,-38.13,0.337,1.718,Yes
3987,Fullgoal CNI Vaccine and Biotechnology Index ETF,159645.SZ,-19.65,0.155,0.024,No
3988,Guotai CSI Anime Comic & Game ETF,516010.SS,-31.53,0.266,0.924,Yes
3989,"Hangzhou CNCR-IT Co.,Ltd",300250.SZ,-40.97,0.368,0.561,Yes
3990,"Xi'an Tourism Co., Ltd.",000610.SZ,-45.82,0.426,0.034,Yes
3991,"Anhui Huaheng Biotechnology Co., Ltd.",688639.SS,-47.04,0.441,1.071,Yes
3992,"Cicc Fund Management Co., Ltd. - CICC Hubei Science & Technological Investment Optics Valley Fund",508019.SS,-26.11,0.213,0.909,Yes
3993,"Xiangtan Yongda Machinery Manufacturing Co., Ltd.",001239.SZ,-28.2,0.233,1.127,Yes
3994,"Ananda Drive Techniques(Shanghai)Co., Ltd.",603350.SS,-28.43,0.235,1.381,Yes
3995,"Zhejiang Jinggong Integration Technology Co., Ltd.",002006.SZ,-37.35,0.326,1.151,Yes
3996,"Beijing Zhongkehaixun Digital S&T Co., Ltd.",300810.SZ,-43.37,0.394,2.059,Yes
3997,"VATS Liquor Chain Store Management Joint Stock Co., Ltd.",300755.SZ,-43.0,0.389,0.256,Yes
3998,"Dirui Industrial Co.,Ltd.",300396.SZ,-46.1,0.427,0.637,Yes
3999,SAIC Motor Corporation Limited,600104.SS,-37.22,0.323,1.065,No
4000,Ningbo Joyson Electronic Corp.,600699.SS,-43.5,0.395,1.157,Yes
4001,"M-Grass Ecology And Environment (Group) Co., Ltd.",300355.SZ,-32.32,0.272,0.4,Yes
4002,"Assure Tech (Hangzhou) Co., Ltd.",688075.SS,-23.7,0.189,0.587,Yes
4003,"Sichuan Changhong Electric Co.,Ltd.",600839.SS,-32.61,0.275,1.138,Yes
4004,"Star Lake Bioscience Co., Inc.Zhaoqing Guangdong",600866.SS,-37.14,0.322,0.654,No
4005,"Jiangxi Firstar Panel Technology Co.,Ltd.",300256.SZ,-32.75,0.276,0.699,Yes
4006,"Ligao Foods Co.,Ltd.",300973.SZ,-36.49,0.314,0.724,Yes
4007,CIB CSI Fintech Theme ETF,563570.SS,-27.42,0.223,0.973,Yes
4008,China Securities Co. Ltd. - Shenyang International Software Park INF Fund,508029.SS,-23.8,0.189,0.558,Yes
4009,"Sichuan Swellfun Co.,Ltd",600779.SS,-36.86,0.317,0.269,Yes
4010,Maxwealth CSI Household Appliances ETF,515730.SS,-19.75,0.153,0.854,Yes
4011,ValueHD Corporation,301318.SZ,-29.68,0.244,1.025,Yes
4012,"Hangzhou Electronic Soul Network Technology Co., Ltd.",603258.SS,-36.42,0.313,0.262,Yes
4013,"Hengbao Co.,Ltd.",002104.SZ,-46.02,0.423,0.888,Yes
4014,"Bengang Steel Plates Co., Ltd.",200761.SZ,-29.79,0.245,0.364,No
4015,"China Asset Management Co., Ltd. - Yuexiu Highway REIT Fund",180202.SZ,-16.38,0.125,0.308,No
4016,"Lao Feng Xiang Co., Ltd.",600612.SS,-31.63,0.263,0.657,No
4017,"Delijia Transmission Technology (Jiangsu) Co.,Ltd.",603092.SS,-40.58,0.358,0.945,Yes
4018,"East Money Information Co.,Ltd.",300059.SZ,-28.43,0.231,0.982,Yes
4019,"Lao Feng Xiang Co., Ltd.",900905.SS,-19.74,0.153,0.344,No
4020,"Yindu Kitchen Equipment Co., Ltd",603277.SS,-32.33,0.269,0.032,Yes
4021,"Motic (Xiamen) Electric Group Co.,Ltd",300341.SZ,-27.91,0.226,1.059,Yes
4022,"Shenzhen Inovance Technology Co.,Ltd",300124.SZ,-26.17,0.21,0.475,Yes
4023,ChinaAMC CSI Fully Estate ETF,515060.SS,-25.67,0.205,0.884,Yes
4024,"Nanjing Chervon Auto Precision Technology Co., Ltd",603982.SS,-33.44,0.28,0.78,Yes
4025,"HCR Co., Ltd",688500.SS,-47.96,0.443,1.667,Yes
4026,"Guosen Securities Co., Ltd.",002736.SZ,-21.54,0.167,0.269,Yes
4027,Huatai-PB CSI SHS Internet ETF,517050.SS,-32.63,0.271,0.198,Yes
4028,"Goodwill E-Health Info Co., Ltd.",688246.SS,-40.77,0.357,1.676,Yes
4029,"Guizhou Zhongyida Co., Ltd",900906.SS,-36.36,0.308,0.428,Yes
4030,"Shandong Weigao Blood Purification Products Co., Ltd.",603014.SS,-17.68,0.134,0.323,Yes
4031,China Universal CSI SHS Internet ETF,159729.SZ,-33.36,0.277,0.209,Yes
4032,"EIT Environmental Development Group Co.,Ltd",300815.SZ,-39.02,0.336,1.53,Yes
4033,"Senci Electric Machinery Co.,Ltd.",603109.SS,-38.12,0.326,1.299,Yes
4034,"Telink Semiconductor(Shanghai)Co.,Ltd.",688591.SS,-46.86,0.427,2.083,Yes
4035,"Shenzhen Jinjia Group Co.,Ltd.",002191.SZ,-19.63,0.15,0.638,Yes
4036,"Zhejiang Zhengte Co., Ltd.",001238.SZ,-32.35,0.266,1.153,Yes
4037,TianHong CNI HKC Technology ETF,159128.SZ,-30.01,0.243,0.025,Yes
4038,"Shanghai Hajime Advanced Material Technology Co., Ltd.",301000.SZ,-48.69,0.447,2.169,Yes
4039,"QITIAN Technology Group Co., Ltd.",300061.SZ,-47.03,0.426,1.922,Yes
4040,Bosera China Merchants Shekou Industrial Zone,180101.SZ,-19.86,0.151,0.605,Yes
4041,Huatai Zijin Baowan Logistics Warehouse Close-end Infrastructure Fund,180303.SZ,-26.31,0.207,0.866,Yes
4042,"Shenzhen Ampron Technology Co., Ltd.",301413.SZ,-50.64,0.471,1.593,Yes
4043,Huaan CSI All-Inclsv Sftwr Dvlpmnt ETF,561010.SS,-29.14,0.233,0.984,Yes
4044,"Jiangxi Xinyu Guoke Technology Co., Ltd",300722.SZ,-30.53,0.246,0.551,Yes
4045,"Beijing Shunxin Agriculture Co.,Ltd",000860.SZ,-32.64,0.267,0.255,No
4046,Zhejiang Dongri Limited Company,600113.SS,-44.01,0.389,0.735,Yes
4047,Bloomage BioTechnology Corporation Limited,688363.SS,-35.36,0.294,0.069,Yes
4048,"Insight Lifetech Co., Ltd.",688712.SS,-36.28,0.303,1.301,Yes
4049,"Montnets Cloud Technology Group Co., Ltd.",002123.SZ,-37.0,0.31,0.016,No
4050,"Shenzhen Crastal Technology Co.,Ltd",300824.SZ,-33.44,0.274,0.41,Yes
4051,Yinhua ICBC CSOP SP New CN Sec ETF(QDII),159822.SZ,-25.14,0.196,0.013,No
4052,"Hunan Tyen Machinery Co.,Ltd",900946.SS,-21.32,0.162,0.221,Yes
4053,"Dare Power Dekor Home Co.,Ltd.",000910.SZ,-29.42,0.235,0.488,Yes
4054,"Lafang China Co.,Ltd",603630.SS,-39.4,0.335,0.291,Yes
4055,"Sinosoft Co.,Ltd",603927.SS,-31.61,0.255,0.344,Yes
4056,"XinJiang Ba Yi Iron & Steel Co.,Ltd.",600581.SS,-42.2,0.365,0.089,Yes
4057,"Beijing Tianma Intelligent Control Technology CO., LTD.",688570.SS,-25.33,0.197,0.612,Yes
4058,CICC Fund Management Co Ltd - CICC Xiamen Affordable Rental Housing Infrastructure - Fund,508058.SS,-7.53,0.053,0.001,Yes
4059,E Fund Hang Seng SCHK Automobile ETF,159121.SZ,-31.22,0.251,0.593,No
4060,China Universal SSE STAR Chip Ds Thm ETF,589290.SS,-80.54,1.043,,
4061,"Kunwu Jiuding Investment Holdings CO.,Ltd",600053.SS,-51.53,0.479,0.611,Yes
4062,Maxwealth SSE STAR Chip Design Thm ETF,589420.SS,-71.79,0.818,,
4063,Topsec Technologies Group Inc.,002212.SZ,-33.54,0.273,0.442,Yes
4064,Greatoo Intelligent Equipment Inc.,002031.SZ,-36.5,0.303,1.029,Yes
4065,"Wenzhou Yuanfei pet toy products Co., Ltd.",001222.SZ,-36.97,0.308,0.003,No
4066,China Southern CSI All Share Real Estate ETF,512200.SS,-26.36,0.205,0.873,Yes
4067,Shanghai Baolong Automotive Corporation,603197.SS,-32.5,0.262,0.693,Yes
4068,"Chongqing Zhifei Biological Products Co., Ltd.",300122.SZ,-34.25,0.278,0.034,Yes
4069,"China Fortune Land Development Co., Ltd.",600340.SS,-47.17,0.419,0.049,No
4070,"Shanghai Moons' Electric Co., Ltd.",603728.SS,-39.09,0.327,1.759,Yes
4071,CMF CNI HKC Technology ETF,159125.SZ,-29.94,0.236,0.019,Yes
4072,"Anhui ZhongDianXinLong Science and Technology Co., Ltd.",002298.SZ,-37.96,0.314,0.877,No
4073,"Holitech Technology Co., Ltd.",002217.SZ,-53.28,0.495,2.754,Yes
4074,"Imeik Technology Development Co.,Ltd.",300896.SZ,-47.42,0.419,0.683,No
4075,"Hunan Lead Power Technology Group Co., Ltd.",300530.SZ,-46.62,0.41,0.995,No
4076,"Noblelift Intelligent Equipment Co.,Ltd.",603611.SS,-31.17,0.246,0.616,Yes
4077,"Hubei Donper Electromechanical Group Co., Ltd.",601956.SS,-30.92,0.243,0.517,Yes
4078,"Chase Science Co., Ltd",300941.SZ,-36.47,0.296,0.153,Yes
4079,Ping An Fynd Management Co. Ltd. - Ping An Ningbo Transport Hangzhou REIT Fund,508036.SS,-15.07,0.108,0.03,No
4080,"Beijing Capital Development Co., Ltd.",600376.SS,-51.42,0.466,1.371,No
4081,"KPC Pharmaceuticals,Inc.",600422.SS,-37.36,0.305,1.195,No
4082,Fullgoal CSI Fintech Theme ETF,515720.SS,-29.13,0.225,1.012,Yes
4083,"Poly Union Chemical Holding Group Co., Ltd.",002037.SZ,-34.6,0.277,0.79,Yes
4084,"Beijing Ultrapower Software Co., Ltd.",300002.SZ,-41.33,0.345,0.729,Yes
4085,"Shandong Weigao Orthopaedic Device Co., Ltd",688161.SS,-32.73,0.258,0.407,No
4086,"Ccoop Group Co., Ltd",000564.SZ,-40.54,0.337,0.464,Yes
4087,"Shanghai DragonNet Technology Co.,Ltd.",300245.SZ,-55.84,0.522,1.294,No
4088,Autek China Inc.,300595.SZ,-34.56,0.275,0.346,Yes
4089,"The Pacific Securities Co., Ltd",601099.SS,-22.53,0.167,0.552,Yes
4090,"Ningbo Huaxiang Electronic Co., Ltd.",002048.SZ,-46.51,0.402,2.11,Yes
4091,Tibet Eastmoney CSI SHS Internet ETF,159550.SZ,-34.58,0.275,0.183,Yes
4092,"Guangxi Oriental Intelligent Manufacturing Technology Co., Ltd.",002175.SZ,-43.14,0.362,0.523,No
4093,"Sunyard Technology Co.,Ltd",600571.SS,-35.05,0.278,0.503,Yes
4094,"Changzhou Qianhong Biopharma CO.,LTD",002550.SZ,-25.7,0.193,0.515,No
4095,Harvest CSI SHS Internet ETF,517200.SS,-34.11,0.268,0.132,Yes
4096,Penghua CNI Vaccine and Biotechnology Index Exchange Traded Fund,159657.SZ,-20.62,0.149,0.011,No
4097,"Guangdong Kitech New Material Holding Co.,Ltd.",300995.SZ,-41.91,0.347,1.525,Yes
4098,Yinhua HS SCHK China Tech ETF,513160.SS,-33.31,0.26,0.62,Yes
4099,"Beijing JingPinTeZhuang Science and Technology Co.,LTD.",688084.SS,-48.83,0.425,2.739,Yes
4100,Penghua Hang Seng SCHK Automobile ETF,159186.SZ,-46.69,0.399,2.013,No
4101,Yinhua SSE STAR Chip Design Thematic ETF,589350.SS,-81.74,1.03,,
4102,Wenfeng Great World Chain Development Corporation,601010.SS,-43.25,0.359,0.085,Yes
4103,"Guangdong Sunwill Precising Plastic Co.,Ltd",002676.SZ,-44.34,0.371,1.616,Yes
4104,"Zhejiang Biyi Electric Appliance Co., Ltd.",603215.SS,-34.15,0.266,0.189,No
4105,"Jiangsu Wujin Stainless Steel Pipe Group CO.,LTD.",603878.SS,-47.87,0.411,1.691,Yes
4106,ICBCCS CSI SHS Internet ETF,159856.SZ,-34.6,0.27,0.176,Yes
4107,"JiangXi Avonflow HVAC Tech Co., Ltd.",301575.SZ,-29.95,0.227,1.0,Yes
4108,E Fund CSI Fintech Theme ETF,159299.SZ,-29.92,0.227,1.032,Yes
4109,"Kuang-Chi Technologies Co., Ltd.",002625.SZ,-42.22,0.347,0.56,Yes
4110,"Chengdu Haoneng Technology Co., Ltd.",603809.SS,-44.34,0.37,0.239,Yes
4111,"Kexing Biopharm Co., Ltd.",688136.SS,-45.32,0.38,1.048,Yes
4112,Bosera CSI Photovoltaic Industry ETF,560310.SS,-41.6,0.34,1.591,Yes
4113,Shenma Industry Co.Ltd,600810.SS,-36.63,0.288,0.648,Yes
4114,"Jiangsu Bojun Industrial Technology Co., Ltd",300926.SZ,-41.84,0.34,0.324,Yes
4115,"Longshine Technology Group Co., Ltd.",300682.SZ,-48.73,0.417,0.128,No
4116,"Beijing Changjiu Logistics Co.,Ltd",603569.SS,-26.63,0.196,0.059,Yes
4117,Ninebot Limited,689009.SS,-34.92,0.271,0.274,No
4118,China Southern Hang Seng TECH ETF (QDII),520570.SS,-28.72,0.214,0.151,Yes
4119,Triumph New Energy Company Limited,600876.SS,-33.67,0.259,0.969,Yes
4120,"Zhe Jiang Headman Machinery Co.,Ltd.",688577.SS,-47.81,0.406,1.422,Yes
4121,"Shanghai Feilo Acoustics Co.,Ltd",600651.SS,-35.3,0.274,0.714,Yes
4122,Hoymiles Power Electronics Inc.,688032.SS,-39.87,0.319,0.749,No
4123,"Hunan Zhongke Electric Co., Ltd.",300035.SZ,-40.43,0.325,0.388,Yes
4124,"Quanzhou Jiadeli Electronics Material Co., Ltd.",603435.SS,-75.88,0.858,4.397,Yes
4125,"Shenzhen Longood Intelligent Electric Co.,Ltd",300543.SZ,-37.16,0.291,0.949,Yes
4126,Yinhua CNI New Energy Battery ETF,159193.SZ,-47.8,0.404,2.452,Yes
4127,"Beijing SuperMap Software Co., Ltd.",300036.SZ,-37.12,0.29,0.617,Yes
4128,"Bear Electric Appliance Co.,Ltd.",002959.SZ,-32.41,0.245,0.945,No
4129,"Shahe Industrial Co., Ltd.",000014.SZ,-44.26,0.362,0.542,No
4130,"Songcheng Performance Development Co.,Ltd",300144.SZ,-30.34,0.226,0.118,No
4131,Guotai CSI HKC Internet ETF,513720.SS,-44.18,0.361,0.378,No
4132,"Jiangmen Kanhoo Industry Co., Ltd",300340.SZ,-35.71,0.275,1.116,Yes
4133,"Zhejiang Sunriver Culture Tourism Co.,Ltd.",600576.SS,-28.05,0.205,0.443,Yes
4134,"Hangjin Technology Co., Ltd.",000818.SZ,-46.38,0.384,0.484,Yes
4135,ChinaAMC CSI financial technology theme ETF,516100.SS,-30.11,0.223,0.981,Yes
4136,China Universal CNI HKC Internet ETF,159280.SZ,-39.76,0.313,0.257,No
4137,"Shanghai International Airport Co., Ltd.",600009.SS,-26.25,0.189,0.108,No
4138,"Hang Zhou Radical Energy-Saving Technology Co., Ltd.",300652.SZ,-50.74,0.432,1.399,Yes
4139,"Hainan Airlines Holding Co., Ltd.",900945.SS,-27.96,0.203,0.959,Yes
4140,"Jiangsu Boamax Technologies Group Co.,Ltd.",002514.SZ,-67.16,0.666,0.25,No
4141,Bosera Hang Seng SCHK Technology ETF,159010.SZ,-23.59,0.167,0.709,No
4142,CMF SSE Consumption 80 ETF,510150.SS,-19.3,0.133,0.092,No
4143,Penghua CSI Internet of Vehicle ETF,159872.SZ,-24.1,0.17,0.794,Yes
4144,China Merchants Fund Management Co. - China Merchants Science and Technology Incubator REIT,508012.SS,-41.48,0.327,1.609,Yes
4145,Shenyang Jinbei Automotive Company Limited,600609.SS,-31.53,0.233,0.146,Yes
4146,"Beijing Kawin Technology Share-Holding Co., Ltd.",688687.SS,-35.28,0.266,0.735,Yes
4147,"Henan Rebecca Hair Products Co., Ltd.",600439.SS,-32.53,0.241,0.224,Yes
4148,"Chengdu Information Technology of Chinese Academy of Sciences Co.,Ltd",300678.SZ,-36.27,0.275,0.729,Yes
4149,"Zheshang Securities Co., Ltd.",601878.SS,-17.97,0.122,0.452,Yes
4150,"Shanghai Fortune Techgroup Co., Ltd.",300493.SZ,-42.89,0.339,1.871,Yes
4151,"Nanjing Julong Science & Technology Co.,LTD",300644.SZ,-40.26,0.312,1.586,Yes
4152,"Ningbo ZhongDa Leader Intelligent Transmission Co., Ltd.",002896.SZ,-33.14,0.245,0.685,Yes
4153,Phenix Optical Company Limited,600071.SS,-32.44,0.239,1.466,Yes
4154,"China Asset Management Co., Ltd - Hangzhou Heda Hi-Tech Industrial Park REIT Fund",180103.SZ,-21.16,0.146,0.288,Yes
4155,"Guangzhou Guangri Stock Co.,Ltd.",600894.SS,-22.04,0.152,0.15,No
4156,"Shenzhen Coship Electronics Co., Ltd.",002052.SZ,-42.65,0.336,0.012,No
4157,Tibet Rhodiola Pharmaceutical Holding Co.,600211.SS,-16.82,0.113,0.154,Yes
4158,"Air China Cargo Co., Ltd.",001391.SZ,-36.68,0.276,0.08,No
4159,E Fund CSI China Ovsea Net 50 QDII-ETF,513050.SS,-38.81,0.296,0.378,No
4160,China Universal HS SCHK China Tech ETF,520980.SS,-34.64,0.257,0.653,Yes
4161,"Flaircomm Microelectronics, Inc.",301600.SZ,-38.52,0.292,0.824,Yes
4162,Ruyi Film Entertainment Company Limited,002739.SZ,-30.91,0.223,0.942,Yes
4163,"Global Infotech Co., Ltd.",300465.SZ,-47.28,0.382,0.186,No
4164,"Y.U.D.Yangtze River Investment Industry Co.,Ltd.",600119.SS,-42.82,0.334,0.411,Yes
4165,DongFeng Automobile Co. LTD,600006.SS,-34.09,0.251,0.141,No
4166,E Fund ChiNext New Energy ETF,159009.SZ,-48.0,0.388,2.3,Yes
4167,"Joincare Pharmaceutical Group Industry Co.,Ltd.",600380.SS,-25.35,0.176,0.653,No
4168,"Shanghai Yaoji Technology Co., Ltd.",002605.SZ,-35.85,0.265,0.965,Yes
4169,China Southern CSI HKC Internet ETF,520650.SS,-42.8,0.332,0.284,No
4170,Great Wall Motor Company Limited,601633.SS,-37.18,0.277,1.041,No
4171,"Greenworks (Jiangsu) Co., Ltd.",301260.SZ,-40.41,0.307,1.088,Yes
4172,"Shenzhen Zhaowei Machinery & Electronics Co., Ltd.",003021.SZ,-44.78,0.351,1.332,Yes
4173,"Suzhou Alton Electrical & Mechanical Industry Co., Ltd.",301187.SZ,-44.44,0.347,0.489,Yes
4174,"Wencan Group Co., Ltd.",603348.SS,-35.15,0.257,0.162,No
4175,Bosera CSI Fintech Theme ETF,516860.SS,-30.98,0.221,1.015,Yes
4176,Techstorm Advanced Material Corporation Limited,601026.SS,-32.25,0.231,0.147,Yes
4177,"Shanghai Pudong Construction Co.,Ltd.",600284.SS,-46.44,0.367,0.167,Yes
4178,"Hanwang Technology Co.,Ltd",002362.SZ,-33.45,0.241,0.922,Yes
4179,"Nanjing Securities Co., Ltd.",601990.SS,-20.32,0.135,0.195,Yes
4180,China Communications Construction Company Limited,601800.SS,-31.04,0.22,0.611,No
4181,"Shanghai Huili Building Materials Co., Ltd.",900939.SS,-44.28,0.343,0.375,No
4182,Huaan Hang Seng SCHK Technology ETF,520840.SS,-33.57,0.242,0.583,Yes
4183,"Shanghai Jahwa United Co., Ltd.",600315.SS,-31.25,0.221,0.433,No
4184,"OFILM Group Co., Ltd.",002456.SZ,-40.98,0.309,1.516,Yes
4185,Harvest Hang Seng SCHK Technology ETF,520670.SS,-33.86,0.243,0.571,Yes
4186,"Haiyang Technology Co., Ltd.",603382.SS,-42.72,0.326,0.513,Yes
4187,Huatai-PB CSI Constrction Mchnry Thm ETF,561030.SS,-37.15,0.273,0.958,No
4188,"Shanghai Hile Bio-Technology Co., Ltd.",603718.SS,-52.3,0.43,0.456,No
4189,"Hebei Hengshui Laobaigan Liquor Co., Ltd.",600559.SS,-33.59,0.241,0.182,No
4190,"Zhejiang Jindun Fans Co., Ltd",300411.SZ,-38.91,0.289,0.378,Yes
4191,E Fund HSSCNE ETF,513320.SS,-32.47,0.231,0.076,No
4192,Wanjia HS Internet IT ETF (QDII),159202.SZ,-39.89,0.298,0.256,No
4193,CMF CSI HK Tech ETF(QDII),159750.SZ,-30.72,0.216,0.045,No
4194,"Shenzhen Ecobeauty Co., Ltd.",000010.SZ,-60.26,0.529,0.068,No
4195,"Shenzhen Urban Transport Technology Group Co., Ltd.",301091.SZ,-44.44,0.341,0.857,Yes
4196,"Arctech Solar Holding Co., Ltd.",688408.SS,-48.55,0.385,1.863,Yes
4197,"Beijing Wandong Medical Technology Co.,Ltd.",600055.SS,-38.56,0.284,0.439,No
4198,GF CSI Overses China Intrnt 30 ETF(QDII),159605.SZ,-38.24,0.28,0.454,No
4199,"Qingdao Eastsoft Communication Technology Co.,Ltd",300183.SZ,-37.31,0.272,0.708,Yes
4200,Hwabao WP CSI Fintech Theme ETF,159851.SZ,-31.77,0.223,0.971,Yes
4201,Zheshang Securities Zhejiang Expressway,508001.SS,-22.92,0.153,0.009,No
4202,"HuBei NengTer Technology CO.,Ltd",002102.SZ,-37.91,0.277,0.195,No
4203,Hundsun Technologies Inc.,600570.SS,-36.13,0.261,0.509,Yes
4204,"Jiangsu Leili Motor Co., Ltd",300660.SZ,-44.24,0.337,0.944,Yes
4205,"Contec Medical Systems Co.,Ltd",300869.SZ,-31.82,0.223,0.245,Yes
4206,E Fund CSI All Share Electric Utilit ETF,560930.SS,-47.51,0.37,1.106,No
4207,"Heilongjiang Tianyouwei Electronics Co., Ltd.",603202.SS,-44.73,0.341,0.965,No
4208,ChinaAMC Hang Seng Int&InfoTech ETF QDII,513330.SS,-40.21,0.296,0.227,No
4209,"Fuling Technology Co., LTD",001356.SZ,-36.04,0.258,0.469,Yes
4210,Huaan Hangsheng Technology ETF(QDII),513580.SS,-33.73,0.237,0.471,Yes
4211,"Sunwoda Electronic Co.,Ltd",300207.SZ,-47.69,0.37,0.343,Yes
4212,Harvest CSI Ovrs China Intr 30 ETF(QDII),159607.SZ,-38.53,0.279,0.431,No
4213,"Shanghai Newtouch Software Co., Ltd.",688590.SS,-45.58,0.347,1.26,Yes
4214,"Tianneng Battery Group Co., Ltd.",688819.SS,-33.03,0.231,0.128,Yes
4215,HuaAn Zhangjiang Everbright Park,508000.SS,-27.4,0.185,1.187,Yes
4216,"Riyue Heavy Industry Co.,Ltd",603218.SS,-34.82,0.245,0.496,No
4217,"Zhejiang Zhenshi New Materials Co., Ltd.",601112.SS,-39.43,0.286,1.598,Yes
4218,"Shenzhen Manst Technology Co., Ltd.",301325.SZ,-51.24,0.405,1.597,Yes
4219,GF Hang Seng SCHK Technology ETF,159262.SZ,-34.82,0.244,0.652,Yes
4220,"Daqian Ecology&Environment Group Co.,Ltd.",603955.SS,-40.67,0.296,1.222,Yes
4221,Harvest CNI New Energy Battery ETF,159052.SZ,-68.33,0.635,,
4222,Gemdale Corporation,600383.SS,-47.47,0.363,0.551,Yes
4223,"Anhui Ankai Automobile Co., Ltd",000868.SZ,-35.08,0.245,0.352,No
4224,China Universal CSI Fintech ETF,159103.SZ,-32.22,0.221,0.986,Yes
4225,"Anhui Transport Consulting & Design Institute Co.,Ltd.",603357.SS,-26.31,0.174,0.209,Yes
4226,Livzon Pharmaceutical Group Inc.,000513.SZ,-28.91,0.194,0.602,No
4227,Penghua CSI Fintech Theme ETF,563670.SS,-31.87,0.217,0.989,Yes
4228,"Shanying International Holdings Co.,Ltd",600567.SS,-25.36,0.166,0.504,Yes
4229,JSTI Group,300284.SZ,-37.44,0.264,0.1,No
4230,CMF CSI Global China Internet ETF(QDII),513220.SS,-37.41,0.263,0.311,No
4231,GF CSI All Share Auto ETF,159512.SZ,-34.25,0.236,0.441,No
4232,Huaan Hang Seng Internet and Information Technology Index ETF,159688.SZ,-40.02,0.286,0.077,No
4233,"Henan Yicheng New Energy Co., Ltd.",300080.SZ,-31.76,0.215,0.299,Yes
4234,"Hubei Radio & Television Information Network Co., Ltd.",000665.SZ,-34.56,0.237,0.046,Yes
4235,CICC GLP Warehouse Logistics,508056.SS,-29.36,0.195,0.588,Yes
4236,"Shanghai Haohai Biological Technology Co., Ltd.",688366.SS,-41.03,0.294,0.291,Yes
4237,"Eyebright Medical Technology (Beijing) Co., Ltd.",688050.SS,-45.62,0.337,0.045,Yes
4238,China Southern CSI HK Tech ETF(QDII),159747.SZ,-31.45,0.21,0.051,No
4239,"Longhorn Auto Co., Ltd.",301488.SZ,-42.77,0.309,1.241,Yes
4240,Hubei Century Network Technology Inc.,300494.SZ,-42.26,0.304,0.976,Yes
4241,China Marine Information Electronics Company Limited,600764.SS,-42.44,0.305,0.396,Yes
4242,"Shandong Zhangqiu Blower Co., Ltd",002598.SZ,-39.2,0.275,0.107,No
4243,"DHC Software Co.,Ltd.",002065.SZ,-34.67,0.236,0.811,Yes
4244,"Jiangsu New Technology Group Co.,Ltd.",301229.SZ,-45.27,0.331,1.043,Yes
4245,"Liaoning Chengda Biotechnology Co., Ltd.",688739.SS,-23.51,0.149,0.064,Yes
4246,"Chongqing Taiji Industry(Group) Co.,Ltd",600129.SS,-37.29,0.257,0.961,No
4247,Fullgoal CSI-HK Connect Internet ETF,159792.SZ,-46.55,0.343,0.385,No
4248,"Shanghai Jinjiang International Travel Co., Ltd.",900929.SS,-28.37,0.184,0.075,No
4249,"Jianshe Industry Group (Yunnan) Co., Ltd.",002265.SZ,-36.45,0.249,0.573,No
4250,TianHong Hang Seng SCHK Automobile ETF,159028.SZ,-52.98,0.409,1.891,No
4251,"Shanghai Metersbonwe Fashion and Accessories Co., Ltd.",002269.SZ,-39.24,0.271,0.439,Yes
4252,"Beijing Chunlizhengda Medical Instruments Co., Ltd.",688236.SS,-43.34,0.308,0.306,Yes
4253,AVIC Shenyang Aircraft Company Limited,600760.SS,-34.86,0.233,0.16,Yes
4254,Shanghai STEP Electric Corporation,002527.SZ,-45.26,0.325,1.143,Yes
4255,"Guangdong Vanward New Electric Co., Ltd.",002543.SZ,-37.27,0.252,0.312,No
4256,"Kingfa Sci. & Tech. Co., Ltd.",600143.SS,-33.02,0.217,0.593,Yes
4257,"Zhangjiagang Guangda Special Material Co., Ltd.",688186.SS,-47.65,0.347,0.45,Yes
4258,"Henan Thinker Automatic Equipment Co.,Ltd.",603508.SS,-35.5,0.237,0.559,No
4259,Guanghui Logistics Co.Ltd,600603.SS,-46.49,0.335,0.304,Yes
4260,"Qiming Information Technology Co.,Ltd",002232.SZ,-31.1,0.202,0.246,Yes
4261,"Shede Spirits Co., Ltd.",600702.SS,-42.03,0.293,0.213,No
4262,"Zhejiang Zhaofeng Mechanical and Electronic Co.,Ltd.",300695.SZ,-52.3,0.394,0.796,Yes
4263,"China Asset Management Co., Ltd - Prologis Warehousing & Logistics Fund",180306.SZ,-25.94,0.163,0.615,Yes
4264,"Xi'an ChenXi Aviation Technology Corp., Ltd.",300581.SZ,-39.79,0.272,1.15,Yes
4265,"Zhejiang Wanma Co., Ltd.",002276.SZ,-43.01,0.301,0.735,Yes
4266,"Zhejiang Jolly Pharmaceutical Co.,LTD",300181.SZ,-22.4,0.137,0.1,Yes
4267,Appotronics Corporation Limited,688007.SS,-49.61,0.364,2.114,Yes
4268,"Zhejiang Changsheng Sliding Bearings Co., Ltd.",300718.SZ,-38.07,0.257,0.03,No
4269,"MH Robot & Automation Co., Ltd.",301199.SZ,-35.53,0.235,0.667,Yes
4270,"Shanghai Highly (Group) Co., Ltd.",600619.SS,-42.65,0.296,1.341,Yes
4271,"Qifeng New Material Co., Ltd.",002521.SZ,-22.53,0.137,0.668,Yes
4272,"Shanghai Electric Group Co., Ltd.",601727.SS,-30.32,0.194,0.627,Yes
4273,ChinaAMC CNI HKC Tech ETF,159101.SZ,-35.68,0.236,0.024,No
4274,JPM Hangsheng Tech ETF (QDII),513890.SS,-33.11,0.215,0.107,Yes
4275,"Chengdu Tangyuan Electric Co.,Ltd.",300789.SZ,-41.42,0.284,0.216,No
4276,Wanjia CNI HKC Technology ETF,159251.SZ,-35.55,0.234,0.007,Yes
4277,"COSCO SHIPPING Technology Co., Ltd.",002401.SZ,-29.83,0.189,0.091,No
4278,IGW CSI HK Connect Technology ETF,513980.SS,-32.26,0.207,0.096,Yes
4279,Bosera HK Equity Connect Internet ETF,159568.SZ,-46.33,0.328,0.315,No
4280,"Western Regions Tourism Development Co.,Ltd",300859.SZ,-36.07,0.238,0.983,Yes
4281,"Zhejiang Haikong Nanke Huatie Digital Intelligence and Technology Co., Ltd.",603300.SS,-49.75,0.36,0.233,No
4282,Penghua CSI Construction Machinery ETF,159177.SZ,-33.68,0.217,0.952,No
4283,Guotai CSI 800 Automobile&Component ETF,516110.SS,-29.6,0.186,0.081,No
4284,"AVIC (Chengdu)UAS Co., Ltd.",688297.SS,-22.28,0.134,0.137,No
4285,Hwabao WP CSI-HK Connect Internet ETF,513770.SS,-46.59,0.328,0.357,No
4286,Everbright Securities Company Limited,601788.SS,-21.37,0.128,0.294,Yes
4287,"Zhejiang Wanliyang Co., Ltd.",002434.SZ,-41.54,0.281,0.839,Yes
4288,"Zotye Automobile Co., Ltd",000980.SZ,-52.08,0.381,1.432,Yes
4289,"Inner Mongolia Furui Medical Science Co., Ltd.",300049.SZ,-45.41,0.315,0.814,No
4290,TianHong Hang Seng Technology ETF (QDII),520920.SS,-33.5,0.214,0.137,Yes
4291,ChinaAMC Huaxia Hefei High-Tech Innovation Industrial Park Closed Infrastructure Sec Investment Fund,180102.SZ,-39.78,0.265,0.621,Yes
4292,GuoLian Hang Seng SCHK Technology ETF,159015.SZ,-26.64,0.162,0.662,No
4293,Hwabao WP ChiNext New Energy ETF,159076.SZ,-61.5,0.488,,
4294,"Flat Glass Group Co., Ltd.",601865.SS,-41.58,0.279,1.127,Yes
4295,"Tianjin Yiyi Hygiene Products Co.,Ltd",001206.SZ,-44.36,0.303,0.75,Yes
4296,Wanjia Hang Seng SCHK Automobile ETF,520730.SS,-52.8,0.385,1.858,No
4297,E Fund Hangsheng Technology ETF(QDII),513010.SS,-33.83,0.215,0.11,Yes
4298,Harvest Hang Seng Technology ETF(QDII),159741.SZ,-33.58,0.213,0.128,Yes
4299,GF Hang Seng TECH ETF (QDII),513380.SS,-34.26,0.218,0.135,Yes
4300,"Shenzhen Farben Information Technology Co.,Ltd.",300925.SZ,-47.1,0.327,1.011,Yes
4301,Fujian Aonong Biological Technology Group Incorporation Limited,603363.SS,-39.04,0.255,0.216,No
4302,Hangzhou Honghua Digital Technology Stock Company LTD.,688789.SS,-46.99,0.324,1.3,Yes
4303,China Universal Hangsheng Tech ETF(QDII),513260.SS,-33.77,0.212,0.128,Yes
4304,Guotai CSI HK Connect Technology ETF,513020.SS,-32.0,0.199,0.132,Yes
4305,"Guangdong Hongtu Technology (holdings) Co.,Ltd.",002101.SZ,-33.66,0.211,0.481,Yes
4306,HFT CSI Hong Kong Connect Technology ETF,513860.SS,-32.09,0.199,0.208,Yes
4307,Huatai-PB CSI HK Connect Technology ETF,513150.SS,-31.94,0.198,0.163,Yes
4308,Huatai-PB CSOP HS Tech Id ETF(QDII),513130.SS,-34.07,0.214,0.086,Yes
4309,Fullgoal CSI HKC Technology ETF,520860.SS,-31.89,0.197,0.172,Yes
4310,"Anhui Jialiqi Advanced Composites Technology Co., Ltd.",301586.SZ,-43.05,0.286,1.479,Yes
4311,MotoMotion China Corporation,301061.SZ,-47.8,0.328,0.362,No
4312,"Shanghai Wondertek Software Co., Ltd",603189.SS,-58.01,0.434,0.678,Yes
4313,"Jilin Liyuan Precision Manufacturing Co., Ltd.",002501.SZ,-49.12,0.34,0.81,No
4314,DaCheng CNI Robot ETF,159048.SZ,-63.14,0.495,,
4315,E Fund CSI HK Eq Cnn Intrnt ETF,513040.SS,-47.47,0.324,0.262,No
4316,"Asiainfo Security Technologies Co.,Ltd.",688225.SS,-42.93,0.283,1.147,Yes
4317,DaCheng Hang Seng Technology ETF(QDII),159740.SZ,-34.03,0.21,0.114,Yes
4318,"Shanghai Xiao Fang Pharmaceutical Co.,Ltd.",603207.SS,-30.06,0.18,0.489,Yes
4319,Bosera Hangsheng Technology ETF(QDII),159742.SZ,-34.27,0.211,0.133,Yes
4320,ChinaAMC Hangsheng Tech ETF (QDII),513180.SS,-34.57,0.213,0.122,Yes
4321,"Dongzhu Ecological Environment Protection Co., Ltd.",603359.SS,-72.55,0.627,0.679,No
4322,"Zhejiang Jiecang Linear Motion Technology Co.,Ltd.",603583.SS,-41.48,0.267,0.127,Yes
4323,"Zhejiang TongLi Transmission Technology Co., Ltd.",301255.SZ,-39.22,0.248,0.272,Yes
4324,"GF Fund Management Co.,Ltd. - GF Chengdu Hi-tech Investment Industrial REIT Fund",180106.SZ,-30.7,0.184,0.496,Yes
4325,Penghua CSI HK Connect Technology ETF,159751.SZ,-31.39,0.188,0.195,Yes
4326,"Xinzhi Group Co., Ltd.",002664.SZ,-49.63,0.339,1.854,Yes
4327,China Southern CSI HKC Tech ETF,159269.SZ,-32.54,0.196,0.155,Yes
4328,"Zhejiang XiaSha Precision Manufacturing Co., Ltd.",001306.SZ,-47.36,0.316,1.634,Yes
4329,XINGYIN CSI HKC Technology ETF,513560.SS,-31.92,0.192,0.136,Yes
4330,SonoScape Medical Corp.,300633.SZ,-42.42,0.272,0.333,No
4331,"Jiugui Liquor Co., Ltd.",000799.SZ,-38.01,0.236,0.717,Yes
4332,Guoguang Electric Company Limited,002045.SZ,-49.63,0.335,0.651,Yes
4333,"Shanghai Ruking Technologies Co., Ltd.",301525.SZ,-49.03,0.329,1.798,Yes
4334,Hwaway Technology Corporation Limited,001380.SZ,-36.55,0.224,0.21,Yes
4335,"Bringspring Science and Technology Co., Ltd.",300290.SZ,-75.9,0.671,1.853,Yes
4336,Jiangyin Huaxin Precision Technology Corporation,603370.SS,-37.77,0.232,1.037,Yes
4337,Guotai STAR 50 ETF,589360.SS,-78.19,0.711,,
4338,"Shenzhen Topband Co., Ltd.",002139.SZ,-39.29,0.243,0.554,No
4339,"Xiangtan Electric Manufacturing Co., Ltd.",600416.SS,-48.13,0.316,0.763,Yes
4340,"Anhui Jianghuai Automobile Group Corp.,Ltd.",600418.SS,-60.21,0.439,0.579,Yes
4341,"Foshan Electrical and Lighting Co.,Ltd",200541.SZ,-17.26,0.093,0.113,Yes
4342,Huaan CNI Robot ETF,159039.SZ,-64.09,0.484,,
4343,"Shenzhen Genvict Technologies Co., Ltd.",002869.SZ,-47.66,0.311,0.415,No
4344,"Anhui Kouzi Distillery Co., Ltd.",603589.SS,-42.81,0.269,0.452,No
4345,"Yunnan Metropolitan Real Estate Development Co., Ltd.",600239.SS,-46.33,0.298,0.033,Yes
4346,"ShenZhen Woer Heat-Shrinkable Material Co.,Ltd.",002130.SZ,-44.04,0.278,1.359,Yes
4347,"Beijing Tiantan Biological Products Co., Ltd.",600161.SS,-36.67,0.22,0.43,No
4348,"Zhejiang Sunflower Great Health Co., Ltd.",300111.SZ,-59.51,0.428,0.452,Yes
4349,Chongqing Changan Automobile Company Limited,000625.SZ,-41.85,0.26,0.442,No
4350,"Huatu Cendes CO., LTD",300492.SZ,-54.53,0.372,0.024,No
4351,"Guangdong Enpack Packaging Co., Ltd.",002846.SZ,-43.76,0.273,0.62,Yes
4352,"Ningbo Hicon Industry Technology Co., Ltd.",001237.SZ,-67.42,0.52,2.555,Yes
4353,"Anhui Strong State New Materials Co., Ltd.",001279.SZ,-32.13,0.185,0.873,Yes
4354,"China Resources Boya Bio-pharmaceutical Group Co.,Ltd",300294.SZ,-41.08,0.251,0.047,Yes
4355,Hwabao WP CNI New Energy Battery ETF,159071.SZ,-72.29,0.589,,
4356,"Mango Excellent Media Co., Ltd.",300413.SZ,-52.02,0.344,0.015,Yes
4357,"Nanjing Hicin Pharmaceutical Co., Ltd.",300584.SZ,-45.15,0.282,0.479,Yes
4358,"Hanyu Group Joint-Stock Co., Ltd.",300403.SZ,-38.8,0.232,0.726,Yes
4359,"Jiangxi Lian Chuang Optoelectronic Science And Technology Co.,lTd.",600363.SS,-71.45,0.573,1.826,Yes
4360,"Hongta Securities Co., Ltd.",601236.SS,-20.37,0.108,0.037,No
4361,China Southern CSI All Shr Automobl ETF,516840.SS,-55.85,0.378,1.985,No
4362,"Sunward Intelligent Equipment Co., Ltd.",002097.SZ,-42.57,0.259,0.547,Yes
4363,"Beijing Wantai Biological Pharmacy Enterprise Co., Ltd.",603392.SS,-49.25,0.315,0.587,No
4364,China Railway Harbin Group of Technology Corporation,688459.SS,-21.34,0.113,0.373,Yes
4365,"Suzhou Veichi Electric Co., Ltd.",688698.SS,-54.5,0.363,1.077,Yes
4366,"OmniVision Integrated Circuits Group, Inc.",603501.SS,-45.33,0.28,1.223,Yes
4367,"Suzhou West Deane New Power Electric Co.,Ltd.",603312.SS,-36.69,0.213,0.825,Yes
4368,"Shandong Yuma Sun-shading Technology Corp., Ltd.",300993.SZ,-42.73,0.259,1.008,Yes
4369,"Inner Mongolia First Machinery Group Co.,Ltd.",600967.SS,-41.38,0.248,0.226,Yes
4370,"Yuneng Technology Co., Ltd.",688348.SS,-49.03,0.309,0.378,No
4371,"Zhongshan Broad-Ocean Motor Co., Ltd.",002249.SZ,-41.14,0.244,0.737,Yes
4372,"Chengdu Jiachi Electronic Technology Co., Ltd.",688708.SS,-42.69,0.255,1.039,Yes
4373,"Hefei Hengxin Life Science and Technology Co., Ltd.",301501.SZ,-40.58,0.239,0.08,Yes
4374,"Yangzhou Huitong Technology Corp., Ltd.",301601.SZ,-48.03,0.297,1.085,Yes
4375,"Keli Motor Group Co., Ltd.",002892.SZ,-38.73,0.224,0.063,Yes
4376,"Tongwei Co.,Ltd",600438.SS,-48.7,0.303,0.634,Yes
4377,"Tianshan Material Co., Ltd.",000877.SZ,-38.98,0.226,0.087,No
4378,"Jiangsu Yanghe Distillery Co., Ltd.",002304.SZ,-42.07,0.248,0.804,No
4379,Xinyuan SSE STAR AI ETF,589310.SS,-67.24,0.494,,
4380,TianHong CSI Artificial Intelligence ETF,561460.SS,-67.88,0.503,,
4381,"Wingtech Technology Co.,Ltd",600745.SS,-58.82,0.395,0.569,Yes
4382,"Ningbo Daye Garden Machinery Co.,Ltd.",300879.SZ,-51.94,0.328,0.409,No
4383,"Windey Energy Technology Group Co., Ltd.",300772.SZ,-49.93,0.31,0.37,No
4384,"Beijing Konruns Pharmaceutical Co.,Ltd.",603590.SS,-44.2,0.262,0.355,Yes
4385,"Zhejiang Tion Vanly Tech. Co., Ltd.",603210.SS,-34.55,0.192,0.465,Yes
4386,"Shanghai Aohua Photoelectricity Endoscope Co., Ltd.",688212.SS,-43.35,0.255,0.984,Yes
4387,"Super Telecom Co.,Ltd",603322.SS,-52.3,0.329,1.196,Yes
4388,"SuZhou THVOW Technology. Co., Ltd.",002564.SZ,-52.19,0.328,0.808,Yes
4389,"Shanghai Supezet Engineering Technology Corp., Ltd.",688121.SS,-81.99,0.731,1.005,Yes
4390,ArcSoft Corporation Limited,688088.SS,-48.73,0.297,1.542,Yes
4391,"Shanghai Material Trading Co., Ltd.",900927.SS,-24.99,0.13,0.286,Yes
4392,AVIC ESR Warehouse and Logistics,508078.SS,-34.56,0.19,0.954,Yes
4393,"Zhejiang Mustang Battery Co.,Ltd",605378.SS,-46.44,0.278,0.881,Yes
4394,"Wuliangye Yibin Co.,Ltd.",000858.SZ,-39.06,0.221,0.798,No
4395,"Beijing Watertek Information Technology Co., Ltd.",300324.SZ,-45.67,0.269,1.0,Yes
4396,"Shanghai Fosun Pharmaceutical (Group) Co., Ltd.",600196.SS,-25.03,0.129,0.451,No
4397,"Cre8 Direct (NingBo) Co., Ltd.",300703.SZ,-54.54,0.345,0.864,Yes
4398,Sichuan Chengfei Integration Technology Corp.Ltd,002190.SZ,-42.96,0.248,0.964,Yes
4399,"China Galaxy Securities Co., Ltd.",601881.SS,-29.98,0.158,0.435,Yes
4400,"Zhejiang Jingxin Pharmaceutical Co., Ltd.",002020.SZ,-37.6,0.208,0.951,No
4401,"Hanma Technology Group Co.,Ltd.",600375.SS,-53.28,0.332,0.446,Yes
4402,"Shenzhen Goodix Technology Co., Ltd.",603160.SS,-37.96,0.211,1.357,Yes
4403,"Zhejiang Songyuan Automotive Safety Systems Co.,Ltd.",300893.SZ,-48.98,0.294,0.937,Yes
4404,"Daming Electronics Co.,Ltd.",603376.SS,-40.08,0.223,0.089,Yes
4405,"Shanghai Amarsoft Information & Technology Co.,Ltd",300380.SZ,-41.02,0.229,1.05,Yes
4406,"CITIC Offshore Helicopter Co., Ltd.",000099.SZ,-38.7,0.212,0.82,Yes
4407,"Chongqing Baiya Sanitary Products Co., Ltd.",003006.SZ,-47.14,0.274,0.766,Yes
4408,Huaan CSI SHS Technical 100 ETF,517360.SS,-23.54,0.116,0.241,Yes
4409,Hanwei Electronics Group Corporation,300007.SZ,-50.82,0.297,1.604,Yes
4410,"Xinjiang Daqo New Energy Co.,Ltd.",688303.SS,-43.02,0.236,0.269,Yes
4411,"Jiangsu Sinopep-Allsino Biopharmaceutical Co., Ltd.",688076.SS,-33.85,0.175,0.482,Yes
4412,"Sany Renewable Energy Co.,Ltd.",688349.SS,-42.55,0.233,0.485,Yes
4413,"Jiangsu NanFang Precision Co.,Ltd.",002553.SZ,-48.58,0.277,0.639,Yes
4414,"Shenzhen V&T Technologies Co., Ltd.",300484.SZ,-41.93,0.227,1.055,Yes
4415,"Cabio Biotech (Wuhan) Co., Ltd.",688089.SS,-67.1,0.452,1.546,Yes
4416,"TianJin 712 Communication & Broadcasting Co., Ltd.",603712.SS,-47.44,0.267,0.9,Yes
4417,"China Vanke Co., Ltd.",000002.SZ,-55.19,0.33,0.095,Yes
4418,"Landai Technology Group Corp., Ltd.",002765.SZ,-50.88,0.293,0.815,Yes
4419,"Heilongjiang Interchina Water Treatment Co.,Ltd",600187.SS,-52.93,0.31,0.293,Yes
4420,"JA Solar Technology Co., Ltd.",002459.SZ,-48.06,0.27,0.879,Yes
4421,Hansong (Nanjing) Technology Limited,301491.SZ,-43.67,0.238,0.798,Yes
4422,GuangZhou Wahlap Technology Corporation Limited,301011.SZ,-47.83,0.268,0.307,No
4423,"Hebei Huijin Group Co., Ltd.",300368.SZ,-51.75,0.298,0.436,No
4424,"Shijiazhuang ChangShan BeiMing Technology Co.,Ltd",000158.SZ,-45.77,0.251,0.5,Yes
4425,"Yinchuan Weili Transmission Technology Co., Ltd.",300904.SZ,-50.4,0.287,0.785,Yes
4426,"Gambol Pet Group Co., Ltd.",301498.SZ,-59.46,0.366,0.219,Yes
4427,"Lutian Machinery Co., Ltd.",605259.SS,-30.54,0.151,0.032,Yes
4428,"Shenzhen Bingchuan Network Co.,Ltd.",300533.SZ,-43.46,0.234,1.414,Yes
4429,Autosun Electric SZ Inc.,002227.SZ,-49.27,0.276,0.519,Yes
4430,"Tsann Kuen (China) Enterprise Co., Ltd.",200512.SZ,-32.1,0.159,0.215,Yes
4431,"Zhejiang Zomax Transmission Co., Ltd.",603767.SS,-48.91,0.27,0.411,Yes
4432,"Gotion High-tech Co.,Ltd.",002074.SZ,-43.85,0.233,0.166,Yes
4433,"Zhejiang FORE Intelligent Technology Co.,Ltd",301368.SZ,-47.19,0.256,0.906,Yes
4434,"Shuanglin Co., Ltd.",300100.SZ,-52.24,0.295,1.143,Yes
4435,"Baotou INST Magnetic New Materials Co., Ltd.",301622.SZ,-52.0,0.293,1.053,Yes
4436,"Ningbo Henghe Precision Industry Co.,Ltd.",300539.SZ,-60.58,0.367,1.655,Yes
4437,"Jiangsu Haili Wind Power Equipment Technology Co., Ltd.",301155.SZ,-58.85,0.349,0.237,Yes
4438,"Huadong Medicine Co., Ltd",000963.SZ,-34.48,0.168,0.571,No
4439,Penghua CSI General Aviation Theme ETF,563870.SS,-45.94,0.243,1.319,Yes
4440,"Aishida Co., Ltd",002403.SZ,-38.42,0.191,0.435,Yes
4441,"Nanjing LES Information Technology Co., Ltd.",688631.SS,-56.18,0.32,1.733,Yes
4442,"Shandong Nanshan Fashion Sci-Tech Co., Ltd.",300918.SZ,-52.36,0.288,1.281,Yes
4443,"Guangzhou Jiacheng International Logistics Co.,Ltd.",603535.SS,-46.58,0.243,0.183,Yes
4444,"Bio-Thera Solutions, Ltd.",688177.SS,-38.58,0.19,0.209,Yes
4445,"Linkage Software Co., LTD",688588.SS,-49.21,0.261,0.837,Yes
4446,"Beijing Compass Technology Development Co., Ltd.",300803.SZ,-50.17,0.267,1.288,Yes
4447,"Piesat Information Technology Co., Ltd.",688066.SS,-76.77,0.541,2.035,Yes
4448,Huatai-PB CSI Battery Thematic ETF,560910.SS,-62.42,0.369,1.968,Yes
4449,"Wuxi Longsheng Technology Co.,Ltd",300680.SZ,-58.94,0.334,1.033,Yes
4450,"Shen Zhen Australis Electronic Technology Co.,Ltd.",300940.SZ,-53.2,0.287,1.025,Yes
4451,"China Great Wall Securities Co.,Ltd.",002939.SZ,-29.91,0.136,0.382,Yes
4452,China Fund Management Co Ltd - China First Agricultural Food Group Reits Fund,508601.SS,-14.5,0.06,,
4453,"Beijing Aosaikang Pharmaceutical Co., Ltd.",002755.SZ,-46.07,0.231,0.162,Yes
4454,"ZHEJIANG NARADA POWER SOURCE Co. , Ltd.",300068.SZ,-78.65,0.555,0.262,No
4455,Penghua CSI Battery Thematic ETF,560410.SS,-57.54,0.316,1.96,Yes
4456,"Jiangsu Changshu Automotive Trim Group Co., Ltd.",603035.SS,-39.42,0.187,0.195,Yes
4457,"Eastroc Beverage (Group) Co., Ltd.",605499.SS,-49.42,0.25,0.183,No
4458,"Zhuhai Huafa Properties Co.,Ltd",600325.SS,-58.45,0.319,0.022,Yes
4459,Shanghai DZH Limited,601519.SS,-46.73,0.23,0.827,Yes
4460,"Chengdu Kanghong Pharmaceutical Group Co., Ltd",002773.SZ,-44.85,0.217,0.783,No
4461,"Suning.com Co., Ltd.",002024.SZ,-33.41,0.149,0.212,No
4462,"Inner Mongolia Shuangxin Environmental Protection Materials Co., Ltd.",001369.SZ,-33.39,0.147,0.235,No
4463,Shangshui Smartech Ltd.,301513.SZ,-78.22,0.524,3.168,Yes
4464,"Isvision (Hangzhou) Technology Co., Ltd.",688816.SS,-56.91,0.295,1.214,Yes
4465,"IKD Co., Ltd.",600933.SS,-40.76,0.183,0.868,Yes
4466,Shenzhen H&T Intelligent Control Co.Ltd,002402.SZ,-62.01,0.331,1.652,Yes
4467,"Bestechnic (Shanghai) Co., Ltd.",688608.SS,-51.08,0.246,0.181,No
4468,"Touchstone International Medical Science Co., Ltd.",688013.SS,-57.34,0.291,0.753,Yes
4469,"KEBODA TECHNOLOGY Co., Ltd.",603786.SS,-63.04,0.334,0.137,Yes
4470,"Zhejiang Wanfeng Auto Wheel Co., Ltd.",002085.SZ,-43.41,0.191,0.688,Yes
4471,Guosheng Securities Inc,002670.SZ,-52.26,0.244,0.399,No
4472,"Mabwell (Shanghai) Bioscience Co., Ltd.",688062.SS,-44.12,0.19,0.328,No
4473,"Guangdong Provincial Academy of Building Research Group Co., Ltd.",301632.SZ,-53.96,0.251,0.621,Yes
4474,Hinova Pharmaceuticals Inc.,688302.SS,-39.74,0.165,0.347,Yes
4475,"Changhong Meiling Co., Ltd.",000521.SZ,-31.36,0.118,0.335,Yes
4476,Huatai-PB CSI Household Appliances ETF,512430.SS,-23.99,0.086,0.352,Yes
4477,"Wuxi Rich Intelligent Equipment Co., Ltd.",301599.SZ,-80.77,0.483,2.818,Yes
4478,Shandong Zhonglu Oceanic Fisheries Company Limited,200992.SZ,-33.85,0.125,0.331,Yes
4479,"Chongqing Zhixin Industrial Co., Ltd",603352.SS,-58.63,0.256,0.101,Yes
4480,"Kunshan Huguang Auto Harness Co.,Ltd.",605333.SS,-55.85,0.237,0.082,Yes
4481,Taiji Computer Corporation Limited,002368.SZ,-51.33,0.201,0.204,No
4482,E Fund Management Co. Ltd - E Fund Guangzhou Development Zone Close-end Infrastructure Fund,180105.SZ,-41.53,0.148,0.396,Yes
4483,Arashi Vision Inc.,688775.SS,-61.67,0.256,0.652,Yes
4484,"Suzhou Inovance Automotive Co., Ltd.",301656.SZ,-52.98,0.198,0.46,Yes
4485,"Seres Group Co.,Ltd",601127.SS,-72.33,0.315,0.13,No
4486,"Shanghai Electric Wind Power Group Co., Ltd.",688660.SS,-69.79,0.244,0.067,Yes
4487,"Wuhu Atech Automotive Co., Ltd.",603293.SS,-62.01,0.174,1.033,Yes
4488,"Hangzhou Fuen Co., Ltd",001312.SZ,-55.94,0.139,0.515,Yes
4489,"Tianhai Auto Electronics Group Co., Ltd.",001365.SZ,-64.0,0.168,0.343,Yes
4490,Eastmoney CSI Construction Mchn Thm ETF,159161.SZ,-31.08,0.055,,
4491,"Zhuhai Trinomab Pharmaceutical Co., Ltd.",688806.SS,-47.16,,,
4492,ChinaAMC CSI STAR&CHINEXT AI ETF,588510.SS,18.27,,,
4493,BOCI CSI STAR&CHINEXT AI ETF,588530.SS,7.94,,,
4494,Harvest SSE STAR AI ETF,589410.SS,22.0,,,
4495,China Southern CSI All Share Food ETF,515840.SS,-1.15,,,
4496,China Southern CSI Const Machnry Thm ETF,516440.SS,-36.09,,,
4497,Huaan CSI Hong Kong Connect Internet ETF,520740.SS,-65.03,,,
4498,CMF CSI All Share Food ETF,561020.SS,-3.58,,,
4499,Ping An CSI Rare Metals Industry ETF,561390.SS,10.42,,,
4500,Xinyuan CSI Livestock Breeding Ind ETF,561400.SS,38.04,,,
4501,Huatai-PB S&P CN A LC Lw Vl Hg Dv 50 ETF,561450.SS,-34.75,,,
4502,Caitong Secs CSI All Shr Div Quality ETF,561490.SS,5.98,,,
4503,Huatai-PB CSI All Share Div Quality ETF,561630.SS,2.31,,,
4504,Huatai-PB CSI All Shr Health Cr Dvc ETF,561810.SS,10.55,,,
4505,"E Fund Management Co., Ltd. - Photovoltaic Industry Fund",562970.SS,36.53,,,
4506,AVIC-CNNC Huineng New Energy Closed-end Infrastructure Securities Investment Fund,508030.SS,24.59,,,
4507,Huaan CSI Construction Machinery Thm ETF,512420.SS,-35.01,,,
4508,China Southern CNI Aerospace ETF,158009.SZ,37.3,,,
4509,DaCheng CSI All Share Electric Utlt ETF,159059.SZ,-34.98,,,
4510,Huatai-PB ChiNext New Energy ETF,159069.SZ,24.16,,,
4511,ChinaAMC CSI Industrial Internet Thm ETF,159075.SZ,69.38,,,
4512,Xinyuan CSI Battery Thematic ETF,159077.SZ,-54.31,,,
4513,AIFMC CNI Value 100 ETF,159079.SZ,-13.42,,,
4514,Maxwealth CNI Value 100 ETF,159085.SZ,-12.83,,,
4515,GF CSI Fintech Theme ETF,159086.SZ,28.07,,,
4516,E Fund CSI HKC Mainland Financials ETF,159091.SZ,9.23,,,
4517,Hwabao WP CSI Cloud Computing 50 ETF,159099.SZ,51.01,,,
4518,China Resources New Energy Holdings Company Limited,001248.SZ,-57.62,,,
