Rank,Name,Ticker,Return (%),Risk,Volatility,Follows Market Direction ?
1,TwentyFour Select Monthly Income Fund Limited,SMIFL.XC,0.08,0.0,0.0,Yes
2,Danske Bank A/S,0NVC.IL,56.03,0.077,0.146,Yes
3,Kuehne + Nagel International AG,0QMW.IL,59.93,0.082,0.03,No
4,Luzerner Kantonalbank AG,LUKNZ.XC,52.52,0.079,0.058,Yes
5,AIB Group plc,AIBGL.XC,66.4,0.101,0.41,No
6,Swedbank AB (publ),SWEDAS.XC,52.0,0.097,0.09,Yes
7,Svenska Handelsbanken AB (publ),0R7R.IL,43.24,0.083,0.381,Yes
8,iShares Physical Gold ETC,SGLNL.XC,113.15,0.179,0.033,Yes
9,Orange Belgium S.A.,0FBS.IL,19.09,0.042,0.007,Yes
10,"Banco Santander, S.A.",BNCL.XC,36.62,0.077,,
11,Tufton Assets Limited,SHIP.L,33.51,0.072,0.098,Yes
12,New Star Investment Trust Ord,NSI.L,24.31,0.056,0.239,Yes
13,Svenska Handelsbanken AB (publ),SHBAS.XC,43.27,0.095,0.332,Yes
14,Danske Bank A/S,DANSKC.XC,54.13,0.116,0.4,Yes
15,Swedbank AB (publ),0H6T.IL,51.29,0.111,0.037,Yes
16,Costain Group PLC,COST.L,81.36,0.168,0.749,Yes
17,Jyske Bank A/S,0MGD.IL,64.86,0.144,0.859,Yes
18,Georgia Capital PLC,CGEOL.XC,102.47,0.205,0.529,Yes
19,BlackRock American Income Trust Ord,BRAI.L,34.76,0.086,0.45,Yes
20,Keller Group plc,KLR.L,117.93,0.229,1.383,Yes
21,Georgia Capital PLC,CGEO.L,96.18,0.202,0.633,Yes
22,Keller Group plc,KLRL.XC,116.29,0.235,1.405,Yes
23,ATC Music Group plc,ATC.L,71.13,0.167,0.211,Yes
24,Costain Group PLC,COSTL.XC,81.93,0.189,1.003,Yes
25,SSAB AB (publ),SSABBS.XC,117.94,0.25,1.198,Yes
26,Octave Intelligence plc,OCTVS.XC,94.23,0.226,0.87,Yes
27,ageas SA/NV,0Q99.IL,39.96,0.114,0.311,Yes
28,Investor AB (publ),INVEBS.XC,57.39,0.155,1.114,Yes
29,JCDecaux SE,0MGO.IL,72.8,0.189,0.314,Yes
30,"CaixaBank, S.A.",0ILK.IL,61.59,0.166,0.061,Yes
31,SSAB AB (publ),0MHZ.IL,116.04,0.27,1.218,Yes
32,"CaixaBank, S.A.",CABKE.XC,64.32,0.173,0.023,Yes
33,EVN AG,0EEI.IL,30.86,0.096,0.495,Yes
34,Gore Street Energy Storage Fund Plc,GSFL.XC,0.15,0.001,0.001,No
35,ASR Nederland N.V.,0RHS.IL,36.62,0.112,0.297,Yes
36,"Sonae, SGPS, S.A.",0ML0.IL,64.31,0.182,1.222,Yes
37,SSAB AB (publ),0KII.IL,106.68,0.272,1.209,Yes
38,WisdomTree Broad Commodities,AGCPL.XC,48.66,0.147,0.229,No
39,"Banco Comercial Português, S.A.",0RJN.IL,62.76,0.181,0.343,Yes
40,Balfour Beatty plc,BBY.L,41.68,0.129,0.339,Yes
41,Emmi AG,EMMNZ.XC,30.76,0.1,0.148,Yes
42,Walliser Kantonalbank,WKBNZ.XC,30.14,0.098,0.317,No
43,WisdomTree Zinc,ZINC.L,42.14,0.134,0.209,Yes
44,Man Group Plc,EMGL.XC,86.05,0.239,1.031,Yes
45,Swedish Orphan Biovitrum AB (publ),0MTD.IL,74.97,0.216,1.193,Yes
46,"Logista Integral, S.A.",0QWA.IL,37.23,0.122,0.598,Yes
47,Berner Kantonalbank AG,BEKNZ.XC,67.47,0.2,0.335,Yes
48,Balfour Beatty plc,BBYL.XC,40.09,0.13,0.376,Yes
49,"Banco Bilbao Vizcaya Argentaria, S.A.",BBVAE.XC,71.55,0.211,0.508,Yes
50,Man Group Plc,EMG.L,86.66,0.245,1.127,Yes
51,Storebrand ASA,0NO0.IL,45.04,0.146,0.792,Yes
52,Bristol-Myers Squibb Company,0R1F.IL,64.76,0.198,0.913,Yes
53,Invesco Physical Markets plc - Invesco Physical Gold II ETC,GOLD.L,116.41,0.311,,
54,St. Galler Kantonalbank AG,SGKNZ.XC,37.06,0.125,0.035,Yes
55,"Endesa, S.A.",0N9G.IL,74.37,0.224,0.742,Yes
56,NN Group N.V.,0QVV.IL,42.52,0.143,0.566,Yes
57,RTW Biotech Opportunities Ltd,RTW.L,74.87,0.228,0.581,Yes
58,Cloetta AB (publ),0N7X.IL,89.15,0.261,1.1,Yes
59,RTW Biotech Opportunities Ltd,RTWL.XC,75.7,0.23,0.48,Yes
60,Greencoat Renewables PLC,GRPL.XC,10.41,0.04,0.021,Yes
61,Personal Assets Trust plc,PNLL.XC,0.01,0.0,0.0,No
62,Foresight Solar Fund Limited,FSFLL.XC,0.11,0.0,0.001,Yes
63,GCP Infrastructure Investments Limited,GCPL.XC,0.11,0.0,0.0,Yes
64,The Renewables Infrastructure Group Limited,TRIGL.XC,0.09,0.0,0.0,Yes
65,JPMorgan China Growth & Income plc,JCGIL.XC,0.07,0.0,0.001,Yes
66,Sequoia Economic Infrastructure Income Fund Limited,SEQIL.XC,0.1,0.0,0.001,Yes
67,AEW UK REIT plc,AEWUL.XC,0.09,0.0,0.001,Yes
68,Invesco Bond Income Plus Ltd,BIPSL.XC,0.08,0.0,0.001,Yes
69,Target Healthcare REIT PLC,THRLL.XC,0.08,0.0,0.0,Yes
70,Henderson Far East Income Limited,HFELL.XC,0.12,0.0,0.002,Yes
71,Octopus Renewables Infrastructure Trust plc,ORITL.XC,0.09,0.0,0.0,Yes
72,Artemis UK Future Leaders plc,AFLL.XC,0.04,0.0,0.0,Yes
73,HICL Infrastructure PLC,HICLL.XC,0.07,0.0,0.002,No
74,CT Private Equity Trust PLC,CTPEL.XC,0.07,0.0,0.001,Yes
75,International Public Partnerships Limited,INPPL.XC,0.07,0.0,0.0,Yes
76,Aberdeen Asia Focus PLC,AASL.XC,0.02,0.0,0.0,Yes
77,STS Global Income & Growth Trust plc,STSL.XC,0.04,0.0,0.0,Yes
78,The Merchants Trust Plc,MRCHL.XC,0.06,0.0,0.001,Yes
79,JPMorgan UK Small Cap Growth & Income Plc,JUGIL.XC,0.05,0.0,0.0,Yes
80,Utilico Emerging Markets Trust PLC,UEML.XC,0.05,0.0,0.001,No
81,The Bankers Investment Trust PLC,BNKRL.XC,0.03,0.0,0.0,Yes
82,Aberdeen Equity Income Trust plc,AEIL.XC,0.08,0.0,0.001,Yes
83,Alliance Witan Plc,ALWL.XC,0.03,0.0,0.0,Yes
84,Greencoat Uk Wind Plc,UKWL.XC,0.09,0.0,0.0,Yes
85,Temple Bar Investment Trust PLC,TMPLL.XC,0.06,0.0,0.002,No
86,Ecofin Global Utilities and Infrastructure Trust plc,EGLL.XC,0.05,0.0,0.001,Yes
87,3M Company,0QNY.IL,2.58,0.01,0.006,Yes
88,JPMorgan Global Growth & Income plc,JGGIL.XC,0.04,0.0,0.001,No
89,AIB Group plc,AIBG.L,45.01,0.151,0.379,No
90,The Brunner Investment Trust PLC,BUTL.XC,0.02,0.0,0.0,Yes
91,BlackRock Latin American Investment Trust plc,BRLAL.XC,0.08,0.0,0.001,Yes
92,Montanaro UK Smaller Companies Investment Trust PLC,MTUL.XC,0.07,0.0,0.001,Yes
93,"Pershing Square Holdings, Ltd.",PSHL.XC,0.02,0.0,0.0,Yes
94,The Edinburgh Investment Trust plc,EDINL.XC,0.05,0.0,0.0,Yes
95,Schroder Japan Trust plc,SJGL.XC,0.05,0.0,0.0,No
96,JPMorgan European Growth & Income plc,JEGIL.XC,0.06,0.0,0.001,Yes
97,Tritax Big Box REIT plc,BBOXL.XC,0.07,0.0,0.002,No
98,The Scottish American Investment Company P.L.C.,SAINL.XC,0.04,0.0,0.0,Yes
99,NextEnergy Solar Fund Limited,NESFL.XC,0.12,0.0,0.0,Yes
100,Graubündner Kantonalbank,GRKPZ.XC,66.41,0.209,0.062,Yes
101,CVC Income & Growth Limited,CVCGL.XC,0.09,0.0,0.0,Yes
102,Invesco Asia Dragon Trust plc,IADL.XC,0.05,0.0,0.001,Yes
103,Aberdeen Asian Income Fund Limited,AAIFL.XC,0.09,0.0,0.001,Yes
104,CQS Natural Resources Growth and Income plc,CYNL.XC,0.16,0.001,0.003,Yes
105,JPMorgan Claverhouse Investment Trust plc,JCHL.XC,0.06,0.0,0.001,Yes
106,JPMorgan Asia Growth & Income plc,JAGIL.XC,0.09,0.0,0.001,Yes
107,UIL Finance Limited,UTLI.L,10.91,0.042,0.114,Yes
108,Murray Income Trust PLC,MUTL.XC,0.06,0.0,0.0,Yes
109,F&C Investment Trust PLC,FCITL.XC,0.02,0.0,0.0,Yes
110,JPMorgan Emerging Markets Growth & Income plc,JMGIL.XC,0.06,0.0,0.001,Yes
111,ISS A/S,0QRS.IL,54.03,0.18,0.464,No
112,Telecom Italia S.p.A.,0H6I.IL,91.45,0.274,1.081,Yes
113,Investec Plc,INVR.L,9.21,0.036,0.173,Yes
114,Van Lanschot Kempen NV,VLKA.XC,47.26,0.163,0.179,No
115,ASR Nederland N.V.,ASRNLA.XC,31.64,0.115,0.387,Yes
116,BAWAG Group AG,0RVE.IL,76.96,0.243,0.14,Yes
117,AB Industrivärden (publ),0H13.IL,57.82,0.193,1.479,Yes
118,Chesnara plc,CSNL.XC,36.98,0.133,0.777,Yes
119,Aker Solutions ASA,0QXP.IL,87.58,0.271,0.398,No
120,"Unicaja Banco, S.A.",0RR7.IL,68.52,0.225,0.305,Yes
121,Murray International Trust PLC,MYIL.XC,0.05,0.0,0.001,Yes
122,Dunedin Income Growth Investment Trust PLC,DIGL.XC,0.08,0.0,0.0,Yes
123,Colefax Group PLC,CFX.L,78.88,0.253,0.429,Yes
124,Jyske Bank A/S,JYSKC.XC,66.14,0.222,1.177,Yes
125,Attendo AB (publ),0RCY.IL,86.0,0.273,0.747,Yes
126,Gresham House Energy Storage Ord,GRID.L,50.71,0.179,0.23,No
127,BioPharma Credit PLC,BPCRL.XC,19.13,0.077,0.435,Yes
128,Liechtensteinische Landesbank Aktiengesellschaft,LLBNZ.XC,65.25,0.224,0.137,No
129,Odyssean Investment Trust Ord,OIT.L,54.4,0.194,1.231,Yes
130,OMV Aktiengesellschaft,0MKH.IL,68.02,0.233,0.278,No
131,Glencore plc,GLEN.L,89.76,0.289,0.459,Yes
132,AIB Group plc,A5GI.XC,52.86,0.192,1.205,No
133,Glencore plc,GLENL.XC,88.07,0.288,0.387,Yes
134,WisdomTree Copper,COPB.L,37.01,0.142,0.763,Yes
135,Getlink SE,0P72.IL,27.51,0.109,0.363,Yes
136,Storebrand ASA,STBO.XC,36.58,0.141,0.991,Yes
137,Getlink SE,GETP.XC,34.25,0.133,0.306,No
138,Nordnet AB (publ),SAVES.XC,42.83,0.162,0.676,No
139,AB Industrivärden (publ),0MHU.IL,56.82,0.206,1.639,Yes
140,Unipol Assicurazioni S.p.A.,UNIM.XC,74.39,0.256,1.365,Yes
141,Veidekke ASA,0GF6.IL,47.37,0.177,0.509,Yes
142,DHL AG,0H3Q.IL,65.53,0.232,1.209,Yes
143,Banque Cantonale Vaudoise,BCVNZ.XC,45.36,0.172,0.151,Yes
144,"Construcciones y Auxiliar de Ferrocarriles, S.A.",0RKF.IL,48.92,0.183,0.825,Yes
145,"Sonae, SGPS, S.A.",SONU.XC,55.92,0.205,0.939,Yes
146,RWE Aktiengesellschaft,0HA0.IL,70.79,0.249,0.228,Yes
147,City of London Investment Group Plc,CLIG.L,33.73,0.134,0.672,Yes
148,DHL AG,DHLD.XC,62.99,0.227,1.126,Yes
149,BPER Banca SpA,0MU6.IL,69.2,0.246,0.92,Yes
150,BioPharma Credit Ord,BPCR.L,17.73,0.075,0.455,Yes
151,TGS ASA,0MSJ.IL,105.07,0.339,0.073,Yes
152,RWE Aktiengesellschaft,RWED.XC,77.51,0.27,0.334,No
153,TwentyFour Income Fund Limited,TFIFL.XC,0.11,0.001,0.001,Yes
154,BASF SE,BASD.XC,28.79,0.118,0.012,Yes
155,Glanbia plc,GLB.L,71.91,0.256,0.473,Yes
156,Molten Ventures Plc,GROW.L,102.42,0.337,0.028,No
157,Van Lanschot Kempen NV,0O4B.IL,45.21,0.176,0.313,Yes
158,City of London Investment Group Plc,CLIGL.XC,34.73,0.141,0.792,Yes
159,"Banco Santander, S.A.",SANE.XC,55.5,0.211,0.811,Yes
160,HOCHTIEF Aktiengesellschaft,0EPW.IL,113.68,0.369,0.946,Yes
161,Hiscox Ltd,HSX.L,39.77,0.16,0.307,Yes
162,DKSH Holding AG,DKSHZ.XC,32.18,0.133,0.871,Yes
163,Subsea 7 S.A.,0OGK.IL,89.19,0.31,0.268,No
164,Telecom Italia S.p.A.,TITM.XC,91.35,0.316,1.559,Yes
165,Schroder Oriental Income Fund Limited,SOIL.XC,0.05,0.0,0.0,Yes
166,Assicurazioni Generali S.p.A.,0K78.IL,42.65,0.172,0.539,Yes
167,ISS A/S,ISSC.XC,67.61,0.252,0.321,No
168,Amundi S.A.,AMUNP.XC,60.83,0.232,1.189,Yes
169,KBC Group NV,0EYG.IL,42.93,0.174,0.627,Yes
170,"Acerinox, S.A.",0OIQ.IL,81.93,0.296,1.332,Yes
171,WisdomTree Copper,COPAL.XC,39.14,0.163,0.792,Yes
172,WisdomTree Copper IE ETC,COPR.L,38.86,0.163,0.798,Yes
173,Rio Tinto Group,RIO.L,68.63,0.262,1.209,Yes
174,ABN AMRO Bank N.V.,0RDM.IL,71.62,0.272,0.174,No
175,WisdomTree Copper,COPA.L,38.54,0.163,0.82,Yes
176,Invesco Physical Markets plc - Invesco Physical Gold II ETC,GOLX.L,90.57,0.327,,
177,Hiscox Ltd,HSXL.XC,39.48,0.167,0.266,Yes
178,Rio Tinto Group,RIOL.XC,68.17,0.262,1.226,Yes
179,Saipem SpA,0RPI.IL,111.29,0.382,0.197,Yes
180,Custodian Property Income REIT plc,CREIL.XC,0.06,0.0,0.0,No
181,The European Smaller Companies Trust PLC,ESCTL.XC,0.05,0.0,0.001,Yes
182,VH Global Energy Infrastructure PLC,ENRGL.XC,0.07,0.0,0.001,No
183,JPMorgan Emerging Markets Dividend Income plc,JEMIL.XC,0.04,0.0,0.001,No
184,Living REIT plc,LIVEL.XC,0.08,0.0,0.001,Yes
185,Patria Private Equity Trust plc,PPETL.XC,0.03,0.0,0.001,No
186,Amundi S.A.,0RDX.IL,57.48,0.229,1.219,Yes
187,Polar Capital Global Financials Trust plc,PCFTL.XC,0.04,0.0,0.001,Yes
188,Trane Technologies plc,0Y2S.IL,3.87,0.019,0.083,No
189,Regional REIT Limited,RGLL.XC,0.06,0.0,0.001,Yes
190,GE Aerospace,0ADN.IL,0.7,0.003,0.011,No
191,Diploma PLC,DPLML.XC,44.09,0.185,0.246,Yes
192,"Enagás, S.A.",0EBQ.IL,40.88,0.174,0.52,No
193,BlackRock Energy and Resources Income Trust plc,BERIL.XC,0.04,0.0,0.0,Yes
194,BHP Group Limited,BHP.L,89.83,0.329,1.842,Yes
195,CT UK Capital And Income Investment Trust Plc,CTUKL.XC,0.04,0.0,0.001,No
196,BlackRock World Mining Trust plc,BRWML.XC,0.04,0.0,0.001,No
197,Diploma PLC,DPLM.L,44.38,0.187,0.206,Yes
198,Subsea 7 S.A.,SUBCO.XC,107.29,0.379,0.539,Yes
199,BHP Group Limited,BHPL.XC,90.05,0.333,1.861,Yes
200,EMS-CHEMIE HOLDING AG,EMSNZ.XC,52.6,0.218,0.794,Yes
201,Residential Secure Income plc,RESIL.XC,0.07,0.0,0.001,No
202,BW LPG Limited,0QIX.IL,1.15,0.006,0.026,No
203,CoreShares Copper ETC,CPER.L,35.46,0.156,0.772,Yes
204,SpareBank 1 Nord-Norge,0J1N.IL,32.34,0.144,0.06,No
205,WisdomTree Industrial Metals,INDU.L,26.86,0.123,0.28,Yes
206,Neste Oyj,NESTEH.XC,115.71,0.406,1.364,No
207,Assicurazioni Generali S.p.A.,GM.XC,44.77,0.192,0.571,Yes
208,Nordea Bank Abp,0N4T.IL,31.34,0.141,0.875,Yes
209,Majedie Investments Ord,MAJE.L,30.84,0.139,0.164,No
210,SBM Offshore N.V.,0NIS.IL,75.5,0.296,0.427,Yes
211,Banca Monte dei Paschi di Siena S.p.A.,BMPSM.XC,94.02,0.35,0.352,Yes
212,"Repsol, S.A.",REPE.XC,107.88,0.388,0.81,No
213,"Repsol, S.A.",0NQG.IL,110.04,0.394,0.655,No
214,Derichebourg SA,0K8W.IL,98.39,0.364,2.39,Yes
215,Recticel SA/NV,0NHV.IL,68.01,0.274,1.068,Yes
216,EMS-CHEMIE HOLDING AG,0QM9.IL,51.59,0.219,0.779,Yes
217,HOCHTIEF Aktiengesellschaft,HOTD.XC,100.22,0.37,1.209,Yes
218,Leverage Shares 3x Long Copper ETC,CUL3.L,121.41,0.428,1.26,Yes
219,Lion Finance Group PLC,BGEOL.XC,96.72,0.363,2.059,Yes
220,"Banco Santander, S.A.",0HLE.L,51.73,0.222,0.722,Yes
221,TGS ASA,TGSO.XC,106.01,0.39,1.614,No
222,Vaudoise Assurances Holding SA,VAHNZ.XC,33.13,0.152,0.373,No
223,Polar Capital Holdings Plc,POLR.L,106.03,0.392,0.599,Yes
224,ABN AMRO Bank N.V.,ABNA.XC,72.66,0.295,0.007,Yes
225,UNIQA Insurance Group AG,0GDR.IL,55.22,0.237,0.831,Yes
226,Rexel S.A.,RXLP.XC,45.64,0.202,1.106,Yes
227,Erste Group Bank AG,0MJK.IL,57.25,0.245,0.062,No
228,HSBC Holdings plc,HSBAL.XC,55.47,0.239,1.681,Yes
229,Lion Finance Group PLC,BGEO.L,96.26,0.369,2.115,Yes
230,Sandoz Group AG,SDZZ.XC,59.76,0.255,1.119,Yes
231,Julius Bär Gruppe AG,BAERZ.XC,53.99,0.235,0.796,Yes
232,SLB N.V.,0SCL.IL,88.02,0.347,0.624,Yes
233,"Iberdrola, S.A.",0HIT.IL,36.5,0.169,0.373,Yes
234,Billington Holdings Plc,BILN.L,55.52,0.242,1.325,Yes
235,Dampskibsselskabet Norden A/S,0HDP.IL,69.66,0.291,0.502,Yes
236,SpareBank 1 Sør-Norge ASA,0Q57.IL,40.97,0.188,0.711,Yes
237,HSBC Holdings plc,HSBA.L,55.52,0.244,1.726,Yes
238,Polar Capital Holdings Plc,POLRL.XC,106.36,0.405,0.647,Yes
239,Frontline plc,0REH.IL,107.09,0.407,2.128,Yes
240,Erste Group Bank AG,EBSV.XC,58.94,0.256,0.287,Yes
241,"ACS, Actividades de Construcción y Servicios, S.A.",ACSE.XC,76.93,0.317,1.139,Yes
242,Shell plc,SHELLA.XC,117.95,0.438,0.877,No
243,BlackRock Smaller Companies Trust plc,BRSCL.XC,0.04,0.0,0.0,Yes
244,CM.com N.V.,0CMC.IL,78.32,0.324,0.426,No
245,"Enagás, S.A.",ENGE.XC,42.5,0.197,0.222,No
246,SFS Group AG,0QW8.IL,31.97,0.154,0.623,Yes
247,Aker Solutions ASA,AKSOO.XC,98.77,0.388,0.75,Yes
248,Glarner Kantonalbank,GLKBNZ.XC,30.19,0.146,0.68,Yes
249,Sanderson Design Group plc,SDG.L,77.29,0.322,1.5,Yes
250,The Mercantile Investment Trust plc,MRCL.XC,0.03,0.0,0.0,Yes
251,"Banco Comercial Português, S.A.",BCPU.XC,49.74,0.226,0.297,Yes
252,DNB Bank ASA,DNBO.XC,25.97,0.129,0.129,Yes
253,NKT A/S,0MGC.IL,61.39,0.269,0.027,No
254,Alfa Laval AB (publ),0NNF.IL,44.51,0.206,0.811,Yes
255,VP Bank AG,VPBNZ.XC,22.68,0.114,0.442,Yes
256,abrdn European Logistics Income plc,ASLIL.XC,0.35,0.002,0.001,No
257,SFS Group AG,SFSNZ.XC,31.32,0.153,0.622,Yes
258,Banca Monte dei Paschi di Siena S.p.A.,0RK6.IL,83.66,0.346,0.628,Yes
259,WisdomTree Industrial Metals,AIGI.L,29.07,0.144,0.334,Yes
260,Vestas Wind Systems A/S,VWSC.XC,100.57,0.4,2.102,No
261,"NOS, S.G.P.S., S.A.",0J1Z.IL,48.91,0.226,0.252,Yes
262,Julius Bär Gruppe AG,0QO6.IL,54.96,0.249,1.032,Yes
263,Schroder Oriental Income Ord,SOI.L,53.57,0.245,1.62,Yes
264,DMG MORI AKTIENGESELLSCHAFT,0OP0.IL,5.79,0.032,0.136,Yes
265,"Banco Santander, S.A.",BNC.L,48.65,0.227,1.066,Yes
266,OVS S.p.A.,0R5R.IL,54.96,0.251,1.07,Yes
267,Gränges AB (publ),0R9X.IL,72.23,0.313,1.522,Yes
268,Vestas Wind Systems A/S,0NMK.IL,99.6,0.401,2.11,No
269,The Gym Group plc,GYML.XC,42.14,0.201,0.184,Yes
270,Africa Opportunity Ord,AOF.L,30.97,0.154,0.461,Yes
271,Nova Ljubljanska Banka d.d.,NLB.IL,45.79,0.216,1.324,Yes
272,Mediobanca Banca di Credito Finanziario S.p.A.,0HBF.IL,83.96,0.354,0.995,Yes
273,BVZ Holding AG,BVZNZ.XC,61.0,0.276,0.264,No
274,BPER Banca SpA,BPEM.XC,75.87,0.329,1.6,Yes
275,Aalberts N.V.,AALBA.XC,78.05,0.337,1.727,Yes
276,Romande Energie Holding SA,REHNZ.XC,24.83,0.128,0.094,No
277,Sandvik AB (publ),SANDS.XC,67.8,0.303,1.655,Yes
278,CK Infrastructure Holdings Limited,CKI.L,26.97,0.138,0.396,Yes
279,Gaztransport & Technigaz SA,GTTP.XC,45.01,0.217,0.6,Yes
280,BASF SE,0BFA.IL,33.24,0.167,0.242,No
281,Azimut Holding S.p.A.,AZMM.XC,30.99,0.157,0.249,Yes
282,ING Groep N.V.,0RIC.IL,53.8,0.253,1.13,Yes
283,Ipsen S.A.,IPNP.XC,59.2,0.275,1.246,Yes
284,Tenaris S.A.,TENM.XC,73.84,0.328,0.864,Yes
285,Bravida Holding AB (publ),0RBW.IL,71.85,0.322,0.911,Yes
286,Rexel S.A.,0KBZ.IL,41.61,0.205,0.812,Yes
287,WisdomTree Broad Commodities,AGCP.L,43.6,0.215,0.678,No
288,ENAV S.p.A.,ENAVM.XC,26.52,0.139,0.501,No
289,Saipem SpA,SPMM.XC,118.03,0.471,0.671,Yes
290,Carrefour SA,0NPH.IL,35.58,0.18,0.782,Yes
291,"ACS, Actividades de Construcción y Servicios, S.A.",0HAC.IL,70.08,0.318,0.968,Yes
292,Fidelity Emerging Markets Limited,FEMLL.XC,77.28,0.344,1.269,Yes
293,Banco BPM S.p.A.,BAMIM.XC,43.36,0.214,0.367,Yes
294,EJF Investments Limited,EJFI.L,14.6,0.081,0.466,Yes
295,Banco BPM S.p.A.,0RLA.IL,41.67,0.209,0.59,Yes
296,Standard Chartered PLC,STANL.XC,63.8,0.297,1.36,Yes
297,Salvatore Ferragamo S.p.A.,SFERM.XC,97.76,0.414,1.057,Yes
298,DNB Bank ASA,0O84.IL,26.2,0.139,0.285,Yes
299,Wacker Chemie AG,0NR4.IL,55.27,0.265,0.721,Yes
300,Arkle Resources PLC,ARK.L,96.79,0.412,0.187,No
301,The North American Income Trust plc,NAITL.XC,28.4,0.149,0.886,Yes
302,Gaztransport & Technigaz SA,0QT5.IL,47.31,0.233,0.318,Yes
303,Standard Chartered PLC,STAN.L,63.86,0.299,1.347,Yes
304,Pfeiffer Vacuum Technology AG,0FQR.IL,10.96,0.062,0.125,Yes
305,Dampskibsselskabet Norden A/S,DNORDC.XC,47.63,0.235,0.066,No
306,Ferrovial N.V.,0P2N.IL,2.98,0.017,0.014,Yes
307,PolyPeptide Group AG,PPGNZ.XC,112.71,0.463,0.792,No
308,Schroders plc,SDR.L,67.84,0.315,1.694,Yes
309,WisdomTree Broad Commodities,AIGC.L,45.41,0.226,0.591,No
310,Capital Gearing Ord,CGT.L,8.54,0.049,0.277,Yes
311,WisdomTree Industrial Metals Enhanced,META.L,26.61,0.142,0.559,Yes
312,Polar Capital Global Financials Ord,PCFT.L,24.68,0.133,0.45,Yes
313,Fidelity Emerging Markets Limited,FEML.L,74.36,0.339,1.221,Yes
314,M&G plc,MNG.L,46.59,0.232,1.458,Yes
315,Nokian Renkaat Oyj,TYRESH.XC,87.93,0.387,0.565,Yes
316,Nova Ljubljanska Banka DD,NLBL.XC,43.81,0.22,1.3,Yes
317,Anglo American plc,AAL.L,66.3,0.311,1.456,Yes
318,Symrise AG,0G6T.IL,32.89,0.172,0.516,Yes
319,"The Goldman Sachs Group, Inc.",0R3G.L,38.13,0.196,0.182,No
320,BlackRock Energy and Resources Income,BERI.L,44.51,0.224,0.718,Yes
321,Frontline plc,FROO.XC,103.49,0.439,2.128,Yes
322,The Coca-Cola Company,CCC3D.XC,48.83,0.242,0.177,No
323,Halyk Bank of Kazakhstan Joint Stock Company,HSBKL.XC,70.15,0.326,0.671,Yes
324,Ion Beam Applications SA,0GZK.IL,77.89,0.354,1.036,Yes
325,"Iberdrola, S.A.",IBEE.XC,35.82,0.186,0.563,Yes
326,JPMorgan Claverhouse Ord,JCH.L,22.06,0.121,0.887,Yes
327,Anglo American plc,AALL.XC,65.14,0.308,1.465,Yes
328,The City of London Investment Trust plc,CTYL.XC,24.5,0.133,1.048,Yes
329,Eni S.p.A.,ENIM.XC,74.62,0.344,0.52,No
330,IMI plc,IMI.L,43.09,0.22,1.207,Yes
331,Riverstone Credit Opportunities Income,RCOI.L,11.35,0.065,0.261,No
332,Schroders plc,SDRL.XC,67.61,0.321,1.694,Yes
333,M&G plc,MNGL.XC,45.88,0.234,1.488,Yes
334,Clarkson PLC,CKN.L,45.57,0.233,0.187,No
335,Plazza AG,PLANZ.XC,12.97,0.075,0.097,No
336,ING Groep N.V.,INGAA.XC,54.1,0.27,0.83,Yes
337,InterContinental Hotels Group PLC,IHG.L,42.81,0.222,0.153,Yes
338,Ipsen S.A.,0MH6.IL,55.55,0.276,1.21,Yes
339,"Naturgy Energy Group, S.A.",0NPV.IL,22.35,0.125,0.007,No
340,HIAG Immobilien Holding AG,HIAGZ.XC,22.14,0.124,0.41,Yes
341,Clarkson PLC,CKNL.XC,44.15,0.228,0.124,No
342,Banque Cantonale de Genève SA,BCGEZ.XC,42.95,0.223,0.489,Yes
343,Halyk Bank of Kazakhstan Joint Stock Company,HSBK.IL,70.26,0.335,0.836,Yes
344,Tenaris S.A.,0HXB.IL,73.58,0.348,0.961,Yes
345,Bayer Aktiengesellschaft,BAYND.XC,109.4,0.47,0.237,Yes
346,Sandvik AB (publ),0HC0.IL,66.71,0.322,1.575,Yes
347,CAB Payments Holdings plc,CABPL.XC,71.96,0.342,1.127,Yes
348,Thor Medical ASA,0R6Y.IL,121.25,0.508,0.135,No
349,Hill & Smith PLC,HILSL.XC,58.71,0.292,1.332,Yes
350,Mycronic AB (publ),0MQG.IL,75.81,0.36,0.492,No
351,Nordex SE,0MEC.IL,105.49,0.463,1.388,Yes
352,Murray International Ord,MYI.L,26.32,0.147,0.969,Yes
353,Jadestone Energy plc,JSE.L,84.56,0.393,1.821,No
354,WisdomTree Copper 3x Daily Leveraged,3HCL.L,108.29,0.473,2.217,Yes
355,CAB Payments Holdings plc,CABP.L,70.73,0.342,1.209,Yes
356,IMI plc,IMIL.XC,42.65,0.226,1.258,Yes
357,K+S Aktiengesellschaft,0Q2N.IL,51.72,0.266,0.081,No
358,Drägerwerk AG & Co. KGaA,0K5E.IL,108.88,0.477,1.235,Yes
359,Cordiant Digital Infrastructure Limited,CORD.L,33.8,0.185,0.343,Yes
360,TotalEnergies SE,TTE.L,63.61,0.316,0.708,No
361,Abingdon Health Plc,ABDX.L,119.9,0.513,1.244,No
362,NKT A/S,NKTC.XC,65.71,0.325,0.215,No
363,WisdomTree Broad Commodities Ex-Agriculture and Livestock,XFRM.L,60.43,0.304,0.759,No
364,Hill & Smith PLC,HILS.L,57.11,0.29,1.246,Yes
365,Höegh Autoliners ASA,HAUTOO.XC,85.45,0.4,0.0,No
366,Aalberts N.V.,0NX1.IL,81.97,0.39,1.989,Yes
367,FACC AG,0QW9.IL,114.97,0.502,1.276,Yes
368,ASML Holding N.V.,ASMLA.XC,111.47,0.494,0.91,Yes
369,Atea ASA,0JWO.IL,34.68,0.193,0.039,Yes
370,ASML Holding N.V.,0QB8.IL,111.23,0.494,0.779,Yes
371,Neuberger Private Equity Partners Limited,NBPEL.XC,0.07,0.0,0.001,Yes
372,SDCL Efficiency Income Trust Plc,SEITL.XC,0.07,0.0,0.002,No
373,Pantheon Infrastructure PLC,PINTL.XC,0.05,0.0,0.001,No
374,Beijer Ref AB (publ),0A0H.IL,1.2,0.008,0.014,Yes
375,Partners Group Private Equity Limited,PEYL.XC,7.52,0.047,0.072,No
376,Taiwan Semiconductor Manufacturing Company Limited,0LCV.IL,74.19,0.366,1.403,Yes
377,Mid Wynd International Investment Trust plc,MWYL.XC,0.01,0.0,0.0,No
378,Ruffer Investment Company Limited,RICAL.XC,0.03,0.0,0.0,No
379,CT Global Managed Portfolio Growth Ord,CMPG.L,20.65,0.122,0.445,Yes
380,Polar Capital Global Healthcare Trust plc,PCGHL.XC,0.01,0.0,0.0,Yes
381,"BlackRock, Inc.",UU2D.XC,22.67,0.133,0.366,No
382,GreenX Metals Limited,GRX.L,52.92,0.28,0.168,Yes
383,Orell Füssli AG,OFNZ.XC,41.75,0.229,0.06,Yes
384,Finsbury Growth & Income Trust PLC,FGTL.XC,0.03,0.0,0.0,Yes
385,FinecoBank Banca Fineco S.p.A.,FBKM.XC,41.5,0.229,0.539,Yes
386,North American Income Trust Ord,NAIT.L,28.22,0.164,0.96,Yes
387,FinecoBank Banca Fineco S.p.A.,0QVF.IL,39.94,0.222,0.038,No
388,The Gym Group plc,GYM.L,38.61,0.216,0.336,Yes
389,Merchants Trust Ord,MRCH.L,25.8,0.152,1.067,Yes
390,Anheuser-Busch InBev SA/NV,0RJI.IL,44.73,0.246,1.606,Yes
391,Novartis AG,0QLR.IL,34.0,0.195,0.959,Yes
392,Elia Group SA/NV,0NTU.IL,41.54,0.233,0.718,Yes
393,Castellum AB (publ),0GT1.IL,32.36,0.187,1.3,Yes
394,Vale S.A.,0LBF.IL,67.7,0.349,1.584,Yes
395,Basic-Fit N.V.,0RHD.IL,36.18,0.207,0.402,Yes
396,Derichebourg SA,DBGP.XC,72.72,0.37,2.333,Yes
397,Hellenic Telecommunications Organization S.A.,OTES.IL,31.69,0.185,1.027,Yes
398,Edisun Power Europe AG,ESUNZ.XC,40.52,0.229,0.748,Yes
399,Bayer Aktiengesellschaft,0P6S.IL,98.03,0.468,0.184,Yes
400,Metso Oyj,METSOH.XC,83.73,0.415,2.092,Yes
401,ExxonMobil Holdings Corporation,0R1M.L,51.49,0.281,0.211,Yes
402,BlackRock Frontiers Investment Trust plc,BRFIL.XC,0.06,0.0,0.0,Yes
403,Aker BP ASA,0M5J.IL,64.13,0.337,0.867,No
404,Allwyn AG,0FI1.IL,15.2,0.095,0.016,No
405,Atlas Copco AB (publ),0XXV.IL,39.26,0.224,1.478,Yes
406,Mincon Group plc,MCON.L,57.93,0.311,0.531,No
407,UniCredit S.p.A.,UCGM.XC,47.95,0.267,1.067,Yes
408,GCP Infrastructure Investments Limited,GCP.L,17.55,0.109,0.622,Yes
409,Hongkong Land Holdings Limited,HKLD.L,3.35,0.022,0.153,No
410,Legal & General Group Plc,LGEN.L,27.3,0.164,0.809,Yes
411,Voestalpine AG,VOEV.XC,85.99,0.428,3.101,Yes
412,Luceco plc,LUCE.L,97.92,0.473,0.539,Yes
413,Wallenius Wilhelmsen ASA,WAWIO.XC,88.76,0.44,0.573,Yes
414,Koninklijke BAM Groep nv,0LNQ.IL,62.99,0.337,0.671,Yes
415,BlackRock World Mining Trust Ord,BRWM.L,72.64,0.378,1.379,Yes
416,Eni S.p.A.,0N9S.IL,77.16,0.396,0.832,No
417,Telia Company AB (publ),0H6X.IL,32.56,0.193,0.388,Yes
418,Poste Italiane S.p.A.,0RC2.IL,55.67,0.305,0.905,Yes
419,Legal & General Group Plc,LGENL.XC,26.79,0.162,0.773,Yes
420,Pacific Horizon Ord,PHI.L,65.43,0.349,1.381,Yes
421,Engie SA,0LD0.IL,50.74,0.284,1.606,Yes
422,Terna S.p.A.,TRNM.XC,24.33,0.149,0.889,Yes
423,Novartis AG,NOVNZ.XC,32.7,0.195,0.912,Yes
424,Koninklijke Heijmans N.V.,HEIJMA.XC,98.79,0.481,2.194,Yes
425,General Motors Company,0R0E.L,52.05,0.29,0.751,Yes
426,Züblin Immobilien Holding AG,ZUBNZ.XC,26.04,0.159,0.425,Yes
427,Peab AB (publ),0MHT.IL,41.3,0.239,1.609,Yes
428,Ten Lifestyle Group Plc,TENG.L,85.27,0.432,0.494,Yes
429,Vodafone Group Public Limited Company,VOD.L,45.79,0.262,1.107,Yes
430,HarbourVest Global Private Equity Ltd.,HVPE.L,20.64,0.129,0.122,No
431,Jardine Matheson Holdings Limited,JAR.L,3.51,0.024,0.165,No
432,Capricorn Energy PLC,CNE.L,93.0,0.464,0.115,No
433,Andritz AG,ANDRV.XC,49.55,0.281,1.046,Yes
434,Zigup Plc,ZIG.L,43.03,0.25,1.038,Yes
435,Capricorn Energy PLC,CNEL.XC,92.06,0.462,0.291,No
436,Daimler Truck Holding AG,DTGD.XC,37.44,0.222,0.304,Yes
437,Luceco plc,LUCEL.XC,95.99,0.478,0.498,Yes
438,TORM plc,0RG4.IL,76.6,0.403,2.038,Yes
439,AB Volvo (publ),0HTP.IL,44.7,0.26,1.646,Yes
440,Oxford Instruments plc,OXIGL.XC,67.89,0.367,0.856,Yes
441,WisdomTree Gasoline,UGAS.L,105.51,0.515,2.416,No
442,Poste Italiane S.p.A.,PSTM.XC,47.62,0.275,0.884,Yes
443,Templeton Emerging Mkts Invmt Tr TEMIT,TEM.L,61.19,0.339,1.468,Yes
444,"Atalaya Mining Copper, S.A.",ATYM.L,114.15,0.548,2.399,Yes
445,Commercial International Bank Egypt (CIB) S.A.E.,CBKD.IL,68.07,0.37,1.916,Yes
446,MCH Group AG,MCHNZ.XC,105.57,0.518,1.365,Yes
447,"Fuller, Smith & Turner P.L.C.",FSTAL.XC,41.72,0.247,1.243,Yes
448,JOYY Inc.,0VVY.L,38.18,0.229,0.098,No
449,Volex plc,VLX.L,99.64,0.497,0.568,Yes
450,Atlas Copco AB (publ),0XXT.IL,43.41,0.256,1.641,Yes
451,Vallourec S.A.,VKP.XC,47.72,0.278,0.094,Yes
452,Avingtrans plc,AVG.L,59.34,0.333,0.743,Yes
453,JPMorgan Emerging Markets Growth & Income plc.,JMGI.L,37.2,0.225,0.984,Yes
454,AB Volvo (publ),VOLVBS.XC,42.8,0.254,1.524,Yes
455,"Atalaya Mining Copper, S.A.",ATYML.XC,114.3,0.553,2.47,Yes
456,LPA Group Plc,LPA.L,106.77,0.527,2.171,Yes
457,Sats ASA,SATSO.XC,19.15,0.124,0.41,Yes
458,EPE Special Opportunities Limited,ESO.L,63.34,0.352,1.25,Yes
459,Oxford Instruments plc,OXIG.L,69.65,0.38,0.958,Yes
460,FTSE 100,^FTSE,18.05,0.118,1.0,Yes
461,Salvatore Ferragamo S.p.A.,0P52.IL,109.56,0.538,0.037,No
462,RTX Corporation,0R2N.IL,35.1,0.215,0.581,Yes
463,"Gilead Sciences, Inc.",0QYQ.IL,40.76,0.245,0.705,Yes
464,Conduit Holdings Limited,CRE.L,40.0,0.241,0.669,Yes
465,CC Japan Income & Growth Trust plc,CCJIL.XC,0.04,0.0,0.0,Yes
466,Hansa Investment Company Limited,HANA.L,34.42,0.212,0.298,Yes
467,Commercial International Bank Egypt (CIB) S.A.E.,CBKDL.XC,68.57,0.378,1.992,Yes
468,Schroder UK Mid Cap Fund plc,SCPL.XC,0.04,0.0,0.001,Yes
469,Zigup Plc,ZIGL.XC,41.84,0.252,1.052,Yes
470,Aurubis AG,0K7F.IL,96.92,0.495,1.957,Yes
471,Kistos Holdings Plc,KIST.L,116.11,0.566,1.366,Yes
472,TKH Group N.V.,0NO1.IL,56.36,0.324,0.494,Yes
473,BNP Paribas SA,BNPP.XC,59.08,0.337,2.136,Yes
474,Volex plc,VLXL.XC,99.6,0.507,0.524,Yes
475,Adsure Services PLC,ADS.AQ,37.73,0.232,0.158,Yes
476,AB Volvo (publ),0MHW.IL,43.28,0.261,1.597,Yes
477,Foresight Environmental Infrastructure Limited,FGEN.L,33.45,0.209,0.287,Yes
478,Atlas Copco AB (publ),ATCOAS.XC,44.18,0.265,1.702,Yes
479,Vodafone Group Public Limited Company,VODL.XC,44.99,0.27,1.227,Yes
480,Conduit Holdings Limited,CREL.XC,38.87,0.238,0.593,Yes
481,Lloyds Banking Group plc,LLOY.L,37.81,0.234,0.727,Yes
482,Brown Advisory US Smaller Companies Ord,BASC.L,24.5,0.159,0.73,Yes
483,Mediobanca Banca di Credito Finanziario S.p.A.,MBM.XC,95.88,0.499,1.483,Yes
484,Comet Holding AG,COTNZ.XC,114.94,0.57,1.386,Yes
485,Anheuser-Busch InBev SA/NV,ABIB.XC,45.64,0.276,1.929,Yes
486,Lotus Bakeries NV,LOTBB.XC,61.67,0.354,1.101,Yes
487,"Kayne Anderson Energy Infrastructure Fund, Inc.",0A1J.IL,27.87,0.179,0.298,Yes
488,Citigroup Inc.,0R01.IL,44.07,0.268,0.322,Yes
489,Aberdeen Equity Income Trust,AEI.L,26.23,0.17,1.09,Yes
490,Temple Bar Ord,TMPL.L,20.62,0.137,1.024,Yes
491,Andritz AG,0MJZ.IL,57.54,0.336,1.69,Yes
492,The Magnum Ice Cream Company N.V.,MICC.L,46.78,0.283,0.043,No
493,Investor AB (publ),0NC6.IL,3.24,0.023,0.03,No
494,Lloyds Banking Group plc,LLOYL.XC,37.69,0.235,0.768,Yes
495,"Meliá Hotels International, S.A.",0MKO.IL,52.07,0.31,0.949,No
496,4imprint Group plc,FOURL.XC,47.91,0.289,0.947,Yes
497,The Magnum Ice Cream Company N.V.,MICCL.XC,47.3,0.287,0.113,No
498,Loomis AB (publ),0JYZ.IL,49.34,0.297,1.345,Yes
499,City of London Ord,CTY.L,19.15,0.129,0.966,Yes
500,Aberforth Smaller Companies Trust Plc,ASLL.XC,0.05,0.0,0.001,Yes
501,Polar Capital Technology Ord,PCT.L,64.6,0.371,0.575,Yes
502,INFICON Holding AG,IFCNZ.XC,117.86,0.588,1.161,Yes
503,Viatris Inc.,0A5V.IL,59.45,0.348,2.234,Yes
504,Helvetia Baloise Holding AG,HBANZ.XC,17.19,0.117,0.148,No
505,NORMA Group SE,0P38.IL,53.72,0.321,0.379,No
506,UniCredit S.p.A.,0RLS.IL,44.92,0.277,1.292,Yes
507,Kesko Oyj,0BNT.IL,36.67,0.233,0.812,Yes
508,Aperam S.A.,0OLF.IL,117.03,0.59,3.275,Yes
509,4imprint Group plc,FOUR.L,48.67,0.297,1.016,Yes
510,Mycronic AB (publ),MYCRS.XC,69.3,0.397,0.511,No
511,UBS Group AG,UBSGZ.XC,52.81,0.319,0.272,No
512,Euronext N.V.,ENXP.XC,41.33,0.259,0.914,Yes
513,JPMorgan Emerging Markets Div Inc,JEMI.L,42.09,0.264,1.629,Yes
514,Orion Oyj,0M2O.IL,29.47,0.193,0.088,No
515,JPMorgan American Investment Trust plc,JAML.XC,0.01,0.0,0.0,Yes
516,Evonik Industries AG,0QDS.IL,43.7,0.273,0.221,No
517,AEP Plantations Plc,AEP.L,63.57,0.373,0.3,Yes
518,Vår Energi ASA,0AAY.IL,84.83,0.469,2.181,No
519,Engie SA,ENGIP.XC,49.39,0.304,1.778,Yes
520,Telekom Austria AG,0NKL.IL,17.7,0.123,0.757,Yes
521,Auction Technology Group plc,ATGL.XC,48.71,0.302,0.133,No
522,Odfjell Drilling Ltd.,0QHX.IL,32.31,0.212,1.155,Yes
523,Canadian General Investments Ord,CGI.L,17.6,0.122,0.468,Yes
524,ABB Ltd,0NX2.IL,51.84,0.319,1.262,Yes
525,Aker BP ASA,AKRBPO.XC,53.83,0.329,0.743,No
526,Senior plc,SNRL.XC,63.05,0.374,1.911,Yes
527,PORR AG,0J04.IL,48.65,0.303,0.805,Yes
528,Schweiter Technologies AG,SWTQZ.XC,38.18,0.246,0.568,No
529,Griffin Mining Limited,GFM.L,76.6,0.438,1.959,Yes
530,Zuger Kantonalbank,ZUGERZ.XC,25.89,0.175,0.224,Yes
531,Schroder Income Growth Ord,SCF.L,18.17,0.127,0.846,Yes
532,Voestalpine AG,0MKX.IL,80.33,0.455,2.696,Yes
533,Bloomsbury Publishing Plc,BMYL.XC,43.84,0.278,1.821,No
534,KWS SAAT SE & Co. KGaA,KWSD.XC,17.37,0.122,0.056,Yes
535,MIGO Opportunities Trust Ord,MIGO.L,14.47,0.103,0.414,Yes
536,Schroders Capital Global Innov Trust Ord,INOV.L,20.37,0.141,0.249,No
537,ABB Ltd,ABBNZ.XC,53.95,0.333,1.296,Yes
538,Target Healthcare REIT Ord,THRL.L,18.69,0.131,0.661,Yes
539,Crimson Tide plc,TIDE.L,68.01,0.402,1.453,Yes
540,Bloomsbury Publishing Plc,BMY.L,42.74,0.274,1.815,No
541,Allianz Technology Trust Ord,ATT.L,54.88,0.339,0.162,Yes
542,AEP Plantations Plc,AEPL.XC,59.55,0.363,0.239,Yes
543,SEGRO Plc,SGROL.XC,63.49,0.382,2.404,Yes
544,L E Lundbergföretagen AB (publ),0GWB.IL,26.03,0.178,1.381,Yes
545,ENAV S.p.A.,0RIE.IL,32.6,0.217,1.143,Yes
546,Corbion N.V.,0QHL.IL,36.77,0.242,0.044,No
547,BioArctic AB (publ),0RV2.IL,15.38,0.11,0.626,No
548,SEGRO Plc,SGRO.L,62.39,0.377,2.442,Yes
549,"Industria de Diseño Textil, S.A.",ITXE.XC,37.64,0.247,1.223,Yes
550,Croda International Plc,CRDA.L,33.8,0.225,1.414,Yes
551,Cairn Homes plc,CRNL.XC,39.68,0.259,1.457,Yes
552,Sparebanken Norge,SBNORO.XC,27.43,0.188,0.096,No
553,NCAB Group AB (publ),0AAQ.IL,92.8,0.518,0.54,Yes
554,The Parkmead Group plc,PMG.L,73.07,0.431,1.608,Yes
555,"Fuller, Smith & Turner P.L.C.",FSTA.L,39.53,0.26,1.308,Yes
556,Croda International Plc,CRDAL.XC,34.19,0.23,1.53,Yes
557,Schroder Asian Total Return Inv. Company,ATR.L,40.76,0.268,1.52,Yes
558,Mersen S.A.,MRNP.XC,85.05,0.489,0.81,Yes
559,Cairn Homes plc,CRN.L,38.74,0.257,1.431,Yes
560,Lisi S.A.,0EKE.IL,45.71,0.296,1.138,Yes
561,Siemens Energy AG,ENRD.XC,70.04,0.421,2.182,Yes
562,Empire Metals Limited,EEEL.XC,70.82,0.426,1.0,Yes
563,Ascom Holding AG,ASCNZ.XC,83.16,0.483,0.453,No
564,Hansa Investment Company Limited,HAN.L,34.38,0.233,0.468,Yes
565,UIL Limited,UTL.L,49.17,0.317,0.201,Yes
566,NatWest Group plc,NWG.L,37.26,0.25,0.758,Yes
567,Senior plc,SNR.L,63.07,0.39,2.031,Yes
568,Invesco Asia Dragon Trust Ord,IAD.L,28.64,0.199,0.942,Yes
569,Pharos Energy plc,PHAR.L,54.95,0.349,0.345,Yes
570,Elmos Semiconductor SE,0N9K.IL,91.51,0.523,1.437,Yes
571,argenx SE,ARGXB.XC,48.66,0.316,0.262,No
572,"Aena S.M.E., S.A.",AENAE.XC,25.37,0.179,0.504,Yes
573,Mears Group plc,MER.L,40.29,0.27,0.875,Yes
574,NEXT plc,NXT.L,31.13,0.215,0.729,Yes
575,International Petroleum Corporation,0V1L.IL,70.19,0.429,1.639,No
576,"Indra Sistemas, S.A.",0HA9.IL,94.03,0.537,3.608,Yes
577,Chevron Corporation,0R2Q.L,44.22,0.294,0.317,Yes
578,BW LPG Limited,BWLPGO.XC,64.63,0.402,1.216,Yes
579,Starbucks Corporation,0QZH.IL,37.48,0.255,0.953,Yes
580,Fortum Oyj,0HAH.IL,44.58,0.296,0.134,No
581,Outokumpu Oyj,0FJ8.IL,75.91,0.458,2.361,Yes
582,AB Ignitis grupe,IGN.IL,15.21,0.113,0.062,Yes
583,NatWest Group plc,NWGL.XC,38.03,0.259,0.821,Yes
584,DFDS A/S,0RB3.IL,85.19,0.502,0.328,Yes
585,Henderson High Income Trust plc,HHIL.XC,19.19,0.14,1.115,Yes
586,Basellandschaftliche Kantonalbank,BLKBZ.XC,25.8,0.184,0.498,Yes
587,Mears Group plc,MERL.XC,40.07,0.272,0.886,Yes
588,NEXT plc,NXTL.XC,29.8,0.21,0.74,Yes
589,Aurubis AG,NDAD.XC,114.89,0.63,3.118,Yes
590,Citycon Oyj,0A0F.IL,19.66,0.144,0.935,No
591,"Industria de Diseño Textil, S.A.",0QWI.IL,35.46,0.245,1.11,Yes
592,Glenveagh Properties PLC,GLV.L,36.32,0.251,1.369,Yes
593,Investis Holding SA,IRENZ.XC,17.35,0.129,0.288,Yes
594,Pirelli & C. S.p.A.,0P1R.IL,23.81,0.172,0.74,Yes
595,Epiroc AB (publ),EPIAS.XC,51.83,0.34,1.565,Yes
596,Auction Technology Group plc,ATG.L,46.53,0.311,0.211,No
597,Bilia AB (publ),0RQ2.IL,42.97,0.291,1.624,Yes
598,Basler Kantonalbank,BSKPZ.XC,32.19,0.227,1.153,Yes
599,MYCELX Technologies Corporation,MYX.L,120.24,0.656,1.029,Yes
600,Greencoat Renewables,GRP.L,22.04,0.162,0.374,No
601,UBS Group AG,0R3T.IL,48.44,0.323,0.261,No
602,Koninklijke Vopak N.V.,0O8V.IL,30.23,0.215,0.767,Yes
603,mobilezone holding ag,MOZNZ.XC,30.52,0.217,1.097,Yes
604,ASM International NV,ASMA.XC,89.2,0.529,0.65,Yes
605,Schroder Japan Trust Ord,SJG.L,43.83,0.299,1.845,Yes
606,Galderma Group AG,GALDZ.XC,31.29,0.223,0.484,No
607,International Public Partnerships Limited,INPP.L,13.38,0.103,0.689,Yes
608,"Solaria Energía y Medio Ambiente, S.A.",0KCD.IL,88.22,0.528,0.938,Yes
609,BlackRock Income and Growth Ord,BRIG.L,17.04,0.129,0.624,Yes
610,"EDP Renewables, S.A.",0ML1.IL,29.02,0.21,0.317,Yes
611,Baillie Gifford Shin Nippon Ord,BGS.L,37.53,0.263,1.318,Yes
612,DCC Energy plc,DCC.L,42.12,0.291,1.381,Yes
613,Skanska AB (publ),0HBT.IL,24.41,0.18,1.112,Yes
614,Enel SpA,0NRE.IL,28.44,0.207,1.394,Yes
615,DCC Energy plc,DCCL.XC,42.06,0.292,1.391,Yes
616,Swiss Prime Site AG,0QOG.IL,21.53,0.161,1.047,Yes
617,Enel SpA,ENELM.XC,31.62,0.228,1.452,Yes
618,CC Japan Income & Growth Ord,CCJI.L,36.07,0.256,1.236,Yes
619,Finnair Oyj,0EG8.IL,92.02,0.551,1.707,Yes
620,Yara International ASA,YARO.XC,35.89,0.255,0.497,No
621,Trelleborg AB (publ),0NL3.IL,38.59,0.272,1.5,Yes
622,Norsk Hydro ASA,0Q11.IL,53.76,0.361,1.029,No
623,Polar Capital Glb Healthcare Ord,PCGH.L,32.83,0.237,0.72,Yes
624,United Utilities Group PLC,UU.L,30.15,0.22,1.233,Yes
625,TP ICAP Group PLC,TCAPL.XC,30.74,0.224,0.582,No
626,Baillie Gifford US Growth Ord,USA.L,31.46,0.229,0.257,No
627,Edenred SE,0MUM.IL,94.22,0.565,2.399,Yes
628,Lowland Ord,LWI.L,29.15,0.214,1.635,Yes
629,Cadence Minerals Plc,KDNC.L,94.86,0.568,2.205,Yes
630,Eagle Eye Solutions Group PLC,EYE.L,87.75,0.536,1.645,Yes
631,Barclays PLC,BARC.L,38.79,0.276,0.852,Yes
632,"Aena S.M.E., S.A.",0R4Y.IL,23.19,0.175,0.475,Yes
633,Harvia Oyj,0ABF.IL,43.84,0.306,0.006,No
634,Jackson Financial Inc.,0JKF.L,47.7,0.329,0.595,Yes
635,Norsk Hydro ASA,NHYO.XC,53.27,0.362,0.908,No
636,Ackermans & Van Haaren NV,0GYM.IL,37.23,0.267,1.716,Yes
637,GL Events SA,GLOP.XC,18.87,0.145,0.655,No
638,Vår Energi ASA,VARO.XC,81.91,0.512,2.622,No
639,Valiant Holding AG,VATNZ.XC,23.84,0.18,0.155,Yes
640,HAL Trust,0K9V.IL,26.27,0.197,0.865,Yes
641,JPMorgan Asia Growth & Income Ord,JAGI.L,47.08,0.328,1.423,Yes
642,CT Global Managed Portfolio Income Ord,CMPI.L,14.38,0.113,0.652,Yes
643,TORM plc,TRMDAC.XC,66.2,0.435,1.722,Yes
644,Merck KGaA,MRKD.XC,38.23,0.276,1.151,Yes
645,International Petroleum Corporation,IPCOS.XC,69.13,0.452,1.51,No
646,Barclays PLC,BARCL.XC,37.99,0.275,0.815,Yes
647,"Galp Energia, SGPS, S.A.",GALPU.XC,53.27,0.367,0.514,No
648,Schroder AsiaPacific Ord,SDP.L,39.08,0.283,1.206,Yes
649,Helios Towers plc,HTWSL.XC,48.98,0.343,1.355,Yes
650,TP ICAP Group PLC,TCAP.L,30.65,0.229,0.55,No
651,WisdomTree WTI Crude Oil,CRUD.L,82.64,0.525,2.408,No
652,Atlantic Lithium Limited,ALL.L,97.81,0.598,3.114,Yes
653,Antofagasta plc,ANTO.L,66.05,0.441,2.49,Yes
654,Equinor ASA,0M2Z.IL,98.54,0.601,2.276,No
655,Prysmian S.p.A.,0NUX.IL,66.79,0.447,0.394,Yes
656,Bankers Ord,BNKR.L,19.76,0.156,0.601,Yes
657,Brenntag SE,0MPT.IL,31.83,0.24,0.245,No
658,"Sacyr, S.A.",0OFU.IL,32.17,0.242,1.591,Yes
659,M.T.I Wireless Edge Ltd.,MWE.L,67.21,0.451,0.366,Yes
660,WisdomTree Brent Crude Oil,BRNT.L,101.35,0.619,2.643,No
661,Commerzbank AG,0RLW.IL,36.5,0.271,0.52,Yes
662,WisdomTree Bloomberg Brent Crude Oil ETC,BRND.L,102.52,0.624,2.682,No
663,Fagron NV,0HNZ.IL,20.23,0.16,0.505,Yes
664,Prysmian S.p.A.,PRYM.XC,67.0,0.45,0.408,Yes
665,Exosens,EXENSP.XC,53.71,0.377,1.018,Yes
666,EL.En. S.p.A.,ELNM.XC,39.7,0.292,0.349,Yes
667,Apple Inc.,0R2V.L,35.17,0.263,0.483,Yes
668,Groupe Bruxelles Lambert SA,GBLBB.XC,19.09,0.152,0.687,Yes
669,Klépierre SA,0F4I.IL,24.63,0.192,1.057,Yes
670,Aberforth Geared Value & Income Ord,AGVI.L,13.14,0.107,0.386,Yes
671,Autins Group plc,AUTG.L,89.1,0.566,0.049,No
672,Hammerson Plc,HMSO.L,38.41,0.286,1.788,Yes
673,Pharos Energy plc,PHARL.XC,52.16,0.371,0.341,Yes
674,"Solaria Energía y Medio Ambiente, S.A.",SLRE.XC,88.33,0.564,1.044,Yes
675,Sensirion Holding AG,SENSZ.XC,48.33,0.348,1.151,No
676,Hammerson Plc,HMSOL.XC,37.87,0.283,1.782,Yes
677,Metro Bank Holdings PLC,MTRO.L,57.53,0.403,0.535,Yes
678,IP Group Plc,IPOL.XC,46.64,0.339,0.246,Yes
679,De'Longhi S.p.A.,0E5M.IL,48.95,0.353,1.993,Yes
680,Helios Towers plc,HTWS.L,47.06,0.342,1.342,Yes
681,Südzucker AG,0G7B.IL,52.76,0.377,1.688,No
682,EL.En. S.p.A.,0RH2.IL,51.13,0.367,0.75,Yes
683,City Natural Resources Grow & Inc PLC,CYN.L,58.71,0.412,1.578,Yes
684,Eurofins Scientific SE,0MV5.IL,25.7,0.202,0.49,Yes
685,Swiss Prime Site AG,SPSNZ.XC,20.74,0.166,1.092,Yes
686,Demant A/S,0RGT.IL,37.67,0.284,0.519,No
687,Equinor ASA,EQNRO.XC,97.83,0.615,2.411,No
688,BNP Paribas SA,0HB5.IL,48.81,0.355,1.371,Yes
689,Newmont Corporation,0R28.IL,89.21,0.575,1.378,Yes
690,WisdomTree WTI Crude Oil,CRUP.L,81.16,0.535,2.549,No
691,Sinch AB (publ),0RBI.IL,84.89,0.554,1.08,No
692,DP Aircraft I Limited,DPA.L,14.71,0.121,0.116,No
693,ASM International NV,0NX3.IL,97.77,0.619,1.505,Yes
694,Severn Trent PLC,SVT.L,26.18,0.207,1.264,Yes
695,"EDP, S.A.",0OF7.IL,27.41,0.217,0.479,Yes
696,Zegona Communications plc,ZEGL.XC,42.97,0.322,0.037,No
697,WisdomTree Brent Crude Oil,BRNG.L,99.71,0.632,2.786,No
698,Provexis plc,PXS.L,118.88,0.718,3.355,Yes
699,United Utilities Group PLC,UUL.XC,30.32,0.238,1.306,Yes
700,Instalco AB (publ),0RP5.IL,71.02,0.488,2.648,Yes
701,Merck KGaA,0O14.IL,39.78,0.302,1.211,Yes
702,"Galp Energia, SGPS, S.A.",0B67.IL,45.95,0.342,0.481,No
703,Gattaca plc,GATC.L,77.34,0.522,1.936,Yes
704,Fidelity Special Values Ord,FSV.L,24.05,0.194,1.392,Yes
705,Terna S.p.A.,0LBM.IL,20.24,0.166,0.764,Yes
706,Compagnie Financière Richemont SA,CFRZ.XC,37.48,0.288,0.725,Yes
707,CoreShares Brent Oil ETC,1BRN.L,111.58,0.69,3.022,No
708,"Cloudflare, Inc.",0A3Z.IL,57.06,0.411,1.026,No
709,Vallourec S.A.,0NR2.IL,44.35,0.333,0.258,Yes
710,Forbo Holding AG,FORNZ.XC,48.88,0.362,1.786,Yes
711,Alphabet Inc.,ABEAD.XC,56.3,0.407,0.562,Yes
712,Pantheon International Ord,PIN.L,17.21,0.144,0.334,No
713,IP Group Plc,IPO.L,46.23,0.347,0.145,Yes
714,Freeport-McMoRan Inc.,FPMBD.XC,95.07,0.617,0.638,Yes
715,COFACE SA,0QVK.IL,11.76,0.1,0.371,Yes
716,Antofagasta plc,ANTOL.XC,64.55,0.458,2.44,Yes
717,Lisi S.A.,FIIP.XC,46.96,0.352,1.743,Yes
718,British Land Company PLC,BLNDL.XC,27.35,0.22,1.156,Yes
719,Santhera Pharmaceuticals Holding AG,SANNZ.XC,59.41,0.429,1.52,Yes
720,Swiss Re AG,0QL6.IL,23.99,0.196,0.775,Yes
721,Ashoka WhiteOak Emerging Markets Ord,AWEM.L,27.32,0.22,0.878,Yes
722,Severn Trent PLC,SVTL.XC,25.59,0.208,1.286,Yes
723,Snam S.p.A.,SRGM.XC,26.05,0.211,0.92,Yes
724,WisdomTree Cotton,COTN.L,29.7,0.238,0.477,No
725,BE Semiconductor Industries N.V.,BESIA.XC,103.71,0.666,1.562,Yes
726,Beazley plc,BEZ.L,58.42,0.426,1.287,Yes
727,Ecofin Global Utilities & Infra Ord,EGL.L,22.56,0.187,1.028,Yes
728,K+S Aktiengesellschaft,SDFD.XC,49.4,0.372,1.113,No
729,Rolls-Royce Holdings plc,RR.L,36.68,0.289,1.536,Yes
730,Beazley plc,BEZL.XC,57.6,0.423,1.256,Yes
731,Boliden AB (publ),0YAL.IL,85.48,0.579,2.825,Yes
732,Henderson High Income Ord,HHI.L,17.76,0.15,1.147,Yes
733,Österreichische Post AG,0NTM.IL,13.59,0.117,0.623,Yes
734,M.P. Evans Group PLC,MPE.L,42.86,0.332,0.6,Yes
735,Mobius Investment Trust Ord,MMIT.L,27.63,0.226,0.315,Yes
736,WisdomTree Aluminium,ALUM.L,30.49,0.247,0.516,No
737,CoreShares Brent Oil ETC,BRNL.L,110.02,0.703,3.163,No
738,Scottish Mortgage Ord,SMT.L,40.38,0.316,0.195,Yes
739,Alphabet Inc.,0RIH.L,60.9,0.446,0.59,Yes
740,Endeavour Mining plc,EDV.L,80.9,0.559,1.708,Yes
741,F&C Investment Trust Ord,FCIT.L,17.42,0.149,0.497,Yes
742,Aberdeen Group Plc,ABDN.L,35.28,0.283,0.948,Yes
743,SF Urban Properties AG,SFPNZ.XC,10.86,0.096,0.657,Yes
744,British Land Company PLC,BLND.L,27.78,0.229,1.199,Yes
745,"REN - Redes Energéticas Nacionais, SGPS, S.A.",0KBT.IL,25.62,0.213,0.837,Yes
746,WisdomTree Energy Enhanced,BENE.L,80.13,0.56,2.799,No
747,Umicore SA,0RUY.IL,100.42,0.664,0.36,Yes
748,BE Semiconductor Industries N.V.,0XVE.IL,99.55,0.661,1.443,Yes
749,Endeavour Mining plc,EDVL.XC,79.29,0.556,1.806,Yes
750,Zegona Communications plc,ZEG.L,43.43,0.341,0.158,Yes
751,WisdomTree Bloomberg WTI Crude Oil ETC,WTID.L,106.44,0.697,3.199,No
752,Seeing Machines Limited,SEE.L,118.95,0.756,0.522,No
753,Orrön Energy AB (publ),0NNR.IL,94.95,0.642,0.761,Yes
754,discoverIE Group plc,DSCVL.XC,52.36,0.401,1.553,Yes
755,ForFarmers N.V.,0RHZ.IL,45.13,0.354,1.168,Yes
756,M.P. Evans Group PLC,MPEL.XC,42.78,0.338,0.619,Yes
757,ABB Ltd,ABBS.XC,44.82,0.352,1.177,Yes
758,Fnac Darty SA,0QSH.IL,26.95,0.226,0.314,Yes
759,Eurotech S.p.A.,0E7Z.IL,39.01,0.314,1.342,No
760,Essity AB (publ),0RQD.IL,23.21,0.198,1.307,Yes
761,Uniper SE,0RJ4.IL,53.52,0.411,1.398,No
762,Franchise Brands plc,FRAN.L,27.4,0.23,0.405,Yes
763,Pacific Assets Trust plc,PAC.L,25.46,0.216,1.307,Yes
764,Bouygues SA,0HAN.IL,24.52,0.209,0.92,Yes
765,Compagnie Financière Richemont SA,0QMU.IL,35.83,0.293,0.845,Yes
766,Société Générale Société anonyme,GLEP.XC,41.6,0.333,1.435,Yes
767,Renishaw plc,RSW.L,60.46,0.456,1.952,Yes
768,Renishaw plc,RSWL.XC,59.29,0.45,1.96,Yes
769,The Global Smaller Companies Trust Ord,GSCT.L,17.25,0.152,0.953,Yes
770,Metro Bank Holdings PLC,MTROL.XC,52.77,0.409,0.364,Yes
771,Bunzl plc,BNZL.L,23.05,0.199,0.264,Yes
772,Mersen S.A.,0Q6Q.IL,88.61,0.621,1.191,Yes
773,XP Factory Plc,XPF.L,67.01,0.5,2.474,No
774,BH Macro Limited,BHMG.L,9.46,0.087,0.486,Yes
775,CoreShares WTI Oil ETC,WTI.L,114.24,0.752,3.479,No
776,discoverIE Group plc,DSCV.L,51.26,0.403,1.623,Yes
777,Aegon Ltd.,0Q0Y.IL,24.29,0.21,0.338,Yes
778,SCOR SE,SCRP.XC,26.05,0.224,0.841,Yes
779,BB Biotech AG,BIONZ.XC,7.53,0.07,0.47,No
780,Montea Comm. VA,0LBY.IL,5.45,0.051,0.046,No
781,Brembo N.V.,0RPV.IL,2.75,0.026,0.024,No
782,The Henderson Smaller Companies Investment Trust plc,HSLL.XC,0.01,0.0,0.001,No
783,Baillie Gifford Shin Nippon PLC,BGSL.XC,0.01,0.0,0.0,Yes
784,OTP Bank Nyrt.,0M69.IL,11.29,0.103,0.094,No
785,Mobius Investment Trust plc,MMITL.XC,0.01,0.0,0.0,Yes
786,Anima Holding SpA,0QTI.IL,8.75,0.081,0.04,Yes
787,ALK-Abelló A/S,0OIR.IL,1.19,0.011,0.076,No
788,Aurora UK Alpha plc,ARRL.XC,0.02,0.0,0.0,No
789,HgCapital Trust plc,HGTL.XC,0.01,0.0,0.0,No
790,"Grupo Empresarial San José, S.A.",0L91.IL,4.98,0.047,0.043,No
791,Baillie Gifford European Growth Trust plc,BGEUL.XC,0.01,0.0,0.0,Yes
792,B2 Impact ASA,0RIT.IL,33.66,0.281,0.257,No
793,Platzer Fastigheter Holding AB (publ),0QIA.IL,1.74,0.017,0.111,No
794,Ringkjøbing Landbobank A/S,0RPR.IL,2.2,0.021,0.14,No
795,Redde Northgate PLC,67GX.L,4.12,0.039,0.261,No
796,Nordnet AB (publ),0A6V.IL,6.45,0.06,0.03,Yes
797,Fidelity European Trust PLC,FEVL.XC,0.02,0.0,0.001,No
798,Schroders Investment Trusts - Schroder Asian Total Return Investment Company plc,ATRL.XC,0.03,0.0,0.0,Yes
799,Storskogen Group AB (publ),0AA9.IL,0.3,0.003,0.003,No
800,Mandatum Oyj,0MAN.IL,35.0,0.291,0.266,No
801,Barco NV,0KDK.IL,2.72,0.026,0.023,No
802,Exosens,0EXO.IL,1.59,0.015,0.014,No
803,"Nueva Expresión Textil, S.A.",NXTE.XC,95.44,0.66,0.984,Yes
804,Avanza Bank Holding AB (publ),AZAS.XC,24.08,0.209,0.85,No
805,The Law Debenture Corporation p.l.c.,LWDBL.XC,21.97,0.193,1.143,Yes
806,Société Générale Société anonyme,0J6Y.IL,42.29,0.345,1.651,Yes
807,AB SKF (publ),0NWX.IL,27.1,0.234,1.398,Yes
808,Aberdeen Group Plc,ABDNL.XC,34.46,0.289,1.008,Yes
809,Schneider Electric S.E.,SUP.XC,40.2,0.331,2.178,Yes
810,Schneider Electric S.E.,0NWV.IL,38.87,0.322,2.12,Yes
811,Avanza Bank Holding AB (publ),0NUK.IL,24.23,0.212,1.087,No
812,Piraeus Bank S.A.,0RTY.IL,49.49,0.396,0.73,Yes
813,Sulzer AG,0QQ9.IL,28.46,0.246,0.582,Yes
814,Bachem Holding AG,BANBZ.XC,43.67,0.357,1.05,No
815,Pharmanutra S.p.A.,PHNM.XC,59.2,0.461,0.45,No
816,Ithaca Energy plc,ITHL.XC,61.02,0.475,0.507,Yes
817,Yara International ASA,0O7D.IL,36.08,0.306,0.651,No
818,Mineral & Financial Investments Limited,MAFL.L,64.05,0.497,1.311,Yes
819,Aberdeen Asian Income Fund Limited,AAIF.L,34.84,0.297,1.382,Yes
820,Coca-Cola HBC AG,CCH.L,40.2,0.337,1.839,Yes
821,flatexDEGIRO SE,0W89.IL,53.68,0.431,0.706,No
822,Coca-Cola HBC AG,CCHL.XC,40.4,0.34,1.853,Yes
823,WisdomTree Core Physical Silver USD ETC,WSIL.L,77.09,0.578,1.651,Yes
824,SCOR SE,0IT3.IL,25.36,0.225,0.484,Yes
825,Invesco Physical Silver ETC,SLVP.L,76.61,0.576,1.62,Yes
826,Rolls-Royce Holdings plc,RRL.XC,37.32,0.318,1.825,Yes
827,Umicore SA,UMIB.XC,118.97,0.801,0.281,Yes
828,CEPS PLC,CEPS.L,40.26,0.339,1.263,Yes
829,Bodycote plc,BOYL.XC,62.79,0.492,1.577,Yes
830,JPMorgan US Smaller Companies Ord,JUSC.L,13.82,0.129,0.294,Yes
831,Bodycote plc,BOY.L,63.55,0.498,1.497,Yes
832,Ithaca Energy plc,ITH.L,59.65,0.473,0.613,Yes
833,Pirelli & C. S.p.A.,PIRCM.XC,17.93,0.165,0.758,Yes
834,Siemens Aktiengesellschaft,0P6M.IL,40.16,0.34,1.475,Yes
835,Bolloré SE,0IXZ.IL,14.7,0.137,0.178,Yes
836,Revolution Beauty Group plc,REVB.L,86.6,0.636,1.247,Yes
837,Sulzer AG,SUNZ.XC,27.02,0.24,0.518,Yes
838,WisdomTree Physical Silver,PHSP.L,76.03,0.576,1.621,Yes
839,WisdomTree Core Physical Silver USD ETC,WSLV.L,81.59,0.61,1.685,Yes
840,Getinge AB (publ),0GZV.IL,32.47,0.284,1.06,Yes
841,RS Group plc,RS1.L,46.24,0.386,1.855,Yes
842,BH Macro Limited,BHMU.L,8.2,0.079,0.4,Yes
843,flatexDEGIRO SE,FTKD.XC,51.39,0.423,0.75,No
844,Continental Aktiengesellschaft,COND.XC,36.76,0.318,1.595,Yes
845,Philip Morris International Inc.,0M8V.L,28.41,0.253,0.966,Yes
846,SpareBank 1 SMN,0IVM.IL,20.69,0.19,0.279,Yes
847,iShares Physical Silver ETC,ISLN.L,81.01,0.61,1.648,Yes
848,Shell plc,SHEL.L,34.09,0.298,0.142,No
849,Kerry Group plc,KYGAL.XC,15.59,0.147,0.448,Yes
850,Invesco Physical Silver ETC,SSLV.L,81.11,0.613,1.658,Yes
851,Pennant International Group plc,PEN.L,51.49,0.425,1.223,Yes
852,WisdomTree Physical Silver,PHAG.L,80.83,0.612,1.666,Yes
853,"Grenergy Renovables, S.A.",GREE.XC,50.04,0.418,0.753,Yes
854,WisdomTree Physical Silver,PHAGL.XC,81.92,0.623,1.7,Yes
855,Aberdeen Asia Focus PLC,AAS.L,33.04,0.294,1.394,Yes
856,Worldwide Healthcare Ord,WWH.L,23.04,0.213,0.214,Yes
857,Continental Aktiengesellschaft,0LQ1.IL,40.27,0.349,2.073,Yes
858,Valeo SE,0RH5.IL,56.54,0.465,2.476,Yes
859,Shell plc,SHELL.XC,33.89,0.301,0.177,No
860,RS Group plc,RS1L.XC,45.06,0.386,1.935,Yes
861,Pearson plc,PSON.L,20.4,0.191,0.106,No
862,Siemens Aktiengesellschaft,SIED.XC,40.82,0.354,1.481,Yes
863,Befesa S.A.,0RVK.IL,43.47,0.375,1.737,Yes
864,WisdomTree Silver,SLVR.L,78.83,0.61,1.688,Yes
865,PZ Cussons plc,PZCL.XC,37.91,0.333,0.344,Yes
866,Pebble Beach Systems Group plc,PEB.L,66.37,0.533,1.356,Yes
867,Thungela Resources Limited,TGAL.XC,100.97,0.739,2.964,No
868,StarragTornos Group AG,STGNZ.XC,14.67,0.142,0.467,Yes
869,Securitas AB (publ),0IAH.IL,12.74,0.124,0.434,Yes
870,Mercantile Ord,MRC.L,17.69,0.169,0.875,Yes
871,Elkem ASA,0SFN.IL,29.37,0.269,0.481,Yes
872,Pan African Resources PLC,PAFL.XC,116.19,0.823,2.476,Yes
873,Dermapharm Holding SE,0A5J.IL,32.04,0.291,0.176,No
874,DEUTZ Aktiengesellschaft,0E4K.IL,84.15,0.649,3.081,Yes
875,Christie Group plc,CTG.L,50.04,0.428,0.797,Yes
876,IncomeShares Silver+ Yield ETP,SLVY.L,68.25,0.552,1.629,Yes
877,Quilter plc,QLT.L,20.6,0.197,1.0,Yes
878,Softcat plc,SCTL.XC,47.48,0.412,1.393,No
879,Pan African Resources PLC,PAF.L,112.28,0.811,2.49,Yes
880,SGS SA,0QMI.IL,23.9,0.226,1.527,Yes
881,Clas Ohlson AB (publ),0GQE.IL,37.88,0.34,0.582,Yes
882,Resolute Mining Limited,RSG.L,102.7,0.761,0.681,Yes
883,Snam S.p.A.,0NQP.IL,23.15,0.22,0.802,Yes
884,Kambi Group plc,0EAW.IL,60.74,0.506,1.267,No
885,Hargreaves Services Plc,HSP.L,24.63,0.232,0.761,Yes
886,Ypsomed Holding AG,YPSNZ.XC,40.4,0.36,1.271,No
887,Law Debenture Corporation Ord,LWDB.L,21.51,0.206,1.231,Yes
888,Hapag-Lloyd Aktiengesellschaft,0RCG.IL,27.48,0.257,1.422,Yes
889,Bunzl plc,BNZLL.XC,21.9,0.21,0.351,Yes
890,Pearson plc,PSONL.XC,20.48,0.197,0.139,Yes
891,Thungela Resources Limited,TGA.L,98.66,0.743,3.042,No
892,JPMorgan American Ord,JAM.L,13.06,0.13,0.435,Yes
893,Marston's PLC,MARS.L,46.57,0.41,0.938,Yes
894,Tamburi Investment Partners S.p.A.,0G9J.IL,25.63,0.243,1.292,Yes
895,PZ Cussons plc,PZC.L,37.49,0.341,0.359,Yes
896,Valeo SE,FRP.XC,46.76,0.413,2.434,Yes
897,Marston's PLC,MARSL.XC,45.32,0.404,0.816,Yes
898,Herald Ord,HRI.L,27.21,0.259,0.463,Yes
899,Sartorius Aktiengesellschaft,0NIR.IL,39.54,0.362,0.844,Yes
900,Carlsberg A/S,0AI4.IL,29.28,0.278,2.095,Yes
901,"Mapfre, S.A.",0NQ2.IL,20.46,0.201,0.116,Yes
902,National Atomic Company Kazatomprom JSC,KAPL.XC,75.45,0.617,1.092,Yes
903,SGS SA,SGSNZ.XC,22.14,0.216,1.453,Yes
904,National Atomic Company Kazatomprom JSC,KAP.IL,72.27,0.598,1.16,Yes
905,Rainbow Rare Earths Limited,RBW.L,49.19,0.437,0.156,Yes
906,Afentra plc,AET.L,83.83,0.672,2.263,No
907,Inchcape plc,INCHL.XC,28.13,0.27,1.909,Yes
908,Softcat plc,SCT.L,46.16,0.416,1.502,No
909,Inchcape plc,INCH.L,29.81,0.285,2.018,Yes
910,Berkshire Hathaway Inc.,0HN0.L,9.89,0.103,0.677,Yes
911,Investec Group,INVP.L,24.58,0.241,1.44,Yes
912,Gold Bullion Securities,OGG9.L,28.97,0.279,1.348,Yes
913,The Swatch Group AG,UHRZ.XC,39.01,0.363,1.288,Yes
914,Land Securities Group Plc,LANDL.XC,22.54,0.223,1.221,Yes
915,AltynGold plc,ALTNL.XC,106.86,0.815,2.298,Yes
916,Investec Group,INVPL.XC,25.14,0.246,1.507,Yes
917,System1 Group PLC,SYS1.L,53.11,0.472,3.002,No
918,Cambi ASA,0ABM.IL,26.81,0.262,0.939,No
919,JPMorgan Japanese Investment Trust plc,JFJL.XC,30.87,0.297,1.908,Yes
920,AltynGold plc,ALTN.L,104.91,0.809,2.231,Yes
921,Curatis Holding AG,CURNZ.XC,59.45,0.522,0.183,No
922,Baillie Gifford Japan Ord,BGFD.L,20.32,0.205,1.114,Yes
923,Veolia Environnement SA,0NY8.IL,22.99,0.23,1.315,Yes
924,Telefonaktiebolaget LM Ericsson (publ),ERICBS.XC,40.52,0.38,0.672,Yes
925,Norcros plc,NXRL.XC,33.33,0.321,1.916,Yes
926,Land Securities Group Plc,LAND.L,22.8,0.229,1.406,Yes
927,Fnac Darty SA,FNACP.XC,33.33,0.323,2.036,No
928,Alliance Witan Ord,ALW.L,11.28,0.119,0.557,Yes
929,Veolia Environnement SA,VIEP.XC,23.24,0.234,1.339,Yes
930,Steppe Cement Ltd.,STCM.L,30.28,0.297,1.625,Yes
931,,BTCXZ.XC,60.71,0.538,0.006,Yes
932,HICL Infrastructure PLC Ord,HICL.L,14.01,0.147,0.648,Yes
933,The Swatch Group AG,0QJV.IL,37.59,0.36,1.178,Yes
934,Colruyt Group N.V.,0N4Y.IL,19.6,0.201,0.014,Yes
935,Michelin,MLP.XC,25.65,0.257,1.484,Yes
936,Aedifica NV/SA,AEDB.XC,24.31,0.245,1.253,Yes
937,The Beauty Tech Group plc,TBTG.L,47.35,0.441,1.31,Yes
938,JOST Werke SE,0RTR.IL,44.85,0.421,2.197,Yes
939,Walmart Inc.,WMTD.XC,25.81,0.26,0.164,No
940,PFISTERER Holding SE,PFSED.XC,72.46,0.628,0.88,No
941,Secure Trust Bank PLC,STB.L,43.96,0.417,1.58,Yes
942,Snowflake Inc.,0A93.IL,83.87,0.706,1.19,No
943,Secure Trust Bank PLC,STBL.XC,43.78,0.417,1.583,Yes
944,Aedifica NV/SA,0DKX.IL,18.95,0.198,1.268,Yes
945,Irish Residential Properties REIT Plc,0QT8.IL,22.2,0.231,1.097,Yes
946,Deutsche Bank Aktiengesellschaft,0H7D.IL,28.67,0.291,0.795,Yes
947,iShares Physical Gold ETC,EGLN.L,25.72,0.265,1.036,Yes
948,Recordati Industria Chimica e Farmaceutica S.p.A.,RECM.XC,8.34,0.092,0.098,No
949,Aberforth Smaller Companies Ord,ASL.L,19.83,0.21,1.261,Yes
950,River UK Micro Cap Limited,RMMC.L,26.06,0.269,1.179,Yes
951,Distribution Finance Capital Holdings plc,DFCH.L,46.57,0.449,1.807,Yes
952,KWS SAAT SE & Co. KGaA,0F1N.IL,24.55,0.256,1.267,No
953,Norcros plc,NXR.L,32.77,0.332,2.111,Yes
954,Coca-Cola Europacific Partners PLC,CCEPA.XC,34.76,0.349,2.245,Yes
955,Savannah Resources Plc,SAV.L,62.7,0.574,0.46,Yes
956,Scottish American Ord,SAIN.L,12.87,0.141,0.7,Yes
957,Telefonaktiebolaget LM Ericsson (publ),0O87.IL,35.02,0.352,0.544,Yes
958,IntegraFin Holdings plc,IHPL.XC,17.54,0.189,0.073,No
959,E.ON SE,0MPP.IL,18.79,0.201,1.208,Yes
960,Accor SA,ACP.XC,26.06,0.272,1.39,Yes
961,Goodwin PLC,GDWNL.XC,119.78,0.945,4.953,Yes
962,Personal Group Holdings Plc,PGH.L,26.65,0.28,1.356,No
963,Sprott Physical Gold and Silver Trust,0N2R.IL,37.12,0.376,1.724,Yes
964,Eurofins Scientific SE,ERFP.XC,23.7,0.253,0.513,Yes
965,WisdomTree Physical Precious Metals,PHPP.L,34.15,0.351,1.362,Yes
966,Winvia Entertainment Plc,WVIA.L,38.08,0.387,1.634,Yes
967,Addtech AB (publ.),ADDTBS.XC,17.03,0.188,0.932,Yes
968,J D Wetherspoon plc,JDW.L,36.33,0.372,1.732,Yes
969,Afentra plc,AETL.XC,92.63,0.8,3.955,No
970,Rubis,0RTS.IL,16.43,0.182,0.876,Yes
971,Goodwin PLC,GDWN.L,115.16,0.943,4.991,Yes
972,SpareBank 1 Sør-Norge ASA,SB1NOO.XC,20.22,0.221,0.756,Yes
973,Ørsted A/S,0RHE.IL,30.27,0.319,0.198,Yes
974,Personal Assets Ord,PNL.L,7.26,0.084,0.501,Yes
975,Wheaton Precious Metals Corp.,WPM.L,64.35,0.606,1.394,Yes
976,Ajax Resources Plc,AJAX.AQ,113.69,0.937,0.854,Yes
977,JPMorgan European Growth & Income Ord,JEGI.L,18.81,0.208,1.398,Yes
978,Crédit Agricole S.A.,ACAP.XC,23.47,0.255,1.07,Yes
979,Golden Prospect Precious Metals Ltd.,GPM.L,53.31,0.521,1.297,Yes
980,Crédit Agricole S.A.,0HAI.IL,23.9,0.26,1.27,Yes
981,Schaeffler AG,SHA0D.XC,78.41,0.714,2.965,Yes
982,ASA International Group PLC,ASAIL.XC,48.28,0.483,1.973,Yes
983,Schroder BSC Social Impact Trust Ord,SBSI.L,13.84,0.157,0.151,Yes
984,Lonza Group AG,LONNZ.XC,14.42,0.164,0.464,Yes
985,James Fisher and Sons plc,FSJ.L,31.76,0.339,1.779,Yes
986,Murray Income Trust Ord,MUT.L,14.98,0.171,1.319,Yes
987,Kitron ASA,KITO.XC,62.4,0.603,2.905,Yes
988,WisdomTree Physical Precious Metals,PHPM.L,36.0,0.379,1.405,Yes
989,Heineken Holding N.V.,0NBD.IL,28.58,0.31,2.241,Yes
990,Swisscom AG,0QKI.IL,16.86,0.191,0.901,Yes
991,Viridien Société anonyme,VIRIP.XC,104.17,0.899,0.43,Yes
992,Metrovacesa S.A.,0HXI.IL,41.23,0.429,2.914,Yes
993,Fresnillo plc,FRES.L,60.24,0.589,1.643,Yes
994,MHP SE,MHPCL.XC,47.04,0.48,0.419,Yes
995,Delivery Hero SE,0RTC.IL,116.04,0.975,0.507,Yes
996,Raspberry Pi Holdings plc,RPIL.XC,88.4,0.799,0.077,Yes
997,Fresnillo plc,FRESL.XC,59.6,0.587,1.646,Yes
998,JPMorgan Japanese Ord,JFJ.L,25.87,0.287,1.876,Yes
999,Sabre Insurance Group plc,SBREL.XC,23.18,0.26,0.664,No
1000,Compagnie Générale des Établissements Michelin Société en commandite par actions,0OFM.IL,25.22,0.281,1.484,Yes
1001,Sequoia Economic Infrastructure Income Fund Limited,SEQI.L,11.96,0.141,0.992,Yes
1002,Unibail-Rodamco-Westfield SE,0YO9.IL,20.15,0.23,1.603,Yes
1003,Sabre Insurance Group plc,SBRE.L,23.21,0.262,0.752,No
1004,Orange S.A.,0OQV.IL,20.02,0.229,1.174,Yes
1005,Derwent London Plc,DLN.L,22.98,0.26,1.063,Yes
1006,Derwent London Plc,DLNL.XC,24.09,0.271,1.071,Yes
1007,Aumann AG,0RO8.IL,27.6,0.307,0.568,Yes
1008,Ayvens,AYVP.XC,24.46,0.276,0.81,Yes
1009,Wärtsilä Oyj Abp,WRT1VH.XC,33.56,0.366,1.826,Yes
1010,Zurich Insurance Group AG,0QP2.IL,13.36,0.158,0.441,Yes
1011,Raspberry Pi Holdings plc,RPI.L,86.63,0.802,0.16,Yes
1012,Serica Energy plc,SQZL.XC,47.85,0.499,0.032,Yes
1013,Serica Energy plc,SQZ.L,47.84,0.499,0.032,Yes
1014,American Airlines Group Inc.,0HE6.IL,70.12,0.683,0.35,Yes
1015,Gold Bullion Securities,GBSL.XC,24.59,0.28,1.199,Yes
1016,Xtract Resources Plc,XTR.L,102.49,0.921,5.764,Yes
1017,Hafnia Limited,HAFNIO.XC,33.09,0.367,0.77,Yes
1018,Invesco Global Equity Income Trust ord,IGET.L,15.45,0.184,1.025,Yes
1019,SKAN Group AG,SKANZ.XC,32.25,0.36,0.892,Yes
1020,Immobiliare Grande Distribuzione SIIQ S.p.A.,0STP.IL,32.84,0.366,2.232,Yes
1021,James Fisher and Sons plc,FSJL.XC,32.27,0.36,1.762,Yes
1022,Bonheur ASA,0DTI.IL,20.15,0.236,0.406,Yes
1023,Flow Traders Ltd.,0R96.IL,21.13,0.246,0.74,No
1024,DBV Technologies S.A.,0QAJ.IL,88.7,0.833,1.596,Yes
1025,Royal Mint Responsibly Sourced Physical Gold ETC,RMAP.L,23.61,0.273,1.096,Yes
1026,Xtrackers IE Physical Gold ETC,XGDP.L,23.89,0.277,1.138,Yes
1027,WisdomTree Physical Swiss Gold,SGBX.L,23.83,0.276,1.135,Yes
1028,ElringKlinger AG,0MG5.IL,30.72,0.348,1.379,No
1029,Temenos AG,0QOA.IL,28.07,0.321,0.674,Yes
1030,JPMorgan Global Growth & Income Ord,JGGI.L,9.74,0.12,0.602,Yes
1031,Amundi Physical Gold ETC C,GLDD.L,25.76,0.298,1.188,Yes
1032,PSP Swiss Property AG,PSPNZ.XC,11.85,0.145,0.931,Yes
1033,Hunting PLC,HTG.L,28.37,0.325,1.537,Yes
1034,iShares Physical Gold ETC,IGLNL.XC,25.85,0.299,1.179,Yes
1035,AXA SA,0HAR.IL,17.75,0.212,0.587,Yes
1036,Advanced Medical Solutions Group plc,AMSL.XC,38.05,0.422,0.627,Yes
1037,Arkema S.A.,AKEP.XC,22.73,0.267,1.163,Yes
1038,iShares Physical Gold ETC,SGLN.L,23.34,0.273,1.117,Yes
1039,WisdomTree Core Physical Gold USD ETC,GLDW.L,23.57,0.276,1.136,Yes
1040,Coca-Cola Europacific Partners PLC,CCEPL.XC,30.86,0.352,2.347,Yes
1041,Xtrackers IE Physical Gold ETC,XGDU.L,25.46,0.296,1.177,Yes
1042,WisdomTree Core Physical Gold USD ETC,WGLD.L,25.57,0.297,1.184,Yes
1043,Genmab A/S,GMABC.XC,23.45,0.275,0.147,No
1044,"Acciona, S.A.",ANAE.XC,42.0,0.461,2.74,Yes
1045,Xtrackers Physical Gold ETC,XGLD.L,25.63,0.299,1.197,Yes
1046,Tristel plc,TSTL.L,19.77,0.236,0.852,Yes
1047,Royal Mint Responsibly Sourced Physical Gold ETC,RMAU.L,25.6,0.299,1.181,Yes
1048,Essity AB (publ),ESSIBS.XC,17.28,0.209,1.412,Yes
1049,iShares Physical Gold ETC,IGLN.L,25.3,0.296,1.174,Yes
1050,WisdomTree Physical Gold,PHGP.L,23.2,0.274,1.135,Yes
1051,AXA SA,CSP.XC,18.61,0.224,0.64,Yes
1052,Invesco Physical Gold ETC,SGLD.L,25.29,0.297,1.167,Yes
1053,Huber+Suhner AG,HUBNZ.XC,46.66,0.507,1.402,Yes
1054,Impax Environmental Markets Ord,IEM.L,17.04,0.207,1.085,Yes
1055,Ashmore Group Plc,ASHML.XC,38.8,0.434,1.537,Yes
1056,"TSK Electrónica y Electricidad, S.A.",TSKE.XC,88.86,0.853,9.8,No
1057,Accor SA,0H59.IL,27.68,0.323,1.243,Yes
1058,Ashmore Group Plc,ASHM.L,38.79,0.434,1.522,Yes
1059,Swisscom AG,SCMNZ.XC,16.24,0.198,1.044,Yes
1060,Temenos AG,TEMNZ.XC,28.61,0.333,0.854,Yes
1061,Alpha Bank S.A.,0RCS.IL,33.6,0.384,0.985,Yes
1062,Jupiter Fund Management Plc,JUP.L,24.64,0.292,0.995,Yes
1063,WisdomTree Physical Gold,PHAU.L,24.99,0.296,1.17,Yes
1064,Arkema S.A.,0IB0.IL,24.64,0.292,1.492,Yes
1065,Kinross Gold Corporation,0R2D.IL,54.29,0.581,1.027,Yes
1066,Tharisa plc,THS.L,36.78,0.418,0.957,Yes
1067,North Atlantic Smaller Cos Ord,NAS.L,14.08,0.174,0.755,Yes
1068,Sodexo S.A.,0J3F.IL,20.43,0.247,0.65,Yes
1069,DNO ASA,0MHP.IL,39.62,0.446,2.472,No
1070,Compagnie d'Entreprises CFE SA,0O2T.IL,41.99,0.47,1.968,Yes
1071,Mercialys SA,MERYP.XC,16.58,0.204,1.09,Yes
1072,Nestlé S.A.,0QR4.IL,16.46,0.202,0.988,Yes
1073,Zurich Insurance Group AG,ZURNZ.XC,13.12,0.164,0.393,Yes
1074,Ayvens,0RSP.IL,24.81,0.296,0.768,Yes
1075,Hunting PLC,HTGL.XC,28.09,0.332,1.551,Yes
1076,Elekta AB (publ),0O5H.IL,22.7,0.274,0.231,No
1077,"Acciona, S.A.",0H4K.IL,44.26,0.495,2.67,Yes
1078,"Young & Co.'s Brewery, P.L.C.",YNGN.L,25.28,0.303,2.183,Yes
1079,Wärtsilä Oyj Abp,0IKJ.IL,27.77,0.33,1.746,Yes
1080,Water Intelligence plc,WATR.L,41.74,0.472,1.518,Yes
1081,Advanced Medical Solutions Group plc,AMS.L,38.58,0.442,0.676,Yes
1082,Orange S.A.,ORAP.XC,18.83,0.232,1.277,Yes
1083,Sareum Holdings plc,SAR.L,94.36,0.913,2.027,No
1084,ASA International Group PLC,ASAI.L,44.89,0.504,2.439,Yes
1085,SGL Carbon SE,0MPL.IL,60.03,0.642,1.012,Yes
1086,HAL Trust,HALA.XC,19.47,0.24,1.18,Yes
1087,Schroder UK Mid Cap Ord,SCP.L,14.23,0.179,1.088,Yes
1088,WisdomTree Physical Gold - GBP Daily Hedged,GBSP.L,24.37,0.296,1.165,Yes
1089,STMicroelectronics N.V.,STMPAP.XC,100.46,0.963,0.172,No
1090,iShares Physical Gold GBP Hedged ETC,IGLG.L,24.1,0.295,1.168,Yes
1091,BlackRock Frontiers Ord,BRFI.L,20.87,0.259,1.731,Yes
1092,Groupe Minoteries SA,GMIZ.XC,7.95,0.104,0.115,Yes
1093,Allreal Holding AG,ALLNZ.XC,12.65,0.163,0.689,Yes
1094,Monks Ord,MNKS.L,14.23,0.182,0.696,Yes
1095,SoftwareOne Holding AG,SWONZ.XC,32.94,0.393,1.172,No
1096,Venture Life Group plc,VLG.L,22.95,0.284,0.55,Yes
1097,Impax Environmental Markets Plc,IEML.XC,15.45,0.198,0.989,Yes
1098,Everyman Media Group plc,EMAN.L,62.89,0.681,4.138,No
1099,Henderson Smaller Companies Ord,HSL.L,18.4,0.233,1.151,Yes
1100,"Amazon.com, Inc.",AMZD.XC,26.18,0.321,0.403,No
1101,HEXPOL AB (publ),0R7O.IL,27.77,0.339,1.024,Yes
1102,Italgas S.p.A.,0RK1.IL,22.88,0.285,1.22,Yes
1103,Xtrackers IE Physical Gold GBP Hedged ETC Securities 6,XGDG.L,23.86,0.296,1.179,Yes
1104,Invesco Physical Gold ETC GBP Hedged,SGLS.L,24.02,0.298,1.163,Yes
1105,Sodexo S.A.,SWP.XC,21.05,0.265,0.813,Yes
1106,Trustpilot Group plc,TRSTL.XC,54.73,0.612,3.036,No
1107,PUMA SE,0NQE.IL,32.33,0.392,1.359,Yes
1108,Elekta AB (publ),EKTABS.XC,23.19,0.292,0.526,No
1109,IncomeShares Silver+ Yield ETP,SLVI.L,44.38,0.517,1.468,Yes
1110,Intertek Group plc,ITRK.L,38.28,0.456,2.087,Yes
1111,MS INTERNATIONAL plc,MSI.L,39.17,0.466,0.77,No
1112,WisdomTree Gold,BULP.L,21.69,0.275,1.152,Yes
1113,WisdomTree Gold,BULL.L,23.57,0.297,1.196,Yes
1114,Intertek Group plc,ITRKL.XC,39.15,0.467,2.169,Yes
1115,OVH Groupe S.A.,OVHP.XC,72.02,0.773,2.315,No
1116,Trustpilot Group plc,TRST.L,54.32,0.616,3.028,No
1117,thyssenkrupp AG,0O1C.IL,63.89,0.703,1.662,Yes
1118,Rockwood Strategic Ord,RKW.L,19.25,0.247,1.1,Yes
1119,Fulcrum Metals plc,FMET.L,53.27,0.609,3.463,Yes
1120,Cranswick plc,CWK.L,8.77,0.118,0.309,Yes
1121,Cranswick plc,CWKL.XC,8.51,0.115,0.313,Yes
1122,ASSA ABLOY AB (publ),0R87.IL,15.75,0.207,1.472,Yes
1123,Supermarket Income REIT plc,SUPRL.XC,11.96,0.16,1.019,Yes
1124,Helium One Global Limited,HE1.L,81.06,0.857,2.492,Yes
1125,NewRiver REIT plc,NRR.L,17.92,0.234,1.538,Yes
1126,Italgas S.p.A.,IGM.XC,28.06,0.352,1.584,Yes
1127,Northern Bear PLC,NTBR.L,38.23,0.464,0.49,Yes
1128,Sixt SE,0NW8.IL,16.22,0.214,0.338,Yes
1129,Trelleborg AB (publ),TRELBS.XC,18.42,0.241,1.397,Yes
1130,Vicat S.A.,0MGJ.IL,18.28,0.24,0.614,Yes
1131,Rubis,RUIP.XC,15.57,0.207,0.675,Yes
1132,Made Tech Group Plc,MTEC.L,41.17,0.498,1.277,Yes
1133,EPIC Suisse AG,EPICZ.XC,7.89,0.108,0.481,Yes
1134,Meren Energy Inc.,0QVL.IL,25.75,0.33,0.56,No
1135,Meren Energy Inc.,MERS.XC,26.9,0.345,0.867,No
1136,Haleon plc,HLN.L,13.58,0.184,0.999,Yes
1137,Harbour Energy plc,HBR.L,33.0,0.415,0.089,No
1138,Utilico Emerging Markets Ord,UEM.L,11.63,0.159,0.911,Yes
1139,Coca-Cola Europacific Partners PLC,CCEP.L,26.81,0.346,2.329,Yes
1140,Greggs plc,GRGL.XC,20.46,0.271,0.421,Yes
1141,Safran SA,SAFP.XC,24.61,0.321,1.765,Yes
1142,RTL Group S.A.,0MNC.IL,7.69,0.107,0.14,Yes
1143,Henkel AG & Co. KGaA,0IZ8.IL,21.63,0.285,1.958,Yes
1144,Tate & Lyle plc,TATE.L,35.6,0.446,0.392,No
1145,BP p.l.c.,BPL.XC,31.95,0.406,1.061,No
1146,Nestlé S.A.,NESNZ.XC,15.55,0.211,1.083,Yes
1147,PUMA SE,PUMD.XC,32.1,0.409,0.069,No
1148,Seascape Energy Asia plc,SEA.L,25.94,0.338,0.37,No
1149,Hexagon Composites ASA,0EOF.IL,53.3,0.633,0.881,No
1150,Hays plc,HASL.XC,96.84,1.014,1.483,Yes
1151,Harbour Energy plc,HBRL.XC,32.91,0.419,0.295,No
1152,Hays plc,HAS.L,94.99,1.001,1.478,Yes
1153,The European Smaller Companies Trust PLC,ESCT.L,15.91,0.217,0.82,Yes
1154,Invesco Physical Platinum ETC,SPPP.L,29.89,0.386,1.753,Yes
1155,Invesco Physical Platinum ETC,SPPT.L,32.63,0.417,1.795,Yes
1156,BioGaia AB (publ),0GTN.IL,14.41,0.198,0.771,No
1157,Brunner Ord,BUT.L,11.64,0.162,0.805,Yes
1158,BP p.l.c.,BP.L,31.78,0.408,1.062,No
1159,bet-at-home.com AG,0RIP.IL,49.13,0.595,2.082,Yes
1160,Tele2 AB (publ),0QE6.IL,15.69,0.215,0.584,Yes
1161,Supermarket Income REIT plc,SUPR.L,11.83,0.165,1.017,Yes
1162,Haleon plc,HLNL.XC,13.23,0.184,1.006,Yes
1163,Tate & Lyle plc,TATEL.XC,35.52,0.453,0.343,No
1164,NewRiver REIT plc,NRRL.XC,17.58,0.24,1.591,Yes
1165,WisdomTree Physical Platinum,PPTX.L,29.54,0.385,1.72,Yes
1166,Xtrackers ETC plc - Xtrackers IE Physical Platinum ETC 1,XPPT.L,32.45,0.419,1.783,Yes
1167,Kromek Group plc,KMK.L,46.77,0.576,2.418,Yes
1168,JPMorgan European Discovery Ord,JEDT.L,14.51,0.201,1.139,Yes
1169,PCI-PAL PLC,PCIP.L,34.51,0.444,1.42,Yes
1170,Onward Opportunities Limited,ONWD.L,21.43,0.29,0.914,Yes
1171,iShares Physical Platinum ETC,IPLT.L,32.04,0.417,1.763,Yes
1172,Sartorius Aktiengesellschaft,SRT3D.XC,22.08,0.298,0.825,Yes
1173,Plus500 Ltd.,PLUS.L,25.35,0.339,0.299,No
1174,Dr. Ing. h.c. F. Porsche AG,P911D.XC,25.22,0.337,0.794,Yes
1175,Edinburgh Investment Ord,EDIN.L,9.1,0.13,0.892,Yes
1176,Smiths News plc,SNWS.L,16.75,0.233,0.011,No
1177,Wendel,0HZD.IL,17.86,0.248,1.486,Yes
1178,OVH Groupe S.A.,0AAN.IL,55.36,0.673,0.975,No
1179,Henderson Far East Income Limited,HFEL.L,11.69,0.167,0.989,Yes
1180,Accelleron Industries AG,ACLNZ.XC,22.73,0.311,0.049,No
1181,Manitou BF SA,0NDA.IL,27.61,0.373,1.934,Yes
1182,"Faes Farma, S.A.",0K9H.IL,11.96,0.172,0.883,Yes
1183,Safran SA,0IU8.IL,23.72,0.326,1.878,Yes
1184,Plus500 Ltd.,PLUSL.XC,24.32,0.334,0.316,No
1185,VH Global Energy Infrastructure Ord,ENRG.L,11.19,0.162,0.912,Yes
1186,SBO AG,0O05.IL,22.01,0.309,1.221,Yes
1187,Kesko Oyj,KESKBH.XC,17.19,0.247,0.55,Yes
1188,Viridien Société anonyme,0RI9.IL,77.43,0.911,1.69,Yes
1189,Porvair plc,PRVL.XC,18.16,0.261,0.267,Yes
1190,Barings Emerging EMEA Opportunities Ord,BEMO.L,17.59,0.254,1.152,Yes
1191,Modern Times Group MTG AB,0GXJ.IL,37.16,0.499,0.541,No
1192,Smiths News PLC,SNWSL.XC,14.89,0.218,0.129,Yes
1193,"Semapa - Sociedade de Investimento e Gestão, SGPS, S.A.",0IE9.IL,23.87,0.337,1.213,Yes
1194,COLTENE Holding AG,CLTNZ.XC,18.6,0.268,1.324,Yes
1195,Holcim AG,0QKY.IL,16.63,0.242,0.471,Yes
1196,Sunda Energy Plc,SNDA.L,106.73,1.173,0.147,No
1197,Manchester & London Ord,MNL.L,30.96,0.428,0.52,Yes
1198,UPM-Kymmene Oyj,0NV5.IL,15.24,0.224,0.938,Yes
1199,Indutrade AB (publ),0H30.IL,26.56,0.374,1.774,Yes
1200,Brembo N.V.,BREM.XC,28.73,0.402,2.506,Yes
1201,Warteck Invest AG,WARNZ.XC,5.23,0.081,0.515,Yes
1202,Imerys S.A.,0NPX.IL,20.16,0.294,0.893,Yes
1203,Accelleron Industries AG,0ACC.IL,23.89,0.345,0.061,Yes
1204,ERG S.p.A.,0MHC.IL,15.59,0.233,1.292,Yes
1205,Henkel AG & Co. KGaA,0IZC.IL,20.1,0.295,2.02,Yes
1206,PATRIZIA SE,0FJC.IL,15.75,0.236,0.731,Yes
1207,Wüstenrot & Württembergische AG,0GJN.IL,16.61,0.248,1.8,Yes
1208,Drax Group plc,DRX.L,14.19,0.215,0.148,Yes
1209,Drax Group plc,DRXL.XC,14.44,0.22,0.148,Yes
1210,UPM-Kymmene Oyj,UPMH.XC,12.66,0.195,1.062,Yes
1211,Amcomri Group plc,AMCO.L,17.51,0.264,0.312,No
1212,IncomeShares Gold + Yield ETP,GLDI.L,15.12,0.23,0.946,Yes
1213,Dillistone Group Plc,DSG.L,64.17,0.825,4.871,Yes
1214,Malvern International Plc,MLVN.L,38.94,0.543,0.556,Yes
1215,Trifast plc,TRI.L,20.71,0.311,1.474,Yes
1216,The Pebble Group plc,PEBB.L,21.26,0.318,0.785,Yes
1217,Genmab A/S,0MGB.IL,17.91,0.272,0.437,No
1218,Chapel Down Group Plc,CDGP.L,27.44,0.402,0.433,No
1219,CRISM Therapeutics Corporation,CRTX.L,42.96,0.598,2.882,Yes
1220,Holcim AG,HOLNZ.XC,15.91,0.245,0.284,Yes
1221,Porvair plc,PRV.L,16.53,0.254,0.532,Yes
1222,IMCD N.V.,0QVU.IL,24.65,0.367,0.312,Yes
1223,CT UK High Income B Share Ord,CHIB.L,14.31,0.222,1.144,Yes
1224,Mobimo Holding AG,MOBNZ.XC,8.47,0.135,0.698,Yes
1225,Carel Industries S.p.A.,CRLM.XC,20.84,0.318,0.105,No
1226,Intershop Holding AG,ISNZ.XC,7.81,0.126,0.243,Yes
1227,Mobimo Holding AG,0QQY.IL,8.5,0.137,0.715,Yes
1228,AJ Bell plc,AJBL.XC,20.2,0.31,1.179,No
1229,Chesterfield Special Cylinders Holdings Plc,CSC.L,30.31,0.448,1.932,Yes
1230,Randstad N.V.,0NW2.IL,34.01,0.496,0.903,Yes
1231,One Media iP Group Plc,OMIP.L,24.54,0.371,0.53,Yes
1232,Teleperformance SE,0J6X.IL,51.8,0.713,0.971,Yes
1233,Big Technologies PLC,BIG.L,45.34,0.64,2.376,Yes
1234,Dr. Ing. h.c. F. Porsche AG,09II.IL,18.89,0.294,0.567,Yes
1235,ORIOR AG,ORONZ.XC,25.46,0.387,0.845,Yes
1236,"Hon Hai Precision Industry Co., Ltd.",HHPDL.XC,38.67,0.56,2.3,Yes
1237,Trafalgar Minerals Plc,TRAF.L,59.12,0.802,1.008,Yes
1238,Mercialys SA,0IQU.IL,13.55,0.217,1.036,Yes
1239,Fuchs SE,0LCR.IL,9.93,0.162,0.573,Yes
1240,Concurrent Technologies Plc,CNC.L,33.66,0.501,2.719,Yes
1241,Metals Exploration plc,MTL.L,33.71,0.501,1.414,Yes
1242,Serabi Gold plc,SRB.L,39.8,0.581,0.52,Yes
1243,Greencore Group plc,GNCL.XC,28.84,0.439,1.451,Yes
1244,PipeHawk plc,PIP.L,102.71,1.247,4.81,Yes
1245,L'Air Liquide S.A.,0NWF.IL,10.76,0.176,0.437,Yes
1246,Zug Estates Holding AG,ZUGNZ.XC,9.33,0.154,0.788,Yes
1247,Checkit plc,CKT.L,47.98,0.687,1.563,No
1248,AJ Bell plc,AJB.L,20.33,0.322,1.186,No
1249,Deutsche Lufthansa AG,0H4A.IL,28.26,0.435,1.756,Yes
1250,International Consolidated Airlines Group S.A.,IAG.L,20.64,0.327,1.208,Yes
1251,International Consolidated Airlines Group S.A.,IAGL.XC,20.41,0.325,1.2,Yes
1252,Tata Steel Limited,TTST.IL,12.09,0.199,1.247,Yes
1253,1&1 AG,0E6Y.IL,23.18,0.366,1.12,No
1254,Borders & Southern Petroleum plc,BOR.L,29.9,0.461,0.272,Yes
1255,Likewise Group Plc,LIKE.L,29.78,0.46,1.615,Yes
1256,Sartorius Stedim Biotech S.A.,0RG8.IL,24.96,0.393,0.219,Yes
1257,Greencore Group plc,GNC.L,29.15,0.452,1.471,Yes
1258,JPMorgan Emerg EMEA Sec Plc,JEMA.L,18.64,0.301,0.038,Yes
1259,Lagercrantz Group AB (publ),0RB7.IL,23.26,0.37,1.328,Yes
1260,"Hon Hai Precision Industry Co., Ltd.",HHPD.IL,37.31,0.564,2.291,Yes
1261,Hansard Global plc,HSD.L,9.96,0.168,0.442,Yes
1262,WashTec AG,0GJK.IL,11.14,0.188,0.842,Yes
1263,Interparfums SA,0IUJ.IL,17.13,0.282,0.378,Yes
1264,Victrex plc,VCTL.XC,31.43,0.489,2.087,Yes
1265,Safilo Group S.p.A.,0NJ5.IL,17.18,0.283,0.502,Yes
1266,Teleperformance SE,TEPP.XC,48.05,0.71,1.111,Yes
1267,Goldstone Resources Limited,GRL.L,94.08,1.213,0.356,Yes
1268,JPMorgan UK Small Cap Growth & Income,JUGI.L,14.05,0.235,1.542,Yes
1269,Smiths Group plc,SMINL.XC,15.94,0.265,1.924,Yes
1270,The Character Group plc,CCT.L,13.85,0.233,0.313,Yes
1271,Mitchells & Butlers plc,MAB.L,22.06,0.359,1.682,Yes
1272,Ovzon AB (publ),OVZONS.XC,50.72,0.746,0.34,Yes
1273,SSP Group plc,SSPG.L,32.18,0.506,1.446,Yes
1274,Ukrproduct Group Limited,UKR.L,34.25,0.536,0.74,Yes
1275,UnitedHealth Group Incorporated,0R0O.L,28.16,0.451,0.584,Yes
1276,Heineken N.V.,0O26.IL,15.41,0.26,1.695,Yes
1277,Sartorius Stedim Biotech S.A.,DIMP.XC,20.05,0.332,0.582,Yes
1278,Savills plc,SVS.L,18.58,0.31,1.127,Yes
1279,Lundin Gold Inc.,LUGS.XC,30.83,0.492,1.862,Yes
1280,Feintool International Holding AG,FTONZ.XC,18.97,0.317,0.49,Yes
1281,Vow ASA,0QTW.IL,46.29,0.702,0.649,Yes
1282,SSP Group plc,SSPGL.XC,30.98,0.497,1.351,Yes
1283,Alfen N.V.,ALFENA.XC,44.25,0.68,1.389,No
1284,Robert Walters plc,RWA.L,43.69,0.675,2.761,Yes
1285,Mitchells & Butlers plc,MABL.XC,21.85,0.366,1.719,Yes
1286,Smiths Group plc,SMIN.L,16.29,0.279,2.033,Yes
1287,Sika AG,SIKAZ.XC,18.7,0.317,1.112,Yes
1288,Sopra Steria Group SA,0NJQ.IL,29.74,0.483,0.184,Yes
1289,Frasers Group Plc,FRAS.L,18.04,0.308,0.664,Yes
1290,Robert Walters plc,RWAL.XC,42.05,0.658,2.648,Yes
1291,Skanska AB (publ),SKABS.XC,12.62,0.221,1.304,Yes
1292,Aeorema Communications plc,AEO.L,18.86,0.322,1.419,Yes
1293,Zambeef Products PLC,ZAM.L,12.55,0.22,1.023,No
1294,Newmark Security plc,NWT.L,23.91,0.4,1.591,Yes
1295,Solid State plc,SOLI.L,24.17,0.405,1.069,Yes
1296,Logistics Development Group plc,LDG.L,20.32,0.346,1.229,Yes
1297,Western Digital Corporation,WDCD.XC,58.79,0.879,2.854,No
1298,InvestAcc Group Limited,INAC.L,9.14,0.164,0.009,No
1299,Savills plc,SVSL.XC,17.41,0.303,1.201,Yes
1300,GreenRoc Strategic Materials Plc,GROC.L,42.58,0.675,0.377,Yes
1301,L'Oréal S.A.,0NZM.IL,10.56,0.189,0.989,Yes
1302,CleanTech Lithium Plc,CTL.L,60.66,0.907,3.283,Yes
1303,European Metals Holdings Limited,EMH.L,59.62,0.897,0.022,No
1304,MHP SE,MHPC.IL,33.29,0.547,1.367,Yes
1305,National Grid plc,NG.L,13.4,0.238,1.471,Yes
1306,Nexans S.A.,0IGF.IL,27.64,0.466,0.031,Yes
1307,Dianomi plc,DNM.L,33.43,0.552,0.465,No
1308,"Young & Co.'s Brewery, P.L.C.",YNGA.L,14.42,0.258,1.585,Yes
1309,Avacta Group Plc,AVCT.L,35.9,0.592,1.542,Yes
1310,Frasers Group Plc,FRASL.XC,15.93,0.288,0.673,Yes
1311,HEXPOL AB (publ),HPOLBS.XC,16.14,0.293,0.749,Yes
1312,Stora Enso Oyj,0KCK.IL,16.66,0.303,1.629,Yes
1313,Oxford Nanopore Technologies plc,ONTL.XC,49.56,0.801,0.656,No
1314,TMT Investments PLC,TMT.L,18.03,0.327,0.262,No
1315,National Grid plc,NGL.XC,12.84,0.238,1.547,Yes
1316,Hacksaw AB (publ),HACKS.XC,30.13,0.523,0.243,Yes
1317,Pinewood Technologies Group PLC,PINE.L,60.63,0.951,1.567,Yes
1318,L'Oréal S.A.,ORP.XC,9.97,0.188,0.918,Yes
1319,Straumann Holding AG,STMNZ.XC,19.28,0.35,1.176,Yes
1320,WisdomTree Softs,AIGS.L,13.15,0.246,1.42,No
1321,Oxford Nanopore Technologies plc,ONT.L,47.08,0.778,0.72,No
1322,D'Ieteren Group SA,0ON7.IL,19.7,0.361,1.313,Yes
1323,Lottomatica Group S.p.A.,LTMCM.XC,13.72,0.258,1.621,No
1324,CompuGroup Medical SE & Co. KGaA,0MSD.IL,5.55,0.108,0.477,Yes
1325,Andrews Sykes Group plc,ASY.L,9.19,0.176,0.217,Yes
1326,Novavest Real Estate AG,NRENZ.XC,5.06,0.099,0.489,Yes
1327,Marwyn Value Investors Ord,MVI.L,6.2,0.12,0.721,Yes
1328,UK Energy Group PLC,UKEN.L,106.02,1.489,4.478,Yes
1329,Nexans S.A.,NEXP.XC,25.87,0.465,0.276,Yes
1330,Worsley Investors Limited,WINV.L,5.38,0.105,0.272,No
1331,Hollywood Bowl Group plc,BOWLL.XC,16.54,0.31,0.914,Yes
1332,Pinewood Technologies Group PLC,PINEL.XC,56.31,0.918,1.315,Yes
1333,"MERLIN Properties SOCIMI, S.A.",0QVM.IL,15.26,0.289,1.798,Yes
1334,Ipsos SA,0KA3.IL,14.93,0.284,0.216,No
1335,India Capital Growth Fund Limited,IGC.L,14.09,0.269,0.681,Yes
1336,CALIDA Holding AG,CALNZ.XC,23.46,0.431,0.286,Yes
1337,TBC Bank Group PLC,TBCG.L,18.17,0.341,1.976,Yes
1338,Hollywood Bowl Group plc,BOWL.L,16.82,0.319,0.928,Yes
1339,Morgan Advanced Materials plc,MGAM.L,14.84,0.284,1.443,Yes
1340,SparkChange Physical Carbon EUA ETC,CO2.L,11.25,0.219,1.019,No
1341,Ratos AB (publ),0KBQ.IL,10.04,0.199,0.776,Yes
1342,Avolta AG,0QK3.IL,17.1,0.33,0.415,Yes
1343,Tritax Big Box Ord,BBOX.L,13.76,0.27,1.908,Yes
1344,DSV A/S,0JN9.IL,12.37,0.244,0.158,Yes
1345,SOL S.p.A.,SOLM.XC,14.33,0.282,1.953,No
1346,Serco Group plc,SRP.L,14.69,0.289,0.922,Yes
1347,Davide Campari-Milano N.V.,CPRM.XC,12.51,0.249,1.327,Yes
1348,BT Group plc,BT-A.L,10.18,0.205,1.023,Yes
1349,Bytes Technology Group plc,BYITL.XC,18.24,0.356,0.19,No
1350,TBC Bank Group PLC,TBCGL.XC,17.92,0.351,1.993,Yes
1351,Alten S.A.,0O1S.IL,32.52,0.603,1.042,Yes
1352,Karelian Diamond Resources Plc,KDR.L,65.56,1.09,6.676,No
1353,Bureau Veritas SA,0MH1.IL,9.6,0.195,1.497,Yes
1354,BT Group plc,BTL.XC,10.61,0.215,1.036,Yes
1355,BlackRock Latin American Ord,BRLA.L,12.42,0.249,0.993,Yes
1356,Reabold Resources Plc,RBD.L,70.68,1.16,0.145,Yes
1357,Touchstar plc,TST.L,19.26,0.376,0.829,Yes
1358,CML Microsystems plc,CML.L,32.01,0.596,0.347,No
1359,Jacquet Metals SA,0IN3.IL,14.18,0.284,1.224,Yes
1360,India Capital Growth Fund Limited,IGCL.XC,12.65,0.255,0.704,Yes
1361,Bytes Technology Group plc,BYIT.L,17.57,0.348,0.17,No
1362,River Global Plc,RVRB.L,8.75,0.18,0.417,Yes
1363,Playtech plc,PTECL.XC,24.12,0.465,1.039,Yes
1364,RM plc,RM.L,16.59,0.33,0.934,Yes
1365,Avolta AG,AVOLZ.XC,15.91,0.318,0.356,Yes
1366,KEFI Gold and Copper Plc,KEFI.L,40.86,0.745,4.85,Yes
1367,Stora Enso Oyj,STERVH.XC,16.6,0.332,0.893,Yes
1368,Chesterfield Resources plc,CHF.L,48.93,0.872,3.083,Yes
1369,Zehnder Group AG,ZEHNZ.XC,14.32,0.29,1.192,Yes
1370,PPHE Hotel Group Limited,PPHL.XC,32.13,0.608,1.257,Yes
1371,Mpac Group plc,MPAC.L,30.29,0.577,2.833,Yes
1372,Adecco Group AG,ADENZ.XC,32.67,0.617,1.705,Yes
1373,"tinyBuild, Inc.",TBLD.L,34.19,0.643,1.367,No
1374,Serco Group plc,SRPL.XC,14.08,0.287,0.867,Yes
1375,United Oil & Gas Plc,UOG.L,28.94,0.556,1.337,Yes
1376,Elementis plc,ELM.L,10.03,0.208,1.1,Yes
1377,L'Air Liquide S.A.,AIP.XC,8.72,0.182,0.783,Yes
1378,Sanlorenzo S.p.A.,SLM.XC,17.48,0.353,0.2,No
1379,Saab AB (publ),0GWL.IL,23.49,0.463,0.751,Yes
1380,Kazera Global plc,KZG.L,43.28,0.794,2.702,Yes
1381,Nordic Semiconductor ASA,0FF9.IL,18.99,0.381,0.276,No
1382,New Oriental Education & Technology Group Inc.,0K75.L,19.88,0.398,0.714,Yes
1383,Komax Holding AG,KOMNZ.XC,36.66,0.69,1.877,Yes
1384,ActiveOps Plc,AOM.L,34.95,0.663,2.171,Yes
1385,DSV A/S,DSVC.XC,11.87,0.246,0.233,Yes
1386,Recordati Industria Chimica e Farmaceutica S.p.A.,0KBS.IL,4.63,0.099,0.077,No
1387,Zephyr Energy plc,ZPHR.L,22.03,0.439,1.025,Yes
1388,Creo Medical Group PLC,CREO.L,36.05,0.685,2.915,Yes
1389,Playtech plc,PTEC.L,23.73,0.472,0.996,Yes
1390,Elementis plc,ELML.XC,9.94,0.209,1.176,Yes
1391,Geiger Counter Limited,GCL.L,27.47,0.541,1.07,Yes
1392,Time Finance plc,TIME.L,15.15,0.313,0.579,Yes
1393,WisdomTree Natural Gas 3x Daily Short,3NGS.L,101.02,1.586,6.202,Yes
1394,TKMS AG & Co KGaA,TKMSD.XC,37.28,0.709,2.405,Yes
1395,Sampo Oyj,0HAG.IL,6.14,0.132,0.126,No
1396,LEM Holding SA,LEHNZ.XC,39.25,0.745,0.833,Yes
1397,Bonduelle SCA,0N75.IL,16.46,0.341,1.211,Yes
1398,PPHE Hotel Group Limited,PPH.L,30.76,0.606,1.26,Yes
1399,WisdomTree Nickel,NICK.L,13.13,0.277,0.751,Yes
1400,Hera S.p.A.,HERM.XC,7.38,0.16,0.824,Yes
1401,DFS Furniture plc,DFS.L,23.95,0.492,2.568,Yes
1402,RM plc,RML.XC,14.97,0.319,0.628,Yes
1403,COFACE SA,COFAP.XC,8.29,0.182,0.308,Yes
1404,SalMar ASA,SALMO.XC,19.75,0.415,0.399,Yes
1405,DFS Furniture plc,DFSL.XC,24.67,0.508,2.81,Yes
1406,Mips AB (publ),0RNQ.IL,41.93,0.813,1.726,Yes
1407,Cembra Money Bank AG,CMBNZ.XC,4.21,0.094,0.019,Yes
1408,SparkChange Physical Carbon EUA ETC,CO2U.L,10.16,0.223,0.86,No
1409,Cadeler A/S,CADLRO.XC,21.48,0.453,1.57,Yes
1410,SoftwareOne Holding AG,SWONO.XC,21.94,0.463,1.538,No
1411,Alten S.A.,ATEP.XC,24.98,0.521,1.092,Yes
1412,Coor Service Management Holding AB,0R8Q.IL,11.5,0.254,0.546,Yes
1413,Stelrad Group PLC,SRADL.XC,16.61,0.359,2.477,Yes
1414,Yü Group PLC,YU.L,12.1,0.268,1.356,Yes
1415,Trifast plc,TRIL.XC,16.05,0.35,2.063,Yes
1416,Pandora A/S,PNDORC.XC,24.74,0.525,0.273,No
1417,"Salesforce, Inc.",0QYJ.L,30.47,0.633,0.466,No
1418,Marks and Spencer Group plc,MKS.L,14.23,0.315,1.959,Yes
1419,Scandic Hotels Group AB (publ),0RD7.IL,6.96,0.159,0.346,No
1420,APG|SGA SA,APGNZ.XC,5.41,0.125,0.749,Yes
1421,Brave Bison Group plc,BBSN.L,11.46,0.259,0.329,No
1422,WisdomTree Carbon,CARB.L,9.92,0.227,0.891,No
1423,Science Group plc,SAG.L,5.22,0.122,0.186,Yes
1424,Metall Zug AG,METNZ.XC,9.53,0.218,0.188,Yes
1425,Medartis Holding AG,MEDZ.XC,9.93,0.228,0.963,Yes
1426,Arcadis NV,0N6B.IL,24.9,0.539,0.138,Yes
1427,Evolution AB (publ),0RQ6.IL,14.48,0.328,1.295,No
1428,Currys plc,CURY.L,19.04,0.424,2.379,Yes
1429,Aviva plc,AVL.XC,9.37,0.217,1.158,Yes
1430,Mastercard Incorporated,0R2Z.L,7.65,0.179,0.016,Yes
1431,Aviva plc,AV.L,9.73,0.226,1.202,Yes
1432,Latécoère S.A.,0IXT.IL,14.59,0.332,0.348,No
1433,Pluxee N.V.,PLXP.XC,23.31,0.513,0.792,Yes
1434,"Novavax, Inc.",0A3S.IL,34.43,0.729,1.419,Yes
1435,Hannover Rück SE,0M9A.IL,7.86,0.186,0.082,No
1436,Jet2 plc,JET2.L,13.77,0.317,0.764,Yes
1437,Currys plc,CURYL.XC,18.86,0.427,2.457,Yes
1438,BW Offshore Limited,0RKH.IL,14.83,0.341,0.858,Yes
1439,Marks and Spencer Group plc,MKSL.XC,13.82,0.323,1.947,Yes
1440,Wacker Neuson SE,0K11.IL,22.33,0.504,0.962,Yes
1441,Thor Explorations Ltd.,THX.L,26.98,0.599,0.587,Yes
1442,CNH Industrial N.V.,0QGU.IL,18.74,0.431,1.371,Yes
1443,Deutsche Lufthansa AG,LHAD.XC,19.57,0.452,1.241,Yes
1444,Global Opportunities Trust Ord,GOT.L,6.51,0.16,0.304,Yes
1445,Town Centre Securities Plc,TOWN.L,8.22,0.2,0.836,Yes
1446,SparkChange Physical Carbon EUA ETC,CO2P.L,8.82,0.215,0.937,No
1447,Ruffer Investment Company Limited,RICA.L,2.65,0.066,0.225,Yes
1448,"Vidrala, S.A.",0NV7.IL,7.07,0.174,0.091,Yes
1449,Sampo Oyj,SAMPOH.XC,4.94,0.123,0.141,Yes
1450,Ocado Group plc,OCDOL.XC,26.06,0.597,1.57,Yes
1451,Optima Health plc,OPT.L,17.43,0.414,0.363,No
1452,Anpario plc,ANP.L,12.86,0.312,1.64,Yes
1453,Pandora A/S,0NQC.IL,22.71,0.53,0.16,No
1454,Theon International Plc,THEONA.XC,12.07,0.294,0.494,Yes
1455,AstraZeneca PLC,AZN.L,11.6,0.284,0.992,Yes
1456,AstraZeneca PLC,AZNL.XC,11.6,0.285,0.938,Yes
1457,Thurgauer Kantonalbank,TKBPZ.XC,6.72,0.169,0.114,Yes
1458,Uniphar plc,UPR.L,11.66,0.287,1.08,Yes
1459,"Altria Group, Inc.",0R31.IL,8.94,0.224,0.606,Yes
1460,"Young & Co.'s Brewery, P.L.C.",YNGAL.XC,10.89,0.272,1.619,Yes
1461,WisdomTree Nickel 2x Daily Leveraged,LNIK.L,23.21,0.552,1.43,Yes
1462,CVS Group plc,CVSG.L,9.4,0.237,1.263,Yes
1463,Jet2 plc,JET2L.XC,12.86,0.32,0.725,Yes
1464,Accsys Technologies PLC,AXS.L,10.49,0.266,0.282,No
1465,Metlen Energy & Metals PLC,MTLN.L,14.52,0.363,0.714,No
1466,Domino's Pizza Group plc,DOM.L,12.01,0.305,1.852,Yes
1467,Pets at Home Group Plc,PETSL.XC,12.11,0.307,1.344,Yes
1468,Metlen Energy & Metals PLC,MTLNL.XC,14.71,0.37,0.767,No
1469,Pets at Home Group Plc,PETS.L,12.07,0.308,1.296,Yes
1470,Travis Perkins plc,TPK.L,12.75,0.325,1.565,Yes
1471,Givaudan SA,0QPS.IL,9.8,0.253,0.681,Yes
1472,Cizzle Biotechnology Holdings Plc,CIZ.L,35.29,0.826,4.961,No
1473,EFG International AG,EFGNZ.XC,6.04,0.159,0.235,Yes
1474,Cobra Resources plc,COBR.L,11.13,0.286,1.256,Yes
1475,Ocado Group plc,OCDO.L,21.97,0.541,1.202,Yes
1476,Koninklijke KPN N.V.,0O8F.IL,7.21,0.191,0.615,Yes
1477,Trigano S.A.,0NX0.IL,12.48,0.324,0.987,Yes
1478,Travis Perkins plc,TPKL.XC,12.38,0.324,1.616,Yes
1479,Givaudan SA,GIVNZ.XC,9.9,0.263,0.631,Yes
1480,EnergyPathways plc,EPP.L,41.87,0.987,1.384,Yes
1481,Domino's Pizza Group plc,DOML.XC,11.86,0.313,1.899,Yes
1482,"Viscofan, S.A.",0MKW.IL,4.46,0.122,0.024,No
1483,Calnex Solutions plc,CLX.L,22.95,0.581,2.351,Yes
1484,Randstad N.V.,RANDA.XC,16.15,0.42,0.836,Yes
1485,The Kraft Heinz Company,0JRV.IL,6.61,0.18,0.618,Yes
1486,Koninklijke KPN N.V.,KPNA.XC,6.76,0.184,0.483,Yes
1487,Beowulf Mining plc,BEM.L,32.14,0.791,1.159,Yes
1488,The Smarter Web Company Plc,SWC.L,27.97,0.7,3.063,Yes
1489,Wereldhave N.V.,0NMR.IL,8.24,0.225,1.034,Yes
1490,W.A.G payment solutions plc,EWGL.XC,12.82,0.346,1.11,Yes
1491,Fevara plc,FVA.L,9.99,0.273,0.917,No
1492,London Stock Exchange Group plc,LSEG.L,9.57,0.262,0.698,Yes
1493,Airbus SE,0KVV.IL,8.9,0.244,0.923,Yes
1494,Quadient S.A.,0NQ5.IL,15.07,0.403,1.649,Yes
1495,Great Portland Estates Plc,GPEL.XC,11.8,0.321,1.494,Yes
1496,London Security plc,LSC.L,15.22,0.41,1.478,No
1497,Great Portland Estates Plc,GPE.L,11.95,0.326,1.499,Yes
1498,Diös Fastigheter AB (publ),0GTM.IL,5.78,0.162,1.156,Yes
1499,British American Tobacco p.l.c.,BATSL.XC,7.96,0.222,0.61,Yes
1500,Protector Forsikring ASA,0JXF.IL,5.97,0.169,0.495,Yes
1501,Volvo Car AB (publ.),0AAK.IL,34.08,0.863,2.043,Yes
1502,Inwido AB (publ),0QXM.IL,14.48,0.397,1.069,Yes
1503,BioNTech SE,0A3M.IL,15.43,0.425,1.535,Yes
1504,Sanofi,0O59.IL,5.71,0.166,0.227,Yes
1505,Bridgepoint Group plc,BPTL.XC,11.16,0.317,0.725,Yes
1506,AMPEAK ENERGY LIMITED,AMP.L,18.05,0.499,0.477,No
1507,CVS Group plc,CVSGL.XC,7.88,0.228,1.215,Yes
1508,Métropole Télévision S.A.,0MGL.IL,5.83,0.17,0.239,No
1509,LSL Property Services plc,LSLL.XC,11.19,0.32,1.032,Yes
1510,Thor Energy Plc,THR.L,31.3,0.83,0.95,Yes
1511,Thermador Groupe SA,0XFV.IL,6.45,0.19,0.531,Yes
1512,Bridgepoint Group plc,BPT.L,10.84,0.314,0.653,Yes
1513,Tooru Ord,TOO.L,24.7,0.679,2.522,Yes
1514,Cora Gold Limited,CORA.L,29.07,0.79,2.5,Yes
1515,ICG Enterprise Trust Ord,ICGT.L,5.4,0.162,0.565,Yes
1516,Shoe Zone plc,SHOE.L,26.0,0.717,0.577,Yes
1517,Block Energy Plc,BLOE.L,26.26,0.724,0.157,No
1518,Deutsche EuroShop AG,0I3Z.IL,5.83,0.175,0.694,Yes
1519,"Somero Enterprises, Inc.",SOM.L,10.11,0.298,0.975,Yes
1520,British American Tobacco p.l.c.,BATS.L,7.49,0.225,0.561,Yes
1521,Dassault Aviation société anonyme,AMP.XC,9.14,0.272,1.321,Yes
1522,London Stock Exchange Group plc,LSEGL.XC,8.7,0.261,0.838,Yes
1523,Halma plc,HLMAL.XC,12.3,0.364,1.432,Yes
1524,EQT AB (publ),0AAZ.IL,12.1,0.36,0.685,No
1525,LSL Property Services plc,LSL.L,10.44,0.313,0.951,Yes
1526,Orkla ASA,ORKO.XC,8.08,0.245,1.213,Yes
1527,Harworth Group plc,HWGL.XC,15.93,0.467,1.078,Yes
1528,Eiffage SA,FGRP.XC,9.84,0.297,1.267,Yes
1529,Implenia AG,IMPNZ.XC,10.03,0.303,0.413,Yes
1530,Trigano S.A.,TRIP.XC,9.29,0.282,0.761,Yes
1531,Barry Callebaut AG,0QO7.IL,11.15,0.337,0.255,Yes
1532,Arcadis NV,ARCADA.XC,15.12,0.451,0.089,Yes
1533,Premier Foods plc,PFD.L,5.83,0.181,0.555,Yes
1534,Vesuvius plc,VSVSL.XC,13.0,0.393,1.696,Yes
1535,Solvay SA,0NZR.IL,5.65,0.177,0.886,Yes
1536,AIQ Limited,AIQ.L,24.79,0.72,0.721,Yes
1537,Eiffage SA,0NPT.IL,9.74,0.302,1.581,Yes
1538,Wacker Neuson SE,WACD.XC,14.26,0.435,0.747,No
1539,Implenia AG,0QNT.IL,9.17,0.289,0.475,Yes
1540,Groupe Bruxelles Lambert SA,0IN2.IL,5.19,0.167,0.745,Yes
1541,Virbac SA,0NM7.IL,6.31,0.202,0.863,Yes
1542,Dar Global PLC,DAR.L,8.43,0.268,1.727,No
1543,"Fomento de Construcciones y Contratas, S.A.",0HAA.IL,6.11,0.198,0.877,Yes
1544,Pantheon Infrastructure Ord,PINT.L,5.48,0.179,0.634,Yes
1545,Premier Foods plc,PFDL.XC,5.78,0.189,0.614,Yes
1546,Nippon Active Value Ord,NAVF.L,7.05,0.229,1.223,Yes
1547,Dassault Aviation société anonyme,0IAX.IL,7.07,0.231,1.008,Yes
1548,"The Navigator Company, S.A.",0KLO.IL,4.5,0.149,0.246,Yes
1549,Vesuvius plc,VSVS.L,11.97,0.384,1.697,Yes
1550,Axis Bank Limited,AXBL.XC,9.85,0.319,1.562,Yes
1551,EQT AB (publ),EQTS.XC,10.92,0.355,0.706,No
1552,Michael Page Plc,PAGEL.XC,29.85,0.901,2.443,Yes
1553,Springfield Properties Plc,SPR.L,9.53,0.312,0.944,Yes
1554,NV Bekaert SA,0OQJ.IL,6.41,0.213,1.07,Yes
1555,"Colonial SFL, Socimi S. A.",0RID.IL,6.03,0.201,1.309,Yes
1556,Shaftesbury Capital PLC,SHC.L,6.77,0.226,1.551,Yes
1557,Gjensidige Forsikring ASA,0OJC.IL,4.97,0.168,0.298,No
1558,Michael Page Plc,PAGE.L,29.23,0.895,2.414,Yes
1559,Tryg A/S,0R78.IL,3.22,0.11,0.256,Yes
1560,Harworth Group plc,HWG.L,14.25,0.472,1.13,Yes
1561,Compagnie Financière Tradition SA,CFTZ.XC,8.57,0.292,0.082,Yes
1562,Barry Callebaut AG,BARNZ.XC,10.38,0.353,0.376,Yes
1563,WisdomTree California Carbon,WCCP.L,6.1,0.212,0.058,No
1564,CA Immobilien Anlagen AG,0MIP.IL,7.3,0.252,1.218,Yes
1565,Melexis NV,0FA0.IL,15.69,0.524,0.279,Yes
1566,Maire S.p.A.,0QEP.IL,10.72,0.366,1.735,Yes
1567,Rockhopper Exploration plc,RKH.L,8.07,0.279,0.482,No
1568,Oriole Resources PLC,ORR.L,13.5,0.462,0.308,Yes
1569,Ariana Resources plc,AAU.L,15.73,0.534,2.676,Yes
1570,Valmet Oyj,0QIW.IL,9.95,0.348,0.997,Yes
1571,AIREA plc,AIEA.L,10.56,0.37,0.087,No
1572,Axis Bank Limited,AXB.IL,8.09,0.287,1.356,Yes
1573,W.A.G payment solutions plc,EWG.L,9.92,0.354,0.466,Yes
1574,SMCP S.A.,0RVA.IL,14.09,0.496,2.8,Yes
1575,DiaSorin S.p.A.,0GZX.IL,10.43,0.376,1.204,Yes
1576,Piaggio & C. SpA,0FM1.IL,9.38,0.339,1.532,Yes
1577,Value and Indexed Property Income Ord,VIP.L,4.61,0.171,0.56,Yes
1578,Reply S.p.A.,0RV0.IL,12.16,0.436,0.318,Yes
1579,United Internet AG,0GE4.IL,7.87,0.287,1.259,No
1580,Essentra plc,ESNTL.XC,12.72,0.455,1.535,Yes
1581,Aurora UK Alpha Ord,ARR.L,4.46,0.166,0.766,Yes
1582,Elis SA,ELISP.XC,5.86,0.217,1.192,Yes
1583,Topps Tiles Plc,TPTL.XC,8.13,0.303,0.989,Yes
1584,Dauch Corporation,DCH.L,14.26,0.521,0.878,Yes
1585,SEB SA,SKP.XC,15.76,0.574,2.466,Yes
1586,Audioboom Group plc,BOOM.L,19.02,0.685,2.577,Yes
1587,OCI N.V.,0QGH.IL,6.64,0.252,1.193,No
1588,Tata Steel Limited,TTSTL.XC,8.45,0.319,1.791,Yes
1589,"Técnicas Reunidas, S.A.",0MKT.IL,10.27,0.389,2.285,Yes
1590,Victoria PLC,VCP.L,30.03,1.059,1.137,No
1591,Cadogan Energy Solutions PLC,CAD.L,12.46,0.472,0.151,No
1592,Persimmon Plc,PSN.L,9.75,0.374,2.377,Yes
1593,"Ebro Foods, S.A.",0NYH.IL,2.35,0.094,0.261,Yes
1594,Leonardo S.p.a.,0ONG.IL,8.12,0.317,0.52,Yes
1595,Leonardo S.p.a.,LDOM.XC,8.18,0.322,0.9,Yes
1596,Symphony Environmental Technologies plc,SYM.L,14.14,0.556,1.968,Yes
1597,Rockhopper Exploration plc,RKHL.XC,6.89,0.279,0.488,No
1598,Persimmon Plc,PSNL.XC,9.34,0.376,2.411,Yes
1599,DiaSorin S.p.A.,DIAM.XC,8.8,0.356,1.431,Yes
1600,SEB SA,0MGS.IL,12.78,0.511,1.689,Yes
1601,Mowi ASA,0OAW.IL,5.93,0.247,0.469,Yes
1602,Nichols plc,NICL.L,5.12,0.214,0.107,Yes
1603,M&C Saatchi plc,SAA.L,7.17,0.298,0.714,Yes
1604,Huhtamäki Oyj,HUH1VH.XC,5.92,0.248,0.628,Yes
1605,Genel Energy plc,GENLL.XC,13.93,0.57,0.651,Yes
1606,Nordic Semiconductor ASA,NODO.XC,9.38,0.392,0.402,No
1607,Tesco PLC,TSCO.L,5.47,0.233,1.049,Yes
1608,Topps Tiles Plc,TPT.L,6.16,0.262,0.82,Yes
1609,Shield Therapeutics plc,STX.L,25.62,1.007,0.691,No
1610,Qiagen N.V.,QIAD.XC,8.0,0.339,1.108,Yes
1611,Mayr-Melnhof Karton AG,0NZ7.IL,7.01,0.298,1.591,Yes
1612,iomart Group plc,IOM.L,28.16,1.119,2.113,Yes
1613,Almaden Minerals Ltd.,0UH8.L,13.63,0.574,0.314,Yes
1614,Konami Group Corporation,KNM.L,8.06,0.348,0.68,No
1615,Pennon Group Plc,PNN.L,6.06,0.264,1.523,Yes
1616,Spire Healthcare Group plc,SPIL.XC,15.79,0.666,1.858,Yes
1617,Vincorion SE,V1NCD.XC,11.24,0.487,2.235,Yes
1618,Foresight Group Holdings Limited,FSGL.XC,6.7,0.297,0.601,Yes
1619,"Aedas Homes, S.A.",0RV8.IL,3.33,0.15,0.049,No
1620,Legrand SA,0MW7.IL,8.26,0.364,1.849,Yes
1621,Xaar plc,XARL.XC,9.33,0.411,1.716,Yes
1622,Swiss Re AG,SRENZ.XC,4.94,0.222,0.625,Yes
1623,Sligro Food Group N.V.,0MKM.IL,8.56,0.381,1.441,Yes
1624,Foresight Group Holdings Limited,FSG.L,6.59,0.297,0.578,Yes
1625,Journeo plc,JNEO.L,6.8,0.307,1.225,Yes
1626,Legrand SA,LRP.XC,7.3,0.33,1.891,Yes
1627,Qiagen N.V.,0RLT.IL,8.39,0.379,1.036,Yes
1628,Tatton Asset Management plc,TAML.XC,7.36,0.334,0.627,Yes
1629,Essentra plc,ESNT.L,9.66,0.436,1.529,Yes
1630,Shearwater Group plc,SWG.L,19.36,0.841,2.364,Yes
1631,Rémy Cointreau SA,0MGU.IL,6.86,0.317,1.519,Yes
1632,Predator Oil & Gas Holdings Plc,PRD.L,7.59,0.35,0.654,No
1633,EMV Capital plc,EMVC.L,6.48,0.3,0.709,Yes
1634,Unilever PLC,ULVR.L,6.51,0.302,2.328,Yes
1635,Unilever PLC,ULVRL.XC,6.49,0.302,2.325,Yes
1636,Spire Healthcare Group plc,SPI.L,14.11,0.651,1.851,Yes
1637,Microsoft Corporation,0QYP.L,8.81,0.418,0.093,Yes
1638,Pennon Group Plc,PNNL.XC,5.44,0.264,1.563,Yes
1639,Lectra SA,LSSP.XC,9.68,0.469,1.598,Yes
1640,Nexi S.p.A.,NEXIM.XC,10.01,0.488,1.023,Yes
1641,"Block, Inc.",0L95.IL,12.7,0.618,4.382,No
1642,American Express Company,0R3C.IL,3.89,0.197,0.043,No
1643,Aeroports de Paris SA,ADPP.XC,5.72,0.289,1.308,Yes
1644,SDI Group plc,SDI.L,7.64,0.385,1.235,Yes
1645,Tesco PLC,TSCOL.XC,4.63,0.237,1.086,Yes
1646,Angling Direct PLC,ANG.L,4.39,0.225,0.391,Yes
1647,Ashtead Technology Holdings Plc,ATL.XC,9.16,0.465,1.31,Yes
1648,Leverage Shares 3x Long Copper ETC,3CUL.L,9.98,0.509,1.345,No
1649,Bechtle AG,0DPM.IL,8.75,0.449,0.311,No
1650,Aeroports de Paris SA,0NP8.IL,5.56,0.291,1.247,Yes
1651,Ashtead Technology Holdings Plc,AT.L,9.07,0.472,1.264,Yes
1652,Richmond Hill Resources Plc,RHR.L,17.95,0.901,3.447,Yes
1653,Cosmo NV,CMHCZ.XC,17.27,0.876,2.674,Yes
1654,Ashoka India Equity Investment Ord,AIE.L,4.39,0.236,0.996,Yes
1655,US Solar Fund Ord,USF.L,7.03,0.382,0.22,Yes
1656,PetroTal Corp.,PTAL.L,14.13,0.749,2.376,No
1657,James Latham plc,LTHM.L,4.19,0.234,1.688,Yes
1658,Diageo plc,DGED.L,4.62,0.271,1.186,Yes
1659,AVI Global Trust Ord,AGT.L,2.9,0.172,0.979,Yes
1660,Vinci SA,DGP.XC,4.64,0.274,1.616,Yes
1661,Scatec ASA,0R3I.IL,4.98,0.295,0.059,Yes
1662,Alm. Brand A/S,0DJI.IL,2.86,0.172,0.036,Yes
1663,Elis SA,0RA8.IL,3.65,0.22,1.021,Yes
1664,WisdomTree Cocoa,COCO.L,11.52,0.683,3.273,No
1665,KraneShares Global Carbon Strategy ETC Securities,KRBP.L,3.01,0.185,0.798,No
1666,Cham Swiss Properties AG,CHAMZ.XC,2.37,0.147,0.781,Yes
1667,Emmerson PLC,EML.L,12.03,0.718,3.107,Yes
1668,Rosebank Industries plc,ROSEL.XC,4.1,0.254,0.237,Yes
1669,Nexi S.p.A.,0NX5.IL,7.27,0.444,0.619,Yes
1670,Fresenius SE & Co. KGaA,FRED.XC,4.29,0.266,1.185,Yes
1671,"Atresmedia Corporación de Medios de Comunicación, S.A.",0MJT.IL,3.1,0.197,0.407,Yes
1672,Lectra SA,0IVJ.IL,5.79,0.365,0.304,Yes
1673,Active Energy Group Plc,AEG.L,14.55,0.885,2.261,Yes
1674,Schaeffler AG,0RBK.IL,12.34,0.759,2.541,Yes
1675,Aumovio SE,AMV0D.XC,5.94,0.377,2.085,Yes
1676,Wizz Air Holdings Plc,WIZZ.L,8.11,0.511,0.908,Yes
1677,WisdomTree Coffee,COFF.L,4.63,0.297,1.014,No
1678,Wizz Air Holdings Plc,WIZZL.XC,8.07,0.512,1.071,Yes
1679,"Autoliv, Inc.",0MI0.IL,3.47,0.227,0.501,Yes
1680,Air Astana Joint Stock Company,AIRA.IL,3.3,0.222,0.945,Yes
1681,Vinci SA,0NQM.IL,3.64,0.247,1.47,Yes
1682,Burkhalter Holding AG,BRKNZ.XC,4.38,0.302,1.018,Yes
1683,Dauch Corporation,DCHL.XC,8.44,0.58,1.677,Yes
1684,The Sage Group plc,SGEL.XC,4.79,0.337,0.437,No
1685,Sofina Société Anonyme,0G2X.IL,3.26,0.231,1.331,Yes
1686,Eurazeo SE,RFP.XC,6.65,0.468,1.291,Yes
1687,Tialis Essential IT PLC,TIA.L,14.12,0.982,3.767,Yes
1688,Interpump Group S.p.A.,0EWD.IL,5.08,0.376,0.744,Yes
1689,Eurazeo SE,0HZC.IL,5.4,0.402,1.6,Yes
1690,Victorian Plumbing Group plc,VIC.L,5.98,0.445,2.094,Yes
1691,The Sage Group plc,SGE.L,4.5,0.341,0.522,No
1692,Berkshire Hathaway Inc.,0R37.L,2.1,0.161,0.346,Yes
1693,Custodian Property Income REIT Ord,CREI.L,1.95,0.151,0.756,Yes
1694,Sunrise Resources plc,SRES.L,10.34,0.771,1.652,Yes
1695,Pandox AB (publ),0R8U.IL,2.48,0.193,1.106,Yes
1696,Gimv NV,0EKR.IL,1.67,0.132,0.645,Yes
1697,Chelverton UK Dividend Trust Ord,SDV.L,1.79,0.144,0.261,Yes
1698,Helios Underwriting plc,HUW.L,2.1,0.169,0.92,Yes
1699,"CIE Automotive, S.A.",0DZC.IL,3.1,0.249,1.614,Yes
1700,Aminex PLC,AEX.L,10.54,0.824,1.5,No
1701,Tatton Asset Management plc,TAM.L,4.15,0.335,0.209,Yes
1702,BAE Systems plc,BA.L,3.87,0.32,0.501,Yes
1703,Fundamenta Real Estate AG,FRENZ.XC,1.4,0.118,0.372,Yes
1704,Walmart Inc.,0R1W.L,2.82,0.238,0.731,Yes
1705,Genel Energy plc,GENL.L,5.97,0.502,0.626,Yes
1706,Geberit AG,GEBNZ.XC,3.11,0.27,1.36,Yes
1707,Dätwyler Holding AG,0QNJ.IL,3.18,0.277,1.248,Yes
1708,Fresenius SE & Co. KGaA,0OO9.IL,3.3,0.292,1.737,Yes
1709,Associated British Foods plc,ABF.L,2.58,0.234,0.799,Yes
1710,GetBusy plc,GETB.L,4.14,0.374,0.477,Yes
1711,Iren SpA,0MUN.IL,2.0,0.183,0.905,Yes
1712,J Sainsbury plc,SBRY.L,2.68,0.245,1.1,Yes
1713,Associated British Foods plc,ABFL.XC,2.64,0.243,0.866,Yes
1714,NCC Group plc,NCC.L,3.95,0.364,0.83,Yes
1715,Ariston Holding N.V.,0ABE.IL,4.76,0.445,1.892,Yes
1716,Morgan Sindall Group plc,MGNS.L,2.97,0.288,1.209,Yes
1717,WisdomTree Palladium 2x Daily Leveraged,2PAL.L,7.26,0.69,3.392,Yes
1718,BAE Systems plc,BAL.XC,3.35,0.327,0.67,Yes
1719,Billerud AB (publ),0GWS.IL,4.33,0.422,1.403,Yes
1720,Johnson Service Group PLC,JSG.L,3.18,0.312,0.495,Yes
1721,Breedon Group plc,BREEL.XC,2.76,0.271,1.569,Yes
1722,CellaVision AB (publ),0MR5.IL,3.36,0.33,0.104,Yes
1723,Zinc Media Group plc,ZIN.L,3.63,0.36,0.306,No
1724,Dätwyler Holding AG,DAEZ.XC,2.66,0.273,1.232,Yes
1725,SIG plc,SHI.L,2.64,0.271,1.11,Yes
1726,Integrated Diagnostics Holdings plc,IDHCL.XC,3.87,0.401,1.302,Yes
1727,Johnson Service Group PLC,JSGL.XC,3.04,0.321,0.487,Yes
1728,J Sainsbury plc,SBRYL.XC,2.34,0.253,1.112,Yes
1729,Evoke plc,EVOKL.XC,6.11,0.666,0.255,No
1730,Geberit AG,0QQ2.IL,2.36,0.262,1.278,Yes
1731,Krones AG,0LQ4.IL,1.87,0.209,0.811,Yes
1732,Brunel International N.V.,0QUM.IL,2.35,0.263,0.128,Yes
1733,Brunello Cucinelli S.p.A.,BCM.XC,2.83,0.318,0.722,Yes
1734,Bell Food Group AG,BELLZ.XC,2.81,0.319,0.283,No
1735,Moncler S.p.A.,MONCM.XC,3.18,0.362,1.551,Yes
1736,Evoke plc,EVOK.L,5.82,0.654,0.088,No
1737,Breedon Group plc,BREE.L,2.42,0.277,1.643,Yes
1738,Prospex Energy Plc,PXEN.L,4.99,0.572,2.16,No
1739,Alcon Inc.,0A0D.IL,1.86,0.223,1.214,Yes
1740,Flowtech Fluidpower plc,FLO.L,4.34,0.518,1.86,Yes
1741,Morgan Sindall Group plc,MGNSL.XC,2.39,0.294,1.374,Yes
1742,SPIE SA,0R8M.IL,2.66,0.331,1.853,Yes
1743,Air Astana Joint Stock Company,AIRAL.XC,1.45,0.183,0.817,Yes
1744,NCC Group plc,NCCL.XC,2.81,0.354,0.774,Yes
1745,OPmobility SE,OPMP.XC,2.16,0.283,0.358,Yes
1746,Icade,ICADP.XC,1.12,0.148,0.784,Yes
1747,Octopus Renewables Infrastructure Ord,ORIT.L,1.92,0.253,0.174,No
1748,Gear4music (Holdings) plc,G4M.L,2.67,0.357,1.668,Yes
1749,"Autoliv, Inc.",ALIVS.XC,1.62,0.218,0.359,Yes
1750,Koninklijke Ahold Delhaize N.V.,ADA.XC,2.2,0.302,1.36,Yes
1751,Capita plc,CPI.L,4.84,0.663,0.572,Yes
1752,Carmila S.A.,0QAP.IL,1.56,0.219,0.876,Yes
1753,SPIE SA,SPIEP.XC,2.21,0.312,1.677,Yes
1754,Meier Tobler Group AG,MTGZ.XC,1.43,0.22,0.869,Yes
1755,Altra Fastigheter AB (publ),0A0K.IL,1.47,0.227,1.072,Yes
1756,Knowit AB (publ),0GNK.IL,3.05,0.475,0.768,Yes
1757,Acuity RM Group Plc Ord,ACRM.L,5.76,0.931,2.05,Yes
1758,Greatland Resources Limited,GGPL.XC,4.38,0.725,1.367,Yes
1759,IncomeShares Gold + Yield ETP,GLDE.L,1.15,0.21,0.913,Yes
1760,Galenica AG,GALEZ.XC,0.76,0.139,0.264,Yes
1761,Capita plc,CPIL.XC,3.47,0.652,0.588,Yes
1762,Liontrust Asset Management PLC,LIOL.XC,2.48,0.47,0.535,Yes
1763,Convatec Group PLC,CTEC.L,1.35,0.257,1.819,Yes
1764,MTU Aero Engines AG,MTXD.XC,1.81,0.36,1.954,Yes
1765,Fevertree Drinks PLC,FEVRL.XC,1.43,0.288,2.089,Yes
1766,SIG plc,SHIL.XC,1.23,0.249,1.049,Yes
1767,Logitech International S.A.,0QK6.IL,2.3,0.484,0.478,Yes
1768,Moncler S.p.A.,0QII.IL,1.63,0.35,1.305,Yes
1769,Vietnam Enterprise Ord,VEIL.L,0.84,0.181,0.767,Yes
1770,BioInvent International AB (publ),0H22.IL,3.4,0.745,0.709,No
1771,"PayPal Holdings, Inc.",2PPD.XC,2.28,0.509,1.259,No
1772,Velocity Composites plc,VEL.L,2.77,0.645,0.065,No
1773,Logitech International S.A.,LOGNZ.XC,1.88,0.467,0.348,Yes
1774,Arkadian Strategic Metals Plc,AKN.L,4.73,1.17,5.115,Yes
1775,The Renewables Infrastructure Group Limited,TRIG.L,0.63,0.165,0.274,Yes
1776,Ingenta plc,ING.L,2.44,0.635,3.588,Yes
1777,Dar Global PLC,DARL.XC,1.02,0.267,0.334,No
1778,Convatec Group PLC,CTECL.XC,0.96,0.253,1.771,Yes
1779,hVIVO plc,HVO.L,2.61,0.692,3.998,Yes
1780,The Boeing Company,0BOE.L,1.1,0.306,0.979,Yes
1781,Liontrust Asset Management PLC,LIO.L,1.67,0.47,0.62,Yes
1782,Ryanair Holdings plc,RYAI.XC,0.78,0.221,0.888,Yes
1783,STV Group plc,STVGL.XC,0.67,0.191,0.636,Yes
1784,STV Group plc,STVG.L,0.66,0.19,0.425,Yes
1785,Brunello Cucinelli S.p.A.,0Q7S.IL,0.97,0.293,0.78,Yes
1786,Churchill China plc,CHH.L,1.16,0.414,2.218,Yes
1787,Kudelski SA,KUDZ.XC,0.63,0.229,1.547,No
1788,CloudCoCo Group plc,CLCO.L,2.84,1.045,7.174,No
1789,Sectra AB (publ),0A0L.IL,0.97,0.376,2.351,No
1790,Wynnstay Group Plc,WYN.L,0.69,0.274,1.03,Yes
1791,Scandinavian Tobacco Group A/S,0RES.IL,1.01,0.405,2.576,Yes
1792,THG Plc,THGL.XC,0.98,0.46,1.075,Yes
1793,Informa plc,INF.L,0.35,0.223,0.503,Yes
1794,Alcon Inc.,ALCZ.XC,0.33,0.212,1.058,Yes
1795,Royal Unibrew A/S,RBREWC.XC,0.6,0.391,2.079,Yes
1796,Hilton Food Group plc,HFG.L,0.47,0.35,1.168,Yes
1797,Eden Research plc,EDEN.L,0.97,0.753,2.227,Yes
1798,Lagardere SA,0HB2.IL,0.14,0.138,0.035,No
1799,Symphony International Holdings Limited,SIHL.L,0.23,0.28,0.74,No
1800,Dürr Aktiengesellschaft,0J9C.IL,0.33,0.398,2.346,Yes
1801,Amplifon S.p.A.,0N61.IL,0.43,0.54,2.67,Yes
1802,"Pharma Mar, S.A.",0RC6.IL,0.28,0.389,0.743,No
1803,Capgemini SE,CAPP.XC,0.16,0.349,0.392,No
1804,Montana Aerospace AG,AEROZ.XC,0.23,0.551,1.905,Yes
1805,Prudential plc,PRU.L,0.07,0.234,0.876,Yes
1806,THG Plc,THG.L,0.1,0.446,1.011,Yes
1807,QinetiQ Group plc,QQL.XC,-0.18,0.438,1.166,Yes
1808,Oxford Metrics plc,OMG.L,-0.17,0.406,0.854,Yes
1809,Protector Forsikring ASA,PROTO.XC,-0.08,0.19,0.052,Yes
1810,Leverage Shares 3x Long WTI Oil ETC,WTI3.L,-0.7,1.591,24.462,Yes
1811,OPmobility SE,0NW1.IL,-0.17,0.341,1.056,Yes
1812,Tessenderlo Group NV,0KCP.IL,-0.18,0.359,1.911,Yes
1813,Camellia Plc,CAM.L,-0.2,0.341,0.295,Yes
1814,Strix Group Plc,KETL.L,-0.34,0.573,1.789,Yes
1815,Mowi ASA,MOWIO.XC,-0.17,0.194,0.364,Yes
1816,TAG Immobilien AG,TEGD.XC,-0.37,0.39,2.747,Yes
1817,Hilton Food Group plc,HFGL.XC,-0.35,0.347,1.055,Yes
1818,QinetiQ Group plc,QQ.L,-0.48,0.424,1.148,Yes
1819,Meridian Mining Plc,MNO.L,-0.91,0.679,5.618,No
1820,Eleco plc,ELCO.L,-0.71,0.448,2.367,Yes
1821,ChemoMetec A/S,0DZ0.IL,-1.08,0.674,0.829,Yes
1822,Zalando SE,ZALD.XC,-0.83,0.455,0.037,No
1823,Informa plc,INFL.XC,-0.41,0.222,0.608,Yes
1824,Belgrano,0E1Y.IL,-0.54,0.277,0.482,Yes
1825,Santander UK plc,SANB.L,-0.21,0.104,0.699,Yes
1826,Greencoat UK Wind,UKW.L,-0.33,0.152,0.149,No
1827,Prudential plc,PRUL.XC,-0.55,0.228,0.782,Yes
1828,GSTechnologies Ltd.,GST.L,-2.68,1.034,1.435,Yes
1829,Molten Ventures VCT Ord,MVCT.L,-0.14,0.045,0.2,Yes
1830,Astrid Intelligence Plc,ASTR.AQ,-4.17,1.279,2.61,Yes
1831,Georg Fischer AG,0QP4.IL,-1.3,0.378,1.181,Yes
1832,Georg Fischer AG,GFZ.XC,-1.35,0.374,1.149,Yes
1833,Orkla ASA,0FIN.IL,-1.01,0.274,1.282,Yes
1834,Marshalls plc,MSLHL.XC,-1.42,0.376,1.819,Yes
1835,Beiersdorf Aktiengesellschaft,BEID.XC,-1.36,0.358,2.597,Yes
1836,Workspace Group Plc,WKP.L,-1.14,0.282,1.754,Yes
1837,"Redeia Corporación, S.A.",0RI5.IL,-0.62,0.14,0.743,Yes
1838,TomCo Energy Plc,TOM.L,-3.63,0.819,3.417,No
1839,Mkango Resources Ltd.,MKA.L,-3.81,0.736,3.536,Yes
1840,Marshalls plc,MSLH.L,-1.97,0.377,1.798,Yes
1841,Altra Fastigheter AB (publ),ALTRAS.XC,-1.36,0.254,0.252,Yes
1842,FDM Group (Holdings) plc,FDM.L,-2.96,0.555,1.862,Yes
1843,FDM Group (Holdings) plc,FDML.XC,-3.13,0.57,1.849,Yes
1844,BioVersys AG,BIOVZ.XC,-2.29,0.408,2.357,No
1845,Keo Capital AB (publ),KEOCS.XC,-3.53,0.629,1.155,Yes
1846,V-ZUG Holding AG,VZUGZ.XC,-0.79,0.137,0.422,Yes
1847,Beiersdorf Aktiengesellschaft,0DQ7.IL,-2.1,0.361,2.57,Yes
1848,Sunrise Communications AG,SUNNZ.XC,-1.18,0.199,0.922,Yes
1849,Diageo plc,DGEL.XC,-1.46,0.236,1.151,Yes
1850,Diageo plc,DGE.L,-1.49,0.233,1.099,Yes
1851,Oakley Capital Investments Limited,OCI.L,-1.33,0.201,0.032,Yes
1852,Tanfield Group PLC,TAN.L,-3.06,0.462,0.247,No
1853,Rosebank Industries plc,ROSE.L,-1.59,0.236,0.053,Yes
1854,AdvancedAdvT Limited,ADVT.L,-1.98,0.29,1.163,No
1855,AUTO1 Group SE,AG1D.XC,-4.53,0.66,0.422,No
1856,Friedrich Vorwerk Group SE,VH2D.XC,-3.74,0.537,2.633,Yes
1857,Royal Unibrew A/S,0R6Z.IL,-2.45,0.343,1.443,Yes
1858,NIOX Group Plc,NIOX.L,-2.34,0.322,0.348,Yes
1859,IVF Hartmann Holding AG,VBSNZ.XC,-1.12,0.152,0.463,Yes
1860,LINK Mobility Group Holding ASA,0A5Q.IL,-3.35,0.448,1.708,No
1861,Mercedes-Benz Group AG,MBGD.XC,-2.09,0.266,1.371,Yes
1862,Rathbones Group Plc,RAT.L,-2.42,0.307,1.226,Yes
1863,Critical Metals Plc,CRTM.L,-5.95,0.765,1.106,Yes
1864,Newron Pharmaceuticals S.p.A.,NWRNZ.XC,-4.63,0.59,0.539,Yes
1865,R&S Group Holding AG,RSGNZ.XC,-6.43,0.817,3.585,Yes
1866,Comptoir Group PLC,COM.L,-2.2,0.269,0.113,Yes
1867,NIOX Group Plc,NIOXL.XC,-3.06,0.361,0.493,Yes
1868,Pollen Street Group Limited,POLNL.XC,-1.6,0.185,1.065,No
1869,Kinepolis Group NV,KINB.XC,-1.63,0.184,0.467,No
1870,WisdomTree Coffee 2x Daily Leveraged,LCFE.L,-4.9,0.56,2.003,No
1871,Rathbones Group Plc,RATL.XC,-2.58,0.284,1.007,Yes
1872,Chemring Group PLC,CHGL.XC,-2.75,0.296,1.279,Yes
1873,Wise Group plc,WISE.L,-2.81,0.301,0.694,No
1874,Burberry Group plc,BRBYL.XC,-3.12,0.33,1.33,Yes
1875,"Obrascón Huarte Lain, S.A.",0MKG.IL,-2.89,0.303,0.184,Yes
1876,New Frontier Minerals Limited,NFM.L,-9.29,0.984,5.014,Yes
1877,St. James's Place plc,STJ.L,-3.0,0.307,0.062,Yes
1878,Oracle Power PLC,ORCP.L,-9.08,0.924,0.805,Yes
1879,Light Science Technologies Holdings Plc,LST.L,-11.09,1.137,5.325,Yes
1880,WisdomTree Live Cattle,CATL.L,-1.58,0.154,0.247,No
1881,Thales S.A.,HOP.XC,-2.92,0.287,0.398,Yes
1882,Hexagon AB (publ),HEXABS.XC,-3.63,0.358,1.549,Yes
1883,St. James's Place plc,STJL.XC,-3.07,0.299,0.074,Yes
1884,Zalando SE,0QXN.IL,-3.7,0.357,0.23,No
1885,Tikehau Capital,TKOP.XC,-2.75,0.263,0.139,Yes
1886,Cicor Technologies Ltd.,CICNZ.XC,-7.94,0.767,3.98,Yes
1887,Sovereign Metals Limited,SVML.L,-6.3,0.601,3.243,Yes
1888,ICG plc,ICG.L,-4.0,0.376,0.004,Yes
1889,Fresenius Medical Care AG,FMED.XC,-2.92,0.269,0.568,Yes
1890,Burberry Group plc,BRBY.L,-3.44,0.317,1.262,Yes
1891,Capgemini SE,0HAZ.IL,-3.9,0.355,0.01,Yes
1892,Chemring Group PLC,CHG.L,-3.27,0.296,1.249,Yes
1893,Bellway p.l.c.,BWY.L,-4.49,0.405,2.444,Yes
1894,Braemar Plc,BMSL.XC,-2.4,0.211,0.129,No
1895,On the Beach Group plc,OTB.L,-5.02,0.444,1.421,Yes
1896,Finsbury Growth & Income Ord,FGT.L,-1.93,0.165,0.732,Yes
1897,Pharming Group N.V.,0QCO.IL,-7.0,0.597,1.866,No
1898,Bavarian Nordic A/S,0DPB.IL,-3.55,0.29,0.691,Yes
1899,Thule Group AB (publ),0R3W.IL,-3.78,0.308,1.805,Yes
1900,On the Beach Group plc,OTBL.XC,-5.6,0.446,1.448,Yes
1901,Bilfinger SE,0NRG.IL,-3.59,0.28,1.426,Yes
1902,Kering SA,0IIH.IL,-4.27,0.334,1.515,Yes
1903,Jersey Oil and Gas Plc,JOG.L,-9.13,0.724,4.082,Yes
1904,ICG plc,ICGL.XC,-4.8,0.371,0.019,Yes
1905,Mha Plc,MHA.L,-4.68,0.358,0.346,No
1906,Centrica plc,CNAL.XC,-3.61,0.274,0.025,No
1907,Koninklijke Ahold Delhaize N.V.,0RI8.IL,-4.07,0.31,1.329,Yes
1908,Mercedes-Benz Group AG,0NXX.IL,-3.37,0.256,1.088,Yes
1909,Wise Group plc,WISEL.XC,-3.86,0.293,0.87,No
1910,The Berkeley Group Holdings plc,BKG.L,-3.76,0.283,1.823,Yes
1911,"CTT - Correios De Portugal, S.A.",0QIM.IL,-3.28,0.244,1.378,Yes
1912,Workspace Group Plc,WKPL.XC,-3.78,0.282,1.875,Yes
1913,Union Jack Oil plc,UJO.L,-11.5,0.875,0.745,No
1914,Diaceutics PLC,DXRX.L,-6.4,0.469,0.093,Yes
1915,Bellway p.l.c.,BWYL.XC,-5.48,0.4,2.397,Yes
1916,Craneware plc,CRWL.XC,-6.74,0.489,0.674,Yes
1917,Heidelberg Materials AG,HEID.XC,-4.15,0.291,0.052,No
1918,Harvest Minerals Limited,HMI.L,-7.92,0.565,1.851,No
1919,Bilfinger SE,GBFD.XC,-4.44,0.309,1.692,Yes
1920,Centrica plc,CNA.L,-4.01,0.274,0.099,Yes
1921,Svenska Cellulosa Aktiebolaget SCA (publ),0MCK.IL,-3.38,0.229,1.18,Yes
1922,Victorian Plumbing Group plc,VICL.XC,-5.34,0.36,1.67,Yes
1923,Vetropack Holding AG,VETNZ.XC,-3.59,0.239,0.244,No
1924,The Berkeley Group Holdings plc,BKGL.XC,-4.38,0.291,1.854,Yes
1925,Pollen Street Group Limited,POLN.L,-2.88,0.186,1.026,No
1926,UCB SA,0NZT.IL,-4.31,0.28,0.745,No
1927,Leverage Shares 5x Long Gold ETC,GLD5.L,-21.95,1.536,10.988,No
1928,Strix Group Plc,KETLL.XC,-7.82,0.506,1.357,Yes
1929,Jungheinrich Aktiengesellschaft,0EXP.IL,-5.25,0.329,1.064,Yes
1930,Stelrad Group PLC,SRAD.L,-4.6,0.286,0.945,Yes
1931,Built Cybernetics plc,BUC.L,-7.7,0.482,0.651,Yes
1932,Rentokil Initial plc,RTO.L,-4.78,0.294,0.013,Yes
1933,Selkirk Group Plc,SELK.L,-7.32,0.454,0.512,Yes
1934,Taylor Maritime Limited,TMIP.L,-2.77,0.167,0.329,No
1935,Thales S.A.,0IW5.IL,-3.91,0.236,0.303,Yes
1936,Heidelberg Materials AG,0MG2.IL,-5.14,0.301,0.443,No
1937,EDX Medical Group Plc,EDX.L,-15.41,0.94,10.041,Yes
1938,Rentokil Initial plc,RTOL.XC,-4.94,0.285,0.099,Yes
1939,Aberdeen New India Investment Trust,ANII.L,-3.54,0.203,1.043,Yes
1940,Altitude Group plc,ALT.L,-8.08,0.464,0.809,Yes
1941,Technogym S.p.A.,0RG1.IL,-6.01,0.337,1.158,Yes
1942,B.P. Marsh & Partners PLC,BPM.L,-1.73,0.095,0.228,Yes
1943,Capital Metals Limited,CMET.L,-4.73,0.262,1.057,Yes
1944,B90 Holdings PLC,B90.L,-10.85,0.619,2.111,Yes
1945,Sixt SE,0NW7.IL,-5.22,0.289,0.1,Yes
1946,"LVMH Moët Hennessy - Louis Vuitton, Société Européenne",0HAU.IL,-5.76,0.318,1.159,Yes
1947,Ondine Biomedical Inc.,OBI.L,-9.55,0.535,0.119,Yes
1948,Titon Holdings Plc,TON.L,-5.25,0.287,1.356,Yes
1949,Kering SA,KERP.XC,-6.17,0.338,1.377,Yes
1950,Fragrant Prosperity Holdings Limited,FPP.L,-12.97,0.723,0.459,Yes
1951,Croma Security Solutions Group plc,CSSG.L,-3.19,0.169,0.715,Yes
1952,Vulcan Two Group Plc,VUL.L,-6.15,0.329,0.099,No
1953,YouGov plc,YOUL.XC,-7.86,0.421,0.794,Yes
1954,UCB SA,UCBB.XC,-3.96,0.208,0.01,Yes
1955,JM AB (publ),0MI3.IL,-3.84,0.198,0.286,Yes
1956,Wallenstam AB (publ),0R7Y.IL,-4.04,0.206,1.489,Yes
1957,Amplifon S.p.A.,AMPM.XC,-10.0,0.522,2.546,Yes
1958,Big Yellow Group Plc,BYG.L,-6.17,0.316,1.597,Yes
1959,Cambridge Cognition Holdings Plc,COG.L,-9.2,0.477,2.318,Yes
1960,"LVMH Moët Hennessy - Louis Vuitton, Société Européenne",MCP.XC,-6.19,0.315,1.128,Yes
1961,MedPal AI PLC,MPAL.L,-19.46,1.061,0.788,Yes
1962,UPL Limited,UPLL.IL,-6.15,0.31,1.892,Yes
1963,Gfinity plc,GFIN.L,-17.91,0.955,0.48,No
1964,"Gestamp Automoción, S.A.",0ROM.IL,-4.87,0.242,1.167,Yes
1965,Climeon AB (publ),0GHX.IL,-20.63,1.11,1.225,No
1966,PensionBee Group plc,PBEEL.XC,-4.57,0.226,0.832,Yes
1967,Hufvudstaden AB (publ),0GW3.IL,-2.44,0.118,0.733,Yes
1968,YouGov plc,YOU.L,-8.29,0.409,0.695,Yes
1969,Fresenius Medical Care AG,0H9X.IL,-5.21,0.251,0.867,Yes
1970,SAP SE,SAPD.XC,-9.3,0.45,0.89,Yes
1971,PowerCell Sweden AB (publ),0G9R.IL,-16.32,0.816,0.994,Yes
1972,Big Yellow Group Plc,BYGL.XC,-6.59,0.313,1.607,Yes
1973,Meko AB (publ),0HDJ.IL,-4.66,0.214,0.685,No
1974,Ferrari N.V.,RACEM.XC,-7.03,0.322,0.775,Yes
1975,First Property Group plc,FPO.L,-8.64,0.398,1.377,Yes
1976,Renault SA,0NQF.IL,-6.27,0.284,0.635,Yes
1977,Lancashire Holdings Limited,LRE.L,-6.08,0.274,1.19,Yes
1978,SAP SE,0NW4.IL,-9.27,0.42,0.75,Yes
1979,Volkswagen AG,0P6O.IL,-6.85,0.307,0.984,Yes
1980,Norwegian Air Shuttle ASA,0FGH.IL,-8.28,0.37,0.537,Yes
1981,"JD.com, Inc.",0JOQ.L,-9.42,0.422,0.252,No
1982,Knights Group Holdings plc,KGH.L,-9.03,0.4,1.279,No
1983,Lancashire Holdings Limited,LREL.XC,-6.45,0.279,1.235,Yes
1984,Fabege AB (publ),0XPX.IL,-3.94,0.169,1.041,Yes
1985,Agronomics Limited,ANIC.L,-9.62,0.422,1.856,Yes
1986,Mikron Holding AG,MIKNZ.XC,-6.54,0.281,0.69,Yes
1987,Phoenix Spree Deutschland Limited,PSDL.L,-3.19,0.135,0.569,Yes
1988,Grieg Seafood ASA,0GW8.IL,-6.26,0.265,0.226,Yes
1989,"ENCE Energía y Celulosa, S.A.",0K96.IL,-6.81,0.286,1.419,Yes
1990,Energean plc,ENOGL.XC,-7.65,0.318,1.217,Yes
1991,Buzzi S.p.A.,BZUM.XC,-6.83,0.283,0.944,Yes
1992,Helical plc,HLCL.L,-5.43,0.222,1.419,Yes
1993,Danone S.A.,0KFX.IL,-7.37,0.302,0.713,Yes
1994,Kuros Biosciences AG,KURNZ.XC,-10.41,0.43,2.144,Yes
1995,DSW Capital plc,DSW.L,-11.6,0.479,0.962,Yes
1996,Cancom SE,0O0F.IL,-8.23,0.334,0.949,No
1997,Danone S.A.,BNP.XC,-7.27,0.292,0.691,Yes
1998,Mahindra & Mahindra Limited,MHID.IL,-5.72,0.228,0.979,Yes
1999,YIT Oyj,0GKA.IL,-5.25,0.208,0.01,Yes
2000,Autoneum Holding AG,AUTNZ.XC,-10.61,0.431,0.975,Yes
2001,Safestore Holdings Plc,SAFEL.XC,-7.49,0.299,1.738,Yes
2002,Pulsar Helium Inc.,PLSRL.XC,-9.45,0.381,2.477,No
2003,Safestore Holdings Plc,SAFE.L,-7.63,0.298,1.689,Yes
2004,Volkswagen AG,VOW3D.XC,-7.66,0.298,0.742,Yes
2005,adidas AG,0OLD.IL,-8.73,0.34,0.643,Yes
2006,CQS New City High Yield Fund Limited,NCYF.L,-2.14,0.081,0.251,Yes
2007,Dottikon ES Holding AG,DESNZ.XC,-6.2,0.238,0.363,Yes
2008,ID Logistics Group SA,IDLP.XC,-7.97,0.308,1.849,Yes
2009,Dotlines Global Limited,DOTL.L,-28.35,1.213,14.622,Yes
2010,Mahindra & Mahindra Limited,MHIDL.XC,-5.85,0.222,0.993,Yes
2011,adidas AG,ADSD.XC,-9.03,0.345,1.178,Yes
2012,Finseta Plc,FIN.L,-17.56,0.701,1.458,Yes
2013,GlobalData Plc,DATA.L,-18.1,0.721,0.07,Yes
2014,Kemira Oyj,0MGG.IL,-4.1,0.152,0.618,Yes
2015,Taylor Maritime Limited,TMI.L,-3.1,0.113,0.103,Yes
2016,Energean plc,ENOG.L,-8.45,0.316,1.24,Yes
2017,Eurocell plc,ECELL.XC,-5.13,0.188,0.937,Yes
2018,James Halstead plc,JHD.L,-6.89,0.253,0.103,No
2019,Iconic Labs Plc,ICON.L,-23.85,0.957,3.934,Yes
2020,XPS Pensions Group plc,XPSL.XC,-5.58,0.203,0.238,Yes
2021,Volkswagen AG,0P6N.IL,-7.84,0.287,0.824,Yes
2022,"Audax Renovables, S.A.",0EIB.IL,-4.59,0.163,0.466,No
2023,GlobalData Plc,DATAL.XC,-18.12,0.688,0.214,Yes
2024,GN Store Nord A/S,0K9P.IL,-7.86,0.283,0.655,No
2025,Coloplast A/S,0QBO.IL,-8.02,0.288,0.539,Yes
2026,Close Brothers Group plc,CBGL.XC,-10.53,0.384,1.226,Yes
2027,Paragon Banking Group PLC,PAGL.XC,-6.3,0.225,1.12,Yes
2028,Eurocell plc,ECEL.L,-6.76,0.241,1.232,Yes
2029,Paragon Banking Group PLC,PAG.L,-6.41,0.228,1.142,Yes
2030,Porsche Automobil Holding SE,0JHU.IL,-7.65,0.273,1.057,Yes
2031,Palfinger AG,0MJ1.IL,-7.46,0.264,0.837,Yes
2032,Holmen AB (publ),0XS9.IL,-4.73,0.165,0.614,Yes
2033,SRT Marine Systems plc,SRT.L,-6.55,0.23,0.408,No
2034,OSB Group Plc,OSB.L,-7.3,0.255,1.159,Yes
2035,Helical plc,HLCLL.XC,-5.84,0.202,1.348,Yes
2036,dotdigital Group Plc,DOTDL.XC,-12.83,0.458,0.917,Yes
2037,dotdigital Group Plc,DOTD.L,-12.88,0.46,0.954,Yes
2038,Foresight Solar Fund Limited,FSFL.L,-5.53,0.189,0.425,Yes
2039,OSB Group Plc,OSBL.XC,-7.31,0.25,1.076,Yes
2040,XPS Pensions Group plc,XPS.L,-6.14,0.207,0.127,Yes
2041,Hostelworld Group plc,HSWL.XC,-5.8,0.195,0.53,Yes
2042,Porsche Automobil Holding SE,PAH3D.XC,-7.82,0.265,0.501,Yes
2043,TX Group AG,TXGNZ.XC,-10.49,0.359,0.952,Yes
2044,Robinson plc,RBN.L,-4.87,0.161,0.18,No
2045,Arecor Therapeutics plc,AREC.L,-10.64,0.358,0.798,No
2046,Caledonia Mining Corporation Plc,CMCL.L,-17.77,0.618,1.456,Yes
2047,ITV plc,ITVL.XC,-8.9,0.295,0.205,No
2048,Gulf Keystone Petroleum Limited,GKPL.XC,-10.44,0.346,0.125,Yes
2049,Banca IFIS S.p.A.,0NBX.IL,-16.48,0.561,1.162,Yes
2050,TruFin plc,TRU.L,-10.14,0.333,0.185,Yes
2051,BSF Enterprise Plc,BSFA.L,-36.0,1.365,2.494,Yes
2052,Gulf Keystone Petroleum Limited,GKP.L,-10.65,0.349,0.088,Yes
2053,Bow Street Group plc,BOW.L,-15.62,0.523,2.775,Yes
2054,Empire Metals Limited,EEE.L,-11.89,0.389,0.626,No
2055,"PayPal Holdings, Inc.",0R9U.L,-13.85,0.457,0.322,Yes
2056,Schroder European Real Estate Inv Trust,SERE.L,-5.81,0.184,0.849,Yes
2057,Poxel S.A.,0RA2.IL,-25.39,0.889,3.616,No
2058,Fonix Plc,FNX.L,-11.73,0.38,0.861,Yes
2059,Forvia SE,0MGR.IL,-13.72,0.446,0.922,Yes
2060,Truecaller AB (publ),0AA7.L,-23.02,0.786,2.363,No
2061,ITV plc,ITV.L,-8.92,0.282,0.23,No
2062,Close Brothers Group plc,CBG.L,-11.91,0.382,1.114,Yes
2063,Europris ASA,0RAI.IL,-6.96,0.217,0.383,No
2064,Volvere plc,VLE.L,-7.07,0.22,0.494,Yes
2065,The Conygar Investment Company PLC,CIC.L,-10.63,0.334,1.307,Yes
2066,Abbott Laboratories,0Q15.L,-10.56,0.33,0.879,Yes
2067,Sutton Harbour Group plc,SUH.L,-22.8,0.758,1.362,Yes
2068,Quantum Base Holdings PLC,QUBE.L,-10.22,0.316,0.923,Yes
2069,Ultimate Products Plc,ULTPL.XC,-11.3,0.351,1.535,Yes
2070,TREVI - Finanziaria Industriale S.p.A.,0G91.IL,-28.19,0.961,4.698,Yes
2071,Critical Mineral Resources PLC,CMRS.L,-23.67,0.785,2.923,Yes
2072,Adyen N.V.,ADYENA.XC,-14.6,0.46,0.235,No
2073,Kardex Holding AG,KARNZ.XC,-10.66,0.327,0.724,Yes
2074,emeis Société anonyme,0NEX.IL,-9.93,0.303,1.898,Yes
2075,Theracryf Plc,TCF.L,-9.35,0.285,0.6,Yes
2076,Verallia Société Anonyme,0ABH.IL,-9.62,0.293,0.24,No
2077,Baillie Gifford China Growth Trust Ord,BGCG.L,-3.87,0.114,0.385,Yes
2078,WisdomTree Natural Gas,NGAS.L,-18.74,0.594,1.659,No
2079,Snap Inc.,0RNH.L,-19.21,0.608,0.511,No
2080,MFE-Mediaforeurope N.V.,0NE1.IL,-9.52,0.286,1.209,Yes
2081,Sanoma Oyj,0JLQ.IL,-6.35,0.187,0.536,No
2082,Arbonia AG,ARBNZ.XC,-10.17,0.304,0.316,Yes
2083,Bonava AB (publ),0RHA.IL,-12.28,0.368,0.692,Yes
2084,AO World plc,AOL.XC,-7.51,0.22,0.618,Yes
2085,ALSO Holding AG,ALSNZ.XC,-11.79,0.351,0.241,No
2086,Quadient S.A.,QDTP.XC,-10.23,0.3,1.423,Yes
2087,Dassault Systèmes SE,DSYP.XC,-13.58,0.403,0.809,No
2088,KONE Oyj,0II2.IL,-6.1,0.172,1.066,Yes
2089,Tandem Group plc,TND.L,-4.27,0.118,0.467,Yes
2090,AO World plc,AO.L,-7.49,0.21,0.541,Yes
2091,Quartix Technologies plc,QTX.L,-14.11,0.408,1.553,Yes
2092,WisdomTree Natural Gas,NGSP.L,-19.74,0.585,1.77,No
2093,VGP NV,VGPB.XC,-9.8,0.275,1.15,Yes
2094,Adyen N.V.,0YP5.IL,-15.69,0.453,0.137,Yes
2095,"Jerónimo Martins, SGPS, S.A.",0EXG.IL,-8.23,0.228,1.345,Yes
2096,Paradox Interactive AB (publ),0GDU.IL,-11.14,0.313,0.873,No
2097,PostNL N.V.,0P47.IL,-8.78,0.243,0.103,Yes
2098,Lenzing Aktiengesellschaft,0NCV.IL,-7.09,0.193,0.185,Yes
2099,Wickes Group plc,WIXL.XC,-10.18,0.282,1.788,Yes
2100,Siemens Healthineers AG,SHLD.XC,-8.77,0.24,0.799,Yes
2101,Ultimate Products Plc,ULTP.L,-11.55,0.319,1.242,Yes
2102,Grand City Properties S.A.,0RPK.IL,-11.15,0.307,2.093,Yes
2103,Xlife Sciences AG,XLSZ.XC,-20.94,0.604,1.038,Yes
2104,Braemar Plc,BMS.L,-6.29,0.167,0.526,No
2105,Klingelnberg AG,KLINZ.XC,-8.18,0.216,0.261,Yes
2106,Ecclesiastical Insurance Office PLC,ELLA.L,-3.96,0.102,0.819,Yes
2107,RC Fornax Plc,RCFX.L,-33.5,1.018,1.184,No
2108,Intrum AB (publ),INTRUS.XC,-44.23,1.437,1.602,Yes
2109,Dassault Systèmes SE,0HB4.IL,-13.78,0.371,0.687,No
2110,Futu Holdings Limited,0FUT.L,-19.04,0.522,0.899,Yes
2111,Alimak Group AB (publ),0R8W.IL,-9.89,0.257,0.508,Yes
2112,Eurasia Mining Plc,EUA.L,-20.13,0.55,1.048,Yes
2113,AB Sagax (publ),SAGABS.XC,-9.78,0.252,0.878,Yes
2114,Aevis Victoria SA,AEVSZ.XC,-3.71,0.093,0.171,Yes
2115,Carl Zeiss Meditec AG,0DHC.IL,-15.97,0.421,0.369,Yes
2116,Berkeley Energia Limited,BKY.L,-16.02,0.422,0.688,Yes
2117,Buzzi S.p.A.,0NVQ.IL,-9.64,0.245,1.007,Yes
2118,Elior Group SA,0QVP.IL,-14.74,0.382,1.563,Yes
2119,KION GROUP AG,0QFU.IL,-14.77,0.383,1.198,Yes
2120,"Amadeus IT Group, S.A.",0P2W.IL,-9.86,0.249,0.116,Yes
2121,Quantum Helium Limited,QHE.L,-23.71,0.643,1.678,No
2122,Pathos Communications PLC,NEWS.L,-18.08,0.465,1.219,No
2123,Barratt Redrow plc,BTRW.L,-14.18,0.357,1.441,Yes
2124,AB Sagax (publ),0QDX.IL,-9.27,0.227,0.671,Yes
2125,CTP N.V.,CTPNVA.XC,-9.9,0.242,1.275,Yes
2126,Barratt Redrow plc,BTRWL.XC,-14.2,0.354,1.41,Yes
2127,Hostelworld Group plc,HSW.L,-7.99,0.193,0.322,Yes
2128,Christian Dior SE,0NPL.IL,-11.61,0.284,0.936,Yes
2129,Reckitt Benckiser Group plc,RKT.L,-11.44,0.28,1.831,Yes
2130,Cindrigo Holdings Limited,CINH.L,-46.92,1.422,5.61,Yes
2131,Alien Metals Limited,UFO.L,-28.42,0.76,2.314,Yes
2132,Distil Plc,DIS.L,-34.73,0.965,4.548,Yes
2133,Sintana Energy Inc.,SEI.L,-18.12,0.456,0.093,Yes
2134,International Workplace Group plc,IWGL.XC,-12.07,0.29,1.221,Yes
2135,HgCapital Trust Ord,HGT.L,-10.26,0.245,0.779,No
2136,Hugo Boss AG,0Q8F.IL,-5.67,0.131,0.219,Yes
2137,Wickes Group plc,WIX.L,-11.59,0.276,1.705,Yes
2138,Renalytix Plc,RENX.L,-36.02,0.984,0.257,Yes
2139,Arjo AB (publ),0HQ8.IL,-10.81,0.255,0.303,Yes
2140,Keystone Law Group plc,KEYS.L,-13.76,0.328,0.498,Yes
2141,Valartis Group AG,VLRTZ.XC,-9.65,0.225,0.005,No
2142,Reckitt Benckiser Group plc,RKTL.XC,-11.69,0.273,1.776,Yes
2143,Elixirr International plc,ELIXL.XC,-18.03,0.435,1.392,Yes
2144,"Tesla, Inc.",0R0X.L,-16.1,0.384,0.51,No
2145,Bristol Water PLC,BWRA.L,-2.2,0.049,0.322,Yes
2146,International Workplace Group plc,IWG.L,-12.47,0.289,1.338,Yes
2147,Grainger plc,GRIL.XC,-9.14,0.208,1.062,Yes
2148,TomTom N.V.,0MKS.IL,-17.74,0.42,0.321,Yes
2149,Babcock International Group PLC,BABL.XC,-16.74,0.392,1.387,Yes
2150,RaySearch Laboratories AB (publ),RAYBS.XC,-17.41,0.406,0.514,No
2151,BTG Consulting plc,BTG.L,-5.82,0.127,0.371,No
2152,Globalworth Real Estate Investments Limited,GWI.L,-8.36,0.184,0.375,No
2153,Leverage Shares -3x Short WTI Oil ETC,WTOS.L,-55.61,1.659,21.122,No
2154,PensionBee Group plc,PBEE.L,-8.67,0.191,0.428,Yes
2155,Grainger plc,GRI.L,-9.43,0.208,1.103,Yes
2156,Babcock International Group PLC,BAB.L,-16.94,0.382,1.366,Yes
2157,"Cirsa Enterprises, S.A.",CIRSAE.XC,-8.05,0.173,0.08,Yes
2158,Elisa Oyj,0I8Y.IL,-12.42,0.272,0.707,Yes
2159,Leverage Shares 5x Long Gold ETC,5GLD.L,-55.72,1.621,13.231,No
2160,"Fluidra, S.A.",FDRE.XC,-12.36,0.27,1.018,Yes
2161,Exor N.V.,0RKY.IL,-9.93,0.214,0.962,Yes
2162,BFF Bank S.p.A.,0RON.IL,-43.14,1.13,1.035,Yes
2163,STS Global Income & Growth Trust Ord,STS.L,-4.92,0.103,0.473,Yes
2164,Hemogenyx Pharmaceuticals Plc,HEMO.L,-35.6,0.879,2.929,Yes
2165,Fraport AG,FRAD.XC,-12.25,0.264,1.132,Yes
2166,Schindler Holding AG,SCHNZ.XC,-6.93,0.145,0.402,Yes
2167,Borussia Dortmund GmbH & Co. Kommanditgesellschaft auf Aktien,0DVE.IL,-7.06,0.146,0.052,Yes
2168,Kinnevik AB,0RGZ.IL,-16.55,0.359,0.282,Yes
2169,"Fluidra, S.A.",0ILI.IL,-10.24,0.215,0.78,Yes
2170,"Amadeus IT Group, S.A.",AMSE.XC,-10.2,0.213,0.176,Yes
2171,Telenor ASA,TELO.XC,-11.96,0.252,0.481,Yes
2172,Cairo Communication S.p.A.,0N7I.IL,-8.98,0.186,0.215,Yes
2173,Ondo InsurTech Plc,ONDO.L,-52.14,1.406,0.401,Yes
2174,Reliance Industries Limited,RIGDL.XC,-10.79,0.223,0.587,Yes
2175,Software Circle plc,SFT.L,-21.75,0.474,2.519,No
2176,NOBA Bank Group AB (publ),NOBAS.XC,-16.22,0.342,0.627,Yes
2177,Elior Group SA,ELIORP.XC,-17.98,0.383,1.403,Yes
2178,Antin Infrastructure Partners S.A.,ANTINP.XC,-9.39,0.191,0.039,No
2179,"Almirall, S.A.",0O9B.IL,-7.74,0.156,0.81,Yes
2180,Technology Minerals Plc,MNTL.L,-19.76,0.423,0.221,Yes
2181,LEG Immobilien SE,LEGD.XC,-16.68,0.351,2.495,Yes
2182,WisdomTree FTSE 100 3x Daily Leveraged,3UKL.L,-44.23,1.092,3.834,Yes
2183,Plexus Holdings plc,POS.L,-30.34,0.676,3.623,Yes
2184,Vonovia SE,0QFT.IL,-16.5,0.338,2.531,Yes
2185,Taylor Wimpey plc,TW.L,-14.89,0.303,1.591,Yes
2186,Facilities by ADF plc,ADF.L,-27.01,0.587,2.214,Yes
2187,Blackbird plc,BIRD.L,-30.44,0.675,3.235,Yes
2188,Feedback plc,FDBK.L,-27.62,0.6,1.244,Yes
2189,CTS Eventim AG & Co. KGaA,0EEE.IL,-21.74,0.455,1.171,Yes
2190,Taylor Wimpey plc,TWL.XC,-15.08,0.304,1.704,Yes
2191,"Baidu, Inc.",0HL1.L,-21.3,0.444,0.31,Yes
2192,Telenor ASA,0G8C.IL,-12.05,0.237,0.601,Yes
2193,Axfood AB (publ),0R6R.IL,-12.12,0.238,0.046,Yes
2194,Nelly Group AB (publ),NELLYS.XC,-35.03,0.783,1.176,No
2195,Narf Industries Plc,NARF.L,-33.5,0.741,0.811,Yes
2196,Alstom SA,0J2R.IL,-20.47,0.418,1.371,Yes
2197,lastminute.com N.V.,LMNZ.XC,-17.69,0.355,1.025,Yes
2198,Wihlborgs Fastigheter AB (publ),0A0I.IL,-9.49,0.182,0.942,Yes
2199,WisdomTree Livestock,AIGL.L,-7.02,0.132,0.031,No
2200,Shawbrook Group PLC,SHAW.L,-17.78,0.355,0.683,Yes
2201,Celebrus Technologies plc,CLBS.L,-32.83,0.714,2.574,Yes
2202,M&G Credit Income Investment Ord,MGCI.L,-4.4,0.082,0.219,Yes
2203,Econocom Group SE,0RPX.IL,-12.2,0.234,0.112,No
2204,Midwich Group plc,MIDW.L,-18.86,0.374,2.572,Yes
2205,NCC AB (publ),0OFP.IL,-9.65,0.182,0.001,No
2206,3i Group Ord,III.L,-24.06,0.489,2.784,Yes
2207,Alstom SA,ALOP.XC,-21.79,0.436,1.588,Yes
2208,Fintel Plc,FNTL.L,-20.04,0.396,0.692,Yes
2209,Baronsmead Venture Trust Ord,BVT.L,-9.44,0.176,0.888,Yes
2210,Leverage Shares -3x Short WTI Oil ETC,SWTO.L,-65.84,1.822,22.432,No
2211,Vonovia SE,VNAD.XC,-17.35,0.335,2.523,Yes
2212,Power Metal Resources plc,POW.L,-15.75,0.3,0.233,Yes
2213,Palace Capital Plc,PCA.L,-12.5,0.234,1.45,Yes
2214,KION GROUP AG,KGXD.XC,-17.35,0.333,1.16,Yes
2215,Haydale plc,HAYD.L,-33.05,0.694,2.074,Yes
2216,SMG Swiss Marketplace Group Holding AG,SMGZ.XC,-22.54,0.443,0.125,Yes
2217,Elopak ASA,0AB3.IL,-21.86,0.426,2.95,Yes
2218,3i Group plc,IIIL.XC,-24.49,0.483,2.751,Yes
2219,Leverage Shares 3x Long Natural Gas ETC,NGL3.L,-53.35,1.279,19.279,No
2220,BP p.l.c.,BP-A.L,-5.12,0.091,0.421,Yes
2221,everplay group plc,EVPLL.XC,-23.34,0.454,1.309,Yes
2222,Wilmington plc,WIL.L,-15.13,0.279,1.112,Yes
2223,Compass Group PLC,CPGL.XC,-50.34,1.157,7.202,Yes
2224,Schindler Holding AG,0QO1.IL,-8.8,0.156,0.451,Yes
2225,"Pershing Square Holdings, Ltd.",PSHDL.XC,-11.94,0.214,0.399,Yes
2226,FW Thorpe Plc,TFW.L,-13.06,0.235,1.114,Yes
2227,Deutsche Wohnen SE,0OBQ.IL,-15.35,0.279,2.118,Yes
2228,Reliance Industries Limited,RIGD.IL,-12.2,0.218,0.468,Yes
2229,Renault SA,RNOP.XC,-12.65,0.226,0.658,Yes
2230,GB Group plc,GBGL.XC,-23.11,0.437,0.106,No
2231,Elisa Oyj,ELISAH.XC,-15.94,0.289,0.489,Yes
2232,Ecofin US Renewables Infrastructure Ord,RNEW.L,-22.22,0.415,0.602,Yes
2233,GB Group plc,GBG.L,-23.36,0.438,0.071,No
2234,Dunelm Group plc,DNLML.XC,-19.18,0.351,1.913,Yes
2235,JPMorgan India Growth & Income plc,JIGI.L,-12.03,0.211,1.084,Yes
2236,Ambu A/S,0MJF.IL,-19.84,0.362,1.38,Yes
2237,Cerillion Plc,CER.L,-29.23,0.563,1.34,Yes
2238,Partners Group Private Equity Limited,PEY.L,-18.26,0.329,0.164,Yes
2239,Schroder European Real Estate Investment Trust Plc,SEREL.XC,-12.08,0.21,1.256,Yes
2240,VietNam Holding Limited,VNH.L,-12.47,0.217,0.65,Yes
2241,Brooks Macdonald Group plc,BRK.L,-16.14,0.287,1.711,Yes
2242,Kaufman & Broad S.A.,0F07.IL,-11.11,0.192,1.331,Yes
2243,Dunelm Group plc,DNLM.L,-19.47,0.35,1.879,Yes
2244,Gecina,0OPE.IL,-10.26,0.175,0.815,Yes
2245,Melrose Industries PLC,MROL.XC,-14.11,0.245,0.202,Yes
2246,Baronsmead Second Venture Trust Ord,BMD.L,-11.57,0.198,0.891,Yes
2247,Real Estate Credit Investments Limited,RECI.L,-6.73,0.112,0.814,Yes
2248,Leverage Shares 3x Long WTI Oil ETC,3WTI.L,-59.99,1.416,20.578,Yes
2249,Biesse S.p.A.,0DUK.IL,-22.32,0.401,0.146,No
2250,Schroder Real Estate Investment Trust Limited,SREI.L,-11.9,0.201,1.315,Yes
2251,DCI Advisors Limited,DCI.L,-6.85,0.113,0.375,No
2252,Chenavari Toro Income Fund Limited,TORO.L,-9.83,0.163,0.112,No
2253,Melrose Industries PLC,MRO.L,-14.35,0.244,0.242,Yes
2254,"Grifols, S.A.",0RDU.IL,-16.45,0.281,1.429,Yes
2255,Nativo Resources plc,NTVO.L,-43.06,0.854,1.027,Yes
2256,Sweco AB (publ),0H0G.IL,-13.34,0.22,0.771,Yes
2257,WisdomTree Gold 3x Daily Short,3GOS.L,-44.04,0.877,4.139,No
2258,Schindler Holding AG,SCHPZ.XC,-9.52,0.154,0.404,Yes
2259,WisdomTree NASDAQ 100 3x Daily ,LQQ3L.XC,-41.11,0.798,,
2260,Husqvarna AB (publ),HUSQBS.XC,-20.88,0.356,0.888,Yes
2261,CTS Eventim AG & Co. KGaA,EVDD.XC,-22.83,0.393,0.942,Yes
2262,CLS Holdings plc,CLI.L,-19.14,0.322,2.168,Yes
2263,LendInvest plc,LINV.L,-18.94,0.318,0.663,Yes
2264,Invesco Bond Income Plus Limited,BIPS.L,-2.64,0.041,0.115,Yes
2265,everplay group plc,EVPL.L,-25.13,0.435,1.382,Yes
2266,Infrastrutture Wireless Italiane S.p.A.,INWM.XC,-24.12,0.414,2.738,Yes
2267,Bayerische Motoren Werke Aktiengesellschaft,0O0U.IL,-19.96,0.331,0.802,Yes
2268,Experian plc,EXPN.L,-16.75,0.272,0.363,Yes
2269,Bilibili Inc.,0T3W.L,-34.11,0.613,1.932,Yes
2270,Palace Capital Plc,PCAL.XC,-13.49,0.215,1.156,Yes
2271,Corero Network Security plc,CNS.L,-30.65,0.535,0.459,Yes
2272,CAP-XX Limited,CPX.L,-41.72,0.779,1.999,Yes
2273,Phoenix Copper Limited,PXC.L,-56.51,1.185,4.272,No
2274,Halo Minerals PLC,HALO.L,-33.12,0.582,1.122,No
2275,Experian plc,EXPNL.XC,-16.87,0.269,0.374,Yes
2276,Aura Renewable Acquisitions plc,ARA.L,-60.98,1.327,0.101,No
2277,Vitrolife AB (publ),0YAY.IL,-22.56,0.37,0.855,No
2278,Clontarf Energy plc,CLON.L,-27.72,0.468,0.729,Yes
2279,Interroll Holding AG,INRNZ.XC,-27.77,0.468,1.852,Yes
2280,Genuit Group plc,GEN.L,-21.92,0.356,2.416,Yes
2281,Juventus Football Club S.p.A.,0H65.IL,-22.14,0.36,0.645,Yes
2282,Coro Energy plc,CORO.L,-16.53,0.26,0.637,Yes
2283,Genuit Group plc,GENL.XC,-22.24,0.36,2.422,Yes
2284,CLS Holdings plc,CLIL.XC,-20.14,0.321,2.266,Yes
2285,MJ Gleeson plc,GLEL.XC,-24.18,0.393,1.05,Yes
2286,Swedencare AB (publ),0ABG.IL,-28.07,0.466,0.592,Yes
2287,RaySearch Laboratories AB (publ),0GRZ.IL,-21.56,0.342,1.055,No
2288,Signify N.V.,0RHI.IL,-22.27,0.354,0.482,Yes
2289,Atrium Ljungberg AB (publ),0IHM.IL,-16.14,0.248,1.635,Yes
2290,Partners Group Holding AG,PGHNZ.XC,-21.03,0.332,0.829,No
2291,TF1 SA,0NQT.IL,-12.89,0.194,0.209,No
2292,Shawbrook Group PLC,SHAWL.XC,-23.86,0.371,0.924,Yes
2293,Ilika plc,IKA.L,-34.2,0.566,0.683,Yes
2294,REACT Group PLC,REAT.L,-17.32,0.257,1.69,Yes
2295,Oncopeptides AB (publ),0RN4.IL,-48.35,0.872,1.703,No
2296,MJ Gleeson plc,GLE.L,-24.15,0.369,1.08,Yes
2297,AB Electrolux (publ),0MDT.IL,-36.62,0.6,2.513,Yes
2298,Pernod Ricard SA,0HAT.IL,-17.74,0.259,1.839,Yes
2299,Stabilus SE,0QUL.IL,-26.12,0.398,0.463,Yes
2300,Jersey Electricity plc,JEL.L,-7.59,0.104,0.587,Yes
2301,Allergy Therapeutics plc,AGY.L,-28.46,0.438,1.186,Yes
2302,Vp plc,VPL.XC,-15.15,0.216,0.357,Yes
2303,Wilmington plc,WILL.XC,-15.71,0.224,0.975,Yes
2304,Airbus SE,AIRP.XC,-20.38,0.294,0.902,Yes
2305,Wienerberger AG,0MKZ.IL,-22.56,0.327,0.959,Yes
2306,Sabien Technology Group Plc,SNT.L,-41.23,0.671,1.007,Yes
2307,Duke Capital Limited,DUKE.L,-6.3,0.084,0.438,Yes
2308,WisdomTree Palladium 1x Daily Short,1PAS.L,-28.34,0.422,2.333,No
2309,Husqvarna AB (publ),0GTR.IL,-21.55,0.308,0.799,Yes
2310,Primorus Investments plc,PRIM.L,-11.65,0.158,0.467,Yes
2311,Marks Electrical Group PLC,MRK.L,-10.8,0.146,0.117,Yes
2312,Sea Limited,0A3T.IL,-28.87,0.426,1.153,Yes
2313,Norman Broadbent plc,NBB.L,-16.2,0.223,0.643,Yes
2314,River Global Plc,RVRG.L,-43.39,0.703,1.907,No
2315,Leverage Shares 3x Long Natural Gas ETC,3UNG.L,-69.55,1.431,20.83,No
2316,Lakefront Biotherapeutics NV,0JXZ.IL,-14.11,0.19,0.221,Yes
2317,GAM Holding AG,GAMZ.XC,-36.88,0.564,1.845,Yes
2318,Nemetschek SE,NEMD.XC,-31.58,0.464,0.498,No
2319,GCP Asset Backed Income Fund Limited,GABI.L,-9.06,0.117,0.31,Yes
2320,Caledonian Holdings PLC,CHP.L,-47.01,0.764,2.326,Yes
2321,"C3.ai, Inc.",0A5W.IL,-36.6,0.551,2.124,Yes
2322,Pernod Ricard SA,RIP.XC,-16.77,0.224,1.495,Yes
2323,Tomra Systems ASA,0KV7.IL,-23.16,0.32,0.64,No
2324,Lumo Kodit Oyj,LUMOH.XC,-18.1,0.243,1.153,Yes
2325,Livermore Investments Group Limited,LIV.L,-22.08,0.3,1.783,Yes
2326,Carclo plc,CARL.XC,-33.38,0.483,2.737,Yes
2327,WisdomTree Natural Gas 3x Daily Leveraged,3NGL.L,-66.69,1.268,3.96,No
2328,Cibus Real Estate AB (publ),0ABQ.IL,-14.04,0.181,0.499,Yes
2329,"Meta Platforms, Inc.",0QZI.L,-20.35,0.272,0.098,Yes
2330,Infrastrutture Wireless Italiane S.p.A.,0R8S.IL,-28.42,0.397,2.818,Yes
2331,Sound Energy plc,SOU.L,-60.04,1.057,0.539,Yes
2332,Webuild S.p.A.,WBDM.XC,-29.63,0.414,1.784,Yes
2333,Trainline plc,TRN.L,-26.57,0.364,0.951,No
2334,Bucher Industries AG,BUCNZ.XC,-12.8,0.162,0.735,Yes
2335,Tap Global Group Plc,TAP.L,-42.76,0.65,0.115,Yes
2336,WisdomTree Natural Gas 3x Daily Leveraged,3LNG.L,-67.05,1.262,4.048,No
2337,Carclo plc,CAR.L,-34.69,0.496,2.748,Yes
2338,Kavango Resources Plc,KAV.L,-34.04,0.485,1.181,Yes
2339,"Pershing Square Holdings, Ltd.",PSH.L,-14.65,0.186,0.48,Yes
2340,accesso Technology Group plc,ACSO.L,-26.41,0.358,0.012,No
2341,Northern Electric PLC,NTEA.L,-7.25,0.088,0.323,Yes
2342,Deutsche Beteiligungs AG,0QF7.IL,-10.92,0.135,0.24,No
2343,Lindsell Train Ord,LTI.L,-14.56,0.183,0.343,Yes
2344,Michelmersh Brick Holdings plc,MBH.L,-20.87,0.271,1.526,Yes
2345,Rockfire Resources plc,ROCK.L,-41.1,0.602,3.139,Yes
2346,Skillcast Group plc,SKL.L,-25.87,0.343,0.907,Yes
2347,Trainline plc,TRNL.XC,-26.68,0.354,0.945,No
2348,Smith & Nephew plc,SN.L,-19.8,0.253,1.926,Yes
2349,Evotec SE,0IRF.IL,-39.42,0.566,1.793,Yes
2350,Hello Group Inc.,0K2P.L,-18.87,0.239,0.539,Yes
2351,BP p.l.c.,BP-B.L,-6.48,0.077,0.304,Yes
2352,BATM Advanced Communications Ltd.,BVCL.XC,-24.95,0.325,0.596,Yes
2353,Smith & Nephew plc,SNL.XC,-19.97,0.252,1.915,Yes
2354,Lumo Kodit Oyj,0A0E.IL,-20.24,0.254,1.455,Yes
2355,Northamber plc,NAR.L,-16.51,0.203,0.224,No
2356,TwentyFour Income Fund Limited,TFIF.L,-5.28,0.061,0.103,Yes
2357,FRP Advisory Group plc,FRP.L,-16.82,0.205,0.286,Yes
2358,Deutsche Pfandbriefbank AG,0R9K.IL,-28.16,0.367,0.441,Yes
2359,"NetEase, Inc.",0K6G.L,-16.88,0.206,0.524,No
2360,Speedy Hire Plc,SDY.L,-23.52,0.297,0.822,Yes
2361,WisdomTree Lead,LEED.L,-9.56,0.112,0.169,Yes
2362,AB Dynamics plc,ABDPL.XC,-34.8,0.469,0.071,Yes
2363,Speedy Hire Plc,SDYL.XC,-23.12,0.29,1.115,Yes
2364,Vistry Group PLC,VTYL.XC,-42.95,0.61,4.297,Yes
2365,Winking Studios Limited,WKS.L,-28.25,0.364,0.558,Yes
2366,Schweizerische Nationalbank,SNBNZ.XC,-15.53,0.185,0.188,No
2367,Motorpoint Group Plc,MOTRL.XC,-21.89,0.27,1.338,Yes
2368,Peach Property Group AG,PEANZ.XC,-22.45,0.278,1.235,Yes
2369,IXICO plc,IXI.L,-36.87,0.497,2.348,No
2370,doValue S.p.A.,0RTI.IL,-34.23,0.453,1.376,Yes
2371,Entra ASA,0R3Y.IL,-10.15,0.117,0.644,Yes
2372,Hermès International Société en commandite par actions,RMSP.XC,-21.35,0.259,1.532,Yes
2373,"Global Dominion Access, S.A.",0RFW.IL,-14.84,0.173,0.178,Yes
2374,Mothercare plc,MTC.L,-60.68,0.97,1.573,Yes
2375,Vistry Group PLC,VTY.L,-43.64,0.605,4.256,Yes
2376,Hermès International Société en commandite par actions,0HV2.IL,-21.21,0.254,1.599,Yes
2377,Vp plc,VP.L,-16.67,0.195,0.245,No
2378,Ground Rents Income Fund Ord,GRIO.L,-29.78,0.375,0.404,Yes
2379,AB Dynamics plc,ABDP.L,-36.1,0.473,0.06,Yes
2380,Borregaard ASA,0QB7.IL,-16.56,0.192,0.32,No
2381,Fincantieri S.p.A.,0QWN.IL,-39.62,0.523,1.37,Yes
2382,The Property Franchise Group PLC,TPFG.L,-23.17,0.274,0.539,No
2383,Scout24 SE,0RB8.IL,-22.54,0.262,0.356,No
2384,NSI N.V.,0RQN.IL,-11.01,0.12,0.481,Yes
2385,Aquila European Renewables Ord,AERI.L,-32.06,0.391,1.943,No
2386,Medacta Group SA,MOVEZ.XC,-12.66,0.138,0.407,Yes
2387,Carl Zeiss Meditec AG,AFXD.XC,-31.58,0.384,0.517,No
2388,Shurgard Self Storage Ltd,SHURB.XC,-23.33,0.27,1.432,Yes
2389,Hypoport SE,0JVS.IL,-32.41,0.395,0.691,Yes
2390,Surgical Innovations Group plc,SUN.L,-24.89,0.289,0.132,Yes
2391,Alfa Financial Software Holdings PLC,ALFA.L,-26.51,0.31,1.249,Yes
2392,Fidelity China Special Situations Ord,FCSS.L,-19.51,0.219,0.958,Yes
2393,MARR S.p.A.,0NSS.IL,-26.19,0.305,1.9,Yes
2394,Cavendish plc,CAV.L,-22.27,0.253,0.836,Yes
2395,Vossloh AG,0N2Z.IL,-29.12,0.345,1.284,Yes
2396,Investment AB Latour (publ),LATOBS.XC,-21.52,0.244,1.157,Yes
2397,Naked Wines plc,WINE.L,-12.76,0.138,0.172,Yes
2398,JZ Capital Partners Limited,JZCP.L,-10.15,0.107,0.552,No
2399,BRCK Group plc,BRCKL.XC,-12.91,0.139,0.279,No
2400,Tomra Systems ASA,TOMO.XC,-26.1,0.301,0.243,No
2401,Fastighets AB Balder (publ),0H2Z.IL,-19.45,0.215,1.533,Yes
2402,Scout24 SE,G24D.XC,-26.53,0.303,0.732,No
2403,Heidelberger Druckmaschinen Aktiengesellschaft,0OC2.IL,-29.46,0.341,1.277,No
2404,dormakaba Holding AG,DOKAZ.XC,-19.14,0.209,0.837,Yes
2405,Nemetschek SE,0FDT.IL,-32.92,0.387,0.355,No
2406,Alfa Financial Software Holdings PLC,ALFAL.XC,-27.04,0.306,1.206,Yes
2407,Ferro-Alloy Resources Limited,FAR.L,-51.32,0.686,1.528,Yes
2408,Elixirr International plc,ELIX.L,-30.72,0.353,0.465,Yes
2409,Booking Holdings Inc.,0W2Y.L,-67.16,1.035,6.013,Yes
2410,JPMorgan China Growth & Income Ord,JCGI.L,-10.48,0.106,0.451,Yes
2411,Imperial Brands PLC,IMB.L,-19.87,0.212,0.917,Yes
2412,"Promotora de Informaciones, S.A.",0R7W.IL,-17.67,0.185,1.265,Yes
2413,Eutelsat Communications S.A.,ETL.L,-1.65,0.016,0.015,Yes
2414,Webuild S.p.A.,0BJP.IL,-32.06,0.364,2.24,Yes
2415,SpaceandPeople plc,SAL.L,-27.18,0.298,1.25,Yes
2416,Kenmare Resources plc,KMRL.XC,-35.46,0.41,2.235,Yes
2417,Matas A/S,0QFA.IL,-27.41,0.3,0.798,Yes
2418,Stellantis N.V.,STLAMM.XC,-37.94,0.445,0.526,Yes
2419,Rheinmetall AG,RHMD.XC,-37.59,0.437,1.295,Yes
2420,Imperial Brands PLC,IMBL.XC,-20.08,0.21,0.89,Yes
2421,Blue Star Capital plc,BLU.L,-54.27,0.715,0.291,No
2422,RELX PLC,REL.L,-24.4,0.26,0.388,Yes
2423,Vivendi SE,VIVP.XC,-39.78,0.467,1.401,Yes
2424,"Grifols, S.A.",0RDV.IL,-20.56,0.214,1.131,Yes
2425,Forterra plc,FORT.L,-23.45,0.248,1.654,Yes
2426,Peugeot Invest Société anonyme,0HV8.IL,-20.16,0.209,1.004,Yes
2427,RELX PLC,RELL.XC,-24.39,0.258,0.258,Yes
2428,Literacy Capital PLC,BOOK.L,-20.18,0.208,1.135,Yes
2429,BRCK Group plc,BRCK.L,-11.16,0.109,0.054,No
2430,Antin Infrastructure Partners S.A.,0AA5.IL,-19.05,0.194,0.622,No
2431,BATM Advanced Communications Ltd.,BVC.L,-27.64,0.296,0.208,No
2432,Vivendi SE,0IIF.IL,-41.37,0.48,0.792,Yes
2433,Forterra plc,FORTL.XC,-23.33,0.241,1.658,Yes
2434,Zealand Pharma A/S,0NZU.IL,-30.66,0.331,0.625,Yes
2435,Potter & Moore Plc,PAM.L,-24.87,0.256,1.51,Yes
2436,Verisure plc,VSURES.XC,-43.39,0.503,0.588,No
2437,Fair Oaks Income Limited,FAIR.L,-15.83,0.155,0.722,Yes
2438,C&C Group plc,CCR.L,-29.54,0.312,0.96,Yes
2439,"Coinbase Global, Inc.",1QZD.XC,-44.1,0.509,0.871,No
2440,Riverstone Energy Limited,RSE.L,-32.59,0.347,0.018,No
2441,Synectics plc,SNX.L,-30.74,0.321,0.85,Yes
2442,Rheinmetall AG,0NI1.IL,-38.52,0.422,1.06,Yes
2443,HUTCHMED (China) Limited,HCM.L,-21.7,0.213,0.144,No
2444,Mortgage Advice Bureau (Holdings) plc,MAB1.L,-28.06,0.284,0.237,Yes
2445,Aroundtown SA,0RUH.IL,-34.85,0.365,2.421,Yes
2446,Aptamer Group PLC,APTA.L,-51.31,0.604,2.905,Yes
2447,Tavistock Investments Plc,TAVI.L,-38.25,0.408,1.349,Yes
2448,Technip Energies N.V.,TEP.XC,-24.06,0.235,0.422,Yes
2449,ARYZTA AG,ARYNZ.XC,-34.81,0.361,0.779,No
2450,Mortgage Advice Bureau (Holdings) plc,MAB1L.XC,-28.07,0.278,0.265,Yes
2451,Regional REIT Limited,RGL.L,-21.45,0.203,0.628,Yes
2452,Terveystalo Oyj,0RV1.IL,-19.01,0.178,0.317,No
2453,Reach plc,RCH.L,-34.27,0.35,1.533,Yes
2454,Atos Group,0DNH.IL,-46.2,0.508,0.246,No
2455,SDCL Efficiency Income Trust plc.,SEIT.L,-34.62,0.351,1.398,Yes
2456,C&C Group plc,CCRL.XC,-30.55,0.299,0.825,Yes
2457,Gunsynd Plc,GUN.L,-42.13,0.443,1.472,No
2458,Lindab International AB (publ),0MWK.IL,-30.4,0.295,0.773,Yes
2459,Sveafastigheter AB (publ),SVEAFS.XC,-23.19,0.213,0.449,Yes
2460,,SVEABS.XC,-23.19,0.213,0.449,Yes
2461,Mindflair Plc,MFAI.L,-40.84,0.418,1.854,No
2462,TAKKT AG,0GC8.IL,-41.75,0.426,1.04,Yes
2463,Chocoladefabriken Lindt & Sprüngli AG,LISPZ.XC,-26.57,0.245,1.451,Yes
2464,HELLA GmbH & Co. KGaA,0R3U.IL,-13.41,0.115,0.732,Yes
2465,WeCap plc,WCAP.AQ,-75.2,1.057,2.466,Yes
2466,bioMérieux S.A.,0RUG.IL,-31.97,0.304,0.53,Yes
2467,Maven Income & Growth VCT 4 Ord,MAV4.L,-6.17,0.05,0.057,No
2468,Enwell Energy plc,ENW.L,-33.65,0.317,0.085,Yes
2469,Wolters Kluwer N.V.,0NMU.IL,-35.91,0.341,0.274,No
2470,Kempower Oyj,0KEP.IL,-39.75,0.386,1.127,No
2471,Craneware plc,CRW.L,-40.38,0.394,0.362,No
2472,Volta Finance Limited,VTA.L,-15.17,0.127,0.597,Yes
2473,"Boku, Inc.",BOKU.L,-46.28,0.47,0.402,No
2474,M Winkworth PLC,WINK.L,-12.31,0.1,0.069,No
2475,Hemnet Group AB (publ),0ABY.IL,-52.37,0.553,0.009,No
2476,Virgin Wines UK PLC,VINO.L,-44.79,0.445,1.374,Yes
2477,GENinCode Plc,GENI.L,-63.77,0.743,1.275,No
2478,Aptitude Software Group plc,APTD.L,-28.34,0.25,0.499,No
2479,Kenmare Resources plc,KMR.L,-38.09,0.358,1.975,Yes
2480,Chocoladefabriken Lindt & Sprüngli AG,0QP1.IL,-27.11,0.237,1.343,Yes
2481,Record plc,REC.L,-26.48,0.231,0.948,Yes
2482,Trip.com Group Limited,0I50.L,-39.04,0.367,0.064,Yes
2483,Lansdowne Resources Plc,LRES.L,-69.05,0.846,0.479,Yes
2484,Bertrandt Aktiengesellschaft,0NYZ.IL,-45.33,0.445,1.676,Yes
2485,Eckert & Ziegler SE,0NZY.IL,-24.82,0.212,0.17,Yes
2486,Vusion S.A.,VUP.XC,-46.6,0.46,0.01,No
2487,WisdomTree Lean Hogs,HOGS.L,-17.81,0.146,0.39,Yes
2488,Fincantieri S.p.A.,FCTM.XC,-40.55,0.382,0.875,Yes
2489,LANXESS Aktiengesellschaft,0H7I.IL,-31.49,0.279,1.331,Yes
2490,Dometic Group AB (publ),0RCO.IL,-50.29,0.508,2.201,Yes
2491,Gresham House Income & Growth VCT Ord,GHV1.L,-10.73,0.084,0.438,Yes
2492,Insig AI Plc,INSG.L,-41.89,0.394,0.025,Yes
2493,TEAM plc,TEAM.L,-45.08,0.432,1.305,Yes
2494,Nexteq plc,NXQ.L,-41.99,0.392,0.407,Yes
2495,"Netflix, Inc.",NFCD.XC,-33.54,0.294,0.915,No
2496,BKW AG,BKWZ.XC,-24.66,0.201,0.064,Yes
2497,Universal Music Group N.V.,UMGA.XC,-37.31,0.327,0.156,No
2498,Impax Asset Management Group Plc,IPXL.XC,-39.63,0.351,0.989,Yes
2499,ImmuPharma plc,IMM.L,-63.27,0.681,4.535,Yes
2500,"Uber Technologies, Inc.",UT8D.XC,-28.01,0.227,0.889,No
2501,Sherborne Investors (Guernsey) C Limited,SIGC.L,-30.83,0.255,1.344,Yes
2502,Bango PLC,BGO.L,-34.77,0.292,1.155,Yes
2503,Tencent Holdings Limited,0Z4S.IL,-31.02,0.253,0.033,No
2504,Douglas AG,DOUD.XC,-33.89,0.28,1.69,Yes
2505,Impax Asset Management Group Plc,IPX.L,-39.81,0.341,0.917,Yes
2506,Gaming Realms plc,GMR.L,-34.5,0.285,1.141,No
2507,Burford Capital Limited,BUR.L,-58.49,0.578,2.815,Yes
2508,Microlise Group plc,SAAS.L,-60.01,0.599,0.986,Yes
2509,WH Smith PLC,SMWH.L,-38.48,0.323,1.594,Yes
2510,Faron Pharmaceuticals Oy,FARN.L,-68.69,0.745,1.271,No
2511,Schlatter Industries AG,STRNZ.XC,-23.56,0.179,0.512,No
2512,WH Smith PLC,SMWHL.XC,-38.85,0.324,1.603,Yes
2513,Burford Capital Limited,BURL.XC,-58.71,0.572,2.862,Yes
2514,Transense Technologies plc,TRT.L,-58.98,0.572,0.546,No
2515,Ibstock plc,IBST.L,-35.98,0.29,1.9,Yes
2516,Wolters Kluwer N.V.,WKLA.XC,-38.96,0.319,0.126,No
2517,ICG-Longbow Senior Secured UK Property Debt Investments Ltd,LBOW.L,-19.1,0.138,0.517,Yes
2518,Lexington Gold Ltd,LEX.L,-31.04,0.24,1.313,Yes
2519,Claranova SE,0N6K.IL,-55.43,0.508,0.889,No
2520,Crest Nicholson Holdings plc,CRST.L,-57.17,0.53,2.054,Yes
2521,Ibstock plc,IBSTL.XC,-36.96,0.293,1.891,Yes
2522,Grenke AG,0R97.IL,-27.54,0.204,0.676,Yes
2523,Foxtons Group plc,FOXT.L,-31.12,0.234,0.081,Yes
2524,Crest Nicholson Holdings plc,CRSTL.XC,-57.78,0.528,2.021,Yes
2525,Premier Miton Group plc,PMI.L,-37.55,0.292,0.296,Yes
2526,Cloudbreak Discovery Plc,CDL.L,-62.58,0.596,0.205,No
2527,Future plc,FUTRL.XC,-50.96,0.435,0.67,Yes
2528,Achilles Investment Company Limited,AIC.L,-11.65,0.077,0.102,Yes
2529,Manolete Partners Plc,MANO.L,-54.01,0.472,1.734,Yes
2530,Future plc,FUTR.L,-51.09,0.433,0.805,Yes
2531,CPH Group AG,CPHNZ.XC,-19.44,0.134,0.422,Yes
2532,Nexity SA,0KB3.IL,-37.67,0.288,0.951,Yes
2533,Aptitude Software Group plc,APTDL.XC,-28.69,0.205,0.226,No
2534,Foxtons Group plc,FOXTL.XC,-30.51,0.22,0.052,Yes
2535,Judges Scientific plc,JDG.L,-36.23,0.271,0.578,Yes
2536,Hargreave Hale AIM VCT Ord,HHV.L,-13.43,0.088,0.247,Yes
2537,EARNZ plc,EARN.L,-41.78,0.324,1.344,Yes
2538,Henry Boot PLC,BOOTL.XC,-30.37,0.217,0.193,No
2539,Maven Renovar VCT Ord,MRV.L,-16.61,0.107,0.062,Yes
2540,EssilorLuxottica Société anonyme,ELP.XC,-40.13,0.299,1.281,Yes
2541,abrdn European Logistics Income PLC,ASLI.L,-46.17,0.358,0.767,Yes
2542,Ontex Group NV,0QVQ.IL,-54.31,0.45,0.753,Yes
2543,British & American Ord,BAF.L,-44.95,0.343,1.067,Yes
2544,Fiinu Plc,BANK.L,-60.48,0.526,0.725,Yes
2545,ProService Building Services Marketplace Plc,PRO.L,-69.15,0.656,3.295,Yes
2546,StoneCo Ltd.,0A4H.L,-39.72,0.29,1.648,Yes
2547,Nexity SA,NXIP.XC,-37.23,0.267,1.077,Yes
2548,Watkin Jones Plc,WJG.L,-53.68,0.428,2.672,Yes
2549,Tetragon Financial Group Limited,TFG.L,-25.19,0.164,0.295,No
2550,Bystronic AG,BYSZ.XC,-50.44,0.382,1.122,Yes
2551,Northcoders Group PLC,CODE.L,-39.32,0.274,0.127,Yes
2552,Adler Group S.A.,0RA1.IL,-36.8,0.251,1.007,Yes
2553,EssilorLuxottica Société anonyme,0OMK.IL,-40.38,0.282,0.921,Yes
2554,Aston Martin Lagonda Global Holdings plc,AMLL.XC,-57.66,0.453,0.161,No
2555,Coral Products PLC,CRU.L,-48.63,0.35,1.472,Yes
2556,Lords Group Trading plc,LORD.L,-56.43,0.433,1.951,Yes
2557,Petra Diamonds Limited,PDL.L,-64.74,0.532,0.904,Yes
2558,Wishbone Gold Plc,WSBN.L,-76.9,0.722,3.721,Yes
2559,RM Infrastructure Income Ord,RMII.L,-23.54,0.139,0.252,No
2560,Quantum Blockchain Technologies Plc,QBT.L,-51.57,0.367,2.17,No
2561,Aston Martin Lagonda Global Holdings plc,AML.L,-58.42,0.441,0.228,No
2562,Malibu Life Holdings Limited,MLHL.L,-28.8,0.174,0.742,Yes
2563,"iQIYI, Inc.",0XWG.L,-63.05,0.492,0.522,Yes
2564,bioMérieux S.A.,BIMP.XC,-33.31,0.205,0.501,Yes
2565,Princes Group plc,PRNL.XC,-39.88,0.256,1.134,Yes
2566,Firering Strategic Minerals Plc,FRG.L,-47.44,0.321,0.71,Yes
2567,Schroder Real Estate Investment Trust Limited,SREIL.XC,-12.82,0.07,0.296,Yes
2568,Telecom Plus Plc,TEP.L,-53.12,0.374,0.862,Yes
2569,WisdomTree NASDAQ 100 3x Daily ,LQQSL.XC,-74.19,0.649,6.629,Yes
2570,Amadeus FiRe AG,0DK9.IL,-57.05,0.409,0.481,Yes
2571,Telecom Plus Plc,TEPL.XC,-53.2,0.369,0.824,Yes
2572,Euroapi S.A.,0EAP.IL,-67.29,0.534,2.216,Yes
2573,Princes Group plc,PRN.L,-39.17,0.241,0.839,Yes
2574,Chrysalis Investments Limited,CHRY.L,-39.58,0.241,0.19,Yes
2575,VPC Specialty Lending Investments Ord,VSL.L,-32.46,0.189,0.827,Yes
2576,NewPrinces S.p.A.,NWLM.XC,-35.29,0.207,0.027,Yes
2577,Bénéteau S.A.,0K8N.IL,-32.02,0.183,0.927,Yes
2578,bpost NV/SA,0QF5.IL,-44.39,0.275,1.253,Yes
2579,Tekcapital plc,TEK.L,-62.14,0.447,0.01,Yes
2580,Tower Resources plc,TRP.L,-45.67,0.282,0.712,No
2581,4basebio PLC,4BB.L,-41.31,0.241,0.859,Yes
2582,Nobia AB (publ),0GW0.IL,-53.84,0.332,0.898,Yes
2583,Petra Diamonds Limited,PDLL.XC,-70.09,0.507,0.403,Yes
2584,Dekel Agri-Vision plc,DKL.L,-29.92,0.153,0.207,No
2585,Entain Plc,ENTL.XC,-42.53,0.234,0.419,No
2586,Verici Dx plc,VRCI.L,-65.84,0.442,0.615,No
2587,Henry Boot PLC,BOOT.L,-35.56,0.185,0.357,No
2588,Arbuthnot Banking Group PLC,ARBB.L,-14.24,0.065,0.168,Yes
2589,Zanaga Iron Ore Company Limited,ZIOC.L,-60.77,0.381,0.15,Yes
2590,Varia US Properties AG,VARNZ.XC,-38.13,0.199,0.258,No
2591,Mind Gym plc,MIND.L,-52.46,0.304,0.578,Yes
2592,Rosslyn Data Technologies plc,RDT.L,-58.0,0.351,1.642,Yes
2593,Serval Resources Plc,SRVL.L,-59.14,0.357,5.671,No
2594,Entain Plc,ENT.L,-42.5,0.223,0.532,No
2595,Prosus N.V.,0A28.IL,-36.46,0.182,0.46,Yes
2596,"NIKE, Inc.",0QZ6.L,-43.43,0.226,0.83,Yes
2597,Metals One PLC,MET1.L,-63.99,0.396,0.614,No
2598,Crystal Amber Fund Limited,CRS.L,-45.55,0.239,1.258,Yes
2599,HelloFresh SE,0RVI.IL,-62.63,0.379,0.905,Yes
2600,Prosus N.V.,PRXA.XC,-37.94,0.188,0.301,Yes
2601,Itim Group Plc,ITIM.L,-65.05,0.399,1.656,Yes
2602,NNIT A/S,0R5Z.IL,-36.18,0.172,0.902,No
2603,Afry AB,0QUU.IL,-32.9,0.15,0.031,No
2604,Schroder British Opportunities Ord,SBO.L,-12.9,0.052,0.046,No
2605,Branicks Group AG,0QGG.IL,-62.87,0.357,2.107,Yes
2606,Gateley (Holdings) Plc,GTLY.L,-55.12,0.288,0.04,Yes
2607,LBG Media plc,LBG.L,-68.09,0.374,1.038,Yes
2608,Ebiquity plc,EBQ.L,-35.98,0.148,0.088,Yes
2609,Metals One PLC,MET1L.XC,-65.36,0.333,0.142,No
2610,Gemfields Group Limited,GEM.L,-55.94,0.26,0.256,No
2611,Maintel Holdings Plc,MAI.L,-57.43,0.259,0.73,Yes
2612,Safestay plc,SSTY.L,-43.85,0.17,0.234,No
2613,PowerHouse Energy Group Plc,PHE.L,-66.63,0.311,0.645,Yes
2614,Leverage Shares -3x Short Copper ETC,CPRS.L,-75.72,0.358,1.096,No
2615,Nanoco Group plc,NANOL.XC,-76.78,0.367,0.962,No
2616,AstraZeneca PLC,AZNS.XC,-38.0,0.116,1.56,No
2617,Acast AB (publ),ACASTS.XC,-34.55,0.063,0.618,Yes
2618,Syncona Limited,SYNCL.XC,0.0,0.0,0.0,No
2619,Baillie Gifford US Growth Trust PLC,USAL.XC,0.0,0.0,0.0,No
2620,Vietnam Enterprise Investments Limited,VEILL.XC,0.0,0.0,0.0,No
2621,Wildcat Gold PLC,WCAT.L,-51.69,,,
2622,Zoyo Limited,ZOYO.L,0.0,0.0,0.0,No
2623,Phoenix Spree Deutschland Limited,PSDLL.XC,0.0,0.0,0.0,No
2624,Rockwood Strategic Plc,RKWL.XC,0.0,0.0,0.0,No
2625,RM Infrastructure Income PLC,RMIIL.XC,0.0,0.0,0.0,No
2626,Seraphim Space Investment Trust Plc,SSITL.XC,0.0,0.0,0.0,No
2627,The Schiehallion Fund Limited,MNTNL.XC,0.0,0.0,0.0,No
2628,Oakley Capital Investments Limited,OCIL.XC,0.0,0.0,0.0,No
2629,Polar Capital Technology Trust plc,PCTL.XC,0.0,0.0,0.0,No
2630,Pantheon International PLC,PINL.XC,0.0,0.0,0.0,No
2631,Molten Ventures Plc,GROWL.XC,0.0,0.0,0.0,No
2632,Herald Investment Trust PLC,HRIL.XC,0.0,0.0,0.0,No
2633,HarbourVest Global Private Equity Ltd.,HVPEL.XC,0.0,0.0,0.0,No
2634,Infracore SA,INFRAZ.XC,-35.91,,,
2635,Kongsberg Maritime ASA,KMARO.XC,0.0,,,
2636,Kerry Group plc,KRZI.XC,-69.14,,,
2637,WisdomTree Natural Gas 2x Daily Leveraged,LNGAL.XC,0.0,0.0,0.0,No
2638,WisdomTree WTI Crude Oil 2x Daily Leveraged,LOILL.XC,0.0,0.0,0.0,No
2639,WisdomTree WTI Crude Oil,CRUDL.XC,0.0,0.0,0.0,No
2640,Edinburgh Worldwide Investment Trust Plc,EWIL.XC,0.0,0.0,0.0,No
2641,Allianz Technology Trust PLC,ATTL.XC,0.0,0.0,0.0,No
2642,Brown Advisory US Smaller Companies PLC,BASCL.XC,0.0,0.0,0.0,No
2643,BH Macro Limited,BHMGL.XC,0.0,0.0,0.0,No
2644,BH Macro Limited,BHMUL.XC,0.0,0.0,0.0,No
2645,The Biotech Growth Trust PLC,BIOGL.XC,0.0,0.0,0.0,No
2646,Borr Drilling Limited,BORRO.XC,29.61,,,
2647,Brooks Macdonald Group PLC,BRK.AQ,82.23,,,
2648,Chrysalis Investments Limited,CHRYL.XC,0.0,0.0,0.0,No
2649,MOL Magyar Olaj- és Gázipari Nyilvánosan Muködo Részvénytársaság,0RUK.IL,0.0,0.0,0.0,No
2650,Palantir Technologies Inc.,1PLTRM.XC,0.0,0.0,0.0,No
2651,lululemon athletica inc.,33LD.XC,0.0,0.0,,
2652,Aberdeen New India Investment Trust PLC,ANIIL.XC,0.0,0.0,0.0,No
2653,GAM Holding AG,0QN3.IL,0.0,0.0,0.0,No
2654,Dustin Group AB (publ),0R5W.IL,0.0,0.0,0.0,No
2655,LAMDA Development S.A.,0NCY.IL,0.0,0.0,0.0,No
2656,Wirecard AG,0O8X.IL,0.0,0.0,0.0,No
2657,SIG Group AG,0P4G.IL,0.0,0.0,0.0,No
2658,ARYZTA AG,0MFY.IL,0.0,0.0,0.0,No
2659,Solutions 30 SE,0A29.IL,0.0,0.0,0.0,No
2660,Stillfront Group AB (publ),0A2A.IL,0.0,0.0,0.0,No
2661,TeamViewer SE,0A36.IL,0.0,0.0,0.0,No
2662,Musti Group Oyj,0A3B.IL,0.0,0.0,0.0,No
2663,Allegro.eu S.A.,0A5O.IL,0.0,0.0,0.0,No
2664,AutoStore Holdings Ltd.,0AAE.IL,0.0,0.0,0.0,No
2665,Samhällsbyggnadsbolaget i Norden AB (publ),0AAS.IL,0.0,0.0,0.0,No
2666,Sdiptech AB (publ),0AAV.IL,0.0,0.0,0.0,No
2667,Technoprobe S.p.A.,0AB7.IL,0.0,0.0,0.0,No
