Rank,Name,Ticker,Return (%),Risk,Volatility,Follows Market Direction ?
1,Edelweiss Nifty 1D Rate Liquid ETF - Growth,ELIQUID.NS,5.01,0.001,0.001,Yes
2,Kotak Mahindra Mutual Fund - Kotak Nifty 1d Rate Liquid Etf,LIQUID1.NS,5.07,0.001,0.002,Yes
3,DSP S&P BSE Liquid Rate ETF,LIQUIDADD.NS,4.96,0.001,0.001,Yes
4,Mirae Asset Nifty 1D Rate Liquid ETF-Growth,LIQUIDPLUS.NS,5.04,0.001,0.001,Yes
5,Shriram Nifty 1D Rate Liquid ETF,LIQUIDSHRI.NS,4.77,0.001,0.002,Yes
6,Zerodha Nifty 1D Rate Liquid ETF,LIQUIDCASE.NS,4.98,0.001,0.002,Yes
7,HDFC Nifty 1D Rate Liquid ETF - Growth,HDFCLIQUID.NS,4.88,0.001,0.001,Yes
8,Bajaj Nifty 1D Rate Liquid ETF - Growth,LIQUIDBETF.NS,4.87,0.001,0.002,Yes
9,Angel One Nifty 1D Rate Liquid ETF - Growth,AONELIQUID.NS,5.02,0.001,0.001,Yes
10,Groww Nifty 1D Rate Liquid ETF,GROWWLIQID.NS,4.76,0.001,0.002,Yes
11,Aditya BSL CRISIL Liquid Ovrnght ETF,ABSLLIQUID.NS,3.49,0.002,0.001,Yes
12,SBI Nifty Midcap 150 ETF,SBINMID150.NS,21.67,0.027,0.153,No
13,ICICI Prudential Nifty Smallcap 250 ETF,SMALLIETF.NS,26.15,0.032,,
14,Harmony Capital Services Limited,HRMNYCP.BO,61.69,0.07,0.084,No
15,Mirae Asset Nifty 1D Rate Liquid ETF-IDCW,LIQUID.NS,3.94,0.006,0.009,No
16,Groww Nifty Smallcap 250 Momentum Quality 100 ETF,SMALLGROWW.NS,46.23,0.057,,
17,SBI NIFTY 1D Rate Liquid ETF - IDCW,LIQUIDSBI.NS,3.55,0.006,0.013,No
18,SBI Nifty Smallcap 250 ETF,SBISMLETF.NS,39.59,0.059,0.121,No
19,Alchemist Corporation Limited,ALCHCORP.BO,53.31,0.081,0.186,No
20,Shamrock Industrial Company Limited,SHAMROIN.BO,53.23,0.081,0.184,No
21,Tikona Communication Limited,GFSTEELS.BO,52.87,0.08,0.245,No
22,P.M. Telelinnks Limited,PMTELELIN.BO,53.19,0.08,0.185,No
23,Mahan Industries Limited,MAHANIN.BO,52.78,0.08,0.182,No
24,Premium Capital Market and Investment Limited,PREMCAPM.BO,52.81,0.08,0.184,No
25,Tikona Communication Limited,GFSTEELS.NS,52.58,0.082,0.178,No
26,Hexagon Nutrition Limited,HEXAGON.BO,48.83,0.087,,
27,Prabhatam Infra Venture Limited.,PRABHATAM.BO,45.32,0.087,0.253,Yes
28,Cresanto Global Limited,CRESANTO.BO,45.12,0.087,0.093,No
29,Baron Infotech Limited,BARONINF.BO,42.15,0.082,0.22,No
30,Bagmane Prime Office REIT,BAGMANE.BO,19.07,0.04,0.447,No
31,Progrex Ventures Limited,PROGREXV.BO,56.81,0.108,0.052,No
32,Cube Highways Trust,CUBEINVIT.BO,34.85,0.072,0.11,No
33,Hexagon Nutrition Limited,HEXAGON.NS,44.51,0.092,,
34,Altius Telecom Infrastructure Trust,ALTIUSINVIT.BO,36.81,0.081,0.221,Yes
35,DSP NIFTY 1D Rate Liquid ETF,LIQUIDETF.NS,2.25,0.006,0.016,No
36,Aurobindo Pharma Limited,AUROPHARMA.NS,66.69,0.147,0.069,Yes
37,Raajmarg Infra Investment Trust,RIIT.BO,33.13,0.082,0.25,No
38,Aayush Art and Bullion Limited,AAYUSHBULL.BO,31.74,0.083,0.079,Yes
39,Property Share Investment Trust,PSPLATINA.BO,22.47,0.063,0.23,Yes
40,Tacent Projects Limited,TACENT.BO,54.16,0.139,0.05,Yes
41,Indus Infra Trust,INDUSINVIT.BO,33.97,0.094,0.287,Yes
42,Signature Green Corporation Limited,SIGNGCL.BO,69.77,0.182,0.22,Yes
43,Anzen India Energy Yield Plus Trust,ANZEN.BO,29.04,0.089,0.209,No
44,Granules India Limited,GRANULES.NS,70.17,0.189,0.253,Yes
45,Omkar Overseas Limited,OMKAR.BO,38.04,0.115,0.328,No
46,Navin Fluorine International Limited,NAVINFLUOR.NS,104.52,0.259,0.768,Yes
47,Navin Fluorine International Limited,NAVINFLUOR.BO,104.9,0.264,0.797,Yes
48,TMT (India) Ltd.,TMTIND-B1.BO,45.71,0.141,0.517,No
49,Arman Holdings Limited,ARMAN.BO,51.3,0.156,0.049,Yes
50,Nirlon Limited,NIRLON.BO,49.53,0.156,0.482,Yes
51,Piramal Finance Limited,PIRAMALFIN.BO,73.08,0.215,0.169,Yes
52,Rajvi Logitrade Limited,RAJVI.BO,94.08,0.264,0.549,Yes
53,Piramal Finance Limited,PIRAMALFIN.NS,74.28,0.223,0.155,Yes
54,Torrent Pharmaceuticals Limited,TORNTPHARM.NS,47.95,0.157,0.143,Yes
55,CORONA Remedies Limited,CORONA.BO,85.64,0.251,0.868,Yes
56,CORONA Remedies Limited,CORONA.NS,86.28,0.255,0.894,Yes
57,Seamec Limited,SEAMECLTD.NS,100.57,0.293,0.337,No
58,Seamec Limited,SEAMECLTD.BO,103.53,0.3,0.347,No
59,Emcure Pharmaceuticals Limited,EMCURE.NS,51.91,0.174,0.078,No
60,Ajanta Pharma Limited,AJANTPHARM.NS,61.43,0.201,0.5,Yes
61,Emcure Pharmaceuticals Limited,EMCURE.BO,52.05,0.176,0.08,No
62,The South India Paper Mills Limited,STHINPA.BO,72.49,0.232,0.897,Yes
63,Honasa Consumer Limited,HONASA.NS,86.31,0.268,0.433,Yes
64,Honasa Consumer Limited,HONASA.BO,86.59,0.269,0.443,Yes
65,The Federal Bank Limited,FEDERALBNK.NS,104.68,0.318,1.62,Yes
66,Sai Life Sciences Limited,SAILIFE.NS,83.33,0.268,0.546,Yes
67,Sai Life Sciences Limited,SAILIFE.BO,83.19,0.268,0.561,Yes
68,Embassy Office Parks REIT,EMBASSY.BO,11.3,0.047,0.191,Yes
69,Indigrid Infrastructure Trust,INDIGRID.BO,17.44,0.071,0.265,Yes
70,S.J.S. Enterprises Limited,SJS.NS,86.45,0.282,1.288,Yes
71,Craftsman Automation Limited,CRAFTSMAN.BO,77.9,0.262,0.526,Yes
72,S.J.S. Enterprises Limited,SJS.BO,86.09,0.284,1.299,Yes
73,Craftsman Automation Limited,CRAFTSMAN.NS,77.84,0.265,0.546,Yes
74,Gujarat Ambuja Exports Limited,GAEL.BO,81.02,0.279,0.697,Yes
75,Gujarat Ambuja Exports Limited,GAEL.NS,80.83,0.279,0.697,Yes
76,Macfos Limited,ROBU.BO,82.42,0.286,0.735,Yes
77,Interise Trust,INTERISE.BO,8.95,0.04,0.022,Yes
78,360 ONE MSCI India ETF,MSCI360.NS,15.52,0.069,,
79,Advait Energy Transitions Limited,ADVAIT.NS,95.29,0.327,1.013,Yes
80,The Karur Vysya Bank Limited,KARURVYSYA.NS,80.06,0.287,0.879,Yes
81,Agribio Spirits Limited,AGRIBIO.BO,56.82,0.218,0.197,Yes
82,Nippon Life India Asset Management Ltd. - Nippon India Mutual Fund - Nippon India Nifty Pharma ETF,PHARMABEES.NS,28.89,0.124,0.483,Yes
83,Mirae Asset Nifty 500 Healthcare ETF,HEALTHCARE.NS,33.79,0.148,0.612,Yes
84,Oswal Leasing Limited,OSWALEA.BO,39.16,0.169,0.752,No
85,Shriram Finance Limited,SHRIRAMFIN.NS,104.45,0.371,1.718,Yes
86,GROWW MUTUAL FUND  PERMITTED,GROWWDEFNC.BO,30.37,0.136,0.79,No
87,Lokesh Machines Limited,LOKESHMACH.NS,106.0,0.386,0.331,Yes
88,Shriram Finance Limited,SHRIRAMFIN.BO,101.26,0.373,1.712,Yes
89,ABB India Limited,ABB.NS,59.25,0.251,0.607,Yes
90,Anantam Highways Trust,ANANTAM.BO,9.9,0.051,0.045,Yes
91,National Aluminium Company Limited,NATIONALUM.BO,109.51,0.411,0.594,No
92,Nephrocare Health Services Limited,NEPHROPLUS.NS,84.72,0.34,0.902,Yes
93,Anand Rathi Wealth Limited,ANANDRATHI.BO,69.18,0.291,1.029,Yes
94,Anand Rathi Wealth Limited,ANANDRATHI.NS,68.98,0.292,1.033,Yes
95,Nephrocare Health Services Limited,NEPHROPLUS.BO,84.06,0.341,0.919,Yes
96,INOX India Limited,INOXINDIA.NS,103.25,0.4,0.91,Yes
97,Motilal Oswal Nasdaq Q 50 ETF,MONQ50.NS,62.28,0.271,0.377,Yes
98,Konark Synthetic Limited,KONARKSY.BO,36.31,0.173,0.417,Yes
99,Arvind Limited,ARVIND.NS,107.53,0.417,0.789,Yes
100,INOX India Limited,INOXINDIA.BO,104.23,0.408,0.923,Yes
101,Sharat Industries Limited,SHINDL.BO,35.72,0.172,0.26,Yes
102,Belrise Industries Limited,BELRISE.BO,57.59,0.259,0.652,Yes
103,Global Education Limited,GLOBAL.NS,83.02,0.35,1.153,Yes
104,Belrise Industries Limited,BELRISE.NS,57.38,0.262,0.648,Yes
105,Arfin India Limited,ARFIN.BO,108.81,0.435,1.141,Yes
106,OnEMI Technology Solutions Limited,KISSHT.BO,63.54,0.288,2.906,Yes
107,Bharat Forge Limited,BHARATFORG.NS,95.03,0.397,1.237,Yes
108,OnEMI Technology Solutions Limited,KISSHT.NS,65.96,0.3,3.04,Yes
109,Accretion Nutraveda Limited,ANL.BO,96.77,0.408,1.062,Yes
110,DSP BSE Top 10 Banks ETF,BANK10ADD.NS,31.42,0.162,0.994,Yes
111,Aviva Industries Limited,AVIVA.BO,16.83,0.092,0.065,No
112,Mobavenue AI Tech Limited,MOBAVENUE.BO,44.73,0.222,0.572,Yes
113,A. K. Capital Services Limited,AKCAPIT.BO,82.64,0.365,0.473,Yes
114,Property Share Investment Trust,PSTITANIA.BO,15.05,0.083,0.364,Yes
115,Divgi TorqTransfer Systems Limited,DIVGIITTS.BO,106.13,0.444,0.89,Yes
116,Swarna Securities Limited,SWRNASE.BO,65.11,0.307,0.315,No
117,Divgi TorqTransfer Systems Limited,DIVGIITTS.NS,105.36,0.445,0.915,Yes
118,Gujarat Kidney And Super Speciality Limited,GKSL.BO,107.4,0.451,1.219,Yes
119,Gujarat Kidney And Super Speciality Limited,GKSL.NS,105.43,0.446,1.224,Yes
120,Edelweiss Nifty Next 50 ETF,ENEXT50.NS,13.04,0.074,0.613,Yes
121,Data Patterns (India) Limited,DATAPATTNS.NS,102.32,0.448,1.507,Yes
122,Dynamatic Technologies Limited,DYNAMATECH.NS,98.8,0.438,1.737,Yes
123,Data Patterns (India) Limited,DATAPATTNS.BO,102.87,0.452,1.524,Yes
124,Dynamatic Technologies Limited,DYNAMATECH.BO,99.45,0.442,1.723,Yes
125,Sayaji Hotels Limited,SAYAJIHOTL.NS,56.47,0.284,0.012,No
126,Groww Nifty Private Bank ETF,PVTBKGROWW.NS,24.14,0.136,0.192,Yes
127,SPR Auto Technologies Limited,SHRIPISTON.NS,93.95,0.426,0.994,Yes
128,Vishnu Chemicals Limited,VISHNU.NS,53.58,0.274,1.19,Yes
129,Vishnu Chemicals Limited,VISHNU.BO,54.59,0.279,1.23,Yes
130,SPR Auto Technologies Limited,SHRIPISTON.BO,93.95,0.43,1.007,Yes
131,Dhampure Speciality Sugars Limited,DHAMPURE.BO,86.25,0.407,1.058,Yes
132,Nippon India ETF Nifty 5 Yr Benchmark G-Sec,GILT5YBEES.NS,5.49,0.034,0.144,Yes
133,Rishabh Instruments Limited,RISHABH.NS,104.43,0.475,1.939,Yes
134,Rishabh Instruments Limited,RISHABH.BO,104.36,0.475,1.953,Yes
135,Orosil Smiths India Limited,OROSMITHS.BO,62.72,0.325,0.793,Yes
136,G N A Axles Limited,GNA.BO,104.95,0.485,1.585,Yes
137,G N A Axles Limited,GNA.NS,105.22,0.492,1.609,Yes
138,IFCI Limited,IFCI.NS,88.81,0.434,1.425,Yes
139,Samvardhana Motherson International Limited,MOTHERSON.NS,83.19,0.417,1.314,Yes
140,NDL Ventures Limited,NDLVENTURE.BO,67.13,0.355,0.022,Yes
141,Emmvee Photovoltaic Power Limited,EMMVEE.NS,80.52,0.411,0.025,No
142,AVI Products India Limited,APIL.BO,98.79,0.481,0.208,No
143,Emmvee Photovoltaic Power Limited,EMMVEE.BO,80.4,0.412,0.014,Yes
144,SMS Pharmaceuticals Limited,SMSPHARMA.BO,65.06,0.349,0.833,Yes
145,Jindal Saw Limited,JINDALSAW.NS,69.7,0.371,0.091,Yes
146,Steelcast Limited,STEELCAS.BO,85.99,0.437,1.217,Yes
147,SMS Pharmaceuticals Limited,SMSPHARMA.NS,65.59,0.354,0.826,Yes
148,Singer India Limited,SINGERIND.NS,87.95,0.447,1.292,Yes
149,Samvardhana Motherson International Limited,MOTHERSON.BO,77.89,0.41,1.331,Yes
150,Vodafone Idea Limited,IDEA.NS,107.19,0.522,1.263,Yes
151,Steelcast Limited,STEELCAS.NS,86.31,0.446,1.224,Yes
152,Groww Nifty PSU Bank ETF,GROWWPSUBK.NS,24.28,0.154,0.893,Yes
153,Astonea Labs Limited,ASTONEALAB.BO,94.97,0.481,0.055,No
154,Motilal Oswal Nifty 5 year Benchmark G-Sec ETF,MOGSEC.NS,4.91,0.034,0.118,Yes
155,Radico Khaitan Limited,RADICO.NS,72.37,0.391,1.545,Yes
156,Glenmark Pharmaceuticals Limited,GLENMARK.BO,33.01,0.204,0.33,Yes
157,Wheels India Limited,WHEELS.BO,103.64,0.519,0.143,No
158,Wheels India Limited,WHEELS.NS,104.3,0.523,0.179,No
159,ICICI Prudential Nifty Metal ETF,METALIETF.NS,38.53,0.236,0.711,Yes
160,FGP Limited,FGP.BO,58.67,0.336,0.854,Yes
161,ICICI Prudential Mutual Fund,METALIETF.BO,38.69,0.237,0.717,Yes
162,Sun Pharmaceutical Industries Limited,SUNPHARMA.NS,30.37,0.192,0.424,Yes
163,Glenmark Pharmaceuticals Limited,GLENMARK.NS,32.43,0.203,0.334,Yes
164,The Great Eastern Shipping Company Limited,GESHIP.NS,43.12,0.261,0.242,Yes
165,Hawkins Cookers Limited,HAWKINCOOK.NS,37.62,0.232,2.089,Yes
166,The Great Eastern Shipping Company Limited,GESHIP.BO,43.23,0.262,0.255,Yes
167,India Finsec Limited,IFINSEC.BO,54.39,0.318,0.963,Yes
168,UTIAMC-UTIGOLDBETA,GOLDBETA.NS,40.86,0.25,0.21,Yes
169,Mangalam Worldwide Limited,MWL.NS,79.69,0.433,1.253,Yes
170,Motilal Oswal NASDAQ 100 ETF,MON100.NS,63.02,0.361,0.644,Yes
171,Thyrocare Technologies Limited,THYROCARE.NS,79.37,0.434,1.435,Yes
172,Jammu and Kashmir Bank Limited,J&KBANK.NS,50.87,0.306,0.933,Yes
173,Aditya Birla Sun Life Nifty Healthcare ETF,HEALTHY.NS,21.19,0.142,0.552,Yes
174,Apcotex Industries Limited,APCOTEXIND.NS,91.44,0.488,1.538,Yes
175,Thyrocare Technologies Limited,THYROCARE.BO,78.31,0.434,1.452,Yes
176,KOTAK GOLD ETF,GOLD1.NS,41.36,0.258,0.15,Yes
177,Resonance Specialties Limited,RESONANCE.BO,93.57,0.5,1.479,Yes
178,City Union Bank Limited,CUB.BO,56.76,0.338,1.488,Yes
179,Aditya Birla Capital Limited,ABCAPITAL.NS,50.5,0.307,1.711,Yes
180,City Union Bank Limited,CUB.NS,56.93,0.339,1.492,Yes
181,Paisalo Digital Limited,PAISALO.BO,108.44,0.56,2.093,Yes
182,Paisalo Digital Limited,PAISALO.NS,108.62,0.562,2.102,Yes
183,Privi Speciality Chemicals Limited,PRIVISCL.NS,59.18,0.352,1.389,Yes
184,Privi Speciality Chemicals Limited,PRIVISCL.BO,59.68,0.354,1.4,Yes
185,ICICIPRAMC - ICICIPHARM,HEALTHIETF.NS,21.07,0.143,0.575,Yes
186,GE Vernova T&D India Limited,GVT&D.NS,66.17,0.386,0.471,Yes
187,RBL Bank Limited,RBLBANK.NS,46.72,0.291,1.352,Yes
188,Roadstar Infra Investment Trust Fund,ROADSTAR.BO,44.15,0.277,0.586,No
189,Solar Industries India Limited,SOLARINDS.BO,68.35,0.398,1.021,Yes
190,Kingfa Science & Technology (India) Limited,KINGFA.BO,42.37,0.269,0.329,Yes
191,Astra Microwave Products Limited,ASTRAMICRO.NS,98.34,0.529,1.64,Yes
192,Solar Industries India Limited,SOLARINDS.NS,66.91,0.395,1.028,Yes
193,Axis NIFTY Healthcare ETF,HEALTHAXIS.NS,20.64,0.143,0.553,Yes
194,Union Bank of India,UNIONBANK.NS,51.46,0.319,0.808,Yes
195,Motilal Oswal BSE Healthcare ETF,MOHEALTH.NS,22.54,0.156,0.609,Yes
196,Quantum Gold Exchange Traded Scheme,QGOLDHALF.NS,41.29,0.267,0.089,Yes
197,Mangal Credit and Fincorp Limited,MANCREDIT.BO,44.61,0.285,0.146,Yes
198,NDL Ventures Limited,NDLVENTURE.NS,59.46,0.362,0.006,No
199,Nippon Life India Asset Management Limited,NAM-INDIA.BO,52.18,0.325,1.39,Yes
200,Satin Creditcare Network Limited,SATIN.NS,72.75,0.427,1.157,Yes
201,RBL Bank Limited,RBLBANK.BO,45.53,0.291,1.339,Yes
202,Shaily Engineering Plastics Limited,SHAILY.NS,67.34,0.403,0.574,Yes
203,Shaily Engineering Plastics Limited,SHAILY.BO,67.56,0.404,0.573,Yes
204,Aditya Birla Capital Limited,ABCAPITAL.BO,48.43,0.308,1.715,Yes
205,Axis Gold Exchange Traded Fund,GOLDAXIS.NS,39.28,0.258,0.174,Yes
206,Kingfa Science & Technology (India) Limited,KINGFA.NS,40.77,0.267,0.342,Yes
207,West Coast Paper Mills Limited,WSTCSTPAPR.NS,38.73,0.256,0.733,Yes
208,Mangal Credit and Fincorp Limited,MANCREDIT.NS,42.79,0.279,0.186,Yes
209,Quantum Gold Exchange Traded Scheme,QGOLDHALF.BO,41.07,0.27,0.067,Yes
210,Nippon India ETF Gold BeES,GOLDBEES.NS,40.56,0.268,0.116,Yes
211,Nippon India ETF Gold BeES,GOLDBEES.BO,40.56,0.268,0.124,Yes
212,DSPAMC - DSPGOLD,GOLDADD.NS,40.98,0.27,0.045,Yes
213,ZIM Laboratories Limited,ZIMLAB.NS,105.11,0.576,2.032,Yes
214,NRB Bearings Limited,NRBBEARING.NS,106.76,0.583,1.698,Yes
215,ZIM Laboratories Limited,ZIMLAB.BO,107.41,0.586,2.088,Yes
216,Apex Frozen Foods Limited,APEX.NS,96.45,0.542,1.304,Yes
217,Apex Frozen Foods Limited,APEX.BO,96.69,0.545,1.308,Yes
218,GE Vernova T&D India Limited,GVT&D.BO,61.75,0.384,0.497,Yes
219,Mirae Asset Gold ETF,GOLDETF.NS,41.24,0.275,0.129,Yes
220,Transglobe Foods Limited,TRANSFD.BO,62.28,0.388,1.066,Yes
221,Steel Authority of India Limited,SAIL.NS,59.18,0.372,0.627,Yes
222,BHARAT Bond ETF April 2030,EBBETF0430.NS,4.68,0.036,0.16,Yes
223,Adani Energy Solutions Limited,ADANIENSOL.BO,97.22,0.55,2.087,Yes
224,Vijaya Diagnostic Centre Limited,VIJAYA.BO,70.19,0.428,1.494,Yes
225,Jasch Industries Limited,JASCH.BO,96.77,0.548,1.353,Yes
226,Classic Leasing & Finance Limited,CLFL.BO,96.11,0.546,0.16,Yes
227,Ritesh International Limited,RITESHIN.BO,72.29,0.439,1.391,Yes
228,IIRM Holdings India Limited,IIRM.BO,90.54,0.523,0.995,Yes
229,Asarfi Hospital Limited,ASARFI.BO,96.85,0.55,1.469,Yes
230,Union Bank of India,UNIONBANK.BO,47.85,0.314,0.824,Yes
231,Vijaya Diagnostic Centre Limited,VIJAYA.NS,69.93,0.429,1.501,Yes
232,Gland Pharma Limited,GLAND.BO,60.08,0.38,0.082,No
233,AIA Engineering Limited,AIAENG.NS,50.49,0.33,0.791,Yes
234,ACME Solar Holdings Limited,ACMESOLAR.BO,61.31,0.387,0.017,No
235,UTIAMC-GILT5BETA,GILT5BETA.NS,6.89,0.053,0.234,Yes
236,HDFC GOLD ETF,HDFCGOLD.NS,40.8,0.276,0.128,Yes
237,Gland Pharma Limited,GLAND.NS,60.18,0.383,0.079,No
238,Mindspace Business Parks REIT,MINDSPACE.BO,17.15,0.127,0.289,Yes
239,SBI Gold ETF,SETFGOLD.NS,40.52,0.276,0.1,Yes
240,Nuvama Wealth Management Limited,NUVAMA.NS,54.17,0.353,1.211,Yes
241,Aditya Birla Sun Life AMC Limited,ABSLAMC.BO,46.18,0.309,0.349,Yes
242,ACME Solar Holdings Limited,ACMESOLAR.NS,60.35,0.387,0.023,No
243,Ashoka Refineries Limited,ASHOKRE.BO,17.9,0.133,0.281,No
244,BSE Limited,BSE.NS,86.85,0.516,1.444,Yes
245,IIFL Finance Limited,IIFL.BO,59.02,0.381,1.729,Yes
246,IIFL Finance Limited,IIFL.NS,58.63,0.379,1.714,Yes
247,Smartlink Holdings Limited,SMARTLINK.BO,73.77,0.456,1.457,Yes
248,Nuvama Wealth Management Limited,NUVAMA.BO,54.42,0.357,1.253,Yes
249,Balaji Amines Limited,BALAMINES.NS,100.89,0.58,1.262,Yes
250,Balaji Amines Limited,BALAMINES.BO,100.68,0.581,1.254,Yes
251,Aditya Birla Sun Life AMC Limited,ABSLAMC.NS,45.99,0.312,0.355,Yes
252,Dhampur Bio Organics Limited,DBOL.BO,82.74,0.501,0.873,No
253,Bank of Maharashtra,MAHABANK.BO,71.48,0.449,1.668,Yes
254,Dhampur Bio Organics Limited,DBOL.NS,83.18,0.506,0.978,No
255,Ujjivan Small Finance Bank Limited,UJJIVANSFB.BO,67.1,0.428,1.394,Yes
256,Aditya Birla Sun Life Gold ETF,BSLGOLDETF.BO,41.57,0.288,0.106,Yes
257,Bank of Maharashtra,MAHABANK.NS,70.89,0.448,1.657,Yes
258,Ujjivan Small Finance Bank Limited,UJJIVANSFB.NS,66.95,0.429,1.392,Yes
259,Nippon Life India Asset Management Limited,NAM-INDIA.NS,48.52,0.331,1.42,Yes
260,Jet Freight Logistics Limited,JETFREIGHT.BO,100.84,0.59,0.948,Yes
261,Amic Forging Limited,AMIC.BO,52.0,0.351,1.137,Yes
262,Mirae Asset Nifty Metal ETF,METAL.NS,29.82,0.218,0.48,Yes
263,Triton Valves Limited,TRITONV.BO,55.78,0.374,0.065,Yes
264,Shiv Aum Steels Limited,SHIVAUM.NS,69.06,0.446,0.859,No
265,ELANTAS Beck India Limited,ELANTAS.NS,98.21,0.585,0.817,No
266,Zerodha Gold ETF,GOLDCASE.NS,42.19,0.297,0.141,Yes
267,NINtec Systems Limited,NINSYS.BO,99.0,0.59,0.125,No
268,Vardhman Textiles Limited,VTL.BO,51.22,0.351,0.783,Yes
269,Yaan Enterprises Limited,YAANENT.BO,60.45,0.403,1.372,Yes
270,Sangam (India) Limited,SANGAMIND.BO,50.84,0.35,1.626,Yes
271,DSPAMC - DSPSILVETF,SILVERADD.NS,96.4,0.581,0.303,Yes
272,Mangalam Cement Limited,MANGLMCEM.NS,59.22,0.397,1.439,Yes
273,Tata Gold ETF,TATAGOLD.NS,40.71,0.29,0.113,Yes
274,Adani Energy Solutions Limited,ADANIENSOL.NS,91.33,0.558,2.091,Yes
275,Vardhman Textiles Limited,VTL.NS,51.5,0.354,0.805,Yes
276,Star Health and Allied Insurance Company Limited,STARHEALTH.BO,33.17,0.244,0.865,Yes
277,Star Health and Allied Insurance Company Limited,STARHEALTH.NS,33.24,0.245,0.873,Yes
278,Jet Freight Logistics Limited,JETFREIGHT.NS,99.45,0.6,1.074,Yes
279,Pioneer Agro Extracts Limited,PIONAGR.BO,21.5,0.166,0.212,Yes
280,SBI Silver ETF,SBISILVER.NS,92.49,0.57,0.285,Yes
281,Nahar Spinning Mills Limited,NAHARSPING.NS,55.88,0.383,0.831,Yes
282,Tata Motors Limited,TMCV.BO,61.75,0.416,1.5,Yes
283,Tata Motors Limited,TMCV.NS,62.11,0.418,1.502,Yes
284,Angel One Gold ETF,AONEGOLD.NS,42.01,0.303,0.1,Yes
285,Uni Abex Alloy Products Limited,UNIABEXAL.BO,76.81,0.497,1.146,Yes
286,ICICI PRUDENTIAL GOLD ETF,GOLDIETF.NS,40.76,0.296,0.09,Yes
287,IndusInd Bank Limited,INDUSINDBK.NS,51.26,0.359,1.943,Yes
288,Sangam (India) Limited,SANGAMIND.NS,49.78,0.351,1.628,Yes
289,Nippon India Silver ETF,SILVERBEES.NS,97.57,0.599,0.269,Yes
290,Oracle Financial Services Software Limited,OFSS.NS,78.01,0.506,1.519,Yes
291,Axis Silver ETF,SILVERAXIS.NS,97.08,0.598,0.311,Yes
292,Aditya Birla Sun Life Gold ETF,BSLGOLDETF.NS,42.06,0.306,0.093,Yes
293,JD Cables Limited,JDCABLES.BO,83.39,0.535,1.221,Yes
294,UTIAMC-SILVERBETA,SILVERBETA.NS,94.34,0.589,0.217,Yes
295,Atal Realtech Limited,ATALREAL.NS,67.24,0.454,1.785,Yes
296,Aditya Birla Sun Life Silver ETF,SILVER.NS,96.95,0.602,0.275,Yes
297,Apollo Hospitals Enterprise Limited,APOLLOHOSP.NS,24.41,0.191,0.36,Yes
298,LIC MF Nifty 8-13 yr G-SEC ETF,LICNETFGSC.NS,4.11,0.035,0.155,Yes
299,Marico Limited,MARICO.NS,21.49,0.171,0.569,Yes
300,Nippon India Mutual Fund - Nippon India ETF Nifty 8-13 yr G-Sec Long Term Gilt,LTGILTBEES.NS,3.84,0.033,0.12,Yes
301,Hindalco Industries Limited,HINDALCO.NS,44.08,0.323,0.552,Yes
302,Narmada Gelatines Limited,SHAWGELTIN.BO,40.52,0.302,0.657,Yes
303,Mayur Uniquoters Limited,MAYURUNIQ.BO,69.29,0.471,0.312,Yes
304,NINtec Systems Limited,NINSYS.NS,95.38,0.604,0.2,No
305,Rapid Multimodal Logistics Limited,RAPID.BO,109.17,0.668,1.067,No
306,Strides Pharma Science Limited,STAR.NS,31.42,0.244,0.045,No
307,Simmonds Marshall Limited,SIMMOND.BO,104.66,0.653,2.136,Yes
308,Mayur Uniquoters Limited,MAYURUNIQ.NS,68.66,0.474,0.302,Yes
309,Grasim Industries Limited,GRASIM.NS,27.59,0.218,0.562,Yes
310,Viyash Scientific Limited,VIYASH.BO,56.1,0.402,1.043,Yes
311,Apollo Hospitals Enterprise Limited,APOLLOHOSP.BO,23.8,0.191,0.352,Yes
312,Atal Realtech Limited,ATALREAL.BO,66.8,0.464,1.862,Yes
313,Edelweiss Gold ETF,EGOLD.NS,42.53,0.32,0.059,Yes
314,Oracle Financial Services Software Limited,OFSS.BO,73.73,0.502,1.529,Yes
315,CFF Fluid Control Limited,CFF.BO,103.59,0.651,1.984,Yes
316,Sayaji Industries Limited,SAYAJIIND.BO,88.22,0.581,0.717,No
317,Voltamp Transformers Limited,VOLTAMP.BO,77.11,0.523,1.661,Yes
318,Voltamp Transformers Limited,VOLTAMP.NS,76.77,0.522,1.644,Yes
319,IndusInd Bank Limited,INDUSINDBK.BO,48.61,0.361,1.949,Yes
320,Terai Tea Company Limited,TERAI.BO,28.29,0.226,0.813,Yes
321,Strides Pharma Science Limited,STAR.BO,30.61,0.242,0.057,No
322,Aarti Industries Limited,AARTIIND.NS,53.36,0.391,1.355,Yes
323,Himadri Speciality Chemical Limited,HSCL.NS,71.05,0.494,1.995,Yes
324,CCL Products (India) Limited,CCL.NS,35.34,0.276,0.526,Yes
325,AYM Syntex Limited,AYMSYNTEX.NS,64.15,0.457,1.226,Yes
326,Nestlé India Limited,NESTLEIND.NS,39.61,0.306,1.419,Yes
327,Himadri Speciality Chemical Limited,HSCL.BO,70.68,0.495,2.0,Yes
328,Baroda BNP Paribas Gold ETF,BBNPPGOLD.NS,41.23,0.317,0.068,Yes
329,Viyash Scientific Limited,VIYASH.NS,56.87,0.416,1.036,Yes
330,Gala Precision Engineering Limited,GALAPREC.NS,47.96,0.362,0.547,Yes
331,Prime Focus Limited,PFOCUS.NS,104.41,0.671,1.096,No
332,Gala Precision Engineering Limited,GALAPREC.BO,48.08,0.364,0.633,Yes
333,Chembond Chemicals Limited,CHEMBONDCH.NS,94.05,0.633,2.503,Yes
334,Finolex Cables Limited,FINCABLES.NS,80.14,0.56,0.951,Yes
335,Groww Nifty Metal ETF,GROWWMETAL.NS,34.32,0.279,0.93,Yes
336,Artemis Medicare Services Limited,ARTEMISMED.NS,48.36,0.375,1.586,Yes
337,AYM Syntex Limited,AYMSYNTEX.BO,64.93,0.48,1.303,Yes
338,Majestic Auto Limited,MAJESAUT.NS,84.84,0.594,3.188,Yes
339,Chembond Chemicals Limited,CHEMBONDCH.BO,94.01,0.645,2.377,Yes
340,Minda Corporation Limited,MINDACORP.BO,31.96,0.266,0.442,Yes
341,Onida Electronics Limited,ONIDA.NS,62.97,0.472,0.861,Yes
342,Lupin Limited,LUPIN.NS,18.2,0.16,0.165,Yes
343,Halder Venture Limited,HALDER.BO,43.14,0.345,0.192,Yes
344,Samor Reality Limited,SAMOR.BO,60.54,0.458,0.277,No
345,Sandhar Technologies Limited,SANDHAR.NS,68.75,0.508,1.116,Yes
346,Minda Corporation Limited,MINDACORP.NS,31.8,0.265,0.464,Yes
347,Haleos Labs Limited,HALEOSLABS.BO,50.69,0.397,1.161,Yes
348,Krowniq Limited,LYKISLTD.BO,61.19,0.464,0.406,Yes
349,Sandhar Technologies Limited,SANDHAR.BO,68.58,0.509,1.077,Yes
350,Rossell Techsys Limited,ROSSTECH.NS,89.04,0.627,1.485,Yes
351,Lloyds Metals and Energy Limited,LLOYDSME.NS,68.42,0.512,1.431,Yes
352,Rossell Techsys Limited,ROSSTECH.BO,89.05,0.628,1.505,Yes
353,Sera Investments & Finance India Limited,SERA.BO,72.65,0.538,1.093,Yes
354,Khazanchi Jewellers Limited,KHAZANCHI.BO,43.16,0.352,1.677,Yes
355,Lloyds Metals and Energy Limited,LLOYDSME.BO,68.0,0.513,1.433,Yes
356,Vega Jewellers Limited,VEGA.BO,90.58,0.644,0.819,No
357,Centum Electronics Limited,CENTUM.BO,38.3,0.32,0.49,No
358,Sun Pharma Advanced Research Company Limited,SPARC.BO,83.76,0.607,0.872,Yes
359,L&T Finance Limited,LTF.NS,39.9,0.331,1.721,Yes
360,Centum Electronics Limited,CENTUM.NS,37.96,0.318,0.512,No
361,KEI Industries Limited,KEI.NS,60.87,0.474,1.405,Yes
362,Sun Pharma Advanced Research Company Limited,SPARC.NS,82.92,0.606,0.857,Yes
363,Mirae Asset S&P 500 Top 50 ETF,MASPTOP50.NS,21.78,0.195,0.473,Yes
364,SBL Infratech Limited,SBLI.BO,80.62,0.596,2.419,Yes
365,Cummins India Limited,CUMMINSIND.NS,42.22,0.352,1.026,Yes
366,ICICI Prudential Nifty 5 Yr Bench G-SEC ETF,GSEC5IETF.NS,5.02,0.049,0.127,Yes
367,Innova Captab Limited,INNOVACAP.BO,34.78,0.299,0.015,No
368,Innova Captab Limited,INNOVACAP.NS,34.74,0.3,0.045,No
369,Aurum PropTech Limited,AURUM.NS,50.39,0.414,1.527,Yes
370,Mahindra & Mahindra Financial Services Limited,M&MFIN.NS,56.87,0.461,2.266,Yes
371,Texmaco Infrastructure & Holdings Limited,TEXINFRA.BO,19.27,0.179,0.264,Yes
372,Abhishek Finlease Limited,ABHIFIN.BO,58.1,0.471,0.233,No
373,Hirect Limited,HIRECT.NS,81.87,0.62,1.952,Yes
374,Tatva Chintan Pharma Chem Limited,TATVA.BO,107.84,0.765,3.133,Yes
375,Scan Projects Limited,SCANPRO.BO,55.11,0.454,0.646,No
376,Fortune International Limited,FORINTL.BO,32.21,0.288,0.705,Yes
377,Texmaco Infrastructure & Holdings Limited,TEXINFRA.NS,19.25,0.181,0.232,Yes
378,ZF Commercial Vehicle Control Systems India Limited,ZFCVINDIA.BO,22.29,0.207,0.483,Yes
379,Sudarshan Pharma Industries Limited,SUDARSHAN.BO,86.46,0.655,1.513,Yes
380,Aurum PropTech Limited,AURUM.BO,48.56,0.412,1.495,Yes
381,Mid East Portfolio Management Limited,MIDEASTP.BO,102.93,0.748,1.431,Yes
382,India Glycols Limited,INDIAGLYCO.NS,49.35,0.419,1.994,Yes
383,Raaj Medisafe India Limited,RAAJMEDI.BO,83.66,0.641,1.15,Yes
384,Ceigall India Limited,CEIGALL.NS,40.76,0.357,0.801,Yes
385,Grameva Limited,GRAMEVA.BO,76.19,0.597,0.854,Yes
386,Impera Worldwide Limited,IMPERA.BO,78.7,0.613,0.336,Yes
387,Antelopus Selan Energy Limited,ANTELOPUS.BO,71.63,0.569,0.559,No
388,RACL Geartech Limited,RACLGEAR.NS,66.28,0.536,0.706,Yes
389,Welspun Specialty Solutions Limited,WELSPLSOL.BO,73.94,0.585,2.394,Yes
390,Goel Construction Company Limited,GOELCONS.BO,45.72,0.395,1.084,Yes
391,RACL Geartech Limited,RACLGEAR.BO,66.86,0.541,0.77,Yes
392,Hindustan Copper Limited,HINDCOPPER.BO,109.0,0.788,0.928,Yes
393,Hindustan Copper Limited,HINDCOPPER.NS,108.91,0.788,0.935,Yes
394,Kovai Medical Center and Hospital Limited,KOVAI.NS,27.63,0.256,1.736,Yes
395,Ceigall India Limited,CEIGALL.BO,40.84,0.361,0.849,Yes
396,Mach Travel Solutions Limited,MACHLTD.BO,56.32,0.477,1.392,Yes
397,SBI Nifty 10 yr Benchmark G-Sec ETF,SETF10GILT.NS,3.14,0.033,0.157,Yes
398,Schneider Electric Infrastructure Limited,SCHNEIDER.BO,79.43,0.63,1.619,Yes
399,Haldyn Glass Limited,HALDYNGL.BO,83.58,0.656,2.667,Yes
400,RateGain Travel Technologies Limited,RATEGAIN.NS,73.19,0.591,2.229,Yes
401,Guru Krupa Gems and Jewellery Limited,GKL.BO,59.18,0.499,0.632,Yes
402,Antelopus Selan Energy Limited,ANTELOPUS.NS,70.17,0.572,0.558,No
403,RateGain Travel Technologies Limited,RATEGAIN.BO,72.6,0.588,2.2,Yes
404,Netweb Technologies India Limited,NETWEB.NS,67.86,0.559,1.546,Yes
405,Netweb Technologies India Limited,NETWEB.BO,68.16,0.561,1.537,Yes
406,Haleos Labs Limited,HALEOSLABS.NS,40.79,0.368,1.212,Yes
407,Schneider Electric Infrastructure Limited,SCHNEIDER.NS,78.24,0.631,1.601,Yes
408,ZF Commercial Vehicle Control Systems India Limited,ZFCVINDIA.NS,22.38,0.217,0.57,Yes
409,Carysil Limited,CARYSIL.BO,50.47,0.445,1.665,Yes
410,Elgi Equipments Limited,ELGIEQUIP.BO,42.8,0.388,1.188,Yes
411,Rain Industries Limited,RAIN.NS,105.64,0.798,1.414,Yes
412,L&T Finance Limited,LTF.BO,35.66,0.332,1.734,Yes
413,Rain Industries Limited,RAIN.BO,105.52,0.799,1.396,Yes
414,Rane (Madras) Limited,RML.NS,66.2,0.559,2.342,Yes
415,Paragon Finance Limited,PARAGONF.BO,18.65,0.186,0.102,No
416,Carysil Limited,CARYSIL.NS,49.99,0.445,1.695,Yes
417,Elgi Equipments Limited,ELGIEQUIP.NS,42.85,0.392,1.197,Yes
418,United Textiles Limited,UNITEDTE.BO,51.49,0.458,0.589,Yes
419,Amanta Healthcare Limited,AMANTA.NS,57.77,0.505,1.154,Yes
420,Innovassynth Technologies (India) Limited,INOVSYNTH.BO,93.33,0.736,1.034,Yes
421,Neogen Chemicals Limited,NEOGEN.BO,82.41,0.671,2.015,Yes
422,Neogen Chemicals Limited,NEOGEN.NS,83.15,0.676,2.052,Yes
423,ABM International Limited,ABMINTLLTD.NS,72.1,0.606,0.439,Yes
424,Angel One Limited,ANGELONE.NS,55.32,0.491,1.314,Yes
425,Groww Nifty India Defence ETF,GROWWDEFNC.NS,31.23,0.302,1.211,Yes
426,ideaForge Technology Limited,IDEAFORGE.BO,105.61,0.816,1.987,Yes
427,State Bank of India,SBIN.NS,31.83,0.307,1.309,Yes
428,Angel One Limited,ANGELONE.BO,54.98,0.49,1.325,Yes
429,ideaForge Technology Limited,IDEAFORGE.NS,105.63,0.816,2.007,Yes
430,The Phoenix Mills Limited,PHOENIXLTD.NS,28.74,0.281,1.352,Yes
431,ADC India Communications Limited,ADCINDIA.BO,77.82,0.65,0.657,Yes
432,Talbros Automotive Components Limited,TALBROAUTO.NS,60.3,0.532,2.013,Yes
433,Nureca Limited,NURECA.BO,88.94,0.723,3.038,Yes
434,Megastar Foods Limited,MEGASTAR.NS,58.61,0.521,0.636,Yes
435,United Polyfab Gujarat Limited,UNITEDPOLY.BO,59.66,0.53,7.25,No
436,Lloyds Engineering Works Limited,LLOYDSENGG.NS,91.41,0.742,2.709,Yes
437,Talbros Automotive Components Limited,TALBROAUTO.BO,60.43,0.536,2.039,Yes
438,Bhageria Industries Limited,BHAGERIA.NS,85.21,0.704,2.676,Yes
439,Consolidated Finvest & Holdings Limited,CONSOFINVT.NS,75.48,0.641,1.313,Yes
440,Groww Nifty Capital Markets ETF,GROWWCAPM.NS,32.0,0.313,1.215,Yes
441,Mangalore Refinery and Petrochemicals Limited,MRPL.NS,44.32,0.416,0.628,Yes
442,Fynx Capital Limited,FYNX.BO,95.28,0.769,2.467,Yes
443,Lloyds Engineering Works Limited,LLOYDSENGG.BO,90.78,0.742,2.716,Yes
444,GAMCO Limited,GAMCO.BO,28.4,0.283,0.73,Yes
445,Amarnath Securities Limited,AMARSEC.BO,62.85,0.557,2.212,Yes
446,AuSom Enterprise Limited,AUSOMENT.BO,78.16,0.663,1.869,Yes
447,Amanta Healthcare Limited,AMANTA.BO,56.45,0.512,1.198,Yes
448,Groww BSE Power ETF,GROWWPOWER.NS,35.74,0.347,0.934,Yes
449,Ras Resorts and Apart Hotels Limited,RASRESOR.BO,62.96,0.56,2.241,Yes
450,Kirloskar Ferrous Industries Limited,KIRLFER.NS,15.9,0.167,1.462,Yes
451,Bhageria Industries Limited,BHAGERIA.BO,83.52,0.702,2.722,Yes
452,Shyam Metalics and Energy Limited,SHYAMMETL.BO,26.12,0.264,0.625,Yes
453,ECS Biztech Limited,ECS.BO,105.46,0.837,0.13,No
454,Shyam Metalics and Energy Limited,SHYAMMETL.NS,26.11,0.264,0.629,Yes
455,Biocon Limited,BIOCON.NS,27.0,0.273,0.472,Yes
456,Siemens Limited,SIEMENS.NS,41.3,0.396,1.499,Yes
457,VA Tech Wabag Limited,WABAG.NS,60.09,0.542,1.729,Yes
458,Him Teknoforge Limited,HIMTEK.BO,51.43,0.477,1.63,Yes
459,VA Tech Wabag Limited,WABAG.BO,59.64,0.54,1.712,Yes
460,PNB Housing Finance Limited,PNBHOUSING.NS,49.49,0.463,1.866,Yes
461,Indus Towers Limited,INDUSTOWER.NS,22.34,0.231,0.23,Yes
462,Grindwell Norton Limited,GRINDWELL.NS,41.0,0.396,1.439,Yes
463,Ind Bank Housing Limited,INDBNK.BO,32.65,0.325,0.978,Yes
464,Cemindia Projects Limited,CEMPRO.NS,98.83,0.804,2.675,Yes
465,AuSom Enterprise Limited,AUSOMENT.NS,84.72,0.716,2.118,Yes
466,RSWM Limited,RSWM.NS,53.34,0.495,2.38,Yes
467,Nureca Limited,NURECA.NS,83.75,0.71,3.009,Yes
468,Cemindia Projects Limited,CEMPRO.BO,98.83,0.805,2.668,Yes
469,Benchmark Computer Solutions Limited,BENCHMARK.BO,74.27,0.649,1.242,Yes
470,The Phoenix Mills Limited,PHOENIXLTD.BO,27.96,0.284,1.373,Yes
471,Megastar Foods Limited,MEGASTAR.BO,58.53,0.537,0.753,Yes
472,Pasupati Acrylon Limited,PASUPTAC.NS,59.0,0.541,2.133,Yes
473,SIS Limited,SIS.BO,34.56,0.344,1.022,Yes
474,Advait Energy Transitions Limited,ADVAIT.BO,33.02,0.331,0.622,Yes
475,Motilal Oswal Nifty India Defence ETF,MODEFENCE.NS,31.31,0.316,1.312,Yes
476,Orchid Pharma Limited,ORCHPHARMA.NS,64.88,0.59,2.308,Yes
477,PNB Housing Finance Limited,PNBHOUSING.BO,47.76,0.46,1.858,Yes
478,Jayaswal Neco Industries Limited,JAYNECOIND.BO,83.89,0.725,2.195,Yes
479,Jayaswal Neco Industries Limited,JAYNECOIND.NS,84.41,0.728,2.231,Yes
480,Aarnav Fashions Limited,AARNAV.NS,52.55,0.499,1.705,Yes
481,Aster DM Quality Care Limited,ASTERDM.BO,27.72,0.287,0.358,Yes
482,Archit Organosys Limited,ARCHITORG.BO,58.51,0.545,1.771,Yes
483,SIS Limited,SIS.NS,34.06,0.345,1.008,Yes
484,Ashok Leyland Limited,ASHOKLEY.NS,38.74,0.386,1.466,Yes
485,Gujarat Winding Systems Limited,GUJWIND.BO,92.65,0.785,1.235,Yes
486,Zydus Lifesciences Limited,ZYDUSLIFE.BO,23.36,0.247,0.128,Yes
487,DSP Nifty Smallcap 250 ETF,SMALLADD.NS,19.19,0.206,0.982,Yes
488,Zydus Lifesciences Limited,ZYDUSLIFE.NS,23.22,0.246,0.126,Yes
489,Rico Auto Industries Limited,RICOAUTO.NS,71.93,0.648,2.079,Yes
490,Orbit Exports Limited,ORBTEXP.NS,56.26,0.532,2.548,Yes
491,Orchid Pharma Limited,ORCHPHARMA.BO,64.99,0.599,2.4,Yes
492,Polycab India Limited,POLYCAB.NS,45.79,0.449,1.409,Yes
493,Midwest Energy Limited,REMAGNET.BO,101.57,0.848,0.883,No
494,Benares Hotels Limited,BENARAS.BO,7.99,0.091,0.238,Yes
495,Tanfac Industries Limited,TANFACIND.BO,62.85,0.586,1.932,Yes
496,NMDC Limited,NMDC.NS,24.39,0.26,0.81,Yes
497,Aster DM Quality Care Limited,ASTERDM.NS,27.99,0.295,0.398,Yes
498,Norben Tea & Exports Limited,NORBTEAEXP.BO,78.1,0.699,0.725,No
499,Orbit Exports Limited,ORBTEXP.BO,54.96,0.528,2.528,Yes
500,Subam Papers Limited,SUBAM.BO,90.75,0.785,3.223,Yes
501,Equitas Small Finance Bank Limited,EQUITASBNK.NS,43.56,0.435,1.844,Yes
502,Gulshan Polyols Limited,GULPOLY.NS,43.79,0.438,1.434,Yes
503,Adani Power Limited,ADANIPOWER.BO,57.86,0.554,1.054,Yes
504,Equitas Small Finance Bank Limited,EQUITASBNK.BO,43.36,0.436,1.846,Yes
505,DCM Shriram International Limited,DCMSIL.BO,33.45,0.349,0.166,No
506,Graphite India Limited,GRAPHITE.NS,41.62,0.422,1.065,Yes
507,Eastern Silk Industries Limited,EASTSILK.NS,82.67,0.739,2.521,Yes
508,Pasupati Acrylon Limited,PASUPTAC.BO,54.86,0.534,2.137,Yes
509,Adani Power Limited,ADANIPOWER.NS,57.28,0.553,1.055,Yes
510,Meghna Infracon Infrastructure Limited,MIIL.BO,57.51,0.556,1.803,Yes
511,Media Matrix Worldwide Limited,MMWL.BO,63.21,0.601,1.541,Yes
512,Gulshan Polyols Limited,GULPOLY.BO,44.95,0.454,1.527,Yes
513,JSW Steel Limited,JSWSTEEL.BO,19.62,0.217,0.895,Yes
514,Engineers India Limited,ENGINERSIN.BO,63.67,0.606,2.066,Yes
515,Engineers India Limited,ENGINERSIN.NS,63.78,0.608,2.082,Yes
516,Vibrant Global Capital Limited,VGCL.BO,91.83,0.81,2.557,Yes
517,Machhar Industries Limited,MACIND.BO,69.92,0.658,1.046,Yes
518,Indus Towers Limited,INDUSTOWER.BO,20.73,0.231,0.236,Yes
519,ICICI Prudential Asset Management Company Limited,ICICIAMC.BO,31.33,0.336,0.787,Yes
520,ICICI Prudential Asset Management Company Limited,ICICIAMC.NS,31.39,0.338,0.806,Yes
521,Paushak Limited,PAUSHAKLTD.NS,83.19,0.76,3.561,Yes
522,John Cockerill India Limited,COCKERILL.BO,68.16,0.651,1.419,Yes
523,Ortin Global Limited,ORTINGLOBE.NS,56.73,0.561,1.443,Yes
524,JSW Steel Limited,JSWSTEEL.NS,19.04,0.215,0.887,Yes
525,B. P. Capital Limited,BPCAP.BO,31.64,0.342,0.681,Yes
526,Hind Aluminium Industries Limited,HINDALUMI.BO,102.43,0.892,0.861,Yes
527,Diffusion Engineers Limited,DIFFNKG.NS,67.82,0.65,1.018,Yes
528,Caplin Point Laboratories Limited,CAPLIPOINT.NS,41.5,0.433,1.109,Yes
529,Caplin Point Laboratories Limited,CAPLIPOINT.BO,41.24,0.431,1.099,Yes
530,The Shipping Corporation of India Limited,SCI.BO,53.43,0.537,2.206,Yes
531,Manomay Tex India Limited,MANOMAY.BO,54.91,0.549,0.897,Yes
532,Pune E - Stock Broking Limited,PESB.BO,41.33,0.432,1.353,Yes
533,Manappuram Finance Limited,MANAPPURAM.BO,31.13,0.338,1.194,Yes
534,The Shipping Corporation of India Limited,SCI.NS,53.28,0.536,2.206,Yes
535,Ashiana Housing Limited,ASHIANA.NS,31.82,0.345,1.253,Yes
536,Biocon Limited,BIOCON.BO,24.83,0.276,0.482,Yes
537,Diffusion Engineers Limited,DIFFNKG.BO,66.65,0.646,1.085,Yes
538,Manomay Tex India Limited,MANOMAY.NS,54.62,0.55,0.72,Yes
539,Concord Control Systems Limited,CNCRD.BO,68.96,0.666,3.211,Yes
540,Super Bakers (India) Limited,SUPERBAK.BO,54.36,0.549,0.433,Yes
541,Paramount Communications Limited,PARACABLES.NS,97.37,0.87,1.332,Yes
542,Rajasthan Petro Synthetics Limited,RAJSPTR.BO,74.89,0.713,0.237,Yes
543,ESAB India Limited,ESABINDIA.NS,37.38,0.401,1.302,Yes
544,InfoBeans Technologies Limited,INFOBEAN.BO,94.58,0.854,4.166,Yes
545,InfoBeans Technologies Limited,INFOBEAN.NS,93.26,0.845,4.148,Yes
546,Scintilla Commercial & Credit Limited,SCC.BO,98.25,0.879,1.343,Yes
547,Manappuram Finance Limited,MANAPPURAM.NS,30.63,0.338,1.201,Yes
548,Black Box Limited,BBOX.NS,95.2,0.861,1.253,Yes
549,Black Box Limited,BBOX.BO,96.18,0.871,1.247,Yes
550,Ashiana Housing Limited,ASHIANA.BO,32.14,0.354,1.275,Yes
551,Riddhi Siddhi Gluco Biols Limited,RIDDHI.BO,72.6,0.703,1.925,Yes
552,J.J. Finance Corporation Limited,JJFINCOR.BO,81.38,0.77,0.319,No
553,Oil India Limited,OIL.NS,26.11,0.296,0.051,No
554,Somany Ceramics Limited,SOMANYCERA.NS,38.84,0.421,1.32,Yes
555,Monarch Networth Capital Limited,MONARCH.NS,29.2,0.328,1.105,Yes
556,Monarch Networth Capital Limited,MONARCH.BO,29.55,0.332,1.117,Yes
557,Zen Technologies Limited,ZENTEC.BO,34.22,0.379,1.056,Yes
558,Bandhan AMC Limited - Bandhan Mutual Fund - Bandhan Gold ETF,GOLDBND.BO,30.35,0.341,0.088,Yes
559,Zen Technologies Limited,ZENTEC.NS,34.06,0.378,1.05,Yes
560,Nexus Surgical and Medicare Limited,NEXUSSURGL.BO,37.53,0.411,1.444,Yes
561,Vipul Organics Limited,VIPULORG.BO,53.04,0.552,1.963,Yes
562,Polycab India Limited,POLYCAB.BO,41.71,0.451,1.424,Yes
563,BlueStone Jewellery and Lifestyle Limited,BLUESTONE.NS,66.02,0.66,0.882,Yes
564,Sikko Industries Limited,SIKKO.NS,67.17,0.67,2.289,Yes
565,Panache Digilife Limited,PANACHE.NS,62.89,0.637,2.163,Yes
566,Oberoi Realty Limited,OBEROIRLTY.NS,24.89,0.287,1.208,Yes
567,Coral Laboratories Limited,CORALAB.BO,41.52,0.451,1.397,Yes
568,CARE Ratings Limited,CARERATING.NS,19.03,0.225,1.086,Yes
569,Ingersoll-Rand (India) Limited,INGERRAND.NS,37.41,0.413,1.297,Yes
570,BlueStone Jewellery and Lifestyle Limited,BLUESTONE.BO,65.35,0.66,0.883,Yes
571,Ganesh Benzoplast Limited,GANESHBE.BO,46.63,0.5,2.025,Yes
572,Abhishek Infraventures Limited,ABHIINFRA.BO,27.09,0.311,0.582,Yes
573,Ganesh Benzoplast Limited,GANESHBE.NS,45.91,0.494,1.993,Yes
574,Tierra Agrotech Limited,TIERRA.BO,45.17,0.489,1.705,Yes
575,Motilal Oswal BSE Top 10 Banks ETF,MOBANK10.NS,12.54,0.153,1.257,Yes
576,Salguti Industries Limited,SALGUTI.BO,23.41,0.274,0.074,No
577,Acknit Industries Limited,ACKNIT.BO,19.51,0.232,0.366,Yes
578,360 One Wam Limited,360ONE.NS,20.94,0.248,1.179,Yes
579,Somany Ceramics Limited,SOMANYCERA.BO,38.57,0.429,1.344,Yes
580,Pajson Agro India Limited,PAJSON.BO,84.1,0.815,3.121,Yes
581,IDFC First Bank Limited,IDFCFIRSTB.NS,35.52,0.401,2.05,Yes
582,Share India Securities Limited,SHAREINDIA.NS,65.9,0.674,2.419,Yes
583,N R Agarwal Industries Limited,NRAIL.BO,24.04,0.284,1.291,Yes
584,Sunshield Chemicals Limited,SUNSHIEL.BO,39.64,0.442,1.601,Yes
585,Arrow Greentech Limited,ARROWGREEN.NS,38.04,0.427,0.553,Yes
586,Viram Suvarn Limited,VSL.BO,27.72,0.323,1.106,No
587,Tamilnadu Steel Tubes Limited,TNSTLTU.BO,81.46,0.799,2.682,Yes
588,Share India Securities Limited,SHAREINDIA.BO,64.93,0.668,2.445,Yes
589,NMDC Limited,NMDC.BO,21.68,0.259,0.823,Yes
590,Arrow Greentech Limited,ARROWGREEN.BO,38.46,0.432,0.575,Yes
591,360 One Wam Limited,360ONE.BO,20.82,0.25,1.188,Yes
592,KVS Castings Limited,KVSCASTING.BO,44.04,0.486,1.067,Yes
593,Kamdhenu Limited,KAMDHENU.NS,54.17,0.578,2.606,Yes
594,Oberoi Realty Limited,OBEROIRLTY.BO,24.4,0.289,1.203,Yes
595,Coforge Limited,COFORGE.BO,44.65,0.497,0.885,Yes
596,Hindustan Zinc Limited,HINDZINC.NS,40.37,0.457,1.09,Yes
597,Capricorn Systems Global Solutions Limited,CAPRICORN.BO,82.08,0.817,0.922,Yes
598,Coforge Limited,COFORGE.NS,44.36,0.497,0.883,Yes
599,Euro India Fresh Foods Limited,EIFFL.NS,50.71,0.557,1.356,Yes
600,Modern Threads (India) Limited,MODTHREAD.BO,18.03,0.223,0.157,No
601,Shivam Chemicals Limited,SHIVAM.BO,48.61,0.539,1.861,No
602,Belding India Limited,BELDING.BO,93.94,0.913,1.072,Yes
603,Emmforce Autotech Limited,EMMFORCE.BO,49.03,0.545,1.469,Yes
604,DB (International) Stock Brokers Limited,DBSTOCKBRO.BO,23.88,0.291,0.308,Yes
605,Kalyan Jewellers India Limited,KALYANKJIL.BO,71.09,0.743,2.051,Yes
606,Norben Tea & Exports Limited,NORBTEAEXP.NS,59.5,0.645,0.504,No
607,Tech Mahindra Limited,TECHM.NS,30.38,0.363,0.327,Yes
608,IDFC First Bank Limited,IDFCFIRSTB.BO,34.02,0.402,2.057,Yes
609,Sasken Technologies Limited,SASKEN.BO,85.42,0.86,0.018,Yes
610,N R Agarwal Industries Limited,NRAIL.NS,25.03,0.306,1.407,Yes
611,Maheshwari Logistics Limited,MAHESHWARI.NS,39.89,0.463,0.534,Yes
612,Sasken Technologies Limited,SASKEN.NS,84.83,0.858,0.038,No
613,Easun Capital Markets Limited,EASUN.BO,85.0,0.859,3.109,Yes
614,PPAP Automotive Limited,PPAP.NS,45.12,0.515,2.195,Yes
615,Carborundum Universal Limited,CARBORUNIV.NS,28.5,0.346,0.899,Yes
616,Kamdhenu Limited,KAMDHENU.BO,50.15,0.567,2.568,Yes
617,IB Infotech Enterprises Limited,IBINFO.BO,109.41,1.047,2.279,No
618,Lumax Industries Limited,LUMAXIND.NS,40.46,0.474,1.209,Yes
619,DAPS Advertising Limited,DAPS.BO,35.46,0.423,1.013,No
620,Cybele Industries Ltd,CYBELEIND.BO,102.21,1.001,1.372,Yes
621,Stove Kraft Limited,STOVEKRAFT.BO,44.42,0.517,1.299,Yes
622,Elango Industries Limited,ELANGO.BO,81.5,0.848,1.233,Yes
623,Lumax Industries Limited,LUMAXIND.BO,39.85,0.472,1.225,Yes
624,Thermax Limited,THERMAX.NS,36.79,0.441,0.194,Yes
625,Savera Industries Limited,SAVERA.BO,12.83,0.169,0.317,No
626,Gujarat Alkalies and Chemicals Limited,GUJALKALI.BO,47.96,0.554,0.608,Yes
627,Bhilwara Spinners Limited,BHILSPIN.BO,18.84,0.242,0.042,No
628,Krishna Defence and Allied Industries Limited,KRISHNADEF.NS,54.75,0.619,1.944,Yes
629,Synergy Green Industries Limited,SGIL.BO,19.9,0.255,1.085,Yes
630,CG Power and Industrial Solutions Limited,CGPOWER.NS,37.24,0.447,0.91,Yes
631,Metropolis Healthcare Limited,METROPOLIS.NS,19.5,0.251,0.533,Yes
632,Sayaji Hotels Limited,SAYAJIHOTL.BO,18.74,0.242,0.267,Yes
633,Gujarat Alkalies and Chemicals Limited,GUJALKALI.NS,47.53,0.553,0.605,Yes
634,MPS Limited,MPSLTD.BO,45.75,0.536,0.979,Yes
635,Dwarikesh Sugar Industries Limited,DWARKESH.BO,47.8,0.556,1.198,No
636,PPAP Automotive Limited,PPAP.BO,42.9,0.508,2.187,Yes
637,DCM Shriram International Limited,DCMSIL.NS,31.75,0.393,0.116,No
638,Stove Kraft Limited,STOVEKRAFT.NS,44.29,0.524,1.366,Yes
639,Sarup Industries Limited,SARUPINDUS.BO,64.85,0.719,0.814,Yes
640,WSFx Global Pay Limited,WSFX.BO,9.07,0.123,0.523,Yes
641,Dwarikesh Sugar Industries Limited,DWARKESH.NS,47.38,0.557,1.197,No
642,Quality Power Electrical Equipments Limited,QPOWER.BO,97.47,0.99,2.381,Yes
643,Panth Infinity Limited,PANTH.BO,89.73,0.931,3.079,Yes
644,Quality Power Electrical Equipments Limited,QPOWER.NS,96.13,0.982,2.328,Yes
645,Gokul Agro Resources Limited,GOKULAGRO.BO,39.98,0.483,0.592,Yes
646,Kalyan Jewellers India Limited,KALYANKJIL.NS,67.33,0.746,2.065,Yes
647,Sanghvi Movers Limited,SANGHVIMOV.BO,49.48,0.58,1.808,Yes
648,Acrow India Limited,ACROW.BO,25.79,0.329,0.914,Yes
649,Sanghvi Movers Limited,SANGHVIMOV.NS,49.92,0.587,1.833,Yes
650,Lexoraa Industries Limited,LEXORAA.BO,26.1,0.334,0.209,No
651,Inventurus Knowledge Solutions Limited,IKS.BO,27.99,0.356,1.462,Yes
652,Shri Dinesh Mills Limited,SHRIDINE.BO,60.7,0.692,2.336,Yes
653,Metropolis Healthcare Limited,METROPOLIS.BO,18.6,0.246,0.527,Yes
654,Gokul Agro Resources Limited,GOKULAGRO.NS,39.52,0.484,0.619,Yes
655,AAA Technologies Limited,AAATECH.BO,26.62,0.342,1.329,Yes
656,Axis Bank Limited,AXISBANK.NS,20.49,0.27,1.069,Yes
657,Inventurus Knowledge Solutions Limited,IKS.NS,27.85,0.357,1.449,Yes
658,Hiliks Technologies Limited,HILIKS.BO,44.26,0.536,1.865,Yes
659,Axis Nifty500 Value 50 ETF,VALUEAXIS.BO,14.37,0.194,0.856,Yes
660,Jamna Auto Industries Limited,JAMNAAUTO.NS,35.75,0.446,1.45,Yes
661,Dalmia Industrial Development Limited,DIDL.BO,27.52,0.355,0.076,Yes
662,AAA Technologies Limited,AAATECH.NS,27.89,0.359,1.3,Yes
663,ICICI Prudential Mutual Fund - ICICI Prudential Nifty 200 Value 30 ETF,VAL30IETF.BO,16.59,0.224,1.008,Yes
664,Amkay Products Limited,AMKAY.BO,42.92,0.526,0.517,Yes
665,Mirae Asset Nifty MidSmallcap400 Momentum Quality 100 ETF,MIDSMALL.NS,14.87,0.202,0.955,Yes
666,MPS Limited,MPSLTD.NS,44.5,0.543,0.954,Yes
667,T. Spiritual World Limited,TSPIRITUAL.BO,95.64,1.003,0.449,Yes
668,L.G. Balakrishnan & Bros Limited,LGBBROSLTD.NS,42.44,0.522,1.601,Yes
669,Gabriel India Limited,GABRIEL.NS,37.19,0.467,1.813,Yes
670,Anthem Biosciences Limited,ANTHEM.NS,25.13,0.33,0.593,Yes
671,Sabrimala Industries India Limited,SIIL.BO,38.25,0.479,1.16,Yes
672,Sunflag Iron and Steel Company Limited,SUNFLAG.NS,59.14,0.691,2.363,Yes
673,Magna Electro Castings Limited,MAGNAELQ.BO,49.57,0.598,1.833,Yes
674,Advance Syntex Limited,ASYL.BO,17.55,0.238,0.771,No
675,Jamna Auto Industries Limited,JAMNAAUTO.BO,35.41,0.449,1.438,Yes
676,United Spirits Limited,UNITDSPR.NS,18.51,0.25,1.316,Yes
677,Anthem Biosciences Limited,ANTHEM.BO,24.81,0.329,0.589,Yes
678,Fine Organic Industries Limited,FINEORG.BO,26.88,0.354,1.215,Yes
679,Concord Drugs Limited,CONCORD.BO,32.74,0.422,1.476,Yes
680,ICICI Prudential Nifty200 Value 30 ETF,VAL30IETF.NS,15.64,0.216,0.983,Yes
681,Icon Facilitators Limited,ICON.BO,65.35,0.759,2.548,Yes
682,Ganesh Holdings Limited,GANHOLD.BO,66.98,0.778,1.493,No
683,Dhanlaxmi Bank Limited,DHANBANK.NS,52.2,0.637,2.567,Yes
684,IL&FS Engineering and Construction Company Limited,IL&FSENGG.BO,36.08,0.466,0.783,Yes
685,One Point One Solutions Limited,ONEPOINT.NS,34.1,0.444,1.568,Yes
686,Synergy Green Industries Limited,SGIL.NS,18.05,0.25,1.116,Yes
687,Prataap Snacks Limited,DIAMONDYD.NS,13.82,0.195,0.35,Yes
688,Avanti Feeds Limited,AVANTIFEED.BO,65.48,0.77,0.988,Yes
689,Avanti Feeds Limited,AVANTIFEED.NS,65.73,0.772,0.967,Yes
690,Gujarat Intrux Limited,GUJINTRX.BO,11.25,0.16,0.524,Yes
691,Eicher Motors Limited,EICHERMOT.BO,20.79,0.285,1.159,Yes
692,CG Power and Industrial Solutions Limited,CGPOWER.BO,34.04,0.445,0.914,Yes
693,Transcorp International Limited,TRANSCOR.BO,20.07,0.277,0.716,Yes
694,Dai-ichi Karkaria Limited,DAICHI.BO,39.21,0.505,1.432,Yes
695,Eicher Motors Limited,EICHERMOT.NS,20.64,0.285,1.155,Yes
696,Ortin Global Limited,ORTINGLOBE.BO,51.63,0.638,1.12,Yes
697,Sangam Finserv Limited,SANGAMFIN.BO,32.49,0.429,0.102,No
698,Mathew Easow Research Securities Limited,MATHEWE.BO,16.62,0.234,0.26,Yes
699,ASM Technologies Limited,ASMTEC.BO,47.23,0.594,1.362,Yes
700,Shricon Industries Limited,SHRICON.BO,79.86,0.911,2.355,Yes
701,Indo-City Infotech Limited,INDOCITY.BO,24.79,0.338,0.092,Yes
702,Mahasagar Travels Limited,MHSGRMS.BO,38.75,0.504,0.226,Yes
703,Billionbrains Garage Ventures Limited,GROWW.BO,47.34,0.598,2.182,Yes
704,Parshwanath Corporation Limited,PARSHWANA.BO,56.64,0.695,0.282,No
705,Pashupati Cotspin Limited,PASHUPATI.NS,25.82,0.353,0.175,No
706,Dynamic Cables Limited,DYCL.BO,61.6,0.747,2.806,Yes
707,Kopran Limited,KOPRAN.BO,61.11,0.742,1.897,Yes
708,Dynamic Cables Limited,DYCL.NS,61.39,0.745,2.795,Yes
709,Billionbrains Garage Ventures Limited,GROWW.NS,46.94,0.597,2.179,Yes
710,Kopran Limited,KOPRAN.NS,60.77,0.743,1.89,Yes
711,United Spirits Limited,UNITDSPR.BO,17.59,0.251,1.317,Yes
712,Pashupati Cotspin Limited,PASHUPATI.BO,25.22,0.35,0.116,No
713,SKF India (Industrial) Limited,SKFINDUS.BO,39.92,0.526,1.591,Yes
714,Danube Industries Limited,DANUBE.BO,63.35,0.774,2.49,Yes
715,Gufic Biosciences Limited,GUFICBIO.BO,26.59,0.368,0.306,Yes
716,Bharat Parenterals Limited,BPLPHARMA.BO,44.49,0.578,2.083,Yes
717,Axis Bank Limited,AXISBANK.BO,18.69,0.267,1.065,Yes
718,Ritco Logistics Limited,RITCO.BO,36.3,0.487,1.711,Yes
719,Pioneer Investcorp Limited,PIONRINV.BO,62.06,0.765,1.497,Yes
720,Neetu Yoshi Limited,NEETUYOSHI.BO,68.3,0.829,3.421,Yes
721,Renaissance Global Limited,RGL.BO,31.46,0.432,1.438,Yes
722,Indian Metals and Ferro Alloys Limited,IMFA.BO,35.76,0.485,1.634,Yes
723,SKF India (Industrial) Limited,SKFINDUS.NS,39.46,0.528,1.609,Yes
724,Systematix Securities Ltd.,SYTIXSE.BO,69.8,0.848,3.232,Yes
725,Captain Technocast Limited,CTCL.BO,43.99,0.581,0.232,Yes
726,DB (International) Stock Brokers Limited,DBSTOCKBRO.NS,22.28,0.319,0.369,Yes
727,Gufic Biosciences Limited,GUFICBIO.NS,26.35,0.371,0.328,Yes
728,Indian Metals and Ferro Alloys Limited,IMFA.NS,35.48,0.483,1.637,Yes
729,Visaka Industries Limited,VISAKAIND.BO,34.24,0.469,1.995,Yes
730,Wardwizard Foods and Beverages Limited,WARDWIZFBL.BO,39.44,0.531,0.879,Yes
731,Prataap Snacks Limited,DIAMONDYD.BO,13.62,0.202,0.375,Yes
732,Ortel Communications Limited,ORTEL.NS,30.43,0.424,0.267,No
733,Adani Ports and Special Economic Zone Limited,ADANIPORTS.BO,25.17,0.357,1.438,Yes
734,Wockhardt Limited,WOCKPHARMA.BO,46.23,0.609,0.383,Yes
735,Integrated Hitech Limited,INTEGHIT.BO,37.9,0.515,2.141,No
736,Tasty Bite Eatables Limited,TASTYBITE.BO,20.93,0.303,0.797,Yes
737,Prism Medico and Pharmacy Limited,PRISMMEDI.BO,70.0,0.858,0.683,Yes
738,Wockhardt Limited,WOCKPHARMA.NS,46.14,0.61,0.403,Yes
739,Allied Blenders and Distillers Limited,ABDL.NS,45.44,0.602,2.67,Yes
740,Venus Pipes and Tubes Limited,VENUSPIPES.NS,54.0,0.696,2.852,Yes
741,Visaka Industries Limited,VISAKAIND.NS,34.52,0.476,2.019,Yes
742,Allied Blenders and Distillers Limited,ABDL.BO,45.02,0.599,2.649,Yes
743,Ashram Online.com Limited,ASHRAM.BO,47.81,0.63,1.78,Yes
744,Renaissance Global Limited,RGL.NS,30.46,0.427,1.389,Yes
745,Shree Ajit Pulp and Paper Limited,SAPPL.BO,18.49,0.271,0.6,Yes
746,Venus Pipes and Tubes Limited,VENUSPIPES.BO,54.11,0.699,2.875,Yes
747,Zydus Wellness Limited,ZYDUSWELL.BO,24.58,0.353,0.358,Yes
748,Suryalata Spinning Mills Limited,SURYALA.BO,30.91,0.433,0.658,Yes
749,Ethos Limited,ETHOSLTD.BO,22.33,0.324,1.417,Yes
750,Anlon Healthcare Limited,AHCL.NS,38.09,0.522,1.038,Yes
751,Dynavision Limited,DYNAVSN.BO,34.2,0.475,1.105,Yes
752,Tasty Bite Eatables Limited,TASTYBITE.NS,20.96,0.307,0.835,Yes
753,Beta Drugs Limited,BETA.NS,53.08,0.693,0.374,Yes
754,Zydus Wellness Limited,ZYDUSWELL.NS,24.52,0.354,0.324,Yes
755,Vedanta Iron and Steel Limited,VISL.BO,40.62,0.554,,
756,Nexus Select Trust,NXST.BO,8.93,0.138,0.448,Yes
757,Tata Capital Limited,TATACAP.NS,19.32,0.286,1.137,Yes
758,Goldiam International Limited,GOLDIAM.BO,45.24,0.609,2.624,Yes
759,VCU Data Management Limited,VCU.BO,42.57,0.579,1.677,Yes
760,Tata Capital Limited,TATACAP.BO,19.36,0.287,1.125,Yes
761,TCPL Packaging Limited,TCPLPACK.BO,31.2,0.445,1.55,Yes
762,ADF Foods Limited,ADFFOODS.BO,43.97,0.6,1.986,Yes
763,Sai Parenteral's Limited,SAIPARENT.BO,29.87,0.429,1.801,Yes
764,PDS Limited,PDSL.NS,26.08,0.38,1.451,Yes
765,TCPL Packaging Limited,TCPLPACK.NS,30.31,0.435,1.446,Yes
766,Ritco Logistics Limited,RITCO.NS,34.06,0.482,1.577,Yes
767,3M India Limited,3MINDIA.BO,22.49,0.333,1.533,Yes
768,Sai Parenteral's Limited,SAIPARENT.NS,31.08,0.446,2.07,Yes
769,Vedanta Iron and Steel Limited,VISL.NS,39.65,0.552,,
770,Asian Paints Limited,ASIANPAINT.NS,20.25,0.303,1.23,Yes
771,Universal Arts Limited,UNIVARTS.BO,16.02,0.245,0.777,Yes
772,Shahlon Silk Industries Limited,SHAHLON.BO,52.85,0.707,1.006,Yes
773,Swadeshi Industries & Leasing Limited,SWADEIN.BO,71.02,0.899,4.085,Yes
774,Goldiam International Limited,GOLDIAM.NS,44.18,0.609,2.615,Yes
775,Ethos Limited,ETHOSLTD.NS,21.14,0.317,1.376,Yes
776,3M India Limited,3MINDIA.NS,22.42,0.335,1.532,Yes
777,Hester Biosciences Limited,HESTERBIO.BO,37.12,0.525,1.611,Yes
778,V-Mart Retail Limited,VMART.NS,35.0,0.499,2.09,Yes
779,M P K Steels (I) Limited,MPKSTEELS.BO,74.34,0.935,1.093,Yes
780,V-Mart Retail Limited,VMART.BO,35.54,0.507,2.113,Yes
781,Sharika Enterprises Limited,SHARIKA.BO,59.07,0.779,2.681,Yes
782,MetroGlobal Limited,METROGLOBL.NS,8.92,0.142,0.647,Yes
783,Sunita Tools Limited,SUNITATOOL.BO,57.11,0.761,0.595,Yes
784,Turtlemint Fintech Solutions Limited,TURTLEMINT.NS,59.37,0.786,,
785,Jindal Steel Limited,JINDALSTEL.NS,17.24,0.265,0.523,Yes
786,Turtlemint Fintech Solutions Limited,TURTLEMINT.BO,64.17,0.839,,
787,CarTrade Tech Limited,CARTRADE.BO,56.4,0.756,1.537,Yes
788,India Nippon Electricals Limited,INDNIPPON.NS,33.61,0.487,1.612,Yes
789,Sayaji Hotels (Indore) Limited,SHILINDORE.BO,25.93,0.386,0.347,Yes
790,CarTrade Tech Limited,CARTRADE.NS,56.49,0.758,1.543,Yes
791,HealthCare Global Enterprises Limited,HCG.BO,21.01,0.32,1.008,Yes
792,Manaksia Aluminium Company Limited,MANAKALUCO.NS,86.79,1.067,2.339,Yes
793,Rajshree Polypack Limited,RPPL.NS,26.81,0.4,0.69,Yes
794,PDS Limited,PDSL.BO,25.18,0.378,1.425,Yes
795,Mahalaxmi Seamless Limited,MAHALXSE.BO,27.71,0.412,1.197,Yes
796,Anlon Healthcare Limited,AHCL.BO,36.17,0.523,1.008,Yes
797,Raama Paper Mills Limited,RAMAPPR-B.BO,52.68,0.721,2.154,No
798,Fractal Analytics Limited,FRACTAL.BO,28.85,0.43,0.616,Yes
799,Galada Finance Limited,GALADAFIN.BO,75.99,0.973,3.858,Yes
800,Unichem Laboratories Limited,UNICHEMLAB.NS,41.17,0.589,2.516,Yes
801,MKP Mobility Limited,MKPMOB.BO,34.53,0.506,0.891,Yes
802,Nilachal Carbo Metalicks Limited,NCML.BO,48.71,0.682,1.519,Yes
803,Manaksia Aluminium Company Limited,MANAKALUCO.BO,84.78,1.066,2.238,Yes
804,HealthCare Global Enterprises Limited,HCG.NS,20.74,0.322,1.021,Yes
805,Unichem Laboratories Limited,UNICHEMLAB.BO,40.82,0.588,2.516,Yes
806,Fractal Analytics Limited,FRACTAL.NS,29.01,0.438,0.649,Yes
807,Hipolin Limited,HIPOLIN.BO,107.23,1.278,4.188,Yes
808,Shanti Guru Industries Limited,SHANTIGURU.BO,19.37,0.304,0.652,Yes
809,Astral Limited,ASTRAL.BO,17.45,0.276,0.094,No
810,Sambhv Steel Tubes Limited,SAMBHV.NS,28.91,0.439,1.685,Yes
811,Kotak Nifty MNC ETF,MNC.NS,15.2,0.244,1.173,Yes
812,Coal India Limited,COALINDIA.BO,11.12,0.182,0.184,No
813,Suditi Industries Limited,SUDTIND-B.BO,47.2,0.675,1.218,Yes
814,Capital Trade Links Limited,CTL.BO,54.48,0.761,2.668,Yes
815,ADF Foods Limited,ADFFOODS.NS,50.58,0.717,2.603,Yes
816,Asian Petro Products and Exports Limited,ASINPET.BO,24.37,0.379,1.213,Yes
817,High Energy Batteries (India) Limited,HIGHENE.BO,21.44,0.338,1.447,Yes
818,Coal India Limited,COALINDIA.NS,11.08,0.182,0.188,No
819,Motilal Oswal Financial Services Limited,MOTILALOFS.NS,31.66,0.481,1.521,Yes
820,Hester Biosciences Limited,HESTERBIO.NS,36.22,0.542,1.629,Yes
821,Laxmipati Engineering Works Limited,LAXMIPATI.BO,59.31,0.822,0.909,Yes
822,Maestros Electronics & Telecommunications Systems Limited,METSL.BO,23.77,0.373,0.997,Yes
823,Kaiser Corporation Limited,KACL.BO,37.4,0.56,0.486,Yes
824,PG Electroplast Limited,PGEL.NS,28.82,0.448,2.317,Yes
825,Shree Ganesh Remedies Limited,SGRL.BO,33.02,0.505,1.165,Yes
826,Kirloskar Pneumatic Company Limited,KIRLPNU.NS,42.5,0.63,1.546,Yes
827,Astral Limited,ASTRAL.NS,16.75,0.273,0.087,No
828,Sambhv Steel Tubes Limited,SAMBHV.BO,28.04,0.438,1.668,Yes
829,Motilal Oswal Financial Services Limited,MOTILALOFS.BO,31.09,0.481,1.529,Yes
830,Tata Steel Limited,TATASTEEL.NS,16.22,0.266,0.663,Yes
831,Ace Alpha Tech Limited,ACEALPHA.BO,30.46,0.473,1.271,Yes
832,Syncom Formulations (India) Limited,SYNCOMF.BO,47.78,0.698,1.587,Yes
833,KD Green Industries Limited,KDGREEN.BO,45.72,0.673,1.68,No
834,Suryoday Small Finance Bank Limited,SURYODAY.BO,24.92,0.395,1.519,Yes
835,Syncom Formulations (India) Limited,SYNCOMF.NS,47.91,0.701,1.582,Yes
836,Trustedge Capital Limited,TRUSTEDGE.BO,40.08,0.605,0.6,Yes
837,Maral Overseas Limited,MARALOVER.BO,38.94,0.59,2.299,Yes
838,Suryoday Small Finance Bank Limited,SURYODAY.NS,24.8,0.396,1.532,Yes
839,Kirloskar Pneumatic Company Limited,KIRLPNU.BO,42.63,0.638,1.594,Yes
840,Virtuoso Optoelectronics Limited,VOEPL.BO,61.69,0.869,4.066,Yes
841,Persistent Systems Limited,PERSISTENT.NS,32.74,0.51,0.495,Yes
842,Premier Explosives Limited,PREMEXPLN.NS,51.59,0.755,2.719,Yes
843,Maral Overseas Limited,MARALOVER.NS,33.56,0.523,1.777,Yes
844,Narmada Macplast Drip Irrigation Systems Ltd.,NARMP.BO,55.07,0.798,3.477,Yes
845,Premier Explosives Limited,PREMEXPLN.BO,51.37,0.755,2.716,Yes
846,Jyoti CNC Automation Limited,JYOTICNC.NS,35.97,0.558,1.601,Yes
847,PG Electroplast Limited,PGEL.BO,28.01,0.448,2.312,Yes
848,Kalpataru Projects International Limited,KPIL.NS,18.72,0.31,1.15,Yes
849,Ambika Cotton Mills Limited,AMBIKCO.BO,26.7,0.43,1.455,Yes
850,Dr. Agarwal's Eye Hospital Limited,DRAGARWQ.BO,13.74,0.233,0.494,Yes
851,Sanstar Limited,SANSTAR.BO,27.31,0.44,0.849,Yes
852,Decorous Investment and Trading Company Limited,DITCO.BO,46.77,0.705,0.013,Yes
853,Jyoti CNC Automation Limited,JYOTICNC.BO,35.46,0.556,1.591,Yes
854,Sanstar Limited,SANSTAR.NS,27.13,0.439,0.824,Yes
855,BMW Industries Ltd.,BMW.BO,54.17,0.798,2.422,Yes
856,Ambika Cotton Mills Limited,AMBIKCO.NS,26.52,0.43,1.455,Yes
857,Chartered Logistics Limited,CHLOGIST.BO,63.65,0.913,2.152,Yes
858,Property Share Investment Trust,PSCELESTIA.BO,1.71,0.031,0.037,No
859,Adani Ports and Special Economic Zone Limited,ADANIPORTS.NS,21.96,0.364,1.459,Yes
860,Asahi India Glass Limited,ASAHIINDIA.NS,16.44,0.279,0.976,Yes
861,Global Health Limited,MEDANTA.BO,20.28,0.34,1.416,Yes
862,Universal Starch-Chem Allied Limited,UNIVSTAR.BO,36.31,0.573,1.328,Yes
863,IL&FS Engineering and Construction Company Limited,IL&FSENGG.NS,29.16,0.473,0.965,Yes
864,Nakoda Group of Industries Limited,NGIL.BO,53.4,0.797,2.311,Yes
865,Asahi India Glass Limited,ASAHIINDIA.BO,16.38,0.28,0.987,Yes
866,TGIF Agribusiness Limited,TGIF.BO,22.65,0.379,1.519,No
867,Global Health Limited,MEDANTA.NS,19.92,0.337,1.388,Yes
868,Garware Technical Fibres Limited,GARFIBRES.NS,15.0,0.259,0.376,Yes
869,ICICIPRAMC - ICICICOMMO,COMMOIETF.NS,10.98,0.193,0.801,Yes
870,Palco Metals Limited,PALCO.BO,55.46,0.83,3.284,Yes
871,TBO Tek Limited,TBOTEK.BO,26.11,0.432,1.745,Yes
872,Empire Industries Limited,EMPIND.BO,16.78,0.289,0.396,Yes
873,Gratex Industries Limited,GRATEXI.BO,23.97,0.401,0.761,Yes
874,BCL Enterprises Limited,BCLENTERPR.BO,53.85,0.812,2.603,Yes
875,Adani Green Energy Limited,ADANIGREEN.BO,44.59,0.694,2.379,Yes
876,Alphalogic Industries Limited,ALPHAIND.BO,35.05,0.564,1.67,No
877,Black Rose Industries Limited,BLACKROSE.BO,38.41,0.611,2.48,Yes
878,Valiant Laboratories Limited,VALIANTLAB.BO,65.62,0.955,1.55,Yes
879,Valiant Laboratories Limited,VALIANTLAB.NS,61.87,0.911,1.527,Yes
880,Vippy Spinpro Limited,VIPPYSP.BO,18.53,0.318,1.102,Yes
881,Albert David Limited,ALBERTDAVD.NS,28.83,0.475,1.523,Yes
882,TBO Tek Limited,TBOTEK.NS,25.94,0.433,1.736,Yes
883,MetroGlobal Limited,METROGLOBL.BO,19.94,0.341,1.181,Yes
884,Apollo Micro Systems Limited,APOLLO.BO,57.76,0.865,2.319,Yes
885,Punjab Communications Limited,PUNJCOMMU.BO,33.73,0.548,2.671,Yes
886,Adani Enterprises Limited,ADANIENT.BO,32.63,0.533,1.802,Yes
887,Eighty Jewellers Limited,EIGHTY.BO,37.51,0.602,0.166,No
888,PSP Projects Limited,PSPPROJECT.BO,36.51,0.589,2.831,Yes
889,Adani Green Energy Limited,ADANIGREEN.NS,44.21,0.694,2.38,Yes
890,Apollo Micro Systems Limited,APOLLO.NS,57.46,0.864,2.306,Yes
891,Meyer Apparel Limited,MAL.BO,94.79,1.281,1.146,No
892,Mahindra Logistics Limited,MAHLOG.NS,27.22,0.455,1.687,Yes
893,Sutlej Textiles and Industries Limited,SUTLEJTEX.NS,45.9,0.718,3.17,Yes
894,PSP Projects Limited,PSPPROJECT.NS,36.84,0.595,2.869,Yes
895,Asian Hotels (North) Limited,ASIANHOTNR.NS,15.85,0.279,0.294,No
896,Albert David Limited,ALBERTDAVD.BO,28.16,0.472,1.561,Yes
897,Nakoda Group of Industries Limited,NGIL.NS,51.35,0.797,2.173,Yes
898,Narayana Hrudayalaya Limited,NH.NS,14.24,0.253,1.123,Yes
899,MITCON Consultancy & Engineering Services Limited,MITCON.NS,33.2,0.548,1.788,Yes
900,Mahindra Logistics Limited,MAHLOG.BO,26.76,0.453,1.697,Yes
901,Fratelli Vineyards Limited,FRATELLI.BO,44.3,0.71,2.983,Yes
902,Jagjanani Textiles Limited,JAGJANANI.BO,44.49,0.713,1.959,Yes
903,Menon Pistons Limited,MENNPIS.BO,25.14,0.433,1.853,Yes
904,Betex India Limited,BETXIND.BO,48.62,0.771,0.328,Yes
905,Minal Industries Limited,MINALIND.BO,84.69,1.205,0.48,Yes
906,B2B Software Technologies Limited,B2BSOFT.BO,25.64,0.441,0.937,No
907,Regency Fincorp Limited,REGENCY.BO,33.79,0.564,2.207,Yes
908,Kotyark Industries Limited,KOTYARK.NS,54.44,0.848,3.354,No
909,Hemant Surgical Industries Limited,HSIL.BO,41.5,0.678,1.771,Yes
910,Foseco Crucible (India) Limited,FOSECOC.BO,32.92,0.555,1.255,Yes
911,Simplex Mills Company Limited,SIMPLXMIL.BO,9.44,0.175,0.163,No
912,Fraser and Company Limited,FRASER.BO,59.68,0.92,0.638,Yes
913,SMC Global Securities Limited,SMCGLOBAL.NS,43.9,0.714,2.376,Yes
914,Munjal Auto Industries Limited,MUNJALAU.NS,25.29,0.441,1.129,Yes
915,Indo Cotspin Ltd,ICL.BO,31.89,0.543,1.394,Yes
916,Rrp Semiconductor Limited,RRP.BO,33.76,0.572,1.261,Yes
917,SMC Global Securities Limited,SMCGLOBAL.BO,43.56,0.713,2.389,Yes
918,Garware Technical Fibres Limited,GARFIBRES.BO,14.67,0.268,0.368,Yes
919,Maharashtra Seamless Limited,MAHSEAMLES.NS,16.14,0.294,0.303,Yes
920,Kaka Industries Limited,KAKA.BO,23.29,0.413,2.018,Yes
921,Innovative Ideals and Services (India) Limited,INNOVATIVE.BO,34.16,0.582,0.418,No
922,Veranda Learning Solutions Limited,VERANDA.BO,38.59,0.647,2.406,Yes
923,Milkfood Limited,MLKFOOD.BO,22.12,0.395,0.269,No
924,Piramal Pharma Limited,PPLPHARMA.BO,20.41,0.367,1.362,Yes
925,PVR INOX Limited,PVRINOX.NS,20.55,0.37,1.395,Yes
926,Palred Technologies Limited,PALREDTEC.BO,55.61,0.887,2.743,Yes
927,B&B Triplewall Containers Limited,BBTCL.NS,19.09,0.347,1.059,Yes
928,Artemis Electricals and Projects Limited,AEPL.NS,43.12,0.718,4.173,Yes
929,Silgo Retail Limited,SILGO.NS,13.6,0.253,0.146,Yes
930,Soma Textiles & Industries Limited,SOMATEX.BO,80.12,1.192,3.852,Yes
931,Piramal Pharma Limited,PPLPHARMA.NS,20.16,0.366,1.341,Yes
932,Magadh Sugar & Energy Limited,MAGADSUGAR.NS,18.93,0.346,0.273,Yes
933,Super Fine Knitters Limited,SKL.BO,42.86,0.719,1.358,Yes
934,Exicom Tele-Systems Limited,EXICOM.NS,47.3,0.783,1.926,Yes
935,Exhicon Events Media Solutions Limited,EXHICON.BO,29.62,0.522,2.656,Yes
936,Exicom Tele-Systems Limited,EXICOM.BO,47.22,0.783,1.936,Yes
937,Purple Agrotech Industries Limited,PURPLE.BO,48.17,0.796,2.686,Yes
938,Veranda Learning Solutions Limited,VERANDA.NS,37.61,0.647,2.364,Yes
939,Anand Rathi Share and Stock Brokers Limited,ARSSBL.NS,41.13,0.7,3.025,Yes
940,Magadh Sugar & Energy Limited,MAGADSUGAR.BO,19.19,0.354,0.28,Yes
941,PVR INOX Limited,PVRINOX.BO,19.89,0.366,1.379,Yes
942,Alan Scott Enterprises Limited,ALANSCOTT.BO,30.69,0.543,1.518,Yes
943,Godavari Drugs Limited,GODAVARI.BO,32.36,0.571,0.397,Yes
944,B&B Triplewall Containers Limited,BBTCL.BO,21.0,0.387,1.212,Yes
945,Hamps Bio Limited,HAMPS.BO,41.66,0.715,2.79,Yes
946,Pasupati Spinning & Weaving Mills Limited,PASUSPG.BO,19.84,0.369,1.218,Yes
947,Ratnamani Metals & Tubes Limited,RATNAMANI.BO,16.71,0.315,1.004,Yes
948,Tirupati Foam Limited,TIRUFOAM.BO,60.24,0.976,0.336,Yes
949,Tenneco Clean Air India Limited,TENNIND.NS,18.68,0.35,1.289,Yes
950,GOCL Corporation Limited,GOCLCORP.NS,22.2,0.41,1.059,Yes
951,Dev Labtech Venture Limited,DEVLAB.BO,32.9,0.585,0.506,No
952,Adani Enterprises Limited,ADANIENT.NS,29.75,0.536,1.823,Yes
953,Kothari Sugars and Chemicals Limited,KOTARISUG.NS,25.08,0.46,1.17,Yes
954,Tenneco Clean Air India Limited,TENNIND.BO,18.76,0.353,1.307,Yes
955,Lloyds Enterprises Limited,LLOYDSENT.NS,46.44,0.79,3.118,Yes
956,Panjon Limited,PANJON.BO,32.33,0.578,0.13,Yes
957,Kiran Print-Pack Limited,KIRANPR.BO,29.68,0.537,0.131,No
958,Jindal Steel Limited,JINDALSTEL.BO,13.35,0.258,0.55,Yes
959,Smruthi Organics Limited,SMRUTHIORG.BO,22.09,0.412,0.95,Yes
960,Par Drugs and Chemicals Limited,PAR.NS,22.76,0.424,1.292,Yes
961,Lincoln Pharmaceuticals Limited,LINCOLN.NS,25.92,0.477,0.724,Yes
962,Lloyds Enterprises Limited,LLOYDSENT.BO,45.94,0.788,3.101,Yes
963,Lincoln Pharmaceuticals Limited,LINCOLN.BO,26.7,0.491,0.768,Yes
964,Universal Office Automation Limited,UNIOFFICE.BO,56.78,0.942,2.51,Yes
965,Ind Renewable Energy Limited,INDRENEW.BO,22.52,0.422,1.43,Yes
966,GOCL Corporation Limited,GOCLCORP.BO,21.7,0.409,1.041,Yes
967,Kirloskar Electric Company Limited,KECL.NS,39.76,0.701,2.605,Yes
968,Palred Technologies Limited,PALREDTEC.NS,48.5,0.831,2.21,Yes
969,IFB Agro Industries Limited,IFBAGRO.NS,52.99,0.896,2.998,Yes
970,Usha Martin Limited,USHAMART.NS,13.99,0.273,0.676,Yes
971,IFB Agro Industries Limited,IFBAGRO.BO,52.6,0.892,3.01,Yes
972,Jindal Poly Films Limited,JINDALPOLY.NS,40.07,0.71,0.986,No
973,Sri Ramakrishna Mills (Coimbatore) Limited,SRMCL.BO,25.28,0.472,1.84,Yes
974,Bajaj Hindusthan Sugar Limited,BAJAJHIND.NS,27.71,0.515,0.788,Yes
975,G-Tec Jainx Education Limited,GTECJAINX.NS,55.78,0.941,2.161,Yes
976,Soma Textiles & Industries Limited,SOMATEX.NS,69.86,1.129,3.522,Yes
977,SoftTech Engineers Limited,SOFTTECH.NS,59.2,0.991,3.613,Yes
978,Modi's Navnirman Limited,MODIS.BO,26.51,0.496,1.905,Yes
979,Kirloskar Electric Company Limited,KECL.BO,38.88,0.698,2.58,Yes
980,Coffers Finvest Limited,GSBFIN.BO,22.64,0.432,0.512,Yes
981,Sreeleathers Limited,SREEL.NS,16.03,0.315,1.152,Yes
982,K.P.R. Mill Limited,KPRMILL.BO,19.78,0.383,0.903,Yes
983,LT Foods Limited,LTFOODS.NS,16.65,0.326,1.196,Yes
984,Jagsonpal Pharmaceuticals Limited,JAGSNPHARM.BO,15.6,0.307,0.303,Yes
985,PB Fintech Limited,POLICYBZR.NS,15.94,0.313,0.789,Yes
986,Mirae Asset Nifty Energy ETF,ENERGY.NS,11.83,0.237,0.895,Yes
987,Jana Small Finance Bank Limited,JSFB.NS,23.37,0.447,1.199,Yes
988,Ratnamani Metals & Tubes Limited,RATNAMANI.NS,16.53,0.325,1.032,Yes
989,Walchandnagar Industries Limited,WALCHANNAG.NS,53.94,0.927,3.277,Yes
990,PS IT Infrastructure & Services Limited,PSITINFRA.BO,35.31,0.646,1.134,Yes
991,Monarch Surveyors and Engineering Consultants Limited,MSECL.BO,39.75,0.718,2.995,Yes
992,National General Industries Limited,NATGENI.BO,23.12,0.443,0.554,Yes
993,K.P.R. Mill Limited,KPRMILL.NS,19.34,0.377,0.907,Yes
994,Huhtamaki India Limited,HUHTAMAKI.BO,39.46,0.715,2.421,Yes
995,Shukra Jewellery Limited,SHUKJEW.BO,21.95,0.424,0.683,Yes
996,Huhtamaki India Limited,HUHTAMAKI.NS,39.18,0.711,2.432,Yes
997,Usha Martin Limited,USHAMART.BO,13.79,0.276,0.698,Yes
998,LT Foods Limited,LTFOODS.BO,16.56,0.328,1.209,Yes
999,Nelco Limited,NELCO.NS,35.26,0.651,2.809,Yes
1000,Walchandnagar Industries Limited,WALCHANNAG.BO,53.5,0.929,3.285,Yes
1001,Marsons Limited,MARSONS.NS,35.65,0.658,1.698,Yes
1002,Nelco Limited,NELCO.BO,35.15,0.65,2.814,Yes
1003,Jana Small Finance Bank Limited,JSFB.BO,23.12,0.447,1.205,Yes
1004,Jagsonpal Pharmaceuticals Limited,JAGSNPHARM.NS,15.68,0.313,0.312,Yes
1005,Narmada Agrobase Limited,NARMADA.NS,27.88,0.53,0.026,Yes
1006,VLS Finance Limited,VLSFINANCE.NS,28.78,0.547,1.932,Yes
1007,SoftTech Engineers Limited,SOFTTECH.BO,35.29,0.656,2.25,Yes
1008,Gujarat Pipavav Port Limited,GPPL.BO,15.94,0.319,1.391,Yes
1009,Lyons Corporate Market Limited,LYONSCO.BO,29.87,0.568,1.626,Yes
1010,Sagility Limited,SAGILITY.NS,19.27,0.382,0.678,Yes
1011,Tips Music Limited,TIPSMUSIC.NS,19.45,0.386,1.231,Yes
1012,Prime Securities Limited,PRIMESECU.NS,8.1,0.169,0.439,Yes
1013,AGI Infra Limited,AGIIL.NS,28.35,0.545,1.691,Yes
1014,East Buildtech Limited,EASTBUILD.BO,47.21,0.849,0.376,Yes
1015,AGI Infra Limited,AGIIL.BO,28.52,0.549,1.72,Yes
1016,Sagility Limited,SAGILITY.BO,19.09,0.381,0.685,Yes
1017,Binny Mills Limited,BINNYMILLS.BO,58.37,1.017,0.887,Yes
1018,Tips Music Limited,TIPSMUSIC.BO,18.86,0.378,1.206,Yes
1019,Gujarat Pipavav Port Limited,GPPL.NS,15.69,0.32,1.399,Yes
1020,Polycon International Limited,POLYCON.BO,25.04,0.492,0.153,Yes
1021,Advance Lifestyles Limited,ADVLIFE.BO,22.26,0.445,1.313,Yes
1022,Narmada Agrobase Limited,NARMADA.BO,26.61,0.523,0.0,Yes
1023,BDH Industries Limited,BDH.BO,27.81,0.545,1.318,Yes
1024,Nirav Commercials Limited,NIRAVCOM.BO,20.8,0.42,0.446,Yes
1025,Citizen Solar Limited,CITIZEN.BO,37.75,0.718,1.808,Yes
1026,Maan Aluminium Limited,MAANALU.NS,24.69,0.493,2.015,Yes
1027,UCAL Limited,UCAL.BO,31.09,0.611,1.89,Yes
1028,Ishaan Infrastructures and Shelters Limited,IISL.BO,65.58,1.151,3.665,Yes
1029,Atul Ltd,ATUL.NS,8.04,0.174,0.304,Yes
1030,Uniroyal Marine Exports Limited,UNRYLMA.BO,36.38,0.705,0.136,Yes
1031,Fiem Industries Limited,FIEMIND.NS,13.69,0.289,1.424,Yes
1032,Swagtam Trading & Services Limited,SWAGTAM.BO,46.21,0.867,0.061,No
1033,Goenka Business & Finance Limited,GBFL.BO,14.89,0.314,0.705,No
1034,Aanjaay Industries Limited,KABRADG.BO,40.72,0.781,2.112,Yes
1035,Pitti Engineering Limited,PITTIENG.NS,30.83,0.614,2.188,Yes
1036,Salona Cotspin Limited,SALONA.BO,13.77,0.293,0.238,Yes
1037,Pitti Engineering Limited,PITTIENG.BO,31.01,0.619,2.223,Yes
1038,Cosmo First Limited,COSMOFIRST.BO,21.19,0.439,1.45,Yes
1039,Brookfield India Real Estate Trust,BIRET.BO,8.21,0.179,0.576,Yes
1040,Pokarna Limited,POKARNA.NS,25.96,0.529,1.378,Yes
1041,Algoquant Fintech Limited,ALGOQUANT.NS,20.36,0.424,1.626,Yes
1042,IP Rings Limited,IPRINGLTD.BO,26.05,0.531,1.703,Yes
1043,Bhagiradha Chemicals & Industries Limited,BHAGCHEM.BO,33.96,0.673,2.721,Yes
1044,Indo Rama Synthetics (India) Limited,INDORAMA.NS,31.84,0.637,1.981,Yes
1045,Pokarna Limited,POKARNA.BO,25.44,0.522,1.369,Yes
1046,Kesar Enterprises Limited,KESARENT.BO,62.41,1.132,0.008,No
1047,Cosmo First Limited,COSMOFIRST.NS,21.31,0.446,1.503,Yes
1048,Goodluck India Limited,GOODLUCK.BO,19.53,0.413,1.622,Yes
1049,Max Estates Limited,MAXESTATES.BO,28.2,0.577,1.812,Yes
1050,Transpek Industry Limited,TRANSPEK.BO,30.56,0.62,2.256,Yes
1051,Max Estates Limited,MAXESTATES.NS,27.68,0.568,1.731,Yes
1052,Ikoma Technologies Limited,IKOMA.BO,83.99,1.44,1.213,No
1053,UCAL Limited,UCAL.NS,29.26,0.597,1.888,Yes
1054,Maan Aluminium Limited,MAANALU.BO,23.71,0.495,2.003,Yes
1055,Grauer & Weil (India) Limited,GRAUWEIL.NS,11.97,0.262,1.632,Yes
1056,Cemantic Infra-Tech Limited,CEMAINFRA.BO,25.63,0.535,0.433,Yes
1057,Bilcare Limited,BI.BO,38.72,0.77,1.142,Yes
1058,VISA Chrome Limited,VISACHROME.BO,52.97,1.006,3.394,Yes
1059,Steel Exchange India Limited,STEELXIND.NS,29.88,0.616,1.633,Yes
1060,Lodha Developers Limited,LODHA.BO,29.7,0.613,2.941,Yes
1061,Goodluck India Limited,GOODLUCK.NS,19.15,0.412,1.632,Yes
1062,M P Agro Industries Limited,MPAGI.BO,24.7,0.521,1.358,Yes
1063,Qualitek Labs Limited,QLL.BO,19.28,0.416,0.574,Yes
1064,Generic Engineering Construction and Projects Limited,GENCON.NS,18.32,0.397,0.209,Yes
1065,Mold-Tek Technologies Limited,MOLDTECH.BO,28.48,0.594,2.105,Yes
1066,Akme Fintrade (India) Limited,AFIL.NS,31.6,0.653,0.024,No
1067,Rana Sugars Limited,RANASUG.NS,21.62,0.464,0.246,Yes
1068,Bonlon Industries Limited,BONLON.BO,39.63,0.796,2.71,Yes
1069,Raymond Limited,RAYMOND.NS,30.12,0.626,2.131,Yes
1070,Sanrhea Technical Textiles Limited,SANTETX.BO,15.49,0.341,0.482,Yes
1071,Steel Exchange India Limited,STEELXIND.BO,29.73,0.62,1.66,Yes
1072,Gokaldas Exports Limited,GOKEX.NS,28.43,0.596,2.087,Yes
1073,Rana Sugars Limited,RANASUG.BO,22.14,0.477,0.281,Yes
1074,DJS Stock and Shares Limited,DJSSS.BO,39.6,0.8,0.76,Yes
1075,Baazar Style Retail Limited,STYLEBAAZA.BO,39.97,0.808,0.899,Yes
1076,Sreeleathers Limited,SREEL.BO,13.23,0.296,1.096,Yes
1077,Jindal Worldwide Limited,JINDWORLD.NS,33.2,0.691,2.844,Yes
1078,Rich Universe Network Limited,RICHUNV.BO,46.11,0.918,2.335,Yes
1079,Jindal Worldwide Limited,JINDWORLD.BO,32.72,0.684,2.822,Yes
1080,Mishra Dhatu Nigam Limited,MIDHANI.NS,27.55,0.587,1.989,Yes
1081,Mishra Dhatu Nigam Limited,MIDHANI.BO,27.45,0.586,1.975,Yes
1082,Achyut Healthcare Limited,ACHYUT.BO,20.1,0.441,0.023,Yes
1083,N2N Technologies Limited,NNTL.BO,20.7,0.455,0.699,Yes
1084,Modi Rubber Limited,MODIRUBBER.NS,24.35,0.528,1.381,Yes
1085,Rathi Steel And Power Limited,RATHIST.BO,44.32,0.895,4.519,Yes
1086,Baazar Style Retail Limited,STYLEBAAZA.NS,38.63,0.797,0.859,Yes
1087,Conart Engineers Limited,CONART.BO,30.51,0.648,1.942,Yes
1088,Simran Farms Limited,SIMRAN.BO,13.22,0.301,0.379,Yes
1089,SRG Fingrow Finance Limited,SRGFFL.BO,18.32,0.409,1.001,Yes
1090,Infonative Solutions Limited,INFONATIVE.BO,27.22,0.587,1.01,Yes
1091,JSW Infrastructure Limited,JSWINFRA.BO,13.57,0.309,0.659,Yes
1092,JSW Infrastructure Limited,JSWINFRA.NS,13.6,0.31,0.641,Yes
1093,Tarsons Products Limited,TARSONS.NS,28.27,0.609,1.971,Yes
1094,Tarsons Products Limited,TARSONS.BO,28.22,0.609,1.953,Yes
1095,Generic Engineering Construction and Projects Limited,GENCON.BO,16.64,0.376,0.208,Yes
1096,Silver Touch Technologies Limited,SILVERTUC.BO,69.44,1.31,6.076,Yes
1097,Mold-Tek Technologies Limited,MOLDTECH.NS,27.08,0.589,2.213,Yes
1098,Shreevatsaa Finance and Leasing Limited,SHVFL.BO,34.53,0.732,0.415,Yes
1099,VISA Chrome Limited,VISACHROME.NS,49.2,0.993,3.176,Yes
1100,Akme Fintrade (India) Limited,AFIL.BO,29.9,0.647,0.008,No
1101,Cargotrans Maritime Limited,CARGOTRANS.BO,62.47,1.214,2.663,Yes
1102,V2 Retail Limited,V2RETAIL.BO,14.89,0.345,0.814,Yes
1103,Maitri Enterprises Limited,MAITRI.BO,29.61,0.65,0.625,Yes
1104,Eastcoast Steel Limited,ECSTSTL.BO,24.97,0.56,1.444,Yes
1105,Emergent Industrial Solutions Limited,EMERGENT.BO,47.19,0.979,0.599,Yes
1106,Oriental Hotels Limited,ORIENTHOT.NS,28.26,0.627,1.91,Yes
1107,Geojit Financial Services Limited,GEOJITFSL.NS,16.49,0.384,1.394,Yes
1108,Devine Impex Limited,DEVINE.BO,21.32,0.489,1.794,Yes
1109,Bhagiradha Chemicals & Industries Limited,BHAGCHEM.NS,29.71,0.663,2.645,Yes
1110,India Motor Parts & Accessories Limited,IMPAL.BO,6.44,0.158,0.505,Yes
1111,India Gelatine & Chemicals Limited,INDGELA.BO,11.32,0.272,0.939,Yes
1112,Patel Chem Specialities Limited,PATELCHEM.BO,29.26,0.657,1.993,Yes
1113,Tinna Rubber and Infrastructure Limited,TINNARUBR.BO,29.53,0.662,2.779,Yes
1114,PB Fintech Limited,POLICYBZR.BO,12.38,0.297,0.808,Yes
1115,Euro Pratik Sales Limited,EUROPRATIK.NS,27.72,0.63,2.887,Yes
1116,Geojit Financial Services Limited,GEOJITFSL.BO,16.12,0.384,1.399,Yes
1117,Euro Pratik Sales Limited,EUROPRATIK.BO,27.74,0.632,2.888,Yes
1118,Prestige Estates Projects Limited,PRESTIGE.NS,18.5,0.438,2.305,Yes
1119,Reliable Ventures India Limited,RELIABVEN.BO,19.61,0.462,0.908,Yes
1120,Vivid Global Industries Limited,VIVIDIND.BO,14.93,0.359,0.562,Yes
1121,Swarnsarita Jewels India Limited,SWARNSAR.BO,15.23,0.366,0.59,Yes
1122,ITL Industries Limited,ITL.BO,18.44,0.439,0.228,Yes
1123,Pondy Oxides And Chemicals Limited,POCL.NS,23.35,0.548,2.364,Yes
1124,Jinkushal Industries Limited,JKIPL.BO,57.6,1.202,5.119,Yes
1125,Krishna Institute of Medical Sciences Limited,KIMS.NS,16.35,0.395,0.899,Yes
1126,Tinna Rubber and Infrastructure Limited,TINNARUBR.NS,28.04,0.648,2.712,Yes
1127,Noida Toll Bridge Company Limited,NOIDATOLL.BO,34.42,0.778,1.586,Yes
1128,Ashnisha Industries Limited,ASHNI.BO,43.42,0.951,2.715,Yes
1129,GMR Airports Limited,GMRAIRPORT.BO,15.57,0.379,1.662,Yes
1130,Krishna Institute of Medical Sciences Limited,KIMS.BO,16.41,0.4,0.896,Yes
1131,Pondy Oxides And Chemicals Limited,POCL.BO,23.12,0.549,2.352,Yes
1132,GACM Technologies Limited,GATECHDVR.NS,19.01,0.459,1.642,Yes
1133,Shardul Securities Limited,SHARDUL.BO,34.14,0.78,2.422,Yes
1134,Mirae Asset Nifty Bank ETF,BANKETF.NS,9.16,0.231,1.27,Yes
1135,Tata Communications Limited,TATACOMM.NS,18.62,0.453,1.395,Yes
1136,Lodha Developers Limited,LODHA.NS,25.97,0.614,2.953,Yes
1137,Ken Financial Services Limited,KENFIN.BO,22.26,0.534,1.26,Yes
1138,Jay Ambe Supermarkets Limited,CITYSQUARE.BO,30.05,0.701,0.721,No
1139,GMR Airports Limited,GMRAIRPORT.NS,15.33,0.379,1.661,Yes
1140,GACM Technologies Limited,GATECHDVR.BO,20.54,0.499,2.021,Yes
1141,Nippon India ETF Nifty Bank BeES,BANKBEES.NS,8.96,0.228,1.265,Yes
1142,Rander Corporation Limited,RANDER.BO,22.1,0.534,0.892,Yes
1143,Quadrant Future Tek Limited,QUADFUTURE.BO,29.99,0.704,0.843,Yes
1144,Baroda BNP Paribas NIFTY Bank ETF,BBNPNBETF.NS,9.55,0.243,1.352,Yes
1145,BGR Energy Systems Limited,BGRENERGY.NS,46.53,1.033,3.068,Yes
1146,The Indian Hume Pipe Company Limited,INDIANHUME.NS,15.8,0.393,1.776,Yes
1147,JK Tyre & Industries Limited,JKTYRE.NS,15.69,0.391,1.754,Yes
1148,SBI Nifty Bank ETF,SETFNIFBK.NS,9.02,0.231,1.279,Yes
1149,Salona Cotspin Limited,SALONA.NS,7.82,0.202,0.148,No
1150,Baroda Extrusion Limited,BAROEXT.BO,18.33,0.453,0.928,Yes
1151,Aditya Vision Limited,AVL.NS,12.27,0.311,0.517,Yes
1152,KN Agri Resources Limited,KNAGRI.NS,16.36,0.408,0.764,Yes
1153,Bajaj Nifty Bank ETF,BANKBETF.NS,8.76,0.226,1.246,Yes
1154,Jinkushal Industries Limited,JKIPL.NS,55.1,1.198,5.133,Yes
1155,V2 Retail Limited,V2RETAIL.NS,13.32,0.337,0.78,Yes
1156,Sattrix Information Security Limited,SATTRIX.BO,27.74,0.663,0.168,No
1157,Quadrant Future Tek Limited,QUADFUTURE.NS,29.47,0.701,0.807,Yes
1158,Aditya Birla Sun Life Nifty Bank ETF,ABSLBANETF.NS,8.96,0.231,1.281,Yes
1159,Nippon India ETF Bank BeES,BANKBEES.BO,8.79,0.227,1.256,Yes
1160,Hybrid Financial Services Limited,HYBRIDFIN.BO,31.24,0.74,2.058,Yes
1161,Lambodhara Textiles Limited,LAMBODHARA.BO,20.14,0.498,2.054,Yes
1162,D & H India Limited,DHINDIA.BO,58.37,1.262,5.212,No
1163,Naapbooks Limited,NBL.BO,46.61,1.047,1.999,Yes
1164,Maris Spinners Limited,MARIS.BO,23.12,0.566,1.384,Yes
1165,Unjha Formulations Limited,UNJHAFOR.BO,16.61,0.418,1.109,Yes
1166,Morarjee Textiles Limited,MORARJEE.NS,25.07,0.611,1.271,Yes
1167,Edelweiss Nifty Bank ETF,EBANKNIFTY.NS,8.86,0.231,1.279,Yes
1168,DSPAMC - DSPBANK,BANKADD.NS,8.9,0.232,1.282,Yes
1169,Om Metallogic Limited,OML.BO,42.84,0.983,3.67,Yes
1170,BGR Energy Systems Limited,BGRENERGY.BO,44.84,1.023,3.117,Yes
1171,Aditya Vision Limited,AVL.BO,12.13,0.313,0.52,Yes
1172,Empower India Limited,EMPOWER.BO,54.84,1.211,4.286,Yes
1173,Can Fin Homes Limited,CANFINHOME.NS,9.41,0.246,0.955,Yes
1174,IDBI Bank Limited,IDBI.NS,26.34,0.643,3.277,Yes
1175,HDFC Nifty Private Bank ETF,HDFCPVTBAN.NS,8.12,0.214,1.177,Yes
1176,Lambodhara Textiles Limited,LAMBODHARA.NS,20.03,0.502,2.063,Yes
1177,Supra Trends Limited,SUPRATRE.BO,7.02,0.186,0.635,Yes
1178,ICICI Prudential Nifty Bank ETF,BANKIETF.NS,8.48,0.223,1.231,Yes
1179,Garg Furnace Limited,GARGFUR.BO,24.78,0.612,1.805,Yes
1180,Axis NIFTY Bank ETF,BNKETFAXIS.NS,8.96,0.236,1.295,Yes
1181,Zenlabs Ethica Limited,ZENLABS.BO,38.41,0.904,0.797,Yes
1182,Lexora Global Limited,LEXGLOBAL.BO,47.42,1.083,0.853,Yes
1183,Helpage Finlease Limited,HELPAGE.BO,16.76,0.429,0.065,Yes
1184,Markolines Pavement Technologies Limited,MARKOLINES.BO,15.36,0.396,0.847,Yes
1185,Kajaria Ceramics Limited,KAJARIACER.NS,16.13,0.416,1.32,Yes
1186,Mukand Limited,MUKANDLTD.NS,9.52,0.252,1.024,Yes
1187,Frontier Capital Limited,FRONTCAP.BO,26.06,0.647,0.29,No
1188,Popees Baby Care India Limited,POPEES.BO,16.67,0.43,0.926,No
1189,The Indian Hume Pipe Company Limited,INDIANHUME.BO,15.0,0.39,1.762,Yes
1190,Amarjothi Spinning Mills Limited,AMARJOTHI.BO,13.99,0.366,1.41,Yes
1191,HDFC Nifty Bank ETF - Growth,HDFCNIFBAN.NS,8.65,0.232,1.281,Yes
1192,Kotak Mahindra Bank Limited,KOTAKBANK.NS,8.67,0.232,1.148,Yes
1193,WeWork India Management Limited,WEWORK.BO,14.28,0.375,1.187,Yes
1194,RKD Agri & Retail Limited,RKDAGRRTL.BO,41.63,0.988,1.8,Yes
1195,SBI Nifty Private Bank ETF,SBIETFPB.NS,8.34,0.225,1.233,Yes
1196,20 Microns Limited,20MICRONS.NS,21.01,0.538,2.232,Yes
1197,Bajaj Finance Limited,BAJFINANCE.NS,14.1,0.372,1.9,Yes
1198,Fruition Venture Limited,FRUTION.BO,35.3,0.861,1.555,Yes
1199,Canara Bank,CANBK.NS,11.94,0.32,1.663,Yes
1200,K.C.P. Sugar and Industries Corporation Limited,KCPSUGIND.BO,21.74,0.559,0.976,Yes
1201,National Peroxide Limited,NPL.BO,21.45,0.552,1.391,Yes
1202,Eureka Industries Limited,EUREKAI.BO,66.34,1.47,1.919,Yes
1203,The Motor & General Finance Limited,MOTOGENFIN.NS,18.86,0.493,1.592,Yes
1204,NATCO Pharma Limited,NATCOPHARM.NS,11.49,0.311,0.617,Yes
1205,WeWork India Management Limited,WEWORK.NS,14.68,0.392,1.396,Yes
1206,Tata Nifty Private Bank ETF,NPBET.NS,8.25,0.227,1.245,Yes
1207,Bhatia Communications & Retail (India) Limited,BHATIA.BO,20.53,0.538,0.082,Yes
1208,ICICIPRAMC - ICICIBANKP,PVTBANIETF.NS,7.89,0.219,1.194,Yes
1209,Equippp Social Impact Technologies Limited,EQUIPPP.NS,22.26,0.582,1.648,Yes
1210,Khaitan (India) Limited,KHAITANLTD.NS,16.36,0.439,0.694,Yes
1211,S V Global Mill Limited,SVGLOBAL.BO,11.79,0.323,0.297,Yes
1212,Satchmo Holdings Limited,SATCH.BO,30.99,0.788,2.795,Yes
1213,Bharat Wire Ropes Limited,BHARATWIRE.BO,20.49,0.547,2.024,Yes
1214,Dharani Finance Limited,DHARFIN.BO,35.44,0.898,1.938,Yes
1215,Kamadgiri Fashion Limited,KAMADGIRI.BO,31.25,0.81,2.421,Yes
1216,IKIO Technologies Limited,IKIO.BO,27.68,0.729,3.084,Yes
1217,Titan Securities Limited,TITANSEC.BO,13.43,0.374,1.182,No
1218,Motilal Oswal Nifty Energy ETF,MOENERGY.NS,7.88,0.225,0.819,Yes
1219,Bharat Wire Ropes Limited,BHARATWIRE.NS,19.85,0.54,1.998,Yes
1220,DSPAMC - DSPPVBKETF,PVTBANKADD.NS,7.96,0.228,1.25,Yes
1221,Canara Bank,CANBK.BO,11.32,0.319,1.661,Yes
1222,Jubilant Ingrevia Limited,JUBLINGREA.NS,17.15,0.475,1.922,Yes
1223,Khaitan (India) Limited,KHAITANLTD.BO,13.41,0.378,0.146,Yes
1224,Shukra Bullions Limited,SKRABUL.BO,39.39,1.009,0.912,No
1225,Camex Limited,CAMEXLTD.BO,12.92,0.366,0.295,Yes
1226,Repono Limited,REPONO.BO,30.39,0.805,2.04,Yes
1227,Amit Securities Limited,AMITSEC.BO,41.57,1.058,0.09,No
1228,Starcom Information Technology Limited,STARCOM.BO,37.05,0.959,1.952,Yes
1229,Future Market Networks Limited,FMNL.NS,20.46,0.564,1.693,Yes
1230,Asia Pack Limited,ASIAPAK.BO,26.52,0.715,2.095,Yes
1231,Jubilant Ingrevia Limited,JUBLINGREA.BO,16.88,0.473,1.919,Yes
1232,Kahan Packaging Limited,KAHAN.BO,17.07,0.478,1.253,Yes
1233,Shree Pushkar Chemicals & Fertilisers Limited,SHREEPUSHK.NS,17.08,0.479,1.303,Yes
1234,Mipco Seamless Rings (Gujarat) Limited,MPCOSEMB.BO,6.69,0.196,0.344,No
1235,Organic Coatings Limited,ORGCOAT.BO,34.6,0.909,1.24,Yes
1236,Bemco Hydraulics Limited,BEMHY.BO,27.46,0.742,3.439,Yes
1237,Shree Pushkar Chemicals & Fertilisers Limited,SHREEPUSHK.BO,17.15,0.482,1.307,Yes
1238,S. V. J. Enterprises Limited,SVJ.BO,37.67,0.981,0.813,Yes
1239,Beryl Drugs Limited,BERLDRG.BO,10.49,0.303,0.773,Yes
1240,Rajkot Investment Trust Limited,RAJKOTINV.BO,18.11,0.508,0.346,Yes
1241,Prestige Estates Projects Limited,PRESTIGE.BO,15.5,0.44,2.323,Yes
1242,Colab Platforms Limited,COLAB.BO,20.77,0.577,1.251,Yes
1243,K.C.P. Sugar and Industries Corporation Limited,KCPSUGIND.NS,20.74,0.577,1.057,Yes
1244,IKIO Technologies Limited,IKIO.NS,26.26,0.719,3.048,Yes
1245,Kalind Limited,KALIND.BO,37.13,0.981,0.702,Yes
1246,Mudunuru Limited,MUDUNURU.BO,28.2,0.77,2.272,Yes
1247,Modi's Navnirman Limited,MODIS.NS,17.41,0.496,2.094,Yes
1248,Future Market Networks Limited,FMNL.BO,20.94,0.59,1.743,Yes
1249,RRP Defense Limited,RRPDEFENSE.BO,20.58,0.581,1.261,Yes
1250,Hindustan Media Ventures Limited,HMVL.NS,16.48,0.473,1.552,Yes
1251,TechNVision Ventures Limited,TECHNVISN.BO,21.71,0.618,1.053,Yes
1252,Aegis Vopak Terminals Limited,AEGISVOPAK.BO,18.43,0.532,2.566,Yes
1253,Fabtech Cleanrooms Limited,FABCLEAN.BO,21.07,0.604,1.852,Yes
1254,Kohinoor Foods Limited,KOHINOOR.NS,23.76,0.676,1.596,Yes
1255,Kohinoor Foods Limited,KOHINOOR.BO,23.99,0.682,1.637,Yes
1256,Kabsons Industries Limited,KABSON.BO,25.76,0.728,2.357,Yes
1257,Alkyl Amines Chemicals Limited,ALKYLAMINE.NS,12.93,0.385,1.331,Yes
1258,Skipper Limited,SKIPPER.BO,19.39,0.563,1.686,Yes
1259,Mirae Asset Nifty India Internet ETF,INTERNET.NS,8.32,0.253,1.108,Yes
1260,Skipper Limited,SKIPPER.NS,19.18,0.558,1.669,Yes
1261,Shree Vasu Logistics Limited,SVLL.NS,13.59,0.406,1.489,Yes
1262,Aegis Vopak Terminals Limited,AEGISVOPAK.NS,18.07,0.529,2.552,Yes
1263,Balu Forge Industries Limited,BALUFORGE.NS,27.99,0.79,2.368,Yes
1264,Chemkart India Limited,CHEMKART.BO,33.93,0.938,3.611,Yes
1265,Mohite Industries Limited,MOHITE.BO,20.41,0.595,2.343,Yes
1266,Balu Forge Industries Limited,BALUFORGE.BO,27.78,0.788,2.374,Yes
1267,Rainbow Children's Medicare Limited,RAINBOW.NS,8.0,0.247,0.551,Yes
1268,Solara Active Pharma Sciences Limited,SOLARA.NS,14.49,0.436,0.665,Yes
1269,Markolines Pavement Technologies Limited,MARKOLINES.NS,13.77,0.415,0.918,Yes
1270,Rainbow Children's Medicare Limited,RAINBOW.BO,8.03,0.248,0.546,Yes
1271,Kilitch Drugs (India) Limited,KILITCH.BO,15.85,0.475,1.867,Yes
1272,Groww Nifty India Internet ETF,GROWWNET.NS,8.28,0.256,1.128,Yes
1273,Mehta Integrated Finance Limited,MEHIF.BO,10.26,0.317,0.201,Yes
1274,Oricon Enterprises Limited,ORICONENT.BO,8.21,0.256,0.087,Yes
1275,Solara Active Pharma Sciences Limited,SOLARA.BO,14.47,0.441,0.682,Yes
1276,Esha Media Research Limited,ESHAMEDIA.BO,41.58,1.144,3.426,Yes
1277,Aksh Optifibre Limited,AKSHOPTFBR.BO,26.69,0.775,2.088,Yes
1278,Equippp Social Impact Technologies Limited,EQUIPPP.BO,18.6,0.561,1.703,Yes
1279,Dhenu Buildcon Infra Limited,DHENUBUILD.BO,19.95,0.599,0.942,No
1280,Galaxy Surfactants Limited,GALAXYSURF.BO,14.32,0.441,1.884,Yes
1281,Seshaasai Technologies Limited,STYL.BO,14.77,0.454,1.198,Yes
1282,Timken India Limited,TIMKEN.NS,8.52,0.269,0.382,Yes
1283,GTV Engineering Limited,GTV.BO,17.97,0.547,1.732,Yes
1284,Cyient Limited,CYIENT.NS,17.9,0.545,1.081,Yes
1285,AXISCADES Technologies Limited,AXISCADES.NS,15.2,0.469,0.449,Yes
1286,Imagicaaworld Entertainment Limited,IMAGICAA.NS,13.65,0.424,1.022,Yes
1287,Hindustan Adhesives Limited,HINDADH.BO,15.38,0.476,0.421,Yes
1288,Amin Tannery Limited,AMINTAN.BO,22.96,0.691,1.933,Yes
1289,Punjab National Bank,PNB.NS,9.22,0.294,1.604,Yes
1290,Galaxy Bearings Limited,GALXBRG.BO,22.13,0.669,0.799,Yes
1291,Cyient Limited,CYIENT.BO,17.58,0.543,1.098,Yes
1292,Mirae Asset Mutual Fund - Mirae Asset Nifty India Internet Etf,INTERNET.BO,7.75,0.25,1.096,Yes
1293,GCM Commodity & Derivatives Limited,GCMCOMM.BO,22.03,0.67,1.103,Yes
1294,Imagicaaworld Entertainment Limited,IMAGICAA.BO,13.62,0.428,1.024,Yes
1295,TVS Holdings Limited,TVSHLTD.BO,9.31,0.298,0.834,Yes
1296,Kriti Nutrients Limited,KRITINUT.BO,34.62,1.005,2.809,Yes
1297,USG Tech Solutions Limited,USGTECH.BO,26.99,0.809,2.687,Yes
1298,Associated Coaters Limited,ASSOCIATED.BO,19.66,0.606,1.805,Yes
1299,Stallion India Fluorochemicals Limited,STALLION.BO,36.56,1.059,2.938,Yes
1300,AXISCADES Technologies Limited,AXISCADES.BO,14.7,0.463,0.386,Yes
1301,Mahindra Lifespace Developers Limited,MAHLIFE.NS,10.95,0.351,1.947,Yes
1302,Stallion India Fluorochemicals Limited,STALLION.NS,36.42,1.057,2.917,Yes
1303,Timken India Limited,TIMKEN.BO,8.26,0.268,0.356,Yes
1304,D. P. Abhushan Limited,DPABHUSHAN.NS,18.2,0.57,1.943,Yes
1305,Aksh Optifibre Limited,AKSHOPTFBR.NS,24.86,0.764,2.131,Yes
1306,Mahindra Lifespace Developers Limited,MAHLIFE.BO,10.68,0.347,1.914,Yes
1307,Jindal Drilling & Industries Limited,JINDRILL.NS,10.49,0.343,0.41,Yes
1308,Galaxy Surfactants Limited,GALAXYSURF.NS,13.85,0.447,1.874,Yes
1309,ANG Lifesciences India Limited,ANG.BO,31.36,0.945,3.552,Yes
1310,D. P. Abhushan Limited,DPABHUSHAN.BO,17.68,0.563,1.928,Yes
1311,Encode Packaging India Limited,ENCODE.BO,10.75,0.352,0.991,Yes
1312,Cochin Minerals and Rutile Limited,COCHINM.BO,20.43,0.645,2.338,Yes
1313,Banka BioLoo Limited,BANKA.NS,37.79,1.124,4.184,Yes
1314,Anand Rathi Share and Stock Brokers Limited,ARSSBL.BO,22.96,0.722,3.099,Yes
1315,Bizotic Commercial Limited,BIZOTIC.BO,20.13,0.64,0.986,Yes
1316,Almondz Global Securities Limited,ALMONDZ.BO,22.43,0.708,3.218,Yes
1317,Alfa Ica (India) Limited,ALFAICA.BO,7.09,0.239,0.673,No
1318,Speciality Restaurants Limited,SPECIALITY.BO,12.49,0.413,1.693,Yes
1319,TVS Holdings Limited,TVSHLTD.NS,8.81,0.297,0.842,Yes
1320,Archidply Industries Limited,ARCHIDPLY.NS,17.22,0.562,1.842,Yes
1321,Jay Shree Tea & Industries Limited,JAYSREETEA.BO,12.34,0.412,1.326,Yes
1322,The Waterbase Limited,WATERBASE.BO,17.81,0.583,2.102,Yes
1323,Hardcastle and Waud Manufacturing Company Limited,HARDCAS.BO,8.69,0.295,0.394,Yes
1324,Bright Outdoor Media Limited,BRIGHT.BO,6.75,0.232,0.373,Yes
1325,Godrej Properties Limited,GODREJPROP.NS,14.62,0.486,2.227,Yes
1326,Speciality Restaurants Limited,SPECIALITY.NS,12.42,0.417,1.737,Yes
1327,Jayant Agro-Organics Limited,JAYAGROGN.NS,14.13,0.474,1.648,Yes
1328,Aarti Pharmalabs Limited,AARTIPHARM.NS,15.84,0.527,1.583,Yes
1329,Birla Precision Technologies Limited,BIRLAPREC.BO,24.07,0.776,1.349,Yes
1330,NIIT Limited,NIITLTD.NS,24.44,0.787,3.188,Yes
1331,Total Transport Systems Limited,TOTAL.NS,20.11,0.659,1.625,Yes
1332,Almondz Global Securities Limited,ALMONDZ.NS,22.04,0.718,3.243,Yes
1333,Worth Peripherals Limited,WORTHPERI.NS,8.35,0.288,1.302,Yes
1334,Systematic Industries Limited,SYSTEMATIC.BO,34.15,1.069,4.024,Yes
1335,Aarti Pharmalabs Limited,AARTIPHARM.BO,15.71,0.529,1.647,Yes
1336,TVS Supply Chain Solutions Limited,TVSSCS.BO,15.09,0.511,1.971,Yes
1337,Crest Ventures Limited,CREST.BO,7.05,0.247,1.223,Yes
1338,TVS Supply Chain Solutions Limited,TVSSCS.NS,15.0,0.509,1.963,Yes
1339,Sundaram Brake Linings Limited,SUNDRMBRAK.NS,16.28,0.55,2.122,Yes
1340,Electrotherm (India) Limited,ELECTHERM.BO,19.85,0.661,2.494,Yes
1341,Hardwyn India Limited,HARDWYN.BO,20.57,0.683,0.639,Yes
1342,63 moons technologies limited,63MOONS.BO,28.88,0.93,3.846,Yes
1343,Sambhaav Media Limited,SAMBHAAV.NS,23.02,0.759,3.625,Yes
1344,Country Condo's Limited,COUNCODOS.NS,16.63,0.563,2.501,Yes
1345,Bandhan Bank Limited,BANDHANBNK.BO,17.35,0.586,1.864,Yes
1346,Kiri Industries Limited,KIRIINDUS.BO,20.79,0.692,2.227,Yes
1347,Hittco Tools Limited,HITTCO.BO,12.5,0.431,1.168,Yes
1348,Country Condo's Limited,COUNCODOS.BO,16.61,0.565,2.44,Yes
1349,Sambhaav Media Limited,SAMBHAAV.BO,22.91,0.763,3.685,Yes
1350,63 moons technologies limited,63MOONS.NS,28.3,0.925,3.812,Yes
1351,CCME Global Limited,CCME.BO,57.75,1.707,1.693,Yes
1352,Bandhan Bank Limited,BANDHANBNK.NS,17.07,0.584,1.857,Yes
1353,Kiri Industries Limited,KIRIINDUS.NS,20.39,0.69,2.206,Yes
1354,Tijaria Polypipes Limited,TIJARIA.NS,15.15,0.524,1.02,Yes
1355,Electrotherm (India) Limited,ELECTHERM.NS,19.46,0.662,2.52,Yes
1356,Captain Polyplast Limited,CPL.BO,22.99,0.774,3.535,Yes
1357,Motilal Oswal Nifty Realty ETF,MOREALTY.NS,10.44,0.37,1.953,Yes
1358,Hardwyn India Limited,HARDWYN.NS,20.07,0.688,0.632,Yes
1359,Action Construction Equipment Limited,ACE.NS,10.17,0.363,1.566,Yes
1360,Action Construction Equipment Limited,ACE.BO,10.16,0.363,1.566,Yes
1361,Silver Oak (India) Limited,SILVOAK.BO,17.35,0.602,1.344,Yes
1362,Popular Foundations Limited,PFL.BO,10.08,0.361,1.597,Yes
1363,Nitiraj Engineers Limited,NITIRAJ.NS,9.07,0.327,0.58,Yes
1364,Market Creators Limited,MKTCREAT.BO,9.76,0.351,1.359,Yes
1365,Hindustan Media Ventures Limited,HMVL.BO,13.63,0.483,1.609,Yes
1366,VXL Instruments Limited,VXLINSTR.BO,12.37,0.441,0.955,Yes
1367,Shree Steel Wire Ropes Limited,SSWRL.BO,23.65,0.811,1.129,Yes
1368,Containe Technologies Limited,CONTAINE.BO,76.23,2.21,7.696,Yes
1369,S P Capital Financing Limited,SPCAPIT.BO,10.48,0.381,1.618,Yes
1370,eClerx Services Limited,ECLERX.BO,17.92,0.633,1.31,Yes
1371,Saregama India Limited,SAREGAMA.NS,10.77,0.392,0.349,Yes
1372,AMD Industries Limited,AMDIND.NS,12.89,0.465,1.625,Yes
1373,Faze Three Limited,FAZE3Q.NS,15.1,0.542,1.314,Yes
1374,Faze Three Limited,FAZE3Q.BO,15.2,0.547,1.246,Yes
1375,Mysore Petro Chemicals Limited,MYSORPETRO.BO,10.75,0.395,1.019,Yes
1376,Jayant Agro-Organics Limited,JAYAGROGN.BO,12.52,0.456,1.627,Yes
1377,Groww Nifty Realty ETF,GROWWRLTY.NS,11.5,0.422,2.157,Yes
1378,Supra Pacific Financial Services Limited,SUPRAPFSL.BO,11.15,0.41,0.561,No
1379,Gyan Developers and Builders Limited,GYANDEV.BO,29.34,1.007,1.66,No
1380,STL Networks Limited,STLNETWORK.NS,26.15,0.912,2.706,Yes
1381,eClerx Services Limited,ECLERX.NS,17.34,0.626,1.311,Yes
1382,Sundaram Brake Linings Limited,SUNDRMBRAK.BO,14.55,0.533,1.966,Yes
1383,BHARAT 22 ETF,ICICIB22.NS,4.79,0.183,0.832,Yes
1384,The New India Assurance Company Limited,NIACL.BO,13.71,0.506,2.093,Yes
1385,Shilchar Technologies Limited,SHILCTECH.NS,20.36,0.731,2.95,Yes
1386,Dhruva Capital Services Limited,DHRUVCA.BO,32.31,1.11,0.439,No
1387,Kriti Nutrients Limited,KRITINUT.NS,29.09,1.013,2.971,Yes
1388,Aztec Fluids & Machinery Limited,AZTEC.BO,13.94,0.516,1.941,Yes
1389,Kanchi Karpooram Limited,KANCHI.BO,10.19,0.384,1.161,Yes
1390,Regaal Resources Limited,REGAAL.NS,15.14,0.559,1.714,Yes
1391,Jay Shree Tea & Industries Limited,JAYSREETEA.NS,10.63,0.4,1.393,Yes
1392,The New India Assurance Company Limited,NIACL.NS,13.68,0.509,2.102,Yes
1393,Oricon Enterprises Limited,ORICONENT.NS,6.77,0.26,0.085,Yes
1394,Yuken India Limited,YUKEN.BO,17.36,0.638,1.976,Yes
1395,Minolta Finance Limited,MINOLTAF.BO,16.34,0.606,1.435,No
1396,Shivamshree Businesses Limited,SBL.BO,26.13,0.933,3.476,No
1397,Saint-Gobain Sekurit India Limited,SEKURITIND.BO,9.58,0.366,1.02,Yes
1398,Bharat Electronics Limited,BEL.NS,6.02,0.234,0.56,Yes
1399,STL Networks Limited,STLNETWORK.BO,25.04,0.905,2.697,Yes
1400,La Tim Metal & Industries Limited,LATIMMETAL.BO,13.64,0.516,1.497,Yes
1401,Usha Martin Education & Solutions Limited,UMESLTD.BO,19.37,0.716,3.199,No
1402,AMD Industries Limited,AMDIND.BO,11.41,0.439,1.631,Yes
1403,Yuken India Limited,YUKEN.NS,16.37,0.617,1.946,Yes
1404,Modella Woollens Limited,MODWOOL.BO,9.63,0.374,1.003,Yes
1405,Bosch Home Comfort India Limited,BOSCH-HCIL.BO,14.71,0.561,2.131,Yes
1406,Hasti Finance Limited,HASTIFIN.BO,17.59,0.665,0.143,No
1407,Sterling Powergensys Limited,STERPOW.BO,26.24,0.959,3.98,Yes
1408,Shalimar Paints Limited,SHALPAINTS.BO,20.72,0.775,2.867,Yes
1409,SSPDL Limited,SSPDL.BO,30.05,1.085,2.18,Yes
1410,CLN Energy Limited,CLN.BO,18.11,0.686,2.676,Yes
1411,Urban Company Limited,URBANCO.NS,14.88,0.572,0.363,Yes
1412,Shalimar Paints Limited,SHALPAINTS.NS,20.24,0.762,2.836,Yes
1413,Regaal Resources Limited,REGAAL.BO,14.8,0.571,1.722,Yes
1414,Orient Press Limited,ORIENTLTD.BO,9.93,0.391,1.581,Yes
1415,Five-Star Business Finance Limited,FIVESTAR.NS,14.96,0.578,2.742,Yes
1416,Urban Company Limited,URBANCO.BO,14.92,0.577,0.379,Yes
1417,The Indian Hotels Company Limited,INDHOTEL.NS,6.29,0.253,1.319,Yes
1418,Hero MotoCorp Limited,HEROMOTOCO.NS,6.43,0.259,0.892,Yes
1419,Five-Star Business Finance Limited,FIVESTAR.BO,14.8,0.577,2.735,Yes
1420,Bosch Home Comfort India Limited,BOSCH-HCIL.NS,13.91,0.548,2.041,Yes
1421,MSR India Limited,MSRINDIA.BO,21.66,0.829,1.205,No
1422,Atlantaa Limited,ATLANTAA.NS,13.55,0.542,1.987,Yes
1423,Automotive Axles Limited,AUTOAXLES.BO,9.25,0.378,1.855,Yes
1424,Atlantaa Limited,ATLANTAA.BO,13.74,0.553,2.061,Yes
1425,Pritika Auto Industries Limited,PRITIKAUTO.NS,10.76,0.44,1.881,Yes
1426,Mirae Asset Nifty India New Age Consumption ETF,CONSUMER.NS,5.49,0.231,1.231,Yes
1427,Subhash Silk Mills Limited,SUBSM.BO,23.12,0.908,2.264,Yes
1428,Adarsh Plant Protect Limited,ADARSHPL.BO,11.21,0.462,1.668,Yes
1429,New Light Industries Limited,NEWLIGHT.BO,17.77,0.714,2.481,Yes
1430,Sri Lotus Developers and Realty Limited,LOTUSDEV.BO,16.59,0.673,2.933,Yes
1431,Sical Logistics Limited,SICALLOG.NS,15.28,0.63,0.704,Yes
1432,Cranes Software International Limited,CRANESSOFT.BO,17.9,0.733,0.885,Yes
1433,Sri Lotus Developers and Realty Limited,LOTUSDEV.NS,16.25,0.674,2.937,Yes
1434,Ontic Finserve Limited,ONTIC.BO,27.21,1.083,2.837,Yes
1435,TTK Healthcare Limited,TTKHLTCARE.NS,9.39,0.402,1.772,Yes
1436,Crimson Metal Engineering Company Limited,CRIMSON.BO,12.65,0.535,0.171,Yes
1437,Aspinwall and Company Limited,ASPINWALL.NS,6.99,0.303,0.467,Yes
1438,Jubilant Agri and Consumer Products Limited,JUBLCPL.NS,12.03,0.511,1.377,Yes
1439,Lee & Nee Softwares (Exports) Ltd.,LEENEE.BO,11.4,0.487,0.785,Yes
1440,Pritika Auto Industries Limited,PRITIKAUTO.BO,10.2,0.438,1.874,Yes
1441,Sakthi Sugars Limited,SAKHTISUG.BO,13.01,0.554,1.638,Yes
1442,TTK Healthcare Limited,TTKHLTCARE.BO,9.42,0.407,1.779,Yes
1443,Linde India Limited,LINDEINDIA.BO,4.34,0.192,0.006,Yes
1444,Bhartiya International Ltd.,BIL.BO,8.28,0.36,0.975,Yes
1445,Linde India Limited,LINDEINDIA.NS,4.29,0.19,0.031,No
1446,Ice Make Refrigeration Limited,ICEMAKE.NS,9.59,0.415,1.511,Yes
1447,Sakthi Sugars Limited,SAKHTISUG.NS,12.89,0.554,1.705,Yes
1448,Aeroflex Neu Limited,AERONEU.BO,7.78,0.343,0.193,No
1449,Premier Energies Limited,PREMIERENE.NS,8.79,0.391,0.458,No
1450,Shanthi Gears Limited,SHANTIGEAR.NS,8.02,0.358,0.338,Yes
1451,Shubham Polyspin Limited,SHUBHAM.BO,20.01,0.854,2.395,Yes
1452,Patels Airtemp (India) Limited,PATELSAI.BO,22.77,0.968,3.441,Yes
1453,De Nora India Limited,DENORA.NS,11.62,0.518,1.349,Yes
1454,Faalcon Concepts Limited,FAALCON.BO,11.69,0.523,0.931,Yes
1455,LG Electronics India Limited,LGEINDIA.BO,6.04,0.277,0.831,Yes
1456,NAPS Global India Limited,NAPSGLOBAL.BO,10.03,0.453,1.163,Yes
1457,Hindustan Bio Sciences Limited,HINDBIO.BO,11.76,0.53,0.603,No
1458,Info Edge (India) Limited,NAUKRI.BO,8.1,0.372,0.644,Yes
1459,LG Electronics India Limited,LGEINDIA.NS,6.03,0.279,0.843,Yes
1460,Shah Metacorp Limited,SHAH.BO,11.76,0.532,1.053,Yes
1461,Optiemus Infracom Limited,OPTIEMUS.NS,17.28,0.766,3.375,Yes
1462,Optiemus Infracom Limited,OPTIEMUS.BO,17.22,0.764,3.358,Yes
1463,Dachepalli Publishers Limited,DACHEPALLI.BO,18.69,0.829,3.439,Yes
1464,GHV Infra Projects Limited,GHVINFRA.BO,19.37,0.857,2.12,Yes
1465,Crestchem Limited,CRSTCHM.BO,14.2,0.642,2.445,Yes
1466,Shanthi Gears Limited,SHANTIGEAR.BO,7.85,0.365,0.327,Yes
1467,Amanaya Ventures Limited,AMANAYA.BO,13.0,0.594,0.077,Yes
1468,Choice International Limited,CHOICEIN.NS,6.67,0.314,1.582,Yes
1469,Mirae Asset BSE Select IPO ETF,SELECTIPO.NS,4.68,0.224,1.069,Yes
1470,Choice International Limited,CHOICEIN.BO,6.61,0.314,1.584,Yes
1471,Munoth Financial Services Limited,MUNOTHFI.BO,20.98,0.941,2.748,Yes
1472,Shah Metacorp Limited,SHAH.NS,11.26,0.529,1.106,Yes
1473,Rane Holdings Limited,RANEHOLDIN.BO,9.43,0.448,1.218,Yes
1474,Parag Milk Foods Limited,PARAGMILK.BO,11.39,0.537,1.907,Yes
1475,CEAT Limited,CEATLTD.NS,5.62,0.274,1.103,Yes
1476,Bhartiya International Ltd.,BIL.NS,7.51,0.363,0.961,Yes
1477,De Nora India Limited,DENORA.BO,10.21,0.492,1.28,Yes
1478,Bengal Tea & Fabrics Limited,BENGALT.BO,5.77,0.285,1.091,Yes
1479,Expleo Solutions Limited,EXPLEOSOL.NS,9.58,0.47,1.724,Yes
1480,EPack Prefab Technologies Limited,EPACKPEB.NS,20.21,0.952,4.679,Yes
1481,Usha Martin Education & Solutions Limited,UMESLTD.NS,14.24,0.691,3.19,No
1482,Parag Milk Foods Limited,PARAGMILK.NS,10.71,0.53,1.9,Yes
1483,EPack Prefab Technologies Limited,EPACKPEB.BO,19.91,0.95,4.674,Yes
1484,Lux Industries Limited,LUXIND.BO,16.69,0.808,2.596,Yes
1485,Panthaora Limited,JMGCORP.BO,7.68,0.386,0.892,No
1486,Lux Industries Limited,LUXIND.NS,16.56,0.802,2.581,Yes
1487,Indag Rubber Limited,INDAG.BO,7.91,0.398,1.215,Yes
1488,Vineet Laboratories Limited,VINEETLAB.NS,10.24,0.511,1.778,Yes
1489,Superior Finlease Limited,SUPERIOR.BO,7.86,0.396,0.182,No
1490,Libord Securities Limited,LIBORD.BO,11.69,0.58,0.678,Yes
1491,Mayank Cattle Food Limited,MCFL.BO,9.85,0.493,1.484,Yes
1492,Expleo Solutions Limited,EXPLEOSOL.BO,9.28,0.467,1.692,Yes
1493,Elgi Rubber Company Limited,ELGIRUBCO.NS,17.38,0.846,3.049,Yes
1494,Patel Retail Limited,PATELRMART.NS,12.86,0.639,2.458,Yes
1495,Oil Country Tubular Limited,OILCOUNTUB.NS,18.08,0.88,3.419,Yes
1496,Justo Realfintech Limited,JUSTO.BO,14.68,0.725,2.68,Yes
1497,Greenply Industries Limited,GREENPLY.BO,12.95,0.645,2.752,Yes
1498,Info Edge (India) Limited,NAUKRI.NS,7.23,0.369,0.708,Yes
1499,A2Z Infra Engineering Limited,A2ZINFRA.NS,9.15,0.464,0.988,Yes
1500,MAS Financial Services Limited,MASFIN.NS,5.97,0.308,1.478,Yes
1501,Tejas Networks Limited,TEJASNET.NS,12.02,0.606,0.451,Yes
1502,Greenply Industries Limited,GREENPLY.NS,12.82,0.644,2.741,Yes
1503,Tejas Networks Limited,TEJASNET.BO,11.97,0.604,0.421,Yes
1504,Bharat Petroleum Corporation Limited,BPCL.NS,6.65,0.346,1.72,Yes
1505,Delhivery Limited,DELHIVERY.BO,3.99,0.21,0.603,Yes
1506,Sunil Healthcare Limited,SUNLOC.BO,5.37,0.282,0.331,Yes
1507,IndoStar Capital Finance Limited,INDOSTAR.NS,5.85,0.307,0.85,Yes
1508,Vineet Laboratories Limited,VINEETLAB.BO,9.77,0.506,1.764,Yes
1509,Shrydus Industries Limited,SHRYDUS.BO,13.05,0.667,2.196,Yes
1510,ABM Knowledgeware Limited,ABMKNO.BO,13.6,0.695,2.322,Yes
1511,GMM Pfaudler Limited,GMMPFAUDLR.NS,9.33,0.487,1.816,Yes
1512,7Seas Entertainment Limited,7SEASL.BO,5.25,0.279,0.101,Yes
1513,GMM Pfaudler Limited,GMMPFAUDLR.BO,9.15,0.482,1.798,Yes
1514,Rane Holdings Limited,RANEHOLDIN.NS,8.59,0.454,1.195,Yes
1515,Oil and Natural Gas Corporation Limited,ONGC.NS,4.79,0.258,0.054,Yes
1516,Epsom Properties Limited,EPSOMPRO.BO,13.37,0.696,1.596,Yes
1517,Shiva Texyarn Limited,SHIVATEX.NS,10.04,0.53,2.341,Yes
1518,Ceeta Industries Ltd.,CEETAIN.BO,6.75,0.366,0.206,Yes
1519,Arisinfra Solutions Limited,ARIS.NS,12.04,0.639,2.343,Yes
1520,A2Z Infra Engineering Limited,A2ZINFRA.BO,8.38,0.456,0.87,Yes
1521,Kirloskar Brothers Limited,KIRLOSBROS.NS,8.92,0.489,1.732,Yes
1522,Arisinfra Solutions Limited,ARIS.BO,11.91,0.645,2.383,Yes
1523,BCPL Railway Infrastructure Limited,BCPL.NS,8.26,0.456,2.543,Yes
1524,Jumbo Bag Limited,JUMBO.BO,12.42,0.674,2.022,Yes
1525,Bhilwara Technical Textiles Limited,BTTL.BO,8.0,0.443,1.287,Yes
1526,Dr. Agarwal's Health Care Limited,AGARWALEYE.NS,4.81,0.271,0.855,Yes
1527,Caprihans India Limited,CAPRIHANS.BO,15.76,0.854,2.126,Yes
1528,Kaira Can Company Limited,KAIRA.BO,7.98,0.449,2.013,Yes
1529,Premier Energies Limited,PREMIERENE.BO,6.89,0.389,0.435,No
1530,Brigade Enterprises Limited,BRIGADE.BO,8.63,0.485,1.632,Yes
1531,Tijaria Polypipes Limited,TIJARIA.BO,8.95,0.503,1.029,Yes
1532,Brigade Enterprises Limited,BRIGADE.NS,8.59,0.485,1.661,Yes
1533,Panchmahal Steel Limited,PANCHMAHQ.BO,5.19,0.298,1.353,Yes
1534,Repco Home Finance Limited,REPCOHOME.NS,5.49,0.318,1.384,Yes
1535,Real Eco-Energy Limited,REALECO.BO,6.37,0.367,1.017,Yes
1536,Vidhi Specialty Food Ingredients Limited,VIDHIING.NS,5.05,0.294,0.972,Yes
1537,Jash Engineering Limited,JASH.NS,7.63,0.44,1.845,Yes
1538,Supershakti Metaliks Limited,SUPERSHAKT.BO,5.71,0.335,1.31,Yes
1539,Hindustan Construction Company Limited,HCC.NS,14.69,0.833,2.495,Yes
1540,Adroit Infotech Limited,ADROITINFO.BO,7.4,0.435,1.968,Yes
1541,Delhivery Limited,DELHIVERY.NS,3.49,0.209,0.595,Yes
1542,Jash Engineering Limited,JASH.BO,7.37,0.436,1.86,Yes
1543,Repco Home Finance Limited,REPCOHOME.BO,5.37,0.32,1.36,Yes
1544,Godawari Power & Ispat Limited,GPIL.NS,6.02,0.359,0.31,Yes
1545,Bajaj Finserv Ltd.,BAJAJFINSV.NS,4.54,0.274,1.329,Yes
1546,ICICI PR NIF LW VL 30 ETF,LOWVOLIETF.NS,2.52,0.154,0.875,Yes
1547,Dr. Agarwal's Health Care Limited,AGARWALEYE.BO,4.37,0.265,0.861,Yes
1548,Sihora Industries Limited,SIHORA.BO,5.5,0.332,1.305,Yes
1549,Radhagobind Commercial Limited,RCL.BO,13.34,0.782,2.822,No
1550,Motilal Oswal Nifty PSE ETF,MOPSE.NS,2.83,0.174,0.706,Yes
1551,IndoStar Capital Finance Limited,INDOSTAR.BO,4.99,0.306,0.827,Yes
1552,Greaves Cotton Limited,GREAVESCOT.NS,10.33,0.619,2.683,Yes
1553,Motisons Jewellers Limited,MOTISONS.NS,12.31,0.732,2.57,Yes
1554,Godawari Power & Ispat Limited,GPIL.BO,5.87,0.359,0.285,Yes
1555,Mangalam Organics Limited,MANORG.BO,8.15,0.496,1.097,Yes
1556,Nikki Global Finance Limited,NIKKIGL.BO,6.97,0.43,0.965,No
1557,Bajaj Finserv Ltd.,BAJAJFINSV.BO,4.38,0.274,1.33,Yes
1558,WPIL Limited,WPIL.BO,6.21,0.387,1.476,Yes
1559,HCL Technologies Limited,HCLTECH.NS,6.67,0.416,0.39,Yes
1560,Motisons Jewellers Limited,MOTISONS.BO,11.85,0.726,2.559,Yes
1561,Tulasee Bio-Ethanol Limited,TULASEEBIOE.BO,26.43,1.53,3.588,Yes
1562,IntraSoft Technologies Limited,ISFT.NS,8.9,0.554,2.012,Yes
1563,Laxmi India Finance Limited,LAXMIINDIA.BO,13.34,0.816,3.308,Yes
1564,Bimetal Bearings Limited,BIMETAL.BO,3.57,0.228,0.77,Yes
1565,Nibe Limited,NIBE.NS,10.52,0.651,1.12,Yes
1566,Nibe Limited,NIBE.BO,10.48,0.649,1.113,Yes
1567,City Online Services Limited,CITYONLINE.BO,15.9,0.967,2.413,Yes
1568,Neeraj Paper Marketing Limited,NEERAJ.BO,5.31,0.338,1.058,Yes
1569,Krishanveer Forge Limited,KVFORGE.BO,5.76,0.367,1.03,Yes
1570,Eternal Limited,ETERNAL.NS,4.23,0.271,0.682,Yes
1571,Longspur International Ventures Limited,LONGSPUR.BO,10.27,0.642,2.414,Yes
1572,Rajapalayam Mills Limited,RAJPALAYAM.NS,1.72,0.114,0.561,Yes
1573,Parker Agrochem Exports Ltd.,PARKERAC.BO,9.3,0.596,0.283,No
1574,Suyog Telematics Limited,SUYOG.NS,8.07,0.52,1.409,Yes
1575,Sigma Solve Limited,SIGMA.NS,9.66,0.621,2.194,Yes
1576,Laxmi India Finance Limited,LAXMIINDIA.NS,12.89,0.82,3.28,Yes
1577,Vidhi Specialty Food Ingredients Limited,VIDHIING.BO,4.79,0.316,1.031,Yes
1578,Eternal Limited,ETERNAL.BO,4.07,0.27,0.675,Yes
1579,Velan Hotels Limited,VELHO.BO,9.94,0.645,0.188,No
1580,Sheela Foam Limited,SFL.NS,7.4,0.486,1.292,Yes
1581,RSD Finance Limited,RSDFIN.BO,7.4,0.486,1.054,Yes
1582,Intec Capital Limited,INTECCAP.BO,7.0,0.463,0.31,Yes
1583,Adroit Infotech Limited,ADROITINFO.NS,6.21,0.414,1.958,Yes
1584,Borosil Scientific Limited,BOROSCI.BO,7.6,0.505,0.451,Yes
1585,Cineline India Limited,CINELINE.BO,3.79,0.258,1.074,Yes
1586,HDFC NIFTY Growth Sectors 15 ETF,HDFCGROWTH.NS,2.67,0.183,0.886,Yes
1587,Dhyaani Tradeventtures Limited,DHYAANITR.BO,11.61,0.773,2.076,Yes
1588,D-Link (India) Limited,DLINKINDIA.NS,4.25,0.292,1.038,Yes
1589,Madhur Industries Limited,MADHURIND.BO,13.41,0.893,0.151,No
1590,Sambandam Spinning Mills Limited,SAMBANDAM.BO,3.87,0.269,0.618,Yes
1591,Borosil Scientific Limited,BOROSCI.NS,7.36,0.503,0.459,Yes
1592,Mold-Tek Packaging Limited,MOLDTKPAC.BO,6.6,0.453,1.107,Yes
1593,Sheela Foam Limited,SFL.BO,7.07,0.485,1.273,Yes
1594,Ascensive Educare Limited,ASCENSIVE.BO,4.07,0.284,0.729,Yes
1595,The Western India Plywoods Limited,WIPL.NS,3.6,0.253,0.672,Yes
1596,Space Incubatrics Technologies Limited,SPACEINCUBA.BO,10.59,0.73,2.613,Yes
1597,Mold-Tek Packaging Limited,MOLDTKPAC.NS,6.43,0.451,1.063,Yes
1598,Marc Loire Fashions Limited,MARCLOIRE.BO,18.73,1.254,2.254,Yes
1599,Suyog Telematics Limited,SUYOG.BO,7.55,0.532,1.444,Yes
1600,D-Link (India) Limited,DLINKINDIA.BO,4.07,0.296,1.039,Yes
1601,Jubilant Agri and Consumer Products Limited,JUBLCPL.BO,6.62,0.478,1.321,Yes
1602,NOCIL Limited,NOCIL.NS,4.68,0.34,0.465,Yes
1603,Orient Press Limited,ORIENTLTD.NS,5.39,0.391,1.645,Yes
1604,Max Financial Services Limited,MFSL.NS,4.07,0.299,0.902,Yes
1605,Shri Balaji Valve Components Limited,SBVCL.BO,10.2,0.736,2.763,Yes
1606,Sampann Utpadan India Limited,SAMPANN.BO,8.72,0.638,1.989,Yes
1607,Mangalam Organics Limited,MANORG.NS,6.49,0.481,0.87,Yes
1608,Octal Credit Capital Limited,OCTAL.BO,5.68,0.424,0.514,No
1609,Knowledge Realty Trust,KRT.BO,1.78,0.135,0.555,Yes
1610,HCL Technologies Limited,HCLTECH.BO,5.49,0.415,0.41,Yes
1611,Sumitomo Chemical India Limited,SUMICHEM.NS,5.96,0.449,0.705,Yes
1612,Ramco Industries Limited,RAMCOIND.NS,4.79,0.363,1.446,Yes
1613,Cosmo Ferrites Limited,COSMOFE.BO,10.61,0.789,2.349,Yes
1614,Signpost India Limited,SIGNPOST.BO,5.61,0.428,0.624,Yes
1615,Likhitha Infrastructure Limited,LIKHITHA.NS,9.3,0.701,1.415,Yes
1616,3C IT Solutions & Telecoms (India) Limited,3CIT.BO,6.44,0.495,0.427,Yes
1617,Ramco Industries Limited,RAMCOIND.BO,4.66,0.363,1.43,Yes
1618,DMCC Speciality Chemicals Limited,DMCC.NS,6.72,0.52,1.784,Yes
1619,Adeshwar Meditex Limited,ADESHWAR.BO,5.01,0.391,0.281,No
1620,United Leasing & Industries Limited,UNTTEMI.BO,5.29,0.414,0.487,No
1621,Vaarad Ventures Limited,VAARAD.BO,4.96,0.391,2.069,Yes
1622,Ginni Filaments Limited,GINNIFILA.NS,5.88,0.463,1.646,Yes
1623,Shekhawati Industries Limited,SHEKHAWATI.NS,13.65,1.046,3.699,Yes
1624,Max Financial Services Limited,MFSL.BO,3.74,0.3,0.895,Yes
1625,Coromandel Engineering Company Limited,COROENGG.BO,12.16,0.94,0.684,No
1626,Sumitomo Chemical India Limited,SUMICHEM.BO,5.59,0.445,0.699,Yes
1627,Venlon Enterprises Limited,VENLONENT.BO,8.29,0.654,0.768,Yes
1628,Indian Oil Corporation Limited,IOC.NS,4.57,0.368,1.591,Yes
1629,Likhitha Infrastructure Limited,LIKHITHA.BO,8.78,0.695,1.403,Yes
1630,Vadilal Enterprises Limited,VADILENT.BO,1.5,0.124,0.108,Yes
1631,P N Gadgil Jewellers Limited,PNGJL.NS,5.69,0.462,1.601,Yes
1632,Amber Enterprises India Limited,AMBER.NS,7.1,0.576,1.424,Yes
1633,Amber Enterprises India Limited,AMBER.BO,7.07,0.576,1.418,Yes
1634,El Forge Limited,ELFORGE.BO,5.54,0.454,1.112,Yes
1635,Ludlow Jute & Specialities Limited,LUDLOWJUT.BO,11.22,0.9,2.435,Yes
1636,P N Gadgil Jewellers Limited,PNGJL.BO,5.66,0.466,1.669,Yes
1637,Rajshree Sugars & Chemicals Limited,RAJSREESUG.NS,5.94,0.491,0.481,Yes
1638,Sampann Utpadan India Limited,SAMPANN.NS,7.64,0.626,2.129,Yes
1639,Alpine Housing Development Corporation Limited,ALPINEHOU.BO,8.14,0.666,1.696,Yes
1640,APT Packaging Limited,APTPACK.BO,10.49,0.856,3.008,No
1641,Manba Finance Limited,MANBA.NS,4.83,0.405,1.593,Yes
1642,Nam Securities Limited,NAM.BO,7.82,0.651,1.144,No
1643,Prabha Energy Limited,PRABHA.NS,6.57,0.551,0.872,Yes
1644,KMF Builders and Developers Limited,KMFBLDR.BO,8.3,0.693,1.65,Yes
1645,Vimta Labs Limited,VIMTALABS.BO,6.78,0.576,1.889,Yes
1646,DMCC Speciality Chemicals Limited,DMCC.BO,5.81,0.499,1.72,Yes
1647,Prakash Pipes Limited,PPL.BO,9.22,0.785,2.143,Yes
1648,Chd Chemicals Limited,CHDCHEM.BO,3.78,0.331,0.373,Yes
1649,Harrisons Malayalam Limited,HARRMALAYA.NS,5.12,0.453,1.402,Yes
1650,Vimta Labs Limited,VIMTALABS.NS,6.52,0.574,1.893,Yes
1651,Active Clothing Co Limited,ACTIVE.BO,7.57,0.677,1.845,Yes
1652,Blue Jet Healthcare Limited,BLUEJET.NS,6.7,0.605,2.667,Yes
1653,Consecutive Commodities Limited,CCDL.BO,6.22,0.566,2.443,Yes
1654,Bajel Projects Limited,BAJEL.NS,5.34,0.491,1.592,Yes
1655,International Gemological Institute Limited,IGIL.BO,2.04,0.192,0.3,Yes
1656,Vision Corporation Limited,VISIONCO.BO,5.65,0.527,0.35,Yes
1657,LKP Securities Limited,LKPSEC.BO,10.63,0.971,3.569,Yes
1658,Prabha Energy Limited,PRABHA.BO,5.78,0.541,0.806,Yes
1659,Ashnoor Textile Mills Limited,ASHNOOR.BO,3.17,0.304,1.23,Yes
1660,Bajel Projects Limited,BAJEL.BO,5.18,0.493,1.6,Yes
1661,Natraj Proteins Limited,NATRAJPR.BO,2.76,0.265,0.242,No
1662,HT Media Limited,HTMEDIA.NS,3.94,0.379,1.445,Yes
1663,Kirloskar Industries Limited,KIRLOSIND.NS,5.23,0.501,1.816,Yes
1664,Oasis Securities Limited,OASISEC.BO,10.54,0.987,2.783,Yes
1665,International Gemological Institute Limited,IGIL.NS,1.92,0.187,0.315,Yes
1666,Industrial And Prudential Investment Company Limited,INDPRUD.BO,3.4,0.329,0.492,Yes
1667,JSW Energy Limited,JSWENERGY.BO,2.68,0.261,0.554,Yes
1668,QGO Finance Limited,QGO.BO,3.12,0.305,1.141,Yes
1669,Ginni Filaments Limited,GINNIFILA.BO,4.75,0.462,1.543,Yes
1670,Blue Jet Healthcare Limited,BLUEJET.BO,6.22,0.601,2.648,Yes
1671,Umiya Tubes Limited,UMIYA.BO,5.99,0.598,0.51,Yes
1672,V. B. Industries Limited,VBIND.BO,5.43,0.545,1.815,Yes
1673,Deepak Fertilisers And Petrochemicals Corporation Limited,DEEPAKFERT.NS,5.33,0.535,1.803,Yes
1674,Gujarat Containers Limited,GUJCONT.BO,3.17,0.322,0.216,Yes
1675,Signpost India Limited,SIGNPOST.NS,4.09,0.414,0.617,Yes
1676,Astal Laboratories Limited,ASTALLTD.BO,4.05,0.414,0.931,Yes
1677,Siemens Energy India Limited,ENRIN.BO,4.9,0.506,0.897,Yes
1678,Siemens Energy India Limited,ENRIN.NS,4.9,0.51,0.898,Yes
1679,Manba Finance Limited,MANBA.BO,3.85,0.404,1.583,Yes
1680,UR Sugar Industries Limited,URSUGAR.BO,8.02,0.83,2.526,Yes
1681,Amal Ltd,AMAL.BO,7.17,0.745,2.497,Yes
1682,Centuple Global Limited,CENTUPLE.BO,8.9,0.926,2.278,Yes
1683,CPSE ETF,CPSEETF.NS,1.55,0.169,0.295,Yes
1684,Prakash Pipes Limited,PPL.NS,7.35,0.778,2.18,Yes
1685,Winsome Textile Industries Limited,WINSOMTX.BO,4.55,0.493,1.85,Yes
1686,Waaree Technologies Limited,WAAREE.BO,11.14,1.174,3.605,Yes
1687,Kanishk Steel Industries Limited,KANSHST.BO,3.95,0.431,1.943,Yes
1688,Mahaveer Infoway Limited,MAHAVEER.BO,5.78,0.64,0.321,Yes
1689,CPSE ETF,CPSEETF.BO,1.5,0.17,0.299,Yes
1690,Bhavik Enterprises Limited,BHAVIK.BO,2.36,0.271,1.179,No
1691,Piccadily Agro Industries Limited,PICCADIL.NS,3.81,0.443,1.216,Yes
1692,Medico Remedies Limited,MEDICO.BO,5.33,0.616,2.428,Yes
1693,Diana Tea Company Limited,DIANATEA.BO,3.38,0.394,1.018,Yes
1694,Raymond Realty Limited,RAYMONDREL.NS,4.47,0.519,1.055,Yes
1695,BLB Limited,BLBLIMITED.NS,3.79,0.442,0.784,Yes
1696,Manoj Ceramic Limited,MCPL.BO,6.33,0.738,2.5,Yes
1697,Piccadily Agro Industries Limited,PICCADIL.BO,3.72,0.44,1.236,Yes
1698,Pro Clb Global Limited,PROCLB.BO,9.46,1.104,1.231,Yes
1699,Shekhawati Industries Limited,SHEKHAWATI.BO,8.75,1.045,3.638,Yes
1700,Raymond Realty Limited,RAYMONDREL.BO,4.24,0.517,1.035,Yes
1701,K Z Leasing and Finance Limited,KZLFIN.BO,7.12,0.883,2.674,No
1702,GKB Ophthalmics Limited,GKB.BO,3.67,0.462,1.108,Yes
1703,Saatvik Green Energy Limited,SAATVIKGL.NS,3.45,0.436,0.748,Yes
1704,DLF Limited,DLF.NS,2.45,0.312,1.585,Yes
1705,Arihant Foundations & Housing Limited,ARIHANT.BO,3.72,0.471,1.013,Yes
1706,Rhetan TMT Limited,RHETAN.BO,4.36,0.557,1.248,Yes
1707,Nurture Well Industries Limited,NWIL.BO,4.97,0.634,1.107,Yes
1708,Sailani Tours N Travels Limited,SAILANI.BO,3.22,0.424,0.181,Yes
1709,Mega Corporation Limited,MEGACOR.BO,7.83,1.011,2.511,Yes
1710,Vintage Securities Limited,VINTAGES.BO,5.72,0.748,1.632,Yes
1711,Kovai Medical Center and Hospital Limited,KOVAI.BO,1.82,0.243,0.89,Yes
1712,Cantabil Retail India Limited,CANTABIL.BO,2.51,0.342,1.342,Yes
1713,Mankind Pharma Limited,MANKIND.NS,1.67,0.231,0.793,Yes
1714,The Orissa Minerals Development Company Limited,ORISSAMINE.NS,3.9,0.538,2.58,Yes
1715,Nippon India Mutual Fund - Nippon India ETF Nifty Dividend Opportunities 50,DIVOPPBEES.NS,1.2,0.169,0.882,Yes
1716,Smartworks Coworking Spaces Limited,SMARTWORKS.BO,2.78,0.39,1.165,Yes
1717,Paushak Limited,PAUSHAKLTD.BO,5.01,0.699,2.341,Yes
1718,Integra Switchgear Limited,INTEGSW.BO,2.83,0.399,0.08,No
1719,MT Educare Limited,MTEDUCARE.NS,5.16,0.747,2.055,Yes
1720,Rishi Laser Limited,RISHILASE.BO,1.96,0.29,0.935,Yes
1721,Worldwide Aluminium Limited,WWALUM.BO,3.82,0.563,0.805,Yes
1722,Brijlaxmi Leasing & Finance Limited,BRIJLEAS.BO,5.45,0.8,0.097,No
1723,Updater Services Limited,UDS.BO,3.54,0.528,1.688,Yes
1724,Saatvik Green Energy Limited,SAATVIKGL.BO,2.92,0.441,0.779,Yes
1725,Shree Ganesh Elastoplast Limited,SHGANEL.BO,2.93,0.444,0.411,Yes
1726,Arihant's Securities Limited,ARISE.BO,4.66,0.705,2.603,Yes
1727,Darjeeling Industriies Limited,DARJEELING.BO,10.43,1.538,1.235,No
1728,Ladam Affordable Housing Limited,LAHL.BO,2.37,0.366,1.066,Yes
1729,Anjani Synthetics Limited,ANJANI.BO,3.33,0.511,1.445,Yes
1730,Last Mile Enterprises Limited,LASTMILE.BO,13.58,2.0,6.677,Yes
1731,Muthoot Finance Limited,MUTHOOTFIN.BO,1.94,0.303,0.809,Yes
1732,Seshaasai Technologies Limited,STYL.NS,2.87,0.447,0.883,Yes
1733,Sadbhav Engineering Limited,SADBHAV.NS,6.38,1.001,2.685,Yes
1734,Niva Bupa Health Insurance Company Limited,NIVABUPA.NS,1.33,0.216,0.438,Yes
1735,PAN HR Solution Limited,PANHR.BO,7.05,1.128,3.963,Yes
1736,CESC Limited,CESC.NS,2.29,0.374,1.337,Yes
1737,Relic Technologies Limited,RELICTEC.BO,2.87,0.469,0.257,No
1738,AGI Greenpac Limited,AGI.BO,3.27,0.536,2.047,Yes
1739,S & T Corporation Limited,STCORP.BO,4.55,0.742,2.334,Yes
1740,Konndor Industries Limited,KONNDOR.BO,5.31,0.865,1.208,Yes
1741,Rhetan TMT Limited,RHETAN.NS,3.38,0.556,1.242,Yes
1742,Aditya Birla Sun Life Nifty PSE ETF,ABSLPSE.NS,1.05,0.175,0.723,Yes
1743,Physicswallah Limited,PWL.NS,3.12,0.521,1.374,Yes
1744,Niva Bupa Health Insurance Company Limited,NIVABUPA.BO,1.2,0.211,0.428,Yes
1745,Cineline India Limited,CINELINE.NS,1.6,0.282,1.166,Yes
1746,Indian Oil Corporation Limited,IOC.BO,2.08,0.37,1.598,Yes
1747,Physicswallah Limited,PWL.BO,2.92,0.518,1.362,Yes
1748,CIE Automotive India Limited,CIEINDIA.BO,1.38,0.25,0.585,Yes
1749,Jindal Photo Limited,JINDALPHOT.NS,2.74,0.499,2.361,Yes
1750,Bodhi Tree Multimedia Limited,BTML.NS,2.66,0.488,1.838,Yes
1751,Bodhi Tree Multimedia Limited,BTML.BO,2.62,0.496,1.81,Yes
1752,Man Infraconstruction Limited,MANINFRA.NS,3.99,0.751,2.704,Yes
1753,Regent Enterprises Limited,REGENTRP.BO,2.05,0.393,1.385,Yes
1754,Eldeco Housing and Industries Limited,ELDEHSG.NS,2.13,0.409,1.038,Yes
1755,Forbes Precision Tools and Machine Parts Limited,TOTEM.BO,3.33,0.641,1.382,Yes
1756,AGI Greenpac Limited,AGI.NS,2.75,0.534,2.048,Yes
1757,Medico Remedies Limited,MEDICO.NS,3.09,0.617,2.318,Yes
1758,Sangal Papers Limited,SANPA.BO,2.08,0.422,0.642,Yes
1759,United Polyfab Gujarat Limited,UNITEDPOLY.NS,3.39,0.687,0.692,Yes
1760,Updater Services Limited,UDS.NS,2.56,0.52,1.629,Yes
1761,Uno Minda Limited,UNOMINDA.BO,1.2,0.248,0.977,Yes
1762,Supertech EV Limited,SEVL.BO,4.33,0.911,2.668,Yes
1763,Muthoot Finance Limited,MUTHOOTFIN.NS,1.4,0.301,0.816,Yes
1764,JSW Energy Limited,JSWENERGY.NS,1.22,0.266,0.584,Yes
1765,Uno Minda Limited,UNOMINDA.NS,1.11,0.245,0.967,Yes
1766,CIE Automotive India Limited,CIEINDIA.NS,1.13,0.25,0.577,Yes
1767,Vivid Mercantile Limited,VIVIDM.BO,1.74,0.386,0.73,No
1768,Riba Textiles Limited,RIBATEX.BO,3.21,0.717,3.052,Yes
1769,Smartworks Coworking Spaces Limited,SMARTWORKS.NS,1.66,0.376,0.96,Yes
1770,Talbros Engineering Limited,TALBROSENG.BO,1.21,0.274,0.593,Yes
1771,Yuvraaj Hygiene Products Limited,YUVRAAJHPL.BO,6.16,1.384,5.129,Yes
1772,Sanjivani Paranteral Limited,SANJIVIN.BO,2.61,0.609,2.275,Yes
1773,Thrive Future Habitats Limited,THRIVE.BO,2.42,0.599,1.282,Yes
1774,Baid Finserv Limited,BAIDFIN.BO,1.56,0.398,1.69,Yes
1775,Madhusudan Industries Limited,MADHUDIN.BO,1.93,0.5,1.632,Yes
1776,Icodex Publishing Solutions Limited,ICODEX.BO,2.8,0.728,3.314,Yes
1777,CP Capital Limited,CPCAP.BO,1.62,0.428,1.856,Yes
1778,Grand Oak Canyons Distillery Limited,GRANDOAK.BO,3.11,0.861,1.589,Yes
1779,Matrimony.com Limited,MATRIMONY.NS,1.36,0.384,0.449,No
1780,Padmanabh Alloy & Polymers Limited,PADALPO.BO,2.16,0.61,0.829,No
1781,Tirupati Innovar Limited,TIRUPATIIN.BO,4.16,1.198,3.787,Yes
1782,Alkem Laboratories Limited,ALKEM.BO,0.42,0.126,0.427,Yes
1783,Century Extrusions Limited,CENTEXT.NS,1.56,0.5,2.015,Yes
1784,Netlink Solutions (India) Limited,NETLINK.BO,1.47,0.473,0.104,Yes
1785,KK Shah Hospitals Limited,KKSHL.BO,1.36,0.445,0.543,Yes
1786,Mankind Pharma Limited,MANKIND.BO,0.7,0.231,0.793,Yes
1787,Olympic Cards Limited,OLPCL.BO,0.7,0.236,0.683,Yes
1788,Goel Food Products Limited,GOEL.BO,3.16,1.059,3.697,Yes
1789,Glottis Limited,GLOTTIS.BO,2.2,0.741,2.979,Yes
1790,Silver Touch Technologies Limited,SILVERTUC.NS,3.8,1.284,4.532,Yes
1791,Glottis Limited,GLOTTIS.NS,2.11,0.738,3.031,Yes
1792,Unifinz Capital India Limited,UCIL.BO,1.29,0.454,1.22,Yes
1793,Xelpmoc Design and Tech Limited,XELPMOC.NS,1.81,0.637,2.648,Yes
1794,Nutech Global Limited,NUTECGLOB.BO,0.72,0.282,0.723,Yes
1795,SSPN Finance Limited,SSPNFIN.BO,1.25,0.499,0.276,Yes
1796,Bajaj Nifty 50 ETF,NIFTYBETF.NS,0.41,0.166,0.977,Yes
1797,Ganesha Ecosphere Limited,GANECOS.NS,1.53,0.616,0.749,Yes
1798,Autoriders International Limited,AUTOINT.BO,2.85,1.144,2.23,Yes
1799,Berger Paints India Limited,BERGEPAINT.NS,0.65,0.28,1.285,Yes
1800,Matrimony.com Limited,MATRIMONY.BO,0.85,0.384,0.426,No
1801,Samrat Forgings Limited,SAMRATFORG.BO,1.13,0.51,2.086,Yes
1802,Jupiter Life Line Hospitals Limited,JLHL.NS,0.62,0.287,0.102,Yes
1803,Aditya Birla Sun Life Nifty 50 ETF,BSLNIFTY.NS,0.36,0.17,1.004,Yes
1804,OBCL Limited,OBCL.BO,0.39,0.183,0.044,No
1805,Sigachi Industries Limited,SIGACHI.BO,1.29,0.623,1.789,Yes
1806,Heera Ispat Limited,HEERAISP.BO,1.66,0.804,2.449,Yes
1807,Millennium Online Solutions (India) Limited,MILLENNIUM.BO,1.21,0.6,1.037,Yes
1808,Rishabh Digha Steel And Allied Products Limited,RISHDIGA.BO,0.67,0.349,1.018,Yes
1809,CP Capital Limited,CPCAP.NS,0.81,0.425,1.899,Yes
1810,Fairchem Organics Limited,FAIRCHEMOR.NS,1.06,0.597,2.486,Yes
1811,RLF Limited,RLF.BO,0.53,0.31,0.71,Yes
1812,Bharti Airtel Limited,BHARTIARTL.BO,0.34,0.2,0.888,Yes
1813,Nexome Capital Markets Limited,NEXOME.BO,0.95,0.562,1.192,Yes
1814,Sigachi Industries Limited,SIGACHI.NS,1.04,0.624,1.818,Yes
1815,Shiva Granito Export Limited,SHIVAEXPO.BO,1.38,0.825,1.105,No
1816,Ganesha Ecosphere Limited,GANECOS.BO,1.01,0.619,0.736,Yes
1817,Panorama Studios International Limited,PANORAMA.BO,1.02,0.626,2.244,Yes
1818,Central Depository Services (India) Limited,CDSL.NS,0.44,0.285,1.4,Yes
1819,Yug Decor Limited,YUG.BO,1.29,0.84,0.848,Yes
1820,DSPAMC - DSPNIFTY,NIFTYADD.NS,0.25,0.167,0.984,Yes
1821,Nippon India ETF Nifty 50 BeES,NIFTYBEES.NS,0.21,0.164,0.967,Yes
1822,Angel One Nifty 50 ETF,AONENIFTY.NS,0.22,0.167,0.98,Yes
1823,Candour Techtex Limited,CANDOUR.BO,1.12,0.892,2.348,Yes
1824,RAP Corp Limited,RAP.BO,0.42,0.376,0.854,Yes
1825,Nippon India ETF Nifty BeES,NIFTYBEES.BO,0.18,0.164,0.965,Yes
1826,Rossell India Limited,ROSSELLIND.BO,0.51,0.482,1.751,Yes
1827,Kewal Kiran Clothing Limited,KKCL.BO,0.35,0.338,1.451,Yes
1828,The United Nilgiri Tea Estates Company Limited,UNITEDTEA.NS,0.18,0.175,0.052,No
1829,Xelpmoc Design and Tech Limited,XELPMOC.BO,0.67,0.659,2.892,Yes
1830,Vaswani Industries Limited,VASWANI.BO,0.45,0.462,1.606,Yes
1831,Baid Finserv Limited,BAIDFIN.NS,0.35,0.379,1.559,Yes
1832,Manaksia Coated Metals & Industries Limited,MANAKCOAT.BO,0.34,0.368,1.827,Yes
1833,Tata Nifty India Digital ETF,TNIDETF.NS,0.21,0.239,0.897,Yes
1834,DLF Limited,DLF.BO,0.26,0.31,1.597,Yes
1835,HDFCAMC - HDFCNIFTY,HDFCNIFTY.NS,0.13,0.165,0.972,Yes
1836,Vaswani Industries Limited,VASWANI.NS,0.35,0.458,1.673,Yes
1837,OBCL Limited,OBCL.NS,0.13,0.173,0.101,No
1838,MT Educare Limited,MTEDUCARE.BO,0.48,0.658,1.767,Yes
1839,Remsons Industries Limited,REMSONSIND.NS,0.42,0.682,2.814,Yes
1840,Axis NIFTY 50 ETF,NIFTYAXIS.NS,0.11,0.173,1.017,Yes
1841,We Win Limited,WEWIN.NS,0.34,0.568,2.054,Yes
1842,Algoquant Fintech Limited,ALGOQUANT.BO,0.2,0.342,1.169,Yes
1843,East India Drums and Barrels Manufacturing Limited,EASTINDIA.BO,0.26,0.443,0.777,Yes
1844,Poly Medicure Limited,POLYMED.BO,0.27,0.502,1.766,Yes
1845,Gyftr Limited,GYFTR.BO,0.61,1.286,6.099,Yes
1846,SBI Nifty 50 ETF,SETFNIF50.NS,0.08,0.166,0.977,Yes
1847,LGB Forge Limited,LGBFORGE.BO,0.41,0.881,3.348,Yes
1848,Oriental Rail Infrastructure Limited,ORIRAIL.BO,0.27,0.587,1.666,Yes
1849,Modulex Construction Technologies Limited,MODULEX.BO,0.29,0.663,2.251,Yes
1850,XTGlobal Infotech Limited,XTGLOBAL.BO,0.34,0.796,2.531,Yes
1851,Vasundhara Rasayans Limited,VRL.BO,0.15,0.563,1.939,Yes
1852,S&S Power Switchgear Limited,S&SPOWER.BO,0.15,0.588,0.104,Yes
1853,Poonawalla Fincorp Limited,POONAWALLA.BO,0.09,0.41,1.726,Yes
1854,Network People Services Technologies Limited,NPST.BO,0.09,0.622,2.0,Yes
1855,Jupiter Life Line Hospitals Limited,JLHL.BO,0.03,0.271,0.113,Yes
1856,Poonawalla Fincorp Limited,POONAWALLA.NS,0.04,0.405,1.71,Yes
1857,Prozone Realty Limited,PROZONER.BO,0.02,0.683,2.457,Yes
1858,GTN Industries Limited,GTNINDS.BO,0.01,0.464,1.134,Yes
1859,Worth Peripherals Limited,WORTHPERI.BO,0.0,0.314,1.453,Yes
1860,Sonalis Consumer Products Limited,SONALIS.BO,-0.07,0.854,2.528,Yes
1861,Bank of Baroda Limited,BANKBARODA.NS,-0.04,0.321,1.364,Yes
1862,Poly Medicure Limited,POLYMED.NS,-0.06,0.502,1.725,Yes
1863,Network People Services Technologies Limited,NPST.NS,-0.1,0.622,1.963,Yes
1864,BCL Industries Limited,BCLIND.BO,-0.1,0.513,1.749,Yes
1865,BCL Industries Limited,BCLIND.NS,-0.12,0.512,1.735,Yes
1866,Rossell India Limited,ROSSELLIND.NS,-0.19,0.442,1.558,Yes
1867,XTGlobal Infotech Limited,XTGLOBAL.NS,-0.41,0.763,2.459,Yes
1868,Sparc Electrex Limited,SPAR.BO,-0.55,0.97,3.585,Yes
1869,ICICI Prudential Nifty Oil & Gas ETF,OILIETF.NS,-0.12,0.197,1.063,Yes
1870,Indian Terrain Fashions Limited,INDTERRAIN.NS,-0.29,0.445,1.71,Yes
1871,Alkem Laboratories Limited,ALKEM.NS,-0.09,0.129,0.431,Yes
1872,Varun Beverages Limited,VBL.BO,-0.35,0.453,1.786,Yes
1873,Manaksia Coated Metals & Industries Limited,MANAKCOAT.NS,-0.32,0.362,1.81,Yes
1874,Remsons Industries Limited,REMSONSIND.BO,-0.66,0.669,2.76,Yes
1875,InterGlobe Aviation Limited,INDIGO.NS,-0.39,0.388,1.481,Yes
1876,Filtra Consultants and Engineers Limited,FILTRA.BO,-0.47,0.423,1.776,Yes
1877,Mirae Asset Nifty 50 ETF,NIFTYETF.NS,-0.18,0.167,0.985,Yes
1878,S&S Power Switchgear Limited,S&SPOWER.NS,-0.62,0.563,0.265,No
1879,Kotak Nifty 50 ETF,NIFTY1.NS,-0.19,0.165,0.973,Yes
1880,ICICI Prudential Mutual Fund,OILIETF.BO,-0.23,0.196,1.056,Yes
1881,Medicamen Biotech Limited,MEDICAMEQ.NS,-0.64,0.525,2.167,Yes
1882,Stellar Capital Services Limited,STELLAR.BO,-0.52,0.428,1.179,Yes
1883,Ultramarine & Pigments Limited,ULTRAMAR.BO,-0.43,0.325,1.022,Yes
1884,Tradewell Holdings Limited,TRADEWELL.BO,-0.84,0.633,0.868,No
1885,Neo Infracon Limited,NEOINFRA.BO,-0.57,0.404,0.052,Yes
1886,LIC MF Nifty 50 ETF,LICNETFN50.NS,-0.24,0.167,0.981,Yes
1887,TruAlt Bioenergy Limited,TRUALT.NS,-0.45,0.312,0.636,Yes
1888,NACL Industries Limited,NACLIND.BO,-1.06,0.629,1.797,Yes
1889,Jagan Lamps Limited,JAGANLAM.BO,-1.23,0.721,2.34,Yes
1890,Schaeffler India Limited,SCHAEFFLER.BO,-0.51,0.29,0.689,Yes
1891,Shelter Infra Projects Limited,SIPL.BO,-1.01,0.557,1.943,Yes
1892,Motilal Oswal M50 ETF,MOM50.NS,-0.31,0.169,0.99,Yes
1893,PC Jeweller Limited,PCJEWELLER.BO,-0.93,0.505,1.328,Yes
1894,Power Grid Corporation of India Limited,POWERGRID.BO,-0.5,0.257,0.361,Yes
1895,PBA Infrastructure Limited,PBAINFRA.BO,-1.68,0.848,3.048,Yes
1896,Aryan Share & Stock Brokers Ltd.,ARYAN.BO,-0.94,0.461,1.737,Yes
1897,LWS Knitwear Limited,LWSKNIT.BO,-0.72,0.354,0.783,No
1898,The Peria Karamalai Tea and Produce Company Limited,PKTEA.NS,-1.0,0.482,0.525,No
1899,Viceroy Hotels Limited,VHLTD.NS,-0.52,0.246,0.49,Yes
1900,Schaeffler India Limited,SCHAEFFLER.NS,-0.63,0.29,0.688,Yes
1901,SVC Industries Limited,SVCIND.BO,-1.95,0.9,2.749,Yes
1902,Panchsheel Organics Limited,PANCHSHEEL.BO,-1.29,0.539,1.506,Yes
1903,Joindre Capital Services Limited,JOINDRE.BO,-0.7,0.285,1.022,Yes
1904,Kinetic Engineering Limited,KINETICENG.BO,-1.95,0.788,2.423,Yes
1905,Diggi Multitrade Limited,DML.BO,-1.5,0.606,0.183,No
1906,Tuticorin Alkali Chemicals and Fertilizers Limited,TUTIALKA.BO,-1.55,0.624,2.265,Yes
1907,Shanmuga Hospital Limited,SHANMUGA.BO,-1.12,0.447,1.684,Yes
1908,Zee Learn Limited,ZEELEARN.NS,-1.89,0.673,1.849,Yes
1909,Zee Learn Limited,ZEELEARN.BO,-1.92,0.68,1.822,Yes
1910,Siyaram Silk Mills Limited,SIYSIL.BO,-1.47,0.513,2.4,Yes
1911,Gandhi Special Tubes Limited,GANDHITUBE.NS,-0.96,0.334,0.63,Yes
1912,NACL Industries Limited,NACLIND.NS,-1.79,0.621,1.699,Yes
1913,PC Jeweller Limited,PCJEWELLER.NS,-1.44,0.494,1.29,Yes
1914,Vital Chemtech Limited,VITAL.NS,-1.6,0.544,1.905,Yes
1915,Unique Organics Limited,UNIQUEO.BO,-2.06,0.684,2.343,Yes
1916,Medicamen Biotech Limited,MEDICAMEQ.BO,-1.55,0.514,2.127,Yes
1917,Polylink Polymers (India) Limited,POLYLINK.BO,-1.17,0.385,1.479,Yes
1918,Bharti Airtel Limited,BHARTIARTL.NS,-0.64,0.206,0.905,Yes
1919,Siyaram Silk Mills Limited,SIYSIL.NS,-1.58,0.51,2.381,Yes
1920,Groww Silver ETF,GROWWSLVR.NS,-3.82,1.232,0.446,Yes
1921,Agarwal Fortune India Limited,AGARWAL.BO,-1.43,0.449,0.358,Yes
1922,Delton Cables Limited,DLTNCBL.BO,-2.15,0.674,2.236,Yes
1923,Power Grid Corporation of India Limited,POWERGRID.NS,-0.82,0.256,0.358,Yes
1924,Spectrum Foods Limited,SPECFOOD.BO,-1.95,0.609,1.6,Yes
1925,TruAlt Bioenergy Limited,TRUALT.BO,-1.03,0.319,0.66,Yes
1926,Prime Capital Market Limited,PRIMECAPM.BO,-2.8,0.859,2.404,Yes
1927,Star Imaging and Path Lab Limited,STARIMAGIN.BO,-3.51,1.055,4.357,Yes
1928,SBI Life Insurance Company Limited,SBILIFE.BO,-0.73,0.213,0.931,Yes
1929,NLC India Limited,NLCINDIA.BO,-1.06,0.307,0.14,No
1930,Globe Enterprises (India) Limited,GLOBE.NS,-1.67,0.481,2.455,Yes
1931,Globus Spirits Limited,GLOBUSSPR.BO,-1.91,0.543,2.226,Yes
1932,Teamo Productions HQ Limited,TPHQ.BO,-2.22,0.63,1.612,Yes
1933,TTK Prestige Limited,TTKPRESTIG.NS,-1.39,0.381,1.746,Yes
1934,NTPC Limited,NTPC.BO,-0.71,0.193,0.132,Yes
1935,SBI Life Insurance Company Limited,SBILIFE.NS,-0.8,0.214,0.933,Yes
1936,InterGlobe Aviation Limited,INDIGO.BO,-1.45,0.387,1.482,Yes
1937,Igarashi Motors India Limited,IGARASHI.BO,-2.32,0.618,2.839,Yes
1938,Indian Terrain Fashions Limited,INDTERRAIN.BO,-1.64,0.431,1.685,Yes
1939,Nimbus Projects Limited,NIMBSPROJ.NS,-1.85,0.485,4.178,No
1940,Restile Ceramics Limited,RESTILE.BO,-2.02,0.528,1.612,Yes
1941,Globus Spirits Limited,GLOBUSSPR.NS,-2.08,0.537,2.191,Yes
1942,Valiant Organics Limited,VALIANTORG.NS,-2.03,0.508,1.211,Yes
1943,Thakral Services (India) Limited,THAKRAL.BO,-1.64,0.405,0.048,No
1944,Contil India Limited,CONTILI.BO,-2.07,0.511,0.503,Yes
1945,Mahindra & Mahindra Limited,M&M.NS,-0.97,0.238,1.144,Yes
1946,Yash Innoventures Limited,YASHINNO.BO,-2.55,0.622,0.922,No
1947,MPDL Limited,MPDL.BO,-2.02,0.489,0.567,Yes
1948,U.H. Zaveri Limited,UHZAVERI.BO,-3.62,0.88,1.026,Yes
1949,Dhunseri Tea & Industries Limited,DTIL.NS,-2.09,0.5,1.596,Yes
1950,NTPC Limited,NTPC.NS,-0.82,0.194,0.138,Yes
1951,Star Delta Transformers Limited,STARDELTA.BO,-3.11,0.736,2.918,Yes
1952,NLC India Limited,NLCINDIA.NS,-1.32,0.308,0.132,No
1953,Bandhan Nifty 50 ETF,IDFNIFTYET.NS,-0.7,0.164,0.964,Yes
1954,PBM Polytex Limited,PBMPOLY.BO,-1.6,0.37,0.815,Yes
1955,Viceroy Hotels Limited,VHLTD.BO,-0.95,0.218,0.481,Yes
1956,TTK Prestige Limited,TTKPRESTIG.BO,-1.65,0.378,1.725,Yes
1957,Jagran Prakashan Limited,JAGRAN.NS,-0.94,0.212,0.358,Yes
1958,VTM Limited,VTMLTD.BO,-2.49,0.561,1.496,Yes
1959,VVIP Infratech Limited,VVIPIL.BO,-2.57,0.572,1.669,Yes
1960,MIRAEAMC - MAESGETF,ESG.NS,-0.75,0.165,0.962,Yes
1961,Sapphire Foods India Limited,SAPPHIRE.BO,-3.15,0.684,2.544,Yes
1962,Jagran Prakashan Limited,JAGRAN.BO,-1.0,0.212,0.373,Yes
1963,Nagreeka Capital & Infrastructure Ltd.,NAGREEKCAP.BO,-3.35,0.712,2.859,Yes
1964,MPL Plastics Limited,MPL.BO,-2.4,0.506,2.11,Yes
1965,Gandhi Special Tubes Limited,GANDHITUBE.BO,-1.6,0.332,0.632,Yes
1966,Igarashi Motors India Limited,IGARASHI.NS,-2.95,0.615,2.809,Yes
1967,Mewar Hi-Tech Engineering Limited,MHEL.BO,-2.29,0.472,0.364,Yes
1968,Valiant Organics Limited,VALIANTORG.BO,-2.41,0.497,1.201,Yes
1969,SKP Securities Limited,SKPSEC.BO,-1.24,0.253,0.985,Yes
1970,Teamo Productions HQ Limited,TPHQ.NS,-3.02,0.62,1.566,Yes
1971,Virtual Global Education Limited,VIRTUALG.BO,-2.57,0.527,1.614,Yes
1972,Globale Tessile Limited,GLOBALE.BO,-2.5,0.508,1.409,Yes
1973,Varun Beverages Limited,VBL.NS,-2.25,0.456,1.791,Yes
1974,JSW Dulux Limited,JSWDULUX.NS,-1.06,0.214,0.224,Yes
1975,Jagatjit Industries Limited,JAGAJITIND.BO,-2.88,0.578,0.545,Yes
1976,Mardia Samyoung Capillary Tubes Company Limited,MSCTC.BO,-4.17,0.816,0.023,Yes
1977,UTIAMC-BANKBETA,BANKBETA.NS,-1.39,0.261,1.295,Yes
1978,Precision Electronics Limited,PRECISIO.BO,-4.42,0.842,1.823,Yes
1979,LTM Limited,LTM.NS,-2.39,0.45,1.189,Yes
1980,Bhanderi Infracon Limited,BHANDERI.BO,-0.99,0.183,0.677,Yes
1981,The Lakshmi Mills Company Limited,LAKSHMIMIL.BO,-1.01,0.185,0.642,Yes
1982,LIC Housing Finance Limited,LICHSGFIN.NS,-1.14,0.208,0.751,Yes
1983,LTM Limited,LTM.BO,-2.44,0.446,1.182,Yes
1984,Wendt (India) Limited,WENDT.NS,-1.96,0.357,1.433,Yes
1985,Gowra Leasing & Finance Limited,GOWRALE.BO,-2.88,0.524,1.007,Yes
1986,Gillanders Arbuthnot and Company Limited,GILLANDERS.NS,-2.3,0.417,1.555,Yes
1987,Axis NIFTY India Consumption ETF,CONSUMAXIS.NS,-1.07,0.19,1.034,Yes
1988,Dharni Capital Services Limited,DHARNI.BO,-1.02,0.18,0.092,Yes
1989,Indo Amines Limited,INDOAMIN.BO,-2.96,0.529,1.892,Yes
1990,Sapphire Foods India Limited,SAPPHIRE.NS,-3.81,0.679,2.505,Yes
1991,Genomic Valley Biotech Limited,GVBL.BO,-2.13,0.375,0.609,No
1992,Aditya Birla Sun Life Nifty IT ETF,TECH.NS,-1.82,0.312,0.604,Yes
1993,G.S. Auto International Limited,GSAUTO.BO,-5.24,0.911,1.568,Yes
1994,NMS Global Limited,NMSGLOBAL.BO,-5.93,1.014,1.019,Yes
1995,Devyani International Limited,DEVYANI.NS,-3.65,0.613,2.143,Yes
1996,BlackBuck Limited,BLACKBUCK.NS,-1.67,0.272,0.382,Yes
1997,UTI Nifty IT ETF,ITBETA.NS,-2.01,0.325,0.582,Yes
1998,Mahalaxmi Rubtech Limited,MHLXMIRU.BO,-3.71,0.602,0.919,Yes
1999,Vashu Bhagnani Industries Limited,POOJAENT.BO,-6.41,1.052,2.844,Yes
2000,SBFC Finance Limited,SBFC.NS,-2.13,0.342,1.243,Yes
2001,Zenith Steel Pipes & Industries Limited,ZENITHSTL.BO,-4.39,0.709,2.9,Yes
2002,Deep Health AI India Limited,DEEPAI.BO,-9.39,1.554,5.208,Yes
2003,Anuroop Packaging Limited,ANUROOP.BO,-4.81,0.777,0.861,Yes
2004,Axis NIFTY IT ETF,ITAXIS.NS,-1.99,0.317,0.612,Yes
2005,Techknowgreen Solutions Limited,TECHKGREEN.BO,-3.51,0.562,1.482,Yes
2006,Motilal Oswal BSE Low Volatility ETF,MOLOWVOL.NS,-0.95,0.15,0.866,Yes
2007,Dhunseri Tea & Industries Limited,DTIL.BO,-3.05,0.483,1.484,Yes
2008,Rudra Global Infra Products Limited,RUDRA.NS,-4.9,0.784,3.154,Yes
2009,Devyani International Limited,DEVYANI.BO,-3.85,0.611,2.143,Yes
2010,BlackBuck Limited,BLACKBUCK.BO,-1.75,0.271,0.394,Yes
2011,Wendt (India) Limited,WENDT.BO,-2.27,0.351,1.43,Yes
2012,Jaysynth Orgochem Limited,JAYSYNTH.BO,-3.98,0.619,2.333,Yes
2013,Nagreeka Capital & Infrastructure Ltd.,NAGREEKCAP.NS,-4.27,0.654,2.607,Yes
2014,BMW Ventures Limited,BMWVENTLTD.BO,-3.48,0.527,2.226,Yes
2015,Amwill Health Care Limited,AMWILL.BO,-4.03,0.606,1.868,Yes
2016,SBFC Finance Limited,SBFC.BO,-2.3,0.341,1.228,Yes
2017,SBI Nifty IT ETF,SBIETFIT.NS,-2.17,0.32,0.597,Yes
2018,Cubex Tubings Limited,CUBEXTUB.NS,-4.21,0.624,2.227,Yes
2019,Kotak Nifty IT ETF,IT.NS,-2.23,0.321,0.684,Yes
2020,Cubex Tubings Limited,CUBEXTUB.BO,-4.34,0.63,2.234,Yes
2021,Gulf Oil Lubricants India Limited,GULFOILLUB.NS,-2.05,0.294,1.439,Yes
2022,TTI Enterprise Limited,TTIENT.BO,-5.26,0.763,1.49,Yes
2023,Gulf Oil Lubricants India Limited,GULFOILLUB.BO,-2.08,0.296,1.446,Yes
2024,Indo Amines Limited,INDOAMIN.NS,-3.67,0.524,1.887,Yes
2025,GFL Limited,GFLLIMITED.NS,-3.33,0.473,2.006,Yes
2026,Firstsource Solutions Limited,FSL.NS,-4.26,0.603,0.664,Yes
2027,Firstsource Solutions Limited,FSL.BO,-4.28,0.602,0.676,Yes
2028,Sheshadri Industries Limited,SHESHAINDS.BO,-2.84,0.395,0.341,Yes
2029,Dish TV India Limited,DISHTV.NS,-9.01,1.288,5.086,Yes
2030,Setubandhan Infrastructure Limited,SETUINFRA.BO,-5.03,0.705,1.308,Yes
2031,Anna Infrastructures Limited,ANNAINFRA.BO,-3.65,0.506,0.195,No
2032,Saksoft Limited,SAKSOFT.NS,-5.12,0.705,2.477,Yes
2033,Enterprise International Limited,ENTRINT.BO,-3.86,0.511,0.836,No
2034,BMW Ventures Limited,BMWVENTLTD.NS,-3.94,0.521,2.206,Yes
2035,Interarch Building Solutions Limited,INTERARCH.NS,-3.47,0.457,2.107,Yes
2036,Kisan Mouldings Limited,KISAN.BO,-5.93,0.789,1.984,Yes
2037,Brahm Virat Industries Corporation Limited,VIRAT.BO,-6.4,0.851,2.367,Yes
2038,Procter & Gamble Health Limited,PGHL.NS,-2.16,0.279,0.339,Yes
2039,Cera Sanitaryware Limited,CERA.BO,-2.39,0.309,0.859,Yes
2040,Max Healthcare Institute Limited,MAXHEALTH.NS,-2.52,0.322,1.015,Yes
2041,ICICIPRAMC - ICICITECH,ITIETF.NS,-2.52,0.322,0.606,Yes
2042,HDFC Nifty IT ETF,HDFCNIFIT.NS,-2.54,0.321,0.599,Yes
2043,Mirae Asset Nifty IT ETF,ITETF.NS,-2.5,0.314,0.618,Yes
2044,Cera Sanitaryware Limited,CERA.NS,-2.46,0.309,0.857,Yes
2045,Enviro Infra Engineers Limited,EIEL.NS,-5.33,0.676,2.566,Yes
2046,Ksolves India Limited,KSOLVES.NS,-3.35,0.419,1.807,Yes
2047,LIC MF ETF Nifty 50,LICNETFN50.BO,-1.29,0.16,0.916,Yes
2048,Sammaan Capital Limited,SAMMAANCAP.NS,-3.21,0.4,0.231,No
2049,Procter & Gamble Health Limited,PGHL.BO,-2.29,0.282,0.34,Yes
2050,GVP Infotech Limited,GVPTECH.NS,-3.49,0.432,1.538,Yes
2051,Nippon India ETF Nifty IT,ITBEES.NS,-2.61,0.319,0.617,Yes
2052,Suzlon Energy Limited,SUZLON.NS,-4.36,0.536,1.636,Yes
2053,Lyka Labs Limited,LYKALABS.NS,-5.54,0.686,2.268,Yes
2054,Sindhu Trade Links Limited,SINDHUTRAD.NS,-3.76,0.457,0.487,Yes
2055,Enviro Infra Engineers Limited,EIEL.BO,-5.52,0.674,2.55,Yes
2056,Ion Exchange (India) Limited,IONEXCHANG.NS,-3.43,0.412,1.54,Yes
2057,Interarch Building Solutions Limited,INTERARCH.BO,-3.82,0.455,2.083,Yes
2058,Zuari Agro Chemicals Limited,ZUARI.NS,-4.56,0.541,2.139,Yes
2059,UltraTech Cement Limited,ULTRACEMCO.BO,-1.96,0.229,0.859,Yes
2060,Suzlon Energy Limited,SUZLON.BO,-4.55,0.538,1.639,Yes
2061,The Sandesh Limited,SANDESH.NS,-3.77,0.442,1.84,Yes
2062,Ion Exchange (India) Limited,IONEXCHANG.BO,-3.5,0.409,1.52,Yes
2063,Getalong Enterprise Limited,GETALONG.BO,-6.08,0.715,2.07,Yes
2064,Sanathnagar Enterprises Limited,SEL.BO,-4.82,0.56,1.136,Yes
2065,Setubandhan Infrastructure Limited,SETUINFRA.NS,-7.85,0.903,1.724,Yes
2066,Next Mediaworks Limited,NEXTMEDIA.NS,-5.56,0.628,2.731,Yes
2067,Zuari Agro Chemicals Limited,ZUARI.BO,-4.74,0.532,2.077,Yes
2068,Dhanlaxmi Cotex Limited,DHANCOT.BO,-6.37,0.718,1.758,No
2069,KIOCL Limited,KIOCL.NS,-3.84,0.426,1.059,Yes
2070,ICICI Prudential Nifty India Consumption ETF,CONSUMIETF.NS,-1.78,0.196,1.05,Yes
2071,Balaji Telefilms Limited,BALAJITELE.NS,-6.4,0.719,2.775,Yes
2072,JBM Auto Limited,JBMA.NS,-3.03,0.333,1.148,Yes
2073,DSPAMC - DSPIT,ITADD.NS,-2.9,0.317,0.608,Yes
2074,Octavius Plantations Limited,OCTAVIUSPL.BO,-3.09,0.337,0.007,Yes
2075,Le Lavoir Limited,LELAVOIR.BO,-13.94,1.594,2.133,No
2076,Dish TV India Limited,DISHTV.BO,-11.11,1.247,4.966,Yes
2077,Lactose (India) Limited,LACTOSE.BO,-5.14,0.558,1.942,Yes
2078,Virgo Global Limited,VIRGOGLOB.BO,-9.09,1.005,2.146,Yes
2079,Gillanders Arbuthnot and Company Limited,GILLANDERS.BO,-3.29,0.353,1.245,Yes
2080,ASI Industries Limited,ASIIL.BO,-5.44,0.587,2.984,Yes
2081,Dixon Technologies (India) Limited,DIXON.NS,-3.57,0.382,1.045,Yes
2082,OneSource Specialty Pharma Limited,ONESOURCE.BO,-5.13,0.552,0.215,Yes
2083,Integra Engineering India Limited,INTEGRAEN.BO,-7.65,0.833,2.027,Yes
2084,The Wealth Company Gold ETF,TWCGOLDETF.NS,-2.3,0.244,0.332,Yes
2085,Chalet Hotels Limited,CHALET.BO,-2.37,0.249,0.786,Yes
2086,Gloster Limited,GLOSTERLTD.BO,-3.28,0.343,1.127,Yes
2087,Balaji Telefilms Limited,BALAJITELE.BO,-6.83,0.721,2.762,Yes
2088,Avantel Limited,AVANTEL.BO,-3.47,0.358,0.729,Yes
2089,OneSource Specialty Pharma Limited,ONESOURCE.NS,-5.31,0.55,0.183,Yes
2090,Exxaro Tiles Limited,EXXARO.NS,-4.4,0.454,1.417,Yes
2091,Sungold Capital Limited,SUNGOLD.BO,-6.73,0.7,0.607,No
2092,North Eastern Carrying Corporation Limited,NECCLTD.BO,-6.27,0.649,2.81,Yes
2093,Godavari Biorefineries Limited,GODAVARIB.NS,-3.49,0.356,0.427,Yes
2094,Avantel Limited,AVANTEL.NS,-3.52,0.357,0.723,Yes
2095,Jindal Stainless Limited,JSL.BO,-2.25,0.227,0.951,Yes
2096,UltraTech Cement Limited,ULTRACEMCO.NS,-2.33,0.233,0.863,Yes
2097,Ksolves India Limited,KSOLVES.BO,-4.2,0.423,1.824,Yes
2098,Mphasis Limited,MPHASIS.NS,-2.89,0.289,1.059,Yes
2099,Pee Cee Cosma Sope Limited,PCCOSMA.BO,-4.83,0.486,1.115,Yes
2100,KIOCL Limited,KIOCL.BO,-4.28,0.429,1.061,Yes
2101,Perfect Octave Media Projects Limited,OCTAVE.BO,-4.69,0.466,1.372,Yes
2102,Sterling and Wilson Renewable Energy Limited,SWSOLAR.NS,-6.87,0.684,2.681,Yes
2103,Harshdeep Hortico Limited,HARSHDEEP.BO,-4.53,0.445,1.899,Yes
2104,Cosyn Limited,COSYN.BO,-3.0,0.292,1.028,Yes
2105,Sonata Software Limited,SONATSOFTW.NS,-4.95,0.485,2.25,Yes
2106,Accedere Limited,ACCEDERE.BO,-8.51,0.846,0.358,No
2107,Sonata Software Limited,SONATSOFTW.BO,-4.99,0.485,2.265,Yes
2108,Automobile Corporation of Goa Limited,ACGL.BO,-4.9,0.474,1.545,Yes
2109,MPIL Corporation Limited,MPILCORPL.BO,-6.3,0.612,0.462,No
2110,Asian Tea & Exports Limited,ASIANTNE.BO,-3.15,0.302,0.681,Yes
2111,Primo Chemicals Limited,PRIMO.BO,-4.37,0.421,1.504,Yes
2112,Primo Chemicals Limited,PRIMO.NS,-4.49,0.429,1.506,Yes
2113,Sterling and Wilson Renewable Energy Limited,SWSOLAR.BO,-7.05,0.682,2.671,Yes
2114,Refex Industries Limited,REFEX.NS,-6.74,0.65,1.798,Yes
2115,Damodar Industries Limited,DAMODARIND.BO,-7.47,0.723,2.942,Yes
2116,Refex Industries Limited,REFEX.BO,-6.76,0.649,1.81,Yes
2117,GFL Limited,GFLLIMITED.BO,-4.79,0.454,1.86,Yes
2118,Jindal Stainless Limited,JSL.NS,-2.42,0.226,0.947,Yes
2119,Mahalaxmi Rubtech Limited,MHLXMIRU.NS,-6.15,0.579,0.691,Yes
2120,Uday Jewellery Industries Limited,UDAYJEW.BO,-4.8,0.448,1.523,Yes
2121,Leo Dryfruits & Spices Trading Limited,VANDU.BO,-4.9,0.458,2.022,Yes
2122,Marble City India Limited,MARBLE.BO,-6.43,0.603,1.065,Yes
2123,Bharti Hexacom Limited,BHARTIHEXA.BO,-2.88,0.265,0.819,Yes
2124,North Eastern Carrying Corporation Limited,NECCLTD.NS,-6.88,0.645,2.748,Yes
2125,Stratmont Industries Limited,STRATMONT.BO,-6.52,0.609,0.014,No
2126,Orient Electric Limited,ORIENTELEC.BO,-3.44,0.316,1.208,Yes
2127,Eastern Treads Limited,EASTRED.BO,-1.58,0.142,0.57,Yes
2128,Landmark Property Development Company Limited,LPDC.BO,-6.1,0.561,1.953,Yes
2129,Chalet Hotels Limited,CHALET.NS,-2.68,0.242,0.76,Yes
2130,Svam Agritech Limited,SVAMSOF.BO,-10.68,1.001,0.829,Yes
2131,Ester Industries Limited,ESTER.NS,-5.51,0.503,2.398,Yes
2132,Landmark Cars Limited,LANDMARK.BO,-5.24,0.476,1.622,Yes
2133,Mphasis Limited,MPHASIS.BO,-3.2,0.288,1.057,Yes
2134,Zenith Steel Pipes & Industries Limited,ZENITHSTL.NS,-7.39,0.677,2.664,Yes
2135,H.M. Electro Mech Limited,HMEML.BO,-7.41,0.678,2.713,Yes
2136,Electrosteel Castings Limited,ELECTCAST.NS,-4.32,0.383,0.193,No
2137,Moksh Ornaments Limited,MOKSH.NS,-8.56,0.771,3.264,Yes
2138,Shree Rajasthan Syntex Limited,SHRAJSYNQ.BO,-10.6,0.964,0.23,Yes
2139,Dixon Technologies (India) Limited,DIXON.BO,-4.42,0.383,1.069,Yes
2140,Godrej Agrovet Limited,GODREJAGRO.BO,-4.28,0.371,0.924,Yes
2141,Quest Flow Controls Limited,QUESTFLOW.BO,-12.12,1.088,3.561,Yes
2142,Alembic Pharmaceuticals Limited,APLLTD.BO,-3.17,0.271,1.015,Yes
2143,Gloster Limited,GLOSTERLTD.NS,-3.73,0.318,0.894,Yes
2144,Authum Investment & Infrastructure Limited,AIIL.BO,-4.16,0.355,0.976,Yes
2145,Easy Trip Planners Limited,EASEMYTRIP.BO,-8.04,0.698,2.512,Yes
2146,Sika Interplant Systems Limited,SIKA.BO,-5.85,0.502,1.868,Yes
2147,Neelkanth Limited,NEELKANTH.BO,-7.23,0.624,2.94,Yes
2148,Veejay Lakshmi Engineering Works Limited,VJLAXMIE.BO,-7.67,0.664,3.224,Yes
2149,Godrej Agrovet Limited,GODREJAGRO.NS,-4.31,0.367,0.926,Yes
2150,Godavari Biorefineries Limited,GODAVARIB.BO,-4.12,0.348,0.341,Yes
2151,Saraswati Commercial (India) Limited,ZSARACOM.BO,-6.13,0.52,1.195,Yes
2152,Easy Trip Planners Limited,EASEMYTRIP.NS,-8.13,0.696,2.528,Yes
2153,Authum Investment & Infrastructure Limited,AIIL.NS,-4.27,0.356,0.974,Yes
2154,Damodar Industries Limited,DAMODARIND.NS,-8.61,0.732,2.84,Yes
2155,DJ Mediaprint & Logistics Limited,DJML.BO,-7.21,0.608,0.522,Yes
2156,DJ Mediaprint & Logistics Limited,DJML.NS,-7.3,0.614,0.61,Yes
2157,Balurghat Technologies Limited,BALTE.BO,-10.01,0.852,3.564,Yes
2158,ARCL Organics Ltd.,ARCL.BO,-8.53,0.714,2.383,Yes
2159,Concord Biotech Limited,CONCORDBIO.BO,-5.19,0.421,1.484,Yes
2160,Yunik Managing Advisors Limited,YUNIKM.BO,-9.75,0.808,3.066,Yes
2161,Exxaro Tiles Limited,EXXARO.BO,-5.18,0.42,1.347,Yes
2162,ICICI PRUD SENSEX ETF,SENSEXIETF.NS,-2.13,0.17,1.006,Yes
2163,Kay Power and Paper Limited,KAYPOWR.BO,-8.88,0.731,2.877,Yes
2164,Landmark Cars Limited,LANDMARK.NS,-5.79,0.467,1.571,Yes
2165,Nippon Mutual Funds - Nippon India ETF S&P BSE Sensex,SENSEXBEES.BO,-2.13,0.168,0.996,Yes
2166,Orient Electric Limited,ORIENTELEC.NS,-3.94,0.313,1.194,Yes
2167,Aptech Limited,APTECHT.BO,-8.09,0.652,2.239,Yes
2168,Bharti Hexacom Limited,BHARTIHEXA.NS,-3.33,0.262,0.81,Yes
2169,SBI Mutual Fund - SBI-ETF Sensex,SBISENSEX.BO,-2.17,0.169,1.001,Yes
2170,DISA India Limited,DISAQ.NS,-2.35,0.183,1.83,Yes
2171,CSB Bank Limited,CSBBANK.NS,-4.0,0.312,1.346,Yes
2172,Rajdarshan Industries Limited,ARENTERP.NS,-7.21,0.571,2.378,Yes
2173,Norris Medicines Limited,NORRIS.BO,-3.65,0.284,0.952,Yes
2174,Gayatri BioOrganics Limited,GAYATRIBI.BO,-11.23,0.906,1.211,Yes
2175,RITES Limited,RITES.NS,-4.64,0.362,1.783,Yes
2176,Parle Industries Limited,PARLEIND.BO,-11.71,0.941,2.02,Yes
2177,Aptech Limited,APTECHT.NS,-8.19,0.647,2.223,Yes
2178,Mangalam Global Enterprise Limited,MGEL.BO,-5.11,0.396,0.838,Yes
2179,Rishiroop Limited,RISHIROOP.BO,-6.15,0.477,1.743,Yes
2180,CSB Bank Limited,CSBBANK.BO,-4.09,0.312,1.36,Yes
2181,Alembic Pharmaceuticals Limited,APLLTD.NS,-3.52,0.267,0.995,Yes
2182,RITES Limited,RITES.BO,-4.75,0.361,1.782,Yes
2183,MPS Pharmaa Limited,ADVIKLA.BO,-2.76,0.207,0.142,Yes
2184,Sturdy Industries Limited,STURDY.BO,-4.18,0.314,0.245,Yes
2185,Seya Industries Limited,SEYAIND.NS,-8.86,0.68,2.206,Yes
2186,HB Estate Developers Limited,HBESD.BO,-6.49,0.492,1.665,Yes
2187,Trejhara Solutions Limited,TREJHARA.BO,-6.81,0.517,2.234,Yes
2188,Concord Biotech Limited,CONCORDBIO.NS,-5.57,0.418,1.466,Yes
2189,Inflame Appliances Limited,INFLAME.BO,-5.81,0.433,1.39,Yes
2190,Ashima Limited,ASHIMASYN.NS,-7.51,0.559,2.081,Yes
2191,TGV SRAAC Limited,TGVSL.BO,-5.84,0.432,1.276,Yes
2192,Transgene Biotek Limited,TRABI.BO,-10.02,0.752,2.453,Yes
2193,PCBL Chemical Limited,PCBL.BO,-5.86,0.43,1.686,Yes
2194,Twentyfirst Century Management Services Limited,21STCENMGM.BO,-8.04,0.596,1.353,Yes
2195,Golechha Global Finance Limited,GOLECHA.BO,-8.31,0.615,1.649,No
2196,Sun TV Network Limited,SUNTV.NS,-4.67,0.339,1.163,Yes
2197,Rama Petrochemicals Limited,RAMAPETRO.BO,-3.92,0.283,0.208,No
2198,Anant Raj Limited,ANANTRAJ.NS,-6.17,0.448,1.714,Yes
2199,Just Dial Limited,JUSTDIAL.BO,-6.72,0.487,1.144,Yes
2200,Bondada Engineering Limited,BONDADA.BO,-10.34,0.762,3.47,Yes
2201,Mirae Asset BSE Sensex ETF,SENSEXETF.NS,-2.41,0.168,0.997,Yes
2202,Hindustan Tin Works Limited,HINDTIN.BO,-7.85,0.562,1.638,Yes
2203,Meghmani Organics Limited,MOL.BO,-8.34,0.599,2.467,Yes
2204,Muthoot Capital Services Limited,MUTHOOTCAP.BO,-5.75,0.404,1.965,Yes
2205,CMI Limited,CMICABLES.BO,-7.71,0.546,1.247,Yes
2206,AXISAMC-SENSEXAXIS,SENSEXAXIS.NS,-2.65,0.183,0.995,Yes
2207,Responsive Industries Limited,RESPONIND.NS,-7.92,0.56,2.108,Yes
2208,Ashima Limited,ASHIMASYN.BO,-7.74,0.544,2.029,Yes
2209,Supreme Petrochem Limited,SPLPETRO.NS,-5.74,0.398,0.143,No
2210,Aditya Birla Sun Life S&P BSE Sensex ETF,BSLSENETFG.NS,-2.44,0.166,0.983,Yes
2211,Meghmani Organics Limited,MOL.NS,-8.55,0.596,2.443,Yes
2212,Max Healthcare Institute Limited,MAXHEALTH.BO,-4.83,0.327,1.03,Yes
2213,Mrs. Bectors Food Specialities Limited,BECTORFOOD.NS,-5.16,0.35,1.427,Yes
2214,Vedanta Limited,VEDL.BO,-11.51,0.8,2.071,No
2215,Mrs. Bectors Food Specialities Limited,BECTORFOOD.BO,-5.18,0.349,1.42,Yes
2216,Just Dial Limited,JUSTDIAL.NS,-7.12,0.483,1.096,Yes
2217,Asian Hotels (East) Limited,AHLEAST.NS,-4.31,0.288,0.432,Yes
2218,Responsive Industries Limited,RESPONIND.BO,-8.19,0.557,2.06,Yes
2219,Sarvottam Finvest Limited,SARVOTTAM.BO,-6.41,0.432,1.033,Yes
2220,Jyoti Limited,JYOTI.BO,-12.39,0.859,3.106,Yes
2221,Time Technoplast Limited,TIMETECHNO.NS,-5.77,0.385,1.696,Yes
2222,DSPAMC - DSPSENXETF,SENSEXADD.NS,-2.54,0.166,0.984,Yes
2223,Rama Phosphates Limited,RAMAPHO.NS,-8.1,0.544,2.584,Yes
2224,Seshasayee Paper and Boards Limited,SESHAPAPER.NS,-4.84,0.319,0.872,Yes
2225,Vedanta Limited,VEDL.NS,-11.73,0.8,2.065,No
2226,GSL Securities Limited,GSLSEC.BO,-10.82,0.733,2.401,Yes
2227,Boston Commerce Limited,BOSTON.BO,-14.03,0.965,4.383,No
2228,Orient Technologies Limited,ORIENTTECH.BO,-10.23,0.689,2.569,Yes
2229,HDFC Mutual Fund - HDFC Sensex ETF,HDFCSENSEX.NS,-2.55,0.165,0.975,Yes
2230,Best Agrolife Limited,BESTAGRO.NS,-11.44,0.771,3.279,Yes
2231,Hexaware Technologies Limited,HEXT.BO,-6.84,0.45,1.003,Yes
2232,Hexaware Technologies Limited,HEXT.NS,-6.85,0.45,1.004,Yes
2233,Best Agrolife Limited,BESTAGRO.BO,-11.44,0.764,3.24,Yes
2234,Supreme Petrochem Limited,SPLPETRO.BO,-6.02,0.39,0.169,No
2235,Siddheswari Garments Limited,SIDDHEGA.BO,-9.14,0.6,0.491,Yes
2236,Samyak International Limited,SAMYAKINT.BO,-10.25,0.673,3.227,Yes
2237,Amco India Limited,AMCOIND.BO,-6.38,0.41,1.548,Yes
2238,Ambar Protein Industries Limited,AMBARPIL.BO,-8.29,0.537,0.935,Yes
2239,LIC MF BSE Sensex ETF,LICNETFSEN.NS,-2.62,0.165,0.972,Yes
2240,Shiva Mills Limited,SHIVAMILLS.BO,-5.4,0.344,0.937,Yes
2241,G. G. Dandekar Properties Limited,GGDPROP.BO,-8.26,0.534,2.578,Yes
2242,Prajay Engineers Syndicate Limited,PRAENG.BO,-8.69,0.56,2.404,Yes
2243,Shyamkamal Investments Limited,SHYMINV.BO,-4.61,0.289,0.503,Yes
2244,Nidhi Granites Limited,NIDHGRN.BO,-11.18,0.724,3.241,Yes
2245,Globale Tessile Limited,GLOBALE.NS,-7.64,0.487,1.45,Yes
2246,Seasons Textiles Limited,SEASONST.BO,-4.26,0.266,0.045,No
2247,Orient Technologies Limited,ORIENTTECH.NS,-10.66,0.684,2.546,Yes
2248,Nava Limited,NAVA.NS,-6.25,0.392,1.003,Yes
2249,Nava Limited,NAVA.BO,-6.29,0.394,0.994,Yes
2250,Mangalam Global Enterprise Limited,MGEL.NS,-6.2,0.387,0.738,Yes
2251,Time Technoplast Limited,TIMETECHNO.BO,-6.15,0.382,1.694,Yes
2252,Nikhil Adhesives Limited,NIKHILAD.BO,-10.22,0.647,1.705,Yes
2253,Krishival Foods Limited,KRISHIVAL.BO,-6.34,0.392,0.152,Yes
2254,Geekay Wires Limited,GEEKAYWIRE.NS,-9.26,0.579,2.351,Yes
2255,Flomic Global Logistics Limited,FLOMIC.BO,-10.33,0.649,2.063,Yes
2256,Sonal Adhesives Limited,SONALAD.BO,-7.78,0.482,1.919,Yes
2257,Radaan Mediaworks India Limited,RADAAN.BO,-6.23,0.383,1.784,Yes
2258,Modi Naturals Limited,MODINATUR.BO,-8.89,0.551,0.719,Yes
2259,Next Mediaworks Limited,NEXTMEDIA.BO,-9.48,0.586,2.426,Yes
2260,Escorts Kubota Limited,ESCORTS.NS,-6.33,0.383,2.146,Yes
2261,Kotak Mahindra Mutual Fund - Kotak BSE Sensex ETF,SENSEX1.BO,-2.53,0.15,0.886,Yes
2262,Vishwaraj Sugar Industries Limited,VISHWARAJ.BO,-10.34,0.633,2.535,Yes
2263,Fluidomat Limited,FLUIDOM.BO,-8.7,0.528,1.37,Yes
2264,IITL Projects Limited,IITLPROJ.BO,-6.95,0.418,0.78,Yes
2265,Tube Investments of India Limited,TIINDIA.BO,-5.95,0.356,0.671,Yes
2266,Tube Investments of India Limited,TIINDIA.NS,-5.95,0.354,0.671,Yes
2267,Krishival Foods Limited,KRISHIVAL.NS,-6.53,0.389,0.16,Yes
2268,IndiQube Spaces Limited,INDIQUBE.NS,-8.07,0.483,2.199,Yes
2269,Suratwwala Business Group Limited,SBGLP.NS,-12.01,0.729,2.966,Yes
2270,Dr. Reddy's Laboratories Limited,DRREDDY.NS,-3.55,0.206,0.228,Yes
2271,Cipla Limited,CIPLA.NS,-3.73,0.217,0.837,Yes
2272,Muthoot Capital Services Limited,MUTHOOTCAP.NS,-6.62,0.39,1.889,Yes
2273,Housing and Urban Development Corporation Limited,HUDCO.NS,-8.49,0.502,2.261,Yes
2274,Butterfly Gandhimathi Appliances Limited,BUTTERFLY.BO,-5.06,0.294,0.395,Yes
2275,Suncity Synthetics Limited,SUNCITYSY.BO,-14.3,0.863,0.127,Yes
2276,Shyam Century Ferrous Limited,SHYAMCENT.NS,-13.17,0.789,3.292,Yes
2277,Elcid Investments Limited,ELCIDIN.BO,-8.88,0.518,2.281,Yes
2278,JSW Cement Limited,JSWCEMENT.BO,-5.16,0.295,0.734,Yes
2279,LIC MF ETF Sensex,LICNETFSEN.BO,-2.8,0.158,0.917,Yes
2280,OnMobile Global Limited,ONMOBILE.BO,-11.15,0.652,2.69,Yes
2281,Pfizer Limited,PFIZER.NS,-3.91,0.22,0.516,Yes
2282,Housing and Urban Development Corporation Limited,HUDCO.BO,-8.76,0.505,2.275,Yes
2283,Tips Films Limited,TIPSFILMS.NS,-10.12,0.587,2.347,Yes
2284,Polyspin Exports Limited,POLYSPIN.BO,-6.24,0.355,1.401,Yes
2285,IndiQube Spaces Limited,INDIQUBE.BO,-8.28,0.474,2.132,Yes
2286,JSW Cement Limited,JSWCEMENT.NS,-5.21,0.293,0.728,Yes
2287,Kuwer Industries Limited,KUWERIN.BO,-7.59,0.432,0.581,Yes
2288,Stanpacks (India) Limited,STANPACK.BO,-7.96,0.451,0.674,Yes
2289,Lime Chemicals Limited,LIMECHM.BO,-6.94,0.391,1.167,Yes
2290,Jayabharat Credit Limited,JAYBHCR.BO,-13.88,0.805,1.549,Yes
2291,Olectra Greentech Limited,OLECTRA.NS,-9.29,0.525,1.233,Yes
2292,Butterfly Gandhimathi Appliances Limited,BUTTERFLY.NS,-5.29,0.291,0.398,Yes
2293,NTPC Green Energy Limited,NTPCGREEN.NS,-5.24,0.288,0.529,Yes
2294,Olectra Greentech Limited,OLECTRA.BO,-9.35,0.523,1.229,Yes
2295,L&T Technology Services Limited,LTTS.BO,-6.34,0.349,1.435,Yes
2296,Rama Phosphates Limited,RAMAPHO.BO,-9.56,0.534,2.55,Yes
2297,Waa Solar Limited,WAA.BO,-14.26,0.815,1.987,Yes
2298,Sharvaya Metals Limited,SHARVAYA.BO,-10.19,0.569,2.117,Yes
2299,Aruna Hotels Limited,ARUNAHTEL.BO,-6.24,0.341,1.128,Yes
2300,Asian Hotels (East) Limited,AHLEAST.BO,-5.07,0.275,0.524,Yes
2301,Styrenix Performance Materials Limited,STYRENIX.BO,-7.3,0.398,1.217,Yes
2302,Cressanda Railway Solutions Limited,CRSL.BO,-15.08,0.855,3.22,Yes
2303,Lorenzini Apparels Limited,LAL.BO,-8.82,0.482,1.958,Yes
2304,ITI Limited,ITI.BO,-6.4,0.345,1.437,Yes
2305,ICICI Prudential Nifty Top 15 Equal Weight ETF,TOP15IETF.NS,-3.56,0.188,1.115,Yes
2306,Aarnav Fashions Limited,AARNAV.BO,-8.67,0.47,1.571,Yes
2307,S&P BSE SENSEX,^BSESN,-3.2,0.169,1.0,Yes
2308,Mefcom Capital Markets Limited,MEFCOMCAP.BO,-10.13,0.551,1.616,Yes
2309,OnMobile Global Limited,ONMOBILE.NS,-11.77,0.642,2.643,Yes
2310,Sri KPR Industries Limited,SRIKPRIND.BO,-10.9,0.591,1.955,Yes
2311,Aditya Birla Real Estate Limited,ABREL.BO,-9.99,0.539,2.447,Yes
2312,ITI Limited,ITI.NS,-6.52,0.343,1.452,Yes
2313,SRG Housing Finance Limited,SRGHFL.BO,-6.53,0.342,0.921,Yes
2314,Roto Pumps Limited,ROTO.BO,-9.97,0.531,1.609,Yes
2315,Career Point Edutech Ltd.,CPEDU.NS,-14.04,0.762,3.849,Yes
2316,Ashirwad Steels & Industries Limited,ASHSI.BO,-11.7,0.624,2.615,Yes
2317,Roto Pumps Limited,ROTO.NS,-9.91,0.523,1.614,Yes
2318,Jaihind Industries Limited,JAIHIND.BO,-9.39,0.495,0.465,Yes
2319,Websol Energy System Limited,WEBELSOLAR.BO,-17.1,0.937,1.388,Yes
2320,Nippon India ETF Hang Seng BeES,HNGSNGBEES.NS,-6.31,0.327,0.977,Yes
2321,NTPC Green Energy Limited,NTPCGREEN.BO,-5.48,0.283,0.498,Yes
2322,NITCO Limited,NITCO.BO,-10.01,0.526,1.724,No
2323,Dalal Street Investments Limited,DSINVEST.BO,-6.86,0.355,0.708,Yes
2324,L&T Technology Services Limited,LTTS.NS,-6.77,0.349,1.427,Yes
2325,Websol Energy System Limited,WEBELSOLAR.NS,-17.19,0.935,1.385,Yes
2326,Newtrac Foods & Beverages Limited,NEWTRAC.BO,-20.03,1.106,2.257,Yes
2327,Everest Organics Limited,EVERESTO.BO,-13.8,0.735,3.568,Yes
2328,Bharat Dynamics Limited,BDL.BO,-8.28,0.426,1.591,Yes
2329,Golden Carpets Limited,GOLCA.BO,-10.36,0.538,0.914,Yes
2330,Margo Finance Limited,MARGOFIN.BO,-6.77,0.345,1.09,Yes
2331,Sunil Industries Limited,SUNILTX.BO,-13.69,0.722,2.738,Yes
2332,Hawkins Cookers Limited,HAWKINCOOK.BO,-3.59,0.18,0.163,Yes
2333,Vishwaraj Sugar Industries Limited,VISHWARAJ.NS,-11.92,0.619,2.5,Yes
2334,Nicco Parks & Resorts Limited,NICCOPAR.BO,-9.45,0.484,1.219,Yes
2335,Aditya Birla Sun Life Sensex ETF,BSLSENETFG.BO,-3.02,0.15,0.88,Yes
2336,Shyam Century Ferrous Limited,SHYAMCENT.BO,-14.85,0.782,3.229,Yes
2337,The Fertilisers and Chemicals Travancore Limited,FACT.NS,-5.58,0.28,0.708,Yes
2338,Bharat Dynamics Limited,BDL.NS,-8.38,0.425,1.588,Yes
2339,GCM Securities Limited,GCMSECU.BO,-9.22,0.47,2.438,Yes
2340,Jaykay Enterprises Limited,JAYKAY.NS,-15.28,0.803,3.171,Yes
2341,JHS Svendgaard Laboratories Limited,JHS.NS,-12.42,0.642,2.488,Yes
2342,Landmark Property Development Company Limited,LPDC.NS,-9.57,0.488,1.491,Yes
2343,Energy Development Company Limited,ENERGYDEV.NS,-9.24,0.469,2.328,Yes
2344,Lords Ishwar Hotels Limited,LORDSHOTL.BO,-6.88,0.345,1.765,No
2345,Aditya Birla Real Estate Limited,ABREL.NS,-10.46,0.533,2.425,Yes
2346,Nippon India ETF Hang Seng BeES,HNGSNGBEES.BO,-6.43,0.321,0.953,Yes
2347,Super Spinning Mills Limited,SUPERSPIN.NS,-13.65,0.706,3.455,Yes
2348,Career Point Edutech Ltd.,CPEDU.BO,-14.33,0.742,3.765,Yes
2349,Mahanagar Gas Limited,MGL.BO,-8.72,0.438,1.852,Yes
2350,Trinity League India Limited,TRINITYLEA.BO,-8.06,0.401,0.893,Yes
2351,Lords Chloro Alkali Limited,LORDSCHLO.BO,-11.03,0.555,2.391,Yes
2352,ISF Limited,ISFL.BO,-10.19,0.51,1.656,Yes
2353,Clara Industries Limited,CLARA.BO,-8.34,0.413,1.851,Yes
2354,Ambassador Intra Holdings Limited,AIHL.BO,-13.12,0.665,0.965,No
2355,Rose Merc Limited,ROSEMER.BO,-7.64,0.376,0.082,No
2356,The Fertilisers and Chemicals Travancore Limited,FACT.BO,-5.62,0.274,0.627,Yes
2357,B & A Limited,BNALTD.BO,-7.72,0.38,1.39,Yes
2358,Sandu Pharmaceuticals Limited,SANDUPHQ.BO,-10.95,0.547,1.796,Yes
2359,Zee Entertainment Enterprises Limited,ZEEL.BO,-9.47,0.469,1.746,Yes
2360,Century Plyboards (India) Limited,CENTURYPLY.BO,-4.92,0.238,0.682,Yes
2361,HBL Engineering Limited,HBLENGINE.NS,-10.58,0.526,1.877,Yes
2362,HBL Engineering Limited,HBLENGINE.BO,-10.62,0.525,1.882,Yes
2363,Orient Beverages Limited,ORIBEVER.BO,-11.38,0.565,1.112,Yes
2364,Styrenix Performance Materials Limited,STYRENIX.NS,-8.02,0.39,1.167,Yes
2365,The Andhra Petrochemicals Limited,ANDHRAPET.BO,-10.72,0.529,2.631,Yes
2366,Indian Sucrose Limited,INDSUCR.BO,-6.51,0.314,0.513,Yes
2367,Century Plyboards (India) Limited,CENTURYPLY.NS,-5.05,0.241,0.706,Yes
2368,Ansal Properties & Infrastructure Limited,ANSALAPI.NS,-14.05,0.7,1.543,Yes
2369,Gujarat Poly Electronics Limited,GUJARATPOLY.BO,-14.04,0.697,2.222,Yes
2370,Trigyn Technologies Limited,TRIGYN.BO,-15.04,0.746,2.812,Yes
2371,Amines & Plasticizers Limited,AMNPLST.BO,-8.45,0.404,1.399,Yes
2372,Reliance Industrial Infrastructure Limited,RIIL.NS,-7.83,0.373,1.564,Yes
2373,IFB Industries Limited,IFBIND.NS,-10.92,0.527,2.193,Yes
2374,Coral Newsprints Limited,CORNE.BO,-11.37,0.549,2.214,Yes
2375,Nandani Creation Limited,JAIPURKURT.NS,-15.04,0.739,1.137,Yes
2376,Hindustan Petroleum Corporation Limited,HINDPETRO.NS,-7.61,0.359,1.701,Yes
2377,Narendra Properties Limited,NARPROP.BO,-5.24,0.245,0.552,No
2378,Amines & Plasticizers Limited,AMNPLST.NS,-9.27,0.441,1.6,Yes
2379,Asian Granito India Limited,ASIANTILES.NS,-8.46,0.401,1.739,Yes
2380,Ishita Drugs and Industries Limited,ISHITADR.BO,-7.1,0.333,0.657,Yes
2381,Wonderla Holidays Limited,WONDERLA.BO,-5.16,0.24,0.279,Yes
2382,Zee Entertainment Enterprises Limited,ZEEL.NS,-9.73,0.461,1.721,Yes
2383,Lerthai Finance Limited,LERTHAI.BO,-13.05,0.628,1.694,Yes
2384,Paramount Cosmetics (India) Limited,PARMCOS-B.BO,-5.03,0.233,0.381,Yes
2385,Nile Limited,NILE.BO,-9.81,0.463,1.491,Yes
2386,Energy Development Company Limited,ENERGYDEV.BO,-9.76,0.46,2.328,Yes
2387,Reliance Industrial Infrastructure Limited,RIIL.BO,-7.98,0.372,1.556,Yes
2388,Bandhan Gold ETF,GOLDBND.NS,-5.32,0.245,0.341,Yes
2389,Suratwwala Business Group Limited,SBGLP.BO,-15.66,0.757,3.048,Yes
2390,AION-TECH Solutions Limited,GOLDTECH.NS,-11.71,0.554,2.182,Yes
2391,Shraddha Prime Projects Limited,SHRADDHA.BO,-7.24,0.335,1.271,Yes
2392,Sulabh Engineers & Services Limited,SULABEN.BO,-12.64,0.601,1.307,Yes
2393,BNR Udyog Limited,BNRUDY.BO,-10.28,0.482,0.407,Yes
2394,Gujarat Terce Laboratories Limited,GUJTERC.BO,-8.44,0.393,1.723,Yes
2395,Spectra Industries Limited,SPECTRA.BO,-13.41,0.637,0.096,Yes
2396,Swadha Nature Limited,SWADHATURE.BO,-15.45,0.742,1.032,Yes
2397,Maruti Infrastructure Limited,MAINFRA.BO,-9.48,0.441,1.044,No
2398,BCPL Railway Infrastructure Limited,BCPL.BO,-7.0,0.321,0.415,Yes
2399,Crescentis Capital Limited,CRESCENTIS.BO,-5.54,0.252,0.712,Yes
2400,Star Paper Mills Limited,STARPAPER.NS,-6.57,0.3,1.404,Yes
2401,Lorenzini Apparels Limited,LAL.NS,-9.41,0.435,1.673,Yes
2402,Sagarsoft (India) Limited,SAGARSOFT.BO,-11.54,0.538,1.727,Yes
2403,Reliance Industries Limited,RELIANCE.NS,-4.6,0.207,0.839,Yes
2404,Mirae Asset Nifty Top 20 Equal Weight ETF,TOP20.NS,-5.07,0.228,1.031,Yes
2405,Mirae Asset BSE 500 Dividend Leaders 50 ETF,DIVIDEND.NS,-5.04,0.227,0.891,Yes
2406,Finkurve Financial Services Limited,FINKURVE.BO,-14.81,0.698,3.382,Yes
2407,B & A Packaging India Limited,BAPACK.BO,-6.31,0.284,0.648,Yes
2408,AION-TECH Solutions Limited,GOLDTECH.BO,-11.58,0.534,2.046,Yes
2409,Indoco Remedies Limited,INDOCO.NS,-10.09,0.46,1.709,Yes
2410,Shri Bajrang Alliance Limited,SHBAJRG.BO,-10.35,0.471,2.148,Yes
2411,Continental Chemicals Limited,CONTCHM.BO,-7.92,0.356,0.476,Yes
2412,Chennai Meenakshi Multispeciality Hospital Limited,CMMHOSP.BO,-8.91,0.401,1.572,Yes
2413,Cityman Limited,CITYMAN.BO,-7.93,0.354,0.07,No
2414,Hisar Metal Industries Limited,HISARMETAL.NS,-9.11,0.409,1.835,Yes
2415,Asian Granito India Limited,ASIANTILES.BO,-8.84,0.396,1.673,Yes
2416,Trejhara Solutions Limited,TREJHARA.NS,-11.0,0.496,2.123,Yes
2417,Bharat Bijlee Limited,BBL.NS,-13.68,0.624,2.171,Yes
2418,SRM Contractors Limited,SRM.BO,-9.65,0.431,1.715,Yes
2419,KJMC Financial Services Limited,KJMCFIN.BO,-12.02,0.54,1.334,Yes
2420,iValue Infosolutions Limited,IVALUE.BO,-7.66,0.336,1.382,Yes
2421,Trigyn Technologies Limited,TRIGYN.NS,-15.78,0.72,2.656,Yes
2422,Hercules Investments Limited,HERCULES.BO,-14.19,0.641,3.132,Yes
2423,Senthil Infotek Limited,SENINFO.BO,-9.93,0.438,2.012,Yes
2424,Bharat Agri Fert and Realty Limited,BHARATAGRI.BO,-14.59,0.656,2.22,Yes
2425,Desco Infratech Limited,DESCO.BO,-17.58,0.802,2.097,Yes
2426,Wonderla Holidays Limited,WONDERLA.NS,-5.5,0.236,0.265,Yes
2427,Niyogin Fintech Limited,NIYOGIN.BO,-12.9,0.573,0.036,No
2428,Laxmi Organic Industries Limited,LXCHEM.BO,-11.61,0.512,2.005,Yes
2429,Nippon India ETF Nifty 50 Value 20,NV20BEES.NS,-3.7,0.157,0.866,Yes
2430,HLE Glascoat Limited,HLEGLAS.NS,-15.43,0.693,3.038,Yes
2431,SRM Contractors Limited,SRM.NS,-9.91,0.432,1.707,Yes
2432,General Insurance Corporation of India,GICRE.BO,-3.24,0.137,0.543,Yes
2433,Affordable Robotic & Automation Limited,AFFORDABLE.BO,-15.73,0.705,3.431,Yes
2434,Blue Dart Express Limited,BLUEDART.BO,-8.75,0.376,1.684,Yes
2435,iValue Infosolutions Limited,IVALUE.NS,-7.76,0.331,1.325,Yes
2436,Tata Nifty 50 ETF,NETF.NS,-3.58,0.15,0.863,Yes
2437,V.S.T. Tillers Tractors Limited,VSTTILLERS.BO,-8.9,0.38,1.615,Yes
2438,Power Finance Corporation Limited,PFC.BO,-7.9,0.335,0.771,Yes
2439,Affordable Robotic & Automation Limited,AFFORDABLE.NS,-15.9,0.701,3.407,Yes
2440,HLE Glascoat Limited,HLEGLAS.BO,-15.7,0.691,3.038,Yes
2441,Laxmi Organic Industries Limited,LXCHEM.NS,-11.75,0.506,1.983,Yes
2442,Vertex Securities Limited,VERTEX.BO,-14.21,0.62,2.507,Yes
2443,Vishal Bearings Limited,VISHALBL.BO,-17.3,0.766,3.128,Yes
2444,Kasturi Metal Composite Limited,KASTURI.BO,-16.57,0.73,2.641,Yes
2445,Nippon India ETF Shariah BeES,SHARIABEES.BO,-3.78,0.156,0.647,Yes
2446,Servotech Renewable Power System Limited,SERVOTECH.NS,-18.32,0.815,2.264,Yes
2447,Olympic Oil Industries Limited,OLYOI.BO,-14.04,0.61,0.819,Yes
2448,Mehul Telecom Limited,MTL.BO,-12.64,0.545,0.18,Yes
2449,eMudhra Limited,EMUDHRA.BO,-11.85,0.506,1.597,Yes
2450,Vikalp Securities Limited,VIKALPS.BO,-12.76,0.547,0.558,Yes
2451,Star Paper Mills Limited,STARPAPER.BO,-6.75,0.281,1.374,Yes
2452,Shree Digvijay Cement Company Limited,SHREDIGCEM.NS,-10.2,0.43,2.025,Yes
2453,General Insurance Corporation of India,GICRE.NS,-3.32,0.135,0.54,Yes
2454,V.S.T. Tillers Tractors Limited,VSTTILLERS.NS,-9.09,0.378,1.6,Yes
2455,KPT Industries Limited,KPT.BO,-17.07,0.739,3.485,Yes
2456,Thinkink Picturez Limited,THINKINK.BO,-17.26,0.742,3.282,Yes
2457,Tata Consumer Products Limited,TATACONSUM.BO,-5.65,0.229,0.939,Yes
2458,Modern Shares and Stockbrokers Limited,MODRNSH.BO,-10.14,0.418,1.387,Yes
2459,V-Guard Industries Limited,VGUARD.NS,-5.7,0.23,0.001,Yes
2460,Orient Green Power Company Limited,GREENPOWER.BO,-16.56,0.704,2.827,Yes
2461,Kanco Tea & Industries Limited,KANCOTEA.BO,-10.7,0.441,1.176,Yes
2462,Kamat Hotels (India) Limited,KAMATHOTEL.NS,-13.78,0.577,1.336,Yes
2463,Blue Dart Express Limited,BLUEDART.NS,-9.13,0.373,1.666,Yes
2464,Alkali Metals Limited,ALKALI.BO,-15.78,0.667,2.081,Yes
2465,Wonder Electricals Limited,WEL.NS,-15.01,0.631,3.073,Yes
2466,Megri Soft Limited,MEGRISOFT.BO,-11.56,0.477,2.343,Yes
2467,Texmaco Rail & Engineering Limited,TEXRAIL.NS,-12.53,0.518,2.361,Yes
2468,Transwarranty Finance Limited,TFL.BO,-9.38,0.381,1.189,Yes
2469,Vedant Fashions Limited,MANYAVAR.NS,-12.8,0.528,1.146,Yes
2470,Lords Chloro Alkali Limited,LORDSCHLO.NS,-12.81,0.527,2.192,Yes
2471,Orient Green Power Company Limited,GREENPOWER.NS,-16.69,0.699,2.811,Yes
2472,Purohit Construction Limited,PUROHITCON.BO,-10.81,0.439,0.9,No
2473,GRP Limited,GRPLTD.BO,-5.69,0.225,0.016,Yes
2474,Raconteur Global Resources Limited,RACONTEUR.BO,-15.9,0.661,2.041,Yes
2475,Solvex Edibles Limited,SOLVEX.BO,-24.34,1.059,2.566,Yes
2476,Avonmore Capital & Management Services Limited,AVONMORE.NS,-13.74,0.564,2.338,Yes
2477,The Standard Batteries Limited,STDBAT.BO,-14.52,0.598,2.178,Yes
2478,Texmaco Rail & Engineering Limited,TEXRAIL.BO,-12.67,0.516,2.351,Yes
2479,V-Guard Industries Limited,VGUARD.BO,-5.84,0.23,0.008,Yes
2480,DCM Shriram Limited,DCMSHRIRAM.NS,-7.6,0.301,0.419,Yes
2481,Promact Plastics Limited,PROMACT.BO,-9.45,0.378,0.287,No
2482,Tata Consumer Products Limited,TATACONSUM.NS,-5.8,0.227,0.935,Yes
2483,Mercury Laboratories Limited,MERCURYLAB.BO,-5.46,0.212,1.079,Yes
2484,Vedant Fashions Limited,MANYAVAR.BO,-13.09,0.527,1.153,Yes
2485,Patel Engineering Limited,PATELENG.NS,-14.23,0.575,1.866,Yes
2486,Axel Polymers Limited,AXELPOLY.BO,-5.7,0.22,0.13,Yes
2487,Apoorva Leasing Finance and Investment Company Limited,APOORVA.BO,-10.23,0.402,0.394,Yes
2488,Shristi Infrastructure Development Corporation Limited,SHRISTI.BO,-9.04,0.352,1.014,Yes
2489,Jyoti Structures Limited,JYOTISTRUC.NS,-18.4,0.753,2.194,Yes
2490,Nagreeka Exports Limited,NAGREEKEXP.BO,-18.75,0.765,2.416,Yes
2491,Patel Engineering Limited,PATELENG.BO,-14.38,0.573,1.869,Yes
2492,Shreeshay Engineers Limited,SHREESHAY.BO,-10.5,0.41,1.199,Yes
2493,Mangalam Seeds Limited,MSL.BO,-9.73,0.378,1.611,Yes
2494,Miven Machine Tools Limited,MIVENMACH.BO,-13.82,0.549,0.933,Yes
2495,eMudhra Limited,EMUDHRA.NS,-12.53,0.493,1.477,Yes
2496,Triliance Polymers Limited,TRILIANCE.BO,-23.23,0.964,1.485,Yes
2497,Chordia Food Products Limited,CHORDIA.BO,-5.17,0.195,0.551,Yes
2498,Sprayking Limited,SPRAYKING.BO,-18.4,0.743,3.155,Yes
2499,CL Educate Limited,CLEDUCATE.BO,-15.0,0.594,0.061,No
2500,Everlon Financials Limited,EVERFIN.BO,-11.7,0.455,1.344,Yes
2501,Oceanic Foods Limited,OCEANIC.BO,-12.08,0.469,1.41,Yes
2502,Globus Power Generation Limited,GLOBUSCON.BO,-10.62,0.407,1.534,Yes
2503,HDFC NIFTY50 Value 20 ETF,HDFCVALUE.NS,-3.81,0.141,0.781,Yes
2504,Mastek Limited,MASTEK.BO,-12.2,0.471,1.799,Yes
2505,Xchanging Solutions Limited,XCHANGING.BO,-15.3,0.599,2.951,Yes
2506,Insecticides (India) Limited,INSECTICID.NS,-12.02,0.462,1.671,Yes
2507,The Anup Engineering Limited,ANUP.NS,-14.22,0.552,1.455,Yes
2508,Anjani Foods Limited,ANJANIFOODS.BO,-18.32,0.727,3.204,Yes
2509,DCM Shriram Limited,DCMSHRIRAM.BO,-7.93,0.298,0.396,Yes
2510,Shivalik Rasayan Limited,SHIVALIK.BO,-15.01,0.584,1.316,Yes
2511,Indian Toners & Developers Limited,INDTONER.BO,-8.92,0.336,0.741,Yes
2512,Gujarat Peanut and Agri Products Limited,GPAPL.BO,-8.67,0.326,1.025,Yes
2513,Indrayani Biotech Limited,INDRANIB.BO,-20.78,0.833,2.734,Yes
2514,Bharat Bhushan Finance & Commodity Brokers Limited,BHARAT.BO,-10.21,0.387,1.983,Yes
2515,Medico Intercontinental Limited,MIL.BO,-16.47,0.642,1.186,Yes
2516,Apollo Tyres Limited,APOLLOTYRE.NS,-5.05,0.185,0.728,Yes
2517,Mastek Limited,MASTEK.NS,-12.43,0.472,1.819,Yes
2518,The Baroda Rayon Corporation Limited,BARODARY.BO,-8.27,0.308,0.989,Yes
2519,Adinath Textiles Limited,ADINATH.BO,-14.07,0.537,1.905,Yes
2520,The Anup Engineering Limited,ANUP.BO,-14.41,0.549,1.451,Yes
2521,Nippon India ETF Nifty 50 Shariah BeES,SHARIABEES.NS,-4.38,0.159,0.662,Yes
2522,Centenial Surgical Suture Ltd.,CSURGSU.BO,-11.05,0.412,1.161,Yes
2523,Fine-Line Circuits Limited,FINELINE.BO,-11.08,0.411,0.604,Yes
2524,VST Industries Limited,VSTIND.NS,-10.63,0.393,1.628,Yes
2525,The Indian Card Clothing Company Limited,INDIANCARD.NS,-13.01,0.486,2.148,Yes
2526,Sri Lakshmi Saraswathi Textiles (Arni) Limited,SLSTLQ.BO,-13.46,0.503,0.784,Yes
2527,ICICI PRUDENTIAL NV20 ETF,NV20IETF.NS,-3.95,0.141,0.781,Yes
2528,Meta Infotech Limited,METAINFO.BO,-20.5,0.794,3.585,Yes
2529,Kamat Hotels (India) Limited,KAMATHOTEL.BO,-15.09,0.567,1.239,Yes
2530,Alkali Metals Limited,ALKALI.NS,-17.77,0.676,2.065,Yes
2531,Porwal Auto Components Limited,PORWAL.BO,-7.35,0.265,0.683,Yes
2532,VST Industries Limited,VSTIND.BO,-10.76,0.394,1.624,Yes
2533,Kandagiri Spinning Mills Limited,KANDAGIRI.BO,-6.68,0.239,0.338,Yes
2534,Polymechplast Machines Limited,POLYCHMP.BO,-7.58,0.272,0.846,Yes
2535,SecureKloud Technologies Limited,SECURKLOUD.NS,-14.42,0.534,2.032,Yes
2536,Xchanging Solutions Limited,XCHANGING.NS,-15.82,0.59,2.904,Yes
2537,Ansal Buildwell Limited,ANSALBU.BO,-12.58,0.461,1.125,Yes
2538,Emkay Global Financial Services Limited,EMKAY.NS,-12.17,0.444,1.725,Yes
2539,Ravelcare Limited,RAVEL.BO,-19.44,0.735,2.009,Yes
2540,Creative Eye Limited,CREATIVEYE.BO,-10.88,0.393,1.296,Yes
2541,Rudra Global Infra Products Limited,RUDRA.BO,-17.71,0.661,2.423,Yes
2542,M & B Engineering Limited,MBEL.BO,-18.11,0.675,3.152,Yes
2543,Insecticides (India) Limited,INSECTICID.BO,-12.36,0.447,1.586,Yes
2544,V. B. Desai Financial Services Limited,VBDESAI.BO,-15.34,0.561,2.689,Yes
2545,Bharat Gears Limited,BHARATGEAR.NS,-12.58,0.454,1.437,Yes
2546,Lakshmi Engineering and Warehousing Limited,LAKSHMIEW.BO,-8.21,0.289,0.242,No
2547,Vertoz Limited,VERTOZ.NS,-26.21,1.016,4.188,Yes
2548,Globe Civil Projects Limited,GLOBECIVIL.BO,-18.63,0.691,3.138,Yes
2549,MRF Limited,MRF.NS,-6.55,0.228,0.861,Yes
2550,M & B Engineering Limited,MBEL.NS,-18.45,0.678,3.172,Yes
2551,Muller & Phipps (India) Limited,MULLER.BO,-11.69,0.414,1.744,Yes
2552,Prime Property Development Corporation Limited,PRIMEPRO.BO,-15.43,0.557,1.726,Yes
2553,Globe Civil Projects Limited,GLOBECIVIL.NS,-18.68,0.686,3.095,Yes
2554,Aelea Commodities Limited,ACLD.BO,-13.84,0.494,1.679,Yes
2555,Ashoka Metcast Limited,ASHOKAMET.BO,-13.28,0.472,1.977,Yes
2556,Purshottam Investofin Limited,PURSHOTTAM.BO,-7.57,0.26,0.856,Yes
2557,Power Finance Corporation Limited,PFC.NS,-10.11,0.352,0.797,Yes
2558,Polytex India Limited,POLYTEX.BO,-9.47,0.328,0.194,No
2559,Ashoka Metcast Limited,ASHOKAMET.NS,-13.42,0.474,1.919,Yes
2560,RTS Power Corporation Limited,RTSPOWR.BO,-23.15,0.862,3.651,Yes
2561,Vakrangee Limited,VAKRANGEE.NS,-17.68,0.638,2.989,Yes
2562,Radhika Jeweltech Limited,RADHIKAJWE.NS,-15.48,0.552,2.314,Yes
2563,GRP Limited,GRPLTD.NS,-6.15,0.209,0.029,Yes
2564,Shivalik Rasayan Limited,SHIVALIK.NS,-16.4,0.583,1.363,Yes
2565,Indo Euro Indchem Limited,INDOEURO.BO,-16.7,0.593,2.518,Yes
2566,Metal Coatings (India) Limited,METALCO.BO,-13.62,0.475,2.171,Yes
2567,Motilal Oswal Nifty India Tourism ETF,MOTOUR.NS,-8.47,0.288,1.474,Yes
2568,Dollex Agrotech Limited,DOLLEX.NS,-10.73,0.368,1.093,Yes
2569,Resourceful Automobile Limited,RAL.BO,-21.83,0.792,1.937,Yes
2570,Vakrangee Limited,VAKRANGEE.BO,-18.04,0.64,3.02,Yes
2571,ShreeOswal Seeds and Chemicals Limited,OSWALSEEDS.NS,-14.08,0.489,1.732,Yes
2572,Srestha Finvest Limited,SRESTHA.BO,-20.85,0.75,3.134,Yes
2573,Chrome Silicon Limited,CHROME.BO,-7.26,0.243,0.343,No
2574,Sagardeep Alloys Limited,SAGARDEEP.NS,-8.25,0.277,0.724,Yes
2575,Comrade Appliances Limited,COMRADE.BO,-36.32,1.429,2.314,Yes
2576,Gourmet Gateway India Limited,GOURMET.BO,-21.32,0.764,2.345,Yes
2577,IRB Infrastructure Developers Limited,IRB.BO,-4.71,0.154,0.227,No
2578,KFin Technologies Limited,KFINTECH.NS,-5.62,0.185,0.753,Yes
2579,Radhika Jeweltech Limited,RADHIKAJWE.BO,-15.76,0.545,2.302,Yes
2580,SRG Housing Finance Limited,SRGHFL.NS,-8.89,0.296,0.993,Yes
2581,Salzer Electronics Limited,SALZERELEC.BO,-16.93,0.587,2.508,Yes
2582,SecureKloud Technologies Limited,SECURKLOUD.BO,-14.23,0.487,1.881,Yes
2583,Amit International Limited,AMITINT.BO,-11.99,0.405,0.017,Yes
2584,SIL Investments Limited,SILINV.BO,-13.28,0.451,1.62,Yes
2585,Universal Autofoundry Limited,UNIAUTO.BO,-14.09,0.481,2.294,Yes
2586,Bang Overseas Limited,BANG.BO,-20.28,0.715,2.908,Yes
2587,Naturewings Holidays Limited,NHL.BO,-10.03,0.334,1.172,Yes
2588,HP Adhesives Limited,HPAL.BO,-16.84,0.58,2.504,Yes
2589,Bhandari Hosiery Exports Limited,BHANDARI.NS,-21.44,0.756,2.865,Yes
2590,Prithvi Exchange (India) Limited,PRITHVIEXCH.BO,-15.0,0.511,1.843,Yes
2591,Digicontent Limited,DGCONTENT.NS,-18.61,0.645,2.551,Yes
2592,Bang Overseas Limited,BANG.NS,-19.59,0.682,2.726,Yes
2593,GRM Overseas Limited,GRMOVER.BO,-16.07,0.548,0.612,Yes
2594,Industrial Investment Trust Limited,IITL.NS,-15.39,0.521,1.004,Yes
2595,Alacrity Securities Limited,ALSL.BO,-16.6,0.565,0.9,Yes
2596,Balgopal Commercial Limited,BALGOPAL.BO,-13.27,0.443,0.395,Yes
2597,Hindcon Chemicals Limited,HINDCON.NS,-16.52,0.561,2.407,Yes
2598,Brisk Technovision Limited,BRISK.BO,-17.0,0.576,1.382,Yes
2599,Coffee Day Enterprises Limited,COFFEEDAY.NS,-17.84,0.607,1.839,Yes
2600,G M Polyplast Limited,GMPL.BO,-10.74,0.352,1.455,Yes
2601,GRM Overseas Limited,GRMOVER.NS,-16.23,0.546,0.56,Yes
2602,CL Educate Limited,CLEDUCATE.NS,-17.49,0.592,0.029,No
2603,GMR Power And Urban Infra Limited,GMRP&UI.BO,-13.59,0.45,1.83,Yes
2604,Accel Limited,ACCEL.BO,-17.94,0.607,2.627,Yes
2605,Bright Brothers Limited,BRIGHTBR.BO,-16.21,0.543,1.3,Yes
2606,Salzer Electronics Limited,SALZERELEC.NS,-17.38,0.584,2.495,Yes
2607,Manoj Vaibhav Gems 'N' Jewellers Limited,MVGJL.NS,-14.26,0.471,2.106,Yes
2608,Gem Aromatics Limited,GEMAROMA.BO,-17.51,0.588,2.002,Yes
2609,Trident Lifeline Limited,TLL.BO,-5.9,0.186,0.055,Yes
2610,Starsource Multitrade Limited,STARSOURCE.BO,-16.41,0.546,0.719,No
2611,The Bombay Burmah Trading Corporation Limited,BBTC.NS,-10.5,0.339,1.735,Yes
2612,Emami Realty Limited,EMAMIREAL.NS,-23.2,0.801,2.712,Yes
2613,Ahasolar Technologies Limited,AHASOLAR.BO,-17.2,0.574,2.128,Yes
2614,Manoj Vaibhav Gems 'N' Jewellers Limited,MVGJL.BO,-14.05,0.461,2.068,Yes
2615,Page Industries Limited,PAGEIND.NS,-8.51,0.271,0.689,Yes
2616,One MobiKwik Systems Limited,MOBIKWIK.NS,-16.37,0.541,2.531,Yes
2617,KFin Technologies Limited,KFINTECH.BO,-5.89,0.184,0.757,Yes
2618,Page Industries Limited,PAGEIND.BO,-8.54,0.269,0.664,Yes
2619,Simbhaoli Sugars Limited,SIMBHALS.NS,-23.3,0.79,2.107,Yes
2620,UPL Limited,UPL.BO,-10.25,0.324,1.316,Yes
2621,Transvoy Logistics India Limited,TRANSVOY.BO,-12.99,0.415,1.399,Yes
2622,Basant Agro Tech (India) Limited,BASANTGL.BO,-12.51,0.398,1.025,Yes
2623,UPL Limited,UPL.NS,-10.31,0.324,1.322,Yes
2624,Star Housing Finance Limited,STARHFL.BO,-44.35,1.705,5.994,Yes
2625,Foundry Fuel Products Limited,FFPL.BO,-13.56,0.431,0.284,No
2626,One MobiKwik Systems Limited,MOBIKWIK.BO,-16.61,0.536,2.509,Yes
2627,GMR Power And Urban Infra Limited,GMRP&UI.NS,-14.16,0.45,1.827,Yes
2628,National Plastic Technologies Limited,NATPLASTI.BO,-10.69,0.334,1.5,Yes
2629,Duncan Engineering Limited,DUNCANENG.BO,-9.6,0.298,1.242,Yes
2630,Tata Consultancy Services Limited,TCS.NS,-10.39,0.323,1.004,Yes
2631,Karma Energy Limited,KARMAENG.NS,-22.06,0.729,2.723,Yes
2632,Frontier Springs Limited,FRONTSP.BO,-10.41,0.323,0.877,Yes
2633,HP Adhesives Limited,HPAL.NS,-17.83,0.574,2.524,Yes
2634,RHI Magnesita India Limited,RHIM.NS,-11.66,0.363,1.803,Yes
2635,Bharat Coking Coal Limited,BHARATCOAL.NS,-15.96,0.507,0.427,Yes
2636,Suyog Gurbaxani Funicular Ropeways Limited,SGFRL.BO,-14.97,0.473,1.671,Yes
2637,Bharat Coking Coal Limited,BHARATCOAL.BO,-16.0,0.508,0.435,Yes
2638,Arex Industries Limited,AREXMIS.BO,-10.99,0.339,0.775,Yes
2639,HB Stockholdings Limited,HBSL.NS,-21.26,0.693,2.868,Yes
2640,Elecon Engineering Company Limited,ELECON.BO,-18.36,0.588,1.912,Yes
2641,Neelamalai Agro Industries Limited,NEAGI.BO,-5.6,0.168,0.257,Yes
2642,RHI Magnesita India Limited,RHIM.BO,-11.79,0.364,1.806,Yes
2643,Ravinder Heights Limited,RVHL.NS,-19.42,0.624,3.149,Yes
2644,PCS Technology Limited,PCS.BO,-14.75,0.46,1.716,Yes
2645,Raunaq lnternational Limited,RAUNAQ.BO,-22.69,0.739,1.222,No
2646,Sal Automotive Limited,SALAUTO.BO,-13.69,0.424,1.735,Yes
2647,Elecon Engineering Company Limited,ELECON.NS,-18.47,0.587,1.907,Yes
2648,Paradeep Phosphates Limited,PARADEEP.NS,-13.32,0.412,1.216,Yes
2649,Sirca Paints India Limited,SIRCA.NS,-7.08,0.212,1.015,Yes
2650,Bharatiya Global Infomedia Limited,BGLOBAL.NS,-10.18,0.308,1.143,Yes
2651,Fedders Holding Limited,FEDDERSHOL.BO,-13.43,0.412,1.72,Yes
2652,Paradeep Phosphates Limited,PARADEEP.BO,-13.45,0.413,1.223,Yes
2653,Gautam Gems Limited,GGL.BO,-17.57,0.551,2.488,Yes
2654,Pecos Hotels and Pubs Limited,PECOS.BO,-11.44,0.347,0.701,Yes
2655,BSL Limited,BSL.BO,-15.78,0.489,2.08,Yes
2656,Shreyas Intermediates Limited,SHREYASI.BO,-15.16,0.468,1.74,Yes
2657,Ecoplast Limited,ECOPLAST.BO,-10.36,0.312,1.172,Yes
2658,Dindigul Farm Product Limited,DFPL.BO,-23.27,0.75,1.104,Yes
2659,Avonmore Capital & Management Services Limited,AVONMORE.BO,-17.34,0.54,2.202,Yes
2660,STL Global Limited,SGL.NS,-20.57,0.652,2.515,Yes
2661,Sirca Paints India Limited,SIRCA.BO,-7.19,0.212,1.017,Yes
2662,Coffee Day Enterprises Limited,COFFEEDAY.BO,-19.23,0.604,1.822,Yes
2663,UCO Bank,UCOBANK.NS,-12.52,0.38,1.963,Yes
2664,Pagaria Energy Limited,WOMENNET.BO,-17.76,0.554,2.048,Yes
2665,NIIT Learning Systems Limited,NIITMTS.NS,-18.87,0.591,2.443,Yes
2666,Transwarranty Finance Limited,TFL.NS,-11.19,0.336,1.11,Yes
2667,Axtel Industries Limited,AXTEL.BO,-10.99,0.33,0.66,Yes
2668,Northern Spirits Limited,NSL.BO,-15.96,0.49,2.223,Yes
2669,DEN Networks Limited,DEN.NS,-11.18,0.335,1.57,Yes
2670,Incap Limited,INCAP.BO,-20.57,0.647,1.102,Yes
2671,TIL Limited,TIL.BO,-16.13,0.495,2.187,Yes
2672,NIIT Learning Systems Limited,NIITMTS.BO,-18.95,0.59,2.432,Yes
2673,The Ramco Cements Limited,RAMCOCEM.BO,-8.33,0.245,1.056,Yes
2674,BSL Limited,BSL.NS,-15.96,0.488,2.089,Yes
2675,Astec LifeSciences Limited,ASTEC.BO,-19.89,0.62,1.473,Yes
2676,The Ramco Cements Limited,RAMCOCEM.NS,-8.57,0.252,1.106,Yes
2677,Zodiac-JRD-MKJ Limited,ZODJRDMKJ.BO,-14.17,0.428,2.002,Yes
2678,Ajanta Soya Limited,AJANTSOY.BO,-22.18,0.699,2.787,Yes
2679,NITCO Limited,NITCO.NS,-14.72,0.446,0.879,No
2680,Sreechem Resins Limited,SRECR.BO,-18.9,0.585,1.628,Yes
2681,Jhaveri Credits and Capital Limited,JHACC.BO,-13.86,0.417,0.519,No
2682,BSEL Algo Limited,BSELALGO.BO,-22.96,0.724,3.392,Yes
2683,Ultracab (India) Limited,ULTRACAB.BO,-19.37,0.597,2.589,Yes
2684,Yuranus Infrastructure Limited,YURANUS.BO,-19.94,0.615,0.664,No
2685,Surya Roshni Limited,SURYAROSNI.NS,-15.75,0.475,2.008,Yes
2686,Mansi Finance (Chennai) Limited,MANSIFIN.BO,-13.2,0.391,1.503,Yes
2687,Emami Realty Limited,EMAMIREAL.BO,-25.12,0.794,2.601,Yes
2688,Photoquip India Limited,PHOTOQUP.BO,-18.63,0.567,0.636,Yes
2689,Zota Health Care Limited,ZOTA.NS,-17.46,0.528,2.142,Yes
2690,Mediaone Global Entertainment Limited,MEDIAONE.BO,-14.98,0.446,1.217,Yes
2691,Dhatre Udyog Limited,DHATRE.BO,-24.66,0.774,3.201,Yes
2692,Vani Commercials Limited,VANICOM.BO,-19.42,0.59,2.21,Yes
2693,Swaraj Engines Limited,SWARAJENG.NS,-9.43,0.272,0.891,Yes
2694,Yatra Online Limited,YATRA.NS,-16.45,0.492,2.321,Yes
2695,EKI Energy Services Limited,EKI.BO,-22.03,0.678,3.123,Yes
2696,Vishal Fabrics Limited,VISHAL.BO,-22.66,0.7,3.024,Yes
2697,DSP Nifty Top 10 Equal Weight ETF,TOP10ADD.NS,-5.72,0.162,0.924,Yes
2698,Yashhtej Industries (India) Limited,YASHHTEJ.BO,-25.27,0.79,2.768,Yes
2699,Yatra Online Limited,YATRA.BO,-16.49,0.491,2.331,Yes
2700,Priya Limited,PRIYALT.BO,-14.38,0.423,0.371,Yes
2701,NBCC (India) Limited,NBCC.NS,-13.82,0.404,1.683,Yes
2702,Shree Pacetronix Limited,SHREEPAC.BO,-24.23,0.75,3.289,Yes
2703,Dharmaj Crop Guard Limited,DHARMAJ.NS,-8.74,0.249,0.099,Yes
2704,Madhav Marbles and Granites Limited,MADHAV.BO,-15.04,0.441,1.957,Yes
2705,ATV Projects India Limited,ATVPR.BO,-16.93,0.5,0.664,Yes
2706,Mishtann Foods Limited,MISHTANN.BO,-23.63,0.724,2.933,Yes
2707,The Phosphate Company Limited,PHOSPHATE.BO,-6.09,0.169,0.621,Yes
2708,Astec LifeSciences Limited,ASTEC.NS,-20.43,0.611,1.423,Yes
2709,AVG Logistics Limited,AVG.BO,-15.95,0.466,1.109,Yes
2710,DEN Networks Limited,DEN.BO,-11.74,0.335,1.601,Yes
2711,Shangar Décor Limited,SHANGAR.BO,-18.19,0.536,2.462,Yes
2712,Starbeam Ventures Limited,STARBEAM.BO,-31.16,0.987,0.241,Yes
2713,Alicon Castalloy Limited,ALICON.NS,-14.55,0.419,2.034,Yes
2714,Dhunseri Investments Limited,DHUNINV.BO,-19.8,0.586,2.54,Yes
2715,Sun Retail Limited,SUNRETAIL.BO,-20.71,0.616,2.44,Yes
2716,Solitaire Machine Tools Limited,SOLIMAC.BO,-18.3,0.537,2.048,Yes
2717,Dreamfolks Services Limited,DREAMFOLKS.BO,-22.68,0.681,3.274,Yes
2718,BF Utilities Limited,BFUTILITIE.BO,-23.78,0.717,2.913,Yes
2719,NBCC (India) Limited,NBCC.BO,-14.18,0.405,1.69,Yes
2720,SIL Investments Limited,SILINV.NS,-14.81,0.424,1.46,Yes
2721,Coral India Finance and Housing Limited,CORALFINAC.NS,-16.66,0.482,2.326,Yes
2722,Yash Management & Satellite Ltd.,YASHMGM.BO,-10.93,0.306,0.542,Yes
2723,Adtech Systems Limited,ADTECH.BO,-20.27,0.595,2.179,Yes
2724,AVG Logistics Limited,AVG.NS,-16.02,0.46,1.073,Yes
2725,CMI Limited,CMICABLES.NS,-17.97,0.52,1.372,Yes
2726,Arix Energix Limited,JUPITERIN.BO,-20.73,0.609,0.451,No
2727,Raw Edge Industrial Solutions Limited,RAWEDGE.BO,-25.79,0.779,1.057,Yes
2728,Nippon India ETF Nifty 1D Rate Liquid BeES,LIQUIDBEES.NS,-0.0,0.0,0.0,No
2729,Dreamfolks Services Limited,DREAMFOLKS.NS,-22.97,0.68,3.257,Yes
2730,Saumya Consultants Limited,SAUMYA.BO,-16.44,0.469,1.13,No
2731,Premier Synthetics Limited,PREMSYN.BO,-17.15,0.491,2.188,Yes
2732,Alicon Castalloy Limited,ALICON.BO,-14.43,0.407,1.978,Yes
2733,Naturite Agro Products Limited,NAPL.BO,-22.24,0.653,3.306,Yes
2734,Birlasoft Limited,BSOFT.BO,-12.3,0.342,1.346,Yes
2735,Sadhana Nitro Chem Limited,SADHNANIQ.NS,-37.74,1.215,3.711,Yes
2736,BF Utilities Limited,BFUTILITIE.NS,-23.9,0.706,2.865,Yes
2737,Dharmaj Crop Guard Limited,DHARMAJ.BO,-9.12,0.249,0.108,Yes
2738,HB Stockholdings Limited,HBSL.BO,-21.21,0.615,2.394,Yes
2739,Aarti Drugs Limited,AARTIDRUGS.BO,-11.71,0.323,1.248,Yes
2740,Raj Oil Mills Limited,ROML.BO,-10.51,0.288,1.403,Yes
2741,Birlasoft Limited,BSOFT.NS,-12.39,0.342,1.348,Yes
2742,Kemp and Company Limited,KEMP.BO,-14.32,0.397,1.251,Yes
2743,Siddha Ventures Limited,SIDDHA.BO,-15.03,0.418,0.33,No
2744,N.B.I. Industrial Finance Company Limited,NBIFIN.NS,-16.58,0.465,2.067,Yes
2745,Enkei Wheels (India) Limited,ENKEIWHEL.BO,-13.02,0.358,1.573,Yes
2746,Bharatiya Global Infomedia Limited,BGLOBAL.BO,-11.75,0.32,0.435,Yes
2747,Dhunseri Investments Limited,DHUNINV.NS,-20.54,0.587,2.517,Yes
2748,BN Agrochem Limited,BNAGROCHEM.BO,-26.96,0.798,0.37,Yes
2749,Integra Capital Limited,INTCAPL.BO,-9.46,0.255,0.479,No
2750,Bhandari Hosiery Exports Limited,BHANDARI.BO,-24.06,0.7,2.531,Yes
2751,Crompton Greaves Consumer Electricals Limited,CROMPTON.NS,-14.08,0.386,1.217,Yes
2752,GTL Infrastructure Limited,GTLINFRA.BO,-16.45,0.457,1.053,Yes
2753,Telogica Limited,TELOGICA.BO,-21.77,0.623,2.028,Yes
2754,Euro Leder Fashion Limited,EUROLED.BO,-11.59,0.314,0.217,No
2755,GTL Infrastructure Limited,GTLINFRA.NS,-16.46,0.457,1.068,Yes
2756,UCO Bank,UCOBANK.BO,-13.97,0.382,1.985,Yes
2757,Share Samadhan Limited,SSL.BO,-20.24,0.572,0.853,Yes
2758,All Time Plastics Limited,ALLTIME.NS,-17.54,0.487,2.358,Yes
2759,Hariom Pipe Industries Limited,HARIOMPIPE.NS,-19.37,0.542,1.211,Yes
2760,Prakash Industries Limited,PRAKASH.NS,-16.72,0.461,1.358,Yes
2761,Shree Renuka Sugars Limited,RENUKA.NS,-12.8,0.346,0.361,No
2762,Omega AG Seeds Punjab Limited,OMEAG.BO,-22.82,0.65,2.086,Yes
2763,Avenue Supermarts Limited,DMART.NS,-10.71,0.286,0.291,Yes
2764,Cian Healthcare Limited,CHCL.BO,-36.63,1.132,1.783,No
2765,Coral India Finance and Housing Limited,CORALFINAC.BO,-17.9,0.494,2.444,Yes
2766,ICICI Prudential Life Insurance Company Limited,ICICIPRULI.NS,-10.45,0.277,1.194,Yes
2767,Aarti Drugs Limited,AARTIDRUGS.NS,-12.1,0.324,1.257,Yes
2768,Icici Prudential Mutual Fund - Nifty Top 15 Equal Weight ETF,TOP15IETF.BO,-5.58,0.144,0.816,Yes
2769,Hariom Pipe Industries Limited,HARIOMPIPE.BO,-19.44,0.538,1.204,Yes
2770,Kati Patang Lifestyle Limited,KATIPATANG.BO,-21.39,0.598,0.67,Yes
2771,Sanco Trans Limited,SANCTRN.BO,-8.24,0.215,0.562,Yes
2772,All Time Plastics Limited,ALLTIME.BO,-17.76,0.486,2.363,Yes
2773,Crompton Greaves Consumer Electricals Limited,CROMPTON.BO,-14.43,0.388,1.226,Yes
2774,Darshan Orna Limited,DARSHANORNA.BO,-11.26,0.297,1.08,Yes
2775,Stovec Industries Limited,STOVACQ.BO,-15.96,0.43,2.124,Yes
2776,Antony Waste Handling Cell Limited,AWHCL.NS,-20.61,0.569,1.914,Yes
2777,Rossari Biotech Limited,ROSSARI.BO,-16.11,0.434,1.945,Yes
2778,Creative Eye Limited,CREATIVEYE.NS,-14.27,0.38,1.25,Yes
2779,Valplast Technologies Limited,VALPLAST.BO,-29.63,0.86,3.982,Yes
2780,Variman Global Enterprises Limited,VARIMAN.BO,-35.44,1.066,4.286,Yes
2781,Rasi Electrodes Limited,RASIELEC.BO,-21.98,0.609,2.675,Yes
2782,Lakshmi Electrical Control Systems Limited,LAKSELEC.BO,-8.18,0.211,0.295,Yes
2783,Vivanza Biosciences Limited,VIVANZA.BO,-13.27,0.351,1.579,Yes
2784,Warren Tea Limited,WARRENTEA.BO,-11.15,0.291,0.854,Yes
2785,Samrat Pharmachem Limited,SAMRATPH.BO,-13.77,0.364,0.404,Yes
2786,Hyundai Motor India Limited,HYUNDAI.BO,-10.73,0.279,0.87,Yes
2787,Himalaya Food International Limited,HFIL.BO,-18.57,0.502,1.84,Yes
2788,Integrated Capital Services Limited,ICSL.BO,-23.4,0.649,1.379,No
2789,Prakash Industries Limited,PRAKASH.BO,-16.99,0.455,1.315,Yes
2790,Compuage Infocom Limited,COMPINFO.NS,-25.07,0.701,3.365,Yes
2791,Madhav Marbles and Granites Limited,MADHAV.NS,-15.39,0.408,1.944,Yes
2792,EMS Limited,EMSLIMITED.BO,-21.83,0.599,2.004,Yes
2793,Tokyo Plast International Limited,TOKYOPLAST.NS,-26.35,0.741,3.088,Yes
2794,Supertex Industries Limited,SUPERTEX.BO,-15.02,0.397,1.183,Yes
2795,Rossari Biotech Limited,ROSSARI.NS,-16.28,0.433,1.929,Yes
2796,Steel City Securities Limited,STEELCITY.NS,-11.99,0.311,1.244,Yes
2797,N.K. Industries Limited,NKIND.BO,-18.48,0.496,1.255,Yes
2798,Krupalu Metals Limited,KRUPALU.BO,-22.52,0.618,2.378,Yes
2799,Vruddhi Engineering Works Limited,VRUDDHI.BO,-11.61,0.299,0.08,No
2800,EMS Limited,EMSLIMITED.NS,-22.06,0.6,2.015,Yes
2801,Coromandel International Limited,COROMANDEL.NS,-12.17,0.314,1.14,Yes
2802,TIL Limited,TIL.NS,-18.38,0.489,2.13,Yes
2803,TARC Limited,TARC.NS,-18.12,0.481,1.885,Yes
2804,Kush Industries Limited,KUSHIND.BO,-19.48,0.52,1.517,Yes
2805,Aastamangalam Finance Limited,AASTAFIN.BO,-16.92,0.445,1.408,Yes
2806,Lexus Granito (India) Limited,LEXUS.NS,-30.43,0.863,0.733,Yes
2807,Inter Globe Finance Limited,INTRGLB.BO,-19.27,0.512,1.916,Yes
2808,PNGS Gargi Fashion Jewellery Limited,GARGI.BO,-24.59,0.672,1.835,Yes
2809,Insolation Energy Limited,INA.BO,-34.49,1.001,3.464,Yes
2810,Vardhman Polytex Limited,VARDMNPOLY.BO,-21.83,0.588,0.937,Yes
2811,Landmarc Leisure Corporation Limited,LANDMARC.BO,-20.08,0.535,1.754,Yes
2812,Agri-tech (India) Limited,AGRITECH.BO,-15.01,0.388,1.755,Yes
2813,Shree Hanuman Sugar & Industries Limited,HANSUGAR.BO,-14.24,0.366,0.609,Yes
2814,Antony Waste Handling Cell Limited,AWHCL.BO,-20.97,0.557,1.859,Yes
2815,Regency Ceramics Limited,REGENCERAM.NS,-15.09,0.388,1.388,Yes
2816,Prima Agro Limited,PRIMAGR.BO,-25.96,0.708,2.961,Yes
2817,Prudential Sugar Corporation Ltd.,PRUDMOULI.NS,-27.6,0.76,2.941,Yes
2818,C. E. Info Systems Limited,MAPMYINDIA.NS,-26.3,0.717,2.673,Yes
2819,JSW Holdings Limited,JSWHL.NS,-18.89,0.493,1.975,Yes
2820,Modern Dairies Limited,MODAIRY.BO,-17.89,0.464,0.064,Yes
2821,Finkurve Financial Services Limited,FINKURVE.NS,-26.41,0.718,3.564,Yes
2822,Ellenbarrie Industrial Gases Limited,ELLEN.NS,-22.57,0.599,1.833,Yes
2823,C. E. Info Systems Limited,MAPMYINDIA.BO,-26.41,0.716,2.677,Yes
2824,Amba Enterprises Limited,AEL.BO,-21.33,0.561,2.851,Yes
2825,Transworld Shipping Lines Limited,TRANSWORLD.NS,-22.86,0.605,2.137,Yes
2826,Venmax Drugs and Pharmaceuticals Limited,VENMAX.BO,-19.13,0.496,0.212,Yes
2827,Focus Lighting and Fixtures Limited,FOCUS.NS,-20.18,0.526,1.38,Yes
2828,TARC Limited,TARC.BO,-18.37,0.474,1.849,Yes
2829,Nalin Lease Finance Limited,NLFL.BO,-16.34,0.417,1.708,Yes
2830,Pace Digitek Limited,PACEDIGITK.BO,-16.92,0.433,1.828,Yes
2831,SAMHI Hotels Limited,SAMHI.BO,-15.72,0.399,1.934,Yes
2832,Kotyark Industries Limited,KOTYARK.BO,-12.93,0.323,0.594,Yes
2833,Riddhi Corporate Services Limited,RIDDHICORP.BO,-12.84,0.32,1.304,Yes
2834,Sadhana Nitro Chem Limited,SADHNANIQ.BO,-40.61,1.196,3.618,Yes
2835,Tirupati Starch and Chemicals Limited,TIRUSTA.BO,-20.54,0.533,1.641,Yes
2836,Ellenbarrie Industrial Gases Limited,ELLEN.BO,-22.75,0.598,1.829,Yes
2837,Elegant Marbles and Grani Industries Limited,ELEMARB.BO,-21.14,0.549,2.514,Yes
2838,Central Bank of India,CENTRALBK.BO,-14.15,0.354,1.713,Yes
2839,Central Bank of India,CENTRALBK.NS,-14.19,0.355,1.715,Yes
2840,JSW Holdings Limited,JSWHL.BO,-19.08,0.489,1.976,Yes
2841,Platinum Industries Limited,PLATIND.NS,-15.84,0.399,1.692,Yes
2842,MKVentures Capital Limited,MKVENTURES.BO,-21.78,0.566,1.876,Yes
2843,Khandwala Securities Limited,KHANDSE.NS,-20.69,0.534,2.439,Yes
2844,SAMHI Hotels Limited,SAMHI.NS,-15.87,0.398,1.935,Yes
2845,Gem Spinners India Limited,GEMSPIN.BO,-14.98,0.374,0.365,No
2846,Karma Energy Limited,KARMAENG.BO,-25.18,0.664,2.272,Yes
2847,Futuristic Solutions Limited,FUTSOL.BO,-14.34,0.356,0.142,Yes
2848,Naperol Investments Limited,NAPEROL.BO,-17.75,0.448,1.847,Yes
2849,Tirupati Sarjan Limited,TIRSARJ.BO,-24.66,0.647,2.966,Yes
2850,Maruti Global Industries Limited,MGIL.BO,-30.63,0.832,3.387,Yes
2851,Signatureglobal (India) Limited,SIGNATURE.BO,-19.65,0.5,2.318,Yes
2852,Rungta Irrigation Limited,RUNGTAIR.BO,-13.62,0.335,1.484,Yes
2853,Dollar Industries Limited,DOLLAR.BO,-19.52,0.496,2.396,Yes
2854,Techno Electric & Engineering Company Limited,TECHNOE.BO,-19.88,0.505,1.702,Yes
2855,Banaras Beads Limited,BANARBEADS.NS,-13.29,0.326,1.307,Yes
2856,Coromandel International Limited,COROMANDEL.BO,-12.84,0.314,1.119,Yes
2857,Colorchips New Media Limited,COLORCHIPS.BO,-20.91,0.534,1.8,Yes
2858,Vardhman Polytex Limited,VARDMNPOLY.NS,-22.37,0.576,0.934,Yes
2859,Sudarshan Colorants India Limited,SUDARCOLOR.NS,-19.15,0.484,1.859,Yes
2860,RDB Real Estate Constructions Limited,RRECL.BO,-23.77,0.617,1.505,Yes
2861,Beardsell Limited,BEARDSELL.NS,-17.74,0.445,1.831,Yes
2862,Sunteck Realty Limited,SUNTECK.BO,-19.64,0.497,2.594,Yes
2863,Transworld Shipping Lines Limited,TRANSWORLD.BO,-23.25,0.601,2.191,Yes
2864,Tyroon Tea Company Limited,TYROON.BO,-10.71,0.258,0.665,Yes
2865,Signatureglobal (India) Limited,SIGNATURE.NS,-19.7,0.498,2.305,Yes
2866,Pace Digitek Limited,PACEDIGITK.NS,-17.12,0.426,1.78,Yes
2867,Techno Electric & Engineering Company Limited,TECHNOE.NS,-20.02,0.506,1.703,Yes
2868,Aadhar Housing Finance Limited,AADHARHFC.NS,-7.63,0.181,0.424,Yes
2869,Platinum Industries Limited,PLATIND.BO,-16.13,0.399,1.708,Yes
2870,Captain Pipes Limited,CAPPIPES.BO,-26.03,0.68,2.734,Yes
2871,Aadhar Housing Finance Limited,AADHARHFC.BO,-7.56,0.179,0.43,Yes
2872,IMEC Services Limited,IMEC.BO,-41.89,1.209,1.779,Yes
2873,Apeejay Surrendra Park Hotels Limited,PARKHOTELS.NS,-17.16,0.425,2.161,Yes
2874,Deepak Chemtex Limited,DEEPAKCHEM.BO,-23.85,0.612,2.375,Yes
2875,REDTAPE Limited,REDTAPE.BO,-10.81,0.259,0.629,Yes
2876,Ventive Hospitality Limited,VENTIVE.BO,-12.45,0.3,1.587,Yes
2877,ICICI Prudential Life Insurance Company Limited,ICICIPRULI.BO,-11.58,0.278,1.204,Yes
2878,Dilip Buildcon Limited,DBL.NS,-12.28,0.295,1.216,Yes
2879,Apeejay Surrendra Park Hotels Limited,PARKHOTELS.BO,-17.2,0.424,2.162,Yes
2880,Khoobsurat Limited,KHOOBSURAT.BO,-17.93,0.443,0.831,Yes
2881,Emerald Finance Limited,EMERALD.BO,-22.55,0.571,2.786,Yes
2882,Chennai Ferrous Industries Limited,CHENFERRO.BO,-30.36,0.805,3.287,Yes
2883,Trident Limited,TRIDENT.NS,-10.83,0.257,1.208,Yes
2884,Capfin India Limited,CAPFIN.BO,-18.43,0.456,1.467,Yes
2885,Madras Fertilizers Limited,MADRASFERT.BO,-17.28,0.424,1.947,Yes
2886,Mihika Industries Limited,MIHIKA.BO,-30.23,0.799,2.696,Yes
2887,Ravinder Heights Limited,RVHL.BO,-22.61,0.571,2.882,Yes
2888,Sunteck Realty Limited,SUNTECK.NS,-19.85,0.493,2.567,Yes
2889,Sunil Agro Foods Limited,SUNILAGR.BO,-10.57,0.25,1.269,Yes
2890,Motilal Oswal Nifty Services Sector ETF,MOSERVICE.NS,-8.94,0.209,1.048,Yes
2891,NHPC Limited,NHPC.NS,-8.48,0.198,0.447,Yes
2892,Dollar Industries Limited,DOLLAR.NS,-19.89,0.492,2.355,Yes
2893,Madras Fertilizers Limited,MADRASFERT.NS,-17.27,0.421,1.928,Yes
2894,The Supreme Industries Limited,SUPREMEIND.BO,-11.91,0.282,0.278,No
2895,Dilip Buildcon Limited,DBL.BO,-12.38,0.294,1.191,Yes
2896,Indowind Energy Limited,INDOWIND.BO,-30.47,0.798,3.315,Yes
2897,Satia Industries Limited,SATIA.NS,-21.74,0.54,2.242,Yes
2898,SRF Limited,SRF.NS,-8.23,0.19,0.442,Yes
2899,Jaykay Enterprises Limited,JAYKAY.BO,-26.18,0.667,2.543,Yes
2900,Libas Consumer Products Limited,LIBAS.NS,-11.08,0.26,0.026,Yes
2901,Trident Limited,TRIDENT.BO,-10.86,0.254,1.195,Yes
2902,Shree Manufacturing Company Limited,SHRMFGC.BO,-20.82,0.513,0.136,No
2903,Aaron Industries Limited,AARON.NS,-22.04,0.546,2.811,Yes
2904,REDTAPE Limited,REDTAPE.NS,-10.83,0.253,0.608,Yes
2905,Somi Conveyor Beltings Limited,SOMICONVEY.NS,-22.35,0.554,2.098,Yes
2906,Indowind Energy Limited,INDOWIND.NS,-30.36,0.788,3.309,Yes
2907,Tata Consultancy Services Limited,TCS.BO,-13.61,0.321,1.036,Yes
2908,SRF Limited,SRF.BO,-8.3,0.191,0.443,Yes
2909,Canara Robeco Asset Management Company Limited,CRAMC.NS,-15.0,0.356,1.63,Yes
2910,Ventive Hospitality Limited,VENTIVE.NS,-12.67,0.297,1.57,Yes
2911,W.S. Industries (India) Limited,WSI.BO,-15.1,0.358,1.218,Yes
2912,Ashapuri Gold Ornament Limited,AGOL.BO,-25.86,0.65,3.018,Yes
2913,JM Financial Limited,JMFINANCIL.NS,-14.78,0.349,1.329,Yes
2914,Mohit Paper Mills Limited,MOHITPPR.BO,-11.16,0.259,1.057,Yes
2915,Hyundai Motor India Limited,HYUNDAI.NS,-11.89,0.277,0.88,Yes
2916,Arihant Superstructures Limited,ARIHANTSUP.BO,-25.96,0.652,2.998,Yes
2917,Sudarshan Colorants India Limited,SUDARCOLOR.BO,-19.78,0.479,1.803,Yes
2918,Asian Warehousing Limited,ASIAN.BO,-11.03,0.255,1.044,Yes
2919,Satia Industries Limited,SATIA.BO,-22.0,0.539,2.238,Yes
2920,Aavas Financiers Limited,AAVAS.NS,-18.17,0.435,1.725,Yes
2921,Shradha Realty Limited,SHRADHA.NS,-20.63,0.5,2.361,Yes
2922,Canara Robeco Asset Management Company Limited,CRAMC.BO,-15.08,0.355,1.618,Yes
2923,Dishman Carbogen Amcis Limited,DCAL.BO,-25.65,0.64,2.556,Yes
2924,Dishman Carbogen Amcis Limited,DCAL.NS,-25.56,0.637,2.541,Yes
2925,Somi Conveyor Beltings Limited,SOMICONVEY.BO,-22.77,0.558,2.085,Yes
2926,Everest Industries Limited,EVERESTIND.NS,-26.12,0.652,2.294,Yes
2927,Digicontent Limited,DGCONTENT.BO,-21.45,0.521,1.97,Yes
2928,Haryana Leather Chemicals Limited,HARLETH.BO,-19.69,0.473,1.708,Yes
2929,Response Informatics Limited,RESPONSINF.BO,-17.9,0.426,1.031,Yes
2930,PDP Shipping & Projects Limited,PSPL.BO,-19.77,0.474,0.443,Yes
2931,M M Rubber Company Limited,MMRUBBR-B.BO,-22.13,0.537,1.947,Yes
2932,Sri Havisha Hospitality and Infrastructure Limited,HAVISHA.BO,-24.91,0.614,2.748,Yes
2933,SPML Infra Limited,SPMLINFRA.NS,-18.88,0.449,1.307,Yes
2934,Gujarat Cotex Limited,GUJCOTEX.BO,-41.12,1.121,2.545,Yes
2935,Rajnandini Metal Limited,RAJMET.NS,-23.73,0.579,2.227,Yes
2936,Everest Industries Limited,EVERESTIND.BO,-26.17,0.647,2.248,Yes
2937,EBIX Limited,EBIX.BO,-29.49,0.741,1.757,Yes
2938,Finelistings Technologies Limited,FTL.BO,-44.57,1.239,3.505,Yes
2939,Precision Camshafts Limited,PRECAM.NS,-26.25,0.647,2.669,Yes
2940,Thacker and Company Limited,THACKER.BO,-26.04,0.64,2.278,Yes
2941,Technichem Organics Limited,TECHNICHEM.BO,-17.98,0.422,1.174,No
2942,Calcom Vision Limited,CALCOM.BO,-19.2,0.454,1.96,Yes
2943,Shine Fashions (India) Limited,SHINEFASH.BO,-34.44,0.89,3.287,Yes
2944,Aavas Financiers Limited,AAVAS.BO,-18.28,0.43,1.707,Yes
2945,Moneyboxx Finance Limited,MONEYBOXX.BO,-21.98,0.526,0.962,Yes
2946,Compuage Infocom Limited,COMPINFO.BO,-26.7,0.655,3.163,Yes
2947,Avenue Supermarts Limited,DMART.BO,-12.57,0.285,0.287,Yes
2948,Bandhan Silver ETF,SILVERBND.NS,-16.32,0.377,0.621,Yes
2949,Akash Infra-Projects Limited,AKASH.NS,-11.86,0.268,0.908,Yes
2950,CSL Finance Limited,CSLFINANCE.BO,-13.19,0.299,0.799,Yes
2951,K&R Rail Engineering Limited,KRRAIL.BO,-31.38,0.789,3.383,Yes
2952,Orkla India Limited,ORKLAINDIA.NS,-9.21,0.205,0.329,Yes
2953,Shri Krishna Devcon Limited,SHRIKRISH.BO,-16.19,0.372,0.866,Yes
2954,VIP Clothing Limited,VIPCLOTHNG.NS,-29.1,0.72,2.463,Yes
2955,Piccadily Sugar & Allied Industries Limited,PICCASUG.BO,-18.81,0.438,1.416,Yes
2956,VIP Clothing Limited,VIPCLOTHNG.BO,-29.05,0.717,2.378,Yes
2957,RailTel Corporation of India Limited,RAILTEL.BO,-19.86,0.465,1.904,Yes
2958,Moneyboxx Finance Limited,MONEYBOXX.NS,-23.28,0.555,1.108,Yes
2959,Glance Finance Limited,GLANCE.BO,-11.99,0.269,0.043,No
2960,DSJ Keep Learning Limited,KEEPLEARN.BO,-23.74,0.566,2.348,Yes
2961,Dhillon Freight Carrier Limited,DHILLON.BO,-21.42,0.504,1.975,Yes
2962,Banaras Beads Limited,BANARBEADS.BO,-14.24,0.322,1.359,Yes
2963,IST Limited,ISTLTD.BO,-21.1,0.495,2.092,Yes
2964,Shervani Industrial Syndicate Limited,SHERVANI.BO,-15.9,0.363,1.54,Yes
2965,Coastal Roadways Limited,COARO.BO,-26.63,0.644,1.707,Yes
2966,Precision Camshafts Limited,PRECAM.BO,-26.56,0.641,2.659,Yes
2967,RailTel Corporation of India Limited,RAILTEL.NS,-19.91,0.463,1.892,Yes
2968,Sri Havisha Hospitality and Infrastructure Limited,HAVISHA.NS,-25.6,0.614,2.703,Yes
2969,Delta Manufacturing Limited,DELTAMAGNT.BO,-20.72,0.483,2.255,Yes
2970,Duropack Limited,DUROPACK.BO,-17.54,0.402,1.405,Yes
2971,Kaya Limited,KAYA.NS,-19.87,0.46,1.685,Yes
2972,Delta Manufacturing Limited,DELTAMAGNT.NS,-20.81,0.484,2.173,Yes
2973,Saven Technologies Limited,7TEC.BO,-20.88,0.486,1.659,Yes
2974,Bajaj Steel Industries Limited,BAJAJST.BO,-27.26,0.656,3.089,Yes
2975,Abbott India Limited,ABBOTINDIA.NS,-8.98,0.195,0.195,Yes
2976,OK Play India Limited,OKPLA.BO,-40.67,1.062,4.454,Yes
2977,Oxygenta Pharmaceutical Limited,OXYGENTAPH.BO,-14.79,0.33,0.488,Yes
2978,Goblin India Limited,GOBLIN.BO,-27.14,0.649,2.686,Yes
2979,Shetron Limited,SHETR.BO,-14.43,0.321,0.957,Yes
2980,The Cochin Malabar Estates And Industries Limited,COCHMAL.BO,-8.16,0.176,0.357,Yes
2981,Prostarm Info Systems Limited,PROSTARM.NS,-22.75,0.529,2.105,Yes
2982,Orkla India Limited,ORKLAINDIA.BO,-9.35,0.202,0.33,Yes
2983,SBEC Systems (India) Limited,SBECSYS.BO,-16.52,0.371,1.624,Yes
2984,Agri-tech (India) Limited,AGRITECH.NS,-18.89,0.429,1.955,Yes
2985,Salem Erode Investments Limited,SALEM.BO,-20.3,0.465,1.576,Yes
2986,W.S. Industries (India) Limited,WSI.NS,-15.1,0.336,1.045,Yes
2987,Groww Nifty PSE ETF,GROWWPSE.NS,-9.48,0.204,0.758,Yes
2988,Urja Global Limited,URJA.BO,-23.45,0.544,1.901,Yes
2989,Ace Integrated Solutions Limited,ACEINTEG.NS,-21.7,0.498,1.907,Yes
2990,KBS India Limited,KBSINDIA.BO,-19.39,0.439,2.079,Yes
2991,DHP India Limited,DHPIND.BO,-15.33,0.339,1.316,Yes
2992,Upsurge Investment & Finance Limited,UPSURGE.BO,-16.3,0.362,1.444,Yes
2993,Uma Exports Limited,UMAEXPORTS.BO,-29.94,0.717,2.439,Yes
2994,Aakash Exploration Services Limited,AAKASH.NS,-9.17,0.196,0.2,Yes
2995,Mohit Industries Limited,MOHITIND.NS,-20.98,0.476,1.808,Yes
2996,Vinny Overseas Limited,VINNY.BO,-14.23,0.311,1.313,Yes
2997,Prostarm Info Systems Limited,PROSTARM.BO,-23.12,0.53,2.098,Yes
2998,Competent Automobiles Company Limited,COMPEAU.BO,-10.04,0.214,0.814,Yes
2999,Austin Engineering Company Limited,AUSTENG.BO,-20.51,0.462,1.727,Yes
3000,Malu Paper Mills Limited,MALUPAPER.NS,-14.59,0.317,1.496,Yes
3001,Sundrop Brands Limited,SUNDROP.NS,-13.62,0.294,1.228,Yes
3002,Urja Global Limited,URJA.NS,-23.79,0.543,1.886,Yes
3003,Davin Sons Retail Limited,DAVIN.BO,-29.25,0.689,2.0,Yes
3004,Rajeswari Infrastructure Limited,RAJINFRA.BO,-23.75,0.541,1.319,No
3005,Alkosign Limited,ALKOSIGN.BO,-14.22,0.308,1.489,Yes
3006,MSL Global Limited,MSLGLOBAL.BO,-16.87,0.369,1.136,Yes
3007,Utique Enterprises Limited,UTIQUE.BO,-21.02,0.471,2.038,Yes
3008,Advik Capital Limited,ADVIKCA.BO,-14.58,0.315,0.026,No
3009,RO Jewels Limited,ROJL.BO,-23.88,0.542,0.77,Yes
3010,Bengal & Assam Company Limited,BENGALASM.BO,-14.67,0.317,0.984,Yes
3011,Veedol Corporation Limited,VEEDOL.BO,-11.99,0.255,1.004,Yes
3012,Morgan Ventures Limited,MORGAN.BO,-30.03,0.706,3.375,Yes
3013,IRIS RegTech Solutions Limited,IRIS.BO,-16.35,0.356,1.222,Yes
3014,Decipher Labs Limited,DECIPHER.BO,-34.35,0.829,3.502,Yes
3015,Hemang Resources Limited,HEMANG.BO,-40.7,1.025,4.061,Yes
3016,Unitech Limited,UNITECH.NS,-34.22,0.825,3.372,Yes
3017,Shree Digvijay Cement Company Limited,SHREDIGCEM.BO,-13.52,0.289,1.075,Yes
3018,Kridhan Infra Limited,KRIDHANINF.BO,-31.69,0.75,2.977,Yes
3019,Nila Infrastructures Limited,NILAINFRA.BO,-25.05,0.569,2.712,Yes
3020,Deep Polymers Limited,DEEP.BO,-21.39,0.476,1.639,Yes
3021,Prismx Global Ventures Limited,PRISMX.BO,-20.46,0.452,1.855,Yes
3022,Malpani Pipes and Fittings Limited,MALPANI.BO,-16.36,0.354,1.157,Yes
3023,Maruti Suzuki India Limited,MARUTI.NS,-12.77,0.271,1.34,Yes
3024,Source Natural Foods and Herbal Supplements Limited,SOURCENTRL.BO,-15.0,0.322,1.455,Yes
3025,Naksh Precious Metals Limited,NAKSH.BO,-28.68,0.664,0.757,Yes
3026,UTIAMC-NIFTYBETA,NIFTYBETA.NS,-8.98,0.186,0.998,Yes
3027,Accuracy Shipping Limited,ACCURACY.NS,-28.15,0.648,2.597,Yes
3028,York Exports Limited,YORKEXP.BO,-21.21,0.469,0.072,No
3029,Infronics Systems Limited,INFRONICS.BO,-24.77,0.558,2.798,Yes
3030,Jai Corp Limited,JAICORPLTD.NS,-23.07,0.514,2.2,Yes
3031,Arihant Superstructures Limited,ARIHANTSUP.NS,-27.46,0.628,2.885,Yes
3032,Euphoria Infotech (India) Limited,EUPHORIAIT.BO,-32.42,0.764,2.478,Yes
3033,MRC Agrotech Limited,MRCAGRO.BO,-21.56,0.476,2.352,Yes
3034,R S Software (India) Limited,RSSOFTWARE.NS,-41.71,1.042,4.143,Yes
3035,Chandra Prabhu International Ltd.,CHANDRAP.BO,-20.85,0.457,1.018,No
3036,Tai Industries Limited,TAIIND.BO,-21.63,0.476,0.419,Yes
3037,Three M Paper Boards Limited,THREEMPAPE.BO,-25.73,0.579,2.929,Yes
3038,Maha Rashtra Apex Corporation Limited,MAHAPEXLTD.BO,-29.28,0.673,2.186,Yes
3039,India Lease Development Limited,INDLEASE.BO,-25.25,0.565,0.328,No
3040,RRIL Limited,RRIL.BO,-17.15,0.367,0.962,Yes
3041,D.P. Wires Limited,DPWIRES.NS,-26.02,0.584,2.031,Yes
3042,Unison Metals Limited,UNISON.BO,-40.24,0.989,3.618,Yes
3043,Dev Accelerator Limited,DEVX.NS,-26.24,0.59,2.276,Yes
3044,Scoda Tubes Limited,SCODATUBES.BO,-21.88,0.478,1.743,Yes
3045,Sundaram-Clayton Limited,SUNCLAY.BO,-18.76,0.403,0.99,Yes
3046,Country Club Hospitality & Holidays Limited,CCHHL.BO,-22.25,0.487,2.18,Yes
3047,MedPlus Health Services Limited,MEDPLUS.BO,-10.28,0.211,0.009,No
3048,Madhav Infra Projects Limited,MADHAVIPL.BO,-21.37,0.465,2.071,Yes
3049,Bedmutha Industries Limited,BEDMUTHA.NS,-18.12,0.386,1.102,Yes
3050,PMC Fincorp Limited,PMCFIN.BO,-12.96,0.269,0.637,Yes
3051,Maruti Suzuki India Limited,MARUTI.BO,-13.18,0.274,1.352,Yes
3052,Prakash Steelage Limited,PRAKASHSTL.BO,-22.06,0.48,0.91,Yes
3053,Jai Corp Limited,JAICORPLTD.BO,-23.34,0.512,2.184,Yes
3054,Kenrik Industries Limited,KENRIK.BO,-22.45,0.49,1.2,Yes
3055,Arkade Developers Limited,ARKADE.NS,-21.63,0.469,2.059,Yes
3056,Intense Technologies Limited,INTENTECH.NS,-26.64,0.595,2.583,Yes
3057,Gemstone Investments Limited,GEMSI.BO,-25.2,0.558,1.927,Yes
3058,Ganges Securities Limited,GANGESSECU.NS,-17.15,0.363,1.593,Yes
3059,MedPlus Health Services Limited,MEDPLUS.NS,-10.32,0.211,0.013,No
3060,FCS Software Solutions Limited,FCSSOFT.NS,-26.81,0.598,2.665,Yes
3061,Adhbhut Infrastructure Limited,ADHBHUTIN.BO,-15.08,0.315,0.805,Yes
3062,Jindal Hotels Limited,JINDHOT.BO,-16.83,0.355,1.71,Yes
3063,Arkade Developers Limited,ARKADE.BO,-21.66,0.468,2.059,Yes
3064,Tejnaksh Healthcare Limited,TEJNAKSH.BO,-20.23,0.434,1.555,Yes
3065,Nila Infrastructures Limited,NILAINFRA.NS,-25.4,0.561,2.672,Yes
3066,Nova Agritech Limited,NOVAAGRI.NS,-34.04,0.791,3.374,Yes
3067,Sundrop Brands Limited,SUNDROP.BO,-13.76,0.284,1.169,Yes
3068,Vinny Overseas Limited,VINNY.NS,-15.06,0.313,1.273,Yes
3069,Unisem Agritech Limited,UNISEM.BO,-17.77,0.375,0.941,Yes
3070,Meera Industries Limited,MEERA.BO,-35.84,0.84,2.532,Yes
3071,Veedol Corporation Limited,VEEDOL.NS,-12.31,0.252,0.985,Yes
3072,Pearl Polymers Limited,PEARLPOLY.BO,-34.52,0.801,3.439,Yes
3073,Cinevista Limited,CINEVISTA.NS,-17.32,0.363,1.297,Yes
3074,Dev Accelerator Limited,DEVX.BO,-26.41,0.582,2.247,Yes
3075,Prevest Denpro Limited,PREVEST.BO,-23.26,0.503,2.072,Yes
3076,Mallcom (India) Limited,MALLCOM.NS,-18.46,0.389,1.814,Yes
3077,Scoda Tubes Limited,SCODATUBES.NS,-21.86,0.468,1.68,Yes
3078,Garment Mantra Lifestyle Limited,GARMNTMNTR.BO,-20.66,0.438,0.766,Yes
3079,East West Freight Carriers Limited,EASTWEST.BO,-34.92,0.806,3.181,Yes
3080,Saptarishi Agro Industries Ltd,SPTRSHI.BO,-22.35,0.478,0.22,Yes
3081,Sanofi Consumer Healthcare India Limited,SANOFICONR.NS,-10.19,0.204,0.718,Yes
3082,EIH Associated Hotels Limited,EIHAHOTELS.BO,-15.59,0.321,1.643,Yes
3083,Howard Hotels Limited,HOWARHO.BO,-18.79,0.393,0.477,No
3084,Tarini International Limited,TARINI.BO,-30.67,0.686,2.478,Yes
3085,Mallcom (India) Limited,MALLCOM.BO,-18.5,0.385,1.827,Yes
3086,Tata Teleservices (Maharashtra) Limited,TTML.BO,-23.93,0.513,2.332,Yes
3087,Kridhan Infra Limited,KRIDHANINF.NS,-33.93,0.773,2.992,Yes
3088,IRIS RegTech Solutions Limited,IRIS.NS,-16.21,0.332,1.129,Yes
3089,Prakash Steelage Limited,PRAKASHSTL.NS,-22.4,0.474,0.881,Yes
3090,Country Club Hospitality & Holidays Limited,CCHHL.NS,-22.41,0.474,2.105,Yes
3091,Laffans Petrochemicals Limited,LAFFANSQ.BO,-23.95,0.51,0.63,Yes
3092,Edvenswa Enterprises Limited,EDVENSWA.BO,-39.07,0.914,2.502,Yes
3093,POCL Enterprises Limited,POEL.BO,-27.76,0.604,2.236,Yes
3094,D.P. Wires Limited,DPWIRES.BO,-26.59,0.574,2.018,Yes
3095,Radiant Cash Management Services Limited,RADIANTCMS.BO,-20.44,0.426,1.511,Yes
3096,AMJ Land Holdings Limited,AMJLAND.NS,-21.48,0.45,2.27,Yes
3097,Ganges Securities Limited,GANGESSECU.BO,-18.98,0.392,1.544,Yes
3098,Salasar Techno Engineering Limited,SALASAR.NS,-25.92,0.555,2.603,Yes
3099,DSJ Keep Learning Limited,KEEPLEARN.NS,-24.23,0.514,1.999,Yes
3100,Cinevista Limited,CINEVISTA.BO,-18.24,0.373,1.265,Yes
3101,ABC India Limited,ABCINDQ.BO,-19.29,0.397,1.448,Yes
3102,Samkrg Pistons and Rings Limited,SAMKRG.BO,-13.72,0.274,1.11,Yes
3103,N.D. Metal Industries Limited,NDMETAL.BO,-11.92,0.235,1.006,Yes
3104,Tata Teleservices (Maharashtra) Limited,TTML.NS,-24.19,0.508,2.309,Yes
3105,Transindia Real Estate Limited,TREL.BO,-12.63,0.249,0.013,Yes
3106,Visagar Financial Services Limited,VISAGAR.BO,-28.79,0.621,2.508,Yes
3107,Superior Industrial Enterprises Limited,SIEL.BO,-21.74,0.45,0.768,Yes
3108,Uma Exports Limited,UMAEXPORTS.NS,-32.11,0.706,2.405,Yes
3109,Kaya Limited,KAYA.BO,-22.08,0.458,1.617,Yes
3110,IEC Education Limited,IECEDU.BO,-28.04,0.601,0.034,No
3111,Integra Essentia Limited,ESSENTIA.NS,-31.23,0.682,1.23,Yes
3112,Capacit'e Infraprojects Limited,CAPACITE.NS,-21.38,0.44,1.676,Yes
3113,Ahlada Engineers Limited,AHLADA.NS,-28.37,0.608,2.474,Yes
3114,Premco Global Limited,PREMCO.BO,-6.75,0.129,0.27,Yes
3115,Aro Granite Industries Limited,AROGRANITE.NS,-26.97,0.572,2.607,Yes
3116,Infosys Limited,INFY.NS,-15.9,0.316,0.23,Yes
3117,Capacit'e Infraprojects Limited,CAPACITE.BO,-21.43,0.438,1.661,Yes
3118,Radiant Cash Management Services Limited,RADIANTCMS.NS,-20.92,0.426,1.483,Yes
3119,Milestone Global Limited,MILESTONE.BO,-22.43,0.461,0.148,Yes
3120,Tata Chemicals Limited,TATACHEM.NS,-24.03,0.497,1.928,Yes
3121,Eco Hotels and Resorts Limited,ECOHOTELS.BO,-34.99,0.773,2.551,Yes
3122,Salasar Techno Engineering Limited,SALASAR.BO,-26.21,0.548,2.578,Yes
3123,Indian Energy Exchange Limited,IEX.NS,-10.33,0.198,0.793,Yes
3124,Manor Estates and Industries Limited,KARANWO.BO,-24.38,0.504,0.902,No
3125,Beeyu Overseas Limited,BEEYU.BO,-18.97,0.38,0.426,Yes
3126,HPL Electric & Power Limited,HPL.BO,-26.69,0.559,2.452,Yes
3127,HCL Infosystems Limited,HCL-INSYS.NS,-22.66,0.464,2.066,Yes
3128,HPL Electric & Power Limited,HPL.NS,-26.71,0.56,2.462,Yes
3129,Mohit Industries Limited,MOHITIND.BO,-24.5,0.507,2.047,Yes
3130,Sanofi Consumer Healthcare India Limited,SANOFICONR.BO,-10.36,0.198,0.706,Yes
3131,Vikran Engineering Limited,VIKRAN.BO,-29.34,0.623,2.921,Yes
3132,Optimus Finance Limited,OPTIFIN.BO,-22.59,0.461,0.131,Yes
3133,Trent Limited,TRENT.NS,-28.34,0.597,2.057,Yes
3134,Vikran Engineering Limited,VIKRAN.NS,-29.3,0.621,2.909,Yes
3135,Pace E-Commerce Ventures Limited,PACE.BO,-27.2,0.569,2.044,Yes
3136,Epic Energy Limited,EPIC.BO,-19.77,0.396,1.202,Yes
3137,IL&FS Transportation Networks Limited,IL&FSTRANS.BO,-21.98,0.446,1.931,Yes
3138,Atam Valves Limited,ATAM.BO,-29.24,0.618,2.582,Yes
3139,Innovators Façade Systems Limited,INNOVATORS.BO,-34.46,0.752,3.193,Yes
3140,Aditya Spinners Limited,ADITYASP.BO,-21.06,0.424,2.228,Yes
3141,BASF India Limited,BASF.NS,-12.24,0.235,0.94,Yes
3142,Atam Valves Limited,ATAM.NS,-28.99,0.61,2.545,Yes
3143,Link Pharma Chem Limited,LINKPH.BO,-21.92,0.443,1.627,Yes
3144,Skybiotech Healthcare Limited,SKYBIOTECH.BO,-32.82,0.707,1.052,No
3145,Indo National Limited,NIPPOBATRY.NS,-22.37,0.453,1.791,Yes
3146,Affle 3i Limited,AFFLE.BO,-15.64,0.305,0.187,No
3147,Tiger Logistics (India) Limited,TIGERLOGS.BO,-31.39,0.669,2.314,Yes
3148,Control Print Limited,CONTROLPR.BO,-18.73,0.371,1.617,Yes
3149,NHPC Limited,NHPC.BO,-10.63,0.202,0.463,Yes
3150,Divyashakti Limited,DIVSHKT.BO,-15.21,0.295,1.26,Yes
3151,Mahanagar Telephone Nigam Limited,MTNL.NS,-29.14,0.611,2.59,Yes
3152,Jonjua Overseas Limited,JONJUA.BO,-34.09,0.738,2.404,Yes
3153,Zodiac Energy Limited,ZODIAC.NS,-30.4,0.642,2.136,Yes
3154,Tarai Foods Limited,TARAI.BO,-27.52,0.571,1.196,Yes
3155,Suryaamba Spinning Mills Limited,SURYAAMBA.BO,-14.07,0.271,0.88,Yes
3156,Tara Chand Infralogistic Solutions Limited,TARACHAND.NS,-24.1,0.489,1.991,Yes
3157,B.A.G. Films and Media Limited,BAGFILMS.BO,-28.8,0.6,2.809,Yes
3158,Yarn Syndicate Limited,YARNSYN.BO,-16.38,0.318,0.364,Yes
3159,GTT Data Solutions Limited,GTTDATA.BO,-29.77,0.623,2.781,Yes
3160,EIH Associated Hotels Limited,EIHAHOTELS.NS,-16.14,0.313,1.605,Yes
3161,Global Vectra Helicorp Limited,GLOBALVECT.NS,-25.53,0.521,2.419,Yes
3162,Starteck Finance Limited,STARTECK.NS,-16.17,0.313,1.248,Yes
3163,Control Print Limited,CONTROLPR.NS,-18.66,0.366,1.594,Yes
3164,Integra Essentia Limited,ESSENTIA.BO,-30.97,0.652,1.239,Yes
3165,Adhata Global Limited,ADHHATA.BO,-34.16,0.732,0.011,No
3166,B.A.G. Films and Media Limited,BAGFILMS.NS,-28.72,0.595,2.765,Yes
3167,Tiger Logistics (India) Limited,TIGERLOGS.NS,-31.27,0.657,2.23,Yes
3168,Monte Carlo Fashions Limited,MONTECARLO.BO,-19.16,0.375,1.63,Yes
3169,Nova Agritech Limited,NOVAAGRI.BO,-36.01,0.779,3.345,Yes
3170,Vandan Foods Limited,VANDAN.BO,-36.76,0.799,2.465,Yes
3171,Monte Carlo Fashions Limited,MONTECARLO.NS,-19.26,0.376,1.636,Yes
3172,Rama Steel Tubes Limited,RAMASTEEL.BO,-40.3,0.89,4.202,Yes
3173,LIC MF Gold ETF,LICMFGOLD.NS,-47.61,1.109,4.45,Yes
3174,Rama Steel Tubes Limited,RAMASTEEL.NS,-40.19,0.887,4.163,Yes
3175,Gujarat State Fertilizers & Chemicals Limited,GSFC.NS,-17.12,0.328,1.454,Yes
3176,Intense Technologies Limited,INTENTECH.BO,-28.81,0.59,2.589,Yes
3177,VL E-Governance & IT Solutions Limited,VLEGOV.NS,-45.07,1.029,4.161,Yes
3178,ERP Soft Systems Limited,ERPSOFT.BO,-28.44,0.581,2.078,Yes
3179,Master Trust Limited,MASTERTR.BO,-32.76,0.686,3.14,Yes
3180,Jubilant FoodWorks Limited,JUBLFOOD.NS,-16.99,0.324,1.245,Yes
3181,Master Trust Limited,MASTERTR.NS,-32.83,0.686,3.095,Yes
3182,Pearl Polymers Limited,PEARLPOLY.NS,-35.8,0.762,3.248,Yes
3183,CIL Securities Limited,CILSEC.BO,-19.83,0.384,1.603,Yes
3184,Sawaca Enterprises Limited,SAWACA.BO,-27.04,0.545,1.606,Yes
3185,Latent View Analytics Limited,LATENTVIEW.NS,-26.77,0.538,2.201,Yes
3186,Shiva Cement Limited,SHIVACEM.BO,-34.17,0.718,3.069,Yes
3187,Shanti Overseas (India) Limited,SHANTI.NS,-27.81,0.561,2.66,Yes
3188,Affle 3i Limited,AFFLE.NS,-15.91,0.299,0.189,No
3189,Krypton Industries Limited,KRYPTONQ.BO,-29.53,0.599,2.617,Yes
3190,AI Champdany Industries Limited,AICHAMP.BO,-45.29,1.022,3.827,Yes
3191,Heritage Foods Limited,HERITGFOOD.NS,-20.75,0.4,1.468,Yes
3192,Tuni Textile Mills Limited,TUNITEX.BO,-22.58,0.44,1.198,Yes
3193,EIH Limited,EIHOTEL.NS,-18.37,0.35,1.689,Yes
3194,Citadel Realty and Developers Limited,CITADEL.BO,-29.35,0.595,1.916,Yes
3195,CSL Finance Limited,CSLFINANCE.NS,-14.97,0.279,0.759,Yes
3196,Excelsoft Technologies Limited,EXCELSOFT.NS,-36.6,0.773,2.757,Yes
3197,Tyche Industries Limited,TYCHE.BO,-20.53,0.393,1.034,Yes
3198,NIS Management Limited,NISMGMT.BO,-29.72,0.6,2.762,Yes
3199,Maha Rashtra Apex Corporation Limited,MAHAPEXLTD.NS,-31.52,0.643,2.208,Yes
3200,Sterling Greenwoods Limited,STRGRENWO.BO,-26.67,0.528,1.618,Yes
3201,Latent View Analytics Limited,LATENTVIEW.BO,-27.0,0.536,2.193,Yes
3202,Swasti Vinayaka Art and Heritage Corporation Limited,SVARTCORP.BO,-15.0,0.278,0.534,Yes
3203,Tamilnadu Telecommunications Limited,TNTELE.BO,-16.52,0.307,0.783,Yes
3204,VL E-Governance & IT Solutions Limited,VLEGOV.BO,-45.15,1.005,4.15,Yes
3205,Punjab & Sind Bank,PSB.BO,-18.88,0.356,1.815,Yes
3206,PNC Infratech Limited,PNCINFRA.BO,-28.57,0.569,2.446,Yes
3207,Aro Granite Industries Limited,AROGRANITE.BO,-28.08,0.557,2.498,Yes
3208,Fortis Malar Hospitals Limited,FORTISMLR.BO,-24.61,0.477,2.24,Yes
3209,Dutron Polymers Limited,DUTRON.BO,-15.14,0.278,1.027,Yes
3210,Punjab & Sind Bank,PSB.NS,-18.89,0.354,1.794,Yes
3211,Linc Limited,LINC.BO,-19.99,0.376,1.626,Yes
3212,Britannia Industries Limited,BRITANNIA.NS,-10.4,0.186,0.768,Yes
3213,Sumedha Fiscal Services Limited,SUMEDHA.BO,-21.03,0.398,1.16,Yes
3214,Blue Chip Tex Industries Limited,BLUECHIPT.BO,-9.26,0.164,0.726,Yes
3215,Linc Limited,LINC.NS,-19.66,0.368,1.582,Yes
3216,Lasa Supergenerics Limited,LASA.NS,-30.85,0.615,2.317,Yes
3217,Marsons Limited,MARSONS.BO,-23.75,0.454,0.939,Yes
3218,Maharashtra Corporation Limited,MAHACORP.BO,-27.27,0.531,2.325,Yes
3219,Intellect Design Arena Limited,INTELLECT.NS,-24.39,0.467,1.995,Yes
3220,Campus Activewear Limited,CAMPUS.NS,-14.2,0.256,1.096,Yes
3221,SVS Ventures Limited,SVS.BO,-28.47,0.556,0.731,Yes
3222,Jubilant FoodWorks Limited,JUBLFOOD.BO,-17.39,0.319,1.229,Yes
3223,Anirit Ventures Limited,ANIRIT.BO,-36.92,0.759,0.889,Yes
3224,Western Carriers (India) Limited,WCIL.NS,-27.6,0.535,2.56,Yes
3225,Excelsoft Technologies Limited,EXCELSOFT.BO,-37.08,0.763,2.704,Yes
3226,PNC Infratech Limited,PNCINFRA.NS,-28.93,0.564,2.409,Yes
3227,Shree Marutinandan Tubes Limited,SHREE.BO,-39.05,0.812,3.076,Yes
3228,Ceenik Exports (India) Limited,CEENIK.BO,-31.4,0.621,1.119,Yes
3229,JTEKT India Limited,JTEKTINDIA.BO,-20.12,0.372,1.62,Yes
3230,Shelter Pharma Limited,SHELTER.BO,-24.17,0.457,1.095,Yes
3231,Anmol India Limited,ANMOL.BO,-29.95,0.586,2.598,Yes
3232,BFL Asset Finvest Limited,BFLAFL.BO,-30.91,0.608,2.101,Yes
3233,Intellect Design Arena Limited,INTELLECT.BO,-24.52,0.464,1.986,Yes
3234,Vikas Lifecare Limited,VIKASLIFE.NS,-32.53,0.645,2.542,Yes
3235,Indo National Limited,NIPPOBATRY.BO,-23.39,0.439,1.822,Yes
3236,Mangal Electrical Industries Limited,MEIL.BO,-31.83,0.628,1.853,Yes
3237,Westlife Foodworld Limited,WESTLIFE.BO,-15.37,0.276,0.053,Yes
3238,SEPC Limited,SEPC.BO,-42.11,0.888,3.572,Yes
3239,Williamson Financial Services Limited,WILLIMFI.BO,-40.5,0.844,1.553,Yes
3240,Morarka Finance Limited,MORARKFI.BO,-25.73,0.488,2.031,Yes
3241,Jyothy Labs Limited,JYOTHYLAB.BO,-27.94,0.536,2.432,Yes
3242,Mangal Electrical Industries Limited,MEIL.NS,-31.97,0.627,1.888,Yes
3243,Ind Agiv Commerce Limited,INDAGIV.BO,-37.17,0.754,2.954,Yes
3244,Denta Water and Infra Solutions Limited,DENTA.NS,-30.76,0.598,1.923,Yes
3245,Ircon International Limited,IRCON.NS,-25.05,0.47,2.013,Yes
3246,Rashtriya Chemicals and Fertilizers Limited,RCF.NS,-18.5,0.335,1.561,Yes
3247,Westlife Foodworld Limited,WESTLIFE.NS,-15.36,0.273,0.058,Yes
3248,IL&FS Transportation Networks Limited,IL&FSTRANS.NS,-23.23,0.431,2.0,Yes
3249,Rashtriya Chemicals and Fertilizers Limited,RCF.BO,-18.43,0.333,1.55,Yes
3250,Jyothy Labs Limited,JYOTHYLAB.NS,-28.07,0.535,2.425,Yes
3251,Arihant Capital Markets Limited,ARIHANTCAP.NS,-23.69,0.44,2.154,Yes
3252,Paul Merchants Limited,PML.BO,-25.2,0.472,2.05,Yes
3253,Econo Trade (India) Limited,ETIL.BO,-21.3,0.39,0.905,Yes
3254,Magnum Ventures Limited,MAGNUM.NS,-20.44,0.372,1.914,Yes
3255,Campus Activewear Limited,CAMPUS.BO,-14.34,0.252,1.076,Yes
3256,Krishna GVK Luxury Hotels Limited,TAJGVK.NS,-16.82,0.3,1.22,Yes
3257,Ircon International Limited,IRCON.BO,-25.08,0.468,2.003,Yes
3258,Crane Infrastructure Limited,CRANEINFRA.BO,-26.3,0.495,2.344,Yes
3259,Phyto Chem (India) Limited,PHYTO.BO,-20.49,0.373,1.093,Yes
3260,SEPC Limited,SEPC.NS,-42.38,0.883,3.545,Yes
3261,Anjani Portland Cement Limited,APCL.NS,-20.36,0.369,1.006,Yes
3262,Vikas Lifecare Limited,VIKASLIFE.BO,-32.85,0.641,2.527,Yes
3263,Western Carriers (India) Limited,WCIL.BO,-27.82,0.526,2.494,Yes
3264,Sudal Industries Limited,SUDAI.BO,-41.28,0.85,0.064,Yes
3265,Denta Water and Infra Solutions Limited,DENTA.BO,-30.92,0.594,1.907,Yes
3266,Arihant Capital Markets Limited,ARIHANTCAP.BO,-23.63,0.434,2.134,Yes
3267,Virat Crane Industries Limited,VIRATCRA.BO,-22.29,0.406,1.199,Yes
3268,Solarium Green Energy Limited,SOLARIUM.BO,-42.43,0.877,2.881,Yes
3269,Pennar Industries Limited,PENIND.NS,-24.7,0.455,1.882,Yes
3270,Kretto Syscon Limited,KRETTOSYS.BO,-43.22,0.897,2.472,Yes
3271,Southern Petrochemical Industries Corporation Limited,SPIC.NS,-22.27,0.404,1.85,Yes
3272,Pennar Industries Limited,PENIND.BO,-24.85,0.457,1.896,Yes
3273,Suraj Estate Developers Limited,SURAJEST.BO,-26.58,0.494,2.172,Yes
3274,Genesys International Corporation Limited,GENESYS.NS,-39.98,0.81,2.355,Yes
3275,The Yamuna Syndicate Limited,YSL.BO,-18.37,0.326,0.567,Yes
3276,Bedmutha Industries Limited,BEDMUTHA.BO,-17.66,0.312,0.145,Yes
3277,Kansai Nerolac Paints Limited,KANSAINER.NS,-18.75,0.333,1.223,Yes
3278,Hinduja Global Solutions Limited,HGS.BO,-16.75,0.294,1.209,Yes
3279,Cravatex Limited,CRAVATEX.BO,-16.38,0.287,1.061,Yes
3280,Indogulf Cropsciences Limited,IGCL.BO,-23.5,0.428,1.394,Yes
3281,Indogulf Cropsciences Limited,IGCL.NS,-24.14,0.441,1.468,Yes
3282,Sadbhav Infrastructure Project Limited,SADBHIN.NS,-26.32,0.486,2.42,Yes
3283,Groww Gold ETF,GROWWGOLD.NS,-47.59,1.014,0.483,Yes
3284,Zuari Industries Limited,ZUARIIND.NS,-21.43,0.385,1.655,Yes
3285,Jaro Institute of Technology Management and Research Limited,JARO.NS,-30.58,0.577,0.015,Yes
3286,Jyoti Resins and Adhesives Limited,JYOTIRES.BO,-23.18,0.418,1.429,Yes
3287,T.V. Today Network Limited,TVTODAY.BO,-20.0,0.354,1.485,Yes
3288,Shyama Computronics and Services Limited,SHYAMACOMP.BO,-28.16,0.522,0.702,Yes
3289,Zuari Industries Limited,ZUARIIND.BO,-21.75,0.387,1.684,Yes
3290,Anmol India Limited,ANMOL.NS,-29.74,0.555,2.438,Yes
3291,Hinduja Global Solutions Limited,HGS.NS,-16.74,0.29,1.184,Yes
3292,Jost's Engineering Company Limited,JOSTS.BO,-27.4,0.503,2.299,Yes
3293,Lesha Industries Limited,LESHAIND.BO,-26.05,0.474,1.439,Yes
3294,The Indian Wood Products Company Limited,IWP.BO,-16.31,0.281,1.004,Yes
3295,Lake Shore Realty Limited,LAKESHORE.BO,-26.29,0.479,0.381,Yes
3296,T.V. Today Network Limited,TVTODAY.NS,-19.99,0.351,1.489,Yes
3297,ObjectOne Information Systems Limited,OONE.BO,-23.63,0.423,1.733,Yes
3298,K.P. Energy Limited,KPEL.BO,-32.08,0.601,2.14,Yes
3299,Abhinav Leasing and Finance Limited,ALFL.BO,-16.79,0.288,0.321,No
3300,J. Kumar Infraprojects Limited,JKIL.BO,-20.3,0.354,1.607,Yes
3301,K.P. Energy Limited,KPEL.NS,-32.16,0.601,2.141,Yes
3302,Goodyear India Limited,GOODYEAR.BO,-19.68,0.342,1.521,Yes
3303,Hathway Cable and Datacom Limited,HATHWAY.NS,-21.13,0.369,1.691,Yes
3304,Newgen Software Technologies Limited,NEWGEN.BO,-31.81,0.592,2.766,Yes
3305,Corporate Merchant Bankers Limited,CMBL.BO,-54.07,1.182,2.918,Yes
3306,Shayona Engineering Limited,SHAYONAENG.BO,-9.3,0.152,0.213,Yes
3307,National Oxygen Limited,NOL.BO,-35.97,0.686,1.134,Yes
3308,JTEKT India Limited,JTEKTINDIA.NS,-20.35,0.353,1.572,Yes
3309,Swiss Military Consumer Goods Limited,SWISSMLTRY.BO,-29.25,0.534,1.819,Yes
3310,BEML Land Assets Limited,BLAL.BO,-19.82,0.342,1.539,Yes
3311,Newgen Software Technologies Limited,NEWGEN.NS,-31.89,0.591,2.757,Yes
3312,Tega Industries Limited,TEGA.NS,-14.92,0.251,0.34,Yes
3313,Raghuvir Synthetics Limited,RAGHUSYN.BO,-17.37,0.296,1.136,Yes
3314,Sadbhav Infrastructure Project Limited,SADBHIN.BO,-27.04,0.486,2.391,Yes
3315,Kumbhat Financial Services Limited,KUMPFIN.BO,-22.8,0.4,0.242,Yes
3316,Panasonic Energy India Co. Ltd.,PANAENERG.BO,-22.0,0.383,0.837,Yes
3317,HLV Limited,HLVLTD.BO,-35.01,0.659,2.786,Yes
3318,Kalpataru Limited,KALPATARU.NS,-22.51,0.393,1.644,Yes
3319,Lakshmi Finance & Industrial Corporation Limited,LFIC.NS,-28.82,0.521,1.943,Yes
3320,Bazel International Limited,BAZELINTER.BO,-28.48,0.514,1.815,Yes
3321,Hathway Cable and Datacom Limited,HATHWAY.BO,-21.3,0.368,1.692,Yes
3322,Shree Tirupati Balajee Agro Trading Company Limited,BALAJEE.BO,-35.38,0.666,2.823,Yes
3323,Swojas Foods Limited,SWOJAS.BO,-39.93,0.775,0.715,Yes
3324,Vinayak Polycon International Limited,VINAYAKPOL.BO,-28.23,0.506,1.433,Yes
3325,Kritika Wires Limited,KRITIKA.NS,-30.39,0.552,2.487,Yes
3326,Jungle Camps India Limited,JUNGLECAMP.BO,-27.97,0.5,1.042,Yes
3327,Karbonsteel Engineering Limited,KARBON.BO,-28.58,0.512,1.998,Yes
3328,UTIAMC-SENSEXBETA,SENSEXBETA.NS,-11.62,0.189,1.015,Yes
3329,Comfort Intech Limited,COMFINTE.BO,-23.58,0.409,0.935,Yes
3330,Kalpataru Limited,KALPATARU.BO,-23.04,0.398,1.679,Yes
3331,Loyal Equipments Limited,LOYAL.BO,-26.43,0.464,1.848,Yes
3332,HLV Limited,HLVLTD.NS,-35.49,0.659,2.774,Yes
3333,Kokuyo Camlin Limited,KOKUYOCMLN.NS,-23.63,0.408,1.646,Yes
3334,Indian Renewable Energy Development Agency Limited,IREDA.NS,-19.39,0.327,1.268,Yes
3335,Pine Labs Limited,PINELABS.BO,-32.54,0.592,2.092,Yes
3336,Gayatri Sugars Limited,GAYATRI.BO,-27.24,0.479,1.358,Yes
3337,J. Kumar Infraprojects Limited,JKIL.NS,-20.58,0.348,1.552,Yes
3338,Tega Industries Limited,TEGA.BO,-14.99,0.246,0.344,Yes
3339,Wipro Limited,WIPRO.NS,-18.08,0.301,0.617,Yes
3340,Sumeru Industries Limited,SUMERUIND.BO,-22.87,0.391,1.733,Yes
3341,Suraj Estate Developers Limited,SURAJEST.NS,-27.15,0.475,2.086,Yes
3342,Hisar Spinning Mills Limited,HISARSP.BO,-25.29,0.437,0.246,Yes
3343,FDC Limited,FDC.NS,-20.31,0.341,1.009,Yes
3344,A-1 Limited,A1L.BO,-61.5,1.391,4.131,Yes
3345,Kokuyo Camlin Limited,KOKUYOCMLN.BO,-23.68,0.405,1.612,Yes
3346,FDC Limited,FDC.BO,-20.44,0.343,1.028,Yes
3347,Shivam Autotech Limited,SHIVAMAUTO.NS,-35.85,0.659,2.944,Yes
3348,Vesuvius India Limited,VESUVIUS.BO,-18.22,0.301,1.127,Yes
3349,Lasa Supergenerics Limited,LASA.BO,-33.05,0.594,2.26,Yes
3350,Bhagawati Oxygen Limited,BHAGWOX.BO,-14.27,0.23,0.306,Yes
3351,Ansal Housing Limited,ANSALHSG.BO,-33.81,0.61,2.653,Yes
3352,Silicon Rental Solutions Limited,SRSOLTD.BO,-44.36,0.859,3.155,Yes
3353,Asit C. Mehta Financial Services Limited,ASITCFIN.BO,-22.58,0.38,1.536,Yes
3354,Sundaram Multi Pap Limited,SUNDARAM.BO,-27.94,0.485,2.245,Yes
3355,R M Drip and Sprinklers Systems Limited,RMDRIP.NS,-39.05,0.726,2.091,Yes
3356,AMJ Land Holdings Limited,AMJLAND.BO,-25.0,0.425,2.097,Yes
3357,Organic Recycling Systems Limited,ORGANICREC.BO,-14.21,0.227,0.648,Yes
3358,AF Enterprises Limited,AFEL.BO,-24.62,0.416,0.675,Yes
3359,Shree Tirupati Balajee Agro Trading Company Limited,BALAJEE.NS,-36.13,0.655,2.729,Yes
3360,MEP Infrastructure Developers Limited,MEP.NS,-47.07,0.92,1.771,Yes
3361,Pine Labs Limited,PINELABS.NS,-33.03,0.586,2.063,Yes
3362,BLS International Services Limited,BLS.NS,-21.98,0.364,1.487,Yes
3363,Godrej Consumer Products Limited,GODREJCP.NS,-19.14,0.312,1.288,Yes
3364,Foods and Inns Limited,FOODSIN.NS,-31.43,0.55,2.335,Yes
3365,Spice Lounge Food Works Limited,SPICELOUNG.BO,-38.11,0.696,1.609,Yes
3366,Finolex Industries Limited,FINPIPE.NS,-19.21,0.312,0.949,Yes
3367,Max India Limited,MAXIND.BO,-25.85,0.436,1.999,Yes
3368,Kaizen Agro Infrabuild Limited,KAIZENAGRO.BO,-29.89,0.516,2.431,Yes
3369,Uniinfo Telecom Services Limited,UNIINFO.NS,-30.21,0.523,2.604,Yes
3370,Explicit Finance Limited,EXPLICITFIN.BO,-37.95,0.689,0.371,No
3371,Jio Financial Services Limited,JIOFIN.NS,-16.29,0.26,1.293,Yes
3372,Praxis Home Retail Limited,PRAXIS.NS,-45.51,0.871,3.479,Yes
3373,Ashoka Buildcon Limited,ASHOKA.BO,-29.7,0.511,2.373,Yes
3374,AKG Exim Limited,AKG.NS,-27.85,0.474,1.696,Yes
3375,Ahluwalia Contracts (India) Limited,AHLUCONT.BO,-31.76,0.553,2.265,Yes
3376,Max India Limited,MAXIND.NS,-25.71,0.431,1.966,Yes
3377,Apollo Finvest (India) Limited,APOLLOFI.BO,-16.89,0.27,0.848,Yes
3378,Ashoka Buildcon Limited,ASHOKA.NS,-29.7,0.51,2.366,Yes
3379,BLT Logistics Limited,BLT.BO,-40.62,0.749,3.357,Yes
3380,Golden Tobacco Limited,GOLDENTOBC.NS,-25.67,0.43,2.203,Yes
3381,Havells India Limited,HAVELLS.NS,-15.5,0.244,1.003,Yes
3382,Archies Limited,ARCHIES.NS,-30.45,0.523,2.407,Yes
3383,Ashirwad Capital Limited,ASHCAP.BO,-19.43,0.313,1.147,Yes
3384,India Power Corporation Limited,DPSCLTD.NS,-34.03,0.596,2.5,Yes
3385,Invesco India Gold ETF,IVZINGOLD.NS,-54.17,1.102,2.938,No
3386,DhanSafal Finserve Limited,DHANSAFAL.BO,-29.51,0.502,1.123,Yes
3387,Indef Manufacturing Limited,BAJAJINDEF.BO,-32.94,0.572,2.348,Yes
3388,Ahluwalia Contracts (India) Limited,AHLUCONT.NS,-31.88,0.55,2.249,Yes
3389,GIC Housing Finance Limited,GICHSGFIN.NS,-16.61,0.262,1.327,Yes
3390,Motherson Sumi Wiring India Limited,MSUMI.BO,-16.96,0.269,1.324,Yes
3391,Indef Manufacturing Limited,BAJAJINDEF.NS,-32.88,0.571,2.293,Yes
3392,Saboo Sodium Chloro Limited,SABOOSOD.BO,-23.9,0.393,1.667,Yes
3393,Nesco Limited,NESCO.BO,-18.59,0.296,1.183,Yes
3394,Sylph Industries Limited,SYLPH.BO,-47.94,0.923,0.937,No
3395,Blue Star Limited,BLUESTARCO.NS,-19.73,0.316,1.248,Yes
3396,Digidrive Distributors Limited,DIGIDRIVE.NS,-33.4,0.58,2.533,Yes
3397,Weizmann Limited,WEIZMANIND.NS,-27.23,0.455,2.092,Yes
3398,MEP Infrastructure Developers Limited,MEP.BO,-47.49,0.909,1.823,Yes
3399,Nesco Limited,NESCO.NS,-18.64,0.296,1.197,Yes
3400,Invesco India Gold ETF,IVZINGOLD.BO,-54.49,1.102,2.931,No
3401,R M Drip and Sprinklers Systems Limited,RMDRIP.BO,-39.92,0.72,2.117,Yes
3402,S. M. Gold Limited,SMGOLD.BO,-22.11,0.356,1.195,Yes
3403,Orient Paper & Industries Limited,ORIENTPPR.NS,-29.64,0.499,2.298,Yes
3404,Vesuvius India Limited,VESUVIUS.NS,-18.76,0.296,1.136,Yes
3405,Indian Renewable Energy Development Agency Limited,IREDA.BO,-20.4,0.325,1.242,Yes
3406,National Fertilizers Limited,NFL.BO,-21.35,0.341,1.46,Yes
3407,Asgard Alcobev Limited,ASGARD.BO,-28.83,0.48,0.086,Yes
3408,National Fertilizers Limited,NFL.NS,-21.37,0.34,1.467,Yes
3409,Bharat Road Network Limited,BRNL.BO,-22.28,0.357,1.497,Yes
3410,Jupiter Wagons Limited,JWL.NS,-25.06,0.407,0.902,Yes
3411,Som Distilleries & Breweries Limited,SDBL.NS,-34.79,0.6,2.391,Yes
3412,Spacenet Enterprises India Limited,SPCENET.NS,-45.06,0.834,3.905,Yes
3413,Wipro Limited,WIPRO.BO,-19.15,0.3,0.628,Yes
3414,Motherson Sumi Wiring India Limited,MSUMI.NS,-17.09,0.265,1.308,Yes
3415,N G Industries LTD,NGIND.BO,-21.75,0.346,0.637,Yes
3416,ICICIPRAMC - ICICIFMCG,FMCGIETF.NS,-13.71,0.209,1.109,Yes
3417,Credo Brands Marketing Limited,MUFTI.NS,-25.71,0.418,1.858,Yes
3418,Jupiter Wagons Limited,JWL.BO,-25.13,0.407,0.897,Yes
3419,Reetech International Limited,REETECH.BO,-32.91,0.558,1.714,Yes
3420,Kkalpana Industries (India) Limited,KKALPANAIND.BO,-34.5,0.591,2.287,Yes
3421,Simplex Papers Limited,SIMPLXPAP.BO,-21.16,0.335,0.569,Yes
3422,India Home Loan Limited,INDIAHOME.BO,-22.57,0.358,1.694,Yes
3423,Computer Point Limited,COMPUPN.BO,-18.69,0.29,0.333,Yes
3424,The Hi-Tech Gears Limited,HITECHGEAR.NS,-21.34,0.336,1.285,Yes
3425,Pentokey Organy (India) Limited,PNTKYOR.BO,-25.87,0.418,1.642,Yes
3426,GEM Enviro Management Limited,GEMENVIRO.BO,-33.06,0.558,2.378,Yes
3427,Khyati Global Ventures Limited,KGVL.BO,-34.24,0.582,1.442,Yes
3428,Som Distilleries & Breweries Limited,SDBL.BO,-35.08,0.599,2.4,Yes
3429,Credo Brands Marketing Limited,MUFTI.BO,-25.73,0.415,1.856,Yes
3430,Eureka Forbes Limited,EUREKAFORB.BO,-21.96,0.346,1.295,Yes
3431,Sarthak Industries Limited,SARTHAKIND.BO,-24.33,0.388,1.809,Yes
3432,BEML Land Assets Limited,BLAL.NS,-21.04,0.33,1.484,Yes
3433,Vishvprabha Ventures Limited,VISVEN.BO,-27.5,0.445,0.699,Yes
3434,Phoenix International Limited,PHOENXINTL.BO,-19.31,0.298,1.311,Yes
3435,Jio Financial Services Limited,JIOFIN.BO,-17.16,0.261,1.296,Yes
3436,Dodla Dairy Limited,DODLA.NS,-16.98,0.258,1.185,Yes
3437,Wakefit Innovations Limited,WAKEFIT.BO,-23.92,0.377,0.708,Yes
3438,Transrail Lighting Limited,TRANSRAILL.BO,-33.18,0.553,2.252,Yes
3439,Transrail Lighting Limited,TRANSRAILL.NS,-33.16,0.553,2.25,Yes
3440,Flair Writing Industries Limited,FLAIR.NS,-16.21,0.245,0.824,Yes
3441,Williamson Magor & Co. Limited,WILLAMAGOR.BO,-27.07,0.434,1.826,Yes
3442,DiGiSPICE Technologies Limited,DIGISPICE.BO,-32.17,0.533,2.279,Yes
3443,Honda India Power Products Limited,HONDAPOWER.NS,-23.44,0.367,1.22,Yes
3444,Kovilpatti Lakshmi Roller Flour Mills Limited,KLRFM.BO,-25.92,0.412,1.342,Yes
3445,Capital India Finance Limited,CIFL.BO,-34.27,0.572,2.837,Yes
3446,G.K. Consultants Limited,GKCONS.BO,-23.35,0.364,0.67,Yes
3447,EPACK Durable Limited,EPACK.BO,-38.38,0.655,2.478,Yes
3448,EPACK Durable Limited,EPACK.NS,-38.3,0.653,2.483,Yes
3449,Mizzen Ventures Limited,MIZVEN.BO,-63.4,1.325,1.726,No
3450,3B Films Limited,3BFILMS.BO,-46.95,0.848,3.481,Yes
3451,Gconnect Logitech and Supply Chain Limited,GCONNECT.BO,-43.88,0.774,1.881,Yes
3452,Fractal Industries Limited,FIL.BO,-12.82,0.187,0.658,Yes
3453,Flair Writing Industries Limited,FLAIR.BO,-16.56,0.246,0.817,Yes
3454,DOMS Industries Limited,DOMS.BO,-9.97,0.143,0.342,Yes
3455,Popular Vehicles and Services Limited,PVSL.BO,-25.4,0.396,1.283,Yes
3456,Antarctica Limited,ANTGRAPHIC.NS,-25.87,0.404,1.807,Yes
3457,TVS Electronics Limited,TVSELECT.NS,-28.11,0.445,0.966,Yes
3458,Indo Farm Equipment Limited,INDOFARM.NS,-32.37,0.526,2.173,Yes
3459,Constronics Infra Limited,CONSTRONIC.BO,-18.46,0.276,0.386,Yes
3460,TVS Electronics Limited,TVSELECT.BO,-27.98,0.442,0.941,Yes
3461,Gokak Textiles Limited,GOKAKTEX.BO,-27.94,0.441,0.674,Yes
3462,DOMS Industries Limited,DOMS.NS,-10.06,0.144,0.322,Yes
3463,Jackson Investments Limited,JACKSON.BO,-27.32,0.429,1.402,Yes
3464,UVS Hospitality and Services Limited,UVS.BO,-34.05,0.557,0.09,Yes
3465,Agro Phos (India) Limited,AGROPHOS.NS,-31.81,0.513,2.363,Yes
3466,Mish Designs Limited,MISHDESIGN.BO,-39.52,0.67,2.031,Yes
3467,PVV Infra Limited,PVVINFRA.BO,-27.31,0.428,0.984,Yes
3468,Yogi Limited,YOGI.BO,-9.42,0.134,0.004,No
3469,Nalwa Sons Investments Limited,NSIL.BO,-22.79,0.348,1.563,Yes
3470,Dodla Dairy Limited,DODLA.BO,-17.16,0.254,1.178,Yes
3471,Croissance Limited,CROISSANCE.BO,-43.49,0.757,1.931,Yes
3472,Panabyte Technologies Limited,PANABYTE.BO,-43.67,0.76,2.661,Yes
3473,Indo Farm Equipment Limited,INDOFARM.BO,-32.34,0.521,2.193,Yes
3474,GIC Housing Finance Limited,GICHSGFIN.BO,-17.34,0.256,1.279,Yes
3475,Artificial Electronics Intelligent Material Limited,AEIM.BO,-37.89,0.633,0.596,Yes
3476,Wakefit Innovations Limited,WAKEFIT.NS,-24.35,0.374,0.689,Yes
3477,Bharat Immunologicals & Biologicals Corporation Limited,BIBCL.BO,-23.12,0.352,1.553,Yes
3478,MFL India Limited,MFLINDIA.BO,-25.06,0.386,0.997,Yes
3479,JMJ Fintech Limited,JMJFIN.BO,-29.49,0.466,2.344,Yes
3480,Marg Techno-Projects Limited,MTPL.BO,-58.73,1.154,2.736,Yes
3481,Unick Fix-A-Form and Printers Limited,UNICK.BO,-24.66,0.378,0.137,No
3482,Delta Industrial Resources Limited,DELTA.BO,-22.02,0.332,0.537,Yes
3483,Nalwa Sons Investments Limited,NSIL.NS,-22.73,0.344,1.536,Yes
3484,Anjani Portland Cement Limited,APCL.BO,-23.38,0.355,0.77,Yes
3485,Capital India Finance Limited,CIFL.NS,-34.7,0.564,2.734,Yes
3486,Karnawati Innovation Limited,KARNAWATI.BO,-38.52,0.642,1.003,Yes
3487,Popular Vehicles and Services Limited,PVSL.NS,-25.04,0.383,1.158,Yes
3488,Eureka Forbes Limited,EUREKAFORB.NS,-22.59,0.341,1.261,Yes
3489,Cindrella Hotels Limited,CINDHO.BO,-18.74,0.276,1.275,Yes
3490,Heranba Industries Limited,HERANBA.NS,-35.24,0.573,2.637,Yes
3491,Vikas Ecotech Limited,VIKASECO.NS,-36.63,0.601,2.387,Yes
3492,Celebrity Fashions Limited,CELEBRITY.NS,-34.32,0.555,2.349,Yes
3493,Bharat Road Network Limited,BRNL.NS,-22.61,0.341,1.4,Yes
3494,Sumit Woods Limited,SUMIT.NS,-37.57,0.62,0.117,Yes
3495,D. B. Corp Limited,DBCORP.NS,-21.77,0.326,1.512,Yes
3496,Jubilant Pharmova Limited,JUBLPHARMA.BO,-16.93,0.247,0.771,Yes
3497,Groww Nifty India Railways PSU ETF,GROWWRAIL.NS,-18.0,0.264,1.259,Yes
3498,Nimbus Projects Limited,NIMBSPROJ.BO,-31.0,0.488,0.895,Yes
3499,Jubilant Pharmova Limited,JUBLPHARMA.NS,-17.05,0.247,0.765,Yes
3500,Digitide Solutions Limited,DIGITIDE.BO,-33.46,0.534,2.456,Yes
3501,Oriental Trimex Limited,ORIENTALTL.NS,-43.22,0.736,3.022,Yes
3502,Oriental Trimex Limited,ORIENTALTL.BO,-43.15,0.733,3.001,Yes
3503,Honda India Power Products Limited,HONDAPOWER.BO,-23.87,0.358,1.2,Yes
3504,Shri Vasuprada Plantations Limited,VASUPRADA.BO,-17.54,0.254,1.054,Yes
3505,Williamson Magor & Co. Limited,WILLAMAGOR.NS,-25.78,0.39,1.718,Yes
3506,Shriram Asset Management Company Limited,SRAMSET.BO,-25.07,0.377,1.21,Yes
3507,Mahindra EPC Irrigation Limited,MAHEPC.BO,-28.36,0.435,1.76,Yes
3508,Heranba Industries Limited,HERANBA.BO,-35.47,0.568,2.631,Yes
3509,Digitide Solutions Limited,DIGITIDE.NS,-33.56,0.53,2.44,Yes
3510,3P Land Holdings Limited,3PLAND.BO,-24.87,0.372,1.585,Yes
3511,Kaveri Seed Company Limited,KSCL.BO,-24.48,0.365,0.747,Yes
3512,Travels & Rentals Limited,TRAVELS.BO,-57.96,1.098,2.181,Yes
3513,Foods and Inns Limited,FOODSIN.BO,-33.47,0.525,2.238,Yes
3514,Rajasthan Cylinders and Containers Limited,RCCL.BO,-17.4,0.249,0.802,Yes
3515,Vikas Ecotech Limited,VIKASECO.BO,-37.12,0.597,2.396,Yes
3516,Kaveri Seed Company Limited,KSCL.NS,-24.46,0.363,0.73,Yes
3517,Arvind Fashions Limited,ARVINDFASN.BO,-13.56,0.189,0.63,Yes
3518,Samtex Fashions Limited,SAMTEX.BO,-38.4,0.62,2.607,Yes
3519,The First Custodian Fund (India) Ltd.,1STCUS.BO,-25.44,0.379,0.964,Yes
3520,D. B. Corp Limited,DBCORP.BO,-22.01,0.321,1.482,Yes
3521,Indus Aluminium Recyclers Limited,CONTAINER.BO,-25.91,0.386,0.721,Yes
3522,Digidrive Distributors Limited,DIGIDRIVE.BO,-34.04,0.533,2.362,Yes
3523,Aqylon Nexus Limited,AQYLON.BO,-70.05,1.493,3.994,Yes
3524,Laxmi Dental Limited,LAXMIDENTL.BO,-34.15,0.534,1.653,Yes
3525,Neil Industries Limited,NEIL.BO,-19.47,0.279,0.757,Yes
3526,Dev Information Technology Limited,DEVIT.BO,-33.85,0.528,1.432,Yes
3527,Yaashvi Jewellers Limited,YAASHVI.BO,-61.17,1.182,,
3528,Magenta Lifecare Limited,MAGENTA.BO,-40.14,0.65,2.592,Yes
3529,Saraswati Saree Depot Limited,SSDL.NS,-31.0,0.472,1.992,Yes
3530,Modern Diagnostic & Research Centre Limited,MDRC.BO,-46.06,0.777,3.261,Yes
3531,Bambino Agro Industries Limited,BAMBINO.BO,-17.53,0.247,1.042,Yes
3532,Diamant Infrastructure Limited,DIAMANT.BO,-25.65,0.378,0.647,Yes
3533,Laxmi Dental Limited,LAXMIDENTL.NS,-34.14,0.53,1.611,Yes
3534,Simplex Realty Limited,SIMPLXREA.BO,-25.55,0.376,0.284,No
3535,Cosco (India) Limited,COSCO.BO,-23.13,0.335,1.61,Yes
3536,Azad India Mobility Limited,AZADIND.BO,-32.39,0.496,1.58,Yes
3537,Hexa Tradex Limited,HEXATRADEX.BO,-8.46,0.113,0.115,Yes
3538,The Bombay Dyeing and Manufacturing Company Limited,BOMDYEING.NS,-27.55,0.409,1.447,Yes
3539,My Money Securities Limited,MYMONEY.BO,-29.01,0.434,1.22,No
3540,Sibar Auto Parts Limited,SIBARAUT.BO,-13.05,0.179,0.277,Yes
3541,Radhe Developers (India) Limited,RADHEDE.BO,-32.37,0.494,2.256,Yes
3542,IGC Industries Limited,IGCIL.BO,-30.46,0.459,1.513,Yes
3543,Dev Information Technology Limited,DEVIT.NS,-33.77,0.52,1.322,Yes
3544,ARC Finance Ltd,ARCFIN.BO,-31.71,0.481,2.11,Yes
3545,Royale Manor Hotels and Industries Limited,RAYALEMA.BO,-35.71,0.555,2.447,Yes
3546,Saraswati Saree Depot Limited,SSDL.BO,-31.02,0.467,2.041,Yes
3547,Jagsonpal Services Limited,JAGSONSER.BO,-19.71,0.278,0.165,Yes
3548,Zenith Fibres Limited,ZENIFIB.BO,-15.97,0.221,0.78,Yes
3549,Interactive Financial Services Limited,IFINSER.BO,-18.33,0.256,0.828,Yes
3550,Pearl Green Clubs and Resorts Limited,PGCRL.BO,-24.73,0.358,0.098,No
3551,Shilp Gravures Limited,SHILGRAVQ.BO,-34.81,0.535,2.128,Yes
3552,DCW Limited,DCW.NS,-29.18,0.433,1.865,Yes
3553,Vahh Chemicals Limited,VAHH.BO,-46.04,0.765,,
3554,Mirae Asset Hang Seng TECH ETF,MAHKTECH.NS,-18.98,0.265,0.45,Yes
3555,GVK Power & Infrastructure Limited,GVKPIL.BO,-35.08,0.538,1.903,Yes
3556,DiGiSPICE Technologies Limited,DIGISPICE.NS,-32.5,0.49,2.111,Yes
3557,Dabur India Limited,DABUR.NS,-19.68,0.275,1.254,Yes
3558,M. K. Proteins Limited,MKPL.BO,-34.08,0.518,2.207,Yes
3559,Texel Industries Limited,TEXELIN.BO,-30.8,0.458,1.323,Yes
3560,Arvind Fashions Limited,ARVINDFASN.NS,-13.81,0.186,0.629,Yes
3561,PAOS Industries Limited,PAOS.BO,-25.65,0.369,0.121,Yes
3562,Modern Steels Limited,MDRNSTL.BO,-23.69,0.337,1.513,Yes
3563,Hexa Tradex Limited,HEXATRADEX.NS,-8.6,0.113,0.317,Yes
3564,Andhra Paper Limited,ANDHRAPAP.BO,-20.0,0.278,1.116,Yes
3565,Delphi World Money Limited,DELPHIFX.BO,-46.04,0.755,3.217,Yes
3566,Praxis Home Retail Limited,PRAXIS.BO,-49.14,0.824,3.122,Yes
3567,Eiko LifeSciences Limited,EIKO.BO,-11.44,0.152,0.194,Yes
3568,Rita Finance and Leasing Limited,RFLL.BO,-41.34,0.653,0.442,Yes
3569,Multibase India Limited,MULTIBASE.BO,-24.83,0.353,1.54,Yes
3570,CapitalNumbers Infotech Limited,CNINFOTECH.BO,-27.78,0.401,1.094,Yes
3571,Add-Shop E-Retail Limited,ASRL.BO,-33.05,0.493,2.327,Yes
3572,Solid Stone Company Limited,SOLIDSTON.BO,-19.27,0.265,1.119,Yes
3573,Innovana Thinklabs Limited,INNOVANA.NS,-33.38,0.499,2.019,Yes
3574,Andhra Paper Limited,ANDHRAPAP.NS,-19.61,0.27,1.068,Yes
3575,Vedanta Aluminium Metal Limited,VAML.NS,-7.23,0.093,,
3576,Kamdhenu Ventures Limited,KAMOPAINTS.BO,-41.21,0.647,2.203,Yes
3577,Dangee Dums Limited,DANGEE.NS,-29.46,0.428,1.397,Yes
3578,RattanIndia Power Limited,RTNPOWER.NS,-30.23,0.441,1.422,Yes
3579,Swasti Vinayaka Synthetics Limited,SWASTIVI.BO,-31.69,0.467,1.885,Yes
3580,Brightcom Group Limited,BCG.BO,-30.86,0.452,1.457,Yes
3581,RattanIndia Power Limited,RTNPOWER.BO,-30.1,0.439,1.415,Yes
3582,Continental Petroleums Limited,CONTPTR.BO,-26.87,0.384,1.53,Yes
3583,Kamdhenu Ventures Limited,KAMOPAINTS.NS,-41.38,0.648,2.197,Yes
3584,Brightcom Group Limited,BCG.NS,-30.9,0.451,1.451,Yes
3585,Caspian Corporate Services Limited,CASPIAN.BO,-46.32,0.752,2.574,Yes
3586,ITC Hotels Limited,ITCHOTELS.BO,-26.46,0.376,1.634,Yes
3587,Delphi World Money Limited,DELPHIFX.NS,-46.78,0.761,3.188,Yes
3588,Vibhor Steel Tubes Limited,VSTL.NS,-25.78,0.365,1.364,Yes
3589,ITC Hotels Limited,ITCHOTELS.NS,-26.53,0.377,1.636,Yes
3590,Hindware Home Innovation Limited,HINDWAREAP.BO,-37.15,0.564,2.308,Yes
3591,Evans Electric Limited,EVANS.BO,-44.77,0.716,2.226,Yes
3592,Citichem India Limited,CITICHEM.BO,-39.3,0.604,2.324,Yes
3593,Jainco Projects (India) Limited,JAINCO.BO,-28.95,0.416,0.487,Yes
3594,Marathon Nextgen Realty Limited,MARATHON.BO,-27.44,0.39,1.19,Yes
3595,Dhanlaxmi Fabrics Limited,DHANFAB.BO,-15.32,0.204,0.234,No
3596,GVK Power & Infrastructure Limited,GVKPIL.NS,-35.65,0.533,1.905,Yes
3597,Kellton Tech Solutions Limited,KELLTONTEC.NS,-35.47,0.529,1.598,Yes
3598,Dalmia Bharat Limited,DALBHARAT.NS,-15.87,0.211,0.717,Yes
3599,Premier Limited,PREMIER.NS,-15.66,0.207,0.389,Yes
3600,Hindware Home Innovation Limited,HINDWAREAP.NS,-37.47,0.563,2.288,Yes
3601,Cholamandalam Financial Holdings Limited,CHOLAHLDNG.NS,-20.08,0.271,1.294,Yes
3602,Epuja Spiritech Limited,EPUJA.BO,-54.07,0.92,0.77,Yes
3603,M. K. Proteins Limited,MKPL.NS,-35.07,0.517,2.224,Yes
3604,Pro Fin Capital Services Ltd.,PROFINC.BO,-47.84,0.773,2.479,Yes
3605,Methodhub Software Limited,METHODHUB.BO,-53.03,0.893,2.827,Yes
3606,S Chand And Company Limited,SCHAND.NS,-23.46,0.322,1.067,Yes
3607,BirlaNu Limited,BIRLANU.NS,-22.78,0.311,1.286,Yes
3608,Svaraj Trading and Agencies Limited,ZSVARAJT.BO,-20.13,0.271,0.984,No
3609,Crown Lifters Limited,CROWN.NS,-26.94,0.377,1.502,Yes
3610,Alankit Limited,ALANKIT.NS,-33.82,0.493,1.9,Yes
3611,Marathon Nextgen Realty Limited,MARATHON.NS,-27.53,0.386,1.206,Yes
3612,Tera Software Limited,TERASOFT.BO,-33.8,0.492,1.354,Yes
3613,Bajaj Housing Finance Limited,BAJAJHFL.BO,-22.32,0.303,1.433,Yes
3614,Stanbik Agro Limited,STANBIK.BO,-18.46,0.245,0.705,No
3615,Bajaj Housing Finance Limited,BAJAJHFL.NS,-22.32,0.303,1.431,Yes
3616,BKV Industries Limited,BKV.BO,-15.51,0.202,0.481,Yes
3617,Gala Global Products Limited,GGPL.BO,-44.94,0.704,2.098,Yes
3618,Kellton Tech Solutions Limited,KELLTONTEC.BO,-35.59,0.522,1.596,Yes
3619,Alankit Limited,ALANKIT.BO,-33.93,0.492,1.893,Yes
3620,West Leisure Resorts Limited,WESTLEIRES.BO,-33.93,0.492,0.676,Yes
3621,Allied Digital Services Limited,ADSL.BO,-35.34,0.517,2.286,Yes
3622,IEL Limited,INDXTRA.BO,-29.29,0.412,1.437,Yes
3623,Rajesh Exports Limited,RAJESHEXPO.BO,-48.17,0.771,3.584,Yes
3624,Shri Gang Industries & Allied Products Limited,SHRIGANG.BO,-29.16,0.409,0.037,Yes
3625,Heads UP Ventures Limited,HEADSUP.BO,-32.45,0.465,2.22,Yes
3626,Allied Digital Services Limited,ADSL.NS,-35.44,0.517,2.298,Yes
3627,PNC Media and Entertainment Limited,PNC.BO,-36.22,0.531,2.474,Yes
3628,Dalmia Bharat Limited,DALBHARAT.BO,-16.21,0.211,0.728,Yes
3629,Surana Telecom and Power Limited,SURANAT&P.BO,-24.1,0.328,1.342,Yes
3630,Oswal Agro Mills Limited,OSWALAGRO.BO,-42.98,0.659,2.774,Yes
3631,Cholamandalam Financial Holdings Limited,CHOLAHLDNG.BO,-20.41,0.272,1.287,Yes
3632,Astron Multigrain Limited,ASTRONMULT.BO,-25.92,0.356,1.673,Yes
3633,Skyline Ventures India Limited,SKILVEN.BO,-18.63,0.245,0.652,Yes
3634,Rajesh Exports Limited,RAJESHEXPO.NS,-48.26,0.767,3.521,Yes
3635,RattanIndia Enterprises Limited,RTNINDIA.BO,-36.78,0.539,1.745,Yes
3636,RattanIndia Enterprises Limited,RTNINDIA.NS,-36.72,0.537,1.713,Yes
3637,Tera Software Limited,TERASOFT.NS,-34.03,0.489,1.341,Yes
3638,Accelya Solutions India Limited,ACCELYA.BO,-17.94,0.235,1.018,Yes
3639,Rushil Décor Limited,RUSHIL.BO,-37.38,0.548,2.567,Yes
3640,Artemis Electricals and Projects Limited,AEPL.BO,-35.54,0.514,1.739,Yes
3641,Tricom Fruit Products Limited,TRICOMFRU.BO,-33.34,0.475,1.581,Yes
3642,Accelya Solutions India Limited,ACCELYA.NS,-17.99,0.234,1.001,Yes
3643,Kitex Garments Limited,KITEX.NS,-28.87,0.399,1.826,Yes
3644,Clenon Enterprises Limited,CLENON.BO,-20.53,0.27,0.319,No
3645,Mehul Colours Limited,MEHUL.BO,-29.15,0.403,1.441,Yes
3646,Kitex Garments Limited,KITEX.BO,-28.94,0.4,1.829,Yes
3647,James Warren Tea Limited,JAMESWARREN.BO,-24.01,0.322,1.414,Yes
3648,G. G. Automotive Gears Limited,GGAUTO.BO,-31.62,0.444,1.653,Yes
3649,Greenpanel Industries Limited,GREENPANEL.BO,-36.87,0.534,2.207,Yes
3650,BirlaNu Limited,BIRLANU.BO,-23.13,0.308,1.285,Yes
3651,Hubtown Limited,HUBTOWN.BO,-30.82,0.429,1.886,Yes
3652,Chemtech Industrial Valves Limited,CHEMTECH.BO,-40.65,0.604,1.549,Yes
3653,Sanmit Infra Limited,SANINFRA.BO,-41.66,0.623,2.563,Yes
3654,Fiberweb (India) Limited,FIBERWEB.BO,-34.02,0.483,1.792,Yes
3655,Hubtown Limited,HUBTOWN.NS,-30.67,0.426,1.859,Yes
3656,Innovana Thinklabs Limited,INNOVANA.BO,-34.76,0.495,1.996,Yes
3657,Chambal Fertilisers and Chemicals Limited,CHAMBLFERT.NS,-17.42,0.224,0.224,Yes
3658,HB Leasing and Finance Company Limited,HBLEAS.BO,-24.96,0.335,1.399,Yes
3659,Diligent Industries Limited,DILIGENT.BO,-31.13,0.432,1.208,Yes
3660,Rallis India Limited,RALLIS.NS,-28.53,0.39,1.388,Yes
3661,Oswal Agro Mills Limited,OSWALAGRO.NS,-42.71,0.64,2.746,Yes
3662,Laxmi Cotspin Limited,LAXMICOT.NS,-35.97,0.514,2.196,Yes
3663,Kuantum Papers Limited,KUANTUM.BO,-28.16,0.383,1.894,Yes
3664,VMS Industries Limited,VMS.BO,-39.93,0.586,2.207,Yes
3665,KSE Limited,KSE.BO,-21.9,0.287,1.414,Yes
3666,Nivaka Fashions Limited,NIVAKA.BO,-66.4,1.223,0.153,No
3667,S Chand And Company Limited,SCHAND.BO,-24.1,0.32,1.052,Yes
3668,Palash Securities Limited,PALASHSECU.BO,-23.79,0.314,1.172,Yes
3669,IndiaNivesh Limited,INDIANVSH.BO,-24.57,0.325,1.18,Yes
3670,Mauria Udyog Limited,MUL.BO,-38.46,0.554,2.43,Yes
3671,Blue Chip India Limited,BLUECHIP.NS,-40.03,0.583,0.762,No
3672,GHCL Limited,GHCL.NS,-24.26,0.32,1.391,Yes
3673,Indian Overseas Bank,IOB.NS,-17.46,0.221,1.105,Yes
3674,Kuantum Papers Limited,KUANTUM.NS,-28.23,0.38,1.892,Yes
3675,Sundaram Multi Pap Limited,SUNDARAM.NS,-31.88,0.439,2.067,Yes
3676,Shree Rama Multi-Tech Limited,SHREERAMA.BO,-28.88,0.39,0.555,Yes
3677,CMR Green Technologies Limited,CMRGREEN.NS,-35.05,0.491,,
3678,Indian Overseas Bank,IOB.BO,-17.5,0.221,1.105,Yes
3679,Surana Telecom and Power Limited,SURANAT&P.NS,-24.4,0.32,1.274,Yes
3680,Awfis Space Solutions Limited,AWFIS.BO,-47.53,0.726,2.919,Yes
3681,Bodhtree Consulting Limited,BODHTREE.BO,-50.79,0.796,3.12,Yes
3682,Athena Global Technologies Limited,ATHENAGLO.BO,-33.85,0.47,1.671,Yes
3683,i Power Solutions India Limited,IPOWER.BO,-22.2,0.287,0.238,Yes
3684,Awfis Space Solutions Limited,AWFIS.NS,-47.49,0.724,2.913,Yes
3685,Greenpanel Industries Limited,GREENPANEL.NS,-37.38,0.528,2.179,Yes
3686,Route Mobile Limited,ROUTE.NS,-32.3,0.442,1.805,Yes
3687,Pilani Investment and Industries Corporation Limited,PILANIINVS.NS,-18.11,0.228,0.961,Yes
3688,T.T. Limited,TTL.BO,-32.62,0.447,0.281,Yes
3689,Shreenath Paper Products Limited,SHREENATH.BO,-41.38,0.598,2.252,Yes
3690,Airo Lam Limited,AIROLAM.NS,-20.48,0.26,0.554,Yes
3691,Vama Industries Limited,VAMA.BO,-36.08,0.501,2.024,Yes
3692,Globtier Infotech Limited,GLOBTIER.BO,-46.52,0.696,2.767,Yes
3693,Sarthak Metals Limited,SMLT.NS,-34.32,0.471,1.99,Yes
3694,Route Mobile Limited,ROUTE.BO,-32.32,0.438,1.799,Yes
3695,Shree Rama Multi-Tech Limited,SHREERAMA.NS,-29.48,0.392,0.647,Yes
3696,Vishnu Prakash R Punglia Limited,VPRPL.NS,-54.0,0.854,2.686,Yes
3697,Rushil Décor Limited,RUSHIL.NS,-38.06,0.532,2.499,Yes
3698,Fiberweb (India) Limited,FIBERWEB.NS,-34.73,0.475,1.839,Yes
3699,Bella Casa Fashion & Retail Limited,BELLACASA.BO,-33.95,0.462,2.054,Yes
3700,Safa Systems & Technologies Limited,SSTL.BO,-41.38,0.591,0.256,Yes
3701,Vishnu Prakash R Punglia Limited,VPRPL.BO,-54.06,0.852,2.679,Yes
3702,Nila Spaces Limited,NILASPACES.NS,-25.26,0.325,1.535,Yes
3703,Spencer's Retail Limited,SPENCERS.BO,-40.88,0.581,2.26,Yes
3704,Bohra Industries Limited,BOHRAIND.NS,-40.13,0.565,1.441,Yes
3705,String Metaverse Limited,META.BO,-50.5,0.768,1.335,Yes
3706,Abirami Financial Services (India) Limited,ABIRAFN.BO,-22.37,0.282,0.496,Yes
3707,Risa International Limited,RISAINTL.BO,-33.81,0.456,1.253,Yes
3708,HeidelbergCement India Limited,HEIDELBERG.NS,-20.87,0.26,1.13,Yes
3709,Bella Casa Fashion & Retail Limited,BELLACASA.NS,-33.84,0.456,1.998,Yes
3710,Standard Shoe Sole and Mould (India) Limited,STDSHOE.BO,-18.47,0.227,0.721,Yes
3711,CMR Green Technologies Limited,CMRGREEN.BO,-35.74,0.487,,
3712,Priti International Limited,PRITI.NS,-43.17,0.619,2.989,Yes
3713,Akshar Spintex Limited,AKSHAR.NS,-28.64,0.373,1.169,Yes
3714,Abril Paper Tech Limited,ABRIL.BO,-26.99,0.348,1.044,Yes
3715,VSF Projects Limited,VSFPROJ.BO,-33.33,0.446,1.985,Yes
3716,Yogi Infra Projects Limited,YOGISUNG.BO,-42.51,0.605,0.314,No
3717,Kanishk Aluminium India Limited,KANISHK.BO,-49.09,0.734,2.432,Yes
3718,Vibhor Steel Tubes Limited,VSTL.BO,-27.04,0.348,1.288,Yes
3719,Sarthak Metals Limited,SMLT.BO,-35.09,0.474,1.922,Yes
3720,Liberty Shoes Ltd.,LIBERTSHOE.NS,-24.88,0.315,1.322,Yes
3721,Happiest Minds Technologies Limited,HAPPSTMNDS.BO,-21.43,0.266,0.186,Yes
3722,Nacdac Infrastructure Limited,NACDAC.BO,-39.97,0.556,1.577,Yes
3723,Ajooni Biotech Limited,AJOONI.NS,-25.63,0.325,0.897,Yes
3724,Vikram Kamats Hospitality Limited,KAMATS.BO,-38.46,0.529,2.401,Yes
3725,Spencer's Retail Limited,SPENCERS.NS,-41.61,0.585,2.236,Yes
3726,PNC Media and Entertainment Limited,PNC.NS,-39.16,0.54,2.56,Yes
3727,Tokyo Finance Limited,TOKYOFIN.BO,-22.05,0.273,0.488,Yes
3728,Sai Silks (Kalamandir) Limited,KALAMANDIR.NS,-37.39,0.509,1.76,Yes
3729,Happiest Minds Technologies Limited,HAPPSTMNDS.NS,-21.41,0.264,0.189,Yes
3730,Kotak Nifty Midcap 50 ETF,MIDCAP.NS,-59.36,0.96,1.228,Yes
3731,Veefin Solutions Limited,VEEFIN.BO,-35.52,0.477,1.373,Yes
3732,Palash Securities Limited,PALASHSECU.NS,-24.01,0.3,1.154,Yes
3733,Franklin Leasing and Finance Limited,FRANKLIN.BO,-16.77,0.201,0.302,Yes
3734,Symphony Limited,SYMPHONY.NS,-31.66,0.414,1.552,Yes
3735,Diligent Media Corporation Limited,DNAMEDIA.BO,-36.67,0.494,2.305,Yes
3736,Khadim India Limited,KHADIM.BO,-46.56,0.673,2.273,Yes
3737,NPR Finance Limited,NPRFIN.BO,-35.77,0.479,1.885,Yes
3738,Future Lifestyle Fashions Limited,FLFL.NS,-30.52,0.395,0.792,Yes
3739,Nath Industries Limited,NATHIND.BO,-34.24,0.454,1.599,Yes
3740,Swadeshi Polytex Limited,SWADPOL.BO,-37.08,0.5,2.368,Yes
3741,Tasty Dairy Specialities Limited,TDSL.BO,-37.58,0.507,1.981,Yes
3742,Sai Silks (Kalamandir) Limited,KALAMANDIR.BO,-37.53,0.506,1.73,Yes
3743,Himatsingka Seide Limited,HIMATSEIDE.NS,-37.5,0.503,2.438,Yes
3744,Aeonx Digital Technology Limited,AEONXDIGI.BO,-41.42,0.571,2.581,Yes
3745,Perfectpac Limited,PERFEPA.BO,-22.34,0.273,0.771,Yes
3746,Khadim India Limited,KHADIM.NS,-46.75,0.669,2.266,Yes
3747,Nova Iron & Steel Limited,NOVIS.BO,-23.71,0.291,1.087,Yes
3748,Ushakiran Finance Limited,USHAKIRA.BO,-31.38,0.403,0.614,No
3749,CCL International Limited,CCLINTER.BO,-22.53,0.274,1.174,Yes
3750,Incredible Industries Limited,INCREDIBLE.BO,-29.0,0.366,1.243,Yes
3751,Akshar Spintex Limited,AKSHAR.BO,-28.87,0.364,1.316,Yes
3752,Sanblue Corporation Limited,SANBLUE.BO,-45.68,0.643,2.495,Yes
3753,Liberty Shoes Ltd.,LIBERTSHOE.BO,-25.0,0.307,1.272,Yes
3754,NDA Securities Limited,NDASEC.BO,-31.51,0.402,0.432,Yes
3755,Fino Payments Bank Limited,FINOPB.NS,-41.61,0.566,2.85,Yes
3756,Fino Payments Bank Limited,FINOPB.BO,-41.58,0.564,2.839,Yes
3757,Haryana Capfin Limited,HARYNACAP.BO,-27.46,0.339,1.44,Yes
3758,Kotak Nifty Bank ETF,BANKNIFTY1.NS,-61.14,0.973,1.642,Yes
3759,52 Weeks Entertainment Limited,SHAQUAK.BO,-26.36,0.324,0.466,Yes
3760,Thomas Cook (India) Limited,THOMASCOOK.NS,-29.4,0.367,1.165,Yes
3761,MBL Infrastructure Limited,MBLINFRA.BO,-39.66,0.529,2.295,Yes
3762,E.I.D.- Parry (India) Limited,EIDPARRY.NS,-21.42,0.255,1.071,Yes
3763,Indong Tea Company Limited,INDONG.BO,-36.64,0.479,0.968,Yes
3764,Syngene International Limited,SYNGENE.NS,-32.47,0.412,1.372,Yes
3765,Sakthi Finance Limited,SAKTHIFIN.BO,-34.06,0.437,1.188,Yes
3766,Gorani Industries Limited,GORANIN.BO,-38.26,0.504,2.277,Yes
3767,Syngene International Limited,SYNGENE.BO,-32.52,0.412,1.371,Yes
3768,Southern Infoconsultants Limited,SOUTHERNIN.BO,-20.38,0.24,0.867,Yes
3769,TCI Industries Limited,TCIIND.BO,-21.95,0.261,0.83,Yes
3770,Brigade Hotel Ventures Limited,BRIGHOTEL.BO,-27.12,0.331,1.254,Yes
3771,Shreyans Industries Limited,SHREYANIND.NS,-39.31,0.518,2.033,Yes
3772,Visagar Polytex Limited,VIVIDHA.NS,-35.85,0.462,1.869,Yes
3773,Austere Systems Limited,AUSTERE.BO,-26.41,0.321,0.731,Yes
3774,Bikaji Foods International Limited,BIKAJI.NS,-15.78,0.18,0.544,Yes
3775,United Cotfab Limited,COTFAB.BO,-45.41,0.625,2.349,Yes
3776,Nila Spaces Limited,NILASPACES.BO,-25.65,0.31,1.433,Yes
3777,Itcons E-Solutions Limited,ITCONS.BO,-49.0,0.693,3.022,Yes
3778,Gopal Snacks Limited,GOPAL.BO,-20.28,0.237,0.806,Yes
3779,Gopal Snacks Limited,GOPAL.NS,-20.25,0.237,0.789,Yes
3780,Deepak Builders & Engineers India Limited,DBEIL.NS,-55.08,0.816,3.241,Yes
3781,Krsnaa Diagnostics Limited,KRSNAA.BO,-25.46,0.305,1.416,Yes
3782,Tilak Ventures Limited,TILAK.BO,-52.74,0.763,1.376,Yes
3783,Vista Pharmaceuticals Limited,VISTAPH.BO,-33.91,0.428,1.051,Yes
3784,Protean eGov Technologies Limited,PROTEAN.BO,-36.12,0.462,1.75,Yes
3785,Jamshri Realty Limited,JAMSHRI.BO,-20.62,0.24,0.83,Yes
3786,Eyantra Ventures Limited,EY.BO,-31.62,0.393,0.519,No
3787,Tarapur Transformers Limited,TARAPUR.BO,-43.3,0.582,1.257,Yes
3788,Quest Capital Markets Limited,QUESTCAP.BO,-25.11,0.299,1.175,Yes
3789,Krsnaa Diagnostics Limited,KRSNAA.NS,-25.59,0.306,1.429,Yes
3790,Protean eGov Technologies Limited,PROTEAN.NS,-36.21,0.462,1.752,Yes
3791,Infomedia Press Limited,INFOMEDIA.BO,-28.47,0.346,1.044,Yes
3792,Deepak Builders & Engineers India Limited,DBEIL.BO,-55.34,0.816,3.25,Yes
3793,Aveer Foods Limited,AVEER.BO,-22.67,0.266,0.616,Yes
3794,Raasi Refractories Limited,RASSIREF.BO,-33.19,0.415,0.595,Yes
3795,Capillary Technologies India Limited,CAPILLARY.NS,-26.45,0.317,1.058,Yes
3796,Rikhav Securities Limited,RIKHAV.BO,-33.24,0.415,1.353,Yes
3797,Ajmera Realty & Infra India Limited,AJMERA.NS,-37.3,0.477,2.412,Yes
3798,Capillary Technologies India Limited,CAPILLARY.BO,-26.55,0.317,1.053,Yes
3799,Brigade Hotel Ventures Limited,BRIGHOTEL.NS,-27.22,0.326,1.209,Yes
3800,Bikaji Foods International Limited,BIKAJI.BO,-15.97,0.179,0.547,Yes
3801,AGS Transact Technologies Limited,AGSTRA.BO,-43.19,0.573,2.738,Yes
3802,Hathway Bhawani Cabletel & Datacom Limited,HATHWAYB.BO,-26.91,0.321,1.094,Yes
3803,T.T. Limited,TTL.NS,-34.36,0.429,0.269,Yes
3804,Anjani Finance Limited,ANJANIFIN.BO,-28.23,0.339,1.728,Yes
3805,VJTF Eduservices Limited,VJTFEDU.BO,-35.13,0.44,0.138,No
3806,Ajmera Realty & Infra India Limited,AJMERA.BO,-37.38,0.475,2.383,Yes
3807,Systematix Corporate Services Limited,SYSTMTXC.BO,-49.14,0.678,3.349,Yes
3808,Metro Brands Limited,METROBRAND.BO,-27.22,0.323,1.203,Yes
3809,Promax Power Limited,PROMAX.BO,-55.12,0.797,2.791,Yes
3810,Juniper Hotels Limited,JUNIPER.BO,-23.27,0.269,0.775,Yes
3811,Odyssey Technologies Limited,ODYSSEY.BO,-46.98,0.636,3.041,Yes
3812,Medi-Caps Limited,MEDICAPQ.BO,-28.9,0.345,1.037,Yes
3813,UGRO Capital Limited,UGROCAP.BO,-43.89,0.579,2.838,Yes
3814,Tarapur Transformers Limited,TARAPUR.NS,-44.13,0.583,1.197,Yes
3815,A B Infrabuild Limited,ABINFRA.NS,-35.21,0.437,0.776,Yes
3816,Studds Accessories Limited,STUDDS.BO,-21.31,0.243,1.138,Yes
3817,Nexxus Petro Industries Limited,NEXXUS.BO,-32.67,0.398,0.504,No
3818,UGRO Capital Limited,UGROCAP.NS,-43.9,0.578,2.831,Yes
3819,Juniper Hotels Limited,JUNIPER.NS,-23.19,0.267,0.768,Yes
3820,JLA Infraville Shoppers Limited,JSHL.BO,-55.3,0.794,1.634,No
3821,Ravi Kumar Distilleries Limited,RKDL.BO,-28.53,0.338,1.146,Yes
3822,Ceejay Finance Limited,CEEJAY.BO,-19.22,0.215,0.168,No
3823,Richfield Financial Services Limited,RFSL.BO,-37.19,0.464,1.188,Yes
3824,GB Logistics Commerce Limited,GBLOGISTIC.BO,-43.5,0.567,0.662,Yes
3825,ntc industries limited,NTCIND.BO,-25.6,0.297,0.582,Yes
3826,MRP Agro Limited,MRP.BO,-12.04,0.13,0.648,Yes
3827,Metro Brands Limited,METROBRAND.NS,-27.21,0.319,1.16,Yes
3828,TeamLease Services Limited,TEAMLEASE.BO,-26.59,0.31,0.454,Yes
3829,Safari Industries (India) Limited,SAFARI.BO,-28.88,0.341,1.27,Yes
3830,Infomedia Press Limited,INFOMEDIA.NS,-27.02,0.316,0.816,Yes
3831,Hindustan Agrigenetics Limited,HINDUST.BO,-35.21,0.432,0.579,No
3832,MBL Infrastructure Limited,MBLINFRA.NS,-40.9,0.522,2.32,Yes
3833,Heads UP Ventures Limited,HEADSUP.NS,-33.06,0.4,1.762,Yes
3834,Om Power Transmission Limited,OMPOWER.NS,-25.43,0.294,1.386,Yes
3835,Olatech Solutions Limited,OLATECH.BO,-56.04,0.804,2.321,Yes
3836,IFL Enterprises Limited,IFL.BO,-46.64,0.619,2.541,Yes
3837,GROWW MUTUAL FUND  PERMITTED,GROWWSLVR.BO,-32.11,0.385,4.602,No
3838,CHL Limited,CHLLTD.BO,-20.83,0.234,0.587,Yes
3839,Ecos (India) Mobility & Hospitality Limited,ECOSMOBLTY.NS,-46.19,0.609,2.518,Yes
3840,Jet Solar Limited,JETSOLAR.BO,-48.41,0.649,0.151,Yes
3841,SI Capital & Financial Services Limited,SICAPIT.BO,-49.69,0.672,1.17,No
3842,Studds Accessories Limited,STUDDS.NS,-21.43,0.24,1.132,Yes
3843,Poojawestern Metaliks Limited,POOJA.BO,-39.81,0.499,2.071,Yes
3844,National Plastic Industries Limited,NATPLAS.BO,-27.89,0.324,1.512,Yes
3845,Andhra Cements Limited,ACL.BO,-43.83,0.565,2.258,Yes
3846,ICICI Lombard General Insurance Company Limited,ICICIGI.NS,-16.59,0.18,0.656,Yes
3847,TeamLease Services Limited,TEAMLEASE.NS,-26.8,0.309,0.453,Yes
3848,Ecos (India) Mobility & Hospitality Limited,ECOSMOBLTY.BO,-46.34,0.608,2.525,Yes
3849,Anka India Limited,ANKIN.BO,-53.6,0.744,3.176,Yes
3850,The Byke Hospitality Limited,BYKE.NS,-45.25,0.588,2.706,Yes
3851,Hawa Engineers Limited,HAWAENG.BO,-35.03,0.423,1.556,Yes
3852,EFC (I) Limited,EFCIL.NS,-30.81,0.363,1.427,Yes
3853,Om Power Transmission Limited,OMPOWER.BO,-25.42,0.289,1.386,Yes
3854,Agarwal Industrial Corporation Limited,AGARIND.BO,-45.68,0.592,2.154,Yes
3855,Advent Hotels International Limited,ADVENTHTL.NS,-42.39,0.536,3.059,Yes
3856,Concord Enviro Systems Limited,CEWATER.NS,-42.22,0.533,1.491,Yes
3857,Alphalogic Techsys Limited,ALPHALOGIC.BO,-47.04,0.615,1.345,Yes
3858,Garbi Finvest Limited,GARBIFIN.BO,-26.25,0.299,1.332,Yes
3859,Winsome Breweries Limited,WINSOMBR.BO,-33.81,0.403,1.33,Yes
3860,Solex Energy Limited,SOLEX.NS,-49.81,0.665,1.177,Yes
3861,Agarwal Industrial Corporation Limited,AGARIND.NS,-45.81,0.592,2.139,Yes
3862,DAM Capital Advisors Limited,DAMCAPITAL.BO,-34.9,0.418,1.948,Yes
3863,Compucom Software Limited,COMPUSOFT.BO,-24.95,0.281,1.299,Yes
3864,SpiceJet Limited,SPICEJET.BO,-56.08,0.786,3.884,Yes
3865,Concord Enviro Systems Limited,CEWATER.BO,-42.56,0.535,1.485,Yes
3866,Olympia Industries Limited,OLYMPTX.BO,-29.11,0.335,1.411,Yes
3867,Advance Metering Technology Limited,AMTL.BO,-27.13,0.308,0.279,No
3868,Incredible Industries Limited,INCREDIBLE.NS,-29.73,0.343,1.305,Yes
3869,DAM Capital Advisors Limited,DAMCAPITAL.NS,-34.97,0.417,1.942,Yes
3870,Technopack Polymers Limited,TECHNOPACK.BO,-38.86,0.474,0.486,Yes
3871,Amforge Industries Limited,AMFORG.BO,-34.11,0.403,0.496,Yes
3872,Andhra Cements Limited,ACL.NS,-43.9,0.554,2.232,Yes
3873,Pharmaids Pharmaceuticals Limited,PHARMAID.BO,-42.34,0.527,0.698,Yes
3874,Vikas WSP Limited,VIKASWSP.BO,-31.32,0.362,1.341,Yes
3875,TCFC Finance Limited,TCFCFINQ.BO,-42.69,0.532,1.344,Yes
3876,Compucom Software Limited,COMPUSOFT.NS,-25.34,0.282,1.319,Yes
3877,Quantum Nifty 50 ETF,QNIFTY.NS,-63.97,0.955,1.305,Yes
3878,Housing Development and Infrastructure Limited,HDIL.BO,-45.16,0.571,1.493,Yes
3879,Tracxn Technologies Limited,TRACXN.BO,-36.8,0.439,2.091,Yes
3880,Vedavaag Systems Limited,VEDAVAAG.BO,-44.09,0.553,2.26,Yes
3881,Kotak NIFTY India Consumption ETF,CONS.NS,-64.22,0.959,1.433,Yes
3882,Waaree Energies Limited,WAAREEENER.NS,-21.52,0.233,0.752,No
3883,International Travel House Limited,ITHL.BO,-33.74,0.393,1.726,Yes
3884,Waaree Energies Limited,WAAREEENER.BO,-21.65,0.235,0.754,No
3885,Quantum Nifty Exchange Traded Scheme,QNIFTY.BO,-64.18,0.954,1.321,Yes
3886,EFC (I) Limited,EFCIL.BO,-30.96,0.352,1.419,Yes
3887,A B Infrabuild Limited,ABINFRA.BO,-35.95,0.422,0.721,Yes
3888,ZR2 Bioenergy Limited,ZR2.BO,-59.93,0.849,2.818,Yes
3889,H.G. Infra Engineering Limited,HGINFRA.BO,-43.49,0.537,2.296,Yes
3890,ICICI Lombard General Insurance Company Limited,ICICIGI.BO,-16.99,0.178,0.648,Yes
3891,Toss the Coin Limited,TTC.BO,-44.75,0.557,1.558,Yes
3892,H.G. Infra Engineering Limited,HGINFRA.NS,-43.57,0.536,2.279,Yes
3893,Safari Industries (India) Limited,SAFARI.NS,-29.44,0.33,1.151,Yes
3894,Advent Hotels International Limited,ADVENTHTL.BO,-42.95,0.525,2.993,Yes
3895,Gujarat Energy Limited,GUJENERGY.BO,-39.09,0.464,1.34,Yes
3896,Gujarat Energy Limited,GUJENERGY.NS,-39.1,0.463,1.344,Yes
3897,Nucleus Software Exports Limited,NUCLEUS.NS,-23.6,0.253,0.679,Yes
3898,Varyaa Creations Limited,VARYAA.BO,-28.36,0.313,0.887,Yes
3899,The Byke Hospitality Limited,BYKE.BO,-45.31,0.56,2.536,Yes
3900,Oswal Pumps Limited,OSWALPUMPS.BO,-53.31,0.702,1.995,Yes
3901,SBI Cards and Payment Services Limited,SBICARD.BO,-24.93,0.269,1.154,Yes
3902,Reliance Power Limited,RPOWER.BO,-46.29,0.576,2.128,Yes
3903,Shakti Pumps (India) Limited,SHAKTIPUMP.BO,-37.72,0.441,1.394,Yes
3904,Godfrey Phillips India Limited,GODFRYPHLP.NS,-34.28,0.391,1.161,Yes
3905,Shakti Pumps (India) Limited,SHAKTIPUMP.NS,-37.71,0.44,1.399,Yes
3906,Oswal Pumps Limited,OSWALPUMPS.NS,-53.37,0.701,1.982,Yes
3907,3P Land Holdings Ltd,3PLAND.NS,-26.07,0.283,1.16,Yes
3908,Archean Chemical Industries Limited,ACI.NS,-28.0,0.307,0.152,No
3909,Global Surfaces Limited,GSLSU.BO,-59.06,0.815,3.278,Yes
3910,Tracxn Technologies Limited,TRACXN.NS,-36.99,0.429,2.038,Yes
3911,Reliance Power Limited,RPOWER.NS,-46.34,0.573,2.118,Yes
3912,Jain Irrigation Systems Limited,JISLDVREQS.BO,-36.14,0.416,1.602,Yes
3913,Avro India Limited,AVROIND.NS,-37.14,0.43,1.168,Yes
3914,ICDS Limited,ICDSLTD.BO,-21.95,0.231,0.428,No
3915,Sri Chakra Cement Limited,SRICC.BO,-55.17,0.731,1.696,Yes
3916,La Opala RG Limited,LAOPALA.BO,-25.47,0.274,1.197,Yes
3917,DroneAcharya Aerial Innovations Limited,DRONACHRYA.BO,-40.5,0.479,1.189,Yes
3918,AstraZeneca Pharma India Limited,ASTRAZEN.BO,-22.86,0.242,0.809,Yes
3919,R Systems International Limited,RSYSTEMS.NS,-35.16,0.4,1.47,Yes
3920,Earthstahl & Alloys Limited,EARTH.BO,-37.28,0.43,0.543,Yes
3921,La Opala RG Limited,LAOPALA.NS,-25.46,0.273,1.179,Yes
3922,Premier Capital Services Limited,PREMCAP.BO,-40.78,0.481,0.407,No
3923,TRF Limited,TRF.BO,-30.98,0.342,1.536,Yes
3924,HDFC Bank Limited,HDFCBANK.NS,-23.79,0.251,1.296,Yes
3925,Rajoo Engineers Limited,RAJOOENG.NS,-38.46,0.444,2.005,Yes
3926,Indian Railway Finance Corporation Limited,IRFC.NS,-30.16,0.329,1.361,Yes
3927,Indo Us Bio-Tech Limited,INDOUS.NS,-37.03,0.422,1.506,Yes
3928,Gujarat Craft Industries Limited,GUJCRAFT.BO,-26.83,0.287,1.077,Yes
3929,Afcons Infrastructure Limited,AFCONS.BO,-34.9,0.391,0.987,Yes
3930,Hilton Metal Forging Limited,HILTON.NS,-51.08,0.644,1.651,No
3931,Rajesh Power Services Limited,RAJESH.BO,-43.5,0.517,1.864,Yes
3932,Auto Pins (India) Limited,AUTOPINS.BO,-52.81,0.675,1.488,No
3933,New Swan Multitech Limited,SWANAGRO.BO,-31.94,0.351,1.572,Yes
3934,AstraZeneca Pharma India Limited,ASTRAZEN.NS,-23.02,0.239,0.811,Yes
3935,Future Lifestyle Fashions Limited,FLFL.BO,-31.49,0.344,0.545,Yes
3936,Mahalaxmi Fabric Mills Limited,MFML.BO,-31.16,0.34,0.603,Yes
3937,Bajaj HealthCare Limited,BAJAJHCARE.NS,-30.23,0.327,1.21,Yes
3938,Amrutanjan Health Care Limited,AMRUTANJAN.NS,-27.64,0.294,1.374,Yes
3939,Nucleus Software Exports Limited,NUCLEUS.BO,-24.09,0.25,0.642,Yes
3940,Swiggy Limited,SWIGGY.NS,-31.98,0.347,1.073,Yes
3941,Zaggle Prepaid Ocean Services Limited,ZAGGLE.BO,-43.21,0.506,2.425,Yes
3942,Gillette India Limited,GILLETTE.BO,-20.01,0.202,0.663,Yes
3943,Inventure Growth & Securities Limited,INVENTURE.NS,-34.81,0.384,1.59,Yes
3944,Shalby Limited,SHALBY.NS,-38.89,0.441,1.545,Yes
3945,Palm Jewels Limited,PALMJEWELS.BO,-29.78,0.318,1.419,Yes
3946,Medi Assist Healthcare Services Limited,MEDIASSIST.NS,-34.93,0.385,1.603,Yes
3947,Go Digit General Insurance Limited,GODIGIT.BO,-24.5,0.253,0.014,No
3948,Solarworld Energy Solutions Limited,SOLARWORLD.NS,-49.9,0.612,2.566,Yes
3949,Gujarat Toolroom Limited,GUJTLRM.BO,-47.6,0.573,2.413,Yes
3950,Medi Assist Healthcare Services Limited,MEDIASSIST.BO,-34.99,0.385,1.596,Yes
3951,Dhanalaxmi Roto Spinners Limited,DHANROTO.BO,-25.67,0.266,0.962,Yes
3952,Afcons Infrastructure Limited,AFCONS.NS,-35.21,0.387,0.968,Yes
3953,Bajaj HealthCare Limited,BAJAJHCARE.BO,-30.65,0.327,1.214,Yes
3954,Swiggy Limited,SWIGGY.BO,-32.18,0.346,1.085,Yes
3955,Takyon Networks Limited,TAKYON.BO,-53.35,0.669,1.854,Yes
3956,Highway Infrastructure Limited,HILINFRA.BO,-41.1,0.468,1.973,Yes
3957,Hilton Metal Forging Limited,HILTON.BO,-51.64,0.637,1.675,No
3958,Inani Marbles and Industries Limited,INANI.BO,-47.35,0.564,2.29,Yes
3959,Unicommerce eSolutions Limited,UNIECOM.NS,-35.32,0.386,1.771,Yes
3960,SBI Cards and Payment Services Limited,SBICARD.NS,-25.71,0.265,1.144,Yes
3961,Transpact Enterprises Limited,TRANSPACT.BO,-54.8,0.693,1.432,No
3962,Highway Infrastructure Limited,HILINFRA.NS,-41.13,0.467,1.994,Yes
3963,ICRA Limited,ICRA.BO,-20.29,0.202,0.617,Yes
3964,Shree Cement Limited,SHREECEM.NS,-20.35,0.203,0.609,Yes
3965,Zaggle Prepaid Ocean Services Limited,ZAGGLE.NS,-43.43,0.501,2.397,Yes
3966,Shalby Limited,SHALBY.BO,-39.21,0.438,1.543,Yes
3967,Oswal Greentech Limited,OSWALGREEN.NS,-47.33,0.56,2.438,Yes
3968,Diligent Media Corporation Limited,DNAMEDIA.NS,-38.64,0.429,2.03,Yes
3969,Tolins Tyres Limited,TOLINS.NS,-42.5,0.485,2.103,Yes
3970,Unicommerce eSolutions Limited,UNIECOM.BO,-35.38,0.384,1.771,Yes
3971,Solarworld Energy Solutions Limited,SOLARWORLD.BO,-52.39,0.644,2.763,Yes
3972,TRF Limited,TRF.NS,-31.93,0.339,1.499,Yes
3973,AGS Transact Technologies Limited,AGSTRA.NS,-44.99,0.521,2.524,Yes
3974,Quick Heal Technologies Limited,QUICKHEAL.NS,-49.77,0.597,2.417,Yes
3975,Aurionpro Solutions Limited,AURIONPRO.NS,-35.94,0.39,1.74,Yes
3976,Vishal Mega Mart Limited,VMM.NS,-25.51,0.259,0.857,Yes
3977,Syschem (India) Limited,SYSCHEM.BO,-41.25,0.464,1.533,Yes
3978,Oswal Greentech Limited,OSWALGREEN.BO,-47.55,0.56,2.44,Yes
3979,JHS Svendgaard Retail Ventures Limited,RETAIL.NS,-44.51,0.512,1.669,Yes
3980,Gillette India Limited,GILLETTE.NS,-20.57,0.202,0.673,Yes
3981,Kisaan Parivar Industries Limited,KISAAN.BO,-43.51,0.494,1.068,Yes
3982,Ravi Kumar Distilleries Limited,RKDL.NS,-31.17,0.326,0.917,Yes
3983,Tolins Tyres Limited,TOLINS.BO,-42.75,0.482,2.088,Yes
3984,Gujarat State Financial Corporation,GUJSTATFIN.BO,-26.07,0.264,1.141,Yes
3985,Logica Infoway Limited,LOGICA.BO,-23.75,0.237,0.616,Yes
3986,Rail Vikas Nigam Limited,RVNL.NS,-35.94,0.386,1.7,Yes
3987,Hampton Sky Realty Limited,HAMPTON.BO,-54.71,0.677,2.743,Yes
3988,Shankar Lal Rampal Dye-Chem Limited,SRD.BO,-34.87,0.371,1.294,Yes
3989,Reliance Chemotex Industries Limited,RELCHEMQ.NS,-27.3,0.277,0.69,Yes
3990,R & B Denims Limited,RNBDENIMS.NS,-62.11,0.822,1.626,Yes
3991,Go Digit General Insurance Limited,GODIGIT.NS,-25.16,0.252,0.016,No
3992,Inventure Growth & Securities Limited,INVENTURE.BO,-35.08,0.374,1.537,Yes
3993,Rail Vikas Nigam Limited,RVNL.BO,-36.12,0.386,1.697,Yes
3994,Quick Heal Technologies Limited,QUICKHEAL.BO,-50.02,0.592,2.372,Yes
3995,Relicab Cable Manufacturing Limited,RELICAB.BO,-36.84,0.396,0.666,Yes
3996,Jain Irrigation Systems Limited,JISLDVREQS.NS,-35.86,0.382,1.563,Yes
3997,Borosil Limited,BOROLTD.BO,-28.58,0.29,1.059,Yes
3998,Voith Paper Fabrics India Limited,VOITHPAPR.BO,-25.04,0.249,0.913,Yes
3999,Hilltone Software and Gases Limited,HILLTONE.BO,-45.05,0.51,1.087,Yes
4000,R & B Denims Limited,RNBDENIMS.BO,-62.41,0.819,1.59,Yes
4001,Toyam Sports Limited,TOYAMSL.BO,-50.28,0.591,2.577,Yes
4002,Thirumalai Chemicals Limited,TIRUMALCHM.NS,-40.54,0.443,1.33,Yes
4003,Sri Nachammai Cotton Mills Limited,SRINACHA.BO,-25.91,0.258,0.147,No
4004,Reliance Chemotex Industries Limited,RELCHEMQ.BO,-27.69,0.278,0.713,Yes
4005,Vrundavan Plantation Limited,VPL.BO,-33.36,0.347,0.92,Yes
4006,Go Fashion (India) Limited,GOCOLORS.NS,-47.47,0.545,1.307,Yes
4007,Global Surfaces Limited,GSLSU.NS,-61.52,0.797,3.238,Yes
4008,Shankar Lal Rampal Dye-Chem Limited,SRD.NS,-34.9,0.366,1.316,Yes
4009,Borosil Limited,BOROLTD.NS,-28.46,0.286,1.056,Yes
4010,Go Fashion (India) Limited,GOCOLORS.BO,-47.48,0.543,1.295,Yes
4011,Patspin India Limited,PATSPINLTD.BO,-28.06,0.281,1.177,Yes
4012,Sita Enterprises Limited,SITAENT.BO,-20.67,0.198,0.295,Yes
4013,Royal Orchid Hotels Limited,ROHLTD.NS,-40.73,0.442,1.844,Yes
4014,KAMA Holdings Limited,KAMAHOLD.BO,-17.7,0.167,0.522,Yes
4015,Artefact Projects Limited,ARTEFACT.BO,-22.09,0.213,0.671,Yes
4016,Amrutanjan Health Care Limited,AMRUTANJAN.BO,-28.14,0.28,1.322,Yes
4017,ACC Limited,ACC.NS,-28.96,0.289,1.569,Yes
4018,Centrum Capital Limited,CENTRUM.BO,-30.08,0.302,0.652,No
4019,Agio Paper & Industries Limited,AGIOPAPER.BO,-38.9,0.413,0.233,Yes
4020,Indraprastha Gas Limited,IGL.NS,-26.25,0.256,1.213,Yes
4021,R.P.P. Infra Projects Limited,RPPINFRA.NS,-52.11,0.608,2.472,Yes
4022,Aqylon Nexus Limited,AQYLON.NS,-85.27,1.506,3.481,Yes
4023,Madala Holdings Limited,MADALA.BO,-18.42,0.171,0.873,Yes
4024,Shanti Spintex Limited,SHANTIDENM.BO,-41.46,0.445,0.956,Yes
4025,Sula Vineyards Limited,SULA.NS,-40.7,0.434,1.986,Yes
4026,ICRA Limited,ICRA.NS,-21.13,0.199,0.629,Yes
4027,Inox Wind Limited,INOXWIND.BO,-46.96,0.521,2.168,Yes
4028,Hindustan Unilever Limited,HINDUNILVR.NS,-20.6,0.192,0.871,Yes
4029,Inox Wind Limited,INOXWIND.NS,-46.98,0.519,2.158,Yes
4030,Indo Us Bio-Tech Limited,INDOUS.BO,-38.72,0.403,1.462,Yes
4031,Steelman Telecom Limited,STML.BO,-38.4,0.398,1.2,Yes
4032,Virinchi Limited,VIRINCHI.BO,-43.98,0.474,2.222,Yes
4033,Sula Vineyards Limited,SULA.BO,-40.7,0.428,1.945,Yes
4034,Dhruv Consultancy Services Limited,DHRUV.BO,-50.62,0.573,1.419,Yes
4035,Univa Foods Limited,UNIVAFOODS.NS,-29.55,0.288,0.367,Yes
4036,Global Longlife Hospital and Research Limited,GLHRL.BO,-51.39,0.583,0.76,Yes
4037,R.P.P. Infra Projects Limited,RPPINFRA.BO,-52.19,0.594,2.42,Yes
4038,Jeena Sikho Lifecare Limited,JSLL.NS,-35.17,0.353,1.278,Yes
4039,Bayer CropScience Limited,BAYERCROP.BO,-15.04,0.134,0.127,Yes
4040,Navkar Urbanstructure Limited,NAVKARURB.NS,-55.63,0.651,1.876,Yes
4041,Avro India Limited,AVROIND.BO,-40.1,0.415,0.975,Yes
4042,Kilburn Engineering Limited,KLBRENG-B.BO,-27.14,0.259,0.892,Yes
4043,G-Tech Info-Training Limited,GTEIT.BO,-26.41,0.25,0.181,No
4044,Jeena Sikho Lifecare Limited,JSLL.BO,-35.28,0.353,1.29,Yes
4045,Suvidhaa Infoserve Limited,SUVIDHAA.NS,-43.12,0.455,2.249,Yes
4046,Rajnish Retail Limited,RRETAIL.BO,-59.12,0.709,1.3,Yes
4047,Reliance Communications Limited,RCOM.NS,-39.0,0.398,1.372,Yes
4048,Bayer CropScience Limited,BAYERCROP.NS,-15.1,0.133,0.136,Yes
4049,Virinchi Limited,VIRINCHI.NS,-44.13,0.466,2.197,Yes
4050,KIFS Financial Services Limited,KIFS.BO,-28.15,0.267,0.095,Yes
4051,A B Cotspin India Limited,ABCOTS.BO,-45.24,0.481,1.466,No
4052,Emmessar Biotech & Nutrition Limited,EMMESSA.BO,-27.23,0.256,1.06,Yes
4053,Le Travenues Technology Limited,IXIGO.NS,-37.04,0.371,0.377,Yes
4054,Sampat Aluminium Limited,SAMPAT.BO,-54.4,0.621,2.575,Yes
4055,Summit Securities Limited,SUMMITSEC.NS,-33.81,0.331,1.701,Yes
4056,Le Travenues Technology Limited,IXIGO.BO,-36.92,0.369,0.378,Yes
4057,Uravi Defence and Technology Limited,URAVIDEF.NS,-46.29,0.494,1.892,Yes
4058,Vishal Mega Mart Limited,VMM.BO,-27.33,0.257,0.876,Yes
4059,J.K. Cement Limited,JKCEMENT.NS,-18.64,0.166,0.613,Yes
4060,Indosolar Limited,WAAREEINDO.BO,-46.31,0.493,0.754,Yes
4061,Tanvi Foods (India) Limited,TANVI.BO,-42.51,0.44,0.583,Yes
4062,Uniphos Enterprises Limited,UNIENTER.NS,-34.52,0.338,1.459,Yes
4063,Padam Cotton Yarns Limited,PADAMCO.BO,-68.24,0.888,1.043,No
4064,Prime Fresh Limited,PRIMEFRESH.BO,-41.6,0.425,0.767,Yes
4065,Navkar Urbanstructure Limited,NAVKARURB.BO,-56.43,0.649,1.957,Yes
4066,A B Cotspin India Limited,ABCOTS.NS,-45.61,0.48,1.447,No
4067,Summit Securities Limited,SUMMITSEC.BO,-34.07,0.331,1.7,Yes
4068,Tomorrow Technologies Global Innovations Limited,TTGIL.BO,-30.1,0.284,0.622,Yes
4069,Vivo Bio Tech Limited,VIVOBIOT.BO,-47.11,0.498,1.726,Yes
4070,Birla Corporation Limited,BIRLACORPN.NS,-27.38,0.254,0.784,Yes
4071,J.K. Cement Limited,JKCEMENT.BO,-18.62,0.164,0.601,Yes
4072,Vedanta Aluminium Metal Limited,VAML.BO,-10.0,0.084,,
4073,Ramky Infrastructure Limited,RAMKY.NS,-36.31,0.355,1.308,Yes
4074,KPIT Technologies Limited,KPITTECH.BO,-43.22,0.443,1.612,Yes
4075,Aditya Birla Fashion and Retail Limited,ABFRL.BO,-37.14,0.365,1.559,Yes
4076,Reliance Communications Limited,RCOM.BO,-39.58,0.395,1.398,Yes
4077,Handson Global Management (HGM) Limited,HGM.BO,-38.27,0.378,1.471,Yes
4078,Ramky Infrastructure Limited,RAMKY.BO,-36.29,0.354,1.3,Yes
4079,Indosolar Limited,WAAREEINDO.NS,-46.57,0.489,0.738,Yes
4080,Aditya Birla Fashion and Retail Limited,ABFRL.NS,-37.13,0.364,1.557,Yes
4081,Saurashtra Cement Limited,SAURASHCEM.NS,-44.24,0.455,2.124,Yes
4082,AWL Agri Business Limited,AWL.NS,-26.05,0.238,0.835,Yes
4083,Saianand Commercial Limited,SAICOM.BO,-41.1,0.412,1.971,Yes
4084,AWL Agri Business Limited,AWL.BO,-26.16,0.238,0.832,Yes
4085,Pasura Industries Limited,ABVL.BO,-49.51,0.527,1.469,Yes
4086,Kranti Industries Limited,KRANTI.BO,-39.97,0.396,1.188,Yes
4087,Ambuja Cements Limited,AMBUJACEM.NS,-28.99,0.266,1.329,Yes
4088,Acme Resources Limited,ACME.BO,-27.53,0.25,0.716,Yes
4089,Uravi Defence and Technology Limited,URAVIDEF.BO,-46.36,0.476,1.791,Yes
4090,Centrum Capital Limited,CENTRUM.NS,-31.38,0.291,0.665,No
4091,SKIL Infrastructure Limited,SKIL.NS,-41.57,0.412,0.582,Yes
4092,Saurashtra Cement Limited,SAURASHCEM.BO,-43.96,0.442,2.093,Yes
4093,Arshiya Limited,ARSHIYA.NS,-51.12,0.543,0.987,Yes
4094,Sanofi India Limited,SANOFI.NS,-30.47,0.28,1.362,Yes
4095,Scoobee Day Garments (India) Limited,SCOOBEEDAY.BO,-26.37,0.236,0.728,Yes
4096,KPIT Technologies Limited,KPITTECH.NS,-43.88,0.44,1.599,Yes
4097,June Industries Limited,JUNE.BO,-36.54,0.348,0.636,Yes
4098,Shri Keshav Cements and Infra Limited,SKCIL.BO,-53.44,0.576,2.026,Yes
4099,Sanofi India Limited,SANOFI.BO,-30.46,0.277,1.364,Yes
4100,Handson Global Management (HGM) Limited,HGM.NS,-38.73,0.371,1.188,Yes
4101,Zensar Technologies Limited,ZENSARTECH.NS,-37.23,0.352,0.766,Yes
4102,Equilateral Enterprises Limited,EQUILATERA.BO,-42.04,0.41,0.555,Yes
4103,Bata India Limited,BATAINDIA.NS,-37.56,0.355,1.685,Yes
4104,Laddu Gopal Online Services Limited,LADDU.BO,-59.27,0.665,0.875,Yes
4105,Abram Food Limited,ABRFL.BO,-62.02,0.712,2.086,Yes
4106,Crizac Limited,CRIZAC.BO,-40.49,0.389,1.869,Yes
4107,Jain Irrigation Systems Limited,JISLJALEQS.NS,-44.33,0.437,1.727,Yes
4108,Pan India Corporation Limited,PANINDIAC.BO,-34.6,0.319,0.776,Yes
4109,Eris Lifesciences Limited,ERIS.NS,-18.32,0.153,0.336,Yes
4110,HBG Hotels Limited,HBGHOTELS.BO,-48.83,0.497,2.047,Yes
4111,Pratik Panels Limited,PRATIK.BO,-46.9,0.469,0.811,Yes
4112,Sagar Cements Limited,SAGCEM.NS,-34.91,0.321,1.439,Yes
4113,Eris Lifesciences Limited,ERIS.BO,-18.41,0.153,0.332,Yes
4114,JK Lakshmi Cement Limited,JKLAKSHMI.NS,-36.5,0.338,1.527,Yes
4115,Sujala Trading & Holdings Limited,SUJALA.BO,-67.45,0.811,2.653,Yes
4116,JK Agri Genetics Limited,JKAGRI.BO,-34.2,0.311,1.152,Yes
4117,Asian Star Company Limited,ASTAR.BO,-19.59,0.163,0.031,Yes
4118,Samsrita Labs Limited,SAMSRITA.BO,-38.15,0.355,0.781,Yes
4119,Lemon Tree Hotels Limited,LEMONTREE.NS,-35.52,0.323,1.321,Yes
4120,Future Enterprises Limited,FELDVR.NS,-35.91,0.326,1.003,Yes
4121,Gita Renewable Energy Limited,GITARENEW.BO,-32.97,0.294,0.867,Yes
4122,Lemon Tree Hotels Limited,LEMONTREE.BO,-35.67,0.323,1.318,Yes
4123,PI Industries Limited,PIIND.BO,-31.33,0.276,1.13,Yes
4124,Crizac Limited,CRIZAC.NS,-40.68,0.38,1.819,Yes
4125,Safety Controls & Devices Limited,SCDL.BO,-43.32,0.413,0.813,No
4126,Greencrest Financial Services Limited,GREENCREST.BO,-21.7,0.18,0.259,Yes
4127,Swasth Foodtech India Limited,SWASTH.BO,-44.3,0.423,1.831,Yes
4128,GTPL Hathway Limited,GTPL.BO,-44.62,0.427,1.087,Yes
4129,Rajputana Investment & Finance Limited,RAJPUTANA.BO,-20.45,0.168,0.626,Yes
4130,Rudrabhishek Enterprises Limited,REPL.NS,-53.46,0.548,2.356,Yes
4131,Haryana Financial Corporation,HARAFIN.BO,-24.57,0.206,0.226,Yes
4132,Elin Electronics Limited,ELIN.NS,-48.25,0.473,2.157,Yes
4133,Elin Electronics Limited,ELIN.BO,-48.22,0.472,2.146,Yes
4134,PI Industries Limited,PIIND.NS,-32.07,0.28,1.152,Yes
4135,India Shelter Finance Corporation Limited,INDIASHLTR.BO,-24.75,0.205,0.304,Yes
4136,Aditya Birla Lifestyle Brands Limited,ABLBL.NS,-34.13,0.299,1.383,Yes
4137,Aditya Birla Lifestyle Brands Limited,ABLBL.BO,-34.19,0.3,1.389,Yes
4138,HMA Agro Industries Limited,HMAAGRO.BO,-31.75,0.274,1.323,Yes
4139,Orient Tradelink Limited,ORIENTTR.BO,-70.16,0.836,2.99,Yes
4140,SRU Steels Limited,SRUSTEELS.BO,-63.75,0.707,2.92,Yes
4141,Neopolitan Pizza and Foods Limited,NPFL.BO,-44.45,0.417,1.518,Yes
4142,RDB Infrastructure and Power Limited,RDBIPL.BO,-60.06,0.641,1.015,Yes
4143,Bajaj Electricals Limited,BAJAJELEC.NS,-39.07,0.35,1.215,Yes
4144,Welcure Drugs and Pharmaceuticals Limited,WELCURE.BO,-49.41,0.478,1.89,Yes
4145,Sodhani Academy of Fintech Enablers Limited,SAFE.BO,-46.3,0.436,1.634,Yes
4146,Suvidhaa Infoserve Limited,SUVIDHAA.BO,-45.83,0.429,2.075,Yes
4147,Orchasp Limited,ORCHASP.BO,-48.9,0.468,1.509,Yes
4148,Healthy Life Agritec Limited,HEALTHYLIFE.BO,-62.1,0.664,1.46,Yes
4149,HMA Agro Industries Limited,HMAAGRO.NS,-31.7,0.267,1.235,Yes
4150,Gayatri Highways Limited,GAYAHWS.NS,-48.0,0.453,0.946,Yes
4151,JSL Industries Limited,JSLINDL.BO,-29.4,0.244,0.218,Yes
4152,Orchasp Limited,ORCHASP.NS,-49.25,0.469,1.498,Yes
4153,MOIL Limited,MOIL.NS,-32.03,0.27,0.669,Yes
4154,Bombay Cycle & Motor Agency Limited,BOMBCYC.BO,-22.65,0.18,0.201,Yes
4155,DRC Systems India Limited,DRCSYSTEMS.BO,-32.52,0.274,0.749,Yes
4156,MOIL Limited,MOIL.BO,-31.97,0.269,0.667,Yes
4157,PFL Infotech Limited,PFLINFOTC.BO,-51.1,0.491,0.09,Yes
4158,Swan Corp Limited,SWANCORP.BO,-35.1,0.3,1.523,Yes
4159,Rathi Bars Limited,RATHIBAR.BO,-43.71,0.396,1.576,Yes
4160,Royal Sense Limited,ROYAL.BO,-54.91,0.543,1.941,Yes
4161,Swan Corp Limited,SWANCORP.NS,-35.12,0.299,1.523,Yes
4162,Kings Infra Ventures Limited,KINGSINFR.BO,-45.97,0.421,0.843,Yes
4163,Standard Capital Markets Limited,STANCAP.BO,-38.43,0.334,1.404,Yes
4164,GTPL Hathway Limited,GTPL.NS,-45.01,0.409,0.971,Yes
4165,Odigma Consultancy Solutions Limited,ODIGMA.NS,-49.21,0.462,1.753,Yes
4166,Emami Limited,EMAMILTD.NS,-31.18,0.258,1.361,Yes
4167,India Shelter Finance Corporation Limited,INDIASHLTR.NS,-25.02,0.199,0.232,Yes
4168,Emami Limited,EMAMILTD.BO,-31.3,0.258,1.361,Yes
4169,United Interactive Limited,UNITEDINT.BO,-24.14,0.19,0.421,No
4170,Dhruv Consultancy Services Limited,DHRUV.NS,-52.74,0.506,1.212,Yes
4171,Vikram Solar Limited,VIKRAMSOLR.NS,-45.4,0.411,0.742,Yes
4172,Titaanium Ten Enterprise Limited,TITAANIUM.BO,-70.9,0.815,1.713,Yes
4173,Alok Industries Limited,ALOKINDS.BO,-48.98,0.455,1.977,Yes
4174,Alok Industries Limited,ALOKINDS.NS,-48.92,0.453,1.982,Yes
4175,Vikram Solar Limited,VIKRAMSOLR.BO,-45.4,0.409,0.725,Yes
4176,Family Care Hospitals Limited,FAMILYCARE.BO,-53.27,0.509,1.936,Yes
4177,Safecure Services Limited,SAFECURE.BO,-53.0,0.505,2.171,Yes
4178,Gayatri Highways Limited,GAYAHWS.BO,-48.97,0.449,0.904,Yes
4179,Gogia Capital Growth Limited,GOGIACAPGL.BO,-49.0,0.448,0.809,No
4180,AKI India Limited,AKI.BO,-52.65,0.494,1.873,Yes
4181,K-Lifestyle & Industries Limited,KLIFESTYL.BO,-21.47,0.163,0.007,No
4182,ISL Consulting Limited,ISLCONSUL.BO,-51.68,0.481,1.206,No
4183,Mangalam Industrial Finance Limited,MANGIND.BO,-61.38,0.623,0.458,No
4184,CG-VAK Software and Exports Limited,CGVAK.BO,-46.07,0.409,1.392,Yes
4185,Monotype India Limited,MONOT.BO,-42.95,0.373,1.174,Yes
4186,The Investment Trust of India Limited,THEINVEST.BO,-34.66,0.284,0.718,Yes
4187,The Investment Trust of India Limited,THEINVEST.NS,-34.25,0.279,0.755,Yes
4188,ITC Limited,ITC.NS,-33.28,0.269,1.098,Yes
4189,Innovative Tech Pack Limited,INNOVTEC.BO,-39.4,0.332,1.018,Yes
4190,Swashthik Plascon Limited,SPL.BO,-46.87,0.415,0.939,Yes
4191,United Breweries Limited,UBL.NS,-27.35,0.212,0.275,Yes
4192,Systematix Corporate Services Limited,SYSTMTXC.NS,-64.19,0.662,3.181,Yes
4193,W. H. Brady & Company Limited,WHBRADY.BO,-33.07,0.266,0.693,Yes
4194,AKI India Limited,AKI.NS,-52.79,0.488,1.842,Yes
4195,Storage Technologies and Automation Limited,STAL.BO,-56.95,0.546,1.806,Yes
4196,Sintercom India Limited,SINTERCOM.NS,-34.43,0.277,1.022,Yes
4197,Franklin Industries Limited,FRANKLININD.BO,-58.9,0.573,2.174,Yes
4198,Kerala Ayurveda Limited,KERALAYUR.BO,-60.57,0.598,2.105,Yes
4199,United Breweries Limited,UBL.BO,-27.21,0.209,0.256,Yes
4200,Dhvija Finance Limited,DHVIJAFIN.BO,-44.46,0.383,1.165,Yes
4201,Yashraj Containeurs Limited,YASHRAJC.BO,-28.52,0.22,0.377,Yes
4202,Annapurna Swadisht Limited,ANNAPURNA.NS,-40.33,0.336,0.512,Yes
4203,Vikas Proppant & Granite Limited,VIKASPROP.BO,-23.53,0.176,0.014,Yes
4204,Challani Capital Limited,CHALLANI.BO,-34.65,0.276,0.732,Yes
4205,Sai Capital Limited,SAICAPI.BO,-32.45,0.254,0.716,Yes
4206,Kallam Textiles Limited,KALLAM.BO,-42.86,0.359,1.211,Yes
4207,TruCap Finance Limited,TRU.NS,-60.86,0.593,2.393,Yes
4208,Gujjubhai Industries Limited,GUJJUBHAI.BO,-53.18,0.482,1.262,Yes
4209,Sea TV Network Limited,SEATV.BO,-39.19,0.319,0.113,No
4210,Cello World Limited,CELLO.NS,-38.44,0.311,0.959,Yes
4211,Lakshmi Precision Screws Limited,LAKPRE.BO,-21.76,0.159,0.191,No
4212,Reganto Enterprises Limited,REGANTO.BO,-65.61,0.667,2.865,Yes
4213,Bombay Oxygen Investments Limited,BOMOXY-B1.BO,-24.57,0.182,0.311,Yes
4214,Tata Elxsi Limited,TATAELXSI.NS,-30.68,0.235,0.584,Yes
4215,TruCap Finance Limited,TRU.BO,-60.13,0.576,2.258,Yes
4216,Cello World Limited,CELLO.BO,-38.49,0.31,0.96,Yes
4217,Housing Development and Infrastructure Limited,HDIL.NS,-48.46,0.418,1.22,Yes
4218,Gujarat Apollo Industries Limited,GUJAPOLLO.NS,-28.17,0.211,0.062,Yes
4219,Dolphin Kitchen Utencils and Appliances Limited,DKUAL.BO,-68.29,0.708,0.401,No
4220,Horizon Reclaim (India) Limited,HORIZON.BO,-34.95,0.273,,
4221,Peninsula Land Limited,PENINLAND.NS,-51.59,0.454,1.846,Yes
4222,Gujarat Apollo Industries Limited,GUJAPOLLO.BO,-28.23,0.211,0.025,Yes
4223,Gabriel PET Straps Limited,GPSL.BO,-68.13,0.7,1.847,Yes
4224,Royal Cushion Vinyl Products Limited,ROYALCU.BO,-43.68,0.36,1.046,Yes
4225,Shrenik Limited,SHRENIK.NS,-44.74,0.37,1.172,Yes
4226,Touchwood Entertainment Limited,TOUCHWOOD.NS,-41.94,0.339,1.457,Yes
4227,Supha Pharmachem Limited,SUPHA.BO,-74.57,0.825,3.365,Yes
4228,TCC Concept Limited,TCC.BO,-55.98,0.505,2.211,Yes
4229,Hazoor Multi Projects Limited,HAZOOR.BO,-46.97,0.392,1.778,Yes
4230,Abate AS Industries Limited,ABATEAS.BO,-44.57,0.365,0.655,Yes
4231,Network18 Media & Investments Limited,NETWORK18.BO,-46.57,0.386,1.681,Yes
4232,Network18 Media & Investments Limited,NETWORK18.NS,-46.6,0.386,1.679,Yes
4233,Shree Securities Limited,SHREESEC.BO,-31.54,0.235,0.608,Yes
4234,Ganga Forging Limited,GANGAFORGE.NS,-51.41,0.441,1.616,Yes
4235,Veerkrupa Jewellers Limited,VEERKRUPA.BO,-45.74,0.375,0.796,Yes
4236,Sam Industries Ltd.,SAMINDUS.BO,-36.55,0.28,0.863,Yes
4237,Harshil Agrotech Limited,HARSHILAGR.BO,-53.23,0.46,1.95,Yes
4238,Kakatiya Textiles Limited,KAKTEX.BO,-51.95,0.444,1.842,Yes
4239,Iconik Sports and Events Limited,ICONIKSPEV.BO,-55.93,0.494,1.338,Yes
4240,Nyssa Corporation Limited,NYSSACORP.BO,-49.45,0.413,0.851,Yes
4241,Le Merite Exports Limited,LEMERITE.NS,-69.16,0.696,0.681,Yes
4242,Bharat Rasayan Limited,BHARATRAS.NS,-48.54,0.4,1.68,Yes
4243,Kapil Raj Finance Limited,KAPILRAJ.BO,-58.46,0.523,1.927,No
4244,Tecil Chemicals and Hydro Power Ltd.,TECILCHEM.NS,-48.26,0.395,1.456,Yes
4245,Rolcon Engineering Company Limited,ROLCOEN.BO,-33.42,0.246,0.148,No
4246,Munoth Communication Limited,MCLTD.BO,-44.31,0.348,0.435,No
4247,RKEC Projects Limited,RKEC.NS,-66.22,0.632,2.871,Yes
4248,SMR Jewels Limited,SMR.BO,-59.23,0.526,,
4249,Gensol Engineering Limited,GENSOL.NS,-56.33,0.487,1.266,Yes
4250,Ganesh Consumer Products Limited,GANESHCP.NS,-38.72,0.29,0.714,Yes
4251,U.P. Hotels Limited,UPHOT.BO,-19.92,0.133,0.359,Yes
4252,Mahalaxmi Fabric Mills Limited,MFML.NS,-37.71,0.279,0.239,Yes
4253,Gensol Engineering Limited,GENSOL.BO,-55.99,0.476,1.245,Yes
4254,Mafia Trends Limited,MAFIA.BO,-55.39,0.468,0.456,No
4255,Sharma East India Hospitals & Medical Research Ltd,SHARMEH.BO,-39.93,0.299,0.627,No
4256,Polo Queen Industrial and Fintech Limited,PQIF.BO,-74.68,0.776,2.694,Yes
4257,Associated Ceramics Limited,ASSOCER.BO,-32.86,0.232,0.071,No
4258,Rajvir Industries Limited,RAJVIR.BO,-27.1,0.185,0.514,Yes
4259,Sunraj Diamond Exports Limited,SUNRAJDI.BO,-44.55,0.34,0.181,No
4260,National Securities Depository Limited,NSDL.BO,-33.42,0.236,1.104,Yes
4261,ResGen Limited,RESGEN.BO,-48.8,0.383,1.379,Yes
4262,Trans India House Impex Limited,TIHIL.BO,-71.07,0.692,2.587,Yes
4263,Global Capital Markets Limited,GLOBALCA.BO,-38.98,0.284,0.432,Yes
4264,Diksha Greens Limited,DGL.BO,-51.76,0.414,1.835,Yes
4265,Peninsula Land Limited,PENINLAND.BO,-52.73,0.425,1.77,Yes
4266,Brand Concepts Limited,BCONCEPTS.NS,-53.34,0.43,1.868,Yes
4267,Alexander Stamps and Coin Limited,ALEXANDER.BO,-27.4,0.183,0.193,Yes
4268,V.I.P. Industries Limited,VIPIND.NS,-27.15,0.18,0.569,Yes
4269,Pasari Spinning Mills Limited,PASARI.BO,-30.26,0.204,0.346,Yes
4270,Power & Instrumental (Gujarat) Limited,PIGL.NS,-41.3,0.299,0.786,Yes
4271,The Indian Link Chain Manufactures Limited,INLCM.BO,-75.59,0.761,0.228,Yes
4272,Indian Railway Catering & Tourism Corporation Limited,IRCTC.BO,-31.2,0.21,1.107,Yes
4273,Brand Concepts Limited,BCONCEPTS.BO,-53.78,0.426,1.963,Yes
4274,KNR Constructions Limited,KNRCON.BO,-39.35,0.279,0.854,Yes
4275,KNR Constructions Limited,KNRCON.NS,-39.33,0.278,0.85,Yes
4276,Tecil Chemicals and Hydro Power Ltd.,TECILCHEM.BO,-52.9,0.414,0.767,Yes
4277,HDFC Life Insurance Company Limited,HDFCLIFE.BO,-28.65,0.189,0.746,Yes
4278,HDFC Life Insurance Company Limited,HDFCLIFE.NS,-28.73,0.189,0.74,Yes
4279,Osia Hyper Retail Limited,OSIAHYPER.NS,-85.61,1.012,4.532,Yes
4280,Indian Railway Catering & Tourism Corporation Limited,IRCTC.NS,-31.25,0.208,1.092,Yes
4281,Future Enterprises Limited,FELDVR.BO,-35.83,0.246,0.714,Yes
4282,Mahindra Holidays & Resorts India Limited,MHRIL.NS,-40.89,0.289,1.302,Yes
4283,Pulsar International Limited,PULSRIN.BO,-80.76,0.865,3.572,No
4284,Mahindra Holidays & Resorts India Limited,MHRIL.BO,-40.91,0.289,1.31,Yes
4285,Avio Smart Market Stack Limited,ASMS.NS,-48.75,0.364,1.822,Yes
4286,Prism Johnson Limited,PRSMJOHNSN.BO,-30.78,0.203,0.088,Yes
4287,Pan Electronics (India) Limited,PANELEC.BO,-57.56,0.463,1.97,No
4288,SKIL Infrastructure Limited,SKIL.BO,-45.3,0.328,0.885,Yes
4289,DSM Fresh Foods Limited,ZAPPFRESH.BO,-63.86,0.541,2.674,Yes
4290,Prism Johnson Limited,PRSMJOHNSN.NS,-30.8,0.201,0.11,Yes
4291,Cerebra Integrated Technologies Limited,CEREBRAINT.BO,-66.48,0.577,2.013,Yes
4292,Sanwaria Consumer Limited,SANWARIA.NS,-42.82,0.301,1.135,No
4293,Prospect Consumer Products Limited,PCL.BO,-54.16,0.415,1.443,Yes
4294,KG Petrochem Limited,KGPETRO.BO,-36.28,0.242,0.424,No
4295,Power & Instrumental (Gujarat) Limited,PIGL.BO,-42.68,0.293,0.781,Yes
4296,Vedanta Power Limited,VEDPOWER.BO,-53.54,0.398,,
4297,Triveni Enterprises Limited,TRIVENIENT.BO,-37.24,0.245,1.076,Yes
4298,Vedanta Power Limited,VEDPOWER.NS,-53.57,0.397,,
4299,Golden Legand Leasing and Finance Limited,GOLDLEG.BO,-39.7,0.262,0.326,Yes
4300,Nagarjuna Fertilizers and Chemicals Limited,NAGAFERT.BO,-58.8,0.452,1.251,Yes
4301,Raymond Lifestyle Limited,RAYMONDLSL.NS,-43.36,0.292,1.047,Yes
4302,Dynamic Portfolio Management & Services Limited,DYNAMICP.BO,-50.39,0.358,0.688,Yes
4303,IndiaMART InterMESH Limited,INDIAMART.BO,-24.46,0.145,0.566,Yes
4304,Supreme Holdings & Hospitality (India) Limited,SUPREME.BO,-53.94,0.392,1.984,Yes
4305,Nagarjuna Fertilizers and Chemicals Limited,NAGAFERT.NS,-59.46,0.453,1.279,Yes
4306,RTCL Limited,RAGHUTOB.BO,-32.62,0.202,0.508,Yes
4307,Kesar Terminals & Infrastructure Limited,KTIL.BO,-40.45,0.263,0.938,Yes
4308,Raymond Lifestyle Limited,RAYMONDLSL.BO,-43.27,0.286,1.053,Yes
4309,Vaishno Cement Company Limited,VAICC.BO,-67.45,0.549,1.039,Yes
4310,Vashishtha Luxury Fashion Limited,VASHISHTHA.BO,-67.85,0.551,0.277,Yes
4311,TCC Concept Limited,TCC.NS,-70.2,0.583,2.097,Yes
4312,IndiaMART InterMESH Limited,INDIAMART.NS,-24.5,0.141,0.531,Yes
4313,Parsvnath Developers Limited,PARSVNATH.NS,-85.26,0.891,2.75,Yes
4314,Shalibhadra Finance Limited,SAHLIBHFI.BO,-30.17,0.178,0.577,Yes
4315,CMS Info Systems Limited,CMSINFO.NS,-35.23,0.214,0.772,Yes
4316,Cerebra Integrated Technologies Limited,CEREBRAINT.NS,-67.48,0.533,1.793,Yes
4317,CMS Info Systems Limited,CMSINFO.BO,-35.23,0.21,0.804,Yes
4318,Reliance Home Finance Limited,RHFL.NS,-53.61,0.364,1.448,No
4319,DRC Systems India Limited,DRCSYSTEMS.NS,-33.07,0.193,0.271,Yes
4320,KCD Industries India Limited,KCDGROUP.BO,-59.39,0.422,1.927,Yes
4321,Keystone Realtors Limited,RUSTOMJEE.BO,-36.91,0.219,0.691,Yes
4322,Reliance Home Finance Limited,RHFL.BO,-53.97,0.365,1.489,No
4323,Interworld Digital Limited,INTERDIGI.BO,-40.31,0.242,1.213,Yes
4324,Supreme Holdings & Hospitality (India) Limited,SUPREME.NS,-55.56,0.376,1.848,Yes
4325,Keystone Realtors Limited,RUSTOMJEE.NS,-36.92,0.216,0.666,Yes
4326,Yash Chemex Limited,YASHCHEM.BO,-49.43,0.316,1.051,Yes
4327,Salora International Limited,SALORAINTL.BO,-38.1,0.223,0.526,Yes
4328,Piotex Industries Limited,PIOTEX.BO,-58.06,0.395,1.449,Yes
4329,VK Global Industries Limited,VKGLOBAL.BO,-38.18,0.218,0.2,No
4330,Brainbees Solutions Limited,FIRSTCRY.BO,-50.74,0.317,0.614,Yes
4331,Vinati Organics Limited,VINATIORGA.BO,-24.72,0.129,0.425,Yes
4332,Brainbees Solutions Limited,FIRSTCRY.NS,-50.51,0.315,0.635,Yes
4333,Keerthi Industries Limited,KEERTHI.BO,-45.3,0.269,1.087,Yes
4334,Steel Strips Infrastructures Limited,STLSTRINF.BO,-33.26,0.182,0.382,Yes
4335,Sampre Nutritions Limited,SAMPRE.BO,-79.67,0.679,0.875,Yes
4336,Educomp Solutions Limited,EDUCOMP.NS,-42.21,0.243,0.527,Yes
4337,Fervent Synergies Limited,FERVENTSYN.BO,-36.06,0.199,0.192,No
4338,Vinati Organics Limited,VINATIORGA.NS,-24.65,0.126,0.406,Yes
4339,Regis Industries Ltd,REGIS.BO,-37.99,0.209,0.265,Yes
4340,UTI Asset Management Company Limited,UTIAMC.BO,-31.82,0.165,0.309,Yes
4341,Monika Alcobev Limited,MONIKA.BO,-50.05,0.295,0.058,Yes
4342,Vijay Textiles Limited,VIJAYTX.BO,-61.68,0.403,0.33,No
4343,Duroply Industries Limited,DUROPLY.BO,-46.44,0.266,0.855,Yes
4344,Sunsky Logistics Limited,SUNSKY.BO,-62.22,0.408,0.327,No
4345,Rajasthan Tube Manufacturing Company Limited,RAJTUBE.BO,-73.85,0.549,1.913,Yes
4346,Reliance Infrastructure Limited,RELINFRA.NS,-74.45,0.555,1.884,Yes
4347,UTI Asset Management Company Limited,UTIAMC.NS,-31.91,0.163,0.315,Yes
4348,KEC International Limited,KEC.NS,-52.65,0.309,0.877,Yes
4349,Transport Corporation of India Limited,TCI.NS,-27.2,0.133,0.433,Yes
4350,KEC International Limited,KEC.BO,-52.63,0.308,0.88,Yes
4351,Gian Life Care Limited,GIANLIFE.BO,-68.6,0.467,0.682,Yes
4352,Anand Rayons Limited,ARL.BO,-86.13,0.77,2.385,Yes
4353,Dr Lalchandani Labs Limited,DLCL.BO,-65.43,0.427,0.172,No
4354,Sofcom Systems Limited,SOFCOM.BO,-70.03,0.48,1.424,Yes
4355,Rajkamal Synthetics Limited,RAJKSYN.BO,-58.1,0.35,0.071,No
4356,Raminfo Limited,RAMINFO.BO,-52.38,0.298,0.92,Yes
4357,Nisus Finance Services Co Limited,NISUS.BO,-56.01,0.324,1.147,Yes
4358,Procter & Gamble Hygiene and Health Care Limited,PGHH.NS,-44.04,0.228,1.052,Yes
4359,Tahmar Enterprises Limited,TAHMARENT.BO,-71.28,0.475,1.253,Yes
4360,DMR Engineering Limited,DMR.BO,-47.43,0.25,0.759,Yes
4361,Cropster Agro Limited,CROPSTER.BO,-82.3,0.635,2.524,Yes
4362,Garware Marine Industries Limited,GARWAMAR.BO,-34.23,0.161,0.161,Yes
4363,Kesar Petroproducts Limited,KESARPE.BO,-60.44,0.345,0.769,Yes
4364,Pasupati Fincap Limited,PASUFIN.BO,-54.6,0.294,0.669,Yes
4365,Patanjali Foods Limited,PATANJALI.BO,-40.99,0.198,0.409,Yes
4366,Dipna Pharmachem Limited,DPL.BO,-74.14,0.491,0.234,Yes
4367,Blue Pearl Agriventures Limited,BPAGRI.BO,-89.55,0.784,2.851,Yes
4368,Patanjali Foods Limited,PATANJALI.NS,-40.86,0.195,0.382,Yes
4369,Kiaasa Retail Limited,KIAASA.BO,-53.88,0.283,0.702,Yes
4370,Mini Diamonds India Limited,MINID.BO,-66.71,0.392,1.567,Yes
4371,Oswal Yarns Limited,OSWAYRN.BO,-57.73,0.307,0.249,No
4372,Rex Sealing and Packing Industries Limited,REXSEAL.BO,-51.31,0.256,0.529,No
4373,UHM Vacation Limited,UHMVL.BO,-91.87,0.829,,
4374,Trident Texofab Limited,TTFL.BO,-90.47,0.779,2.416,Yes
4375,Retina Paints Limited,RETINA.BO,-44.66,0.205,0.385,Yes
4376,Educomp Solutions Limited,EDUCOMP.BO,-42.23,0.19,0.563,Yes
4377,NSB BPO Solutions Limited,NSBBPO.BO,-46.99,0.217,0.646,No
4378,Rajvir Industries Limited,RAJVIR.NS,-42.93,0.192,0.036,No
4379,Innovision Limited,INNOVISION.NS,-31.92,0.133,0.496,Yes
4380,Biogen Pharmachem Industries Limited,BIOGEN.BO,-61.82,0.323,0.863,Yes
4381,Ambo Agritec Limited,AMBOAGRI.BO,-80.44,0.529,0.512,No
4382,Welcast Steels Limited,ZWELCAST.BO,-41.66,0.182,0.384,Yes
4383,Greenhitech Ventures Limited,GVL.BO,-66.68,0.358,0.187,No
4384,Leading Leasing Finance and Investment Company Limited,LLFICL.BO,-81.92,0.537,2.028,Yes
4385,Sunrise Efficient Marketing Limited,SEML.BO,-87.75,0.637,0.177,Yes
4386,Munoth Capital Market Limited,MUNCAPM.BO,-45.68,0.196,0.361,No
4387,Landmark Global Learning Limited,LGLL.BO,-78.4,0.469,1.362,Yes
4388,Shradha AI Technologies Limited,SHRAAITECH.BO,-40.53,0.162,0.027,Yes
4389,Raj Television Network Limited,RAJTV.BO,-76.54,0.432,0.054,No
4390,Raj Television Network Limited,RAJTV.NS,-76.41,0.425,0.057,Yes
4391,Anubhav Plast Limited,ANUBHAV.BO,-87.5,0.591,,
4392,Shalibhadra Finance Limited,SAHLIBHFI.NS,-14.07,0.046,0.485,No
4393,Innovision Limited,INNOVISION.BO,-34.83,0.128,0.445,Yes
4394,Liotech Industries Limited,LIOTECH.BO,-98.57,1.034,,
4395,Rajnandini Fashion India Limited,RFIL.BO,-82.9,0.455,,
4396,Flexituff Ventures International Limited,FLEXITUFF.NS,-89.47,0.53,1.701,Yes
4397,Bombay Super Hybrid Seeds Limited,BSHSL.BO,-30.82,0.088,0.849,No
4398,Suncare Traders Limited,SCTL.BO,-48.1,0.153,0.134,Yes
4399,Flexituff Ventures International Limited,FLEXITUFF.BO,-90.06,0.499,1.434,Yes
4400,Bhatia Colour Chem Limited,BCCL.BO,-92.74,0.546,0.495,No
4401,Blue Chip India Limited,BLUECHIP.BO,-51.87,0.158,0.054,No
4402,Landsmill Green Limited,LANDSMILL.BO,-61.62,0.192,0.539,Yes
4403,Goldline Pharmaceutical Limited,GLPL.BO,-53.1,0.149,1.29,No
4404,Omnipotent Industries Limited,OMNIPOTENT.BO,-68.51,0.22,0.128,Yes
4405,M R Maniveni Foods Limited,MANIVENI.BO,-69.86,0.219,,
4406,Landsmill Green Limited,LANDSMILL.NS,-61.67,0.164,0.434,Yes
4407,Merritronix Limited,MRTX.BO,-79.18,0.234,,
4408,Leapfrog Engineering Services Limited,LESL.BO,-29.92,0.05,,
4409,RMC Switchgears Limited,RMC.NS,-86.36,0.257,1.464,No
4410,Elcid Investments Limited,ELCIDIN.NS,-36.66,0.042,0.183,Yes
4411,Harikanta Overseas Limited,HARIKANTA.BO,-74.65,0.048,,
4412,Axis Nifty500 Value 50 ETF,VALUEAXIS.NS,-12.95,,,
4413,Mirae Asset Investment Managers (India) Pvt Ltd.- Mirae Asset Nifty Smallcap 250 ETF,SMALL250.BO,32.71,,,
4414,Mirae Asset Nifty Smallcap 250 ETF,SMALL250.NS,36.32,,,
4415,Nippon India BSE Sensex Next 30 ETF,SNXT30BEES.NS,0.56,,,
4416,Silverstorm Parks and Resorts Limited,SSPRL.BO,-63.38,,,
4417,Sword-Edge Commercials Limited,SWORDEDGE.BO,0.0,0.0,0.0,No
4418,SBI BSE PSU Bank ETF,SBIBPB.NS,34.75,,,
4419,SBI Funds Management Limited,SBIFUNDS.BO,-21.55,,,
4420,SBI Funds Management Limited,SBIFUNDS.NS,-21.31,,,
4421,SBI NIFTY 1D Rate Liquid ETF - Growth,SBILIQETF.NS,4.64,,,
4422,Seemax Resources Limited,SEEMAX.BO,-88.61,,,
4423,Schneider Electric President Systems Limited,SELECTRIC.BO,-92.02,,,
4424,Sampark India Logistics Limited,SILL.BO,-23.1,,,
4425,SITI Networks Limited,SITINET.BO,0.0,0.0,0.0,No
4426,Rir Power Electronics Limited,RIR.NS,2.6,,,
4427,Riyaasat Lifestyle Limited,RIYAASAT.BO,20.64,,,
4428,Kotak Nifty Private Bank ETF,PVTBANK.NS,22.03,,,
4429,Kotak Nifty200 Quality 30 ETF,QUALITY30.NS,-1.71,,,
4430,Kotak Nifty 100 Equal Weight ETF,NIFTY100EW.NS,1.37,,,
4431,Zerodha Nifty 50 ETF,NIFTYCASE.BO,-7.13,,,
4432,Zerodha Nifty 50 ETF,NIFTYCASE.NS,-3.62,,,
4433,McNally Bharat Engineering Company Limited,MBECL.BO,0.0,0.0,0.0,No
4434,McNally Bharat Engineering Company Limited,MBECL.NS,0.0,0.0,0.0,No
4435,Kotak Nifty Midcap 150 ETF,MID150.NS,18.84,,,
4436,Kotak Nifty 200 Momentum 30 ETF,MOMENTUM30.NS,18.21,,,
4437,Mirae Asset BSE Midcap 150 Momentum 30 ETF,MOMMIDCAP.NS,62.16,,,
4438,Knack Packaging Limited,KNACK.BO,0.63,,,
4439,Knack Packaging Limited,KNACK.NS,1.27,,,
4440,Kusumgar Limited,KUSUMGAR.BO,-4.83,,,
4441,Kusumgar Limited,KUSUMGAR.NS,-2.84,,,
4442,Laser Power & Infra Limited,LASERPOWER.BO,74.9,,,
4443,Laser Power & Infra Limited,LASERPOWER.NS,79.32,,,
4444,Lohia Corp Limited,LCL.BO,42.43,,,
4445,Lohia Corp Limited,LCL.NS,43.34,,,
4446,Nippon India Nifty 1D Rate Liquid ETF,LIQGRWBEES.NS,4.38,,,
4447,UTI Nifty 1D Rate Liquid ETF - Growth,LIQUIDBETA.NS,5.12,,,
4448,Zerodha Nifty 8-13 Yr G-Sec ETF,LTGILTCASE.NS,-3.86,,,
4449,Shree Balaji (Mala) Textiles Limited,MALA.BO,-99.82,,,
4450,Nippon India Nifty India Manufacturing ETF,MANUFGBEES.NS,13.14,,,
4451,Jivial Industries Limited,JIVIAL.BO,73.2,,,
4452,HDFC Nifty Metal ETF,HDFCNIMEG.NS,61.16,,,
4453,Mirae Asset Nifty200 Momentum 30 Plus 8-13 yr G-Sec 50 50 ETF,HYBRIDETF.NS,11.14,,,
4454,Bandhan Mutual Fund - Bandhan S&PBSE Sensex ETF,IDFSENSEXE.BO,-18.59,,,
4455,GROWW MUTUAL FUND  PERMITTED,GROWWRAIL.BO,-29.93,,,
4456,Gulf Lloyds (India) Limited,GULFLLOYDS.BO,-99.99,,,
4457,Edelweiss Nifty LargeMidcap 250 ETF,ELM250.NS,31.06,,,
4458,Edelweiss Nifty Metal ETF,EMETAL.NS,40.51,,,
4459,Edelweiss Nifty 50 ETF,ENIFTY.NS,-14.97,,,
4460,Edelweiss BSE Sensex ETF,ESENSEX.NS,-25.29,,,
4461,ICICI Prudential Nifty EV & New Age Automotive ETF,EVIETF.NS,31.18,,,
4462,Dsp Mutual Fund - Dsp Nifty500 Flexicap Quality 30 Index Fund,FLEXIADD.BO,11.08,,,
4463,DSP Nifty500 Flexicap Quality 30 ETF,FLEXIADD.NS,-2.33,,,
4464,Caliber Mining and Logistics Limited,CMLL.BO,-69.94,,,
4465,Caliber Mining and Logistics Limited,CMLL.NS,-69.03,,,
4466,Captain Polyplast Limited,CPL.NS,-68.68,,,
4467,Crazy Snacks Limited,CRAZY.BO,-61.73,,,
4468,CSM Technologies Limited,CSM.BO,-61.58,,,
4469,CSM Technologies Limited,CSM.NS,-61.4,,,
4470,Groww Nifty Cements ETF,CEMNTGROWW.NS,-33.01,,,
4471,Kotak Nifty Chemicals ETF,CHEMICAL.NS,-3.52,,,
4472,Bajaj Finserv BSE Top 10 Banks ETF,BANK10BETF.NS,-9.82,,,
4473,Adon Agro Commodities Limited,ADON.BO,32.05,,,
4474,Kotak Mahindra Mutual Fund - P,ALPHA.BO,98.43,,,
4475,Alpine Texworld Limited,ALPINETEX.BO,-97.61,,,
4476,Alpine Texworld Limited,ALPINETEX.NS,-97.59,,,
