Rank,Name,Ticker,Return (%),Risk,Volatility,Follows Market Direction ?
1,"The San-in Godo Bank,Ltd.",8381.T,110.44,0.176,0.173,Yes
2,"Tokyo Automatic Machinery Works, Ltd.",6360.T,46.38,0.103,0.075,Yes
3,"Hachijuni Nagano Bank, Ltd.",8359.T,91.78,0.186,0.256,Yes
4,"Kyoto Financial Group,Inc.",5844.T,72.97,0.158,0.084,No
5,"The 77 Bank, Ltd.",8341.T,113.51,0.22,0.176,Yes
6,"Daishi Hokuetsu Financial Group, Inc.",7327.T,98.55,0.202,0.171,Yes
7,"Miraini Holdings Co., Ltd.",546A.T,111.93,0.223,0.129,Yes
8,"IwaiCosmo Holdings, Inc.",8707.T,94.71,0.202,0.235,Yes
9,Suruga Bank Ltd.,8358.T,114.02,0.233,0.196,Yes
10,Okinawa Cellular Telephone Company,9436.T,69.88,0.166,0.166,No
11,"Sumitomo Mitsui Trust Group, Inc.",8309.T,79.86,0.19,0.13,Yes
12,"Nippon Beet Sugar Manufacturing Co.,Ltd.",2108.T,107.92,0.246,0.041,No
13,SoftBank Corp.,94345.T,2.41,0.008,0.005,Yes
14,"Hirogin Holdings, Inc.",7337.T,81.08,0.21,0.297,Yes
15,"The Kiyo Bank, Ltd.",8370.T,90.32,0.228,0.325,Yes
16,"Mebuki Financial Group,Inc.",7167.T,98.07,0.246,0.327,Yes
17,"Sun Messe Co., Ltd.",7883.T,18.62,0.06,0.087,Yes
18,"Fukuda Denshi Co., Ltd.",6960.T,99.31,0.251,0.367,Yes
19,Takasago Tekko K.K.,5458.T,64.29,0.187,0.067,Yes
20,"Otsuka Holdings Co., Ltd.",4578.T,67.99,0.196,0.109,Yes
21,LECIP Holdings Corporation,7213.T,69.86,0.205,0.148,Yes
22,"The Gunma Bank, Ltd.",8334.T,88.37,0.247,0.148,Yes
23,"Japan Post Holdings Co., Ltd.",6178.T,84.67,0.241,0.2,Yes
24,Okasan Securities Group Inc.,8609.T,110.4,0.295,0.262,Yes
25,"Kanamoto Co.,Ltd.",9678.T,67.09,0.204,0.258,Yes
26,"Meito Co., Ltd.",2207.T,68.46,0.208,0.213,No
27,"Yamaguchi Financial Group, Inc.",8418.T,98.7,0.279,0.256,Yes
28,"The Chiba Bank, Ltd.",8331.T,101.23,0.285,0.301,Yes
29,"Daiwabo Holdings Co., Ltd.",3107.T,35.38,0.122,0.058,Yes
30,"Hakuto Co., Ltd.",7433.T,46.02,0.153,0.069,Yes
31,"Mitani Sangyo Co., Ltd.",8285.T,91.09,0.266,0.101,Yes
32,"Mizuho Financial Group, Inc.",8411.T,89.8,0.268,0.431,Yes
33,"Yokohama Maruuo Co., Ltd.",8045.T,114.47,0.322,0.295,Yes
34,"CCI Group, Inc.",7381.T,110.56,0.315,0.114,Yes
35,"Fukuoka Financial Group, Inc.",8354.T,96.83,0.286,0.363,Yes
36,"Senshu Ikeda Holdings, Inc.",8714.T,85.05,0.259,0.232,Yes
37,Yamabiko Corporation,6250.T,94.17,0.283,0.345,Yes
38,"Macnica Holdings, Inc.",3132.T,101.64,0.302,0.628,Yes
39,Daiwa Securities Group Inc.,8601.T,66.75,0.219,0.002,Yes
40,Rinko Corporation,9355.T,30.13,0.112,0.108,No
41,"Nippon Crucible Co., Ltd.",5355.T,16.54,0.065,0.002,Yes
42,Iceco Inc.,7698.T,41.88,0.15,0.021,No
43,"Chugin Financial Group,Inc.",5832.T,79.81,0.256,0.221,Yes
44,"Sophia Holdings Co.,Ltd.",6942.T,23.1,0.089,0.053,Yes
45,House Foods Group Inc.,2810.T,45.97,0.164,0.078,Yes
46,"Sumitomo Mitsui Financial Group, Inc.",8316.T,83.75,0.267,0.31,Yes
47,"Soken Chemical & Engineering Co., Ltd.",4972.T,108.73,0.325,0.346,Yes
48,Aucnet Inc.,3964.T,71.6,0.237,0.417,Yes
49,"HIRAYAMA HOLDINGS Co.,Ltd.",7781.T,75.14,0.246,0.017,Yes
50,"Inaba Denki Sangyo Co.,Ltd.",9934.T,57.64,0.199,0.221,Yes
51,Sanritsu Corporation,9366.T,38.25,0.141,0.049,Yes
52,"OOTOYA Holdings Co., Ltd.",2705.T,92.35,0.29,0.199,Yes
53,Sato Shoji Corporation,8065.T,110.92,0.332,0.346,Yes
54,"Mitsubishi UFJ Financial Group, Inc.",8306.T,66.88,0.226,0.202,Yes
55,"Hayashikane Sangyo Co.,Ltd.",2286.T,44.94,0.164,0.145,No
56,"Kyushu Financial Group, Inc.",7180.T,93.49,0.297,0.458,Yes
57,Kaneka Corporation,4118.T,59.3,0.208,0.353,Yes
58,"Kpp Group Holdings Co., Ltd.",9274.T,50.1,0.182,0.131,Yes
59,"Tokushu Tokai Paper Co., Ltd.",3708.T,51.39,0.188,0.066,No
60,"Kobayashi Yoko Co., Ltd.",8742.T,93.42,0.303,0.43,Yes
61,Tokyo Century Corporation,8439.T,53.65,0.197,0.211,Yes
62,"Meiji Machine Co., Ltd.",6334.T,73.29,0.253,0.343,Yes
63,"Iyogin Holdings, Inc.",5830.T,99.52,0.32,0.368,Yes
64,ISB Corporation,9702.T,44.11,0.169,0.194,Yes
65,"Azuma Shipping Co., Ltd.",9380.T,36.86,0.145,0.088,Yes
66,"MS&AD Insurance Group Holdings, Inc.",8725.T,65.37,0.236,0.131,No
67,"The Sumitomo Warehouse Co., Ltd.",9303.T,43.1,0.167,0.135,No
68,"Mitsubishi Pencil Co., Ltd.",7976.T,58.65,0.217,0.113,Yes
69,Japan Pulp and Paper Company Limited,8032.T,87.96,0.3,0.275,Yes
70,KUWAZAWA Holdings Corporation,8104.T,35.04,0.144,0.068,Yes
71,"Shizuoka Financial Group,Inc.",5831.T,105.3,0.353,0.469,Yes
72,"artience Co., Ltd.",4634.T,85.13,0.302,0.402,Yes
73,"Yokohama Financial Group, Inc.",7186.T,91.58,0.32,0.457,Yes
74,"Tokai Tokyo Financial Holdings, Inc.",8616.T,75.04,0.275,0.011,Yes
75,Nichias Corporation,5393.T,113.23,0.375,0.719,Yes
76,"Resona Holdings, Inc.",8308.T,83.83,0.301,0.348,Yes
77,"North Pacific Bank,Ltd.",8524.T,96.7,0.336,0.247,Yes
78,"Nikko Co., Ltd.",6306.T,40.87,0.168,0.212,Yes
79,"Hard Off Corporation Co.,Ltd.",2674.T,64.01,0.245,0.117,Yes
80,"Chugokukogyo Co.,Ltd.",5974.T,62.98,0.243,0.107,No
81,"Kanemi Co., Ltd.",2669.T,22.19,0.099,0.066,Yes
82,"Sompo Holdings, Inc.",8630.T,61.17,0.24,0.066,No
83,Scroll Corporation,8005.T,77.74,0.29,0.019,Yes
84,"Nomura Holdings, Inc.",8604.T,64.41,0.251,0.225,Yes
85,"Living Platform,Ltd.",7091.T,40.68,0.172,0.016,No
86,Yamazen Corporation,8051.T,51.11,0.208,0.219,Yes
87,"Morio Denki Co., Ltd.",6647.T,94.65,0.341,0.256,Yes
88,"Nihon Denkei Co., Ltd.",9908.T,52.83,0.215,0.197,Yes
89,"Nihon Shokuhin Kako Co., Ltd.",2892.T,40.11,0.171,0.04,Yes
90,"Yamada Holdings Co., Ltd.",9831.T,62.46,0.249,0.117,Yes
91,Kyocera Corporation,6971.T,108.26,0.381,0.749,Yes
92,"Senshu Electric Co.,Ltd.",9824.T,88.48,0.329,0.486,Yes
93,"Taki Chemical Co., Ltd.",4025.T,67.39,0.266,0.237,No
94,"Taisei Oncho Co., Ltd.",1904.T,27.59,0.125,0.037,Yes
95,"Nippon Express Holdings, Inc.",9147.T,94.32,0.347,0.53,Yes
96,Yondenko Corporation,1939.T,88.53,0.331,0.504,Yes
97,BP Castrol K.K.,5015.T,19.95,0.094,0.084,Yes
98,Kurabo Industries Ltd.,3106.T,79.63,0.308,0.458,Yes
99,"Daiun Co.,Ltd.",9363.T,22.88,0.107,0.09,Yes
100,OSG Corporation,6136.T,99.77,0.366,0.816,Yes
101,"Kirin Holdings Company, Limited",2503.T,53.26,0.225,0.106,Yes
102,"Toho Co., Ltd.",8142.T,35.14,0.158,0.08,No
103,Kyoritsu Air Tech Inc.,5997.T,35.55,0.159,0.093,Yes
104,"Weds Co., Ltd.",7551.T,21.98,0.104,0.015,No
105,"Tanabe Consulting Group Co.,Ltd.",9644.T,16.57,0.08,0.052,Yes
106,"Yakult Honsha Co.,Ltd.",2267.T,21.64,0.103,0.146,No
107,Mitsubishi Paper Mills Limited,3864.T,105.03,0.389,0.191,Yes
108,"GEOCODE CO.,Ltd.",7357.T,43.54,0.193,0.032,No
109,IDEC Corporation,6652.T,70.43,0.287,0.129,Yes
110,Nakanishi Inc.,7716.T,67.89,0.281,0.312,Yes
111,"Career Design Center Co., Ltd.",2410.T,38.56,0.176,0.055,Yes
112,Toyota Tsusho Corporation,8015.T,108.64,0.404,0.507,Yes
113,"SPARX Group Co., Ltd.",8739.T,88.91,0.35,0.379,Yes
114,"Computer Management Co., Ltd.",4491.T,26.21,0.127,0.012,No
115,"Daiichi Life Group, Inc.",8750.T,75.29,0.313,0.138,Yes
116,Teijin Limited,3401.T,49.57,0.223,0.292,Yes
117,"Powdertech Co., Ltd.",5695.T,45.98,0.21,0.323,Yes
118,"Rengo Co., Ltd.",3941.T,99.05,0.388,0.323,Yes
119,"Takeda iP Holdings Co.,Ltd.",7875.T,68.58,0.293,0.545,Yes
120,Nippon Pigment Holdings Company Limited,4119.T,80.34,0.332,0.244,No
121,Sumitomo Corporation,8053.T,87.72,0.358,0.3,Yes
122,Yamada Corporation,6392.T,60.95,0.271,0.057,No
123,Sun-Wa Technos Corporation,8137.T,78.86,0.333,0.389,Yes
124,MORESCO Corporation,5018.T,104.13,0.413,0.267,Yes
125,"Primo Global Holdings Co., Ltd.",367A.T,71.77,0.313,0.422,Yes
126,"halmek holdings Co.,Ltd.",7119.T,39.74,0.192,0.241,No
127,Geo Holdings Corporation,2681.T,59.78,0.272,0.132,Yes
128,Kanemitsu Corporation,7208.T,40.71,0.198,0.186,Yes
129,"SE Holdings and Incubations Co., Ltd.",9478.T,52.85,0.248,0.338,Yes
130,"NIKKON Holdings Co.,Ltd.",9072.T,79.15,0.343,0.482,Yes
131,"The Taiko Bank, Ltd.",8537.T,102.93,0.42,0.683,Yes
132,"Takemoto Yohki Co., Ltd.",4248.T,10.54,0.058,0.015,No
133,AI Partners Financial Inc.,7345.T,72.31,0.321,0.171,No
134,"Traders Holdings Co.,Ltd.",8704.T,61.93,0.284,0.268,Yes
135,"SMS Co., Ltd.",2175.T,79.93,0.348,0.19,Yes
136,"MEGMILK SNOW BRAND Co.,Ltd.",2270.T,34.79,0.175,0.019,No
137,Takeda Pharmaceutical Company Limited,4502.T,42.43,0.208,0.252,No
138,"Nagase & Co., Ltd.",8012.T,58.5,0.272,0.273,Yes
139,"Chuokeizai-Sha Holdings, Inc.",9476.T,45.89,0.223,0.014,No
140,Iwatani Corporation,8088.T,45.9,0.224,0.047,No
141,ENSHU Limited,6218.T,29.64,0.153,0.162,Yes
142,"Dairei Co.,Ltd.",2883.T,6.5,0.037,0.069,No
143,"Japan Securities Finance Co., Ltd.",8511.T,44.4,0.219,0.201,Yes
144,ORIX Corporation,8591.T,81.48,0.363,0.518,Yes
145,UBE Corporation,4208.T,75.01,0.341,0.381,Yes
146,"Asakuma Co.,Ltd",7678.T,65.81,0.308,0.048,Yes
147,"Noritake Co., Limited",5331.T,74.39,0.342,0.652,Yes
148,Nitta Corporation,5186.T,82.16,0.37,0.3,Yes
149,"Electric Power Development Co., Ltd.",9513.T,60.63,0.291,0.39,No
150,A&A Material Corporation,5391.T,26.76,0.144,0.001,No
151,TOKAI Holdings Corporation,3167.T,32.21,0.17,0.056,No
152,"Kuroda Group Co., Ltd.",287A.T,53.66,0.264,0.361,Yes
153,"Maruyama Mfg. Co., Inc.",6316.T,42.04,0.215,0.304,Yes
154,H2O Retailing Corporation,8242.T,50.1,0.25,0.123,Yes
155,Nireco Corporation,6863.T,78.04,0.358,0.556,Yes
156,"Iino Kaiun Kaisha, Ltd.",9119.T,65.25,0.311,0.336,No
157,Toda Corporation,1860.T,67.42,0.32,0.348,Yes
158,"TPR Co., Ltd.",6463.T,43.14,0.221,0.192,Yes
159,"Nippon Seisen Co.,Ltd.",5659.T,38.6,0.201,0.389,Yes
160,DaikyoNishikawa Corporation,4246.T,78.82,0.362,0.415,Yes
161,"Advan Group Co., Ltd.",7463.T,23.21,0.128,0.04,No
162,SUNNY SIDE UP GROUP Inc.,2180.T,98.78,0.431,0.577,Yes
163,"Nittoseiko Co.,Ltd.",5957.T,31.51,0.169,0.29,Yes
164,"Ichikawa Co., Ltd.",3513.T,84.84,0.385,0.338,No
165,"System Location Co.,Ltd.",2480.T,12.15,0.071,0.149,Yes
166,Century21 Real Estate of Japan Ltd,8898.T,5.57,0.033,0.011,No
167,"Shinko Shoji Co., Ltd.",8141.T,73.24,0.346,0.086,Yes
168,"SHUEI YOBIKO Co., Ltd.",4678.T,26.39,0.146,0.016,No
169,"Hanwa Co., Ltd.",8078.T,64.86,0.315,0.432,Yes
170,"Toagosei Co., Ltd.",4045.T,34.58,0.186,0.214,Yes
171,"Tanaka Co.,Ltd.",7619.T,25.33,0.141,0.133,Yes
172,COMSYS Holdings Corporation,1721.T,62.01,0.306,0.508,Yes
173,"Kaga Electronics Co.,Ltd.",8154.T,56.61,0.284,0.346,Yes
174,"Yamato Kogyo Co., Ltd.",5444.T,47.81,0.248,0.104,Yes
175,SHINKO Inc.,7120.T,33.28,0.181,0.011,Yes
176,JGC Holdings Corporation,1963.T,76.11,0.361,0.387,Yes
177,"Makino Milling Machine Co., Ltd.",6135.T,44.44,0.233,0.252,Yes
178,"Nasu Denki-Tekko Co., Ltd.",5922.T,53.6,0.273,0.217,Yes
179,"J Trust Co., Ltd.",8508.T,82.39,0.385,0.333,Yes
180,"McDonald's Holdings Company (Japan), Ltd.",2702.T,36.82,0.199,0.381,No
181,Nachi-Fujikoshi Corp.,6474.T,68.78,0.335,0.819,Yes
182,"Shikoku Electric Power Company, Incorporated",9507.T,64.53,0.319,0.344,No
183,"Izawa Towel Co.,Ltd.",365A.T,38.02,0.206,0.015,No
184,"CORREC Co., Ltd.",6578.T,81.92,0.387,0.097,No
185,"DM Solutions Co.,Ltd",6549.T,50.84,0.264,0.092,Yes
186,"Musashi Co., Ltd.",7521.T,24.81,0.142,0.025,No
187,"Sakura Rubber Co., Ltd.",5189.T,87.57,0.409,0.464,Yes
188,"Keihanshin Building Co., Ltd.",8818.T,46.36,0.245,0.26,Yes
189,"Fujibo Holdings, Inc.",3104.T,78.54,0.376,0.509,Yes
190,"Mitsui O.S.K. Lines, Ltd.",9104.T,74.38,0.361,0.459,No
191,"e-Seikatsu Co.,Ltd.",3796.T,31.79,0.177,0.141,No
192,Zeon Corporation,4205.T,71.53,0.351,0.502,Yes
193,FUJIKURA COMPOSITES Inc.,5121.T,55.28,0.285,0.432,Yes
194,"SAN-A CO.,LTD.",2659.T,30.08,0.169,0.013,Yes
195,Hagoromo Foods Corporation,2831.T,12.68,0.077,0.09,No
196,"Ichimasa Kamaboko Co., Ltd.",2904.T,3.34,0.021,0.029,Yes
197,"KG Intelligence CO., LTD.",2408.T,35.48,0.196,0.293,Yes
198,"Daishin Chemical Co.,Ltd.",4629.T,43.09,0.233,0.096,No
199,Kanematsu Corporation,8020.T,57.98,0.299,0.16,Yes
200,Kurita Water Industries Ltd.,6370.T,79.36,0.384,0.863,Yes
201,"Sakurajima Futo Kaisha, Ltd.",9353.T,68.91,0.344,0.509,Yes
202,"The Chiba Kogyo Bank, Ltd.",8337.T,84.73,0.404,0.65,Yes
203,Gift Holdings Inc.,9279.T,58.22,0.3,0.411,No
204,Seiko Epson Corporation,6724.T,95.99,0.446,0.533,Yes
205,"Nippon Light Metal Holdings Company, Ltd.",5703.T,58.98,0.305,0.374,Yes
206,"Sekisui Kasei Co., Ltd.",4228.T,106.91,0.483,0.688,Yes
207,"NKK Switches Co., Ltd.",6943.T,30.59,0.175,0.199,Yes
208,"Duskin Co., Ltd.",4665.T,28.52,0.165,0.194,No
209,"KING Co., Ltd.",8118.T,43.06,0.236,0.003,No
210,Oricon Inc.,4800.T,92.19,0.438,0.681,Yes
211,SoftBank Corp.,94346.T,1.43,0.009,0.014,No
212,"Seino Holdings Co., Ltd.",9076.T,36.26,0.205,0.235,Yes
213,"Showa Sangyo Co., Ltd.",2004.T,30.12,0.174,0.063,No
214,Cawachi Limited,2664.T,35.57,0.202,0.302,Yes
215,TASUKI Holdings Inc.,166A.T,96.79,0.456,0.348,Yes
216,"Chubu Electric Power Company, Incorporated",9502.T,50.71,0.274,0.306,Yes
217,Ushio Inc.,6925.T,95.15,0.451,1.112,Yes
218,"Nihon Parkerizing Co., Ltd.",4095.T,36.2,0.205,0.194,Yes
219,Takase Corporation,9087.T,90.45,0.434,0.15,Yes
220,"Sankyo Frontier Co.,Ltd.",9639.T,19.02,0.115,0.007,Yes
221,"EnBio Holdings, Inc",6092.T,57.51,0.305,0.185,No
222,"Nippon Seiki Co., Ltd.",7287.T,73.75,0.373,0.47,Yes
223,"ENEOS Holdings, Inc.",5020.T,54.52,0.292,0.073,No
224,"Fukuyama Transporting Co., Ltd.",9075.T,98.16,0.465,0.294,Yes
225,Kikusui Holdings Corporation,6912.T,79.07,0.394,0.314,Yes
226,"ERI Holdings Co., Ltd.",6083.T,106.89,0.496,0.43,Yes
227,"Palma Co., Ltd.",3461.T,17.15,0.105,0.047,No
228,"Nicca Chemical Co.,Ltd.",4463.T,61.01,0.322,0.069,Yes
229,"Nippon Kayaku Co., Ltd.",4272.T,68.23,0.353,0.356,Yes
230,"Miura Co., Ltd.",6005.T,13.3,0.084,0.099,Yes
231,Toami Corporation,5973.T,25.75,0.154,0.11,Yes
232,"Star Mica Holdings Co., Ltd.",2975.T,44.53,0.249,0.126,Yes
233,"Relo Group, Inc.",8876.T,33.46,0.195,0.096,No
234,Nippn Corporation,2001.T,33.51,0.196,0.019,No
235,"The Tottori Bank, Ltd.",8383.T,56.17,0.305,0.045,No
236,"Fujita Engineering Co., Ltd.",1770.T,40.56,0.233,0.143,Yes
237,"Maruo Calcium Co., Ltd.",4102.T,11.05,0.071,0.028,Yes
238,"Fast Retailing Co., Ltd.",9983.T,81.76,0.413,1.093,Yes
239,Nippon Primex Inc.,2795.T,13.83,0.088,0.079,Yes
240,Fujii Sangyo Corporation,9906.T,34.84,0.205,0.079,Yes
241,Tokyo Electron Device Limited,2760.T,60.18,0.326,0.599,Yes
242,"Nippon Carbide Industries Co., Inc.",4064.T,75.96,0.392,0.568,Yes
243,Aval Data Corporation,6918.T,72.2,0.377,0.447,Yes
244,"Miraial Co., Ltd.",4238.T,93.81,0.462,0.918,Yes
245,Oiles Corporation,6282.T,35.35,0.208,0.299,Yes
246,Sanyo Shokai Ltd.,8011.T,61.35,0.332,0.278,No
247,"Mitsubishi Steel Mfg. Co., Ltd.",5632.T,60.17,0.327,0.648,Yes
248,"Kawai Musical Instruments Manufacturing Co., Ltd.",7952.T,47.69,0.27,0.121,Yes
249,"Yagi & Co.,Ltd.",7460.T,87.66,0.441,0.322,Yes
250,"T&D Holdings, Inc.",8795.T,45.21,0.26,0.002,No
251,"Estelle Holdings Co.,Ltd.",7872.T,10.8,0.071,0.024,Yes
252,"The Fukushima Bank, Ltd.",8562.T,82.78,0.427,0.096,Yes
253,"Komehyo Holdings Co.,Ltd.",2780.T,109.64,0.528,0.775,Yes
254,"Taiyo Bussan Kaisha,Ltd.",9941.T,70.03,0.376,0.161,Yes
255,Agratio urban design Inc.,3467.T,44.08,0.257,0.114,No
256,"Kyushu Leasing Service Co., Ltd.",8596.T,23.92,0.15,0.061,Yes
257,"C.Uyemura & Co.,Ltd.",4966.T,102.72,0.505,0.793,Yes
258,"The Daito Bank, Ltd.",8563.T,66.02,0.36,0.245,Yes
259,"Sumitomo Heavy Industries, Ltd.",6302.T,91.66,0.464,0.936,Yes
260,"Sugai Chemical Industry Co., Ltd.",4120.T,44.44,0.259,0.054,Yes
261,Nikkei 225,^N225,60.55,0.336,1.0,Yes
262,"T. Hasegawa Co., Ltd.",4958.T,19.93,0.127,0.028,No
263,j-Group Holdings Corp.,3063.T,56.48,0.318,0.181,Yes
264,"Toyo Securities Co., Ltd.",8614.T,57.65,0.323,0.153,Yes
265,ktk Inc.,3035.T,32.2,0.197,0.187,Yes
266,Hochiki Corporation,6745.T,64.17,0.353,0.09,Yes
267,"Toyoda Gosei Co., Ltd.",7282.T,68.45,0.372,0.569,Yes
268,"SBS Holdings, Inc.",2384.T,58.55,0.328,0.069,No
269,"Nippon Filcon Co., Ltd.",5942.T,22.0,0.14,0.018,No
270,"BuySell Technologies Co.,Ltd.",7685.T,99.65,0.498,0.083,Yes
271,Dynic Corporation,3551.T,90.09,0.463,0.431,Yes
272,"Sanyu Co., Ltd.",5697.T,39.44,0.237,0.005,Yes
273,"AZUMA HOUSE Co., Ltd.",3293.T,5.02,0.034,0.039,No
274,"Ten Allied Co.,Ltd.",8207.T,10.08,0.068,0.002,No
275,FURYU Corporation,6238.T,40.95,0.246,0.103,Yes
276,Optimus Group Company Limited,9268.T,34.7,0.213,0.203,No
277,"Ryohin Keikaku Co., Ltd.",7453.T,61.6,0.346,0.353,Yes
278,Vitabrid Japan Inc.,542A.T,34.84,0.214,0.589,No
279,"MANAC Chemical Partners Co.,Ltd",4360.T,104.05,0.521,0.159,Yes
280,"eSOL Co.,Ltd.",4420.T,105.64,0.527,0.603,Yes
281,"DKK Co., Ltd.",6706.T,98.21,0.5,0.138,Yes
282,Seika Corporation,8061.T,87.22,0.458,0.815,Yes
283,"Computer Institute of Japan, Ltd.",4826.T,19.74,0.129,0.129,No
284,CRESTEC Inc.,7812.T,24.01,0.155,0.035,No
285,Food & Life Companies Ltd.,3563.T,67.75,0.378,0.188,Yes
286,Brangista Inc.,6176.T,43.99,0.265,0.028,No
287,"Asahi Intecc Co., Ltd.",7747.T,78.1,0.424,0.225,Yes
288,SHANON Inc.,3976.T,83.65,0.447,0.548,Yes
289,"Daiki Aluminium Industry Co., Ltd.",5702.T,104.0,0.528,0.406,Yes
290,"Hobonichi Co., Ltd.",3560.T,46.42,0.278,0.341,Yes
291,"The Towa Bank, Ltd.",8558.T,68.69,0.384,0.564,Yes
292,TYK Corporation,5363.T,41.89,0.255,0.495,Yes
293,internet infinity Inc.,6545.T,36.01,0.224,0.223,No
294,"Japan Foundation Engineering Co., Ltd.",1914.T,36.46,0.227,0.056,Yes
295,"Tomoku Co., Ltd.",3946.T,40.77,0.251,0.022,Yes
296,Mitsubishi Logistics Corporation,9301.T,33.46,0.212,0.14,Yes
297,"Aigan Co.,Ltd.",9854.T,55.11,0.325,0.137,No
298,"Central Glass Co., Ltd.",4044.T,53.27,0.316,0.399,Yes
299,"Tokyo Steel Manufacturing Co., Ltd.",5423.T,23.38,0.154,0.102,No
300,"Toyo Tanso Co., Ltd.",5310.T,85.58,0.462,1.125,Yes
301,"Torishima Pump Mfg. Co., Ltd.",6363.T,62.18,0.36,0.026,No
302,"Idemitsu Kosan Co.,Ltd.",5019.T,52.62,0.314,0.258,No
303,"Nippon Signal Co., Ltd.",6741.T,74.8,0.421,0.405,Yes
304,Mandarake Inc.,2652.T,56.9,0.338,0.709,Yes
305,"Suzuki Co.,Ltd.",6785.T,62.13,0.364,0.689,Yes
306,"Pulstec Industrial Co., Ltd.",6894.T,16.08,0.111,0.142,Yes
307,Takahashi Curtain Wall Corporation,1994.T,34.63,0.223,0.309,Yes
308,"Taiho Kogyo Co., Ltd.",6470.T,76.52,0.431,0.304,Yes
309,"Marufuji Sheet Piling Co.,Ltd.",8046.T,48.29,0.297,0.375,No
310,"Ichikoh Industries, Ltd.",7244.T,39.45,0.251,0.368,Yes
311,"Nix, Inc.",4243.T,39.69,0.253,0.489,Yes
312,CMC Corporation,2185.T,21.72,0.148,0.091,No
313,"Foster Electric Company, Limited",6794.T,39.47,0.253,0.505,Yes
314,MISUMI Group Inc.,9962.T,89.93,0.494,1.103,Yes
315,Fujimi Incorporated,5384.T,95.77,0.518,1.358,Yes
316,"Sumitomo Seika Chemicals Company, Limited.",4008.T,86.96,0.483,0.542,Yes
317,Kubota Corporation,6326.T,84.26,0.471,0.751,Yes
318,SMK Corporation,6798.T,70.03,0.408,0.545,Yes
319,"Ohmoto Gumi Co., Ltd.",1793.T,65.75,0.388,0.562,Yes
320,"Ahjikan Co., Ltd.",2907.T,25.35,0.172,0.039,No
321,Nozawa Corporation,5237.T,29.35,0.196,0.307,No
322,"Takara Standard Co.,Ltd.",7981.T,28.99,0.194,0.127,Yes
323,"Y.A.C. Holdings Co., Ltd.",6298.T,76.54,0.44,0.808,Yes
324,Inpex Corporation,1605.T,71.15,0.416,0.8,No
325,"Nakayamafuku Co.,Ltd.",7442.T,21.9,0.151,0.047,No
326,"Yodoko, Ltd.",5451.T,17.7,0.124,0.215,No
327,"KICHIRI HOLDINGS & Co.,Ltd.",3082.T,9.04,0.066,0.024,No
328,"Takeuchi Mfg. Co., Ltd.",6432.T,72.0,0.421,0.761,Yes
329,"HouseFreedom Co.,Ltd.",8996.T,30.13,0.203,0.156,Yes
330,"Nihon Tokushu Toryo Co., Ltd.",4619.T,41.17,0.267,0.156,Yes
331,Open Up Group Inc.,2154.T,22.26,0.155,0.006,No
332,"First Brothers Co.,Ltd.",3454.T,17.98,0.127,0.15,Yes
333,"THK Co., Ltd.",6481.T,100.41,0.549,1.27,Yes
334,"Toyo Wharf & Warehouse Co., Ltd.",9351.T,31.51,0.213,0.219,Yes
335,Matsuoka Corporation,3611.T,36.86,0.244,0.452,Yes
336,TESEC Corporation,6337.T,111.33,0.594,0.262,Yes
337,Maruichi Steel Tube Ltd.,5463.T,49.08,0.313,0.479,Yes
338,"Takihyo Co., Ltd.",9982.T,49.12,0.314,0.384,Yes
339,"Nippon Carbon Co., Ltd.",5302.T,31.1,0.212,0.29,Yes
340,"Seria Co., Ltd.",2782.T,57.25,0.357,0.036,Yes
341,"Shobunsha Holdings, Inc.",9475.T,31.39,0.214,0.09,No
342,"Kanda Tsushinki Co., Ltd.",1992.T,15.73,0.114,0.084,No
343,"The Bank of Toyama, Ltd.",8365.T,43.72,0.286,0.036,Yes
344,"Toyo Seikan Group Holdings, Ltd.",5901.T,45.67,0.297,0.267,Yes
345,Sumitomo Bakelite Company Limited,4203.T,72.41,0.434,1.031,Yes
346,LINTEC Corporation,7966.T,74.1,0.442,0.946,Yes
347,Nissan Chemical Corporation,4021.T,77.12,0.457,0.84,Yes
348,"RESOL HOLDINGS Co.,Ltd.",5261.T,60.98,0.379,0.123,Yes
349,Keyence Corporation,6861.T,70.52,0.426,0.993,Yes
350,SPK Corporation,7466.T,34.2,0.233,0.027,Yes
351,"Sanko Co., Ltd.",6964.T,30.65,0.211,0.17,Yes
352,Nakano Corporation,1827.T,77.33,0.459,0.448,Yes
353,"Mabuchi Motor Co., Ltd.",6592.T,54.85,0.349,0.377,Yes
354,Topre Corporation,5975.T,65.35,0.402,0.454,Yes
355,"Okamoto Industries, Inc.",5122.T,33.54,0.23,0.238,No
356,Coca-Cola Bottlers Japan Holdings Inc.,2579.T,70.5,0.428,0.245,Yes
357,"Niterra Co., Ltd.",5334.T,64.37,0.398,0.888,Yes
358,Global Kids Company Corp.,6189.T,51.63,0.333,0.693,No
359,FUJIX Ltd.,3600.T,11.06,0.083,0.087,No
360,"Ebrains, Inc.",6599.T,59.12,0.375,0.204,Yes
361,"Gakkyusha Co.,Ltd.",9769.T,20.6,0.149,0.044,No
362,JTEKT Corporation,6473.T,67.04,0.415,0.697,Yes
363,"Arisawa Mfg. Co., Ltd.",5208.T,109.09,0.604,0.734,Yes
364,Tamura Corporation,6768.T,112.57,0.618,1.314,Yes
365,"DOUTOR NICHIRES Holdings Co., Ltd.",3087.T,39.12,0.266,0.415,No
366,"Carlit Co., Ltd.",4275.T,94.46,0.544,0.604,Yes
367,"Asahi Kagaku Kogyo Co.,Ltd.",7928.T,8.93,0.068,0.046,No
368,AIT Corporation,9381.T,18.39,0.136,0.073,No
369,"Aseed Holdings Co.,Ltd.",9959.T,53.16,0.349,0.049,No
370,SMC Corporation,6273.T,80.44,0.486,1.025,Yes
371,Kuroda Precision Industries Ltd.,7726.T,56.07,0.364,0.475,Yes
372,OUG Holdings Inc.,8041.T,32.63,0.23,0.219,Yes
373,Noritz Corporation,5943.T,30.37,0.216,0.176,Yes
374,Sojitz Corporation,2768.T,59.3,0.383,0.182,Yes
375,"Nissan Tokyo Sales Holdings Co., Ltd.",8291.T,15.11,0.114,0.212,Yes
376,Iwabuchi Corporation,5983.T,43.97,0.299,0.256,Yes
377,"WILLTEC Co.,Ltd.",7087.T,12.28,0.094,0.098,Yes
378,"Showa Shinku Co., Ltd.",6384.T,33.04,0.234,0.473,Yes
379,"Saibu Gas Holdings Co.,Ltd.",9536.T,38.79,0.269,0.354,No
380,"Toray Industries, Inc.",3402.T,48.3,0.325,0.414,Yes
381,"Vital KSK Holdings, Inc.",3151.T,36.33,0.255,0.172,No
382,"Eidai Kako Co.,Ltd.",7877.T,46.05,0.313,0.354,Yes
383,"Bando Chemical Industries, Ltd.",5195.T,40.33,0.279,0.229,Yes
384,Printnet Inc.,7805.T,11.99,0.093,0.072,Yes
385,"A&D HOLON Holdings Company, Limited",7745.T,59.02,0.385,0.532,Yes
386,"Japan Pure Chemical Co.,Ltd.",4973.T,89.92,0.537,0.705,Yes
387,Asahi Kasei Corporation,3407.T,57.2,0.376,0.602,Yes
388,"Tokyo Rope Mfg. Co., Ltd.",5981.T,45.8,0.313,0.142,Yes
389,"Mitsui & Co., Ltd.",8031.T,48.35,0.328,0.251,No
390,"SECOM CO., LTD.",9735.T,24.52,0.181,0.103,No
391,"Takashimaya Company, Limited",8233.T,52.28,0.351,0.319,Yes
392,"Toyo Logistics Co., Ltd.",9306.T,11.99,0.093,0.109,Yes
393,EXEDY Corporation,7278.T,27.08,0.199,0.244,Yes
394,Muto Seiko Co.,7927.T,51.36,0.346,0.309,Yes
395,Hiramatsu Inc.,2764.T,47.79,0.326,0.048,No
396,"The Nisshin OilliO Group,Ltd.",2602.T,23.91,0.178,0.043,No
397,"Buffalo Co.,Ltd.",3352.T,29.96,0.218,0.084,Yes
398,Kewpie Corporation,2809.T,23.55,0.175,0.232,Yes
399,"BroadBand Tower, Inc.",3776.T,76.98,0.481,0.928,Yes
400,"Japan Exchange Group, Inc.",8697.T,49.95,0.339,0.483,Yes
401,Kadoya Sesame Mills Incorporated,2612.T,64.11,0.416,0.409,Yes
402,Kaji Technology Corporation,6391.T,60.64,0.399,0.426,No
403,Tachikawa Corporation,7989.T,58.39,0.387,0.127,Yes
404,"Molitec Steel Co., Ltd.",5986.T,35.51,0.254,0.073,Yes
405,"POVAL KOGYO Co., Ltd.",4247.T,20.87,0.158,0.058,Yes
406,AZEARTH Corporation,3161.T,8.8,0.07,0.006,No
407,"Yuasa Co., Ltd.",8074.T,36.8,0.264,0.01,No
408,Chudenko Corporation,1941.T,37.89,0.271,0.525,Yes
409,G-7 Holdings Inc.,7508.T,22.51,0.171,0.04,Yes
410,UNIRITA Inc.,3800.T,4.48,0.037,0.023,Yes
411,"Fuso Dentsu Co., Ltd.",7505.T,45.15,0.317,0.714,Yes
412,"Japan Resistor Mfg. Co., Ltd.",6977.T,110.05,0.641,0.776,Yes
413,"HORAI Co., Ltd.",9679.T,22.66,0.173,0.211,Yes
414,"General Packer Co., Ltd.",6267.T,18.17,0.141,0.114,Yes
415,TOTO LTD.,5332.T,101.47,0.605,1.139,Yes
416,"Harima Chemicals Group, Inc.",4410.T,36.89,0.267,0.295,Yes
417,"SAAF Holdings Co.,Ltd.",1447.T,111.45,0.65,0.67,No
418,"Nihon Knowledge Co,Ltd.",5252.T,79.52,0.504,0.242,Yes
419,"Fuji Media Holdings, Inc.",4676.T,27.42,0.206,0.49,No
420,Denka Company Limited,4061.T,69.31,0.453,0.558,Yes
421,Adeka Corporation,4401.T,59.88,0.404,0.754,Yes
422,"Kojima Co.,Ltd.",7513.T,30.23,0.225,0.048,No
423,"Ishihara Chemical Co., Ltd.",4462.T,72.29,0.47,1.02,Yes
424,Pigeon Corporation,7956.T,29.54,0.221,0.357,Yes
425,"Teikoku Tsushin Kogyo Co., Ltd.",6763.T,24.87,0.19,0.31,Yes
426,OMRON Corporation,6645.T,99.58,0.604,1.193,Yes
427,"The Kansai Electric Power Company, Incorporated",9503.T,44.82,0.319,0.143,Yes
428,Tsubakimoto Chain Co.,6371.T,35.65,0.262,0.405,Yes
429,Hamai Industries Ltd.,6497.T,27.05,0.205,0.218,Yes
430,Komatsu Ltd.,6301.T,63.63,0.427,0.545,Yes
431,Internet Initiative Japan Inc.,3774.T,38.28,0.279,0.005,No
432,Shoei Corporation,9385.T,45.68,0.325,0.094,Yes
433,"MITRA Group, Inc.",6093.T,37.34,0.274,0.272,No
434,"Hokkaido Gas Co., Ltd.",9534.T,32.2,0.241,0.14,No
435,"Shiseido Company, Limited",4911.T,70.98,0.467,0.021,Yes
436,Yushiro Inc.,5013.T,45.9,0.327,0.028,No
437,"Sankyo Seiko Co., Ltd.",8018.T,36.97,0.272,0.057,Yes
438,Mitsubishi Chemical Group Corporation,4188.T,60.6,0.413,0.498,Yes
439,"Sanrin Co., Ltd.",7486.T,26.12,0.2,0.109,Yes
440,"Wakou Shokuhin Co., Ltd.",2813.T,30.99,0.235,0.004,Yes
441,"Seibu Electric & Machinery Co., Ltd.",6144.T,50.9,0.36,0.257,No
442,Tomoe Corporation,1921.T,41.85,0.305,0.07,Yes
443,"NHK Spring Co., Ltd.",5991.T,83.41,0.536,1.48,Yes
444,CL Holdings Inc.,4286.T,57.16,0.397,0.261,Yes
445,Envipro Holdings Inc.,5698.T,102.68,0.629,0.407,Yes
446,"Morinaga Milk Industry Co., Ltd.",2264.T,42.87,0.314,0.174,Yes
447,Mitsubishi Electric Corporation,6503.T,66.72,0.453,0.98,Yes
448,Tadano Ltd.,6395.T,49.04,0.352,0.374,Yes
449,"Sanki Engineering Co., Ltd.",1961.T,72.98,0.489,0.846,Yes
450,"Sun A.Kaken Company,Limited",4234.T,108.67,0.662,0.08,No
451,Marubun Corporation,7537.T,82.74,0.54,0.499,Yes
452,Mortgage Service Japan Limited,7192.T,67.22,0.46,0.226,Yes
453,INFRONEER Holdings Inc.,50765.T,1.25,0.011,0.004,No
454,NPR-Riken Corporation,6209.T,45.7,0.336,0.365,Yes
455,"Musashino Kogyo Co., Ltd.",9635.T,16.16,0.133,0.045,Yes
456,"Rhythm Co.,Ltd.",7769.T,32.17,0.248,0.263,Yes
457,Ohara Inc.,5218.T,59.68,0.421,0.82,Yes
458,"Japan Petroleum Exploration Co., Ltd.",1662.T,74.5,0.503,0.637,No
459,TOLI Corporation,7971.T,33.53,0.258,0.18,Yes
460,Lasertec Corporation,6920.T,110.71,0.68,1.202,Yes
461,"Togami Electric Mfg. Co., Ltd.",6643.T,61.99,0.436,0.501,Yes
462,UPR Corporation,7065.T,44.68,0.332,0.184,Yes
463,"Sanko Techno Co., Ltd.",3435.T,20.98,0.17,0.205,Yes
464,"Kimura Unity Co., Ltd.",9368.T,16.22,0.135,0.002,Yes
465,"NEXTAGE Co., Ltd.",3186.T,65.98,0.461,0.721,Yes
466,Lion Corporation,4912.T,31.4,0.246,0.097,Yes
467,"Imasen Electric Industrial Co., Ltd.",7266.T,57.04,0.41,0.591,Yes
468,MIRAIT ONE Corporation,1417.T,34.16,0.266,0.446,Yes
469,Yasuda Logistics Corporation,9324.T,25.75,0.207,0.051,Yes
470,K's Holdings Corporation,8282.T,28.94,0.23,0.197,Yes
471,Global Security Experts Inc.,4417.T,78.83,0.535,0.614,Yes
472,"Onamba Co., Ltd.",5816.T,53.7,0.393,0.718,Yes
473,Miahelsa Holdings Corporation,7129.T,7.34,0.064,0.053,No
474,Sekisui Jushi Corporation,4212.T,49.64,0.37,0.118,Yes
475,JEOL Ltd.,6951.T,56.97,0.415,0.614,Yes
476,"Yossix Holdings Co.,Ltd.",3221.T,33.3,0.263,0.056,No
477,Tobila Systems Inc.,4441.T,67.11,0.474,0.532,No
478,Yushin Company,6482.T,28.3,0.228,0.332,Yes
479,"VRAIN Solution, Inc.",135A.T,112.87,0.707,0.979,Yes
480,"Hakudo Co., Ltd.",7637.T,109.11,0.69,0.486,Yes
481,OVAL Corporation,7727.T,65.24,0.465,0.903,Yes
482,"Sigmakoki Co., Ltd.",7713.T,86.69,0.582,0.702,Yes
483,"TACHI-S Co., Ltd.",7239.T,29.01,0.234,0.248,Yes
484,"Anshin Guarantor Service Co., Ltd.",7183.T,72.3,0.508,0.255,Yes
485,"Mizuho Medy Co.,Ltd.",4595.T,17.01,0.144,0.069,Yes
486,"Broad Enterprise Co.,Ltd.",4415.T,53.37,0.398,0.68,Yes
487,"Towa Pharmaceutical Co., Ltd.",4553.T,42.78,0.33,0.013,No
488,"Ono Sokki Co., Ltd.",6858.T,65.5,0.471,0.694,Yes
489,"Kato Sangyo Co., Ltd.",9869.T,18.9,0.16,0.222,No
490,"Kintetsu Group Holdings Co.,Ltd.",9041.T,16.74,0.143,0.027,Yes
491,"Nadex Co., Ltd.",7435.T,36.29,0.288,0.092,No
492,NOK Corporation,7240.T,26.24,0.216,0.358,Yes
493,Fujimak Corporation,5965.T,16.6,0.142,0.249,No
494,"Sumitomo Osaka Cement Co., Ltd.",5232.T,70.54,0.503,0.907,Yes
495,Hazama Ando Corporation,1719.T,20.5,0.173,0.048,Yes
496,NSK Ltd.,6471.T,69.41,0.497,0.644,Yes
497,EDION Corporation,2730.T,23.11,0.193,0.052,No
498,"Stanley Electric Co., Ltd.",6923.T,29.69,0.242,0.506,Yes
499,"Kunimine Industries Co., Ltd.",5388.T,20.77,0.176,0.071,No
500,"Global-Dining, Inc.",7625.T,35.46,0.284,0.217,Yes
501,"ODK Solutions Company, Ltd.",3839.T,6.4,0.058,0.022,Yes
502,MegaChips Corporation,6875.T,77.51,0.546,1.187,Yes
503,Shinnihon Corporation,1879.T,38.46,0.308,0.18,Yes
504,"Kansai Paint Co., Ltd.",4613.T,27.52,0.229,0.332,Yes
505,Taikisha Ltd.,1979.T,57.41,0.432,0.932,Yes
506,DIC Corporation,4631.T,65.63,0.482,0.742,Yes
507,"Yutaka Trusty Securities Co., Ltd.",8747.T,62.46,0.463,0.027,No
508,"Takuma Co., Ltd.",6013.T,50.35,0.389,0.684,Yes
509,"Broadleaf Co., Ltd.",3673.T,52.23,0.401,0.61,No
510,"Home Position Co., Ltd.",2999.T,32.37,0.266,0.104,No
511,"Chuo Warehouse Co.,Ltd.",9319.T,41.23,0.329,0.576,No
512,CONVUM Ltd.,6265.T,48.13,0.375,0.614,Yes
513,Kanaden Corporation,8081.T,33.65,0.276,0.601,Yes
514,"Kohoku Kogyo CO.,LTD.",6524.T,104.96,0.697,1.584,Yes
515,UACJ Corporation,5741.T,74.08,0.535,1.16,Yes
516,Japan Transcity Corporation,9310.T,34.23,0.281,0.111,No
517,atect corporation,4241.T,84.66,0.595,0.762,Yes
518,"NS Group, Inc.",471A.T,49.82,0.389,0.423,Yes
519,"Nippon Air conditioning Services Co., Ltd.",4658.T,31.08,0.259,0.458,Yes
520,Mitsubishi Corporation,8058.T,50.64,0.394,0.063,Yes
521,"Fujikura Kasei Co., Ltd.",4620.T,95.23,0.652,0.506,Yes
522,Nichirei Corporation,2871.T,32.24,0.268,0.15,Yes
523,"Create Medic Co., Ltd.",5187.T,20.34,0.177,0.124,Yes
524,"Amada Co., Ltd.",6113.T,63.09,0.474,1.003,Yes
525,"Chikaranomoto Holdings Co., Ltd.",3561.T,14.49,0.129,0.048,Yes
526,"Kensoh Co.,Ltd.",7939.T,13.47,0.121,0.024,No
527,"for Startups, Inc.",7089.T,84.41,0.597,0.648,Yes
528,Marubeni Corporation,8002.T,46.88,0.372,0.027,Yes
529,Frontier International Inc.,7050.T,43.14,0.346,0.186,No
530,Mitsuba Corporation,7280.T,58.98,0.45,0.401,Yes
531,"PLANT Co.,Ltd.",7646.T,25.0,0.215,0.212,Yes
532,ARCS Company Limited,9948.T,26.05,0.223,0.179,No
533,"Feed One Co.,Ltd.",2060.T,37.9,0.311,0.09,Yes
534,"Anicom Holdings, Inc.",8715.T,48.14,0.382,0.325,No
535,Gecoss Corporation,9991.T,38.9,0.319,0.074,No
536,"Gun Ei Chemical Industry Co., Ltd.",4229.T,42.53,0.344,0.009,Yes
537,"The Kaneshita Construction Co.,Ltd.",1897.T,18.82,0.167,0.011,Yes
538,"Toell Co.,Ltd.",3361.T,13.24,0.12,0.087,Yes
539,Okuma Corporation,6103.T,65.61,0.494,0.769,Yes
540,"Bewith, Inc.",9216.T,23.39,0.204,0.044,No
541,"USS Co., Ltd.",4732.T,23.83,0.208,0.273,Yes
542,Asahi Yukizai Corporation,4216.T,40.62,0.333,0.178,Yes
543,"CK SAN-ETSU Co., Ltd.",5757.T,32.97,0.278,0.38,Yes
544,"Natoco Co., Ltd.",4627.T,23.69,0.207,0.227,Yes
545,Nitto Kogyo Corporation,6651.T,31.7,0.269,0.523,Yes
546,Shibaura Mechatronics Corporation,6590.T,101.11,0.695,1.699,Yes
547,Nagahori Corporation,8139.T,35.54,0.298,0.072,No
548,DAIHEN Corporation,6622.T,103.64,0.71,1.841,Yes
549,ISE Chemicals Corporation,4107.T,100.54,0.694,0.573,Yes
550,Meiwa Corporation,8103.T,28.41,0.245,0.124,Yes
551,"Hisaka Works, Ltd.",6247.T,51.96,0.414,0.469,Yes
552,Nippo Ltd.,9913.T,50.61,0.405,0.024,Yes
553,Hamamatsu Photonics K.K.,6965.T,74.12,0.552,1.191,Yes
554,"OPTEX GROUP Company, Limited",6914.T,97.62,0.682,1.392,Yes
555,The Monogatari Corporation,3097.T,52.33,0.417,0.187,No
556,"Dai Nippon Printing Co., Ltd.",7912.T,30.61,0.263,0.383,Yes
557,"Toyobo Co., Ltd.",3101.T,83.69,0.608,1.069,Yes
558,Core Concept Technologies Inc.,4371.T,83.34,0.607,0.632,Yes
559,"Nippon Paper Industries Co., Ltd.",3863.T,20.66,0.185,0.013,No
560,JBCC Holdings Inc.,9889.T,55.52,0.439,0.492,No
561,"Tsuzuki Denki Co., Ltd.",8157.T,40.75,0.339,0.417,Yes
562,"Konishi Co., Ltd.",4956.T,16.87,0.153,0.002,Yes
563,Tiemco Ltd.,7501.T,54.11,0.431,0.41,Yes
564,LITALICO Inc.,7366.T,60.79,0.474,0.505,Yes
565,Techno Ryowa Ltd.,1965.T,64.7,0.499,0.729,Yes
566,Tosoh Corporation,4042.T,31.15,0.269,0.543,Yes
567,"UP GARAGE GROUP Co., Ltd.",7134.T,30.29,0.263,0.077,No
568,"THine Electronics, Inc.",6769.T,60.13,0.473,0.678,Yes
569,"GMO Financial Holdings, Inc.",7177.T,39.11,0.33,0.163,Yes
570,"Kyowakogyosyo Co.,Ltd.",5971.T,29.2,0.256,0.102,No
571,"Fenwal Controls of Japan, Ltd.",6870.T,42.05,0.352,0.391,Yes
572,"Tein, Inc.",7217.T,15.9,0.147,0.163,Yes
573,Solekia Limited,9867.T,41.66,0.35,0.102,Yes
574,"Tokio Marine Holdings, Inc.",8766.T,31.52,0.275,0.431,No
575,"Kakaku.com, Inc.",2371.T,71.92,0.55,0.162,Yes
576,Kin-Ei Corp.,9636.T,3.83,0.037,0.032,Yes
577,"HIROSHIMA GAS Co.,Ltd.",9535.T,15.8,0.147,0.308,No
578,"The Kosei Securities Co., Ltd.",8617.T,39.74,0.338,0.345,Yes
579,DMS Inc.,9782.T,33.22,0.29,0.364,Yes
580,"Komeri Co.,Ltd.",8218.T,21.73,0.198,0.103,No
581,TOYO Corporation,8151.T,29.07,0.258,0.488,Yes
582,"Hodogaya Chemical Co., Ltd.",4112.T,29.48,0.262,0.169,No
583,"KH Neochem Co., Ltd.",4189.T,39.19,0.337,0.35,Yes
584,"The Yokohama Rubber Company, Limited",5101.T,58.21,0.47,0.745,Yes
585,"Will Group, Inc.",6089.T,27.89,0.25,0.135,No
586,"Sanyo Denki Co., Ltd.",6516.T,98.41,0.71,1.455,Yes
587,"The Bank Of Kochi, Ltd.",8416.T,40.24,0.346,0.537,Yes
588,Toyo Denki Seizo K.K.,6505.T,50.56,0.421,0.192,Yes
589,"Mitsubishi Gas Chemical Company, Inc.",4182.T,87.0,0.65,1.458,Yes
590,"Tomoe Engineering Co., Ltd.",6309.T,36.32,0.318,0.197,Yes
591,"Nippon Information Development Co., Ltd.",2349.T,10.87,0.105,0.057,Yes
592,T&S Group Inc.,4055.T,94.87,0.697,1.393,Yes
593,"Kyoei Tanker Co., Ltd.",9130.T,88.23,0.66,1.076,No
594,"Uniform Next Co., Ltd.",3566.T,31.77,0.284,0.463,Yes
595,"Sakai Chemical Industry Co., Ltd.",4078.T,62.52,0.505,0.896,Yes
596,"Rheon Automatic Machinery Co., Ltd.",6272.T,16.73,0.159,0.218,Yes
597,"Mainichi Comnet Co., Ltd.",8908.T,16.94,0.161,0.175,Yes
598,Cleanup Corporation,7955.T,37.82,0.333,0.178,Yes
599,"Mani, Inc.",7730.T,35.24,0.313,0.843,Yes
600,"Japan Post Insurance Co., Ltd.",7181.T,28.94,0.264,0.296,No
601,"Noritsu Koki Co., Ltd.",7744.T,30.81,0.279,0.224,Yes
602,"Generation Pass Co.,Ltd.",3195.T,109.8,0.787,1.571,Yes
603,"Narasaki Sangyo Co., Ltd.",8085.T,27.63,0.255,0.056,No
604,Fanuc Corporation,6954.T,70.33,0.563,1.194,Yes
605,Photosynth inc.,4379.T,42.38,0.371,0.171,No
606,Komaihaltec Inc.,5915.T,58.55,0.487,0.648,Yes
607,Sapporo Breweries Limited,2501.T,40.63,0.359,0.039,Yes
608,YASKAWA Electric Corporation,6506.T,109.88,0.795,2.151,Yes
609,"Tohoku Electric Power Company, Incorporated",9506.T,33.55,0.305,0.149,No
610,Nisshin Seifun Group Inc.,2002.T,17.18,0.166,0.094,No
611,Takada Corporation,1966.T,15.87,0.155,0.062,Yes
612,GS Yuasa Corporation,6674.T,91.21,0.695,1.303,Yes
613,"Nissin Shoji Co.,Ltd.",7490.T,109.23,0.795,0.757,Yes
614,"NANSO Transport Co.,Ltd.",9034.T,19.07,0.184,0.29,Yes
615,Kudan Inc.,4425.T,104.56,0.771,0.685,Yes
616,"Kandenko Co.,Ltd.",1942.T,55.54,0.471,1.078,Yes
617,"Jorudan Co.,Ltd.",3710.T,10.48,0.105,0.16,No
618,"World Co., Ltd.",3612.T,22.52,0.215,0.095,Yes
619,"Okayamaken Freight Transportation Co., Ltd.",9063.T,29.86,0.277,0.241,Yes
620,"Nankai Chemical Company,Limited",4040.T,70.84,0.575,0.566,Yes
621,"Nihon Isk Co.,Ltd.",7986.T,16.12,0.158,0.056,No
622,"Mobile Factory, Inc.",3912.T,21.23,0.205,0.021,No
623,Dentsu Soken Inc.,4812.T,49.74,0.433,0.182,No
624,"Fukoku Co.,Ltd.",5185.T,16.48,0.162,0.066,Yes
625,"Fuji Electric Co., Ltd.",6504.T,64.31,0.536,1.081,Yes
626,"Daikin Industries,Ltd.",6367.T,32.68,0.303,0.462,Yes
627,Allied Telesis Holdings K.K.,6835.T,47.66,0.419,0.334,Yes
628,Honyaku Center Inc.,2483.T,23.24,0.223,0.011,No
629,"MIC Co., Ltd.",300A.T,34.24,0.317,0.412,No
630,"RS Technologies Co., Ltd.",3445.T,107.53,0.799,1.648,Yes
631,"Cosmo Energy Holdings Co., Ltd.",5021.T,27.97,0.265,0.256,No
632,Pola Orbis Holdings Inc.,4927.T,10.49,0.107,0.002,Yes
633,"Hibiya Engineering, Ltd.",1982.T,51.68,0.453,0.815,Yes
634,"Japan Medical Dynamic Marketing, INC.",7600.T,80.07,0.645,0.861,Yes
635,"Oie Sangyo Co., Ltd.",7481.T,24.89,0.24,0.166,Yes
636,"Tomita Co., Ltd.",8147.T,26.73,0.257,0.233,Yes
637,"KOSAIDO Holdings Co., Ltd.",7868.T,36.98,0.343,0.291,Yes
638,Bourbon Corporation,2208.T,31.32,0.297,0.018,Yes
639,"KNT-CT Holdings Co., Ltd.",9726.T,27.77,0.267,0.001,No
640,"Star seeds Co.,Ltd.",3083.T,64.94,0.553,0.873,No
641,"Nippon Sharyo, Ltd.",7102.T,41.53,0.381,0.476,Yes
642,Roland Corporation,7944.T,24.76,0.242,0.168,Yes
643,"Nagoya Railroad Co., Ltd.",9048.T,11.52,0.119,0.092,Yes
644,Washington Hotel Corporation,4691.T,106.31,0.808,1.323,Yes
645,"Credit Saison Co., Ltd.",8253.T,28.53,0.275,0.24,Yes
646,"Chuco Co., Ltd.",2139.T,31.87,0.304,0.236,Yes
647,Asahi Rubber Inc.,5162.T,34.64,0.327,0.107,No
648,Canox Corporation,8076.T,13.85,0.142,0.083,Yes
649,"Lobtex Co., Ltd.",5969.T,8.11,0.085,0.076,Yes
650,NittoBest Corporation,2877.T,4.25,0.046,0.033,Yes
651,"Nova System Co.,Ltd.",5257.T,16.94,0.172,0.041,Yes
652,"Aisan Industry Co., Ltd.",7283.T,41.87,0.388,0.137,Yes
653,Hirakawa Hewtech Corp.,5821.T,105.75,0.814,0.812,Yes
654,Ozu Corporation,7487.T,8.41,0.089,0.033,No
655,"Tokai Soft Co., Ltd.",4430.T,20.1,0.202,0.165,Yes
656,Muraki Corporation,7477.T,37.21,0.352,0.033,Yes
657,"Koito Manufacturing Co., Ltd.",7276.T,28.64,0.28,0.443,Yes
658,"Nakabohtec Corrosion Protecting Co.,Ltd.",1787.T,19.96,0.202,0.271,No
659,"Maezawa Kyuso Industries Co.,Ltd.",6485.T,20.58,0.208,0.058,No
660,"Takamatsu Machinery Co., Ltd.",6155.T,20.97,0.212,0.036,No
661,"Nippon Denko Co., Ltd.",5563.T,51.56,0.468,0.617,Yes
662,TRE Holdings Corporation,9247.T,34.46,0.332,0.34,Yes
663,"Yuki Gosei Kogyo Co., Ltd.",4531.T,49.36,0.452,0.39,Yes
664,Kuriyama Holdings Corporation,3355.T,21.37,0.216,0.287,No
665,SUNNEXTA GROUP Inc.,8945.T,11.55,0.122,0.059,Yes
666,"NOMURA Co., Ltd.",9716.T,34.47,0.333,0.208,No
667,"Toei Company, Ltd.",9605.T,14.88,0.155,0.27,No
668,"Tazmo Co., Ltd.",6266.T,84.94,0.701,1.454,Yes
669,"Environmental Control Center Co.,Ltd.",4657.T,12.28,0.129,0.144,Yes
670,"Saizeriya Co.,Ltd.",7581.T,70.52,0.608,0.606,No
671,"Morito Co., Ltd.",9837.T,25.65,0.257,0.3,Yes
672,"Kaken Pharmaceutical Co., Ltd.",4521.T,14.28,0.15,0.054,Yes
673,"Hirose Electric Co.,Ltd.",6806.T,68.8,0.597,1.221,Yes
674,Nabtesco Corporation,6268.T,67.92,0.592,1.496,Yes
675,"Atomix Co.,Ltd.",4625.T,27.39,0.274,0.076,No
676,Youji Corporation,2152.T,16.32,0.17,0.075,Yes
677,"WA, Inc.",7683.T,9.6,0.103,0.115,Yes
678,Lion Office Products Corp.,423A.T,18.44,0.191,0.173,No
679,Kureha Corporation,4023.T,28.94,0.289,0.125,Yes
680,Chino Corporation,6850.T,47.77,0.446,0.864,Yes
681,"Airtech Japan, Ltd.",6291.T,16.9,0.177,0.243,Yes
682,Ebara Corporation,6361.T,70.06,0.611,1.509,Yes
683,Stella Chemifa Corporation,4109.T,54.65,0.5,0.948,Yes
684,"Sumitomo Rubber Industries, Ltd.",5110.T,44.36,0.42,0.273,Yes
685,"Rion Co., Ltd.",6823.T,38.1,0.369,0.692,Yes
686,"Nippon Seiro Co., Ltd.",5010.T,91.02,0.752,0.788,Yes
687,"Sansei Technologies, Inc.",6357.T,47.6,0.448,0.619,Yes
688,"The Chugoku Electric Power Co., Inc.",9504.T,28.17,0.285,0.169,No
689,"Alps Alpine Co., Ltd.",6770.T,28.95,0.292,0.302,Yes
690,"NANKAI Co., Ltd.",9044.T,14.68,0.157,0.149,No
691,MediPal Holdings Corporation,7459.T,18.11,0.191,0.19,No
692,Central Automotive Products Ltd.,8117.T,29.46,0.298,0.325,Yes
693,"Hashimoto Sogyo Holdings Co.,Ltd.",7570.T,19.25,0.202,0.099,No
694,Vector HOLDINGS Inc.,2656.T,48.14,0.456,0.821,No
695,A-One Seimitsu Inc.,6156.T,12.54,0.136,0.129,Yes
696,"Nippon Densetsu Kogyo Co., Ltd.",1950.T,65.66,0.589,0.465,Yes
697,GEOSTR Corporation,5282.T,36.26,0.358,0.164,Yes
698,Daito Chemix Corporation,4366.T,71.04,0.628,0.87,Yes
699,"MK Seiko Co., Ltd.",5906.T,74.65,0.653,0.586,Yes
700,"Toho Acetylene Co., Ltd.",4093.T,30.24,0.306,0.141,Yes
701,Yoshitake Inc.,6488.T,17.24,0.184,0.165,Yes
702,"San-Ai Obbli Co., Ltd.",8097.T,24.41,0.253,0.135,No
703,"Hokko Chemical Industry Co., Ltd.",4992.T,31.3,0.317,0.4,Yes
704,"Kyoei Security Service Co., Ltd.",7058.T,13.46,0.147,0.128,Yes
705,TOPPAN Holdings Inc.,7911.T,56.31,0.526,0.556,Yes
706,Japan M&A Solution Incorporated,9236.T,43.36,0.423,0.318,No
707,"Besterra Co., Ltd.",1433.T,38.08,0.378,0.053,Yes
708,UEKI Corporation,1867.T,27.1,0.28,0.053,No
709,Shikibo Ltd.,3109.T,12.83,0.141,0.08,Yes
710,JANOME Corporation,6445.T,35.28,0.355,0.226,Yes
711,"Sansha Electric Manufacturing Co.,Ltd.",6882.T,48.04,0.462,0.833,Yes
712,Tenox Corporation,1905.T,12.67,0.139,0.114,Yes
713,"SiriusVision Co., Ltd.",6276.T,81.48,0.709,1.399,Yes
714,"Ki-Star Real Estate Co.,Ltd",3465.T,43.01,0.422,0.332,Yes
715,FinTech Global Incorporated,8789.T,73.35,0.655,0.085,No
716,"Umenohana Group Co.,Ltd.",7604.T,10.57,0.118,0.237,No
717,"PIETRO Co., Ltd.",2818.T,2.68,0.031,0.009,No
718,"Japan Ecosystem Co., Ltd.",9249.T,9.73,0.109,0.061,Yes
719,"Sonocom Co.,Ltd.",7902.T,29.51,0.305,0.05,Yes
720,"Jimoto Holdings, Inc.",7161.T,53.33,0.507,0.483,Yes
721,"Septeni Holdings Co., Ltd.",4293.T,55.39,0.524,0.128,No
722,Isetan Mitsukoshi Holdings Ltd.,3099.T,44.83,0.441,0.543,Yes
723,"Shin-Etsu Polymer Co.,Ltd.",7970.T,25.06,0.265,0.644,Yes
724,"Raito Kogyo Co., Ltd.",1926.T,29.21,0.304,0.452,Yes
725,Port Inc.,7047.T,26.12,0.275,0.062,Yes
726,"FUJITA CORPORATION Co.,Ltd.",3370.T,77.21,0.69,1.166,Yes
727,"TOC Co., Ltd.",8841.T,41.64,0.416,0.588,Yes
728,"Fuji Die Co.,Ltd.",6167.T,39.02,0.394,0.232,Yes
729,"Higashi Holdings Co., Ltd.",9029.T,26.6,0.281,0.49,Yes
730,"Chubu Shiryo Co., Ltd.",2053.T,24.03,0.257,0.003,No
731,"Startia Holdings,Inc.",3393.T,20.32,0.221,0.379,Yes
732,"Shin-Etsu Chemical Co., Ltd.",4063.T,35.51,0.364,0.489,Yes
733,"Takamatsu Construction Group Co., Ltd.",1762.T,35.81,0.367,0.004,Yes
734,"Sec Carbon,Limited",5304.T,26.78,0.284,0.072,Yes
735,"Kanda Holdings Co.,Ltd.",9059.T,15.13,0.168,0.365,Yes
736,"TVE Co., Ltd.",6466.T,104.47,0.874,1.119,Yes
737,G-Tekt Corporation,5970.T,28.17,0.298,0.348,Yes
738,"AINAVO HOLDINGS Co.,Ltd.",7539.T,13.64,0.153,0.054,Yes
739,"Sinfonia Technology Co.,Ltd.",6507.T,73.05,0.667,1.643,Yes
740,Hosiden Corporation,6804.T,24.09,0.259,0.354,Yes
741,"Oi Electric Co., Ltd.",6822.T,35.04,0.362,0.563,Yes
742,"Nichirin Co., Ltd.",5184.T,21.87,0.238,0.15,Yes
743,Maruchiyo Yamaokaya Corporation,3399.T,40.2,0.408,0.075,No
744,"KURADASHI.Co.,Ltd.",5884.T,37.08,0.382,0.047,Yes
745,"Kobe Steel, Ltd.",5406.T,23.33,0.253,0.172,Yes
746,Nihon Seikan k.k.,5905.T,5.99,0.07,0.039,Yes
747,Graphite Design Inc.,7847.T,11.26,0.128,0.037,No
748,"Nikki Co., Ltd.",6042.T,28.59,0.305,0.067,No
749,Hokuto Corporation,1379.T,21.23,0.233,0.265,No
750,"Ku Holdings Co.,Ltd.",9856.T,13.55,0.153,0.087,Yes
751,"Shinwa Co., Ltd.",3447.T,27.55,0.296,0.096,No
752,"TSI Holdings Co.,Ltd.",3608.T,33.39,0.351,0.179,Yes
753,"Ishii Food Co., Ltd.",2894.T,12.24,0.14,0.075,Yes
754,"TOCALO Co.,Ltd.",3433.T,45.17,0.456,1.051,Yes
755,"Takano Co.,Ltd.",7885.T,107.98,0.912,1.088,Yes
756,TDK Corporation,6762.T,95.16,0.833,2.016,Yes
757,"Maruwa Co.,Ltd.",5344.T,66.57,0.632,1.409,Yes
758,"BSN Media Holdings, Inc.",9408.T,17.11,0.193,0.004,No
759,Takara Holdings Inc.,2531.T,33.44,0.355,0.433,Yes
760,"Tenryu Saw Mfg. Co., Ltd.",5945.T,16.56,0.188,0.128,Yes
761,Eiwa Corporation,9857.T,18.3,0.206,0.11,No
762,Nifco Inc.,7988.T,27.91,0.304,0.356,Yes
763,"Hokuriku Electric Industry Co.,Ltd.",6989.T,24.34,0.268,0.097,Yes
764,"FJ Next Holdings Co., Ltd.",8935.T,49.2,0.497,0.536,Yes
765,"Asaka Industrial Co., Ltd.",5962.T,22.48,0.25,0.117,Yes
766,"Araya Industrial Co., Ltd.",7305.T,19.26,0.217,0.264,Yes
767,"Namura Shipbuilding Co., Ltd.",7014.T,95.35,0.845,1.215,Yes
768,"Kyoritsu Co.,Ltd.",7795.T,24.1,0.268,0.067,Yes
769,"Konica Minolta, Inc.",4902.T,41.79,0.437,0.034,No
770,"Systems Design Co., Ltd.",3766.T,13.7,0.159,0.075,No
771,WITZ Corporation,4440.T,85.87,0.785,0.413,No
772,"SIG Group Co., Ltd.",4386.T,20.76,0.236,0.105,No
773,"KeyHolder, Inc.",4712.T,13.18,0.155,0.009,Yes
774,"Daitobo Co., Ltd.",3202.T,24.59,0.276,0.31,Yes
775,Kanefusa Corporation,5984.T,23.68,0.268,0.212,Yes
776,"Qol Holdings Co., Ltd.",3034.T,31.42,0.346,0.373,No
777,Mitsubishi HC Capital Inc.,8593.T,20.39,0.234,0.073,No
778,Sanden Corporation,6444.T,58.71,0.591,0.951,Yes
779,"Watanabe Sato Co., Ltd.",1807.T,16.91,0.197,0.101,No
780,"Nissan Securities Group Co., Ltd.",8705.T,56.13,0.57,0.452,Yes
781,"Nippon Gas Co., Ltd.",8174.T,15.0,0.177,0.116,Yes
782,Ocean System Corporation,3096.T,16.48,0.193,0.055,Yes
783,Hokuriku Electric Power Company,9505.T,31.34,0.347,0.399,No
784,Gunze Limited,3002.T,21.19,0.244,0.236,Yes
785,"Tobu Railway Co., Ltd.",9001.T,19.59,0.227,0.035,Yes
786,"Tenmaya Store Co., Ltd.",9846.T,4.29,0.053,0.029,Yes
787,"Yamaichi Real Estate Co., Ltd",2984.T,9.97,0.121,0.123,Yes
788,"Mitsui Chemicals, Inc.",4183.T,28.7,0.324,0.494,Yes
789,MEITEC Group Holdings Inc.,9744.T,12.93,0.155,0.258,No
790,"Tokyo Radiator Mfg.Co.,Ltd.",7235.T,40.48,0.44,0.417,Yes
791,"Asahi Kogyosha Co., Ltd.",1975.T,49.59,0.523,1.068,Yes
792,"Fuji Seal International, Inc.",7864.T,25.46,0.292,0.189,No
793,Prestige International Inc.,4290.T,13.41,0.162,0.186,No
794,"Juntendo Co.,Ltd.",9835.T,5.31,0.066,0.031,Yes
795,"Sumitomo Chemical Company, Limited",4005.T,36.26,0.402,0.437,Yes
796,"Toyo Tec Co.,Ltd.",9686.T,14.23,0.172,0.136,Yes
797,Synclayer Inc.,1724.T,8.45,0.105,0.096,Yes
798,"Yamashita Health Care Holdings,Inc.",9265.T,24.09,0.282,0.198,Yes
799,Canon Inc.,7751.T,14.49,0.176,0.005,Yes
800,"Qualtec Co.,Ltd.",9165.T,27.58,0.321,0.444,Yes
801,"MicroAd, Inc.",9553.T,52.86,0.564,0.297,No
802,"Applied Co.,Ltd.",3020.T,17.21,0.209,0.225,Yes
803,"Nozaki Insatsu Shigyo Co., Ltd.",7919.T,17.64,0.214,0.332,No
804,INES Corporation,9742.T,25.28,0.298,0.039,Yes
805,"Nihon House Holdings Co., Ltd.",1873.T,10.58,0.132,0.138,No
806,"Chiyoda Integre Co.,Ltd.",6915.T,14.44,0.178,0.177,No
807,"BCC Co., Ltd.",7376.T,61.51,0.64,0.417,Yes
808,"Eurasia Travel Co., Ltd.",9376.T,26.91,0.315,0.071,No
809,"Como Co.,Ltd.",2224.T,14.63,0.18,0.2,Yes
810,KYB Corporation,7242.T,37.53,0.424,0.165,Yes
811,"Osaka Soda Co., Ltd.",4046.T,47.76,0.522,0.428,Yes
812,"AXYZ Co., Ltd.",1381.T,29.66,0.346,0.001,Yes
813,West Holdings Corporation,1407.T,75.58,0.762,0.373,Yes
814,"CURVES HOLDINGS Co., Ltd.",7085.T,23.59,0.283,0.113,Yes
815,"BELLSYSTEM24 Holdings, Inc.",6183.T,10.58,0.134,0.011,No
816,"Chuo Spring Co.,Ltd.",5992.T,19.17,0.235,0.092,No
817,"and ST HD Co.,Ltd.",2685.T,21.0,0.256,0.058,No
818,"WELLNEO SUGAR Co., Ltd.",2117.T,14.89,0.186,0.229,No
819,"Nippon Rietec Co.,Ltd.",1938.T,49.67,0.547,0.875,Yes
820,"AEON Financial Service Co., Ltd.",8570.T,18.43,0.227,0.046,Yes
821,"Daiken Co.,Ltd.",5900.T,8.12,0.105,0.042,No
822,"Matching Service Japan Co., Ltd.",6539.T,7.75,0.1,0.054,No
823,"The Okinawa Electric Power Company, Incorporated",9511.T,25.23,0.303,0.238,No
824,Rix Corporation,7525.T,14.33,0.18,0.337,Yes
825,Obara Group Incorporated,6877.T,60.0,0.641,0.887,Yes
826,"Jesco Holdings, Inc.",1434.T,67.26,0.704,1.048,Yes
827,"TO Books, Inc.",500A.T,27.63,0.33,0.337,No
828,"SEIWA HOLDINGS Co., Ltd.",523A.T,78.08,0.792,1.399,Yes
829,"Kawasaki Heavy Industries, Ltd.",7012.T,65.22,0.688,1.403,Yes
830,"Furuno Electric Co., Ltd.",6814.T,79.67,0.806,1.055,Yes
831,"Nihon Plast Co., Ltd.",7291.T,19.77,0.244,0.166,Yes
832,ES-CON JAPAN Ltd.,8892.T,16.5,0.207,0.076,No
833,Link-U Group Inc.,4446.T,102.09,0.975,1.386,Yes
834,"CyberBuzz, Inc.",7069.T,52.49,0.578,0.313,Yes
835,"PS Construction Co., Ltd.",1871.T,46.05,0.518,0.148,No
836,"Kaneko Seeds Co., Ltd.",1376.T,15.01,0.19,0.119,Yes
837,"Daifuku Co., Ltd.",6383.T,37.64,0.437,1.077,Yes
838,"HIRANO TECSEED Co.,Ltd.",6245.T,26.64,0.323,0.539,Yes
839,SOMAR Corporation,8152.T,50.66,0.564,0.624,Yes
840,"LIKE, Inc.",2462.T,8.12,0.107,0.018,Yes
841,AMIYA Corporation,4258.T,31.96,0.382,0.255,Yes
842,"Howa Machinery, Ltd.",6203.T,57.91,0.634,1.388,Yes
843,"Avantia Co., Ltd.",8904.T,7.5,0.099,0.017,No
844,"Konoshima Chemical Co.,Ltd.",4026.T,26.73,0.326,0.402,Yes
845,"BENEFIT JAPAN Co., Ltd.",3934.T,33.25,0.396,0.491,Yes
846,Green Monster Inc.,157A.T,78.32,0.808,0.198,No
847,"Takachiho Koheki Co.,Ltd.",2676.T,12.05,0.156,0.121,Yes
848,"Taiyo Kisokogyo Co.,Ltd.",1758.T,15.29,0.196,0.122,Yes
849,"Asahi Diamond Industrial Co., Ltd.",6140.T,97.39,0.957,1.278,Yes
850,"Meiji Shipping Group Co., Ltd.",9115.T,93.41,0.932,1.669,No
851,JTEC Corporation,2479.T,10.49,0.138,0.009,Yes
852,"Bell-Park Co.,Ltd.",9441.T,21.55,0.272,0.322,No
853,"Medical System Network Co., Ltd.",4350.T,10.57,0.14,0.198,No
854,"Naigai Co.,Ltd.",8013.T,22.16,0.28,0.027,Yes
855,"ZERO Co., Ltd.",9028.T,24.39,0.305,0.138,Yes
856,"UCHIYAMA HOLDINGS Co.,Ltd.",6059.T,12.88,0.169,0.165,Yes
857,Tradia Corporation,9365.T,12.3,0.162,0.032,Yes
858,"Tanseisha Co., Ltd.",9743.T,18.54,0.239,0.087,No
859,Business Brain Showa-Ota Inc.,9658.T,20.7,0.264,0.01,Yes
860,ZACROS Corporation,7917.T,36.12,0.435,0.478,Yes
861,"Komatsu Wall Industry Co., Ltd.",7949.T,17.67,0.229,0.041,Yes
862,"Di-Nikko Engineering Co., Ltd.",6635.T,41.86,0.496,0.794,Yes
863,"NISSHIN GROUP HOLDINGS Company, Limited",8881.T,24.26,0.307,0.14,No
864,"Faltec Co., Ltd.",7215.T,21.98,0.281,0.426,Yes
865,"IDEA Consultants,Inc.",9768.T,28.82,0.36,0.059,Yes
866,"Fuji Latex Co., Ltd.",5199.T,6.83,0.093,0.051,No
867,"OAT Agrio Co., Ltd.",4979.T,26.56,0.335,0.499,No
868,"Maruzen Co., Ltd.",5982.T,16.0,0.211,0.137,No
869,"Ajinomoto Co., Inc.",2802.T,50.22,0.586,1.142,Yes
870,"TENPOS HOLDINGS Co.,Ltd.",2751.T,10.25,0.139,0.015,No
871,"Broad-minded Co.,Ltd.",7343.T,13.77,0.184,0.106,Yes
872,Ichigo Office REIT Investment Corporation,8975.T,10.39,0.141,0.098,Yes
873,"Nippon Ceramic Co., Ltd.",6929.T,17.13,0.226,0.435,Yes
874,Kurogane Kosakusho Ltd.,7997.T,10.79,0.146,0.209,Yes
875,"Akatsuki Eazima Co., Ltd.",1997.T,20.41,0.266,0.032,Yes
876,"Noevir Holdings Co., Ltd.",4928.T,12.53,0.169,0.198,No
877,ALPHA Corporation,3434.T,10.72,0.146,0.157,Yes
878,AGC Inc.,5201.T,38.2,0.47,0.843,Yes
879,Delsole Corporation,2876.T,10.85,0.148,0.182,No
880,DMW Corporation,6365.T,13.19,0.179,0.026,No
881,Kitagawa Corporation,6317.T,19.93,0.263,0.304,Yes
882,"Hokkaido Coca-Cola Bottling Co.,Ltd.",2573.T,11.83,0.162,0.022,No
883,"Daiseki Co.,Ltd.",9793.T,17.37,0.232,0.148,Yes
884,Alfresa Holdings Corporation,2784.T,13.59,0.185,0.131,No
885,"TOMY Company, Ltd.",7867.T,26.04,0.338,0.267,Yes
886,Bic Camera Inc.,3048.T,14.64,0.199,0.067,No
887,Sanix Holdings Incorporated,4651.T,19.8,0.263,0.168,No
888,"Sintokogio,Ltd.",6339.T,34.59,0.436,0.866,Yes
889,"Karadanote, Inc.",4014.T,16.55,0.223,0.239,Yes
890,"Azplanning Co.,Ltd.",3490.T,8.09,0.114,0.091,No
891,"Sakai Heavy Industries, Ltd.",6358.T,8.61,0.121,0.096,Yes
892,"Waida Mfg. Co.,Ltd.",6158.T,21.41,0.286,0.379,Yes
893,"Heiwa Paper Co.,Ltd.",9929.T,8.88,0.125,0.127,Yes
894,Yokogawa Electric Corporation,6841.T,35.47,0.451,0.748,Yes
895,"Kobayashi Pharmaceutical Co., Ltd.",4967.T,9.76,0.137,0.123,No
896,"Intrance Co., Ltd.",3237.T,37.76,0.476,0.357,Yes
897,Ai Holdings Corporation,3076.T,14.79,0.204,0.015,No
898,"Tokyo Tekko Co., Ltd.",5445.T,12.71,0.177,0.163,No
899,ASUA Inc.,246A.T,56.33,0.671,0.505,Yes
900,Espec Corp.,6859.T,29.27,0.383,0.974,Yes
901,SALA Corporation,2734.T,21.46,0.289,0.103,Yes
902,"Daito Pharmaceutical Co.,Ltd.",4577.T,15.44,0.213,0.179,No
903,Kanadevia Corporation,7004.T,27.98,0.368,0.886,Yes
904,Disco Corporation,6146.T,59.92,0.71,1.318,Yes
905,"Harima-Kyowa Co.,LTD.",7444.T,7.35,0.106,0.035,Yes
906,Lonseal Corporation,4224.T,20.46,0.279,0.413,Yes
907,"Wakita & Co.,LTD.",8125.T,15.58,0.217,0.171,No
908,Aichi Corporation,6345.T,13.56,0.191,0.099,Yes
909,Kogi Corporation,5603.T,10.88,0.155,0.274,No
910,Estic Corporation,6161.T,7.91,0.114,0.211,Yes
911,"Daisho Co.,Ltd.",2816.T,1.25,0.019,0.023,No
912,Unipres Corporation,5949.T,15.49,0.218,0.043,Yes
913,Focus Systems Corporation,4662.T,12.68,0.181,0.186,No
914,JTEC Corporation,3446.T,78.78,0.9,1.48,Yes
915,Life Corporation,8194.T,12.12,0.174,0.083,Yes
916,"Shizuoka Gas Co., Ltd.",9543.T,23.73,0.325,0.128,No
917,"SK-Electronics CO.,LTD.",6677.T,20.33,0.283,0.517,Yes
918,FP Corporation,7947.T,18.5,0.26,0.302,Yes
919,"Central Security Patrols Co., Ltd.",9740.T,14.96,0.214,0.167,No
920,"DeNA Co., Ltd.",2432.T,18.82,0.266,0.508,Yes
921,"Access Group Holdings Co., Ltd.",7042.T,32.99,0.443,0.149,No
922,"Premium Water Holdings,Inc.",2588.T,19.85,0.28,0.141,Yes
923,TODA KOGYO CORP.,4100.T,58.51,0.723,1.071,Yes
924,Paraca Inc.,4809.T,3.54,0.054,0.117,No
925,"Microwave Chemical Co., Ltd.",9227.T,70.31,0.839,0.751,Yes
926,Seiryo Electric Corporation,4341.T,20.09,0.285,0.449,Yes
927,Inter Action Corporation,7725.T,38.43,0.509,0.827,Yes
928,Mitsuchi Corporation,3439.T,12.55,0.184,0.131,Yes
929,inspec Inc.,6656.T,67.07,0.81,0.876,Yes
930,"SHO-BOND Holdings Co.,Ltd.",1414.T,10.91,0.161,0.092,No
931,"Santen Pharmaceutical Co., Ltd.",4536.T,22.38,0.315,0.003,No
932,"Sinanen Holdings Co., Ltd.",8132.T,25.18,0.351,0.346,No
933,"Kamigumi Co., Ltd.",9364.T,14.44,0.21,0.028,No
934,System Integrator Corp.,3826.T,19.76,0.282,0.516,Yes
935,ENDO Lighting Corporation,6932.T,29.35,0.405,0.364,Yes
936,"Seiwa Electric Mfg. Co., Ltd.",6748.T,15.43,0.225,0.264,Yes
937,Mazda Motor Corporation,7261.T,27.04,0.376,0.398,Yes
938,"Hoshi Iryo-Sanki Co., Ltd.",7634.T,11.11,0.165,0.288,No
939,Tokai Senko K.K.,3577.T,8.95,0.134,0.003,Yes
940,Dkk-Toa Corporation,6848.T,8.79,0.132,0.163,Yes
941,"Nissei ASB Machine Co., Ltd.",6284.T,45.37,0.594,0.928,Yes
942,"Shionogi & Co., Ltd.",4507.T,18.47,0.267,0.081,No
943,"Osaki Electric Co., Ltd.",6644.T,40.76,0.545,0.391,Yes
944,Sumida Corporation,6817.T,24.99,0.354,0.749,Yes
945,"Imagineer Co.,Ltd.",4644.T,4.35,0.067,0.076,Yes
946,"Ikegami Tsushinki Co., Ltd.",6771.T,25.42,0.36,0.326,Yes
947,"Mitsui High-tec, Inc.",6966.T,60.73,0.765,1.36,Yes
948,I.A Group Corporation,7509.T,15.69,0.233,0.184,Yes
949,"Fujisan Magazine Service Co., Ltd.",3138.T,17.36,0.256,0.083,Yes
950,"Ogura Clutch Co.,Ltd.",6408.T,19.21,0.281,0.378,No
951,"BASE,Inc.",4477.T,22.79,0.33,0.084,No
952,"Eidai Co.,Ltd.",7822.T,12.56,0.189,0.198,Yes
953,"Yuken Kogyo Co., Ltd.",6393.T,8.47,0.13,0.012,No
954,"eREX Co.,Ltd.",9517.T,37.44,0.514,0.887,No
955,"Kohsai Co.,Ltd.",7878.T,74.26,0.909,0.465,Yes
956,E J Holdings Inc.,2153.T,13.81,0.208,0.044,No
957,"KNC Laboratories Co., Ltd.",6568.T,13.81,0.209,0.294,Yes
958,Yasunaga Corporation,7271.T,42.01,0.571,0.884,Yes
959,Oji Holdings Corporation,3861.T,15.35,0.231,0.045,No
960,JCU Corporation,4975.T,40.84,0.56,1.292,Yes
961,"Fuji Pharma Co., Ltd.",4554.T,26.16,0.378,0.103,Yes
962,"Timee, Inc.",215A.T,33.65,0.474,0.016,No
963,"Vt Holdings Co.,Ltd.",7593.T,15.93,0.24,0.015,No
964,"Taihei Dengyo Kaisha, Ltd.",1968.T,32.64,0.462,0.403,Yes
965,Tomoegawa Corporation,3878.T,24.56,0.358,0.586,Yes
966,BANDAI NAMCO Holdings Inc.,7832.T,27.1,0.392,0.161,No
967,"Daiichi Co.,Ltd.",7643.T,9.35,0.145,0.159,Yes
968,"Gourmet Kineya Co.,Ltd.",9850.T,3.92,0.062,0.017,No
969,"Ohmoriya Co.,Ltd.",2917.T,3.29,0.053,0.035,Yes
970,S Foods Inc.,2292.T,15.33,0.234,0.144,No
971,"Mori-Gumi Co., Ltd.",1853.T,5.8,0.092,0.092,Yes
972,"Sansan, Inc.",4443.T,43.19,0.596,0.17,No
973,TechMatrix Corporation,3762.T,24.26,0.359,0.243,No
974,"JAPAN MATERIAL Co., Ltd.",6055.T,41.84,0.581,1.386,Yes
975,"Odakyu Electric Railway Co., Ltd.",9007.T,11.54,0.18,0.023,No
976,"Simplex Holdings, Inc.",4373.T,28.03,0.409,0.006,No
977,"Hatsuho Shouji Co.,Ltd.",7425.T,16.38,0.251,0.014,No
978,CYBERDYNE Inc.,7779.T,54.54,0.728,0.94,Yes
979,"KSK Co.,Ltd.",9687.T,21.0,0.315,0.178,Yes
980,"Kawasaki & Co., Ltd.",3045.T,3.92,0.063,0.029,Yes
981,"Nihon Trim Co., Ltd.",6788.T,12.71,0.198,0.216,Yes
982,"Anrakutei Co., Ltd.",7562.T,5.76,0.092,0.094,Yes
983,"Valor Holdings Co., Ltd.",9956.T,20.14,0.305,0.087,Yes
984,ASICS Corporation,7936.T,27.03,0.399,0.544,Yes
985,Dentsu Group Inc.,4324.T,20.93,0.316,0.135,No
986,"GMO internet group, Inc.",9449.T,29.95,0.438,0.477,No
987,Key Coffee Inc.,2594.T,3.58,0.058,0.032,No
988,NS Solutions Corporation,2327.T,18.57,0.284,0.079,No
989,"Medikit Co.,Ltd.",7749.T,6.99,0.112,0.189,No
990,"Titan Kogyo, Ltd.",4098.T,48.13,0.662,0.286,Yes
991,KITZ Corporation,6498.T,28.92,0.427,0.943,Yes
992,Yokogawa Bridge Holdings Corp.,5911.T,8.49,0.137,0.079,No
993,ASIRO Inc.,7378.T,30.02,0.444,0.221,No
994,"Giken Holdings Co., Ltd.",1443.T,25.36,0.382,0.195,Yes
995,"Nissin Foods Holdings Co.,Ltd.",2897.T,10.98,0.175,0.004,No
996,"Shigematsu Works Co., Ltd.",7980.T,11.06,0.177,0.158,No
997,Nippon Steel Corporation,5401.T,16.47,0.258,0.114,No
998,"GMO Payment Gateway, Inc.",3769.T,19.99,0.309,0.269,No
999,Japan Data Science Consortium Co.Ltd.,4418.T,69.01,0.905,0.768,Yes
1000,"Quest Co., Ltd.",2332.T,25.85,0.392,0.734,Yes
1001,"SAKURASAKU PLUS,Co.,Ltd.",7097.T,16.92,0.266,0.144,Yes
1002,"Nitto Fuji Flour Milling Co.,Ltd.",2003.T,5.77,0.095,0.201,No
1003,"NISSO HOLDINGS Co., Ltd",9332.T,12.52,0.2,0.084,No
1004,Olympus Corporation,7733.T,22.85,0.351,0.104,No
1005,"eGuarantee, Inc.",8771.T,12.56,0.201,0.065,No
1006,"Keiyo Gas Co., Ltd.",9539.T,18.0,0.282,0.363,Yes
1007,"Brains Technology, Inc.",4075.T,48.51,0.683,1.141,No
1008,"TBS Holdings,Inc.",9401.T,10.27,0.167,0.015,Yes
1009,"CYND Co., Ltd.",4256.T,29.85,0.449,0.064,Yes
1010,Terminalcare Support Institute Inc.,7362.T,5.43,0.09,0.066,Yes
1011,Entrust Inc.,7191.T,11.82,0.191,0.043,Yes
1012,freee K.K.,4478.T,64.63,0.868,0.325,No
1013,Seikagaku Corporation,4548.T,13.96,0.225,0.083,Yes
1014,Nohmi Bosai Ltd.,6744.T,24.5,0.378,0.308,Yes
1015,"TBK Co., Ltd.",7277.T,15.51,0.248,0.078,Yes
1016,Danto Holdings Corporation,5337.T,42.7,0.621,0.835,Yes
1017,"ULVAC, Inc.",6728.T,36.84,0.547,1.231,Yes
1018,Asagami Corporation,9311.T,17.42,0.278,0.032,Yes
1019,Tosei Corporation,8923.T,11.12,0.182,0.065,No
1020,Riskmonster.com,3768.T,13.11,0.214,0.058,No
1021,"Ohba Co., Ltd.",9765.T,7.81,0.13,0.034,Yes
1022,"Onoken Co., Ltd.",7414.T,7.47,0.125,0.05,No
1023,"Careerlink Co., Ltd.",6070.T,14.0,0.228,0.097,No
1024,Fixstars Corporation,3687.T,106.57,1.296,1.87,Yes
1025,"T.Kawabe & Co., Ltd.",8123.T,9.46,0.157,0.002,Yes
1026,"Create SD Holdings Co., Ltd.",3148.T,6.23,0.105,0.069,No
1027,"Terasaki Electric Co.,Ltd.",6637.T,34.03,0.514,0.415,Yes
1028,"Ito En, Ltd.",25935.T,1.88,0.032,0.042,No
1029,"Tokyo Kikai Seisakusho, Ltd.",6335.T,33.66,0.511,0.742,Yes
1030,"Data Horizon Co.,Ltd.",3628.T,60.79,0.846,0.257,Yes
1031,Shimadzu Corporation,7701.T,15.5,0.254,0.443,Yes
1032,Almedio Inc.,7859.T,47.82,0.695,0.439,No
1033,GNI Group Ltd.,2160.T,25.55,0.402,0.339,Yes
1034,"Fuso Pharmaceutical Industries,Ltd.",4538.T,11.9,0.198,0.118,No
1035,Zoa Corporation,3375.T,17.68,0.287,0.013,Yes
1036,Daicel Corporation,4202.T,19.94,0.322,0.489,Yes
1037,"MODEC, Inc.",6269.T,58.99,0.83,0.785,No
1038,Happinet Corporation,7552.T,21.68,0.348,0.116,Yes
1039,Business Engineering Corporation,4828.T,32.83,0.506,0.442,No
1040,"Fabrica Holdings Co., Ltd.",4193.T,7.75,0.132,0.01,No
1041,Ai Fusion Capital Group Corp.,254A.T,24.96,0.397,0.841,No
1042,"Seibu Giken Co.,Ltd.",6223.T,36.32,0.556,0.882,Yes
1043,"Cosel Co., Ltd.",6905.T,29.91,0.473,1.121,Yes
1044,"Serendip Holdings Co.,Ltd.",7318.T,66.6,0.94,2.092,Yes
1045,Smile Holdings Inc.,7084.T,26.13,0.423,0.445,No
1046,"Makiya Co., Ltd.",9890.T,18.03,0.302,0.102,Yes
1047,Kraftia Corporation,1959.T,24.98,0.408,0.765,Yes
1048,Makita Corporation,6586.T,20.35,0.339,0.637,Yes
1049,Morita Holdings Corporation,6455.T,12.31,0.212,0.048,No
1050,Fujipream Corporation,4237.T,16.99,0.287,0.18,Yes
1051,"K Pharma,Inc.",4896.T,25.1,0.411,0.003,Yes
1052,BRANU Inc.,460A.T,51.99,0.775,0.815,Yes
1053,Computer Engineering & Consulting Ltd.,9692.T,16.4,0.278,0.279,No
1054,Axial Retailing Inc.,8255.T,15.88,0.27,0.343,No
1055,"Kohnan Shoji Co., Ltd.",7516.T,13.55,0.233,0.037,No
1056,WILLPLUS Holdings Corporation,3538.T,8.37,0.147,0.128,No
1057,Teikoku Corporation,6333.T,15.2,0.261,0.291,Yes
1058,"Cyber Security Cloud, Inc.",4493.T,15.07,0.259,0.156,Yes
1059,Organo Corporation,6368.T,29.09,0.474,1.078,Yes
1060,"Tohoku Chemical Co., Ltd.",7446.T,18.94,0.322,0.395,Yes
1061,Fujitsu Limited,6702.T,18.97,0.323,0.128,Yes
1062,"Hankyu Hanshin Holdings, Inc.",9042.T,11.92,0.209,0.118,No
1063,JFLA Holdings Inc.,3069.T,11.05,0.195,0.063,No
1064,"Kanamic Network Co.,LTD",3939.T,17.99,0.309,0.088,Yes
1065,"Tanaka Seimitsu Kogyo Co., Ltd.",7218.T,13.2,0.231,0.069,Yes
1066,"Alsok Co.,Ltd.",2331.T,14.34,0.251,0.4,No
1067,"Art Vivant Co., Ltd.",7523.T,12.05,0.213,0.241,Yes
1068,"Sekichu Co., Ltd.",9976.T,3.83,0.07,0.016,Yes
1069,Transgenic Group Inc.,2342.T,92.29,1.26,0.719,No
1070,"Astena Holdings Co., Ltd.",8095.T,11.22,0.201,0.015,Yes
1071,Look Holdings Incorporated,8029.T,6.21,0.114,0.121,Yes
1072,"JK Holdings Co., Ltd.",9896.T,11.87,0.212,0.058,Yes
1073,Enigmo Inc.,3665.T,14.3,0.254,0.034,Yes
1074,Osaka Yuka Industry Ltd.,4124.T,11.11,0.2,0.4,No
1075,"Chori Co., Ltd.",8014.T,14.74,0.262,0.192,Yes
1076,Tsuburaya Fields Holdings Inc.,2767.T,53.71,0.83,0.948,No
1077,KVK Corporation,6484.T,7.31,0.134,0.121,Yes
1078,Finatext Holdings Ltd.,4419.T,23.12,0.398,0.011,No
1079,UNIVA Oak Holdings Limited,3113.T,15.52,0.276,0.211,No
1080,eole Inc.,2334.T,56.21,0.863,0.037,Yes
1081,"H.U. Group Holdings, Inc.",4544.T,10.44,0.19,0.196,Yes
1082,"Mimaki Engineering Co., Ltd.",6638.T,22.73,0.394,0.216,Yes
1083,"Hokuriku Gas Co.,Ltd.",9537.T,20.5,0.358,0.04,No
1084,"Fuji Seiki Co.,Ltd.",6400.T,15.3,0.273,0.324,Yes
1085,"Hoosiers Holdings Co., Ltd.",3284.T,7.88,0.146,0.006,No
1086,Property Technologies Inc.,5527.T,14.66,0.264,0.179,Yes
1087,"Wealth Management, Inc.",3772.T,5.21,0.098,0.076,Yes
1088,"Chichibu Railway Co., Ltd.",9012.T,3.54,0.067,0.022,No
1089,ARGO GRAPHICS Inc.,7595.T,20.47,0.361,0.131,No
1090,"Nxera Pharma Co., Ltd.",4565.T,27.29,0.47,0.545,Yes
1091,"Nakakita Seisakusho Co., Ltd.",6496.T,24.76,0.433,0.416,Yes
1092,Nulab Inc.,5033.T,21.82,0.386,0.275,Yes
1093,Industrial & Infrastructure Fund Investment Corporation,3249.T,7.51,0.141,0.152,Yes
1094,"UNIVERSAL ENGEISHA Co., Ltd.",6061.T,14.71,0.268,0.058,No
1095,"Artner Co., Ltd.",2163.T,5.42,0.103,0.072,Yes
1096,"Nishio Holdings Co., Ltd.",9699.T,11.33,0.212,0.119,No
1097,Cross Plus Inc.,3320.T,8.14,0.155,0.102,Yes
1098,"PRONI, Inc.",479A.T,45.81,0.756,0.468,Yes
1099,"France Bed Holdings Co., Ltd.",7840.T,4.94,0.095,0.014,Yes
1100,"Nippon Fine Chemical Co., Ltd.",4362.T,13.43,0.251,0.082,Yes
1101,Azbil Corporation,6845.T,15.3,0.284,0.555,Yes
1102,"Nitchitsu Co., Ltd.",7021.T,16.49,0.305,0.019,No
1103,Anabuki Kosan Inc.,8928.T,17.73,0.326,0.296,Yes
1104,"Medley, Inc.",4480.T,30.66,0.538,0.184,No
1105,Y's Table Corporation,2798.T,2.12,0.042,0.031,No
1106,Branding Technology Inc.,7067.T,11.08,0.21,0.047,Yes
1107,Tsumura & Co.,4540.T,8.56,0.164,0.029,Yes
1108,"Hub Co., Ltd.",3030.T,15.41,0.287,0.014,Yes
1109,"gooddays holdings, Inc.",4437.T,23.89,0.431,0.082,Yes
1110,"Doshisha Co.,Ltd.",7483.T,13.36,0.252,0.017,Yes
1111,"Subaru Enterprise Co., Ltd.",9632.T,15.13,0.283,0.029,Yes
1112,TANAKEN Inc.,1450.T,10.11,0.194,0.111,No
1113,"Riken Keiki Co., Ltd.",7734.T,18.56,0.346,0.999,Yes
1114,"Toubujyuhan Co.,Ltd.",3297.T,8.78,0.17,0.17,No
1115,"Sun-Life Holding Co.,Ltd.",7040.T,4.89,0.097,0.043,Yes
1116,"Japan Lifeline Co., Ltd.",7575.T,14.78,0.28,0.168,No
1117,"Kaname Kogyo Co.,Ltd.",6566.T,19.93,0.371,0.392,Yes
1118,"FB Care Service Co.,Ltd.",9220.T,7.62,0.15,0.228,Yes
1119,"Cube Co., Ltd.",7112.T,20.02,0.374,0.128,No
1120,"Tetsujin Holdings, Inc.",2404.T,10.19,0.198,0.128,Yes
1121,Realgate Inc.,5532.T,31.21,0.56,1.065,Yes
1122,"Wood One Co.,Ltd.",7898.T,12.53,0.242,0.003,Yes
1123,"TOP CULTURE Co.,Ltd.",7640.T,18.15,0.342,0.287,No
1124,"BRUNO,Inc.",3140.T,3.92,0.079,0.051,Yes
1125,"Daiko Tsusan Co.,Ltd.",7673.T,11.58,0.225,0.194,Yes
1126,NH Foods Ltd.,2282.T,14.65,0.281,0.407,No
1127,"GreenBee, Inc.",3913.T,25.62,0.473,0.403,No
1128,Felissimo Corporation,3396.T,5.12,0.103,0.149,No
1129,"Sukegawa Electric Co., Ltd.",7711.T,51.95,0.876,1.197,Yes
1130,Wesco Holdings Inc.,6091.T,9.37,0.185,0.169,Yes
1131,"Asahi Printing Co.,Ltd.",3951.T,3.21,0.065,0.054,No
1132,"Okura Industrial Co., Ltd.",4221.T,13.79,0.269,0.009,No
1133,"WDB Holdings Co., Ltd.",2475.T,12.7,0.25,0.026,Yes
1134,"J Frontier Co.,Ltd.",2934.T,22.77,0.431,0.277,Yes
1135,"Treasure Factory Co.,LTD.",3093.T,18.14,0.35,0.399,Yes
1136,SHOBIDO Corporation,7819.T,33.51,0.611,0.198,Yes
1137,Taiheiyo Cement Corporation,5233.T,23.19,0.44,0.828,Yes
1138,"Nittoku Co.,Ltd.",6145.T,20.6,0.395,0.982,Yes
1139,Zenken Corporation,7371.T,13.07,0.259,0.137,No
1140,"LAND Co., Ltd.",8918.T,15.9,0.312,0.355,Yes
1141,"Kowa Co.,Ltd.",7807.T,6.17,0.126,0.097,No
1142,"Shikino High-Tech CO.,LTD.",6614.T,23.32,0.445,0.63,Yes
1143,Kawaden Corporation,6648.T,35.76,0.652,0.563,Yes
1144,miratap inc.,3187.T,23.61,0.454,0.401,No
1145,FDK Corporation,6955.T,23.8,0.458,0.473,Yes
1146,Ridge-i Inc.,5572.T,25.39,0.486,0.727,Yes
1147,Tanabe Engineering Corporation,1828.T,13.21,0.266,0.303,Yes
1148,"Kokuyo Co., Ltd.",7984.T,10.9,0.222,0.136,No
1149,"CREEK & RIVER Co., Ltd.",4763.T,8.36,0.173,0.175,No
1150,Hakuten Corporation,2173.T,23.89,0.465,0.157,No
1151,Amatei Incorporated,5952.T,12.05,0.246,0.138,Yes
1152,"giftee Group, Inc.",590A.T,21.13,0.418,0.515,No
1153,"HIMARAYA Co.,Ltd.",7514.T,2.62,0.056,0.014,No
1154,"Morishita Jintan Co., Ltd.",4524.T,4.6,0.098,0.046,No
1155,Asanuma Corporation,1852.T,15.35,0.312,0.067,No
1156,"MS&Consulting Co., Ltd.",6555.T,7.77,0.164,0.188,Yes
1157,Itoki Corporation,7972.T,27.36,0.535,0.372,Yes
1158,"Nitto Seimo Co., Ltd.",3524.T,5.74,0.123,0.06,Yes
1159,TOWA Corporation,6315.T,36.54,0.693,1.517,Yes
1160,"NS Tool Co., Ltd.",6157.T,13.43,0.278,0.165,Yes
1161,fonfun corporation,2323.T,38.21,0.722,0.08,No
1162,Genki Global Dining Concepts Corporation,9828.T,10.93,0.229,0.281,No
1163,"SBI Leasing Services Co., Ltd.",5834.T,17.7,0.362,0.163,Yes
1164,"Katakura Industries Co.,Ltd.",3001.T,17.0,0.349,0.256,No
1165,"Ichikura Co., Ltd.",6186.T,2.57,0.056,0.022,Yes
1166,"Maruzen Showa Unyu Co., Ltd.",9068.T,10.81,0.23,0.008,No
1167,"Japan Business Systems, Inc.",5036.T,17.48,0.362,0.027,No
1168,"PARK24 Co., Ltd.",4666.T,12.18,0.258,0.225,Yes
1169,Yellow Hat Ltd.,9882.T,10.04,0.215,0.089,Yes
1170,SANKEI REAL ESTATE Inc.,2972.T,15.73,0.329,0.012,Yes
1171,"Mizuho Leasing Company, Limited",8425.T,10.65,0.228,0.144,No
1172,Super Tool Co. Ltd.,5990.T,2.04,0.045,0.008,No
1173,"Nippon Prologis REIT, Inc.",3283.T,6.92,0.15,0.118,Yes
1174,"HITO-TO-HITO Holdings Co.,Ltd.",549A.T,11.83,0.254,0.55,No
1175,Daiwa Ltd.,6459.T,13.03,0.28,0.132,No
1176,Toyo Kanetsu K.K.,6369.T,14.49,0.309,0.032,Yes
1177,First-corporation Inc.,1430.T,12.44,0.268,0.04,Yes
1178,"Tokyo Sangyo Co., Ltd.",8070.T,17.57,0.371,0.031,Yes
1179,Ya-Man Ltd.,6630.T,6.27,0.139,0.01,Yes
1180,"Prima Meat Packers, Ltd.",2281.T,7.77,0.171,0.07,No
1181,"Chuo Gyorui Co., Ltd.",8030.T,9.35,0.206,0.146,No
1182,"Skylark Holdings Co., Ltd.",3197.T,22.47,0.47,0.555,No
1183,"Tensho Electric Industries Co., Ltd.",6776.T,6.86,0.154,0.019,Yes
1184,ibis inc.,9343.T,11.87,0.261,0.199,No
1185,"Segue Group Co., Ltd.",3968.T,20.81,0.441,0.148,No
1186,Tekscend Photomask Corp.,429A.T,25.32,0.529,1.34,Yes
1187,"Fuji Kyuko Co., Ltd.",9010.T,18.51,0.397,0.084,No
1188,"Kyoritsu Maintenance Co., Ltd.",9616.T,14.49,0.317,0.047,No
1189,"Nomura Micro Science Co., Ltd.",6254.T,28.28,0.587,1.484,Yes
1190,"FreakOut Holdings, inc.",6094.T,27.69,0.576,0.258,Yes
1191,Sanko Gosei Ltd.,7888.T,20.45,0.439,0.016,Yes
1192,"Nakamuraya Co., Ltd.",2204.T,5.31,0.121,0.108,No
1193,"Japan Animal Referral Medical Center Co., Ltd.",6039.T,24.91,0.527,0.216,Yes
1194,"Saison Technology Co., Ltd.",9640.T,11.4,0.255,0.342,No
1195,"Taisei Lamick Group Head Quarter & Innovation Co.,Ltd.",4994.T,11.45,0.258,0.007,Yes
1196,AGEHA Inc.,9330.T,7.14,0.164,0.045,No
1197,"MEISEI INDUSTRIAL Co.,Ltd.",1976.T,15.27,0.339,0.307,Yes
1198,Takatori Corporation,6338.T,24.07,0.516,1.179,Yes
1199,"Maeda Kosen Co., Ltd.",7821.T,12.24,0.275,0.001,No
1200,"Fuji Co., Ltd.",8278.T,3.91,0.092,0.169,No
1201,"GMO Financial Gate, Inc.",4051.T,10.94,0.249,0.294,Yes
1202,Nomura Corporation,7131.T,21.04,0.462,0.386,Yes
1203,"Showa Chemical Industry Co., Ltd.",4990.T,7.79,0.182,0.027,Yes
1204,"Wakamoto Pharmaceutical Co.,Ltd.",4512.T,13.88,0.318,0.257,No
1205,"Meiji Electric Industries Co.,Ltd.",3388.T,11.43,0.265,0.537,Yes
1206,"DIGITAL HEARTS HOLDINGS Co., Ltd.",3676.T,20.6,0.461,0.077,No
1207,"Odawara Auto-Machine Mfg. Co., Ltd.",7314.T,6.16,0.146,0.007,Yes
1208,"Pickles Holdings Co.,Ltd.",2935.T,8.93,0.21,0.244,No
1209,"Koike Sanso Kogyo Co.,Ltd.",6137.T,18.8,0.425,0.48,Yes
1210,"baudroie,inc.",4413.T,16.49,0.376,0.371,Yes
1211,Sonec Corporation,1768.T,26.44,0.582,0.199,Yes
1212,Nippon Sanso Holdings Corporation,4091.T,15.36,0.354,0.472,Yes
1213,"SBI Global Asset Management Co., Ltd.",4765.T,6.59,0.158,0.115,No
1214,"Capital Asset Planning, Inc.",3965.T,7.23,0.173,0.162,No
1215,AS ONE Corporation,7476.T,5.76,0.139,0.038,No
1216,Alinco Incorporated,5933.T,7.62,0.183,0.041,Yes
1217,"Value HR Co.,Ltd.",6078.T,9.2,0.219,0.07,Yes
1218,"Dualtap Co., Ltd.",3469.T,5.99,0.145,0.072,Yes
1219,BEAUTY GARAGE Inc.,3180.T,11.86,0.28,0.167,No
1220,rakumo Inc.,4060.T,12.18,0.288,0.316,Yes
1221,AnyMind Group Inc.,5027.T,34.35,0.745,0.029,Yes
1222,WingArc1st Inc.,4432.T,20.49,0.469,0.533,No
1223,Sanki Service Corporation,6044.T,15.92,0.373,0.171,Yes
1224,Japan Engine Corporation,6016.T,27.69,0.62,0.099,Yes
1225,Moriya Corporation,1798.T,16.38,0.384,0.584,Yes
1226,Dawn Corp.,2303.T,9.04,0.219,0.21,No
1227,Hoshizaki Corporation,6465.T,6.62,0.162,0.134,Yes
1228,"Ensuiko Sugar Refining Co., Ltd.",2112.T,11.98,0.289,0.086,Yes
1229,Sapeet Inc.,269A.T,18.26,0.429,0.19,Yes
1230,"Festaria Holdings Co., Ltd.",2736.T,5.63,0.14,0.027,No
1231,Tri Chemical Laboratories Inc.,4369.T,24.51,0.563,1.325,Yes
1232,Japan Metropolitan Fund Investment Corporation,8953.T,5.79,0.145,0.171,Yes
1233,Hennge K.K.,4475.T,21.46,0.506,0.009,Yes
1234,Choei Inc.,2993.T,8.35,0.208,0.039,Yes
1235,Avex Inc.,7860.T,5.86,0.147,0.219,No
1236,transcosmos inc.,9715.T,6.03,0.153,0.066,No
1237,"Hyoki Kaiun Kaisha, Ltd.",9362.T,11.69,0.291,0.369,Yes
1238,"Precision System Science Co., Ltd.",7707.T,22.94,0.547,0.225,Yes
1239,"Fuji Electric Industry Co., Ltd.",6654.T,3.88,0.1,0.17,Yes
1240,"Ship Healthcare Holdings, Inc.",3360.T,12.65,0.315,0.213,No
1241,"Glc Group,Inc.",2970.T,28.56,0.67,1.207,Yes
1242,"Nitori Holdings Co., Ltd.",9843.T,19.39,0.471,0.118,Yes
1243,Takara & Company Ltd.,7921.T,18.59,0.455,0.554,No
1244,Trusco Nakayama Corporation,9830.T,6.09,0.158,0.14,Yes
1245,"Axis Co.,Ltd.",4012.T,9.46,0.243,0.078,Yes
1246,"Sk Kaken Co.,Ltd.",4628.T,10.09,0.259,0.169,Yes
1247,"NIPPON KANZAI Holdings Co.,Ltd.",9347.T,5.81,0.152,0.215,No
1248,"Kappa Create Co., Ltd.",7421.T,6.15,0.162,0.274,No
1249,"Kawaguchi Chemical Industry Co., Ltd",4361.T,7.3,0.192,0.325,Yes
1250,M H Group Ltd.,9439.T,5.55,0.148,0.069,Yes
1251,Future Corporation,4722.T,27.67,0.676,0.619,No
1252,"Central Sports Co., Ltd.",4801.T,2.78,0.075,0.048,No
1253,"Nippon Shinyaku Co., Ltd.",4516.T,27.38,0.671,0.41,No
1254,"Mino Ceramic Co., Ltd.",5356.T,10.09,0.265,0.582,Yes
1255,en Inc.,4849.T,18.44,0.468,0.128,No
1256,"Niitaka Co., Ltd.",4465.T,7.45,0.198,0.281,Yes
1257,Core Corporation,2359.T,7.34,0.197,0.267,No
1258,NOF Corporation,4403.T,9.86,0.262,0.137,No
1259,"Micron Machinery Co., Ltd.",6159.T,11.47,0.303,0.121,Yes
1260,"Waseda Gakushukenkyukai Co.,Ltd.",5869.T,5.8,0.158,0.063,Yes
1261,"Hokuriku Electrical Construction Co.,Ltd.",1930.T,12.68,0.335,0.667,Yes
1262,"GENOVA, Inc.",9341.T,7.82,0.212,0.052,No
1263,"Arbeit-Times Co., Ltd.",2341.T,6.6,0.182,0.141,No
1264,Rinnai Corporation,5947.T,7.16,0.198,0.022,No
1265,"Quick Co.,Ltd.",4318.T,10.37,0.283,0.188,No
1266,Fuluhashi EPO Corporation,9221.T,8.51,0.234,0.221,No
1267,RaQualia Pharma Inc.,4579.T,37.7,0.929,0.69,No
1268,"Inaba Seisakusho Co., Ltd.",3421.T,5.52,0.155,0.02,Yes
1269,"I-ne CO., LTD.",4933.T,15.69,0.421,0.332,No
1270,"Platz Co., Ltd.",7813.T,7.31,0.204,0.325,Yes
1271,"H-One Co.,Ltd.",5989.T,20.72,0.548,0.667,Yes
1272,"Capcom Co., Ltd.",9697.T,14.73,0.402,0.37,No
1273,"Aiphone Co.,Ltd.",6718.T,3.71,0.106,0.001,Yes
1274,"DMG Mori Co., Ltd.",6141.T,21.08,0.561,0.546,Yes
1275,Muro Corporation,7264.T,5.34,0.152,0.023,Yes
1276,"Daihatsu Infinearth Mfg.Co.,Ltd",6023.T,21.98,0.585,0.908,Yes
1277,"Placo Co., Ltd.",6347.T,23.03,0.613,1.073,Yes
1278,"CELSYS, Inc.",3663.T,14.23,0.394,0.097,Yes
1279,TOBISHIMA HOLDINGS Inc.,256A.T,8.35,0.24,0.072,Yes
1280,"Kanematsu Engineering Co., Ltd.",6402.T,11.57,0.328,0.313,No
1281,Nippon Chuzo K. K.,5609.T,4.43,0.13,0.092,Yes
1282,"Hakuyosha Company, Ltd.",9731.T,8.19,0.236,0.249,Yes
1283,"Gakujo Co., Ltd.",2301.T,8.08,0.234,0.236,Yes
1284,"SBI Holdings, Inc.",8473.T,11.11,0.318,0.199,Yes
1285,"General Oyster, Inc.",3224.T,17.18,0.488,0.172,No
1286,"Seven & i Holdings Co., Ltd.",3382.T,6.97,0.207,0.304,No
1287,Grandy House Corporation,8999.T,6.03,0.18,0.066,No
1288,"Mitsuuroko Group Holdings Co.,Ltd.",8131.T,11.9,0.347,0.621,No
1289,Daiho Corporation,1822.T,7.24,0.215,0.112,Yes
1290,SBI ARUHI Corporation,7198.T,6.72,0.201,0.017,Yes
1291,Round One Corporation,4680.T,17.09,0.49,0.329,Yes
1292,Toshiba Tec Corporation,6588.T,15.45,0.452,0.635,Yes
1293,"Daito Trust Construction Co.,Ltd.",1878.T,8.87,0.268,0.408,No
1294,SOFT99corporation,4464.T,6.22,0.19,0.38,Yes
1295,"Shinki Bus Co.,Ltd.",9083.T,3.6,0.112,0.034,Yes
1296,"MITSUI E&S Co., Ltd.",7003.T,26.09,0.743,0.813,Yes
1297,Air Water Inc.,4088.T,9.92,0.303,0.053,Yes
1298,"Awa Paper & Technological Company, Inc.",3896.T,14.15,0.427,0.241,Yes
1299,Showa Paxxs Corporation,3954.T,8.73,0.27,0.142,No
1300,Okumura Engineering corp.,6229.T,12.72,0.393,0.259,Yes
1301,"Alpen Co.,Ltd.",3028.T,6.07,0.193,0.081,No
1302,Dream Incubator Inc.,4310.T,10.94,0.343,0.33,Yes
1303,Kitazato Corporation,368A.T,9.51,0.301,0.143,No
1304,"monoAI technology Co.,Ltd.",5240.T,34.16,0.983,1.408,No
1305,Suzuki Motor Corporation,7269.T,11.14,0.353,0.415,Yes
1306,"ABEJA, Inc.",5574.T,15.85,0.494,0.144,No
1307,"Heiwa Real Estate Co., Ltd.",8803.T,4.97,0.163,0.068,Yes
1308,"Morpho, Inc.",3653.T,26.96,0.807,0.447,Yes
1309,"Ezaki Glico Co., Ltd.",2206.T,5.97,0.195,0.026,No
1310,"Yokota Manufacturing Co., Ltd.",6248.T,6.03,0.197,0.237,No
1311,AOKI Holdings Inc.,8214.T,4.95,0.164,0.069,No
1312,"Techno Alpha Co., Ltd.",3089.T,14.38,0.459,0.872,Yes
1313,Sankyu Inc.,9065.T,8.64,0.283,0.087,Yes
1314,"Nippon Electric Glass Co., Ltd.",5214.T,18.25,0.574,0.83,Yes
1315,"Kameda Seika Co.,Ltd.",2220.T,8.12,0.267,0.275,No
1316,"Visual Processing Japan Co., Ltd.",334A.T,21.99,0.687,0.57,No
1317,KEIWA Incorporated,4251.T,7.13,0.237,0.264,Yes
1318,"Nankai Plywood Co.,Ltd.",7887.T,16.05,0.515,0.03,Yes
1319,"Prodelight Co.,Ltd.",5580.T,5.96,0.2,0.113,No
1320,"Asahimatsu Foods Co., Ltd.",2911.T,1.09,0.037,0.008,No
1321,"Globeride, Inc.",7990.T,10.96,0.36,0.296,Yes
1322,"grems,Inc.",3150.T,8.2,0.273,0.314,No
1323,"Tay Two Co., Ltd.",7610.T,8.07,0.269,0.078,Yes
1324,NEC Corporation,6701.T,12.35,0.404,0.133,Yes
1325,Mitsui Fudosan Logistics Park Inc.,3471.T,3.99,0.136,0.016,Yes
1326,Betrend Corporation,4020.T,9.44,0.314,0.149,Yes
1327,GLP J-REIT,3281.T,4.61,0.157,0.099,Yes
1328,"Ikka Holdings Co.,Ltd.",7127.T,2.58,0.089,0.137,Yes
1329,"Wacom Co., Ltd.",6727.T,10.53,0.353,0.474,Yes
1330,"Kamakura Shinsho, Ltd.",6184.T,8.7,0.294,0.052,Yes
1331,Keio Corporation,9008.T,6.35,0.218,0.138,No
1332,"Midac Holdings Co., Ltd.",6564.T,6.23,0.214,0.094,Yes
1333,Konami Group Corporation,9766.T,10.68,0.361,0.2,Yes
1334,"Yamae Group Holdings Co.,Ltd.",7130.T,5.83,0.202,0.075,Yes
1335,"Sakai Moving Service Co.,Ltd.",9039.T,3.25,0.114,0.03,Yes
1336,"Miyoshi Oil & Fat Co., Ltd.",4404.T,7.92,0.272,0.214,No
1337,"Acom Co., Ltd.",8572.T,6.23,0.216,0.062,No
1338,"Kyowa Engineering Consultants Co., Ltd.",9647.T,11.33,0.386,0.34,Yes
1339,"Tsuchiya Holdings Co., Ltd.",1840.T,5.68,0.198,0.137,Yes
1340,"Shindengen Electric Manufacturing Co.,Ltd.",6844.T,12.36,0.421,1.126,Yes
1341,"Eat & Holdings Co., Ltd.",2882.T,2.08,0.074,0.099,No
1342,Oriental Consultants Holdings Company Limited,2498.T,3.14,0.112,0.129,No
1343,"Temairazu, Inc.",2477.T,12.55,0.428,0.06,No
1344,"Nichiban Co., Ltd.",4218.T,2.86,0.103,0.095,No
1345,Nissen Inc.,6543.T,4.28,0.154,0.063,No
1346,"Sumitomo Realty & Development Co., Ltd.",8830.T,13.59,0.469,0.338,Yes
1347,PRONEXUS Inc.,7893.T,4.66,0.167,0.213,No
1348,Otake Corporation,7434.T,3.3,0.12,0.087,Yes
1349,"Satoh & Co., Ltd.",9996.T,7.67,0.275,0.294,No
1350,"Chugoku Marine Paints, Ltd.",4617.T,11.63,0.412,0.635,Yes
1351,Kadokawa Corporation,9468.T,11.75,0.421,0.83,No
1352,"Koukandekirukun, Inc.",7695.T,8.31,0.303,0.061,Yes
1353,"Sugimura Warehouse Co., Ltd.",9307.T,7.54,0.276,0.132,Yes
1354,Terumo Corporation,4543.T,8.29,0.303,0.099,Yes
1355,"Workman Co.,Ltd.",7564.T,14.66,0.528,0.656,Yes
1356,"Kantsu HD Co.,Ltd.",9326.T,7.41,0.276,0.209,No
1357,"Okamoto Machine Tool Works, Ltd.",6125.T,12.93,0.473,1.062,Yes
1358,"UOGroup CO.,LTD.",2683.T,0.69,0.027,0.007,No
1359,"Kaitori Okoku Co., Ltd.",3181.T,7.66,0.288,0.359,No
1360,"Tea Life Co., Ltd.",3172.T,1.43,0.056,0.112,Yes
1361,"Enshu Truck Co.,Ltd.",9057.T,5.02,0.194,0.15,Yes
1362,SAKURA KCS Corporation,4761.T,4.72,0.184,0.082,No
1363,"Semba Tohka Industries Co., Ltd",2916.T,1.62,0.064,0.002,No
1364,"CEDAR.Co.,Ltd.",2435.T,3.01,0.119,0.091,No
1365,"KOSE R.E. Co.,Ltd.",3246.T,4.52,0.177,0.029,Yes
1366,"Elitz Holdings Co., Ltd.",5533.T,3.3,0.13,0.09,Yes
1367,"Early Age Co., Ltd.",3248.T,2.69,0.107,0.133,No
1368,"Japan Airlines Co., Ltd.",9201.T,7.57,0.296,0.297,Yes
1369,"Toyo Drilube Co., Ltd.",4976.T,6.64,0.263,0.139,Yes
1370,TRUST Holdings Inc.,3286.T,5.46,0.22,0.019,No
1371,"Syuppin Co., Ltd.",3179.T,10.42,0.411,0.187,Yes
1372,Nareru Group Inc.,9163.T,3.16,0.129,0.149,No
1373,"Uluru.Co.,Ltd.",3979.T,6.29,0.258,0.128,No
1374,"FORLIFE Co., Ltd.",3477.T,3.22,0.135,0.078,Yes
1375,LaSalle LOGIPORT REIT,3466.T,2.84,0.119,0.006,Yes
1376,"Good Com Asset Co., Ltd.",3475.T,7.42,0.307,0.111,No
1377,YTL Corporation Berhad,1773.T,9.93,0.41,0.561,Yes
1378,"AOI Electronics Co., Ltd.",6832.T,10.69,0.445,1.024,Yes
1379,AuBEX CORPORATION,3583.T,2.62,0.114,0.155,No
1380,"Natori Co., Ltd.",2922.T,2.18,0.095,0.009,No
1381,"Asax Co., Ltd.",8772.T,5.3,0.229,0.022,No
1382,"F&M Co.,Ltd.",4771.T,6.53,0.282,0.176,Yes
1383,Create Corporation,3024.T,4.66,0.204,0.261,No
1384,"Xebio Holdings Co., Ltd.",8281.T,3.94,0.175,0.157,Yes
1385,"Nihon Kagaku Sangyo Co., Ltd.",4094.T,5.91,0.26,0.02,Yes
1386,"RIDE ON EXPRESS HOLDINGS Co., Ltd.",6082.T,1.22,0.055,0.018,No
1387,"Mitsubishi Heavy Industries, Ltd.",7011.T,10.56,0.455,0.733,Yes
1388,"HYUGA PRIMARY CARE Co.,Ltd.",7133.T,8.13,0.355,0.3,No
1389,"Karula Co.,LTD.",2789.T,1.27,0.058,0.035,No
1390,"Encourage Technologies Co., Ltd.",3682.T,3.78,0.171,0.215,No
1391,"Kawakami Paint Mfg.Co.,Ltd.",4616.T,4.99,0.224,0.09,Yes
1392,KLab Inc.,3656.T,17.96,0.768,0.754,No
1393,"DCM Holdings Co., Ltd.",3050.T,4.89,0.224,0.209,No
1394,"Quants Research Institute Holdings, Inc.",9552.T,16.42,0.716,0.554,Yes
1395,"Maxvalu Tokai Co.,Ltd.",8198.T,2.83,0.131,0.076,No
1396,ORIX JREIT Inc.,8954.T,2.99,0.139,0.133,Yes
1397,"GungHo Online Entertainment, Inc.",3765.T,4.93,0.227,0.156,No
1398,"Kuraudia Holdings Co.,Ltd.",3607.T,4.35,0.202,0.039,Yes
1399,Nidec Corporation,6594.T,11.45,0.517,0.436,Yes
1400,"Johnan Academic Preparatory Institute, Inc.",4720.T,7.03,0.324,0.206,No
1401,"JICHODO Co.,Ltd.",3597.T,2.9,0.137,0.017,Yes
1402,"Emimen Co., Ltd.",9237.T,14.98,0.672,0.432,Yes
1403,"Data Applications Company, Limited",3848.T,5.59,0.261,0.058,Yes
1404,"Yahagi Construction Co.,Ltd.",1870.T,6.76,0.316,0.094,Yes
1405,"CRG Holdings Co.,Ltd.",7041.T,8.91,0.415,0.448,No
1406,ONE CAREER Inc.,4377.T,8.24,0.388,0.14,No
1407,"NEXON Co., Ltd.",3659.T,10.51,0.49,0.582,No
1408,"LuckLand Co., Ltd.",9612.T,15.08,0.697,0.639,No
1409,AXELL Corporation,6730.T,5.44,0.263,0.6,Yes
1410,"Kyosha Co., Ltd.",6837.T,6.92,0.333,0.448,Yes
1411,Ribomic Inc.,4591.T,9.89,0.476,0.534,No
1412,"Handsman Co., Ltd.",7636.T,1.21,0.061,0.026,Yes
1413,O.B.System Inc.,5576.T,3.63,0.181,0.115,Yes
1414,"JINUSHI Co.,Ltd.",3252.T,4.19,0.209,0.061,No
1415,"Kisoji Co., Ltd.",8160.T,2.91,0.147,0.218,No
1416,Tacmina Corporation,6322.T,0.97,0.05,0.014,Yes
1417,GMO GlobalSign Holdings K.K.,3788.T,6.01,0.304,0.268,No
1418,"Emergency Assistance Japan Co., Ltd.",6063.T,3.3,0.169,0.179,Yes
1419,Institution for a Global Society Corporation,4265.T,26.53,1.237,0.685,No
1420,"Toei Animation Co.,Ltd.",4816.T,5.7,0.295,0.575,No
1421,"JINJIB Co., Ltd.",142A.T,9.73,0.499,0.431,No
1422,"Teikoku Sen-i Co., Ltd.",3302.T,4.83,0.255,0.224,Yes
1423,Akasaka Diesels Limited,6022.T,14.83,0.754,0.777,Yes
1424,"Coach A Co., Ltd.",9339.T,3.59,0.192,0.008,No
1425,"Sumitomo Pharma Co., Ltd.",4506.T,16.41,0.83,0.193,No
1426,Eslead Corporation,8877.T,6.74,0.357,0.049,No
1427,"Lilycolor Co., Ltd.",9827.T,3.53,0.19,0.139,No
1428,Area Quest Inc.,8912.T,3.78,0.205,0.316,Yes
1429,"Resorttrust, Inc.",4681.T,3.65,0.199,0.046,Yes
1430,KOSE Holdings Corporation,4922.T,5.31,0.289,0.05,Yes
1431,Sanei Ltd.,6230.T,2.67,0.147,0.068,Yes
1432,"Toyo Shutter Co., Ltd.",5936.T,1.96,0.109,0.027,Yes
1433,K.R.S. Corporation,9369.T,5.74,0.315,0.563,Yes
1434,"uSonar Co., Ltd.",431A.T,12.34,0.659,0.04,No
1435,"AP Holdings Co.,Ltd.",3175.T,1.98,0.111,0.157,Yes
1436,Rikei Corporation,8226.T,9.73,0.527,0.96,Yes
1437,"Seikitokyu Kogyo Co., Ltd.",1898.T,3.03,0.17,0.024,Yes
1438,WDI Corporation,3068.T,2.29,0.129,0.047,Yes
1439,Toyo Tire Corporation,5105.T,7.36,0.409,0.54,Yes
1440,F-Tech Inc.,7212.T,5.32,0.299,0.249,Yes
1441,Sega Sammy Holdings Inc.,6460.T,6.51,0.365,0.26,No
1442,"tripla Co., Ltd.",5136.T,7.05,0.394,0.242,No
1443,"Makuake, Inc.",4479.T,10.24,0.566,0.082,Yes
1444,"Science Arts, Inc.",4412.T,10.89,0.6,0.5,Yes
1445,Okada Aiyon Corporation,6294.T,3.9,0.222,0.143,Yes
1446,"Blue Zones Holdings Co.,Ltd.",417A.T,4.81,0.273,0.472,No
1447,"HIMACS, Ltd.",4299.T,2.83,0.163,0.065,Yes
1448,"Kuze Co., Ltd.",2708.T,3.64,0.209,0.025,Yes
1449,"BroadBand Security, Inc.",4398.T,3.12,0.183,0.228,Yes
1450,"JAIC Co.,Ltd.",7073.T,2.17,0.129,0.088,Yes
1451,"E-SUPPORTLINK, Ltd.",2493.T,1.89,0.112,0.122,No
1452,"Toho Chemical Industry Company, Limited",4409.T,2.4,0.144,0.004,Yes
1453,ONEX Corporation,5987.T,5.71,0.337,0.808,Yes
1454,"Mitsubishi Research Institute, Inc.",3636.T,2.74,0.167,0.133,No
1455,OpenDoor Inc.,3926.T,9.11,0.542,0.049,No
1456,"Yamazawa Co., Ltd.",9993.T,0.94,0.059,0.039,Yes
1457,Crops Corporation,9428.T,3.52,0.223,0.091,Yes
1458,"Daimaru Enawin Co., Ltd.",9818.T,4.58,0.289,0.246,No
1459,"Mitani Sekisan Co., Ltd.",5273.T,6.56,0.411,0.396,No
1460,"Asgent, Inc.",4288.T,11.31,0.695,0.154,Yes
1461,JALCO Holdings Inc.,6625.T,6.76,0.423,0.353,No
1462,"Tsukiji Uoichiba Company, Limited",8039.T,2.41,0.155,0.096,No
1463,"Fujishoji Co.,Ltd.",6257.T,1.46,0.094,0.058,Yes
1464,"SRA Holdings, Inc.",3817.T,2.95,0.189,0.082,No
1465,Nitto Denko Corporation,6988.T,3.92,0.251,0.354,Yes
1466,Tsuruha Holdings Inc.,3391.T,5.76,0.37,0.221,No
1467,"Nitto Kohki Co., Ltd.",6151.T,3.37,0.223,0.198,Yes
1468,"Cybozu, Inc.",4776.T,7.67,0.499,0.175,No
1469,"RENOVA, Inc.",9519.T,7.51,0.497,0.274,Yes
1470,"Keisei Electric Railway Co., Ltd.",9009.T,4.12,0.279,0.095,No
1471,"Uchida Yoko Co., Ltd.",8057.T,3.76,0.256,0.19,No
1472,Columbia Works Inc.,146A.T,7.35,0.497,0.05,Yes
1473,Consec Corporation,9895.T,1.26,0.088,0.052,Yes
1474,Ascentech K.K.,3565.T,5.99,0.414,0.179,Yes
1475,TOYOKOH Inc.,341A.T,3.71,0.259,0.455,Yes
1476,"Japan Aviation Electronics Industry, Limited",6807.T,4.24,0.297,0.265,Yes
1477,"Daikoku Denki Co., Ltd.",6430.T,3.85,0.271,0.229,No
1478,"OBIC Co.,Ltd.",4684.T,4.61,0.326,0.228,No
1479,"Towa Food Service Co., Ltd.",3329.T,0.92,0.066,0.092,No
1480,Yakiniku Sakai Holdings Inc.,2694.T,1.02,0.074,0.032,Yes
1481,"Human Creation Holdings, Inc.",7361.T,3.01,0.217,0.265,No
1482,"Japan Logistics Fund, Inc.",8967.T,2.0,0.147,0.052,Yes
1483,"Zeria Pharmaceutical Co., Ltd.",4559.T,2.54,0.187,0.023,Yes
1484,"Information Strategy and Technology Co.,Ltd.",155A.T,9.03,0.647,0.087,No
1485,"JTP Co.,Ltd.",2488.T,3.3,0.244,0.163,Yes
1486,Fujio Food Group Inc.,2752.T,1.63,0.122,0.058,No
1487,"SG Holdings Co.,Ltd.",9143.T,2.85,0.212,0.047,No
1488,Broadmedia Corporation,4347.T,4.5,0.335,0.201,No
1489,"Imperial Hotel, Ltd.",9708.T,5.05,0.375,0.308,No
1490,Artra Group Corporation,6029.T,5.93,0.442,0.076,Yes
1491,"Eiken Chemical Co., Ltd.",4549.T,5.76,0.43,0.334,Yes
1492,"Cybertrust Japan Co., Ltd.",4498.T,4.05,0.306,0.071,No
1493,"Kawata Mfg. Co., Ltd.",6292.T,2.54,0.194,0.032,No
1494,"People, Dreams & Technologies Group Co., Ltd.",9248.T,2.96,0.228,0.118,Yes
1495,Sac's Bar Holdings Inc.,9990.T,1.68,0.132,0.012,Yes
1496,"PIOLAX, Inc.",5988.T,2.19,0.173,0.007,No
1497,"Baycurrent, Inc.",6532.T,5.89,0.465,0.361,No
1498,TOSNET Corporation,4754.T,2.01,0.162,0.114,Yes
1499,"AsiaQuest Co., Ltd.",4261.T,10.54,0.826,0.692,No
1500,Nagaoka International Corporation,6239.T,2.82,0.23,0.224,No
1501,"Asahi Intelligence Service Co., Ltd.",9799.T,3.52,0.291,0.082,No
1502,"Retail Partners Co., Ltd.",8167.T,2.14,0.181,0.022,Yes
1503,"Nippon Chemiphar Co., Ltd.",4539.T,2.12,0.181,0.094,No
1504,"First Baking Co., Ltd.",2215.T,0.71,0.061,0.087,Yes
1505,"es Networks Co., Ltd.",5867.T,2.19,0.188,0.104,Yes
1506,"Fujicco Co., Ltd.",2908.T,1.19,0.104,0.129,No
1507,"Power Solutions, Ltd.",4450.T,3.7,0.333,0.575,No
1508,"Kringle Pharma, Inc.",4884.T,5.5,0.499,0.049,No
1509,"OBIC Business Consultants Co., Ltd.",4733.T,4.65,0.428,0.547,No
1510,NTT Data Intramart Corporation,3850.T,3.59,0.353,0.244,No
1511,Delivery Consulting Inc.,9240.T,4.95,0.5,0.891,Yes
1512,"Nakayama Steel Works, Ltd.",5408.T,1.9,0.195,0.069,No
1513,Jedat Inc.,3841.T,1.93,0.2,0.093,Yes
1514,"Jimoty, Inc.",7082.T,7.25,0.742,0.26,Yes
1515,"INTELLEX HOLDINGS Co.,Ltd.",463A.T,2.77,0.291,0.131,Yes
1516,"Sotetsu Holdings, Inc.",9003.T,1.75,0.186,0.357,No
1517,"Sanrio Company, Ltd.",8136.T,5.09,0.536,0.371,Yes
1518,Collabos Corporation,3908.T,4.79,0.509,0.134,Yes
1519,Transaction Media Networks Inc.,5258.T,4.56,0.488,0.373,No
1520,"Nippon Sheet Glass Company, Limited",5202.T,3.67,0.401,0.56,Yes
1521,LIXIL Corporation,5938.T,1.8,0.2,0.11,Yes
1522,Sinko Industries Ltd.,6458.T,1.73,0.194,0.226,Yes
1523,"Denkyo Group Holdings Co.,Ltd.",8144.T,1.26,0.141,0.1,Yes
1524,"Kurimoto,Ltd.",5602.T,2.69,0.309,0.065,No
1525,Kokopelli Inc.,4167.T,2.94,0.343,0.65,No
1526,"Runsystem Co.,Ltd.",3326.T,2.51,0.294,0.087,Yes
1527,Altech Corporation,4641.T,1.66,0.195,0.332,No
1528,"Strike Group Co., Ltd.",6196.T,2.29,0.275,0.118,No
1529,FINDEX Inc.,3649.T,2.21,0.266,0.149,No
1530,"Mullion Co., Ltd.",3494.T,2.74,0.331,0.156,No
1531,"Base Co., Ltd.",4481.T,1.82,0.226,0.029,No
1532,Suntory Beverage & Food Limited,2587.T,1.18,0.15,0.097,Yes
1533,East Japan Railway Company,9020.T,1.34,0.173,0.126,No
1534,"NIFTY Lifestyle Co., Ltd.",4262.T,1.11,0.143,0.029,Yes
1535,"Eisai Co., Ltd.",4523.T,3.01,0.386,0.308,No
1536,"Yashima & Co.,Ltd.",7677.T,1.32,0.172,0.003,No
1537,"Puequ CO.,LTD.",9264.T,0.84,0.117,0.127,Yes
1538,"Premium Group Co., Ltd.",7199.T,1.7,0.24,0.316,Yes
1539,Mory Industries Inc.,5464.T,0.72,0.109,0.041,Yes
1540,"Flying Garden Co., Ltd.",3317.T,1.4,0.213,0.13,No
1541,"MORI TRUST REIT, Inc.",8961.T,0.88,0.134,0.214,Yes
1542,Fumakilla Limited,4998.T,0.74,0.113,0.054,Yes
1543,"Infcurion, Inc.",438A.T,4.58,0.692,0.181,No
1544,"Tokuden Co., Ltd.",3437.T,1.84,0.285,0.133,No
1545,"Ecomic Co., Ltd",3802.T,0.66,0.103,0.031,No
1546,"Hikari Tsushin, Inc.",9435.T,1.18,0.196,0.107,No
1547,TKC Corporation,9746.T,1.27,0.213,0.248,No
1548,NTT UD REIT Investment Corporation,8956.T,0.62,0.105,0.098,Yes
1549,"CDS Co.,Ltd.",2169.T,0.29,0.05,0.034,No
1550,"Kimura Co.,Ltd.",7461.T,0.8,0.14,0.245,Yes
1551,"and factory,inc.",7035.T,1.4,0.248,0.051,Yes
1552,"Hokuryo Co., Ltd.",1384.T,2.27,0.417,0.008,Yes
1553,Sony Financial Group Inc.,8729.T,1.18,0.223,0.071,No
1554,"Mos Food Services, Inc.",8153.T,0.88,0.172,0.332,No
1555,"ispace, inc.",9348.T,3.99,0.784,1.093,Yes
1556,FIXER Inc.,5129.T,5.0,1.046,0.127,Yes
1557,Ichigo Inc.,2337.T,1.33,0.284,0.196,No
1558,"Daiwa Computer Co., Ltd.",3816.T,0.52,0.114,0.1,Yes
1559,"Fuji United Holdings Company,Ltd.",416A.T,0.97,0.22,0.157,No
1560,"Robot Home, Inc.",1435.T,2.03,0.469,0.197,Yes
1561,"Lancers, Inc.",4484.T,0.78,0.182,0.106,Yes
1562,"EPCO Co.,Ltd.",2311.T,0.43,0.103,0.018,Yes
1563,"Eternal Hospitality Group Co.,Ltd.",3193.T,1.18,0.283,0.287,No
1564,"adish Co., Ltd.",7093.T,1.57,0.378,0.079,Yes
1565,MetaReal Corporation,6182.T,2.15,0.522,0.648,Yes
1566,"Oomitsu Co., Ltd.",3160.T,0.39,0.096,0.103,Yes
1567,"ASKA Pharmaceutical Holdings Co.,Ltd.",4886.T,1.73,0.447,0.379,Yes
1568,"Warabeya Nichiyo Holdings Co., Ltd.",2918.T,0.83,0.22,0.076,Yes
1569,Rococo Co. Ltd.,5868.T,1.18,0.343,0.072,Yes
1570,"Townnews-Sha Co.,Ltd.",2481.T,0.35,0.105,0.132,No
1571,ASJ Inc.,2351.T,1.26,0.397,0.044,Yes
1572,"HOUSE OF ROSE Co.,Ltd.",7506.T,0.18,0.058,0.067,Yes
1573,Mynet Inc.,3928.T,0.85,0.284,0.281,No
1574,"Azoom Co.,Ltd",3496.T,0.75,0.257,0.416,No
1575,Greenland Resort Company Limited,9656.T,0.15,0.052,0.001,Yes
1576,"JAC Recruitment Co., Ltd.",2124.T,0.62,0.233,0.273,No
1577,"Yoshicon Co.,Ltd.",5280.T,0.7,0.275,0.008,No
1578,"Waseda Academy Co., Ltd.",4718.T,0.94,0.374,0.142,No
1579,"Garden Co., Ltd.",274A.T,0.49,0.199,0.149,No
1580,"Gamecard Holdings, Inc.",6249.T,0.52,0.215,0.064,No
1581,"Kyokuyo Co., Ltd.",1301.T,0.41,0.171,0.089,No
1582,"Chugai Ro Co., Ltd.",1964.T,0.76,0.326,0.671,Yes
1583,"YAMADA Consulting Group Co.,Ltd.",4792.T,0.24,0.114,0.055,No
1584,"ZenmuTech, Inc.",338A.T,1.21,0.591,0.873,Yes
1585,VisasQ Inc.,4490.T,1.22,0.629,0.335,Yes
1586,"Nomura Research Institute, Ltd.",4307.T,0.74,0.396,0.04,Yes
1587,"Aoyama Trading Co., Ltd.",8219.T,0.3,0.214,0.295,No
1588,Riso Kagaku Corporation,6413.T,0.3,0.219,0.165,No
1589,Casa Inc.,7196.T,0.16,0.122,0.082,Yes
1590,"JM Holdings Co.,Ltd.",3539.T,0.35,0.283,0.3,No
1591,"Kissei Pharmaceutical Co., Ltd.",4547.T,0.22,0.271,0.231,No
1592,Japan Hotel REIT Investment Corporation,8985.T,0.11,0.16,0.288,Yes
1593,Nojima Corporation,7419.T,0.21,0.344,0.23,Yes
1594,SIOS Corporation,3744.T,0.14,0.426,0.375,Yes
1595,Hammock Inc.,173A.T,0.02,0.16,0.244,No
1596,"Boutiques, Inc.",9272.T,0.04,0.303,0.01,Yes
1597,"OSG Corporation Co., Ltd.",6757.T,-0.06,0.2,0.019,No
1598,"AViC Co., Ltd.",9554.T,-0.17,0.543,0.121,No
1599,COVER Corporation,5253.T,-0.19,0.436,0.663,Yes
1600,"Ohishi Sangyo Co., Ltd.",3943.T,-0.08,0.177,0.199,No
1601,Striders Corporation,9816.T,-0.22,0.387,0.248,No
1602,"Berg Earth Co.,Ltd.",1383.T,-0.1,0.142,0.191,No
1603,"Nissan Motor Co., Ltd.",7201.T,-0.5,0.462,0.387,Yes
1604,"Tose Co., Ltd.",4728.T,-0.13,0.094,0.045,No
1605,"Keifuku Electric Railroad Co.,Ltd.",9049.T,-0.29,0.192,0.226,No
1606,HIP Corporation,2136.T,-0.25,0.159,0.075,No
1607,"CANDEAL Co.,Ltd",1446.T,-0.23,0.142,0.178,Yes
1608,"Lihit Lab.,Inc.",7975.T,-0.21,0.121,0.079,No
1609,KAYAC Inc.,3904.T,-0.74,0.432,0.218,No
1610,"Mercuria Holdings Co., Ltd.",7347.T,-0.3,0.171,0.092,Yes
1611,Sony Group Corporation,6758.T,-0.65,0.34,0.08,Yes
1612,"Rock Field Co.,Ltd.",2910.T,-0.3,0.151,0.15,No
1613,"HYOJITO Co., Ltd.",7368.T,-0.16,0.082,0.034,No
1614,Renascience Inc.,4889.T,-1.53,0.734,0.487,Yes
1615,Aidma Marketing Communication Corporation,9466.T,-0.28,0.114,0.055,No
1616,"NIPPON PARKING DEVELOPMENT Co.,Ltd.",2353.T,-0.57,0.228,0.054,No
1617,"Kumiai Chemical Industry Co., Ltd.",4996.T,-0.55,0.217,0.36,No
1618,"Alpico Holdings Co., Ltd.",297A.T,-0.44,0.164,0.153,Yes
1619,"Cota Co., Ltd.",4923.T,-0.67,0.249,0.047,No
1620,Cube System Inc.,2335.T,-0.3,0.107,0.028,No
1621,Elan Corporation,6099.T,-0.66,0.238,0.191,Yes
1622,Miroku Corporation,7983.T,-1.1,0.349,0.333,Yes
1623,"Kyoshin Co., Ltd.",4735.T,-0.65,0.204,0.288,Yes
1624,Koyosha Inc.,7946.T,-4.34,1.38,1.321,Yes
1625,"KeePer Technical Laboratory Co., Ltd.",6036.T,-1.2,0.374,0.239,Yes
1626,ID Holdings Corporation,4709.T,-0.82,0.241,0.09,Yes
1627,Softcreate Holdings Corp.,3371.T,-1.05,0.301,0.427,No
1628,Daidoh Limited,3205.T,-1.98,0.569,0.824,Yes
1629,"Izumi Co., Ltd.",8273.T,-0.76,0.208,0.365,No
1630,Riso Kyoiku Group Corporation,4714.T,-0.64,0.176,0.122,No
1631,"Nissou Co.,Ltd.",1444.T,-0.67,0.18,0.231,Yes
1632,I'LL inc.,3854.T,-0.97,0.256,0.22,No
1633,NITTAN Corporation,6493.T,-1.74,0.449,0.427,Yes
1634,Kitano Construction Corp.,1866.T,-1.18,0.298,0.126,Yes
1635,Kufu Company Holdings Inc.,4376.T,-1.17,0.293,0.34,Yes
1636,"Japan Excellent, Inc.",8987.T,-0.47,0.117,0.058,Yes
1637,"Asahi Group Holdings, Ltd.",2502.T,-0.86,0.204,0.113,No
1638,"SDS HOLDINGS Co.,Ltd.",1711.T,-1.61,0.376,0.021,Yes
1639,Invincible Investment Corporation,8963.T,-0.65,0.139,0.287,Yes
1640,W TOKYO Inc.,9159.T,-2.86,0.6,1.129,No
1641,create restaurants holdings inc.,3387.T,-0.89,0.179,0.368,No
1642,"Globalway, Inc.",3936.T,-2.93,0.595,0.631,Yes
1643,"Chimney Co., Ltd.",3178.T,-1.1,0.21,0.099,No
1644,VALUE GOLF Inc.,3931.T,-1.81,0.318,0.161,Yes
1645,"Cluster Technology Co.,Ltd.",4240.T,-2.6,0.452,0.363,Yes
1646,Ceres Inc.,3696.T,-2.81,0.452,0.236,Yes
1647,"Sportsfield Co., Ltd.",7080.T,-1.46,0.222,0.033,Yes
1648,"Dear Life Co.,Ltd.",3245.T,-1.12,0.168,0.084,No
1649,itsumo.inc.,7694.T,-5.2,0.794,0.292,Yes
1650,Unite and Grow Inc.,4486.T,-1.79,0.259,0.001,Yes
1651,Fulltech Co.Ltd.,6546.T,-0.81,0.116,0.078,Yes
1652,Central Japan Railway Company,9022.T,-2.23,0.314,0.384,No
1653,DIGITAL GRID Corporation,350A.T,-2.7,0.373,0.492,Yes
1654,"Takachiho Co.,Ltd.",8225.T,-1.71,0.233,0.226,Yes
1655,"Tokyo Kisen Co.,Ltd.",9193.T,-2.49,0.338,0.06,Yes
1656,"Ichishin Holdings Co.,Ltd.",4645.T,-0.53,0.071,0.101,Yes
1657,"Tokyotokeiba Co.,Ltd.",9672.T,-1.78,0.237,0.032,No
1658,"Urbanet Corporation Co.,Ltd.",3242.T,-1.46,0.194,0.082,Yes
1659,"Three F Co.,Ltd.",7544.T,-1.0,0.133,0.106,No
1660,"JELLY BEANS GROUP Co., Ltd.",3070.T,-6.75,0.913,0.77,Yes
1661,Cuorips Inc.,4894.T,-4.67,0.595,0.134,No
1662,Cyfuse Biomedical K.K.,4892.T,-2.56,0.317,0.295,Yes
1663,CINC Corp.,4378.T,-2.71,0.309,0.075,Yes
1664,Caulis Inc.,153A.T,-7.95,0.927,1.028,Yes
1665,Nalnet Communications Inc.,5870.T,-3.55,0.387,0.59,No
1666,"UNITED, Inc.",2497.T,-1.68,0.18,0.03,No
1667,"Asukanet Co., Ltd.",2438.T,-2.2,0.233,0.268,No
1668,"Hokuyu Lucky Co.,Ltd.",2747.T,-0.88,0.088,0.02,No
1669,"bBreak Systems Company, Limited",3986.T,-2.05,0.204,0.065,Yes
1670,circlace Inc,5029.T,-5.55,0.557,0.417,No
1671,"Geekly, Inc.",505A.T,-5.48,0.538,0.154,Yes
1672,"NFK Holdings Co., Ltd.",6494.T,-5.26,0.503,0.261,Yes
1673,Japan Prime Realty Investment Corporation,8955.T,-1.42,0.132,0.114,Yes
1674,Amano Corporation,6436.T,-1.63,0.15,0.104,No
1675,Oisix Inc.,3182.T,-2.06,0.183,0.046,No
1676,Earth Corporation,4985.T,-1.32,0.117,0.059,Yes
1677,"Kuramoto Co., Ltd.",5216.T,-7.43,0.677,0.161,No
1678,"First Juken Co., Ltd.",8917.T,-2.22,0.195,0.132,No
1679,"Axas Holdings Co.,Ltd.",3536.T,-0.67,0.058,0.026,Yes
1680,"Nac Co., Ltd.",9788.T,-1.29,0.113,0.159,No
1681,"SystemEXE,Inc.",548A.T,-1.68,0.147,0.409,No
1682,Daiwa House REIT Investment Corporation,8984.T,-1.68,0.147,0.068,Yes
1683,"Asahi Concrete Works Co., Ltd.",5268.T,-5.57,0.496,0.466,No
1684,Laboro.AI Inc.,5586.T,-2.53,0.219,0.122,Yes
1685,"Honeys Holdings Co., Ltd.",2792.T,-1.43,0.122,0.012,No
1686,"KOMEDA Holdings Co., Ltd.",3543.T,-1.92,0.165,0.212,No
1687,"Shinwa Co., Ltd.",7607.T,-2.49,0.212,0.07,Yes
1688,"Sato Foods Co., Ltd.",2923.T,-3.47,0.296,0.102,No
1689,"Uoriki Co., Ltd.",7596.T,-1.13,0.094,0.164,No
1690,"Misawa & Co., Ltd.",3169.T,-1.33,0.111,0.029,Yes
1691,"Asahi Co., Ltd.",3333.T,-1.44,0.117,0.218,No
1692,"Tsubaki Nakashima Co., Ltd.",6464.T,-5.63,0.466,0.985,Yes
1693,Aplix Corporation,3727.T,-4.78,0.389,0.311,No
1694,KFC Ltd,3420.T,-1.95,0.155,0.036,No
1695,Sakurai Ltd.,7255.T,-5.31,0.425,0.671,No
1696,S.T. Corporation,4951.T,-1.19,0.093,0.089,Yes
1697,"SAN Holdings, Inc.",9628.T,-3.03,0.238,0.206,Yes
1698,"System Research Co.,Ltd.",3771.T,-2.23,0.172,0.004,Yes
1699,"Cosmos Initia Co., Ltd.",8844.T,-2.94,0.224,0.321,Yes
1700,Sumasapo Inc.,9342.T,-6.13,0.466,0.252,Yes
1701,Nexyz. Group Corporation,4346.T,-4.82,0.355,0.025,No
1702,"ZENKOKU HOSHO Co.,Ltd.",7164.T,-1.63,0.117,0.12,No
1703,Socionext Inc.,6526.T,-9.85,0.728,1.407,Yes
1704,W-SCOPE Corporation,6619.T,-9.9,0.732,0.606,Yes
1705,"Aeon Kyushu Co., Ltd.",2653.T,-1.21,0.086,0.119,Yes
1706,"Pegasus Co., Ltd.",6262.T,-7.66,0.551,0.457,Yes
1707,Mitsubishi Estate Logistics REIT Investment Corporation,3481.T,-1.83,0.128,0.036,No
1708,"Eco's Co.,Ltd.",7520.T,-3.77,0.264,0.012,Yes
1709,AGS Corporation,3648.T,-4.86,0.335,0.548,Yes
1710,"Last One Mile Co.,Ltd.",9252.T,-5.24,0.362,0.561,No
1711,"Hamayuu Co.,Ltd.",7682.T,-0.8,0.054,0.017,No
1712,"Senkon Logistics Co., Ltd.",9051.T,-3.57,0.239,0.382,Yes
1713,Fukuoka REIT Corporation,8968.T,-2.14,0.141,0.147,Yes
1714,Feedforce Group Inc.,7068.T,-4.76,0.317,0.049,Yes
1715,"Beauty Kadan Holdings Co., Ltd.",3041.T,-5.39,0.358,0.157,No
1716,"Novac Co., Ltd.",5079.T,-2.1,0.137,0.178,No
1717,Inbound Tech Inc.,7031.T,-5.8,0.384,0.449,Yes
1718,"Kagome Co., Ltd.",2811.T,-2.28,0.148,0.1,No
1719,"MonotaRO Co., Ltd.",3064.T,-5.02,0.327,0.225,Yes
1720,Kyoei Steel Ltd.,5440.T,-4.5,0.293,0.237,No
1721,Noile-Immune Biotech Inc.,4893.T,-6.6,0.433,0.05,No
1722,"JFE Systems, Inc.",4832.T,-4.46,0.288,0.399,No
1723,"FFRI Security, Inc.",3692.T,-11.13,0.739,1.036,Yes
1724,"Polaris Holdings Co., Ltd.",3010.T,-3.51,0.224,0.197,Yes
1725,"Sanyo Electric Railway Co.,Ltd.",9052.T,-1.77,0.111,0.153,No
1726,"KOZO Holdings Co.,Ltd.",9973.T,-6.81,0.435,0.293,No
1727,Japan Real Estate Investment Corporation,8952.T,-2.59,0.162,0.101,Yes
1728,FUJIFILM Holdings Corporation,4901.T,-4.34,0.271,0.178,Yes
1729,"Rakus Co., Ltd.",3923.T,-6.92,0.434,0.348,Yes
1730,Aeon Hokkaido Corporation,7512.T,-1.63,0.099,0.137,No
1731,"Nagoya Electric Works Co., Ltd.",6797.T,-3.29,0.197,0.024,Yes
1732,"Toyokumo, Inc.",4058.T,-7.68,0.465,0.078,Yes
1733,System Support Holdings Inc.,4396.T,-7.19,0.431,0.154,No
1734,"Forval Telecom,Inc.",9445.T,-1.52,0.088,0.076,Yes
1735,"STUDIO ATAO Co., Ltd.",3550.T,-3.58,0.21,0.015,No
1736,"Fukui Computer Holdings,Inc.",9790.T,-3.23,0.189,0.058,Yes
1737,SRE Holdings Corporation,2980.T,-9.77,0.59,0.504,No
1738,"Koa Shoji Holdings Co.,Ltd.",9273.T,-3.33,0.195,0.089,Yes
1739,"ABC-Mart,Inc.",2670.T,-3.31,0.193,0.065,Yes
1740,Environment Friendly Holdings Corp.,3777.T,-8.45,0.504,0.766,Yes
1741,"IPS Holdings Co., Ltd.",4335.T,-1.68,0.097,0.033,Yes
1742,"Square Enix Holdings Co., Ltd.",9684.T,-4.22,0.246,0.29,No
1743,O'will Corporation,3143.T,-3.41,0.197,0.181,Yes
1744,"Fine Sinter Co., Ltd.",5994.T,-8.74,0.515,0.115,Yes
1745,Noda Corporation,7879.T,-2.05,0.117,0.054,Yes
1746,PCA Corporation,9629.T,-6.45,0.37,0.4,No
1747,Skymark Airlines Inc.,9204.T,-7.21,0.411,0.272,Yes
1748,"Fujiya Co., Ltd.",2211.T,-1.74,0.096,0.097,No
1749,"Ultrafabrics Holdings Co.,Ltd.",4235.T,-2.87,0.158,0.01,Yes
1750,"Sanoh Industrial Co., Ltd.",6584.T,-7.3,0.409,1.002,Yes
1751,"Imuraya Group Co., Ltd.",2209.T,-2.21,0.119,0.029,No
1752,Interworks Confidence Inc.,7374.T,-2.11,0.113,0.19,Yes
1753,Ai Robotics Inc.,247A.T,-13.67,0.773,0.21,Yes
1754,"Blue Innovation Co., Ltd.",5597.T,-12.95,0.724,0.519,Yes
1755,"Takeda Machinery Co., Ltd.",6150.T,-3.39,0.177,0.164,No
1756,Zojirushi Corporation,7965.T,-3.73,0.194,0.218,No
1757,"Startline CO.,LTD.",477A.T,-12.07,0.65,0.957,Yes
1758,Biken Techno Corporation,9791.T,-3.11,0.159,0.267,No
1759,"PhoenixBio Co., Ltd.",6190.T,-9.04,0.472,0.599,Yes
1760,"Information Planning CO., LTD.",3712.T,-8.01,0.414,0.781,No
1761,"Stream Co.,Ltd.",3071.T,-2.31,0.116,0.078,No
1762,"Hit Co., Ltd.",378A.T,-5.69,0.289,0.086,Yes
1763,"Asahi Eito Holdings Co.,Ltd.",5341.T,-25.16,1.414,1.764,Yes
1764,S&J Corporation,5599.T,-12.67,0.659,0.368,No
1765,"logly,Inc.",6579.T,-4.58,0.226,0.185,Yes
1766,"RenetJapanGroup,Inc.",3556.T,-7.12,0.353,0.186,Yes
1767,TRaaS On Product Inc.,6696.T,-10.35,0.521,0.336,Yes
1768,"Advantage Risk Management Co., Ltd.",8769.T,-6.23,0.306,0.379,Yes
1769,"Meiho Enterprise Co., Ltd.",8927.T,-4.32,0.21,0.021,No
1770,JustSystems Corporation,4686.T,-6.64,0.325,0.107,Yes
1771,Tokyu Corporation,9005.T,-5.17,0.25,0.134,No
1772,"Nishimatsuya Chain Co., Ltd.",7545.T,-3.7,0.176,0.053,No
1773,Ray Corporation,4317.T,-6.92,0.332,0.032,Yes
1774,"D. I. System Co., Ltd.",4421.T,-3.67,0.172,0.137,Yes
1775,"The Japan Steel Works, Ltd.",5631.T,-9.89,0.477,0.84,Yes
1776,Aisin Corporation,7259.T,-6.83,0.323,0.585,Yes
1777,Kyoritsu Electric Corporation,6874.T,-4.31,0.201,0.319,Yes
1778,"Plus Alpha Consulting Co.,Ltd.",4071.T,-6.86,0.323,0.55,Yes
1779,"B-R 31 Ice Cream Co.,Ltd.",2268.T,-1.26,0.056,0.029,No
1780,"Sekisui House Reit, Inc.",3309.T,-4.26,0.192,0.002,Yes
1781,"Central General Development Co., Ltd.",3238.T,-4.61,0.206,0.38,Yes
1782,"Yamau Holdings Co., Ltd.",5284.T,-3.3,0.146,0.209,Yes
1783,"Iseki & Co., Ltd.",6310.T,-9.26,0.417,0.775,Yes
1784,"Applied Technology Co., Ltd.",4356.T,-4.98,0.219,0.06,Yes
1785,"Daisan Co., Ltd.",4750.T,-3.18,0.137,0.151,No
1786,"AR advanced technology, Inc.",5578.T,-10.97,0.492,0.663,Yes
1787,SecuAvail Inc.,3042.T,-5.84,0.255,0.393,Yes
1788,"Oriental Land Co., Ltd.",4661.T,-9.45,0.419,0.573,No
1789,Solasia Pharma K.K.,4597.T,-12.04,0.537,0.1,Yes
1790,"kubell Co., Ltd.",4448.T,-8.13,0.355,0.034,No
1791,GENDA Inc.,9166.T,-9.18,0.402,0.178,No
1792,Kitanotatsujin Corporation,2930.T,-5.79,0.249,0.065,Yes
1793,"Nankai Tatsumura Construction Co., Ltd.",1850.T,-8.01,0.34,0.374,Yes
1794,"COLOPL, Inc.",3668.T,-5.77,0.239,0.107,No
1795,Zuiko Corporation,6279.T,-3.86,0.158,0.081,Yes
1796,"ON THE PAGE, Inc.",9160.T,-3.77,0.154,0.169,No
1797,"Hoshino Resorts REIT, Inc.",3287.T,-4.2,0.17,0.233,Yes
1798,"Ginza Renoir Co., Ltd.",9853.T,-1.51,0.06,0.061,Yes
1799,"Ryoyu Systems Co., Ltd.",4685.T,-9.99,0.413,0.771,Yes
1800,"King Jim Co., Ltd.",7962.T,-1.95,0.077,0.052,No
1801,Tsubota Laboratory Incorporated,4890.T,-10.51,0.431,0.738,No
1802,"Kyokuto Kaihatsu Kogyo Co.,Ltd.",7226.T,-8.84,0.358,0.223,No
1803,Medix Inc.,331A.T,-2.4,0.094,0.001,No
1804,Token Corporation,1766.T,-4.05,0.16,0.017,Yes
1805,Rent Corporation,372A.T,-5.99,0.238,0.024,Yes
1806,"Shin Nippon Biomedical Laboratories, Ltd.",2395.T,-10.84,0.439,0.333,No
1807,Amuse Inc.,4301.T,-4.53,0.178,0.232,No
1808,"All About, Inc.",2454.T,-4.26,0.166,0.209,Yes
1809,"Koei Tecmo Holdings Co., Ltd.",3635.T,-6.06,0.238,0.106,Yes
1810,Alpha Systems Inc.,4719.T,-5.43,0.212,0.103,No
1811,Subaru Corporation,7270.T,-7.3,0.287,0.038,Yes
1812,"SUS Co.,Ltd.",6554.T,-4.08,0.158,0.02,Yes
1813,Cacco Inc.,4166.T,-13.41,0.539,0.026,No
1814,"JCR Pharmaceuticals Co., Ltd.",4552.T,-11.55,0.458,0.181,No
1815,"Seven Industries Co., Ltd.",7896.T,-2.65,0.1,0.09,No
1816,"St.Cousair Co., Ltd.",2937.T,-3.67,0.139,0.049,Yes
1817,Galilei Holdings Co.Ltd.,6420.T,-4.05,0.152,0.037,No
1818,JMDC Inc.,4483.T,-12.56,0.49,0.575,Yes
1819,"NIC Autotec, Inc.",5742.T,-4.13,0.153,0.015,No
1820,Vertex Corporation,5290.T,-13.64,0.531,0.253,No
1821,TISI Inc.,3626.T,-11.27,0.433,0.44,No
1822,Tecmira Holdings Inc.,3627.T,-9.69,0.367,0.551,Yes
1823,Mr Max Holdings Ltd.,8203.T,-5.28,0.195,0.119,No
1824,"Shima Seiki Mfg.,Ltd.",6222.T,-6.07,0.225,0.134,Yes
1825,"Marui Group Co., Ltd.",8252.T,-5.08,0.187,0.242,No
1826,Itoham Yonekyu Holdings Inc.,2296.T,-5.97,0.221,0.065,No
1827,JSS Corporation,6074.T,-4.34,0.159,0.046,No
1828,"Logizard Co., Ltd.",4391.T,-3.9,0.143,0.08,Yes
1829,"Ateam Holdings Co., Ltd.",3662.T,-6.63,0.245,0.182,Yes
1830,"Recomm Co., Ltd.",3323.T,-16.51,0.64,0.036,Yes
1831,"Take and Give. Needs Co., Ltd",4331.T,-4.71,0.172,0.037,No
1832,"HitoMile Co., Ltd.",7686.T,-3.24,0.117,0.1,No
1833,"Aeon Co., Ltd.",8267.T,-14.81,0.562,0.336,Yes
1834,"Taiko Pharmaceutical Co.,Ltd.",4574.T,-8.07,0.295,0.034,Yes
1835,"Sougou Shouken Co.,Ltd.",7850.T,-2.88,0.102,0.07,Yes
1836,"Miyakoshi Holdings, Inc.",6620.T,-16.73,0.636,0.719,Yes
1837,"Medius Holdings Co., Ltd.",3154.T,-2.9,0.103,0.008,No
1838,"KOMATSU MATERE Co.,Ltd.",3580.T,-6.19,0.221,0.27,Yes
1839,TV Asahi Holdings Corporation,9409.T,-4.67,0.165,0.324,No
1840,"Takamisawa Co., Ltd.",5283.T,-7.58,0.271,0.431,Yes
1841,"TAUNS Laboratories,Inc.",197A.T,-4.42,0.155,0.204,Yes
1842,"GEOMATEC Co., Ltd.",6907.T,-16.42,0.61,0.66,Yes
1843,"Nishikawa Keisoku Co., Ltd.",7500.T,-9.68,0.347,0.085,No
1844,Ubiquitous AI Corporation,3858.T,-11.28,0.407,0.25,Yes
1845,"Nano Holdings, Inc.",4571.T,-14.88,0.542,0.656,Yes
1846,"MOONBAT Co.,Ltd.",8115.T,-8.47,0.298,0.383,Yes
1847,"Ubiteq, Inc.",6662.T,-6.36,0.22,0.047,Yes
1848,"CHIeru Co.,Ltd.",3933.T,-10.13,0.357,0.226,No
1849,Nihon Kohden Corporation,6849.T,-7.72,0.266,0.29,Yes
1850,"Shin Maint Holdings Co.,Ltd.",6086.T,-7.26,0.249,0.272,Yes
1851,"Mental Health Technologies Co.,Ltd.",9218.T,-4.41,0.149,0.145,No
1852,Kurashicom Inc.,7110.T,-5.5,0.186,0.008,No
1853,"CHANGE Holdings,Inc.",3962.T,-6.15,0.208,0.001,Yes
1854,"LEOCLAN Co.,Ltd.",7681.T,-8.26,0.281,0.121,No
1855,AEON REIT Investment Corporation,3292.T,-3.57,0.118,0.113,Yes
1856,Inbound Platform Corp.,5587.T,-16.04,0.565,0.663,Yes
1857,JVCKENWOOD Corporation,6632.T,-7.5,0.253,0.506,Yes
1858,"Sotoh Co., Ltd.",3571.T,-2.88,0.095,0.042,No
1859,"JACCS Co., Ltd.",8584.T,-6.41,0.215,0.132,No
1860,Sanwa Holdings Corporation,5929.T,-9.48,0.318,0.502,Yes
1861,"YMIRLINK,Inc.",4372.T,-8.13,0.271,0.503,No
1862,"Daiichi Sankyo Company, Limited",4568.T,-9.65,0.324,0.288,Yes
1863,"Tokyu REIT, Inc.",8957.T,-3.58,0.116,0.029,No
1864,PHYZ Holdings Inc.,9325.T,-6.9,0.227,0.166,Yes
1865,Genetec Corporation,4492.T,-9.24,0.307,0.233,No
1866,"Kawagishi Bridge Works Co., Ltd.",5921.T,-4.6,0.149,0.025,Yes
1867,"Nomura Real Estate Master Fund, Inc.",3462.T,-3.74,0.121,0.11,Yes
1868,Muninova Holdings Inc.,547A.T,-7.78,0.254,0.162,No
1869,CAC Holdings Corporation,4725.T,-4.2,0.135,0.01,No
1870,"CanBas Co., Ltd.",4575.T,-14.08,0.471,0.33,No
1871,"i Cubed Systems, Inc.",4495.T,-12.52,0.409,0.522,No
1872,"Nippon Aqua Co., Ltd.",1429.T,-7.36,0.234,0.353,Yes
1873,AirTrip Corp.,6191.T,-12.19,0.395,0.101,Yes
1874,Yoshimura Food Holdings K.K.,2884.T,-18.18,0.605,0.179,No
1875,Starts Proceed Investment Corporation,8979.T,-3.8,0.118,0.143,Yes
1876,Nichidai Corporation,6467.T,-4.28,0.132,0.159,Yes
1877,Baroque Japan Limited,3548.T,-2.89,0.089,0.052,No
1878,"Airport Facilities Co., Ltd.",8864.T,-5.33,0.166,0.047,Yes
1879,"CRI Middleware Co., Ltd.",3698.T,-9.11,0.286,0.247,Yes
1880,"Heiwado Co.,Ltd.",8276.T,-5.53,0.169,0.269,No
1881,"Yuasa Funashoku Co., Ltd.",8006.T,-8.34,0.257,0.161,No
1882,SHIFT Inc.,3697.T,-15.81,0.503,0.337,No
1883,"OncoTherapy Science, Inc.",4564.T,-11.63,0.358,0.006,Yes
1884,"Nihon Kogyo Co., Ltd.",5279.T,-7.27,0.218,0.196,Yes
1885,"Mikikogyo Co., Ltd.",1718.T,-6.84,0.204,0.233,Yes
1886,"BPLATS,Inc.",4381.T,-28.27,0.943,0.892,No
1887,"Socialwire Co., Ltd.",3929.T,-8.22,0.244,0.037,Yes
1888,ReproCELL Incorporated,4978.T,-15.4,0.475,0.017,No
1889,"Palemo Holdings Co.,Ltd.",2778.T,-12.46,0.375,0.592,Yes
1890,Seyfert Ltd.,9213.T,-17.15,0.528,0.04,Yes
1891,Softfront Holdings,2321.T,-17.31,0.529,0.006,Yes
1892,Nippon Building Fund Inc.,8951.T,-5.51,0.158,0.043,Yes
1893,Asian Star Co.,8946.T,-16.78,0.51,0.72,Yes
1894,"Fantasista Co., Ltd.",1783.T,-11.98,0.355,0.029,No
1895,"CTS Co., Ltd.",4345.T,-6.46,0.186,0.17,No
1896,"BrightPath Biotherapeutics Co., Ltd.",4594.T,-17.03,0.517,0.419,No
1897,IX Knowledge Incorporated,9753.T,-6.04,0.173,0.198,Yes
1898,"Rakuten Bank, Ltd.",5838.T,-15.62,0.468,0.16,Yes
1899,"ALiNK Internet, Inc.",7077.T,-5.02,0.143,0.14,Yes
1900,"Sanko Metal Industrial Co., Ltd.",1972.T,-6.84,0.196,0.089,No
1901,"STUDIO ALICE Co.,Ltd.",2305.T,-5.21,0.148,0.175,No
1902,Tabikobo Co. Ltd.,6548.T,-15.02,0.447,0.554,No
1903,"Densan System Holdings Co., Ltd.",4072.T,-8.25,0.237,0.051,Yes
1904,Kan-Nanmaru Corporation,7585.T,-2.19,0.061,0.007,Yes
1905,SymBio Pharmaceuticals Limited,4582.T,-33.35,1.09,0.745,Yes
1906,Orient Corporation,8585.T,-8.94,0.254,0.022,Yes
1907,"A.D.Works Group Co.,Ltd.",2982.T,-7.48,0.211,0.242,Yes
1908,Suzuyo Shinwart Corporation,9360.T,-5.41,0.15,0.099,No
1909,"Konoike Transport Co.,Ltd.",9025.T,-8.03,0.226,0.087,Yes
1910,"IR Japan Holdings, Ltd.",6035.T,-6.51,0.18,0.211,Yes
1911,"CROOZ, Inc.",2138.T,-15.67,0.453,0.282,No
1912,"PLAID,Inc.",4165.T,-18.47,0.541,0.438,No
1913,Gala Incorporated,4777.T,-6.85,0.187,0.144,Yes
1914,PIA Corporation,4337.T,-14.18,0.401,0.504,No
1915,Cybersolutions Inc.,436A.T,-13.42,0.376,0.421,Yes
1916,Suzumo Machinery Company Limited,6405.T,-14.29,0.401,0.417,Yes
1917,Haruyama Holdings Inc.,7416.T,-7.2,0.195,0.065,No
1918,"M3, Inc.",2413.T,-16.41,0.463,0.259,No
1919,KITAC Corporation,4707.T,-7.43,0.2,0.268,Yes
1920,"NSD Co., Ltd.",9759.T,-9.96,0.271,0.494,No
1921,"Techno Mathematical Co., Ltd.",3787.T,-23.42,0.682,0.162,No
1922,"Daiken Medical Co., Ltd.",7775.T,-3.62,0.094,0.017,No
1923,"Toho Co., Ltd.",9602.T,-12.44,0.334,0.639,No
1924,"Dream Vision Co.,Ltd.",3185.T,-18.26,0.502,0.493,Yes
1925,"Seihyo Co., Ltd.",2872.T,-5.83,0.15,0.025,No
1926,"m-up holdings, Inc.",3661.T,-14.5,0.388,0.155,No
1927,"OPEN Group, Inc.",6572.T,-16.98,0.459,0.354,No
1928,infoNet inc.,4444.T,-6.61,0.169,0.052,No
1929,"Howtelevision, Inc.",7064.T,-17.24,0.464,0.236,Yes
1930,"Matsuya Foods Holdings Co., Ltd.",9887.T,-8.73,0.225,0.326,No
1931,"Izutsuya Co., Ltd.",8260.T,-9.66,0.249,0.056,Yes
1932,Healios K.K.,4593.T,-28.16,0.794,0.439,Yes
1933,United Urban Investment Corporation,8960.T,-5.39,0.134,0.216,Yes
1934,"EM Systems Co., Ltd.",4820.T,-13.72,0.356,0.168,No
1935,"YUMEMITSUKETAI Co.,Ltd.",2673.T,-25.87,0.716,0.148,Yes
1936,IFIS Japan Ltd.,7833.T,-5.4,0.133,0.022,No
1937,PROGRIT Inc.,9560.T,-12.87,0.328,0.339,No
1938,"COPRO-HOLDINGS. Co., Ltd.",7059.T,-12.19,0.309,0.057,No
1939,DTS Corporation,9682.T,-9.27,0.231,0.116,No
1940,"UMC Electronics Co., Ltd.",6615.T,-13.32,0.336,0.251,No
1941,DENSO Corporation,6902.T,-7.09,0.174,0.192,Yes
1942,"Tokyo Electric Power Company Holdings, Incorporated",9501.T,-17.12,0.441,0.141,Yes
1943,"MINKABU THE INFONOID, Inc.",4436.T,-11.82,0.295,0.335,Yes
1944,Nihon M&A Center Holdings Inc.,2127.T,-6.63,0.16,0.188,Yes
1945,"Tokyo Communications Group,Inc.",7359.T,-19.06,0.487,0.022,No
1946,Marvelous Inc.,7844.T,-10.98,0.269,0.011,Yes
1947,ReYuu Japan Inc.,9425.T,-34.51,0.964,0.319,Yes
1948,Goldwin Inc.,8111.T,-11.55,0.282,0.014,No
1949,"LEC, Inc.",7874.T,-12.85,0.315,0.239,No
1950,"Step Co.,Ltd.",9795.T,-5.06,0.119,0.053,No
1951,Caster Co.Ltd.,9331.T,-12.93,0.315,0.239,Yes
1952,"Intimate Merger, Inc.",7072.T,-14.24,0.349,0.044,No
1953,"OLBA DVx HEALTHCARE, Inc.",2689.T,-3.27,0.076,0.076,Yes
1954,Mammy Mart Holdings Corporation,9823.T,-18.56,0.464,0.325,Yes
1955,"LiNKX, Inc.",584A.T,-55.24,1.759,,
1956,"Chukyoiyakuhin Co.,Ltd.",4558.T,-2.67,0.061,0.043,No
1957,Welby Inc.,4438.T,-15.74,0.383,0.104,Yes
1958,"Saint Marc Holdings Co., Ltd.",3395.T,-8.19,0.192,0.114,No
1959,"LaKeel, Inc.",4074.T,-24.49,0.625,0.073,No
1960,IMAGE MAGIC Inc.,7793.T,-14.19,0.342,0.271,Yes
1961,"JAFCO Group Co., Ltd.",8595.T,-6.73,0.156,0.08,Yes
1962,"Hotel Newgrand Co., Ltd.",9720.T,-9.78,0.229,0.188,No
1963,"Belc CO., LTD.",9974.T,-9.09,0.21,0.171,No
1964,Globe-ing Inc.,277A.T,-19.77,0.482,0.465,Yes
1965,Wadakohsan Corporation,8931.T,-12.71,0.297,0.321,No
1966,Kyodo Paper Holdings,9849.T,-1.82,0.04,0.019,Yes
1967,Ahresty Corporation,5852.T,-13.38,0.311,0.219,Yes
1968,"Trenders, Inc.",6069.T,-14.37,0.334,0.463,No
1969,Accrete Inc.,4395.T,-21.0,0.505,0.212,Yes
1970,"The Sailor Pen Co., Ltd.",7992.T,-7.39,0.165,0.127,No
1971,Mori Hills REIT Investment Corporation,3234.T,-5.86,0.128,0.143,Yes
1972,"NCS&A Co., Ltd.",9709.T,-13.97,0.318,0.098,No
1973,Morozoff Limited,2217.T,-3.51,0.076,0.015,Yes
1974,"Zensho Holdings Co., Ltd.",75505.T,-0.85,0.018,0.021,No
1975,Space Shower Skiyaki Holdings Inc.,4838.T,-15.9,0.361,0.426,Yes
1976,Kasumigaseki Hotel REIT Investment Corporation,401A.T,-4.94,0.105,0.17,Yes
1977,"Kasumigaseki Capital Co.,Ltd.",3498.T,-15.05,0.336,0.166,Yes
1978,Needs Well Inc.,3992.T,-10.26,0.223,0.104,No
1979,Vision Inc.,9416.T,-9.64,0.209,0.02,Yes
1980,Daisyo Corporation,9979.T,-8.48,0.181,0.013,Yes
1981,Japan Logistic Systems Corp.,9060.T,-10.81,0.231,0.189,Yes
1982,"Chiyoda Co., Ltd.",8185.T,-11.58,0.248,0.208,No
1983,"SERAKU Co., Ltd.",6199.T,-14.1,0.304,0.26,No
1984,"Visional, Inc.",4194.T,-13.86,0.298,0.139,No
1985,Ichigo Green Infrastructure Investment Corporation,9282.T,-15.3,0.329,0.04,Yes
1986,"Optoelectronics Co., Ltd.",6664.T,-17.38,0.378,0.252,No
1987,"Seki Co., Ltd.",7857.T,-3.02,0.061,0.01,No
1988,"Saikaya Department Store Co.,Ltd.",8254.T,-32.12,0.752,0.64,No
1989,JINS HOLDINGS Inc.,3046.T,-25.56,0.572,0.962,Yes
1990,"Daiwa House Industry Co., Ltd.",1925.T,-9.52,0.195,0.041,Yes
1991,Avant Group Corporation,3836.T,-16.37,0.346,0.288,No
1992,FCE Inc.,9564.T,-14.9,0.311,0.358,No
1993,"Chugai Mining Co., Ltd.",1491.T,-23.33,0.509,0.336,No
1994,Chordia Therapeutics Inc.,190A.T,-32.29,0.742,0.522,Yes
1995,Star Asia Investment Corporation,3468.T,-5.71,0.113,0.189,Yes
1996,"H.I.S. Co., Ltd.",9603.T,-13.77,0.284,0.172,Yes
1997,Unisia Holdings Co.,3547.T,-15.77,0.328,0.109,No
1998,"Ukai Co.,Ltd.",7621.T,-3.41,0.067,0.027,Yes
1999,"Japan System Techniques Co., Ltd.",4323.T,-15.79,0.328,0.635,No
2000,"TOKYO BASE Co.,Ltd.",3415.T,-17.16,0.357,0.578,No
2001,GiXo Ltd.,9219.T,-4.67,0.091,0.117,Yes
2002,"Kaizen Platform, Inc.",4170.T,-21.76,0.457,0.344,No
2003,MERCURY Inc.,5025.T,-13.65,0.274,0.069,No
2004,GRID Inc.,5582.T,-19.42,0.4,0.086,No
2005,SmartDrive inc.,5137.T,-26.29,0.561,0.524,No
2006,Nippon Chutetsukan K.K.,5612.T,-11.88,0.233,0.249,Yes
2007,"G-Factory Co.,Ltd.",3474.T,-8.42,0.162,0.245,No
2008,"SLD Entertainment, Inc.",3223.T,-9.17,0.177,0.096,No
2009,Daiwa Office Investment Corporation,8976.T,-8.14,0.156,0.162,Yes
2010,"Cox Co., Ltd.",9876.T,-11.78,0.23,0.44,No
2011,"NJS Co., Ltd.",2325.T,-9.97,0.192,0.147,Yes
2012,"Cyberlinks Co., Ltd.",3683.T,-15.15,0.297,0.415,Yes
2013,Ain Holdings Inc.,9627.T,-10.07,0.193,0.112,No
2014,Integral Corporation,5842.T,-17.05,0.338,0.046,No
2015,"Shochiku Co., Ltd.",9601.T,-12.61,0.243,0.433,No
2016,PIXTA Inc.,3416.T,-7.3,0.136,0.04,Yes
2017,"Planet, Inc.",2391.T,-2.58,0.047,0.051,No
2018,AI CROSS Inc.,4476.T,-26.29,0.543,0.142,No
2019,"Daiwa Co.,Ltd.",8247.T,-18.93,0.375,0.151,No
2020,"Shokubun Co., Ltd.",9969.T,-5.48,0.101,0.074,Yes
2021,"MarkLines Co., Ltd.",3901.T,-18.07,0.354,0.079,Yes
2022,Hiday Hidaka Corp.,7611.T,-13.53,0.259,0.353,No
2023,KDX Realty Investment Corporation,8972.T,-7.01,0.129,0.139,Yes
2024,Systena Corporation,2317.T,-10.96,0.206,0.054,No
2025,L is B corp.,145A.T,-18.64,0.363,0.114,No
2026,"Progress Technologies Group, Inc.",339A.T,-21.57,0.426,0.291,No
2027,Takasago International Corporation,4914.T,-13.23,0.249,0.087,No
2028,"B&P Co.,Ltd.",7804.T,-10.94,0.204,0.073,Yes
2029,"Takasho Co.,Ltd.",7590.T,-4.87,0.087,0.114,Yes
2030,"ImageONE Co., Ltd.",2667.T,-42.01,0.93,0.5,Yes
2031,Fines inc.,5125.T,-27.21,0.546,0.622,No
2032,ITmedia Inc.,2148.T,-18.53,0.353,0.015,No
2033,Regal Corporation,7938.T,-7.66,0.137,0.221,No
2034,Itamiarts.Inc,168A.T,-10.35,0.187,0.106,Yes
2035,"Zenrin Co., Ltd.",9474.T,-10.27,0.186,0.247,No
2036,AZ-COM MARUWA Holdings Inc.,9090.T,-12.85,0.234,0.149,No
2037,"Verite Co., Ltd.",9904.T,-23.87,0.462,0.424,No
2038,Innovation Inc.,3970.T,-9.85,0.177,0.195,No
2039,"EduLab, Inc.",4427.T,-29.71,0.591,1.001,No
2040,Ichigo Hotel REIT Investment Corporation,3463.T,-7.51,0.132,0.279,Yes
2041,Kidswell Bio Corporation,4584.T,-27.39,0.536,0.095,No
2042,Wellness Communications Corporation,366A.T,-18.14,0.336,0.148,Yes
2043,"Nissan Shatai Co., Ltd.",7222.T,-20.71,0.389,0.155,Yes
2044,"Niigata Kotsu Co., Ltd.",9017.T,-4.79,0.083,0.082,Yes
2045,MatsukiyoCocokara & Co.,3088.T,-11.47,0.205,0.253,No
2046,"Lifedrink Company, Inc.",2585.T,-25.27,0.485,0.183,Yes
2047,"Global Communication Planning Co.,Ltd.",4073.T,-14.54,0.263,0.152,Yes
2048,"TECHNOLOGIES, Inc.",5248.T,-19.98,0.371,0.577,Yes
2049,ARCHION Corporation,543A.T,-23.73,0.448,0.061,Yes
2050,"CRE Logistics REIT, Inc.",3487.T,-6.96,0.12,0.05,No
2051,Tear Corporation,2485.T,-8.77,0.152,0.046,Yes
2052,"Sawai Group Holdings Co., Ltd.",4887.T,-17.27,0.313,0.381,No
2053,"Halows Co.,Ltd.",2742.T,-14.8,0.264,0.108,No
2054,TDSE Inc.,7046.T,-13.56,0.24,0.362,Yes
2055,GameWith Inc.,6552.T,-16.35,0.293,0.37,Yes
2056,SOLIZE Holdings Corporation,5871.T,-11.08,0.193,0.099,No
2057,"Software Service, Inc.",3733.T,-14.29,0.252,0.011,No
2058,"No.1 Co.,Ltd",3562.T,-18.45,0.332,0.016,Yes
2059,OpenWork Inc.,5139.T,-15.29,0.271,0.012,No
2060,"ZOZO, Inc.",3092.T,-13.13,0.23,0.146,No
2061,Linkers Corporation,5131.T,-23.49,0.433,0.611,Yes
2062,"STI Foods Holdings,Inc.",2932.T,-9.45,0.161,0.227,No
2063,"Nippon Insure Co., Ltd.",5843.T,-17.1,0.303,0.197,Yes
2064,NJ Holdings Inc.,9421.T,-16.42,0.289,0.089,No
2065,"Tera Technology, Inc.",483A.T,-7.06,0.118,0.004,No
2066,"User Local, Inc.",3984.T,-18.06,0.32,0.255,Yes
2067,Business Coach Inc.,9562.T,-19.93,0.356,0.187,No
2068,"Balnibarbi Co.,Ltd.",3418.T,-6.71,0.111,0.149,Yes
2069,"Members Co., Ltd.",2130.T,-19.67,0.348,0.316,Yes
2070,CAICA DIGITAL Inc.,2315.T,-28.72,0.534,0.328,No
2071,Pan Pacific International Holdings Corporation,7532.T,-15.1,0.26,0.124,No
2072,"Suzuken Co., Ltd.",9987.T,-10.4,0.174,0.013,Yes
2073,Yutaka Foods Corporation,2806.T,-10.81,0.179,0.115,No
2074,Wellco Holdings Corporation,7831.T,-29.79,0.546,0.579,No
2075,"Intertrade Co.,Ltd.",3747.T,-27.4,0.492,0.743,Yes
2076,Oriental Shiraishi Corporation,1786.T,-13.84,0.229,0.072,Yes
2077,"Insource Co., Ltd.",6200.T,-19.98,0.341,0.475,No
2078,NEOJAPAN Inc.,3921.T,-10.55,0.17,0.068,Yes
2079,"Heiwa Real Estate REIT, Inc.",8966.T,-8.35,0.133,0.15,Yes
2080,"Sankyo Co., Ltd.",6417.T,-18.34,0.307,0.22,No
2081,"Digital Garage, Inc.",4819.T,-29.29,0.521,0.182,No
2082,"MINISTOP Co., Ltd.",9946.T,-8.95,0.142,0.066,No
2083,"Shirai Electronics Industrial Co., Ltd.",6658.T,-23.35,0.399,0.019,Yes
2084,Tameny Inc.,6181.T,-20.5,0.344,0.343,No
2085,"Valtes Holdings Co.,Ltd.",4442.T,-12.69,0.204,0.159,Yes
2086,"Saftec Co.,Ltd.",7464.T,-4.75,0.073,0.046,Yes
2087,Metaplanet Inc.,3350.T,-36.33,0.662,0.35,No
2088,"SD ENTERTAINMENT,Inc.",4650.T,-9.66,0.151,0.071,Yes
2089,GRCS Inc.,9250.T,-23.54,0.395,0.018,Yes
2090,"NATTY SWANKY holdings Co.,Ltd.",7674.T,-12.3,0.194,0.155,Yes
2091,"OPRO Co., Ltd.",228A.T,-23.57,0.39,0.401,No
2092,United Super Markets Holdings Inc.,3222.T,-13.32,0.208,0.4,No
2093,"Godo Steel, Ltd.",5410.T,-19.55,0.314,0.452,No
2094,"SYS Holdings Co., Ltd.",3988.T,-8.53,0.129,0.193,No
2095,"One REIT, Inc.",3290.T,-10.24,0.156,0.121,Yes
2096,"KYORIN Pharmaceutical Co., Ltd.",4569.T,-17.02,0.268,0.271,No
2097,"Hokushin Co., Ltd.",7897.T,-9.74,0.147,0.014,Yes
2098,Nippon BS Broadcasting Corporation,9414.T,-10.49,0.159,0.024,No
2099,toridori Inc.,9337.T,-34.75,0.605,0.329,No
2100,"Daiwa Cycle Co.,Ltd.",5888.T,-23.98,0.39,0.416,Yes
2101,"Comforia Residential REIT, Inc",3282.T,-5.26,0.077,0.03,Yes
2102,"YONEX Co., Ltd.",7906.T,-23.35,0.376,0.249,Yes
2103,MTI Ltd.,9438.T,-15.49,0.238,0.033,No
2104,"GA technologies Co., Ltd.",3491.T,-22.92,0.367,0.181,Yes
2105,"Liberta Co.,Ltd.",4935.T,-39.64,0.704,1.061,Yes
2106,ATOM Corporation,7412.T,-31.25,0.524,0.12,No
2107,"jig.jp Co., Ltd.",5244.T,-27.11,0.441,0.319,Yes
2108,"4Cs HD Co., Ltd.",3726.T,-20.53,0.321,0.471,No
2109,"Village Vanguard CO.,LTD.",2769.T,-9.93,0.147,0.106,No
2110,"Kyowanissei Co.,Ltd.",1981.T,-13.52,0.203,0.229,Yes
2111,"ZIGExN Co., Ltd.",3679.T,-13.92,0.208,0.193,No
2112,Mitsui Fudosan Retail Fund Investment Corporation,8964.T,-7.98,0.116,0.023,Yes
2113,Sanyo Homes Corporation,1420.T,-7.73,0.112,0.076,No
2114,IRRC Corporation,7325.T,-16.32,0.246,0.041,Yes
2115,Tosei Reit Investment Corporation,3451.T,-6.94,0.1,0.15,Yes
2116,Comture Corporation,3844.T,-13.21,0.195,0.328,No
2117,Dive Group Inc.,151A.T,-12.65,0.186,0.093,No
2118,"NEIS Co.,Ltd.",589A.T,-61.91,1.279,,
2119,"SOSiLA Logistics REIT, Inc.",2979.T,-8.98,0.129,0.195,Yes
2120,"Nippon Ski Resort Development Co.,Ltd.",6040.T,-15.01,0.222,0.119,Yes
2121,Yamadai Corporation,7426.T,-38.4,0.65,0.42,No
2122,"Premier Anti-Aging Co., Ltd.",4934.T,-22.03,0.337,0.471,Yes
2123,"Nihon Seiko Co., Ltd.",5729.T,-35.11,0.581,0.0,No
2124,"Remixpoint, Inc.",3825.T,-24.5,0.379,0.262,No
2125,"MIT Holdings Co., Ltd.",4016.T,-14.41,0.211,0.187,No
2126,"Hulic Reit, Inc.",3295.T,-7.21,0.102,0.083,Yes
2127,Techno Smart Corp.,6246.T,-6.32,0.089,0.199,Yes
2128,"Scala, Inc.",4845.T,-8.92,0.127,0.065,No
2129,Marche Corporation,7524.T,-11.31,0.162,0.232,Yes
2130,"ProjectHoldings, Inc.",9246.T,-12.5,0.18,0.137,No
2131,TDC SOFT Inc.,4687.T,-19.92,0.298,0.04,No
2132,"Hikari Business Form Co., Ltd.",3948.T,-7.52,0.106,0.069,Yes
2133,"ZUU Co.,Ltd.",4387.T,-16.58,0.242,0.219,No
2134,"Plat'Home Co., Ltd.",6836.T,-27.21,0.422,0.432,No
2135,"Plaza Holdings Co.,Ltd.",7502.T,-8.08,0.112,0.015,No
2136,teno. Holdings Company Limited,7037.T,-10.77,0.151,0.257,No
2137,"TMS Co., Ltd.",4891.T,-26.55,0.405,0.261,Yes
2138,"Rakuten Group, Inc.",4755.T,-18.09,0.263,0.162,Yes
2139,ASKUL Corporation,2678.T,-15.63,0.224,0.087,Yes
2140,"Hottolink, Inc.",3680.T,-21.94,0.325,0.09,Yes
2141,Pasona Group Inc.,2168.T,-18.74,0.272,0.246,No
2142,NE Inc.,441A.T,-22.73,0.337,0.242,No
2143,Kyushu Railway Company,9142.T,-6.46,0.088,0.085,No
2144,"AlphaPolis Co., Ltd.",9467.T,-22.23,0.328,0.208,No
2145,"Nintendo Co., Ltd.",7974.T,-25.23,0.378,0.387,No
2146,Robot Payment Inc.,4374.T,-20.99,0.306,0.184,No
2147,Monstarlab Inc.,5255.T,-38.8,0.631,0.299,No
2148,"KYCOM Holdings Co., Ltd.",9685.T,-10.27,0.141,0.025,No
2149,INCLUSIVE Holdings Inc.,7078.T,-22.25,0.324,0.251,Yes
2150,"Foodison, Inc.",7114.T,-15.9,0.222,0.184,No
2151,"Nichireki Group Co., Ltd.",5011.T,-13.18,0.181,0.014,No
2152,AI inside Inc.,4488.T,-25.3,0.371,0.01,No
2153,"Financial Partners Group Co.,Ltd.",7148.T,-23.26,0.335,0.192,Yes
2154,Slogan Inc.,9253.T,-17.62,0.245,0.226,Yes
2155,Aeria Inc.,3758.T,-14.57,0.199,0.122,No
2156,Decollte Holdings Corporation,7372.T,-14.4,0.195,0.186,Yes
2157,Digital Information Technologies Corporation,3916.T,-21.13,0.297,0.248,No
2158,ADR Biomedical Holdings Inc.,3750.T,-9.65,0.128,0.061,Yes
2159,CrowdWorks Inc.,3900.T,-22.94,0.325,0.552,No
2160,Tokyo Infrastructure Energy Investment Corporation - Infrastructure Fund,9285.T,-11.96,0.16,0.059,Yes
2161,"Japan Elevator Service Holdings Co.,Ltd.",6544.T,-15.44,0.209,0.006,Yes
2162,"CAVE Interactive CO.,LTD.",3760.T,-19.78,0.273,0.325,No
2163,eMnet Japan.co.ltd.,7036.T,-28.8,0.418,0.542,No
2164,"SHINTO Holdings, Inc.",2776.T,-26.19,0.373,0.081,No
2165,"Yamato Mobility & Mfg. Co.,Ltd.",7886.T,-31.62,0.465,0.206,No
2166,ESCON JAPAN REIT Investment Corporation,2971.T,-5.92,0.076,0.049,Yes
2167,"GMO internet, Inc.",4784.T,-37.87,0.574,0.452,No
2168,Livero Inc.,9245.T,-19.41,0.263,0.237,No
2169,"Tsunagu Group Holdings, Inc.",6551.T,-20.2,0.274,0.17,No
2170,Sharp Corporation,6753.T,-19.16,0.258,0.37,Yes
2171,"HOTLAND HOLDINGS Co., Ltd.",3196.T,-19.09,0.257,0.406,No
2172,Arata Corporation,2733.T,-10.69,0.138,0.243,No
2173,"CS-C.Co.,Ltd.",9258.T,-21.95,0.298,0.411,No
2174,INGS inc.,245A.T,-21.31,0.288,0.162,Yes
2175,Modalis Therapeutics Corporation,4883.T,-47.14,0.754,0.372,Yes
2176,INTLOOP Inc.,9556.T,-39.87,0.603,0.466,Yes
2177,"Unicon Holdings Co., Ltd.",407A.T,-19.82,0.265,0.304,No
2178,Yamaya Corporation,9994.T,-12.18,0.156,0.089,Yes
2179,"Yamato Holdings Co., Ltd.",9064.T,-16.14,0.211,0.086,No
2180,Wintest Corp.,6721.T,-31.11,0.436,0.44,Yes
2181,"Watahan & Co.,Ltd.",3199.T,-12.21,0.154,0.085,No
2182,"A-tie Co.,Ltd.",369A.T,-23.79,0.317,0.112,Yes
2183,"D. Western Therapeutics Institute, Inc.",4576.T,-25.23,0.337,0.12,No
2184,"Endo Manufacturing Co., Ltd.",7841.T,-15.4,0.194,0.103,Yes
2185,"Kikukawa Enterprise, Inc.",6346.T,-14.71,0.185,0.2,No
2186,"Headwaters Co.,Ltd",4011.T,-31.64,0.437,0.344,Yes
2187,"Amvis Holdings, Inc.",7071.T,-28.27,0.382,0.054,Yes
2188,"JAPAN Creative Platform Group Co., Ltd.",7814.T,-21.76,0.283,0.128,No
2189,AIAI Group Corporation,6557.T,-37.92,0.543,0.457,No
2190,"Nihon Flush Co., Ltd.",7820.T,-10.61,0.129,0.032,Yes
2191,Mitsui Fudosan Accommodations Fund Inc.,3226.T,-6.92,0.083,0.043,No
2192,J-Holdings Corp.,2721.T,-35.46,0.496,0.011,No
2193,Cgs Holdings Inc.,6633.T,-19.35,0.245,0.032,No
2194,"Synchro Food Co., Ltd.",3963.T,-34.84,0.482,0.147,No
2195,"Almado, Inc.",4932.T,-23.85,0.307,0.295,No
2196,"ALBIS Co.,Ltd.",7475.T,-10.88,0.13,0.045,No
2197,"Bank of Innovation,Inc.",4393.T,-26.02,0.338,0.029,Yes
2198,DIP Corporation,2379.T,-16.5,0.202,0.387,No
2199,PORTERS Corporation,5126.T,-23.95,0.306,0.36,No
2200,GiG Works Inc.,2375.T,-14.82,0.18,0.044,Yes
2201,"Edia Co., Ltd.",3935.T,-30.43,0.4,0.045,Yes
2202,"Wantedly, Inc.",3991.T,-21.22,0.264,0.497,No
2203,"Writeup Co.,Ltd.",6580.T,-53.37,0.825,0.137,Yes
2204,GMO Media Inc.,6180.T,-24.28,0.306,0.05,No
2205,YRGLM Inc.,3690.T,-10.74,0.126,0.071,Yes
2206,ANYCOLOR Inc.,5032.T,-39.46,0.543,0.232,Yes
2207,"Sugi Holdings Co.,Ltd.",7649.T,-23.63,0.294,0.185,No
2208,"Echo Trading Co., Ltd.",7427.T,-8.12,0.092,0.029,No
2209,Seibu Holdings Inc.,9024.T,-32.49,0.42,0.199,No
2210,"Yappli, Inc.",4168.T,-18.17,0.215,0.174,Yes
2211,"Wakachiku Construction Co., Ltd.",1888.T,-23.25,0.282,0.102,No
2212,"FLECT Co., Ltd.",4414.T,-35.57,0.465,0.172,Yes
2213,"BeMap, Inc.",4316.T,-71.01,1.265,0.433,Yes
2214,"Poplar Co., Ltd.",7601.T,-8.62,0.096,0.023,No
2215,Double Standard Inc.,3925.T,-18.9,0.223,0.269,No
2216,Meiwa Estate Company Limited,8869.T,-19.85,0.235,0.061,No
2217,"ValueCommerce Co., Ltd.",2491.T,-31.2,0.392,0.268,No
2218,Semba Corporation,6540.T,-16.92,0.195,0.021,No
2219,"MITSUI-SOKO HOLDINGS Co., Ltd.",9302.T,-18.28,0.212,0.256,No
2220,BIPROGY Inc.,8056.T,-19.65,0.23,0.134,No
2221,"Yamazaki Co., Ltd.",6147.T,-33.79,0.428,0.724,No
2222,Safie Inc.,4375.T,-23.32,0.277,0.418,Yes
2223,KUBOTEK Corporation,7709.T,-57.8,0.872,0.16,No
2224,"Japan Power Fastening Co.,Ltd.",5950.T,-18.38,0.209,0.097,No
2225,Shinto Company Limited,5380.T,-25.8,0.306,0.153,No
2226,OPTiM Corporation,3694.T,-23.46,0.273,0.127,Yes
2227,"eWeLL Co.,Ltd.",5038.T,-21.64,0.249,0.089,No
2228,"STrust Co.,Ltd.",3280.T,-18.39,0.208,0.14,Yes
2229,"IMURA & Co.,Ltd.",3955.T,-10.98,0.119,0.024,No
2230,"Kabuki-Za Co., Ltd.",9661.T,-4.76,0.05,0.042,No
2231,"SEKIDO Co., Ltd.",9878.T,-33.91,0.418,0.552,Yes
2232,Daiwa Securities Living Investment Corporation,8986.T,-10.04,0.108,0.134,Yes
2233,Trend Micro Incorporated,4704.T,-23.17,0.265,0.024,No
2234,DreamArts Corporation,4811.T,-30.98,0.371,0.408,No
2235,"CSS Holdings,Ltd.",2304.T,-7.34,0.077,0.002,No
2236,"Eltes Co.,Ltd.",3967.T,-13.57,0.147,0.051,No
2237,"KANMONKAI Co., Ltd.",3372.T,-9.42,0.1,0.132,Yes
2238,Piala Inc.,7044.T,-16.43,0.18,0.033,No
2239,"Rokko Butter Co., Ltd.",2266.T,-13.57,0.146,0.084,No
2240,"Sumitomo Forestry Co., Ltd.",1911.T,-20.47,0.227,0.14,Yes
2241,"Nihonwasou Holdings, Inc.",2499.T,-14.58,0.157,0.057,Yes
2242,Disruptors Inc.,6538.T,-25.29,0.288,0.183,Yes
2243,CellSeed Inc.,7776.T,-42.72,0.542,0.628,Yes
2244,"Toumei Co.,Ltd.",4439.T,-24.12,0.27,0.26,No
2245,Twenty-four seven Holdings Inc.,7074.T,-31.12,0.361,0.35,No
2246,"PA Co., Ltd.",4766.T,-22.67,0.25,0.348,No
2247,SystemSoft Corporation,7527.T,-24.13,0.268,0.228,Yes
2248,"C.S. Lumber Co., Inc",7808.T,-14.61,0.153,0.135,No
2249,"Tama Home Co., Ltd.",1419.T,-18.21,0.194,0.182,No
2250,"MICREED Co.,Ltd.",7687.T,-15.79,0.165,0.114,Yes
2251,"SHIMAMURA Co., Ltd.",8227.T,-52.9,0.704,0.355,No
2252,PeptiDream Inc.,4587.T,-29.47,0.332,0.155,Yes
2253,"Phil Company, Inc.",3267.T,-36.95,0.434,0.242,No
2254,Advance Residence Investment Corporation,3269.T,-9.28,0.093,0.061,Yes
2255,Wize Inc.,3664.T,-40.91,0.491,0.401,Yes
2256,"Fast Accounting Co.,Ltd.",5588.T,-32.5,0.368,0.266,No
2257,"zig-zag,Inc.",340A.T,-31.59,0.354,0.203,Yes
2258,TalentX Inc.,330A.T,-42.21,0.507,0.49,No
2259,TeamSpirit Inc.,4397.T,-27.93,0.305,0.418,No
2260,SPRIX Inc.,7030.T,-27.99,0.305,0.002,Yes
2261,"AMBITION DX HOLDINGS Co., Ltd.",3300.T,-23.06,0.244,0.112,Yes
2262,Meiho Facility Works Ltd.,1717.T,-12.17,0.12,0.042,No
2263,Cookpad Inc.,2193.T,-22.06,0.23,0.159,Yes
2264,baby calendar Inc.,7363.T,-20.4,0.209,0.121,No
2265,"U-NEXT HOLDINGS Co.,Ltd.",9418.T,-19.03,0.193,0.012,Yes
2266,"pluszero, Inc.",5132.T,-40.47,0.467,0.147,No
2267,"Quantum Solutions Co.,Ltd.",2338.T,-68.66,1.013,1.118,No
2268,"Sundrug Co.,Ltd.",9989.T,-12.91,0.126,0.033,No
2269,Nippon Hotel & Residential Investment Corporation,3472.T,-14.67,0.144,0.166,Yes
2270,Digital Arts Inc.,2326.T,-36.94,0.413,0.091,No
2271,"Silver Life Co., Ltd.",9262.T,-20.96,0.212,0.297,No
2272,"FAN Communications, Inc.",2461.T,-18.91,0.189,0.014,No
2273,MIRAI Corporation,3476.T,-11.35,0.109,0.052,Yes
2274,"GIMIC Co., Ltd.",475A.T,-41.99,0.481,0.322,No
2275,"ASNOVA Co., Ltd.",9223.T,-24.93,0.256,0.326,No
2276,"Excite Holdings Co., Ltd.",5571.T,-20.66,0.206,0.282,No
2277,"MarketEnterprise Co.,Ltd",3135.T,-35.52,0.386,0.224,No
2278,Yamano Holdings Corporation,7571.T,-24.11,0.244,0.201,Yes
2279,Chiome Bioscience Inc.,4583.T,-34.81,0.375,0.138,Yes
2280,"Genky DrugStores Co., Ltd.",9267.T,-26.52,0.271,0.041,No
2281,"Medical Net, Inc.",3645.T,-18.55,0.181,0.036,No
2282,Nippon Hume Corporation,5262.T,-37.27,0.405,0.243,Yes
2283,"Care Service Co.,Ltd.",2425.T,-16.1,0.154,0.147,No
2284,"Aoyama Zaisan Networks Company,Limited",8929.T,-26.55,0.269,0.167,Yes
2285,Hmcomm Inc.,265A.T,-35.38,0.374,0.212,Yes
2286,NIPPON REIT Investment Corporation,3296.T,-10.65,0.098,0.01,Yes
2287,"T.O. Holdings CO.,LTD.",9812.T,-21.89,0.212,0.128,No
2288,Oracle Corporation Japan,4716.T,-30.19,0.305,0.018,Yes
2289,Frontier Management Inc.,7038.T,-18.54,0.174,0.047,No
2290,"FUNDINNO,Inc.",462A.T,-73.9,1.084,0.343,No
2291,Lifenet Insurance Company,7157.T,-29.65,0.293,0.125,No
2292,BeeX Inc.,4270.T,-22.89,0.217,0.087,Yes
2293,Tohokushinsha Film Corporation,2329.T,-17.66,0.162,0.121,No
2294,Cados Corporation,211A.T,-22.66,0.213,0.172,Yes
2295,"Miyaji Engineering Group,Inc.",3431.T,-18.29,0.168,0.035,No
2296,"NAGAWA Co., Ltd.",9663.T,-20.97,0.195,0.186,No
2297,RISE Inc.,8836.T,-26.78,0.256,0.109,No
2298,"Unbanked,Inc.",8746.T,-71.71,0.994,0.215,No
2299,"Ito Yogyo Co., Ltd",5287.T,-33.34,0.33,0.076,Yes
2300,Fitcrew Inc.,469A.T,-48.81,0.538,0.293,No
2301,CREAL Inc.,2998.T,-50.4,0.561,0.389,No
2302,Reskill Corp.,291A.T,-42.8,0.45,0.049,No
2303,"Toshin Holdings Co.,Ltd",9444.T,-50.07,0.556,0.134,No
2304,"Kobe Bussan Co., Ltd.",3038.T,-29.3,0.281,0.433,No
2305,"Canadian Solar Infrastructure Fund, Inc.",9284.T,-14.65,0.129,0.076,No
2306,CUC Inc.,9158.T,-33.31,0.326,0.352,Yes
2307,SMN Corporation,6185.T,-20.12,0.182,0.157,Yes
2308,Earth Infinity Co.Ltd.,7692.T,-28.8,0.273,0.215,No
2309,AVILEN Inc.,5591.T,-38.01,0.381,0.422,No
2310,"IG Port, Inc.",3791.T,-29.14,0.275,0.516,Yes
2311,"Tokaido REIT, Inc.",2989.T,-9.66,0.082,0.071,Yes
2312,"LOIVE Co.,Ltd.",352A.T,-44.04,0.459,0.089,Yes
2313,"Kohjin Bio Co., Ltd.",177A.T,-42.71,0.44,0.014,No
2314,Japan Communications Inc.,9424.T,-18.93,0.168,0.003,No
2315,"United & Collective Co., Ltd.",3557.T,-42.06,0.429,0.774,No
2316,"Koshidaka Holdings Co., Ltd.",2157.T,-23.7,0.214,0.333,No
2317,"MEDINET Co., Ltd.",2370.T,-28.31,0.263,0.018,No
2318,SanBio Company Limited,4592.T,-55.98,0.634,0.935,Yes
2319,"Tokyo Metro Co., Ltd.",9023.T,-12.62,0.107,0.133,No
2320,"Asahi Net, Inc.",3834.T,-11.28,0.095,0.053,No
2321,"Kitabo Co.,Ltd",3409.T,-43.67,0.446,0.122,No
2322,"DN Holdings Co.,Ltd.",7377.T,-12.47,0.105,0.06,Yes
2323,ItoKuro Inc.,6049.T,-16.24,0.14,0.142,No
2324,"Green Earth Institute Co., Ltd.",9212.T,-30.95,0.289,0.11,Yes
2325,LANDNET Inc.,2991.T,-25.63,0.231,0.132,Yes
2326,C.E.Management Integrated Laboratory Co.Ltd,6171.T,-21.42,0.188,0.226,Yes
2327,"CellSource Co., Ltd.",4880.T,-34.72,0.33,0.077,Yes
2328,"HITO-Communications Holdings,Inc.",4433.T,-17.48,0.15,0.152,No
2329,"Washhouse Co.,Ltd.",6537.T,-28.92,0.265,0.25,Yes
2330,"Ohki Healthcare Holdings Co.,Ltd.",3417.T,-23.43,0.205,0.1,No
2331,"Toho Lamac Co., Ltd.",7422.T,-30.2,0.274,0.335,Yes
2332,Yamax Corp.,5285.T,-29.34,0.265,0.145,No
2333,Aiming Inc.,3911.T,-32.63,0.3,0.181,No
2334,"PAL GROUP Holdings CO., LTD.",2726.T,-37.17,0.351,0.17,No
2335,"&Do Holdings Co.,Ltd.",3457.T,-12.59,0.102,0.021,Yes
2336,"Sincere Co., LTD.",7782.T,-14.33,0.116,0.097,No
2337,"Being Holdings Co., Ltd.",9145.T,-34.58,0.315,0.108,No
2338,"LiB Consulting co.,ltd",480A.T,-36.8,0.336,0.371,No
2339,"INUNEKO-SEIKATSU Co.,Ltd.",556A.T,-68.37,0.817,0.432,Yes
2340,PR TIMES Corporation,3922.T,-27.69,0.238,0.433,Yes
2341,"FRONTEO, Inc.",2158.T,-38.3,0.351,0.062,No
2342,"Kinjiro Co.,Ltd.",4013.T,-49.43,0.49,0.404,No
2343,"Human Metabolome Technologies, Inc.",6090.T,-15.55,0.124,0.041,Yes
2344,"Superbag Company, Limited",3945.T,-19.14,0.154,0.119,Yes
2345,FunPep Company Limited,4881.T,-47.73,0.463,0.355,Yes
2346,Fisco Ltd.,3807.T,-36.84,0.329,0.192,No
2347,System D Inc.,3804.T,-29.79,0.252,0.263,No
2348,Global One Real Estate Investment Corp.,8958.T,-19.86,0.158,0.15,Yes
2349,"OVERLAP Holdings,Inc.",414A.T,-29.82,0.251,0.302,Yes
2350,"Japaniace Co.,Ltd.",9558.T,-14.5,0.111,0.089,Yes
2351,"Human Holdings Co., Ltd.",2415.T,-16.16,0.125,0.062,No
2352,Seiwa Chuo Holdings Corporation,7531.T,-20.65,0.163,0.006,Yes
2353,"LTS, Inc.",6560.T,-23.2,0.186,0.123,Yes
2354,"CyberStep Holdings, Inc.",3810.T,-44.77,0.412,0.042,Yes
2355,"Hankyu Hanshin REIT, Inc.",8977.T,-17.28,0.133,0.164,Yes
2356,Signpost Corporation,3996.T,-42.74,0.385,0.123,No
2357,"Totenko Co., Ltd.",8181.T,-17.44,0.134,0.135,Yes
2358,"Recovery International Co.,Ltd.",9214.T,-18.57,0.143,0.033,No
2359,Star Flyer Inc.,9206.T,-17.53,0.135,0.077,Yes
2360,"Cocolive, Inc.",137A.T,-49.23,0.463,0.253,No
2361,"Euglena Co., Ltd.",2931.T,-22.74,0.178,0.252,No
2362,"MEDIA DO Co., Ltd.",3678.T,-30.1,0.245,0.179,No
2363,"Japan PropTech Co.,Ltd.",4054.T,-27.41,0.219,0.173,No
2364,"YAKUODO HOLDINGS Co., Ltd.",7679.T,-27.5,0.22,0.14,No
2365,"IID, Inc.",6038.T,-16.74,0.126,0.027,Yes
2366,Leader Electronics Corporation,6867.T,-17.47,0.132,0.097,Yes
2367,"GMO Commerce, Inc.",410A.T,-23.79,0.186,0.298,No
2368,"Nippon Television Holdings, Inc.",9404.T,-22.78,0.175,0.233,No
2369,Bank of Japan,8301.T,-17.39,0.13,0.082,Yes
2370,"Ricksoft Co., Ltd.",4429.T,-32.33,0.261,0.481,No
2371,Creema Ltd.,4017.T,-24.97,0.192,0.281,No
2372,"Omikenshi Co., Ltd.",3111.T,-32.81,0.264,0.018,No
2373,TWOSTONE&Sons Inc.,7352.T,-56.74,0.545,0.069,No
2374,Bridge Consulting Group Inc.,9225.T,-28.5,0.219,0.183,Yes
2375,"Advance Create Co., Ltd.",8798.T,-52.3,0.475,0.35,No
2376,"Smartvalue Co., Ltd.",9417.T,-26.75,0.203,0.078,Yes
2377,Copa Corporation Inc.,7689.T,-40.17,0.331,0.292,No
2378,"GMO Product Platform, Inc.",3695.T,-33.05,0.259,0.21,No
2379,"GRANDES, Inc.",3261.T,-57.66,0.544,0.049,Yes
2380,"Enjin Co., Ltd.",7370.T,-15.15,0.106,0.03,No
2381,"Daikokutenbussan Co.,Ltd.",2791.T,-35.3,0.277,0.058,No
2382,JN Group Inc.,6634.T,-48.25,0.414,0.239,No
2383,Mirai Works Inc.,6563.T,-27.16,0.201,0.213,No
2384,Voltage Incorporation,3639.T,-25.38,0.185,0.174,No
2385,"BTM, Inc.",5247.T,-32.57,0.246,0.265,No
2386,"Taoka Chemical Company, Limited",4113.T,-39.32,0.307,0.134,No
2387,"Future Link Network Co.,Ltd.",9241.T,-43.93,0.354,0.037,Yes
2388,"Nichiryoku Co.,Ltd.",7578.T,-40.55,0.319,0.14,No
2389,Brass Corporation,2424.T,-10.94,0.072,0.069,No
2390,"Rebase, Inc.",5138.T,-60.32,0.555,0.286,No
2391,HOUSEI Inc.,5035.T,-24.9,0.176,0.067,Yes
2392,Starts Publishing Corporation,7849.T,-28.78,0.207,0.15,No
2393,Samty Residential Investment Corporation,3459.T,-17.16,0.114,0.091,Yes
2394,"Goodpatch, Inc.",7351.T,-44.5,0.351,0.165,No
2395,MIRARTH Real Estate Investment Corporation,3492.T,-11.22,0.072,0.004,No
2396,"Kitahama Capital Partners Co.,Ltd.",2134.T,-53.49,0.448,0.509,Yes
2397,"Delta-Fly Pharma, Inc.",4598.T,-75.35,0.793,0.094,No
2398,"Booking Resort Co., Ltd.",324A.T,-37.9,0.28,0.035,No
2399,TORQ Inc.,8077.T,-19.62,0.129,0.074,Yes
2400,Green Light Renewable Energy Infrastructure Fund,509A.T,-20.02,0.131,0.011,Yes
2401,"MedRx Co., Ltd",4586.T,-54.2,0.448,0.928,No
2402,"Magmag, Inc.",4059.T,-39.9,0.293,0.294,No
2403,"J.E.T. Co., Ltd.",6228.T,-43.89,0.329,0.25,Yes
2404,"Meiho Holdings,Inc.",7369.T,-49.71,0.388,0.18,No
2405,"Mamiya-OP Co., Ltd.",7991.T,-36.22,0.255,0.069,No
2406,"Tokai Kisen Co., Ltd.",9173.T,-12.09,0.074,0.141,Yes
2407,Pixela Corporation,6731.T,-71.95,0.693,0.077,Yes
2408,"Growth X Partners,Inc.",244A.T,-48.28,0.367,0.002,Yes
2409,"NETSTARS Co.,Ltd.",5590.T,-45.33,0.337,0.285,Yes
2410,"KYOTO KIMONO YUZEN HOLDINGS Co., Ltd.",7615.T,-42.35,0.303,0.227,Yes
2411,"Taka-Q Co., Ltd.",8166.T,-22.98,0.145,0.09,Yes
2412,Yamatane Corporation,9305.T,-26.18,0.167,0.144,No
2413,"ONDECK Co., Ltd.",7360.T,-31.81,0.21,0.24,No
2414,Perseus Proteomics Inc.,4882.T,-53.83,0.417,0.108,No
2415,"THE WHY HOW DO COMPANY, Inc.",3823.T,-54.84,0.428,0.259,Yes
2416,"Rise Consulting Group, Inc.",9168.T,-53.27,0.408,0.277,No
2417,"J Escom Holdings,Inc.",3779.T,-32.02,0.21,0.106,Yes
2418,Retty Inc.,7356.T,-43.84,0.31,0.753,No
2419,"Japan Asia Investment Co., Ltd.",8518.T,-39.18,0.266,0.19,Yes
2420,BlueMeme Inc.,4069.T,-63.82,0.53,0.41,No
2421,"Spacemarket,Inc.",4487.T,-34.8,0.228,0.289,No
2422,"Hiraki Co.,Ltd.",3059.T,-15.61,0.091,0.06,No
2423,CENTRAL REIT Investment Corporation,3488.T,-10.0,0.057,0.015,Yes
2424,Sourcenext Corporation,4344.T,-35.67,0.231,0.12,No
2425,"Schoo,inc.",264A.T,-57.28,0.434,0.049,No
2426,GLOE Inc.,9565.T,-25.08,0.151,0.108,No
2427,"SM ENTERTAINMENT JAPAN Co.,Ltd.",4772.T,-37.76,0.246,0.001,Yes
2428,"Linical Co., Ltd.",2183.T,-38.7,0.25,0.276,Yes
2429,ANA Holdings Inc.,92025.T,-5.12,0.027,0.004,No
2430,Showcase Inc.,3909.T,-40.09,0.258,0.119,No
2431,"Gurunavi, Inc.",2440.T,-40.55,0.262,0.142,No
2432,CRAVIA Inc.,6573.T,-70.88,0.601,0.937,No
2433,"Shingakukai Holdings Co.,Ltd.",9760.T,-30.48,0.183,0.086,No
2434,SIGMAXYZ Holdings Inc.,6088.T,-36.97,0.228,0.105,No
2435,"AI,Inc.",4388.T,-25.29,0.143,0.066,Yes
2436,"Aidma Holdings, Inc.",7373.T,-62.59,0.469,0.017,No
2437,"Toho Holdings Co., Ltd.",8129.T,-26.98,0.154,0.243,No
2438,True Data Inc.,4416.T,-50.42,0.332,0.019,No
2439,visumo Inc.,303A.T,-45.43,0.286,0.042,No
2440,"Prored Partners CO.,LTD.",7034.T,-43.0,0.263,0.204,No
2441,"AVIX,Inc.",7836.T,-20.93,0.111,0.058,Yes
2442,KIDS STAR Inc.,248A.T,-59.4,0.402,0.221,No
2443,DLE Inc.,3686.T,-55.55,0.356,0.431,Yes
2444,AXXZIA Inc.,4936.T,-28.98,0.153,0.3,Yes
2445,Wowow Inc.,4839.T,-30.44,0.16,0.139,No
2446,"Forside Co.,Ltd.",2330.T,-60.95,0.402,0.093,No
2447,"Subaru Co., Ltd.",9778.T,-17.4,0.084,0.015,No
2448,AppBank Inc.,6177.T,-61.63,0.408,0.348,Yes
2449,"Fuller, Inc.",387A.T,-56.28,0.352,0.022,No
2450,"KIYO Learning Co.,Ltd.",7353.T,-33.18,0.174,0.055,Yes
2451,Omni-Plus System Limited,7699.T,-20.73,0.101,0.049,Yes
2452,"SuRaLa Net Co.,Ltd.",3998.T,-24.75,0.121,0.066,Yes
2453,"Senshukai Co., Ltd.",8165.T,-56.14,0.336,0.392,No
2454,"Value Creation Co.,Ltd.",9238.T,-76.45,0.565,0.23,No
2455,Integroup Inc.,192A.T,-40.93,0.213,0.099,No
2456,"AI storm Co., Ltd.",3719.T,-72.64,0.498,0.374,Yes
2457,Anap Holdings Inc.,3189.T,-75.25,0.533,0.039,No
2458,"Ame Kaze Taiyo, Inc.",5616.T,-43.09,0.222,0.149,No
2459,TSUKURUBA Inc.,2978.T,-42.89,0.22,0.21,No
2460,TV TOKYO Holdings Corporation,9413.T,-29.65,0.139,0.037,No
2461,"Will Smart Co.,LTD.",175A.T,-44.08,0.225,0.222,Yes
2462,Forval Corporation,8275.T,-24.17,0.107,0.217,No
2463,"AGORA Hospitality Group Co., Ltd",9704.T,-55.46,0.306,0.211,No
2464,"Happiness and D Co.,Ltd.",3174.T,-45.64,0.231,0.269,No
2465,"Bleach, Inc.",9162.T,-39.07,0.186,0.149,No
2466,"Lapine Co., Ltd.",8143.T,-48.82,0.247,0.223,Yes
2467,"Media Kobo, Inc.",3815.T,-19.45,0.081,0.091,No
2468,"Revolution Co., Ltd.",8894.T,-69.56,0.411,0.802,No
2469,"Interfactory, Inc.",4057.T,-23.14,0.094,0.156,No
2470,Wel-Dish.Incorporated,2901.T,-76.82,0.49,0.229,No
2471,"Ishin Co., Ltd.",143A.T,-33.11,0.139,0.15,Yes
2472,"AnGes, Inc.",4563.T,-53.91,0.262,0.181,Yes
2473,"Tokyo Cosmos Electric Co., Ltd.",6772.T,-40.61,0.178,0.146,Yes
2474,"enish,inc.",3667.T,-72.8,0.429,0.073,Yes
2475,Laxus Technologies Inc.,288A.T,-44.79,0.201,0.106,No
2476,"Minoya Co., Ltd.",386A.T,-40.85,0.178,0.262,Yes
2477,"Classico, Inc.",442A.T,-61.18,0.309,0.417,No
2478,Japan Hospice Holdings Inc.,7061.T,-64.15,0.325,0.208,Yes
2479,AltPlus Inc.,3672.T,-61.36,0.261,0.269,No
2480,"Japan Airlines Co., Ltd.",92015.T,-9.41,0.007,,
2481,"ChatPlus Co.,Ltd.",598A.T,64.37,,,
2482,COEL Inc.,522A.T,0.0,0.0,0.0,No
