Rank,Name,Ticker,Return (%),Risk,Volatility,Follows Market Direction ?
1,Dividend Growth Split Corp.,DDWWF,34.25,0.0,0.0,Yes
2,MINT Income Fund,MICFF,8.9,0.0,0.0,No
3,Oceanhawk Acquisition Corp,OHAC,3.69,0.0,,
4,Mountain Crest Acquisition 6 Corp.,MCAH,4.94,0.0,,
5,Alki Consolidated Income ETF,IINC,38.42,0.001,,
6,Brookfield Corporation,BKFPF,9.1,0.0,0.0,Yes
7,Cohen & Steers Future of Energy Active ETF,CSEN,68.55,0.007,,
8,Proshares Genius Money Market ETF,IQMM,3.62,0.0,0.001,No
9,NYLI Investment Grade CLO ETF,CLOO,5.08,0.001,0.001,No
10,Pacer Barings CLO Market Flex ETF,AAAP,7.73,0.002,,
11,Simplify Government Money Market ETF,SBIL,3.73,0.001,0.003,Yes
12,State Street SPDR Portfolio Ultra Short T-Bill ETF,SPTU,3.68,0.001,0.001,No
13,F/M Accumulator Ultrashort U.S. Treasury Fund,SGVA,3.46,0.001,,
14,Vanguard Target Maturity 2027 Corporate Bond ETF,VBCA,4.15,0.002,0.009,Yes
15,HCM Large Cap Growth ETF,AQLG,25.62,0.01,,
16,Collective Acquisition Corp. II,CAII,5.58,0.002,,
17,Long Table Growth Corp.,LTGRU,5.52,0.002,,
18,Breeze Acquisition Corp. II,BREZ,5.57,0.003,,
19,Jpmorgan 100% U.S. Treasury Securities Money Market ETF,JMMF,3.5,0.002,0.006,No
20,GMO ULTRA SHORT INCOME ETF,GMOC,4.26,0.002,0.002,Yes
21,DoubleLine Ultrashort Income ETF,DLUX,4.23,0.002,0.015,Yes
22,JAB Acquisition Corp I Unit,ATLQU,4.26,0.002,,
23,T. Rowe Price Capital Appreciation Market Opportunities ETF,TPUT,5.68,0.003,,
24,"RiverNorth/DoubleLine Strategic Opportunity Fund, Inc.",OPP-PC,11.53,0.007,0.076,Yes
25,National Bank of Greece S.A.,NBGRY,81.43,0.048,,
26,Plutonian Acquisition Corp II,PLUN,6.18,0.005,,
27,CH4 Natural Solutions Corporation,MTNE,3.08,0.003,,
28,Invesco Bulletshares 2027 Treasury Bond ETF,BSGR,4.36,0.004,,
29,Melar Acquisition Corp. I,MACI,4.69,0.004,0.01,No
30,Fidelity Enhanced Mid Cap Value,FEMV,33.51,0.029,0.137,No
31,Thrivent International Large Cap ETF,TILC,13.49,0.013,,
32,Invesco Bulletshares 2028 Treasury Bond ETF,BSTS,2.35,0.002,,
33,Vanguard Target Maturity 2028 Corporate Bond ETF,VBCB,3.17,0.003,0.016,Yes
34,Janus Henderson AA-A CLO ETF,JA,5.45,0.006,0.026,Yes
35,Franklin BSP CLO ETF,YCLO,5.73,0.006,,
36,Drugs Made In America Acquisition Corp.,DMAA,5.11,0.006,0.023,Yes
37,Silver Pegasus Acquisition Corp.,SPEG,4.39,0.005,0.004,Yes
38,Burtech Acquisition Corp II,BRKHU,4.47,0.005,0.033,Yes
39,Disciplined Growth Acquisition Corporation,DGAC-UN,4.48,0.005,0.005,No
40,FortuneX Acquisition Corporation,FXACU,8.25,0.01,0.143,Yes
41,FFW Corporation,FFWC,27.06,0.031,0.111,Yes
42,Columbia AAA CLO ETF,AAAC,4.98,0.006,0.029,Yes
43,Fidelity Short-Term Bond Fund ETF,FSTB,1.69,0.002,,
44,Vernal Capital Acquisition Corp.,VECA,4.09,0.005,0.004,Yes
45,Hennessy Capital Investment Corp. VIII,HCIC,4.45,0.006,0.014,No
46,Vaneck Healthcare TruSector ETF,TRUH,61.62,0.07,0.381,No
47,Globa Terra Acquisition Corporation,GTERA,4.71,0.007,0.009,Yes
48,GigCapital9 Corp.,GIX,3.95,0.006,0.022,Yes
49,"Aldabra 4 Liquidity Opportunity Vehicle, Inc.",ALOV,3.95,0.006,0.032,Yes
50,FT Vest Laddered Autocallable Barrier & Resilient Income ETF,ACYS,8.56,0.012,0.11,Yes
51,Eurobank S.A.,ERBKY,123.7,0.124,,
52,New Mountain Finance Corporation 8.250% Notes due 2028,NMFCZ,9.35,0.013,0.033,Yes
53,Goldman Sachs Data Enhanced International Equity ETF,GIEQ,18.61,0.026,0.319,Yes
54,Paloma Acquisition Corp I,PALO,3.38,0.005,0.005,Yes
55,Pzena U.S. Large Cap Value ETF,PZLV,56.55,0.072,0.334,No
56,Lakeshore Acquisition III Corp.,LCCC,4.45,0.007,0.017,Yes
57,Zacks Income ETF,ZINC,20.58,0.03,,
58,Wintergreen Acquisition Corp.,WTG,5.66,0.009,0.003,Yes
59,Thayer Ventures Acquisition Corporation II,TVAI,3.59,0.006,0.015,Yes
60,Blueport Acquisition Ltd,BPAC,3.55,0.006,0.011,Yes
61,YHN Acquisition I Limited,YHNA,5.85,0.009,0.027,Yes
62,Idea Acquisition Corp.,IACO,4.01,0.007,0.032,Yes
63,Morgan Stanley,MS-PF,6.44,0.01,0.001,No
64,Siddhi Acquisition Corp.,SDHI,3.88,0.007,0.011,No
65,Peace Acquisition Corp,PECE,4.31,0.007,,
66,Kochav Defense Acquisition Corp.,KCHV,4.47,0.008,0.02,Yes
67,XFLH Capital Corporation,XFLH,4.19,0.007,0.036,Yes
68,FT Vest Laddered Autocallable Barrier & Income ETF,ACYN,15.39,0.025,0.082,Yes
69,Guggenheim Ultra Short Income ETF,GCSH,3.55,0.006,,
70,Bank of Botetourt,BORT,55.71,0.081,0.341,Yes
71,Bread Financial Holdings Inc,BFH-PA,14.41,0.024,0.072,Yes
72,Harvard Ave Acquisition Corporation,HAVA,4.26,0.008,0.015,Yes
73,Rayliant NxtGen Multifactor International Equity ETF,RWIN,23.8,0.041,0.087,No
74,"Cullman Bancorp, Inc.",CULL,53.26,0.084,0.243,Yes
75,Future Money Acquisition Corporation,FMAC,3.66,0.007,0.025,Yes
76,Pacer Barings Secured Credit Flex ETF,PBSC,6.61,0.012,,
77,Danske Bank A/S,DNKEY,54.34,0.085,0.185,Yes
78,Man Active Income ETF,MANI,9.41,0.018,0.109,Yes
79,NMP Acquisition Corp.,NMP,4.52,0.009,0.001,No
80,Shreya Acquisition Group,SAGU,4.53,0.009,0.046,Yes
81,Pinnacle Bankshares Corporation,PPBN,89.98,0.131,0.217,Yes
82,Crown Reserve Acquisition Corp. I,CRAC,3.65,0.007,0.028,Yes
83,MSCI ACWI exAU/CONSUMER GRTR US,RWAYL,7.99,0.016,0.02,Yes
84,"WhiteHorse Finance, Inc. 7.875% Notes due 2028",WHFCL,7.83,0.015,0.013,Yes
85,"Summit Bank Group, Inc.",SBKO,64.54,0.104,0.195,Yes
86,Quantum Leap Acquisition Corp,QLEP,4.93,0.01,,
87,iShares 0-1 Year TIPS Bond ETF,ICPI,4.4,0.009,0.001,Yes
88,Launch Two Acquisition Corp.,LPBB,3.66,0.008,0.018,No
89,Armada Acquisition Corp. III,AACI,4.44,0.009,0.044,Yes
90,First Farmers and Merchants Corporation,FFMH,53.95,0.094,0.301,Yes
91,Saratoga Investment Corp 8.00% ,SAJ,8.02,0.017,0.035,Yes
92,Lake Ridge Bancorp Inc.,LRBI,59.19,0.102,0.389,Yes
93,"United Tennessee Bankshares, Inc.",UNTN,63.64,0.108,0.122,No
94,Target Corporation,TGT,99.41,0.153,0.096,No
95,"Bank of the James Financial Group, Inc.",BOTJ,87.43,0.139,0.2,Yes
96,Reckoner BBB-B CLO Annual ETF,RCLY,12.13,0.025,0.088,Yes
97,Wisdomtree International Adaptive Moving Average Fund,WIMA,34.52,0.066,0.37,Yes
98,Aeon Acquisition I Corp.,AESPU,7.98,0.017,,
99,Fortress Value Acquisition Corp. V,FVAV,4.25,0.009,0.019,Yes
100,Oxford Lane Capital Corp. 5.00% Notes due 2027,OXLCZ,7.94,0.017,0.034,Yes
101,Reckoner BBB-B CLO Reinvesting ETF,RCLR,11.97,0.025,0.086,Yes
102,HCM IV Acquisition Corp.,HACQ,3.98,0.009,0.021,Yes
103,Westin Acquisition Corp,WSTN,4.13,0.009,0.025,Yes
104,ACP Holdings Acquisition Corp.,ACGC,3.27,0.007,0.054,No
105,"Fukuoka Financial Group, Inc.",FKKFY,91.42,0.151,0.464,No
106,Saratoga Investment Corp 6.00% ,SAT,8.02,0.018,0.105,Yes
107,AmperCap Acquisition Company,APMC,5.59,0.012,,
108,SMART Mid Cap ETF,SMCP,53.0,0.098,0.853,Yes
109,Insight Digital Partners II,DYOR,2.98,0.007,0.032,Yes
110,Ames National Corporation,ATLO,67.83,0.12,0.341,No
111,ClearThink 1 Acquisition Corp.,CTAAU,2.63,0.006,0.004,Yes
112,Inflection Point Acquisition Corp. V,IPEX,3.84,0.009,0.009,Yes
113,StoneBridge Acquisition II Corporation,APAC,4.61,0.01,0.02,Yes
114,Variant Perception Cycle Aware US Equity ETF,VPX,83.01,0.143,0.842,Yes
115,Kuehne + Nagel International AG,KHNGY,53.73,0.101,0.098,Yes
116,Muncy Columbia Financial Corporation,CCFN,89.87,0.153,0.465,Yes
117,Royalty Pharma plc,RPRX,88.75,0.153,0.236,Yes
118,F & M Bank Corp.,FMBM,67.45,0.124,0.293,Yes
119,Alpex Acquisition Corporation,ALPXU,8.69,0.02,,
120,"Parke Bancorp, Inc.",PKBK,69.33,0.127,0.044,Yes
121,"Sound Point Meridian Capital, Inc.",SPMA,8.0,0.018,0.09,Yes
122,Eagle Point Income Company,EICA,6.71,0.015,0.026,Yes
123,SPACSphere Acquisition Corp.,SSAC,4.3,0.01,0.005,Yes
124,"NASB Financial, Inc.",NASB,32.64,0.068,0.111,No
125,Lake Superior Acquisition Corp.,LKSP,3.92,0.009,0.023,Yes
126,Charlton Aria Acquisition Corporation,CHAR,6.24,0.014,0.053,Yes
127,"ConnectOne Bancorp, Inc.",CNOBP,13.07,0.03,0.146,Yes
128,Saratoga Investment Corp 8.125%,SAY,8.51,0.02,0.103,Yes
129,Katahdin Bankshares Corp.,KTHN,47.75,0.097,0.301,No
130,Praetorian Acquisition Corp.,PTOR,4.97,0.012,0.049,Yes
131,Thrivent International Small Cap ETF,TISC,34.53,0.074,,
132,Trinity Capital Inc.,TRNI,7.48,0.018,0.077,Yes
133,"Kish Bancorp, Inc.",KISB,114.45,0.195,0.895,Yes
134,Apogee Acquisition Corp,AACP,4.92,0.012,0.125,Yes
135,Singapore Exchange Limited,SPXCY,65.8,0.13,0.284,Yes
136,Eagle Point Institutional Income Fund,EIIA,8.57,0.021,0.114,Yes
137,Archimedes Tech SPAC Partners III Co.,ARCI,7.23,0.018,0.002,Yes
138,SPACSphere Acquisition Corp.,SSACU,3.4,0.009,0.018,Yes
139,"Citizens Bancorp of Virginia, Inc.",CZBT,46.87,0.099,0.081,No
140,Bitcoin Infrastructure Acquisition Corp Ltd.,BIXI,3.84,0.01,0.027,Yes
141,AAM Crescent Clo ETF,CLOC,5.38,0.013,0.075,Yes
142,Pearl Diver Credit Company Inc.,PDPA,8.05,0.02,0.059,Yes
143,Patriot Acquisition Corp.,PTACU,3.66,0.009,0.012,No
144,Morgan Stanley,MS-PE,6.21,0.015,0.013,Yes
145,Infinite Eagle Acquisition Corp.,IEAG,5.62,0.014,0.063,No
146,Quantumsphere Acquisition Corporation,QUMS,4.06,0.01,0.005,Yes
147,"Chesapeake Financial Shares, Inc.",CPKF,96.55,0.18,0.051,Yes
148,Drugs Made In America Acquisition II Corp.,DMII,3.82,0.01,0.038,Yes
149,Commercial National Financial Corporation,CEFC,36.96,0.083,0.014,Yes
150,K&F Growth Acquisition Corp. II,KFII,4.66,0.012,0.022,Yes
151,Willow Lane Acquisition Corp. II,WLII,7.05,0.018,0.087,Yes
152,Aldel Financial II Inc.,ALDF,3.56,0.009,0.042,Yes
153,"Old Second Bancorp, Inc.",OSBC,53.11,0.114,0.151,No
154,"OFS Credit Company, Inc.",OCCIM,7.81,0.02,0.045,Yes
155,Chenghe Acquisition III Co.,CHEC,3.63,0.009,0.001,No
156,Great Elm Capital Corp. 8.50% NOTES DUE 2029,GECCI,7.06,0.018,0.082,No
157,Man Active High Yield ETF,MHY,9.76,0.025,0.095,Yes
158,Muzero Acquisition Corp,MUZE,3.45,0.009,0.006,No
159,Copley Acquisition Corp,COPL,4.44,0.012,0.042,Yes
160,Stellar V Capital Corp.,SVCC,3.93,0.01,0.03,Yes
161,"Merchants Financial Group, Inc.",MFGI,72.11,0.15,0.004,Yes
162,Oxford Bank Corporation,OXBC,20.08,0.05,0.011,No
163,Sachem Capital Corp. 6.00% Note,SCCE,11.85,0.03,0.015,Yes
164,"First Resource Bancorp, Inc.",FRSB,48.05,0.108,0.284,Yes
165,Vanguard Target Maturity 2029 Corporate Bond ETF,VBCC,2.28,0.006,0.022,Yes
166,"FB Bancorp, Inc.",FBLA,34.01,0.081,0.284,No
167,Swedish Orphan Biovitrum AB (publ),BIOVF,68.79,0.146,0.398,Yes
168,Quartzsea Acquisition Corporati,QSEA,5.19,0.014,0.004,No
169,Millicom International Cellular S.A.,TIGO,131.2,0.237,0.261,Yes
170,NewHold Investment Corp IV,NHIV,7.43,0.02,,
171,"Vallant Financial, Inc.",VLNT,19.04,0.048,,
172,TrustCo Bank Corp NY,TRST,68.65,0.146,0.445,Yes
173,Cayson Acquisition Corp,CAPN,8.18,0.022,0.113,No
174,Triton International Limited,TRTN-PB,7.99,0.021,0.092,Yes
175,AMB Financial Corp.,AMFC,45.86,0.106,0.026,Yes
176,"Plains GP Holdings, L.P.",PAGP,76.64,0.162,0.52,No
177,Apex Tech Acquisition Inc.,TRAD-UN,6.31,0.017,0.022,Yes
178,Calisa Acquisition Corp,ALIS,4.07,0.011,0.039,Yes
179,Harleysville Financial Corporation,HARL,56.8,0.129,0.237,Yes
180,"Plains All American Pipeline, L.P.",PAA,71.87,0.156,0.387,No
181,Oxley Bridge Acquisition Limited,OBA,3.86,0.011,0.019,Yes
182,"Janus Living, Inc.",JAN,80.82,0.172,0.347,Yes
183,SWK Holdings Corporation 9.00% Senior Notes due 2027,SWKHL,7.85,0.022,0.09,No
184,Eagle Point Credit Company Inc.,ECCU,8.97,0.025,0.09,Yes
185,Pzena International Value ETF,PZIV,45.72,0.109,0.409,Yes
186,"Columbia Financial, Inc.",CLBK,81.96,0.175,0.449,Yes
187,Kensington Capital Acquisition Corp. VI,KCAC-UN,8.34,0.023,0.067,Yes
188,Banca Monte dei Paschi di Siena S.p.A.,BMPSY,124.42,0.24,3.42,No
189,Miluna Acquisition Corp,MMTX,3.91,0.011,0.026,Yes
190,Seapeak LLC,SEAL-PA,8.27,0.023,0.057,Yes
191,Enbridge Inc.,EBRZF,14.11,0.038,0.006,Yes
192,Spring Valley Acquisition Corp. IV,SVIV,8.24,0.023,0.092,Yes
193,"Alpine Income Property Trust, Inc.",PINE-PA,7.43,0.021,0.017,Yes
194,Crystal Valley Financial Corporation,CYVF,15.33,0.042,0.026,Yes
195,Polar Capital Holdings Plc,PLRRF,104.55,0.214,0.798,Yes
196,"Sturgis Bancorp, Inc.",STBI,67.33,0.153,0.331,Yes
197,Graniteshares Autocallable Hood ETF,AHD,44.27,0.108,1.605,Yes
198,SVB & T Corporation,SVBT,58.58,0.137,0.398,Yes
199,American Business Bank,AMBZ,39.61,0.099,0.003,No
200,Zacks Preferred Income ETF,PRIZ,5.24,0.015,,
201,Oyster Enterprises II Acquisition Corp,OYSE,3.8,0.011,0.039,Yes
202,"Tri-County Financial Group, Inc.",TYFG,73.48,0.167,0.465,Yes
203,Pembina Pipeline Corporation,PMBPF,15.04,0.042,0.171,Yes
204,EQV Ventures Acquisition Corp. II,EVAC,3.79,0.011,0.039,Yes
205,"Madison County Financial, Inc.",MCBK,33.59,0.088,0.113,Yes
206,"PFS Bancorp, Inc.",PFSB,75.0,0.171,0.481,Yes
207,Altius Minerals Corporation,ATUSF,110.83,0.231,0.464,Yes
208,"NewtekOne, Inc. 8.00% Fixed Rate Senior Notes due 2028",NEWTI,9.16,0.026,0.094,Yes
209,Saratoga Investment Corp 8.50% ,SAZ,9.2,0.027,0.049,Yes
210,Banco Hipotecario SA,BHPTY,11.3,0.032,0.126,No
211,"Financial Institutions, Inc.",FISI,60.85,0.147,0.299,Yes
212,Social Commerce Partners Corporation,SCPQ,2.44,0.007,0.017,Yes
213,Starry Sea Acquisition Corp,SSEA,3.74,0.011,0.018,Yes
214,"High Country Bancorp, Inc.",HCBC,62.4,0.151,0.498,Yes
215,SC II Acquisition Corp.,SCII,3.39,0.01,0.015,Yes
216,"First Bancorp of Indiana, Inc.",FBPI,35.89,0.095,0.179,No
217,The Bank of N.T. Butterfield & Son Limited,NTB,46.18,0.118,0.112,Yes
218,GP-Act III Acquisition Corp.,GPAT,3.41,0.01,0.046,No
219,Jackson Acquisition Company II,JACS,3.8,0.011,0.023,No
220,Century Next Financial Corporation,CTUY,41.11,0.108,0.024,No
221,"Foresight Financial Group, Inc.",FGFH,67.1,0.162,0.004,No
222,"CSLM Digital Asset Acquisition Corp III, Ltd",KOYN,3.36,0.01,0.037,Yes
223,"FuelCell Energy, Inc.",FCELB,80.97,0.188,0.631,Yes
224,JATT II Acquisition Corp.,JATT,55.21,0.139,1.347,No
225,Oconee Financial Corporation,OSBK,26.82,0.074,0.299,Yes
226,Indigo Acquisition Corp.,INAC,3.73,0.011,0.022,No
227,"CSB Bancorp, Inc.",CSBB,62.85,0.154,0.356,No
228,W.T.B. Financial Corporation,WTBFB,54.29,0.137,0.369,Yes
229,"West Bancorporation, Inc.",WTBA,50.87,0.13,0.113,No
230,Nuveen Securitized Income ETF,NSCI,4.93,0.015,0.049,Yes
231,AA Mission Acquisition Corp. II,YCY,4.13,0.013,0.031,Yes
232,The Bank of New York Mellon Corporation,BNY,57.82,0.146,0.735,Yes
233,United Maritime Corporation,USEA,107.09,0.235,0.428,Yes
234,"OFS Credit Company, Inc.",OCCIN,8.44,0.026,0.095,Yes
235,"First National of Nebraska, Inc.",FINN,49.33,0.128,0.324,Yes
236,General Catalyst Global Resilience Merger Corp.,GCGR,5.48,0.017,,
237,"CoastalSouth Bancshares, Inc.",COSO,29.52,0.083,0.009,Yes
238,CNB Financial Corporation,CCNE,48.2,0.127,0.133,No
239,Fabege AB (publ),FBGGF,60.91,0.155,0.055,No
240,IGM Financial Inc.,IGIFF,87.23,0.205,0.941,Yes
241,"Croghan Bancshares, Inc.",CHBH,55.02,0.142,0.189,Yes
242,AI Infrastructure Acquisition Corp.,AIIA,4.2,0.013,0.016,Yes
243,"Ooma, Inc.",OOMA,104.67,0.237,0.201,No
244,Redwood Capital Bancorp,RWCB,33.38,0.094,0.258,Yes
245,RiverBank Holding Company,RBNK,39.46,0.109,0.189,No
246,Miller Convertible Total Return ETF,MCVT,34.69,0.098,0.382,Yes
247,DT Cloud Star Acquisition Corporation,DTSQ,9.01,0.028,0.015,No
248,American Drive Acquisition Company,ADAC,3.67,0.012,0.016,Yes
249,Camden National Corporation,CAC,59.29,0.156,0.172,No
250,Oxford Lane Capital Corp.,OXLCI,7.7,0.024,0.078,Yes
251,"Adamas Trust, Inc.",ADAML,20.0,0.06,0.261,Yes
252,FS Bancorp,FXLG,34.16,0.098,0.15,No
253,,CCYY,72.33,0.184,0.227,No
254,"Benchmark Bankshares, Inc.",BMBN,39.82,0.113,0.038,No
255,Fifth Third Bancorp,FITB-PI,6.65,0.022,0.041,Yes
256,ACNB Corporation,ACNB,60.12,0.16,0.42,Yes
257,Two Harbors Investment Corp.,TWO-PC,16.84,0.052,0.074,Yes
258,"RiverNorth Capital and Income Fund, Inc.",RSF,10.25,0.033,0.006,Yes
259,Dividend 15 Split Corp. II,DVDDF,77.82,0.198,0.701,Yes
260,Highview Merger Corp.,HVMC,3.26,0.011,0.056,Yes
261,Hysan Development Company Limited,HYSNF,107.29,0.253,0.725,No
262,West Shore Bank Corp.,WSSH,59.74,0.161,0.201,Yes
263,Kearny Financial Corp.,KRNY,67.93,0.179,0.166,Yes
264,Tavia Acquisition Corp.,TAVI,3.81,0.013,0.013,Yes
265,Horizon Technology Finance Corp,HTFC,6.62,0.022,0.014,Yes
266,FG Imperii Acquisition Corp.,FGII,2.44,0.008,0.016,No
267,"Western Midstream Partners, LP",WES,37.91,0.11,0.208,Yes
268,"First US Bancshares, Inc.",FUSB,43.44,0.124,0.224,Yes
269,Bank of San Francisco,BSFO,65.15,0.175,0.259,Yes
270,ATCO Ltd.,ACLLF,57.57,0.158,0.551,No
271,Collective Acquisition Corp.,CCAQ,4.77,0.016,0.019,Yes
272,Firm Capital Property Trust,FRMUF,32.58,0.098,0.469,Yes
273,Amalgamated Financial Corp.,AMAL,94.11,0.234,0.08,No
274,Beacon Financial Corporation,BBT,41.79,0.122,0.496,No
275,Wisdomtree U.S. Adaptive Moving Average Fund,WAMA,32.78,0.099,0.543,Yes
276,Kasikornbank Public Company Limited,KPCPY,67.32,0.182,0.817,Yes
277,"MFA Financial, Inc. 8.875% Seni",MFAN,10.96,0.036,0.179,Yes
278,First Busey Corporation,BUSE,39.9,0.118,0.1,Yes
279,MFS Active International Value ETF,MIVL,42.82,0.125,,
280,"Pinnacle Bancshares, Inc.",PCLB,38.12,0.113,0.436,No
281,Trinity Capital Inc.,TRNZ,7.48,0.025,0.087,Yes
282,Digi International Inc.,DGII,127.25,0.295,1.074,Yes
283,National HealthCare Corporation,NHC,94.71,0.239,0.071,Yes
284,FIGX Capital Acquisition Corp.,FIGX,3.73,0.013,0.069,Yes
285,Endeavor Bancorp,EDVR,42.65,0.126,0.372,Yes
286,State Street Short Duration Ig Public & Private Credit ETF,PRSD,3.45,0.012,0.06,Yes
287,ageas SA/NV,AGESY,35.58,0.108,0.308,Yes
288,Medallion Bank,MBNKO,10.94,0.037,0.116,Yes
289,Vaneck Financials TruSector ETF,TRUF,37.23,0.113,1.068,No
290,Worth Charting Options Income ETF,WRTH,15.89,0.052,0.311,No
291,YieldMax U.S. Stocks Target Double Distribution ETF,DDDD,32.99,0.102,0.23,Yes
292,"Orange County Bancorp, Inc.",OBT,61.26,0.172,0.08,Yes
293,DCC Energy plc,DCCPY,63.35,0.177,,
294,Vine Hill Capital Investment Corp. II,VHCP,3.26,0.011,0.04,Yes
295,"MBT Bancshares, Inc.",MBKL,36.43,0.111,0.114,No
296,Targa Resources Corp.,TRGP,93.28,0.239,0.52,No
297,"Lantheus Holdings, Inc.",LNTH,116.41,0.283,0.738,Yes
298,"Tweedy, Browne International Insider + Value ETF",ICPY,36.6,0.113,0.335,Yes
299,"Red River Bancshares, Inc.",RRBI,64.04,0.18,0.326,No
300,Cal Redwood Acquisition Corp.,CRAQ,3.93,0.014,0.056,Yes
301,Equitable Financial Corp.,EQFN,31.61,0.099,0.156,Yes
302,Town Center Bank,TCNB,37.53,0.116,0.333,No
303,"Bread Financial Holdings, Inc.",BFH,106.64,0.269,0.258,Yes
304,Banco BPM S.p.A.,BNNCY,61.06,0.175,0.465,Yes
305,Soulpower Acquisition Corporation,SOUL,4.22,0.015,0.043,Yes
306,"CNB Community Bancorp, Inc.",CNBB,23.66,0.077,0.172,Yes
307,"Angel Oak Mortgage REIT, Inc. 9",AOMD,11.42,0.039,0.19,Yes
308,Dampskibsselskabet Norden A/S,DPBSF,71.27,0.199,0.291,No
309,Carlyle Credit Income Fund,CCID,6.95,0.024,0.026,Yes
310,ENB Financial Corp,ENBP,59.91,0.174,0.188,Yes
311,"Paragon Financial Solutions, Inc.",PGNN,23.96,0.079,0.135,Yes
312,Main Street Financial Services Corp.,MSWV,56.96,0.168,0.226,Yes
313,Harbor ETF Trust - Harbor AlphaEdge Large Cap Value ETF,AELV,21.69,0.072,0.431,Yes
314,D. Boral Acquisition I Corp.,DBCA,3.7,0.013,0.026,Yes
315,"First Community Bankshares, Inc.",FCBC,55.38,0.164,0.363,No
316,Windrock Land Company,WRLC,30.49,0.098,0.402,Yes
317,Abony Acquisition Corp. I,AACO,2.14,0.008,0.044,No
318,SunocoCorp LLC,SUNC,81.91,0.225,0.047,Yes
319,Enbridge Inc.,EBGEF,7.68,0.027,0.026,No
320,CLP Holdings Limited,CLPHY,28.51,0.093,0.125,Yes
321,Spring Valley Acquisition Corp. IV,SVIVU,5.86,0.021,0.035,No
322,Enbridge Inc.,ENBNF,20.69,0.07,0.067,No
323,Emera Incorporated,ERRAF,14.48,0.05,0.085,Yes
324,Enbridge Inc. CUM RED PREF Series B,EBRGF,53.71,0.161,0.358,Yes
325,FTAI Aviation Ltd.,FTAIM,10.92,0.038,0.144,No
326,"Great Elm Group, Inc.  7.25% Notes due 2027",GEGGL,7.72,0.028,0.004,Yes
327,Canadian Utilities Limited,CDUAF,41.94,0.131,0.18,No
328,First National Corporation,FXNC,43.3,0.135,0.313,No
329,Krung Thai Bank Public Company Limited,KGTFY,98.49,0.261,0.317,Yes
330,Drägerwerk AG & Co. KGaA,DGWPF,79.18,0.222,0.056,No
331,Superior Plus Corp.,SPRPY,5.15,0.019,0.011,No
332,Vendome Acquisition Corporation I,VNME,3.75,0.014,0.057,Yes
333,Nmb Financial Corp,NMBF,40.04,0.127,0.287,Yes
334,Twelve Seas Investment Company III,TWLV,3.51,0.013,0.062,Yes
335,Kyocera Corporation,KYOCF,125.22,0.313,1.173,Yes
336,Brookfield Infrastructure Partners L.P.,BRIPF,11.67,0.041,0.03,Yes
337,GalaxyEdge Acquisition Corporation,GLED-UN,3.14,0.012,0.045,Yes
338,7.125% Fixed-Rate Reset Subordinated Debentures due 2052,RZC,7.09,0.026,0.089,Yes
339,Cohen & Steers Short Duration Preferred And Income Active ETF,CSSD,5.5,0.02,0.093,Yes
340,FACT II Acquisition Corp,FACT,4.03,0.015,0.06,Yes
341,Exchange Bank,EXSR,48.57,0.15,0.0,Yes
342,"Central Plains Bancshares, Inc.",CPBI,32.86,0.108,0.246,Yes
343,"Southern Missouri Bancorp, Inc.",SMBC,48.27,0.15,0.014,No
344,"Highlands Bankshares, Inc.",HBSI,33.44,0.11,0.305,No
345,"CBL & Associates Properties, Inc.",CBL,103.77,0.276,0.423,Yes
346,IHS Holding Limited,IHS,26.11,0.088,0.14,No
347,"Central Bancompany, Inc.",CBC,55.47,0.169,0.687,Yes
348,"Potomac Bancshares, Inc.",PTBS,50.32,0.156,0.25,Yes
349,"Origin Bancorp, Inc.",OBK,65.78,0.195,0.589,Yes
350,Tailwind 2.0 Acquisition Corp.,TDWD,3.84,0.014,0.062,Yes
351,Newbury Street II Acquisition Corp,NTWO,6.04,0.022,0.07,Yes
352,"National Healthcare Properties, Inc.",NHPBP,58.73,0.179,0.928,Yes
353,Fidelity Enhanced Small Cap Val,FSEV,21.29,0.074,0.223,No
354,Great-West Lifeco Inc.,GWLIF,72.82,0.212,0.765,Yes
355,"Peoples Bancorp of North Carolina, Inc.",PEBK,52.34,0.163,0.228,No
356,NGL Energy Partners LP,NGL-PB,29.18,0.098,0.211,Yes
357,Churchill Capital Corp XII,CXIIU,28.16,0.095,0.684,No
358,PennyMac Mortgage Investment Tr,PMTV,9.19,0.034,0.155,Yes
359,"Timberland Bancorp, Inc.",TSBK,46.94,0.149,0.257,No
360,"Endesa, S.A.",ELEZF,73.46,0.215,0.38,No
361,FCN Banc Corp.,FBVI,43.42,0.14,0.473,Yes
362,Navios Maritime Partners L.P.,NMM,116.8,0.305,0.201,Yes
363,"New York Mortgage Trust, Inc. 9.125% Senior Notes Due 2029",ADAMI,9.53,0.035,0.205,Yes
364,"Home Bancorp, Inc.",HBCP,32.29,0.108,0.098,No
365,State Street Corporation,STT,81.33,0.233,1.096,Yes
366,Starlink AI Acquisition Corporation,OTAI-UN,2.4,0.009,0.074,Yes
367,AIB Group plc,AIBGY,57.76,0.178,0.211,Yes
368,"Skyline Bankshares, Inc.",SLBK,68.32,0.204,0.252,Yes
369,"Weyco Group, Inc.",WEYS,73.45,0.216,0.061,Yes
370,Bombardier Inc.,BDRPF,17.17,0.061,0.111,No
371,Danaos Corporation,DAC,85.73,0.245,0.408,Yes
372,"Oceaneering International, Inc.",OII,133.41,0.339,0.154,No
373,Chimera Investment Corporation,CIMO,9.66,0.036,0.209,Yes
374,Svenska Handelsbanken AB (publ),SVNLY,42.61,0.139,0.686,Yes
375,Tompkins Financial Corporation,TMP,59.69,0.184,0.045,Yes
376,Extendicare Inc.,EXETF,139.61,0.351,0.691,Yes
377,Sizzle Acquisition Corp. II,SZZL,4.13,0.016,0.016,Yes
378,"STRATS Trust for Goldman Sachs Group Securities, Series 2006-2",GJS,5.79,0.022,0.043,No
379,"Pioneer Bankshares, Inc.",PNBI,99.26,0.275,0.72,Yes
380,"Dynex Capital, Inc.",DX-PC,9.6,0.036,0.223,Yes
381,"CaixaBank, S.A.",CIXPF,70.14,0.211,0.528,Yes
382,Investar Holding Corporation,ISTR,35.55,0.12,0.081,Yes
383,"Ramaco Resources, Inc.",METCI,8.53,0.032,0.176,Yes
384,"Annaly Capital Management, Inc.",NLY-PF,10.6,0.039,0.203,Yes
385,Woodlands Financial Services Company,WDFN,45.95,0.149,0.557,Yes
386,Nordea Bank Abp,NRDBY,39.73,0.132,0.678,Yes
387,Art Technology Acquisition Corp.,ARTC,2.87,0.011,0.045,Yes
388,"Krystal Biotech, Inc.",KRYS,127.06,0.331,0.482,Yes
389,"NewtekOne, Inc. 8.50% Fixed Rate Senior Notes due 2029",NEWTG,11.27,0.042,0.223,Yes
390,"CNO Financial Group, Inc.",CNO,45.97,0.15,0.324,Yes
391,"Marathon Bancorp, Inc.",MBBC,53.34,0.17,0.082,Yes
392,"The Baraboo Bancorporation, Inc.",BAOB,71.65,0.216,0.551,No
393,Mercantile Bank Corporation,MBWM,40.85,0.136,0.045,No
394,"Avidia Bancorp, Inc.",AVBC,57.23,0.181,0.428,No
395,"Endesa, S.A.",ELEZY,67.65,0.207,0.158,No
396,Apex Treasury Corporation,APXT,3.4,0.013,0.054,Yes
397,Colombier Acquisition Corp. III,CLBR,4.61,0.018,0.012,No
398,Translational Development Acquisition Corp.,TDAC,5.3,0.02,0.04,Yes
399,Hills Bancorporation,HBIA,18.92,0.069,0.094,Yes
400,KP Tissue Inc.,KPTSF,52.68,0.17,0.204,Yes
401,SUMA Acquisition Corporation,SUMA,1.53,0.006,0.004,No
402,General Purpose Acquisition Corp.,GPACU,2.41,0.009,0.044,Yes
403,Chatham Lodging Trust,CLDT,122.88,0.328,0.48,Yes
404,Origin Investment Corp I,ORIQ,3.71,0.014,0.048,Yes
405,KRAKacquisition Corp.,KRAQ,3.2,0.012,0.004,No
406,Balfour Beatty plc,BAFBF,64.14,0.201,0.669,Yes
407,"Business First Bancshares, Inc.",BFST,38.9,0.132,0.056,Yes
408,Steele Bancorp Inc.,STLE,105.12,0.294,0.364,Yes
409,Triton International Limited,TRTN-PA,10.8,0.041,0.149,No
410,SuRo Capital Corp. 6.00% Notes due 2026,NSLRL,6.1,0.024,0.092,No
411,"AmeriServ Financial, Inc.",ASRV,85.68,0.253,0.164,Yes
412,Norwood Financial Corp.,NWFL,46.37,0.155,0.038,No
413,BCE Inc.,BCPPF,13.36,0.05,0.157,Yes
414,TC Energy Corporation,TRPEF,11.48,0.044,0.143,No
415,Emera Incorporated,EMICF,11.22,0.043,0.051,Yes
416,Canadian Utilities Limited 2ND PFD SER Y,CNAUF,10.1,0.039,0.023,Yes
417,Vital Healthcare Property Trust,VTHPF,13.67,0.052,0.031,Yes
418,Enbridge Inc.,ENBFF,10.61,0.041,0.025,Yes
419,The Toronto-Dominion Bank,TDBCP,8.18,0.032,0.099,Yes
420,Sun Life Financial Inc.,SUNFF,10.46,0.04,0.024,Yes
421,TC Energy Corporation,TCEYF,11.99,0.046,0.149,No
422,National Bank of Canada,NBCDF,9.74,0.037,0.117,Yes
423,Manulife Financial Corporation,MNLCF,8.79,0.034,0.021,Yes
424,Pembina Pipeline Corporation CUM PFD SER A 21,PMMBF,10.2,0.039,0.024,Yes
425,Kesko Oyj,KKOAF,5.43,0.021,0.054,No
426,"Provident Financial Holdings, Inc.",PROV,22.64,0.083,0.288,Yes
427,"Capital Properties, Inc.",CPTP,44.92,0.152,0.589,Yes
428,"Select Water Solutions, Inc.",WTTR,104.41,0.296,0.105,Yes
429,Swedbank AB (publ),SWDBY,49.4,0.164,0.251,Yes
430,"JD Bancshares, Inc.",JDVB,48.58,0.162,0.142,No
431,Vendome Acquisition Corporation I,VNMEU,2.95,0.012,0.021,No
432,Great Elm Capital Corp. - 8.125,GECCH,7.19,0.028,0.102,No
433,"Simon Property Group, Inc.",SPG-PJ,11.49,0.044,0.029,Yes
434,"Gouverneur Bancorp, Inc.",GOVB,64.12,0.204,0.205,Yes
435,M&T Bank Corporation,MTB-PH,6.81,0.027,0.141,Yes
436,Property For Industry Limited,PYIYF,9.2,0.036,0.041,No
437,"URSB Bancorp, Inc.",URSB,35.79,0.126,0.335,No
438,Lafayette Digital Acquisition Corp. I,ZKP,2.86,0.011,0.043,Yes
439,"HBT Financial, Inc.",HBT,52.27,0.174,0.026,No
440,Ayvens,ALLDF,36.3,0.127,0.098,Yes
441,"TPG Mortgage Investment Trust, ",MITN,10.87,0.042,0.239,Yes
442,"Resona Holdings, Inc.",RSNHF,68.92,0.218,0.203,Yes
443,ChampionsGate Acquisition Corporation,CHPG,4.46,0.018,0.057,Yes
444,Elkem ASA,ELKEF,50.0,0.168,0.16,Yes
445,"Mercer Bancorp, Inc.",MSBB,32.82,0.117,0.204,Yes
446,CK Hutchison Holdings Limited,CKHUF,54.3,0.18,0.573,Yes
447,AO World plc,AOWDF,9.01,0.035,,
448,SATS Ltd.,SPASY,13.92,0.054,,
449,Forefront Tech Holdings Acquisition Corp.,FTHA,4.33,0.017,,
450,Japan Engine Corporation,KDCLF,130.97,0.354,,
451,Keystone Acquisition Corp.,KEYY,2.46,0.01,,
452,Whitecap Resources Inc.,WCPRF,89.79,0.269,0.448,No
453,Mt. Carmel Public Utility Co.,MCPB,22.69,0.084,0.094,No
454,Essity AB (publ),ETTYF,71.03,0.224,0.627,No
455,ITHAX Acquisition Corp III,ITHA,2.09,0.008,0.019,Yes
456,Merchants Bancorp,MBIN,78.91,0.244,0.105,Yes
457,"Cass Information Systems, Inc.",CASS,52.82,0.177,0.078,Yes
458,"Southern BancShares (N.C.), Inc.",SBNC,48.98,0.166,0.019,No
459,TechnipFMC plc,FTI,121.27,0.336,0.115,No
460,BHP Group Limited,BHPLF,100.29,0.293,0.893,Yes
461,Quasaredge Acquisition Corporation,QRED,4.09,0.016,0.13,Yes
462,Innovator Index Autocallable In,ACII,10.04,0.039,0.23,Yes
463,Fleetwood Bank Corporation,FLEW,61.0,0.199,0.17,Yes
464,SilverBox Corp IV,SBXD,3.87,0.016,0.021,Yes
465,"Popular, Inc.",BPOPO,5.65,0.023,0.012,Yes
466,OFS Capital Corporation 4.95% Notes due 2028,OFSSH,7.79,0.031,0.046,Yes
467,"Fomento Económico Mexicano, S.A.B. de C.V.",FMXUF,50.75,0.172,0.054,No
468,SMART Small Cap ETF,SSCP,20.1,0.076,0.079,No
469,Sunoco LP,SUN,72.86,0.231,0.111,No
470,Madison Square Garden Sports Corp.,MSGS,82.67,0.255,0.181,Yes
471,"Community Investors Bancorp, Inc.",CIBN,43.87,0.153,0.506,No
472,Alerus Financial Corporation,ALRS,61.11,0.201,0.654,Yes
473,Grupo de Inversiones Suramericana S.A.,GIVPY,7.85,0.031,0.036,Yes
474,Security Federal Corporation,SFDL,45.91,0.159,0.157,Yes
475,LightWave Acquisition Corp.,LWAC,4.19,0.017,0.037,No
476,UniFirst Corporation,UNF,78.66,0.247,0.628,No
477,Reckoner Yield Enhanced AAA CLO,RAAR,4.99,0.02,0.06,Yes
478,"MFA Financial, Inc. 9.000% Seni",MFAO,10.08,0.04,0.232,Yes
479,Partners Bank of California,PBKX,92.92,0.28,0.191,Yes
480,MTN Group Limited,MTNOF,66.15,0.216,0.647,No
481,Manulife Financial Corp,MNQFF,9.58,0.038,0.004,Yes
482,"Embassy Bancorp, Inc.",EMYB,36.18,0.13,0.088,Yes
483,Kasikornbank Public Company Limited,KPCPF,51.03,0.175,0.683,No
484,The Toronto-Dominion Bank,TD,62.34,0.207,0.986,Yes
485,Solarius Capital Acquisition Corp.,SOCA,4.07,0.017,0.021,Yes
486,Plumas Bancorp,PLBC,52.76,0.18,0.144,Yes
487,"Private Bancorp of America, Inc.",PBAM,58.39,0.196,0.161,Yes
488,"Banco Bilbao Vizcaya Argentaria, S.A.",BBVA,68.33,0.223,0.532,Yes
489,Seapeak LLC,SEAL-PB,7.84,0.032,0.076,Yes
490,West Enclave Merger Corp.,WENC,3.69,0.015,0.088,No
491,"Northeast Indiana Bancorp, Inc.",NIDB,32.67,0.12,0.282,Yes
492,"CaixaBank, S.A.",CAIXY,57.76,0.195,0.813,Yes
493,Roman DBDR Acquisition Corp. II,DRDB,3.62,0.015,0.016,Yes
494,Preformed Line Products Company,PLPC,130.98,0.364,1.425,Yes
495,Orlen S.A.,PSKOF,134.17,0.37,1.322,No
496,"ACS, Actividades de Construcción y Servicios, S.A.",ACSAF,86.97,0.27,0.089,Yes
497,Alaris Equity Partners Income Trust,ADLRF,52.07,0.179,0.532,Yes
498,Aspen Pharmacare Holdings Limited,APNHF,87.24,0.271,0.311,Yes
499,Sierra Bancorp,BSRR,47.38,0.166,0.47,Yes
500,"Merck & Co., Inc.",MRK,96.87,0.294,0.613,No
501,Telecom Italia S.p.A.,TIIAY,90.29,0.28,1.097,Yes
502,Range Capital Acquisition Corp II,RNGT,2.55,0.011,0.055,Yes
503,M Evo Global Acquisition Corp II,MEVO,3.28,0.014,0.041,Yes
504,Columbia Research Enhanced Mid Cap ETF,REMC,25.27,0.097,0.491,Yes
505,"Oak Ridge Financial Services, Inc.",BKOR,24.72,0.095,0.462,Yes
506,Kuehne + Nagel International AG,KHNGF,46.9,0.166,0.599,Yes
507,CSX Corporation,CSX,50.92,0.178,0.453,Yes
508,Xsolla SPAC 1,XSLL,3.21,0.013,0.047,Yes
509,BCE Inc.,BCEFF,23.09,0.089,0.086,No
510,Neste Oyj,NTOIY,129.32,0.366,0.863,No
511,"Mizuho Financial Group, Inc.",MZHOF,70.73,0.233,0.274,Yes
512,"Farmers & Merchants Bancorp, Inc.",FMAO,46.7,0.166,0.21,Yes
513,First International Bank of Israel Ltd,FBKIF,51.0,0.179,0.315,No
514,OMV Aktiengesellschaft,OMVJF,56.63,0.195,0.151,No
515,,INBKZ,11.19,0.046,0.158,Yes
516,X3 Acquisition Corp. Ltd.,XCBE,3.71,0.016,0.017,Yes
517,Canadian Net Real Estate Investment Trust,CNNRF,38.7,0.142,0.293,Yes
518,Activate Energy Acquisition Corp.,AEAQ,3.32,0.014,0.07,Yes
519,DFA US Micro Cap Portfolio ETF Class,DFMC,50.63,0.178,0.517,Yes
520,Mycronic AB (publ),MICLF,131.68,0.373,1.57,Yes
521,Fifth Era Acquisition Corp I,FERA,3.56,0.015,0.034,Yes
522,OMV Aktiengesellschaft,OMVKY,72.37,0.239,0.6,No
523,NGL Energy Partners LP,NGL-PC,20.78,0.082,0.043,Yes
524,Bristol-Myers Squibb Company,BMY,64.84,0.219,0.403,No
525,"United Fire Group, Inc.",UFCS,94.99,0.295,0.432,Yes
526,"Fidelity D & D Bancorp, Inc.",FDBC,30.23,0.115,0.26,Yes
527,"Capitol Federal Financial, Inc.",CFFN,49.4,0.175,0.199,Yes
528,Viatris Inc.,VTRS,87.46,0.278,0.748,Yes
529,Ellington Financial Inc.,EFC-PB,14.04,0.057,0.285,Yes
530,Powszechna Kasa Oszczednosci Bank Polski Spólka Akcyjna,PSZKF,97.56,0.302,1.258,Yes
531,Oxford Lane Capital Corp.,OXLCN,8.76,0.036,0.212,Yes
532,Invest Green Acquisition Corporation,IGAC,3.23,0.014,0.064,Yes
533,Glanbia plc,GLAPF,78.73,0.257,0.796,Yes
534,MPC Container Ships ASA,MPZZF,82.61,0.267,0.251,Yes
535,FedEx Corporation,FDX,89.85,0.285,0.928,Yes
536,General Purpose Acquisition Corp.,GPAC,2.08,0.009,0.034,Yes
537,Rio Tinto Group,RIO,75.18,0.249,0.766,Yes
538,Donegal Group Inc.,DGICB,58.77,0.204,0.126,No
539,1st Source Corporation,SRCE,49.0,0.176,0.103,No
540,XMax Inc.,XMAX,74.53,0.247,0.136,No
541,Madison Square Garden Entertainment Corp.,MSGE,86.19,0.277,0.8,Yes
542,"Solitron Devices, Inc.",SODI,115.85,0.345,0.882,No
543,"Waterstone Financial, Inc.",WSBF,45.29,0.165,0.134,No
544,Rithm Property Trust Inc.,RPT-PC,10.53,0.044,0.224,Yes
545,Acadian Asset Management Inc.,AAMI,119.06,0.352,1.444,Yes
546,SSAB AB (publ),SSAAY,107.16,0.327,1.961,Yes
547,"First Reliance Bancshares, Inc.",FSRL,113.36,0.34,0.043,Yes
548,Titan Acquisition Corp,TACH,4.01,0.017,0.048,Yes
549,Summit Midstream Corporation,SMC,83.98,0.273,0.456,No
550,"Commercial Bancgroup, Inc.",CBK,50.72,0.182,0.415,Yes
551,Telekom Malaysia Berhad,MYTEF,46.99,0.171,0.71,No
552,Meshflow Acquisition Corp.,MESH,2.61,0.011,0.043,Yes
553,Aurizon Holdings Limited,QRNNF,88.37,0.284,0.405,No
554,Eaton Vance Tax-Advantaged Dividend Income Fund,EVT,30.04,0.116,0.687,Yes
555,"BrightSpring Health Services, Inc.",BTSGU,117.99,0.353,1.026,Yes
556,Exchange Income Corporation,EIFZF,82.13,0.269,0.129,Yes
557,Headwater Exploration Inc.,CDDRF,119.86,0.357,0.173,No
558,Ecora Royalties PLC,ECRAF,128.87,0.376,0.023,Yes
559,"Phoenix Energy One, LLC",PHXE-P,51.7,0.186,0.933,No
560,OneIM Acquisition Corp.,OIM,3.91,0.017,0.004,Yes
561,City of London Investment Group Plc,CLIUF,62.32,0.218,0.41,Yes
562,"FVCBankcorp, Inc.",FVCB,50.07,0.182,0.126,No
563,"Mizuho Financial Group, Inc.",MFG,69.67,0.238,0.738,Yes
564,Genco Shipping & Trading Limited,GNK,69.93,0.239,0.286,Yes
565,Russel Metals Inc.,RUSMF,101.63,0.319,1.248,Yes
566,BCE Inc.,BCEPF,20.46,0.083,0.007,Yes
567,Butler National Corporation,BUKS,137.39,0.396,0.512,No
568,H2O America,HTO,39.35,0.149,0.727,No
569,Enterprise Products Partners L.P.,EPD,36.75,0.14,0.279,No
570,"J.B. Hunt Transport Services, Inc.",JBHT,124.26,0.37,1.479,Yes
571,Golden State Bancorp,GSBX,32.79,0.127,0.767,Yes
572,Lionheart Holdings,CUB,3.65,0.016,0.011,Yes
573,Safeguard Acquisition Corp.,SAC,2.96,0.013,0.041,Yes
574,Balfour Beatty plc,BLFBY,67.32,0.233,0.766,Yes
575,"Virtu Financial, Inc.",VIRT,108.21,0.335,0.352,Yes
576,The Bank of Nova Scotia,BNS,52.01,0.189,0.978,Yes
577,Power Corporation of Canada,PWCDF,65.99,0.23,1.039,Yes
578,"National Bankshares, Inc.",NKSH,54.41,0.197,0.334,No
579,PennyMac Mortgage Investment Tr,PMTU,9.57,0.041,0.021,No
580,State Street Energy Select Sector SPDR Premium Income ETF,XLEI,40.93,0.155,0.527,No
581,SIM Acquisition Corp. I,SIMA,4.58,0.02,0.023,No
582,Jazz Pharmaceuticals plc,JAZZ,110.95,0.344,0.388,Yes
583,Brookfield Corporation,BKFOF,9.09,0.039,0.152,No
584,"Escalade, Incorporated",ESCA,80.01,0.269,0.422,No
585,Phoenix Financial Ltd.,IPHXF,21.76,0.089,0.135,Yes
586,Eagle Point Credit Company,ECCC,14.81,0.062,0.004,Yes
587,Quebecor Inc.,QBCAF,62.62,0.222,0.758,No
588,"Adamas Trust, Inc. 9.250% Senior Notes Due 2031",ADAMO,9.26,0.04,0.169,Yes
589,"BrightSpring Health Services, Inc.",BTSG,122.12,0.37,1.108,Yes
590,Oak Valley Bancorp,OVLY,24.78,0.1,0.113,No
591,Costamare Inc.,CMRE-PC,10.5,0.045,0.165,Yes
592,Bluerock Acquisition Corp.,BLRKU,3.48,0.015,0.028,No
593,Glencore plc,GLNCY,96.48,0.312,0.152,No
594,Metals Acquisition Corp. II,MTAL,3.62,0.016,0.043,Yes
595,blueharbor bank,BLHK,51.63,0.191,0.011,No
596,Bar Harbor Bankshares,BHB,38.84,0.15,0.173,Yes
597,"Pioneer Bancorp, Inc.",PBFS,38.52,0.149,0.074,Yes
598,RRE Ventures Acquisition Corp.,RREV,1.63,0.007,0.055,Yes
599,Canadian Life Companies Split Corp.,CLSPF,86.97,0.29,0.734,Yes
600,Univest Financial Corporation,UVSP,48.44,0.181,0.29,Yes
601,NOV Inc.,NOV,76.12,0.262,0.709,Yes
602,McKinley Acquisition Corporation,MKLY,3.77,0.017,0.078,Yes
603,Banco Santander-Chile,BSAC,43.34,0.165,0.03,Yes
604,Woodsboro Bank,WOBK,64.73,0.231,0.104,Yes
605,"Ponce Financial Group, Inc.",PDLB,43.74,0.167,0.146,Yes
606,BlackRock Capital Allocation Term Trust,BCAT,34.92,0.138,0.826,Yes
607,Subsea 7 S.A.,SUBCY,114.92,0.359,0.364,Yes
608,"First Ottawa Bancshares, Inc.",FOTB,53.34,0.198,0.42,Yes
609,BFC Capital Trust II PFD TR 7.20%,BANFP,12.36,0.053,0.126,No
610,"Banco Comercial Português, S.A.",BPCGY,78.06,0.269,0.963,Yes
611,GasLog Partners LP,GLOP-PC,7.44,0.033,0.004,No
612,Peoples Financial Services Corp.,PFIS,55.62,0.205,0.109,Yes
613,Rio Tinto Group,RTPPF,81.65,0.279,1.002,Yes
614,"CTO Realty Growth, Inc.",CTO,44.98,0.172,0.349,Yes
615,Permian Resources Corporation,PR,107.99,0.345,1.22,No
616,First Financial Corporation,THFF,50.68,0.19,0.078,Yes
617,Swedish Orphan Biovitrum AB (publ),SWOBY,79.78,0.275,1.341,Yes
618,Alpine Banks of Colorado,ALPIB,72.28,0.254,0.081,No
619,UMS Integration Limited,UMSSF,5.53,0.025,0.04,Yes
620,OFS Capital Corporation,OFSSO,7.33,0.033,0.006,Yes
621,First Acceptance Corporation,FACO,83.96,0.287,0.886,Yes
622,"Affiliated Managers Group, Inc.",AMG,64.48,0.233,0.449,Yes
623,ASR Nederland N.V.,ARNNY,35.85,0.142,0.693,Yes
624,"Helmerich & Payne, Inc.",HP,130.8,0.398,0.835,Yes
625,"Principal Financial Group, Inc.",PFG,41.93,0.163,0.748,Yes
626,AltaGas Ltd.,ATGAF,13.24,0.058,0.014,No
627,Tryg A/S,TGVSF,58.38,0.216,0.634,Yes
628,QNB Corp.,QNBC,36.45,0.145,0.284,Yes
629,Powszechna Kasa Oszczednosci Bank Polski Spólka Akcyjna,PSZKY,86.31,0.294,1.458,Yes
630,The Farmers Bank of Appomattox,FBPA,28.03,0.115,0.334,Yes
631,"Enterprise Financial Services Group, Inc.",EFSG,70.51,0.252,0.565,Yes
632,"Southern First Bancshares, Inc.",SFST,45.08,0.174,0.07,Yes
633,The Coca-Cola Company,KO,42.02,0.164,0.231,Yes
634,"CG Oncology, Inc.",CGON,107.22,0.348,1.129,No
635,Chimera Investment Corporation ,CIMN,9.91,0.044,0.265,Yes
636,Westshore Terminals Investment Corporation,WTSHF,86.06,0.295,0.644,Yes
637,Eagle Point Credit Company Inc.,ECCV,8.49,0.038,0.064,Yes
638,"Pioneer Bankcorp, Inc.",PBKC,49.47,0.19,0.288,No
639,Mission Bancorp,MSBC,31.1,0.127,0.144,Yes
640,TGS ASA,TGSNF,110.56,0.357,0.398,Yes
641,"Pro-Dex, Inc.",PDEX,102.63,0.338,0.384,Yes
642,Weitz Short Duration Bond ETF,WSDB,1.72,0.008,0.012,Yes
643,Keyera Corp.,KEYRY,2.11,0.01,0.037,No
644,Peapack-Gladstone Financial Corporation,PGC,75.1,0.267,0.604,Yes
645,"BJ's Restaurants, Inc.",BJRI,138.58,0.419,0.873,Yes
646,Peoples Bancorp Inc.,PEBO,43.83,0.172,0.11,No
647,Assicurazioni Generali S.p.A.,ARZGY,42.04,0.166,0.64,Yes
648,GigCapital8 Corp.,GIW,2.61,0.012,0.043,Yes
649,"Sumitomo Mitsui Financial Group, Inc.",SMFG,64.66,0.238,0.546,Yes
650,Reit 1 Ltd,RETDF,49.2,0.19,0.03,Yes
651,"Midland States Bancorp, Inc.",MSBI,130.15,0.403,0.42,Yes
652,"Consumers Bancorp, Inc.",CBKM,44.02,0.173,0.041,Yes
653,BrainsWay Ltd.,BWAY,115.81,0.371,0.712,Yes
654,Energy Transfer LP,ET,39.94,0.159,0.023,Yes
655,TGE Value Creative Solutions Corp,BEBE,1.63,0.008,0.018,Yes
656,"Annaly Capital Management, Inc.",NLY-PG,9.41,0.042,0.204,Yes
657,TGS ASA,TGSGY,128.64,0.401,0.861,Yes
658,LaFayette Acquisition Corp.,LAFA,3.39,0.016,0.044,Yes
659,Two Harbors Investment Corp.,TWO-PA,15.79,0.069,0.031,Yes
660,Oxford Lane Capital Corp.,OXLCO,9.62,0.043,0.176,Yes
661,"B. Riley Financial, Inc. 6.50% Senior Notes Due 2026",RILYN,38.56,0.155,0.12,Yes
662,Enbridge Inc.,EBBGF,10.36,0.046,0.079,Yes
663,Sachem Capital Corp. 8.00% Note,SCCG,15.42,0.068,0.008,No
664,Atlanticus Holdings Corporation 6.125% Senior Notes due 2026,ATLCL,7.37,0.034,0.063,Yes
665,CT Real Estate Investment Trust,CTRRF,18.12,0.079,0.191,Yes
666,Pyrophyte Acquisition Corp. II,PAII,3.63,0.017,0.004,No
667,Canadian Banc Corp.,CNDCF,87.86,0.305,0.997,Yes
668,Freeport-McMoRan Inc.,FCX,120.46,0.385,0.719,Yes
669,Cenovus Energy Inc.,CVE,114.87,0.372,0.538,No
670,ReSolve Energie Inc.,QNBMF,4.99,0.023,0.005,Yes
671,Citizens Holding Company,CIZN,67.62,0.249,0.119,Yes
672,"The Chiba Bank, Ltd.",CHBAY,73.39,0.266,0.518,No
673,"German American Bancorp, Inc.",GABC,33.22,0.137,0.045,No
674,Glencore plc,GLCNF,94.92,0.325,0.018,Yes
675,TFS Financial Corporation,TFSL,46.96,0.186,0.166,Yes
676,"Jeff Bank, National Association",JFBC,40.41,0.163,0.505,No
677,Permian Basin Royalty Trust,PBT,108.87,0.361,0.559,Yes
678,"S&T Bancorp, Inc.",STBA,41.66,0.168,0.097,Yes
679,Johnson & Johnson,JNJ,54.69,0.211,0.688,No
680,DiamondRock Hospitality Company,DRH,71.14,0.262,0.353,Yes
681,FIS Faith Income ETF,FTHB,5.34,0.025,0.123,Yes
682,Cardinal Energy Ltd.,CRLFF,74.79,0.273,0.247,No
683,Ramsay Health Care Limited,RMYHY,76.35,0.278,0.273,No
684,Hiscox Ltd,HCXLY,72.68,0.267,0.313,No
685,SilverBox Corp V,SBXE,3.49,0.016,0.002,Yes
686,"Miller Industries, Inc.",MLR,47.25,0.188,0.046,No
687,White Pearl Acquisition Corp.,WPAC,3.49,0.016,0.064,Yes
688,"Abacus Global Management, Inc. ",ABXL,10.43,0.048,0.196,Yes
689,"Innovex International, Inc.",INVX,79.31,0.287,0.972,Yes
690,Ushio Inc.,UHOIF,111.79,0.371,0.961,Yes
691,Life Insurance Company Of Alabama,LINSA,70.7,0.262,0.379,Yes
692,Pyxis Tankers Inc.,PXS,113.15,0.375,0.368,No
693,Nuveen Massachusetts Quality Municipal Income Fund,NMT,16.1,0.072,0.005,Yes
694,"SmartFinancial, Inc.",SMBK,49.73,0.197,0.06,Yes
695,Star Bulk Carriers Corp.,SBLK,96.75,0.335,1.043,Yes
696,"Priority Income Fund, Inc.",PRIF-PL,7.61,0.035,0.049,No
697,Ducommun Incorporated,DCO,96.51,0.335,0.654,Yes
698,"Mesa Laboratories, Inc.",MLAB,115.71,0.383,1.051,Yes
699,"Byline Bancorp, Inc.",BY,44.97,0.182,0.207,No
700,Vertu Motors plc,VTMTF,53.25,0.21,0.318,Yes
701,Abrdn Life Sciences Investors,HQL,62.34,0.239,0.713,Yes
702,Bendigo and Adelaide Bank Limited,BXRBF,20.58,0.091,0.369,No
703,CES Energy Solutions Corp.,CESDF,128.39,0.413,0.471,No
704,"South Atlantic Bancshares, Inc.",SABK,52.83,0.208,0.506,Yes
705,"Postal Savings Bank of China Co., Ltd.",PSBKF,62.77,0.24,0.572,No
706,Wilmar International Limited,WLMIY,49.55,0.198,0.625,No
707,"W.W. Grainger, Inc.",GWW,44.78,0.182,0.407,Yes
708,"Sprott Focus Trust, Inc.",FUND,39.57,0.164,0.513,Yes
709,"Atea Pharmaceuticals, Inc.",AVIR,106.17,0.361,0.903,No
710,Enbridge Inc.,ENBHF,24.06,0.105,0.401,No
711,Westinghouse Air Brake Technologies Corporation,WAB,50.62,0.202,0.236,Yes
712,BAWAG Group AG,BAWAY,119.18,0.393,0.744,Yes
713,BHP Group Limited,BHP,88.06,0.315,1.054,Yes
714,"Solera National Bancorp, Inc.",SLRK,104.34,0.357,0.078,Yes
715,"Spectrum Brands Holdings, Inc.",SPB,83.34,0.302,0.254,Yes
716,Washington H. Soul Pattinson and Company Limited,WSOUF,48.5,0.195,0.343,Yes
717,Rithm Capital Corp.,RITM-PD,10.75,0.05,0.275,Yes
718,"Greif, Inc.",GEF-B,95.07,0.334,1.281,No
719,RWE Aktiengesellschaft,RWEOY,66.07,0.252,0.032,No
720,First Trust Active Factor International ETF,AFDM,26.85,0.117,0.439,Yes
721,"BlackRock MuniYield Michigan Quality Fund, Inc.",MIY,20.9,0.093,0.272,Yes
722,"Honat Bancorp, Inc.",HONT,24.4,0.107,0.303,Yes
723,HSBC Holdings plc,HSBC,61.81,0.239,0.733,Yes
724,Standard Bank Group Limited,SGBLY,55.96,0.22,0.562,Yes
725,The Gabelli Utility Trust,GUT,17.21,0.078,0.114,Yes
726,DHL AG,DHLGY,61.7,0.239,0.944,Yes
727,Ashland Inc.,ASH,67.66,0.257,0.093,No
728,Wells Fargo Advantage Funds - Allspring Global Dividend Opportunity Fund,EOD,28.07,0.122,0.796,Yes
729,"Schneider National, Inc.",SNDR,78.42,0.29,1.304,Yes
730,MPLX LP,MPLX,32.03,0.137,0.183,No
731,Home Loan Financial Corporation,HLFN,48.53,0.196,0.598,Yes
732,GSR V Acquisition Corp.,GSRVU,29.3,0.127,0.547,No
733,"Sumitomo Mitsui Financial Group, Inc.",SMFNF,70.72,0.267,0.803,Yes
734,HELLENiQ ENERGY Holdings S.A.,HLPMF,90.65,0.325,0.36,No
735,"ECB Bancorp, Inc.",ECBK,34.89,0.148,0.386,Yes
736,Surge Energy Inc.,SGYEF,82.13,0.301,0.453,No
737,Royal Bank of Canada,RY,47.03,0.192,0.631,Yes
738,China Shenhua Energy Company Limited,CUAEF,45.52,0.187,0.768,No
739,Emmis Acquisition Corp.,EMIS,3.4,0.016,0.04,Yes
740,SIG Group AG,SIGCY,79.41,0.294,0.077,Yes
741,Valley National Bancorp,VLY,36.91,0.156,0.519,Yes
742,"Lake Shore Bancorp, Inc.",LSBK,41.32,0.172,0.1,Yes
743,NN Group N.V.,NNGRY,40.82,0.171,0.495,Yes
744,FINQ DOLLAR NEUTRAL U.S. Large Cap AI-Managed Equity ETF,AINT,76.48,0.286,0.949,Yes
745,Automatic Bank Services Limited,ABANF,60.5,0.238,0.33,Yes
746,CH4 Natural Solutions Corporation,MTNE-UN,0.4,0.002,0.008,No
747,"Otsuka Holdings Co., Ltd.",OTSKY,50.13,0.204,0.053,Yes
748,Knight-Swift Transportation Holdings Inc.,KNX,93.0,0.333,1.254,Yes
749,Octave Intelligence plc,OCTV,88.82,0.323,2.936,Yes
750,Innovator U.S. Small Cap Managed 10 Buffer ETF,KBFR,22.53,0.101,0.233,Yes
751,Brookfield Corporation,BRPSF,7.94,0.038,0.152,No
752,Charter Hall Long WALE REIT,CHLWF,13.27,0.062,0.249,No
753,Brookfield Corporation,BKAMF,9.3,0.044,0.178,No
754,Capital Power Corp,CPWPF,8.15,0.039,0.156,No
755,BCE Inc.,BCEXF,7.13,0.034,0.029,No
756,Brookfield Corporation,BAMKF,6.61,0.032,0.128,No
757,Algonquin Power & Utilities Corp,AGQPF,10.47,0.049,0.199,No
758,George Weston Limited,WNGPF,8.06,0.038,0.155,No
759,Dayton &amp; Michigan Railroad Co. PFD 8%,DMRRP,5.69,0.027,0.11,No
760,"Burnham Holdings, Inc.",BURCB,6.73,0.032,0.13,No
761,Partners Value Investments LP,PVILF,5.32,0.026,0.103,No
762,Peoples Trust Company of St. Albans,PPAL,1.77,0.009,0.035,No
763,Thomson Reuters Corp,TMSOF,5.81,0.028,0.112,No
764,"Southern BancShares (N.C.), Inc. PFD CL C",SBNCN,6.39,0.031,0.002,Yes
765,Graf Global Corp.,TONT,3.33,0.016,0.031,Yes
766,"Mercari, Inc.",MCARY,116.48,0.395,0.429,No
767,Sachem Capital Corp. 7.125% Not,SCCF,10.89,0.051,0.106,Yes
768,Rithm Capital Corp.,RITM-PA,12.09,0.057,0.325,Yes
769,Wallenius Wilhelmsen ASA,WAWIF,134.9,0.439,0.463,Yes
770,"Adams Natural Resources Fund, Inc.",PEO,53.22,0.215,0.562,No
771,Knight Therapeutics Inc.,KHTRF,66.27,0.258,0.761,No
772,Ecopetrol S.A.,EC,113.3,0.388,1.144,No
773,"Navitas Petroleum, Limited Partnership",NVPTF,61.13,0.242,0.464,Yes
774,Andretti Acquisition Corp. II,POLE,4.09,0.02,0.021,Yes
775,Seneca Foods Corporation,SENEA,105.16,0.368,1.083,No
776,Oxford Square Capital Corp.,OXSQH,7.4,0.036,0.185,Yes
777,National Bank of Canada,NBKCF,9.45,0.045,0.137,Yes
778,Chino Commercial Bancorp,CCBC,37.53,0.161,0.265,Yes
779,Press Metal Aluminium Holdings Berhad,PSSMF,7.5,0.036,0.141,No
780,AIB Group plc,AIBRF,48.73,0.201,1.044,Yes
781,Medexus Pharmaceuticals Inc.,MEDXF,123.14,0.414,1.011,Yes
782,Ternium S.A.,TX,76.06,0.289,1.218,Yes
783,Chesnara plc,CSNRF,42.98,0.181,0.075,Yes
784,Farmers & Merchants Bancorp,FMCB,46.74,0.195,1.034,Yes
785,Kirby Corporation,KEX,85.76,0.317,0.61,Yes
786,PrairieSky Royalty Ltd.,PREKF,52.19,0.213,0.245,Yes
787,PCB Bancorp,PCB,40.27,0.171,0.2,Yes
788,Investor AB (publ),IVSBF,46.73,0.195,0.647,Yes
789,"Northwest Bancshares, Inc.",NWBI,35.5,0.154,0.336,Yes
790,Zotefoams plc,ZTFMF,42.63,0.18,0.742,No
791,Ariston Holding N.V.,ARSTY,1.92,0.009,0.039,No
792,ACP Holdings Acquisition Corp.,ACGCW,14.18,0.067,0.274,No
793,Air Canada,ACDVF,67.95,0.266,1.002,Yes
794,Inari Amertron Berhad,INZRF,8.6,0.042,0.155,No
795,Inchcape plc,IHCPF,27.61,0.123,0.746,Yes
796,"Redwood Trust, Inc. 9.125% Seni",RWTN,11.31,0.054,0.31,Yes
797,Sailfish Royalty Corp.,SROYF,99.31,0.356,0.351,Yes
798,Marquette National Corporation,MNAT,27.51,0.123,0.345,Yes
799,"Equity Bancshares, Inc.",EQBK,25.76,0.116,0.016,No
800,PB Financial Corporation,PBNC,48.41,0.202,0.389,Yes
801,"First Commerce Bancorp, Inc.",CMRB,62.51,0.25,0.134,Yes
802,RBB Bancorp,RBB,49.69,0.207,0.45,Yes
803,Partners Value Investments Inc.,PVFPF,11.41,0.055,0.028,No
804,"BV Financial, Inc.",BVFL,36.57,0.159,0.074,No
805,South Bow Corporation,SOBO,43.56,0.186,0.231,No
806,"Arcosa, Inc.",ACA,66.27,0.263,1.051,Yes
807,Abrdn Healthcare Investors,HQH,45.39,0.192,0.964,Yes
808,GasLog Partners LP,GLOP-PA,6.65,0.033,0.083,No
809,"B. Riley Financial, Inc. 7.50% Senior Notes Due 2027",RILYZ,124.34,0.423,0.919,Yes
810,Timothy Plan Free Cash Flow ETF,TPFC,56.5,0.231,2.604,Yes
811,Bouygues SA,BOUYF,50.85,0.212,0.872,Yes
812,Aramark,ARMK,57.06,0.233,1.051,Yes
813,John Hancock Diversified Income Fund,HEQ,20.28,0.094,0.567,Yes
814,BankFirst Capital Corporation,BFCC,47.18,0.2,0.895,Yes
815,Bluerock Acquisition Corp.,BLRK,4.11,0.021,0.008,No
816,ABN AMRO Bank N.V.,AAVMY,71.77,0.281,1.124,Yes
817,Nordson Corporation,NDSN,50.74,0.212,0.73,Yes
818,Georgia Capital PLC,GRGCF,93.14,0.344,1.23,Yes
819,RWE Aktiengesellschaft,RWNFF,64.54,0.259,0.064,Yes
820,Etrion Corporation,ETRXF,128.3,0.435,0.022,No
821,"GateKeeper USA, Inc.",GTKP,128.3,0.435,1.072,No
822,"Concentra Group Holdings Parent, Inc.",CON,76.65,0.297,0.525,Yes
823,ArcBest Corporation,ARCB,127.55,0.434,1.758,Yes
824,Ipsen S.A.,IPSEY,59.06,0.242,0.027,No
825,Community Bankers' Corporation,CTYP,91.9,0.342,0.311,Yes
826,First Northern Community Bancorp,FNRN,43.89,0.189,0.44,No
827,Tsakos Energy Navigation Limited,TEN-PE,8.53,0.042,0.108,Yes
828,BCE Inc.,BECEF,23.95,0.111,0.421,No
829,Nordex SE,NRDXF,121.6,0.421,0.16,No
830,Pelagos Insurance Capital Limit,PLGO,42.35,0.184,0.269,Yes
831,Glanbia plc,GLAPY,71.02,0.281,0.223,Yes
832,WSFS Financial Corporation,WSFS,53.33,0.223,0.214,Yes
833,"Repsol, S.A.",REPYY,104.94,0.38,1.782,No
834,"Nippon Gas Co., Ltd.",NPNGY,9.41,0.046,0.097,Yes
835,Tsakos Energy Navigation Limited,TEN,123.54,0.428,0.794,No
836,"FFBW, Inc.",FFBW,18.86,0.089,0.269,No
837,"Coastal Carolina Bancshares, Inc.",CCNB,41.35,0.181,0.609,Yes
838,Citizens Bancorp,CZBC,81.82,0.315,0.276,No
839,MOL Magyar Olaj- és Gázipari Nyilvánosan Muködo Részvénytársaság,MGYOY,131.09,0.446,0.361,Yes
840,AGNC Investment Corp.,AGNCM,10.94,0.054,0.242,Yes
841,Tsakos Energy Navigation Limited,TEN-PF,10.89,0.053,0.223,Yes
842,Morguard Real Estate Investment Trust,MGRUF,36.31,0.162,0.009,Yes
843,"Nippon Kayaku Co., Ltd.",NPKYY,66.61,0.269,0.24,No
844,DNB Bank ASA,DNBBY,37.93,0.168,0.005,No
845,"Grupo Carso, S.A.B. de C.V.",GPOVF,57.07,0.237,0.672,Yes
846,ITEX Corporation,ITEX,60.2,0.248,0.186,Yes
847,BlackRock Health Sciences Trust,BME,36.32,0.162,0.439,Yes
848,Five Star Bancorp,FSBC,54.02,0.227,0.506,Yes
849,"Yokohama Financial Group, Inc.",CRDIY,87.0,0.332,0.99,Yes
850,"Safe Bulkers, Inc.",SB-PC,11.67,0.057,0.175,Yes
851,"Banco Bilbao Vizcaya Argentaria, S.A.",BBVXF,63.45,0.26,1.141,Yes
852,DNP Select Income Fund Inc.,DNP,17.51,0.084,0.304,Yes
853,Drugs Made In America Acquisition II Corp.,DMIIU,2.81,0.014,0.056,Yes
854,"United Bankshares, Inc.",UBSI,34.84,0.157,0.03,Yes
855,"QCR Holdings, Inc.",QCRH,36.87,0.165,0.214,Yes
856,"Clear Channel Outdoor Holdings, Inc.",CCO,59.67,0.249,0.187,No
857,"New Peoples Bankshares, Inc.",NWPP,49.21,0.212,0.011,Yes
858,Stampede Drilling Inc.,STPDF,116.16,0.416,1.106,No
859,"WesBanco, Inc.",WSBCO,8.27,0.042,0.168,Yes
860,Arrow Financial Corporation,AROW,44.37,0.195,0.248,Yes
861,Soren Acquisition Corp.,SORN,1.63,0.008,0.019,Yes
862,Bank Hapoalim B.M.,BKHPF,68.5,0.279,0.807,Yes
863,Launchpad Cadenza Acquisition Corp I,LPCVU,1.81,0.009,0.035,Yes
864,Mediobanca Banca di Credito Finanziario S.p.A.,MDIBY,82.89,0.325,1.526,Yes
865,ClearBridge Energy Midstream Opportunity Fund Inc,EMO,37.35,0.169,0.461,No
866,Southeastern Banking Corporation,SEBC,31.35,0.145,0.067,No
867,Canadian Imperial Bank of Commerce,CM,52.27,0.225,0.833,Yes
868,"Shinhan Financial Group Co., Ltd.",SHG,69.48,0.283,0.633,Yes
869,BOC Hong Kong (Holdings) Limited,BHKLY,56.66,0.24,0.353,Yes
870,Bank of Utica,BKUTK,45.26,0.199,0.433,Yes
871,"Shore Bancshares, Inc.",SHBI,50.58,0.219,0.089,No
872,"The Andersons, Inc.",ANDE,80.66,0.319,0.234,No
873,Voya Emerging Markets High Dividend Equity Fund,IHD,39.76,0.179,0.893,Yes
874,"Universal Insurance Holdings, Inc.",UVE,82.8,0.326,0.423,Yes
875,"First Mid Bancshares, Inc.",FMBH,40.12,0.18,0.096,No
876,Archer-Daniels-Midland Company,ADM,46.98,0.206,0.176,Yes
877,Bank of Botetourt,BORTP,56.21,0.24,1.453,Yes
878,"Community Trust Bancorp, Inc.",CTBI,46.52,0.205,0.048,Yes
879,John Hancock Disciplined Value Select ETF,JDVL,26.75,0.126,0.759,Yes
880,Nuveen High Yield Corporate Bond ETF,NHYB,4.96,0.026,0.149,Yes
881,"Citizens Bancorp Investment, Inc.",CBTN,28.58,0.134,0.617,Yes
882,Grupo Cibest S.A.,CIB,119.04,0.428,0.886,No
883,"Guardian Pharmacy Services, Inc.",GRDN,48.82,0.214,0.78,No
884,Community Bancorp,CMTV,111.13,0.408,1.226,Yes
885,"Kayne Anderson Energy Infrastructure Fund, Inc.",KYN,34.22,0.158,0.361,No
886,First National Bank Alaska,FBAK,35.49,0.163,0.789,Yes
887,Sachem Capital Corp.,SACH-PA,40.67,0.183,0.719,Yes
888,Canoe EIT Income Fund,ENDTF,23.91,0.114,0.357,Yes
889,Invesco Pennsylvania Value Municipal Income Trust,VPV,18.5,0.09,0.381,Yes
890,"VWF Bancorp, Inc.",VWFB,36.64,0.167,0.953,No
891,Eiffage SA,EFGSF,24.71,0.118,0.349,No
892,Columbia Research Enhanced Small Cap ETF,RESM,35.0,0.161,0.723,Yes
893,BELIMO Holding AG,BLMOY,96.6,0.369,1.272,Yes
894,California First Leasing Corporation,CFNB,78.97,0.317,1.056,Yes
895,Nokian Renkaat Oyj,NKRKF,128.97,0.456,0.301,Yes
896,"Rapport Therapeutics, Inc.",RAPP,78.69,0.316,0.387,Yes
897,Towle Value ETF,TCV,35.27,0.163,0.824,Yes
898,Calfrac Well Services Ltd.,CFWFF,136.22,0.475,1.404,No
899,"Banco Santander, S.A.",SAN,47.96,0.212,0.656,Yes
900,Transamerica Large Value Active ETF,TALV,26.82,0.128,0.621,Yes
901,"Banc of California, Inc.",BANC-PF,9.77,0.05,0.205,Yes
902,"Virtus Dividend, Interest & Premium Strategy Fund",NFJ,32.27,0.151,0.951,Yes
903,Invesco Global Equity Net Zero ETF,IQSZ,25.7,0.123,0.857,Yes
904,"Hope Bancorp, Inc.",HOPE,39.58,0.181,0.581,Yes
905,"GMO internet group, Inc.",GMYOY,2.1,0.011,0.005,Yes
906,Swire Pacific Limited,SWRAY,80.33,0.323,0.476,No
907,CSE Global Limited,CSYJF,135.92,0.476,1.729,Yes
908,Hess Midstream LP,HESM,30.52,0.144,0.32,No
909,Moog Inc.,MOG-B,106.42,0.4,0.633,Yes
910,Paramount Resources Ltd.,PRMRF,50.82,0.224,0.076,Yes
911,"Civista Bancshares, Inc.",CIVB,42.99,0.194,0.619,Yes
912,Nucor Corporation,NUE,110.02,0.41,2.348,Yes
913,BlackRock Science and Technology Term Trust,BSTZ,65.51,0.276,1.666,Yes
914,"Ryman Hospitality Properties, Inc.",RHP,55.45,0.241,0.822,Yes
915,NFI Group Inc.,NFYEF,62.75,0.267,0.329,Yes
916,"Assurant, Inc.",AIZ,37.15,0.172,0.594,Yes
917,"PubMatic, Inc.",PUBM,134.41,0.475,1.464,Yes
918,Park Hotels & Resorts Inc.,PK,56.45,0.246,0.386,Yes
919,Savencia SA,BNGRF,69.44,0.29,0.003,No
920,CMOC Group Limited,CMCLY,73.73,0.305,0.342,No
921,Oramed Pharmaceuticals Inc.,ORMP,139.55,0.489,0.686,Yes
922,Boliden AB (publ),BLIDF,80.06,0.325,0.879,Yes
923,State Street Health Care Select Sector SPDR Premium Income ETF,XLVI,20.89,0.103,0.225,Yes
924,NKT A/S,NRKBF,68.6,0.289,0.327,No
925,Singapore Exchange Limited,SPXCF,56.51,0.247,1.093,Yes
926,"NewtekOne, Inc.",NEWTP,12.27,0.063,0.176,Yes
927,"Acerinox, S.A.",ACRXF,86.13,0.345,2.229,Yes
928,BAWAG Group AG,BWAGF,72.95,0.304,0.676,Yes
929,SLB N.V.,SLB,99.52,0.385,0.719,Yes
930,NBT Bancorp Inc.,NBTB,30.24,0.145,0.081,Yes
931,Royal Bank of Canada,RYLBF,12.14,0.062,0.216,Yes
932,Bank of Ireland Group plc,BKRIY,44.69,0.204,0.907,Yes
933,Two Harbors Investment Corp.,TWO-PB,20.23,0.101,0.091,No
934,Mullen Group Ltd.,MLLGF,112.29,0.423,1.262,Yes
935,"Ross Stores, Inc.",ROST,61.5,0.267,0.214,No
936,Peyto Exploration & Development Corp.,PEYUF,52.51,0.234,0.411,No
937,Curbline Properties Corp.,CURB,42.76,0.197,0.514,Yes
938,Vitreous Glass Inc.,VCIGF,40.88,0.19,0.641,Yes
939,Primis Financial Corp.,FRST,67.62,0.288,0.166,Yes
940,KeyCorp,KEY-PI,5.97,0.032,0.103,Yes
941,Eventide Large Cap Value ETF,ESLV,19.35,0.098,0.308,Yes
942,Dynagas LNG Partners LP,DLNG-PA,8.15,0.043,0.06,Yes
943,"Proto Labs, Inc.",PRLB,73.83,0.31,1.279,Yes
944,"Puma Biotechnology, Inc.",PBYI,90.38,0.363,0.346,Yes
945,Black Hawk Acquisition Corporation,BKHA,8.52,0.045,0.084,Yes
946,Jadestone Energy plc,JDSEF,121.71,0.452,0.44,No
947,"ConnectOne Bancorp, Inc.",CNOB,34.86,0.166,0.289,Yes
948,Argosy Property Limited,IGPYF,19.58,0.099,0.395,No
949,"The Southern Banc Company, Inc.",SRNN,65.34,0.283,0.363,Yes
950,Chemung Financial Corporation,CHMG,69.56,0.297,1.317,Yes
951,Daiwa Securities Group Inc.,DSEEY,52.29,0.236,0.226,Yes
952,Northern Trust 2030 Inflation-Linked Distributing Ladder ETF,TIPA,2.22,0.012,0.046,Yes
953,ProStar Holdings Inc.,MAPPF,102.0,0.399,0.748,Yes
954,Beazley plc,BZLEY,13.87,0.072,0.277,No
955,Westamerica Bancorporation,WABC,23.1,0.116,0.041,Yes
956,TotalEnergies SE,TTE,62.93,0.275,0.753,No
957,Renew Holdings plc,RNWHF,2.55,0.014,0.024,No
958,Seneca Foods Corporation PFD $12.00,SENEM,70.84,0.303,0.287,Yes
959,Telecom Italia S.p.A.,TIAJF,79.5,0.332,0.458,Yes
960,Plains Acquisition Corporation,PLQC,12.2,0.064,0.276,No
961,Bexil Investment Trust,BXSY,33.46,0.162,0.907,Yes
962,Rio Tinto Group,RTNTF,74.06,0.314,0.827,Yes
963,Virginia National Bankshares Corporation,VABK,26.78,0.133,0.772,Yes
964,Dillards Capital Trust I CAP SECS 7.5%,DDT,8.34,0.045,0.126,Yes
965,Diploma PLC,DPMAY,45.69,0.212,0.621,Yes
966,Pro Real Estate Investment Trust,PRVFF,48.31,0.222,0.824,Yes
967,Erste Group Bank AG,EBKDY,52.37,0.238,0.59,Yes
968,FT Vest Autocallable Barrier & High Income ETF,ACYQ,29.67,0.146,,
969,SFL Corporation Ltd.,SFL,90.2,0.367,0.11,No
970,"Mitsubishi UFJ Financial Group, Inc.",MUFG,50.89,0.233,0.486,Yes
971,"Washington Trust Bancorp, Inc.",WASH,54.15,0.245,0.464,No
972,F&M Bancorp,FMOO,3.34,0.018,0.053,No
973,Manulife Financial Corporation,MFC,47.26,0.219,0.691,Yes
974,Exco Technologies Limited,EXCOF,31.84,0.156,0.164,No
975,Oxford Lane Capital Corp. 6.75% Notes due 2031,OXLCL,8.73,0.047,0.207,Yes
976,"SR Bancorp, Inc.",SRBK,35.16,0.17,0.535,Yes
977,"Annaly Capital Management, Inc.",NLY-PI,8.41,0.045,0.181,Yes
978,Koppers Holdings Inc.,KOP,81.14,0.34,0.427,No
979,Hongkong Land Holdings Limited,HKHGF,43.48,0.205,0.269,No
980,United Overseas Bank Limited,UOVEY,30.21,0.149,0.134,Yes
981,Diversified Healthcare Trust,DHC,92.88,0.377,0.501,Yes
982,"Adamas Trust, Inc.",ADAMG,9.13,0.049,0.22,Yes
983,HOCHTIEF Aktiengesellschaft,HOCFF,95.47,0.386,1.181,Yes
984,American Drive Acquisition Company,ADACU,3.96,0.022,0.005,Yes
985,iShares IV Public Limited Company - iShares $ Short Duration Corporate Bond UCITS ETF,ISHFF,2.66,0.015,0.055,Yes
986,"Global Ship Lease, Inc.",GSL,67.09,0.294,0.229,Yes
987,EA Series Trust - Sequoia Global Value ETF,SFGV,22.33,0.114,0.496,Yes
988,Erste Group Bank AG,EBKOF,52.45,0.241,0.652,Yes
989,"Cheniere Energy Partners, L.P.",CQP,45.14,0.212,0.522,No
990,SLW Short Duration Income ETF,SLWS,2.37,0.013,0.051,Yes
991,"Oki Electric Industry Co., Ltd.",OKIEY,123.43,0.468,0.377,Yes
992,Gabelli High Income ETF,GBHI,4.76,0.026,0.134,Yes
993,"Coca-Cola FEMSA, S.A.B. de C.V.",KOF,43.33,0.206,0.801,Yes
994,Plum Acquisition Corp. IV,PLMK,3.51,0.019,0.028,Yes
995,Incyte Corporation,INCY,54.24,0.248,0.11,Yes
996,FLEX LNG Ltd.,FLNG,42.71,0.204,0.021,No
997,SSAB AB (publ),SSAAF,72.11,0.314,1.068,Yes
998,Aspen Pharmacare Holdings Limited,APNHY,85.26,0.358,0.515,Yes
999,PhenixFIN Corporation  5.25% Notes due 2028,PFXNZ,6.88,0.038,0.148,Yes
1000,IDEX Corporation,IEX,50.81,0.236,0.969,Yes
1001,"Banco Santander, S.A.",BCDRF,44.11,0.21,0.741,Yes
1002,Elysee Development Corp.,ASXSF,52.71,0.244,0.404,Yes
1003,"ONEOK, Inc.",OKE,45.95,0.218,0.7,No
1004,Aberdeen Group Plc,SLFPY,44.99,0.214,1.249,Yes
1005,Citizens & Northern Corporation,CZNC,40.47,0.196,0.422,No
1006,First Trust Active Factor Emerging Markets Fund,AFEM,38.0,0.185,1.134,Yes
1007,The Timken Company,TKR,78.12,0.336,0.746,Yes
1008,Credito Emiliano S.p.A.,CDEFF,12.86,0.069,0.135,Yes
1009,"The First Bancorp, Inc.",FNLC,43.96,0.21,0.267,No
1010,DHL AG,DPSTF,55.87,0.257,0.975,Yes
1011,"Webco Industries, Inc.",WEBC,54.39,0.252,0.294,Yes
1012,AGNC Investment Corp.,AGNCO,10.85,0.059,0.306,Yes
1013,Aecon Group Inc.,AEGXF,111.99,0.441,0.537,Yes
1014,"Vir Biotechnology, Inc.",VIR,122.2,0.47,0.671,Yes
1015,AGNC Investment Corp.,AGNCL,10.46,0.057,0.313,Yes
1016,GeoPark Limited,GPRK,94.87,0.391,0.131,Yes
1017,"Royce Micro-Cap Trust, Inc.",RMT,50.41,0.237,1.275,Yes
1018,ArcelorMittal S.A.,AMSYF,135.67,0.507,2.059,Yes
1019,Kyocera Corporation,KYOAY,84.63,0.359,1.871,Yes
1020,BW LPG Limited,BWLP,106.29,0.426,0.521,Yes
1021,"Seiren Co.,Ltd.",SERNF,25.58,0.131,0.535,No
1022,"América Móvil, S.A.B. de C.V.",AMXOF,137.22,0.512,0.576,Yes
1023,Constellium SE,CSTM,100.31,0.409,1.77,Yes
1024,"CIB Marine Bancshares, Inc.",CIBH,23.41,0.121,0.128,Yes
1025,"B. Riley Financial, Inc. 6.00% Senior Notes Due 2028",RILYT,91.43,0.382,1.399,Yes
1026,Toyo Tire Corporation,TYRRY,4.01,0.023,0.037,No
1027,"Northeast Community Bancorp, Inc.",NECB,38.34,0.189,0.193,No
1028,"Nomura Holdings, Inc.",NMR,47.78,0.228,0.288,Yes
1029,"Richardson Electronics, Ltd.",RELL,103.71,0.42,2.536,Yes
1030,"TPG Mortgage Investment Trust, Inc.",MITT-PC,12.0,0.065,0.393,Yes
1031,NZX Limited,NZSTY,6.89,0.038,0.137,No
1032,Cathay General Bancorp,CATY,36.11,0.179,0.58,Yes
1033,Banca Mediolanum S.p.A.,BNCDY,50.14,0.238,1.141,Yes
1034,"Adamas Trust, Inc.",ADAMH,9.45,0.052,0.165,Yes
1035,Atlanticus Holdings Corporation 9.25% Senior Notes due 2029,ATLCZ,8.75,0.048,0.246,Yes
1036,Mountain Crest Acquisition Corp. V,MCAG,16.75,0.09,0.437,Yes
1037,Hamlin Bank and Trust Company,HMLN,51.49,0.243,0.876,Yes
1038,"Avidbank Holdings, Inc.",AVBH,26.69,0.137,0.261,Yes
1039,"Postal Realty Trust, Inc.",PSTL,70.94,0.316,1.266,Yes
1040,Aalberts N.V.,AALBF,53.58,0.251,0.397,Yes
1041,"US Metro Bancorp, Inc.",USMT,35.36,0.177,0.414,Yes
1042,PT Medco Energi Internasional Tbk,MDCOY,12.77,0.07,0.083,Yes
1043,Talos Energy Inc.,TALO,103.96,0.423,1.294,No
1044,KBC Group NV,KBCSY,37.38,0.186,0.916,Yes
1045,Juki Corporation,JUKIY,104.12,0.424,0.138,Yes
1046,Structured Products Corp 8.205%,KTN,6.1,0.034,0.093,No
1047,TCL Electronics Holdings Limited,TCLHF,70.62,0.315,0.908,Yes
1048,Precision Drilling Corporation,PDS,78.95,0.344,0.844,No
1049,Clarkson PLC,CKNHF,54.46,0.256,0.431,Yes
1050,"Resona Holdings, Inc.",RSHGY,69.87,0.313,0.572,Yes
1051,YTL Power International Berhad,YTLPF,16.98,0.091,0.601,No
1052,Spartacus Acquisition Corp. II,TMTS,1.51,0.009,0.063,No
1053,Ovintiv Inc.,OVV,82.76,0.357,1.097,No
1054,Algonquin Power & Utilities Cor,AQNB,8.16,0.045,0.115,No
1055,Moog Inc.,MOG-A,103.87,0.424,0.654,Yes
1056,Gladstone Investment Corporation,GAINI,6.2,0.035,0.161,Yes
1057,Neuberger Berman Income Funds - Neuberger Energy Infrastructure and Income Fund Inc.,NML,38.2,0.19,0.533,No
1058,"Landstar System, Inc.",LSTR,62.59,0.287,1.197,Yes
1059,Hanmi Financial Corporation,HAFC,35.45,0.178,0.689,Yes
1060,North American Financial 15 Split Corp.,FNCSF,85.27,0.367,1.236,Yes
1061,Sandoz Group AG,SDZXF,61.55,0.284,1.006,Yes
1062,"Hercules Capital, Inc.",HCXY,5.6,0.032,0.158,Yes
1063,"Hamilton Insurance Group, Ltd.",HG,63.28,0.291,0.364,No
1064,California BanCorp,BCAL,34.47,0.174,0.313,Yes
1065,"Adams Diversified Equity Fund, Inc.",ADX,29.59,0.152,1.062,Yes
1066,IHH Healthcare Berhad,IHHHF,59.64,0.277,1.004,Yes
1067,Savaria Corporation,SISXF,47.7,0.231,0.587,Yes
1068,Sims Limited,SMSMY,131.75,0.507,2.474,Yes
1069,Optimized Equity Income ETF,OEI,14.34,0.079,0.499,Yes
1070,Enerflex Ltd.,EFXT,120.42,0.476,1.385,Yes
1071,Tenaris S.A.,TS,73.68,0.329,0.081,Yes
1072,Range Capital Acquisition Corp.,RANG,5.03,0.029,0.036,Yes
1073,"NetScout Systems, Inc.",NTCT,61.17,0.284,0.503,Yes
1074,"The Central and Eastern Europe Fund, Inc.",CEE,37.84,0.19,0.844,Yes
1075,Daedalus Special Acquisition Corp.,DSAC,3.85,0.022,0.039,Yes
1076,"Mistras Group, Inc.",MG,121.43,0.481,1.516,Yes
1077,"Federated Hermes, Inc.",FHI,29.87,0.155,0.167,No
1078,Morgan Stanley,MS,44.11,0.217,1.292,Yes
1079,"Hoyne Bancorp, Inc.",HYNE,22.47,0.12,0.448,Yes
1080,Daimler Truck Holding AG,DTGHF,37.54,0.189,0.031,Yes
1081,Standard Chartered PLC,SCBFY,66.99,0.307,1.759,Yes
1082,GMO Dynamic Allocation ETF,GMOD,15.92,0.087,0.443,Yes
1083,"Adamas Trust, Inc.",ADAM,65.73,0.303,1.496,Yes
1084,OTG Acquisition Corp. I,OTGAU,3.27,0.019,0.01,No
1085,"Annaly Capital Management, Inc.",NLY-PJ,10.46,0.059,0.173,Yes
1086,Ellington Financial Inc.,EFC-PC,11.43,0.064,0.315,Yes
1087,Brookfield Property Partners L.P.,BPYPP,22.04,0.118,0.444,No
1088,"Enact Holdings, Inc.",ACT,32.99,0.169,0.036,No
1089,ING Groep N.V.,ING,49.68,0.241,1.189,Yes
1090,Vestas Wind Systems A/S,VWSYF,97.78,0.412,0.477,No
1091,"Enagás, S.A.",ENGGY,35.05,0.179,0.487,No
1092,CF Bankshares Inc.,CFBK,55.77,0.266,0.092,Yes
1093,Jupiter Fund Management Plc,JFHHF,71.11,0.323,0.259,Yes
1094,Voya Global Equity Dividend and Premium Opportunity Fund,IGD,25.47,0.135,0.654,Yes
1095,Manchester,MANU,52.69,0.254,1.132,Yes
1096,Amerant Bancorp Inc.,AMTB,63.24,0.295,0.454,No
1097,Kelt Exploration Ltd.,KELTF,64.61,0.3,0.417,No
1098,JOYY Inc.,JOYY,41.71,0.209,0.569,Yes
1099,Capricorn Energy PLC,CRNZF,115.46,0.467,1.247,No
1100,Lazard Active ETF Trust - Lazard International Dynamic Equity ETF,IDEQ,32.27,0.167,0.808,Yes
1101,Legal & General Group Plc,LGGNY,39.93,0.201,0.863,Yes
1102,Iron Horse Acquisitions Corp. II,IRHO,3.28,0.019,0.094,Yes
1103,New Hope Corporation Limited,NHPEF,76.54,0.344,0.476,No
1104,Northern Trust Corporation,NTRS,47.79,0.235,1.037,Yes
1105,"NexPoint Real Estate Finance, Inc.",NREF,40.78,0.205,0.536,Yes
1106,Vibra Energia S.A.,VBREY,74.99,0.339,0.931,No
1107,KB Financial Group Inc.,KB,62.01,0.292,0.422,Yes
1108,Industrial and Commercial Bank of China Limited,IDCBY,40.96,0.207,0.403,No
1109,"Broadstone Net Lease, Inc.",BNL,25.57,0.136,0.548,Yes
1110,Enbridge Inc.,EBBNF,9.01,0.051,0.107,Yes
1111,HSBC Holdings plc,HBCYF,52.97,0.257,0.49,Yes
1112,CHS Inc.,CHSCL,5.73,0.033,0.081,Yes
1113,Archimedes Tech SPAC Partners III Co.,ARCIU,5.36,0.031,0.015,Yes
1114,Freehold Royalties Ltd.,FRHLF,39.61,0.201,0.198,Yes
1115,Canadian Natural Resources Limited,CNQ,74.98,0.341,1.005,No
1116,VAT Group AG,VACNY,119.07,0.482,1.653,Yes
1117,"Steel Dynamics, Inc.",STLD,87.3,0.383,2.094,Yes
1118,NN Group N.V.,NNGPF,39.79,0.202,0.944,Yes
1119,,ASBA,7.7,0.044,0.183,Yes
1120,Artesian Resources Corporation,ARTNB,3.41,0.02,0.006,Yes
1121,Getty Realty Corp.,GTY,30.88,0.162,0.004,Yes
1122,Fulton Financial Corporation,FULT,35.83,0.185,0.107,Yes
1123,Aspen Insurance Holdings Limited,AHL-PF,5.07,0.03,0.128,No
1124,Guggenheim Securitized Income ETF,GISC,2.63,0.015,,
1125,Global X Adaptive Risk Managed High Yield ETF,RMHY,4.24,0.025,,
1126,"Ventas, Inc.",VTR,38.42,0.197,0.197,Yes
1127,Orogen Royalties Inc.,OGNNF,117.88,0.481,0.086,No
1128,Carrefour SA,CRRFY,33.32,0.174,0.147,Yes
1129,"SCREEN Holdings Co., Ltd.",SCRNY,79.11,0.357,0.5,No
1130,Funding Circle Holdings plc,FDCHF,123.27,0.497,0.365,No
1131,"Carter Bankshares, Inc.",CARE,78.48,0.355,0.373,No
1132,MOZAYYX Acquisition Corp.,MZYX,1.83,0.011,0.058,No
1133,"Alpine Income Property Trust, Inc.",PINE,53.04,0.259,0.201,Yes
1134,Vestas Wind Systems A/S,VWDRY,97.99,0.421,0.548,No
1135,"Tectonic Therapeutic, Inc.",TECX,124.33,0.501,1.763,No
1136,"Greene County Bancorp, Inc.",GCBC,67.12,0.314,0.24,Yes
1137,Capitec Limited,CKHGY,55.71,0.27,1.112,Yes
1138,Mortgage Advice Bureau (Holdings) plc,MABHF,7.2,0.042,0.071,Yes
1139,West Coast Community Bancorp,WCCB,30.43,0.161,0.075,Yes
1140,Sachem Capital Corp. 6.00% Note,SCCD,6.93,0.04,0.058,Yes
1141,Starry Sea Acquisition Corp,SSEAU,3.69,0.022,0.012,No
1142,Nordex SE,NRXXY,139.0,0.543,1.212,No
1143,Compass Diversified,CODI-PC,37.84,0.196,0.944,Yes
1144,GasLog Partners LP,GLOP-PB,7.45,0.043,0.228,No
1145,Man Group Plc,MNGPF,87.01,0.387,0.442,No
1146,Gladstone Land Corporation,LANDP,14.76,0.083,0.068,Yes
1147,Höegh Autoliners ASA,HOEGF,86.82,0.388,0.645,No
1148,"CVR Partners, LP",UAN,73.79,0.342,1.121,No
1149,Kurita Water Industries Ltd.,KTWIF,62.61,0.3,0.021,No
1150,"Winchester Bancorp, Inc.",WSBK,42.19,0.216,0.236,No
1151,Truth Social American Security & Defense ETF,TSSD,42.72,0.219,0.472,Yes
1152,Canaccord Genuity Group Inc.,CCORF,49.21,0.247,0.942,Yes
1153,FirstRand Limited,FANDY,46.36,0.235,0.824,Yes
1154,Alvopetro Energy Ltd.,ALVOF,83.16,0.377,1.825,No
1155,"Cactus, Inc.",WHD,106.47,0.454,1.698,Yes
1156,"Annaly Capital Management, Inc.",NLY,28.94,0.156,0.458,Yes
1157,"Celldex Therapeutics, Inc.",CLDX,65.7,0.313,0.695,No
1158,Bank of Ireland Group plc,BKRIF,41.56,0.214,0.765,Yes
1159,"Colony Bankcorp, Inc.",CBAN,31.91,0.17,0.354,No
1160,Eni S.p.A.,E,76.2,0.353,1.29,No
1161,"Cantor Equity Partners VI, Inc.",CEPS,4.21,0.025,0.026,Yes
1162,The Gabelli Convertible and Income Securities Fund Inc.,GCV,22.74,0.126,0.498,Yes
1163,Sun Life Financial Inc.,SLF,40.63,0.21,0.757,Yes
1164,FFD Financial Corporation,FFDF,44.94,0.229,0.184,No
1165,SBM Offshore N.V.,SBFFY,84.65,0.383,0.129,Yes
1166,"Apollo Bancorp, Inc.",APLO,47.48,0.24,0.108,No
1167,AAM Todd International Intrinsic Value ETF,TIIV,21.83,0.121,0.416,Yes
1168,North European Oil Royalty Trust,NRT,120.79,0.499,1.016,No
1169,NatWest Group plc,NWG,43.46,0.223,0.511,Yes
1170,RLJ Lodging Trust,RLJ,78.01,0.36,0.601,Yes
1171,Acacia Research Corporation,ACTG,43.63,0.224,0.535,No
1172,Transcontinental Inc.,TCLAF,136.62,0.545,2.126,No
1173,Teck Resources Limited,TECK,70.01,0.331,1.556,Yes
1174,Ampol Limited,CTXAY,72.47,0.341,0.419,No
1175,Alaska Power & Telephone Company,APTL,51.51,0.258,0.234,No
1176,"Great Southern Bancorp, Inc.",GSBC,35.56,0.188,0.115,Yes
1177,"MetroCity Bankshares, Inc.",MCBS,35.42,0.188,0.461,Yes
1178,"Dime Commercial Bancshares, Inc.",DCOM,47.65,0.242,0.055,Yes
1179,IB Acquisition Corp.,IBAC,3.87,0.023,0.032,Yes
1180,"El Pollo Loco Holdings, Inc.",LOCO,71.8,0.339,1.297,No
1181,Vale S.A.,VALE,62.08,0.302,0.45,Yes
1182,Swire Pacific Limited,SWRAF,41.91,0.218,0.321,Yes
1183,Pebblebrook Hotel Trust,PEB,74.63,0.35,0.186,Yes
1184,Ituran Location and Control Ltd.,ITRN,61.68,0.301,1.089,Yes
1185,"Cisco Systems, Inc.",CSCO,81.97,0.377,1.925,Yes
1186,RHÖN-KLINIKUM Aktiengesellschaft,RKAGY,13.82,0.08,0.096,No
1187,Odfjell Drilling Ltd.,ODFJF,129.73,0.529,1.178,No
1188,Toyota Tsusho Corporation,TYHOF,117.82,0.494,0.673,Yes
1189,Grindrod Limited,GRDLY,63.02,0.306,1.305,Yes
1190,Columbia Research Enhanced Inte,REFA,24.65,0.137,0.42,Yes
1191,Julius Bär Gruppe AG,JBARF,55.71,0.277,1.204,Yes
1192,Cherry Hill Mortgage Investment Corporation,CHMI-PB,10.4,0.061,0.151,No
1193,CBRE Global Real Estate Income Fund,IGR,42.95,0.223,0.928,Yes
1194,"Repsol, S.A.",REPYF,107.2,0.462,2.416,No
1195,Carpenter Technology Corporation,CRS,130.81,0.534,0.189,Yes
1196,Sandoz Group AG,SDZNY,52.12,0.263,0.64,Yes
1197,"Movado Group, Inc.",MOV,113.88,0.484,1.432,Yes
1198,"DHT Holdings, Inc.",DHT,114.8,0.487,0.331,No
1199,Rubellite Energy Corp.,RUBLF,136.27,0.55,1.64,No
1200,PTT Global Chemical Public Company Limited,PCHUY,46.16,0.238,0.747,No
1201,DTF Tax-Free Income 2028 Term Fund Inc.,DTF,4.95,0.03,0.037,Yes
1202,Technogym S.p.A.,TCCHF,95.32,0.425,0.489,No
1203,Central Pacific Financial Corp.,CPF,31.41,0.171,0.014,No
1204,CION Investment Corporation,CICB,6.01,0.036,0.08,Yes
1205,"Strive, Inc.",SATA,26.54,0.147,0.084,No
1206,"Sompo Holdings, Inc.",SMPNY,46.88,0.242,0.775,No
1207,Teekay Tankers Ltd.,TNK,109.55,0.472,0.394,Yes
1208,"Southern Michigan Bancorp, Inc.",SOMC,31.64,0.172,0.817,Yes
1209,"The Goldman Sachs Group, Inc.",GS,36.15,0.193,0.868,Yes
1210,Silicon Valley Acquisition Corp.,SVAQ,3.49,0.021,0.01,Yes
1211,State Street SPDR S&P Leveraged Ln ETF,LVLN,5.71,0.034,0.062,Yes
1212,Saipem SpA,SAPMF,105.09,0.458,0.224,Yes
1213,Bain Capital GSS Investment Corp.,BCSS,2.8,0.017,0.041,Yes
1214,Northern Lights Resources Corp.,NLRCF,104.97,0.459,0.803,Yes
1215,Volex plc,VLXGF,106.33,0.463,2.635,Yes
1216,Cadiz Inc.,CDZIP,29.29,0.161,0.474,Yes
1217,Algoma Central Corporation,AGMJF,56.13,0.282,0.539,Yes
1218,"Diamondback Energy, Inc.",FANG,52.86,0.268,0.663,No
1219,Vodafone Group Public Limited Company,VOD,53.45,0.271,0.107,Yes
1220,"Fomento Económico Mexicano, S.A.B. de C.V.",FMX,29.92,0.165,0.164,Yes
1221,"Gestamp Automoción, S.A.",GMPUF,34.37,0.186,0.101,Yes
1222,Castellum AB (publ),CWQXY,14.26,0.084,0.355,Yes
1223,Tamboran Resources Corporation,TBNRL,132.38,0.544,1.307,No
1224,Oxford Lane Capital Corp. 7.95% Notes due 2032,OXLCG,6.97,0.042,0.127,Yes
1225,BioRem Inc.,BIRMF,121.96,0.514,2.139,Yes
1226,Citizens Financial Corp.,CIWV,58.01,0.291,0.52,Yes
1227,Merchants Bancorp,MBINL,17.31,0.1,0.18,Yes
1228,RIT Capital Partners Plc,RITPF,29.15,0.161,0.353,Yes
1229,Cranswick plc,CRWKF,17.12,0.099,0.129,Yes
1230,Teck Resources Limited,TCKRF,78.84,0.372,1.765,Yes
1231,Southern Arc Minerals Inc.,SARMF,137.0,0.56,1.731,No
1232,BPER Banca SpA,BPXXY,65.46,0.322,1.421,Yes
1233,Quebecor Inc.,QBCRF,57.25,0.289,0.146,No
1234,Fortune Real Estate Investment Trust,FRIVF,126.12,0.528,0.914,No
1235,Franklin Financial Services Corporation,FRAF,45.68,0.239,0.46,Yes
1236,Lara Exploration Ltd.,LRAXF,129.71,0.539,1.836,Yes
1237,Franklin Templeton Inc.,BEN,66.33,0.326,1.829,Yes
1238,"Roku, Inc.",ROKU,71.78,0.347,1.655,Yes
1239,InterContinental Hotels Group PLC,IHG,40.03,0.215,0.584,Yes
1240,Vertex Pharmaceuticals Incorporated,VRTX,47.11,0.247,0.181,Yes
1241,"FrontView REIT, Inc.",FVR,56.87,0.289,0.649,Yes
1242,ExxonMobil Holdings Corporation,XOM,57.71,0.292,1.274,No
1243,Pembina Pipeline Corporation,PPLAF,15.48,0.091,0.025,Yes
1244,"Priority Income Fund, Inc.",PRIF-PD,6.77,0.041,0.008,No
1245,Teekay Corporation Ltd.,TK,98.29,0.444,0.539,Yes
1246,Seadrill Limited,SDRL,79.61,0.378,0.197,Yes
1247,Sandfire Resources Limited,SFRRF,116.95,0.505,1.965,Yes
1248,"Adamas Trust, Inc.",ADAMN,25.65,0.146,0.779,Yes
1249,Community West Bancshares,CWBC,31.47,0.175,0.052,Yes
1250,Pembina Pipeline Corporation,PBA,26.74,0.151,0.077,No
1251,"FirstCash Holdings, Inc.",FCFS,43.71,0.233,0.983,Yes
1252,Blue Ridge Real Estate Company,BRRE,27.22,0.154,0.637,Yes
1253,Melcor Developments Ltd.,MODVF,34.12,0.189,0.368,No
1254,Anglo American plc,NGLOY,62.06,0.313,1.634,Yes
1255,Broadway Financial Corporation,BYFC,82.53,0.392,1.223,Yes
1256,Bank of Montreal,BMO,38.86,0.212,0.824,Yes
1257,"Citizens Financial Group, Inc.",CFG,39.76,0.216,0.109,Yes
1258,Standard Chartered PLC,SCBFF,63.64,0.32,1.743,Yes
1259,"GAMCO Natural Resources, Gold & Income Trust",GNT,50.82,0.266,0.146,Yes
1260,Julius Bär Gruppe AG,JBAXY,48.66,0.257,1.182,Yes
1261,Southern Copper Corporation,SCCO,114.37,0.501,1.214,Yes
1262,International Flavors & Fragrances Inc.,IFF,52.18,0.272,0.182,Yes
1263,"Community Heritage Financial, Inc.",CMHF,46.88,0.249,0.243,Yes
1264,Grupo Aval Acciones y Valores S.A.,AVAL,81.89,0.391,0.091,Yes
1265,"Vaxcyte, Inc.",PCVX,90.11,0.42,0.199,No
1266,Elia Group SA/NV,ELIAF,34.16,0.19,0.338,No
1267,Mediobanca Banca di Credito Finanziario S.p.A.,MDIBF,34.36,0.191,0.06,No
1268,"Golden Valley Bancshares, Inc.",GVYB,36.23,0.2,0.818,No
1269,Capital Southwest Corporation,CSWC,34.73,0.193,0.367,Yes
1270,"NB Bancorp, Inc.",NBBK,33.15,0.185,0.517,No
1271,SSE plc,SSEZY,54.6,0.283,0.173,No
1272,U.S. Bancorp,USB,36.75,0.203,0.26,Yes
1273,Hilton Worldwide Holdings Inc.,HLT,25.54,0.147,0.354,Yes
1274,"Hachijuni Nagano Bank, Ltd.",HACBY,74.11,0.363,0.346,No
1275,"Keweenaw Land Association, Limited",KEWL,127.71,0.545,0.353,Yes
1276,Outdoor Holding Company,POWWP,7.98,0.049,0.225,No
1277,Harbor Active Small Cap Growth ETF,SGRW,68.18,0.34,1.428,Yes
1278,Thesis Gold & Silver Inc.,THSGF,133.1,0.561,1.229,Yes
1279,Arnoldo Mondadori Editore S.p.A.,MDEPY,7.22,0.045,0.144,Yes
1280,Santhera Pharmaceuticals Holding AG,SPHDF,98.34,0.451,0.769,Yes
1281,"First Berlin Bancorp, Inc.",FTFI,23.17,0.135,0.021,Yes
1282,"MS&AD Insurance Group Holdings, Inc.",MSADY,49.7,0.263,0.059,No
1283,Global X U.S. Natural Gas ETF,LNGX,46.13,0.247,0.892,No
1284,Athabasca Oil Corporation,ATHOF,77.75,0.378,0.702,No
1285,AKVA group ASA,AKASF,61.52,0.314,1.429,Yes
1286,Scales Corporation Limited,SCLZF,12.11,0.074,0.08,No
1287,OUE Real Estate Investment Trust,OUECF,14.16,0.086,0.143,No
1288,HK Electric Investments and HK Electric Investments Limited,HKCVF,94.74,0.44,2.082,Yes
1289,Magnora ASA,SVMRF,5.13,0.032,0.032,No
1290,ARB Corporation Limited,ARBFF,3.11,0.02,0.088,Yes
1291,Elders Limited,EDESY,7.19,0.045,0.054,Yes
1292,"Nippon Express Holdings, Inc.",NEXHY,4.52,0.028,0.031,No
1293,Transocean Ltd.,RIG,121.21,0.527,0.184,No
1294,Unitil Corporation,UTL,18.27,0.109,0.203,No
1295,EBOS Group Limited,EBOSF,5.73,0.036,0.079,No
1296,Lonking Holdings Limited,LONKF,20.75,0.122,0.069,Yes
1297,"First Interstate BancSystem, Inc.",FIBK,24.98,0.145,0.321,Yes
1298,RTW Biotech Opportunities Ltd,RTWFF,81.58,0.393,0.695,Yes
1299,Diaceutics PLC,DIUXF,56.62,0.294,0.482,Yes
1300,Thornburg Income Builder Opportunities Trust,TBLD,21.05,0.124,0.501,Yes
1301,Far East Hospitality Trust,FEHTF,8.01,0.05,0.016,No
1302,Eaton Vance Tax-Managed Global Buy-Write Opportunities Fund,ETW,20.77,0.122,0.774,Yes
1303,Erste Bank Polska S.A.,BKZHY,86.77,0.413,0.373,Yes
1304,"B. Riley Financial, Inc. 7.25% Senior Notes due 2027",RILYG,46.62,0.25,0.323,Yes
1305,Daiwa House Logistics Trust,DHAWF,11.49,0.07,0.182,No
1306,Amotiv Limited,GUDHF,10.04,0.062,0.129,No
1307,S A M Trade Asia Pte Ltd.,SMFX,39.51,0.218,0.112,Yes
1308,Isramco Negev 2 Limited Partnership,ISRMF,8.93,0.055,0.071,Yes
1309,Park Aerospace Corp.,PKE,81.8,0.395,0.638,Yes
1310,Newmont Corporation,NEMCL,66.24,0.335,0.218,No
1311,Corts Trust Peco Energy Capital Trust III,KTH,5.8,0.036,0.124,No
1312,"Guotai Haitong Securities Co., Ltd.",GUOSF,63.4,0.323,0.776,Yes
1313,"Adamas Trust, Inc.",ADAMM,15.74,0.095,0.544,Yes
1314,Mineral Resources Limited,MALRF,103.77,0.473,1.121,Yes
1315,Eregli Demir ve Çelik Fabrikalari T.A.S.,ERELY,79.96,0.389,0.584,Yes
1316,"Neinor Homes, S.A.",NNRHF,13.05,0.08,0.165,No
1317,Pictet AI Enhanced International Equity ETF,PQNT,21.45,0.127,0.576,Yes
1318,"Triumph Financial, Inc.",TFIN,51.95,0.275,0.553,Yes
1319,"Q.E.P. Co., Inc.",QEPC,55.64,0.291,0.897,No
1320,National Bank of Canada,NTIOF,57.19,0.298,0.651,Yes
1321,Pictet AI Enhanced US Equity ETF,PQUS,30.3,0.173,0.924,Yes
1322,LPP SA,LPPSY,5.59,0.035,0.173,Yes
1323,"HireQuest, Inc.",HQI,91.06,0.43,1.724,Yes
1324,"Riley Exploration Permian, Inc.",REPX,64.53,0.329,1.239,No
1325,"Host Hotels & Resorts, Inc.",HST,45.95,0.249,0.37,Yes
1326,Reckoner BBB-B CLO ETF,RCLO,6.76,0.042,0.139,Yes
1327,Axiom Intelligence Acquisition Corp 1,AXIN,3.98,0.025,0.098,Yes
1328,Scott Technology Limited,SCTTF,9.35,0.058,0.175,Yes
1329,"abrdn Emerging Markets ex-China Fund, Inc.",AEF,75.98,0.375,2.245,Yes
1330,Interconexión Eléctrica S.A. E.S.P.,IESFY,70.72,0.354,1.157,Yes
1331,Metrovacesa S.A.,MRVCF,25.9,0.151,0.121,Yes
1332,Nisshinbo Holdings Inc.,NSHBY,137.21,0.58,3.04,Yes
1333,WisdomTree Trust - WisdomTree GeoAlpha Opportunities Fund,OPPG,23.45,0.138,0.762,Yes
1334,"Keysight Technologies, Inc.",KEYS,114.46,0.511,1.024,Yes
1335,AB Industrivärden (publ),IDTVF,89.99,0.428,1.727,Yes
1336,Valid Soluções S.A.,VSSPY,17.54,0.106,0.402,No
1337,Daimler Truck Holding AG,DTRUY,44.09,0.241,0.118,Yes
1338,"Mapfre, S.A.",MPFRF,40.9,0.226,1.097,Yes
1339,Life & Banc Split Corp.,LFBCF,95.91,0.449,1.656,Yes
1340,Coca-Cola HBC AG,CCHBF,43.08,0.236,0.117,Yes
1341,"Comfort Systems USA, Inc.",FIX,122.38,0.537,1.746,Yes
1342,Gielda Papierów Wartosciowych w Warszawie S.A.,WSEWF,65.88,0.336,0.187,No
1343,Magellan Financial Group Limited,MGLLF,13.34,0.082,0.139,No
1344,Popular Capital Trust II PFD GTD 6.125%,BPOPM,7.81,0.049,0.265,Yes
1345,Dividend 15 Split Corp.,DVSPF,43.35,0.238,0.884,Yes
1346,"The Rowe Companies, Inc.",ROWC,85.9,0.414,1.642,Yes
1347,Sterling Energy Resources Incorporated,SGER,85.9,0.414,0.31,Yes
1348,H-D International Holdings Group,HDIH,85.9,0.414,0.229,No
1349,The Character Group plc,CGROF,2.39,0.015,0.011,No
1350,RenaissanceRe Holdings Ltd.,RNR,34.68,0.196,0.34,No
1351,CHS Inc.,CHSCN,7.37,0.046,0.189,Yes
1352,Hiab Oyj,CYJBF,4.88,0.031,0.061,No
1353,SRG Global Limited,SRGGF,10.22,0.064,0.114,No
1354,Mineral Resources Limited,MALRY,98.55,0.459,2.444,Yes
1355,FG Nexus Inc.,FGNXP,45.19,0.247,0.569,No
1356,Weitz Multisector Bond ETF,WMSB,3.65,0.023,0.094,Yes
1357,RF Acquisition Corp III,RFAM,2.46,0.016,0.068,Yes
1358,Valeura Energy Inc.,VLERF,126.33,0.551,2.556,No
1359,"General American Investors Company, Inc.",GAM,21.89,0.13,0.765,Yes
1360,General Motors Company,GM,52.11,0.278,0.562,Yes
1361,Astronics Corporation,ATROB,129.94,0.562,2.031,Yes
1362,"First Western Financial, Inc.",MYFW,41.23,0.229,0.796,Yes
1363,"Cullen/Frost Bankers, Inc.",CFR,36.25,0.205,0.143,No
1364,Halliburton Company,HAL,66.0,0.338,0.178,Yes
1365,Sumitomo Corporation,SSUMY,69.47,0.352,0.908,Yes
1366,"Radiant Logistics, Inc.",RLGT,55.34,0.293,1.153,Yes
1367,Flowco Holdings Inc.,FLOC,64.3,0.332,1.457,Yes
1368,BTS Group AB (publ),BGPBF,31.55,0.182,0.136,Yes
1369,Partner Communications Company Ltd.,PTNRF,89.76,0.431,0.04,No
1370,G Mining Ventures Corp.,GMINF,127.09,0.557,0.269,No
1371,Compass Diversified,CODI-PB,40.15,0.225,1.139,Yes
1372,"Hornbeck Offshore Services, Inc",HOS,72.74,0.367,0.336,No
1373,StealthGas Inc.,GASS,57.3,0.303,0.128,Yes
1374,MeiraGTx Holdings plc,MGTX,89.87,0.432,0.174,Yes
1375,Carrefour SA,CRERF,41.45,0.231,0.202,Yes
1376,APA Corporation,APA,115.63,0.521,2.237,No
1377,"Strats(SM) Trust For Allstate Corp Securities, Series 2006-3 06-3 ASSET BKD",GJT,5.86,0.037,0.009,Yes
1378,Blackrock Resources & Commodities Strategy Trust,BCX,49.19,0.267,0.457,Yes
1379,Scatec ASA,STECF,83.11,0.408,0.197,No
1380,FG Imperii Acquisition Corp.,FGIIU,1.03,0.007,0.009,No
1381,Franklin Small Cap Enhanced ETF,FSML,37.69,0.213,0.985,Yes
1382,Shenzhen Investment Holdings Bay Area Development Company Limited,SIHBY,31.25,0.181,0.333,No
1383,"EZCORP, Inc.",EZPW,92.73,0.444,1.38,Yes
1384,"Arrow Electronics, Inc.",ARW,90.95,0.438,2.076,Yes
1385,Linklogis Inc.,LNKLF,78.26,0.39,0.741,Yes
1386,Primaris Real Estate Investment Trust,PMREF,52.65,0.284,0.946,Yes
1387,Canadian National Railway Company,CNI,40.48,0.227,0.639,Yes
1388,Community Bancorp of Santa Maria,CYSM,43.34,0.241,0.781,No
1389,Angel Oak Financial Strategies Income Term Trust,FINS,7.97,0.051,0.261,Yes
1390,The Gorman-Rupp Company,GRC,84.46,0.415,0.764,Yes
1391,ASML Holding N.V.,ASML,104.27,0.486,1.058,Yes
1392,OTG Acquisition Corp. I,OTGA,2.27,0.015,0.046,Yes
1393,Eurocommercial Properties N.V.,ECMPF,7.1,0.045,0.059,No
1394,NCC AB (publ),NCCBF,59.43,0.314,0.513,Yes
1395,"Avnet, Inc.",AVT,98.6,0.467,2.18,Yes
1396,Aurubis AG,AIAGF,83.44,0.412,0.66,No
1397,Constellation Acquisition Corp I,CSTAF,15.0,0.093,0.047,No
1398,Eni S.p.A.,EIPAF,68.39,0.352,1.001,No
1399,"Triumph Financial, Inc.",TFIN-P,9.56,0.061,0.223,No
1400,TORM plc,TRMD,96.5,0.46,0.585,Yes
1401,James Hardie Industries plc,JHX,71.32,0.365,1.682,Yes
1402,Kikkoman Corporation,KIKOF,25.66,0.153,0.114,No
1403,Astellas Pharma Inc.,ALPMF,56.38,0.302,0.767,No
1404,Columbia Seligman Premium Technology Growth Fund,STK,74.53,0.378,2.532,Yes
1405,Engie SA,ENGIY,47.82,0.264,0.034,No
1406,NXG NextGen Infrastructure Income Fund,NXG,33.62,0.195,0.037,Yes
1407,Lundin Mining Corporation,LUNMF,113.4,0.52,1.237,Yes
1408,Enbridge Inc.,ENNPF,17.66,0.109,0.159,Yes
1409,Eventide Small Cap ETF,ESSC,25.06,0.15,0.764,Yes
1410,"MiniMed Group, Inc.",MMED,137.78,0.597,3.705,No
1411,Irish Residential Properties REIT Plc,RSHPF,29.18,0.172,0.36,No
1412,Bonterra Energy Corp.,BNEFF,85.52,0.422,0.559,No
1413,The Gabelli Dividend & Income Trust,GDV,20.23,0.124,0.731,Yes
1414,"Daiichi Life Group, Inc.",DLICY,58.03,0.311,0.016,Yes
1415,"Apple Hospitality REIT, Inc.",APLE,51.42,0.281,1.063,Yes
1416,"Axsome Therapeutics, Inc.",AXSM,83.72,0.416,1.415,Yes
1417,nVent Electric plc,NVT,68.57,0.356,1.783,Yes
1418,Fortum Oyj,FOJCF,30.79,0.181,0.048,Yes
1419,"Nuvera Communications, Inc.",NUVR,43.51,0.245,1.229,Yes
1420,The Magnum Ice Cream Company N.V.,MICC,51.24,0.281,0.463,Yes
1421,"Investview, Inc.",INVUP,9.89,0.063,0.156,No
1422,"Trevi Therapeutics, Inc.",TRVI,113.66,0.524,0.317,Yes
1423,"Chongqing Rural Commercial Bank Co., Ltd.",CRCBY,26.78,0.16,0.659,No
1424,Ackermans & Van Haaren NV,AVHNF,27.65,0.165,0.823,Yes
1425,Gaztransport & Technigaz SA,GZPZY,35.21,0.204,0.065,Yes
1426,Croda International Plc,COIHY,39.37,0.225,0.82,Yes
1427,Symrise AG,SYIEF,38.96,0.223,0.995,Yes
1428,K+S Aktiengesellschaft,KPLUY,51.65,0.284,0.512,No
1429,Reysas Gayrimenkul Yatirim Ortakligi A.S.,RYGYF,101.88,0.485,1.943,No
1430,Rayliant NxtGen Multifactor Emerging Markets Equity ETF,RWEM,39.36,0.225,1.409,Yes
1431,Green Plains Inc.,GPRE,85.54,0.425,1.034,No
1432,"Five Below, Inc.",FIVE,78.63,0.398,0.144,No
1433,Lee & Man Paper Manufacturing Limited,LMPMF,128.85,0.575,0.241,Yes
1434,AGNC Investment Corp.,AGNCP,11.08,0.071,0.419,Yes
1435,Marriott Vacations Worldwide Corporation,VAC,82.42,0.414,0.595,Yes
1436,"Allison Transmission Holdings, Inc.",ALSN,63.12,0.335,0.439,Yes
1437,"Kansai Paint Co., Ltd.",KSANF,6.22,0.041,0.132,No
1438,ASML Holding N.V.,ASMLF,101.35,0.485,0.968,Yes
1439,"Rush Enterprises, Inc.",RUSHA,55.97,0.305,0.35,Yes
1440,"DuPont de Nemours, Inc.",DD,49.04,0.273,0.246,Yes
1441,Euroholdings Ltd.,EHLD,51.74,0.286,0.462,Yes
1442,AGNC Investment Corp.,AGNCZ,9.52,0.061,0.267,Yes
1443,"Japan Smaller Capitalization Fund, Inc.",JOF,37.01,0.215,0.77,Yes
1444,Bayer Aktiengesellschaft,BAYRY,97.64,0.473,0.702,No
1445,APA Group,APAJF,57.64,0.313,0.228,Yes
1446,BASF SE,BASFY,33.78,0.199,0.129,No
1447,"Grupo México, S.A.B. de C.V.",GMBXF,70.84,0.37,0.979,Yes
1448,"Safe Bulkers, Inc.",SB-PD,9.44,0.061,0.071,No
1449,Dynamix Corporation III,DNMX,1.89,0.013,0.044,Yes
1450,Metso Oyj,OUKPY,76.78,0.394,1.6,Yes
1451,Evertz Technologies Limited,EVTZF,63.13,0.337,0.499,No
1452,Vår Energi ASA,VARRY,103.45,0.494,1.357,No
1453,Gibson Energy Inc.,GBNXF,34.63,0.203,0.346,No
1454,Innovator Equity Managed 10 Buffer ETF,XBFR,15.0,0.095,0.468,Yes
1455,"ACS, Actividades de Construcción y Servicios, S.A.",ACSAY,60.31,0.325,0.529,Yes
1456,Compugen Ltd.,CGEN,102.89,0.493,1.209,Yes
1457,OUTFRONT Media Inc.,OUT,86.48,0.433,0.702,Yes
1458,"Littelfuse, Inc.",LFUS,78.69,0.402,1.457,Yes
1459,Crane Harbor Acquisition Corp. II,CRANU,4.31,0.029,0.052,Yes
1460,NatWest Group plc,RBSPF,47.81,0.269,0.939,Yes
1461,The RMR Group Inc.,RMR,44.52,0.253,1.515,Yes
1462,CHS Inc.,CHSCO,3.71,0.025,0.071,Yes
1463,FIGX Capital Acquisition Corp.,FIGXU,2.94,0.02,0.053,No
1464,"Hawthorn Bancshares, Inc.",HWBK,32.61,0.194,0.062,No
1465,Exmar NV,EXMRF,18.28,0.115,0.204,Yes
1466,Woodside Energy Group Ltd,WDS,76.96,0.397,1.201,No
1467,Churchill Capital Corp XII,CXII,8.84,0.058,,
1468,Toyota Tsusho Corporation,TYHOY,81.71,0.416,0.707,Yes
1469,Alfa Laval AB (publ),ALFVY,40.44,0.234,0.61,Yes
1470,"Old Dominion Freight Line, Inc.",ODFL,52.72,0.293,0.469,Yes
1471,"MSC Industrial Direct Co., Inc.",MSM,40.87,0.236,0.522,Yes
1472,Eureka Acquisition Corp,EURK,10.03,0.065,0.152,No
1473,CK Hutchison Holdings Limited,CKHUY,48.24,0.272,0.862,Yes
1474,Scholastic Corporation,SCHL,54.25,0.3,0.397,No
1475,Enbridge Inc,ENBGF,7.22,0.048,0.085,No
1476,ACT Energy Technologies Ltd.,ACXAF,75.02,0.39,0.267,No
1477,Hudbay Minerals Inc.,HBM,135.5,0.605,2.418,Yes
1478,"Iberdrola, S.A.",IBDRY,26.2,0.16,0.089,No
1479,LandBridge Company LLC,LB,86.8,0.437,0.047,Yes
1480,ALK-Abelló A/S,AKBLF,46.17,0.263,1.359,Yes
1481,"Liquidity Services, Inc.",LQDT,66.11,0.354,0.809,Yes
1482,Financial 15 Split Corp.,FNNCF,51.45,0.288,1.244,Yes
1483,Symrise AG,SYIEY,29.67,0.179,0.408,Yes
1484,"Tazmo Co., Ltd.",TZMOF,85.68,0.433,0.728,No
1485,Citizens Bancshares Corporation,CZBS,50.79,0.285,0.086,No
1486,H. Lundbeck A/S,HLUBF,39.76,0.232,0.15,Yes
1487,"Pinnacle Financial Partners, Inc.",PNFP-PB,8.97,0.059,0.146,Yes
1488,Citigroup Inc.,C,38.84,0.228,0.397,Yes
1489,Anteris Technologies Global Corp.,AVR,135.52,0.608,2.003,Yes
1490,Legal & General Group Plc,LGGNF,30.2,0.183,0.544,Yes
1491,First Financial Bancorp.,FFBC,39.37,0.23,0.261,Yes
1492,Security National Corporation,SNLC,48.66,0.276,0.069,No
1493,Centurion Acquisition Corp.,ALF,3.44,0.023,0.056,Yes
1494,Calamos Dynamic Convertible and Income Fund,CCD,33.73,0.202,1.262,Yes
1495,Federal Agricultural Mortgage Corporation,AGM-A,33.84,0.202,0.665,Yes
1496,BlackRock Energy and Resources Trust,BGR,44.04,0.254,0.786,No
1497,Sasol Limited,SSL,136.87,0.613,1.932,No
1498,IG Design Group plc,IGDFF,94.48,0.469,0.208,No
1499,Boozt AB (publ),BOZTY,79.96,0.413,0.264,Yes
1500,RHI Magnesita N.V.,RMGNF,4.9,0.033,0.083,Yes
1501,Pirelli & C. S.p.A.,PRLLY,37.74,0.223,,
1502,"Kirin Holdings Company, Limited",KNBWY,38.72,0.228,0.133,Yes
1503,Breville Group Limited,BVILF,30.39,0.184,0.164,No
1504,Mechanics Bancorp,MCHB,37.44,0.221,0.365,No
1505,Alphamin Resources Corp.,AFMJF,87.05,0.442,1.999,Yes
1506,Civeo Corporation,CVEO,56.89,0.315,1.38,Yes
1507,"Sacyr, S.A.",SYRVF,5.72,0.038,0.053,No
1508,ZTEST Electronics Inc.,ZTSTF,95.83,0.476,1.053,Yes
1509,Xtrackers Bloomberg Developed Markets ex US Equity ETF,DMXU,20.13,0.127,0.653,Yes
1510,Oppenheimer Holdings Inc.,OPY,86.62,0.441,0.754,Yes
1511,"Acerinox, S.A.",ANIOY,70.8,0.377,1.656,Yes
1512,United Plantations Berhad,UPBMF,60.75,0.334,1.626,Yes
1513,Abrdn Total Dynamic Dividend Fund,AOD,33.39,0.201,1.141,Yes
1514,boohoo group plc,BHHOF,125.38,0.58,0.274,Yes
1515,"WESCO International, Inc.",WCC,81.04,0.42,2.146,Yes
1516,Johnson Service Group PLC,JSVGF,93.88,0.47,1.343,No
1517,Oaktree Acquisition Corp. III Life Sciences,OACC,2.61,0.018,0.071,Yes
1518,"Puig Brands, S.A.",PUGBY,45.13,0.261,0.274,Yes
1519,AGNC Investment Corp.,AGNCN,9.87,0.065,0.303,Yes
1520,Taiwan Semiconductor Manufacturing Company Limited,TSM,64.05,0.349,1.308,Yes
1521,EnerSys,ENS,85.85,0.439,1.484,Yes
1522,Cathay Pacific Airways Limited,CPCAY,49.54,0.283,0.608,Yes
1523,Intercorp Financial Services Inc.,IFS,50.62,0.288,0.568,No
1524,"JBT Bancorp, Inc.",JBTC,46.83,0.27,0.217,Yes
1525,"Farmers & Merchants Bancshares, Inc.",FMBN,70.05,0.375,1.013,No
1526,"EastGroup Properties, Inc.",EGP,24.13,0.151,0.513,Yes
1527,Prio S.A.,PTRRY,99.03,0.49,0.691,No
1528,InterContinental Hotels Group PLC,ICHGF,49.69,0.284,0.813,Yes
1529,Ribbon Acquisition Corp.,RIBB,6.72,0.045,0.163,Yes
1530,"Provident Financial Services, Inc.",PFS,31.7,0.193,0.143,Yes
1531,Mercury NZ Limited,MGHTF,17.67,0.114,0.026,Yes
1532,Berli Jucker Public Company Limited,BLJZY,2.82,0.019,0.108,Yes
1533,Ultrapar Participações S.A.,UGP,90.58,0.459,0.432,No
1534,Lloyds Banking Group plc,LLDTF,51.63,0.294,1.416,Yes
1535,Tenaris S.A.,TNRSF,78.31,0.411,1.249,No
1536,K+S Aktiengesellschaft,KPLUF,49.34,0.283,0.283,Yes
1537,"Reliance, Inc.",RS,47.5,0.274,1.326,Yes
1538,NexgenRx Inc.,NEGXF,94.68,0.476,0.421,No
1539,NVE Corporation,NVEC,81.13,0.423,1.982,Yes
1540,Bellway p.l.c.,BLWYY,3.46,0.024,0.005,Yes
1541,SSE plc,SSEZF,61.69,0.341,0.162,Yes
1542,Northern Trust 2030 Tax-Exempt Distributing Ladder ETF,MUNA,1.87,0.013,0.04,Yes
1543,Ondine Biomedical Inc.,OBIMF,106.43,0.519,0.975,Yes
1544,Suncor Energy Inc.,SU,82.77,0.43,0.988,No
1545,GH Research PLC,GHRS,127.65,0.592,3.205,Yes
1546,Kenon Holdings Ltd.,KEN,79.85,0.418,0.856,Yes
1547,Invesco S&P S&P 500 Concentrated QVM ETF,QVMT,24.07,0.151,0.519,Yes
1548,SD Guthrie Berhad,SDPNF,84.5,0.437,0.364,No
1549,"Capital City Bank Group, Inc.",CCBG,26.96,0.168,0.114,No
1550,Infratil Limited,IFUUF,85.21,0.44,0.526,Yes
1551,Ero Copper Corp.,ERO,121.78,0.574,1.402,Yes
1552,"Popular, Inc.",BPOP,42.29,0.249,0.24,Yes
1553,Investor AB (publ),IVSXF,43.27,0.254,1.025,Yes
1554,Tidewater Inc.,TDW,104.81,0.515,0.424,No
1555,Western Energy Services Corp.,WEEEF,63.54,0.35,1.605,No
1556,"Cardinal Health, Inc.",CAH,65.19,0.357,0.417,No
1557,Silicon Laboratories Inc.,SLAB,87.75,0.451,0.417,No
1558,Fenix Outdoor International AG,FNXTF,48.27,0.28,0.426,Yes
1559,"Great American Bancorp, Inc.",GTPS,27.66,0.172,0.293,Yes
1560,Lloyds Banking Group plc,LYG,41.64,0.247,0.861,Yes
1561,Dyno Nobel Limited,ICPVF,50.28,0.289,0.309,Yes
1562,Parex Resources Inc.,PARXF,84.95,0.442,0.889,No
1563,ORIX Corporation,IX,63.25,0.35,1.266,Yes
1564,"Security Midwest Bancorp, Inc.",SBMW,53.62,0.306,0.754,Yes
1565,Gold Fields Limited,GFIOF,131.1,0.608,0.562,Yes
1566,AGF Management Limited,AGFMF,70.8,0.384,1.281,No
1567,JHancock Global Senior Loan ETF,JHLN,3.72,0.026,0.142,Yes
1568,"Horizon Bancorp, Inc.",HBNC,30.54,0.189,0.519,Yes
1569,"The Pennant Group, Inc.",PNTG,57.7,0.326,0.072,Yes
1570,Gladstone Investment Corporatio,GAIN,32.14,0.198,0.726,Yes
1571,"PriceSmart, Inc.",PSMT,51.69,0.298,0.029,Yes
1572,Expro Ltd,XPRO,68.69,0.376,0.11,No
1573,LivaNova PLC,LIVN,67.36,0.37,0.259,Yes
1574,"Otsuka Holdings Co., Ltd.",OTSKF,40.81,0.244,0.728,No
1575,New Providence Acquisition Corp. III,NPAC,3.03,0.021,0.072,Yes
1576,Costamare Inc.,CMRE-PD,7.14,0.049,0.141,No
1577,"Prosegur Cash, S.A.",PGUUF,30.82,0.191,0.366,Yes
1578,Hexcel Corporation,HXL,62.98,0.351,0.947,Yes
1579,Lotus Bakeries NV,LOTBY,54.01,0.309,0.044,No
1580,T. Rowe Price Active Core International Equity ETF,TACN,23.61,0.15,0.607,Yes
1581,Ausnutria Dairy Corporation Ltd,AUDYF,78.13,0.416,1.955,Yes
1582,Rexel S.A.,RXEEY,36.78,0.223,0.887,Yes
1583,"Columbia Banking System, Inc.",COLB,24.49,0.156,0.515,Yes
1584,Salvatore Ferragamo S.p.A.,SFRGY,110.12,0.54,0.843,Yes
1585,Bayer Aktiengesellschaft,BAYZF,95.68,0.487,0.757,No
1586,Sun Hung Kai & Co. Limited,SHGKF,80.48,0.427,0.878,Yes
1587,United Hampshire US Real Estate Investment Trust,UNHRF,55.89,0.319,1.312,No
1588,d'Amico International Shipping S.A.,DMCOF,95.97,0.489,0.301,No
1589,BlackRock Innovation and Growth Term Trust,BTX,55.73,0.319,1.85,Yes
1590,Northern Lion Gold Corp.,NLGCF,105.75,0.525,0.126,Yes
1591,Dynamix Corporation,DYNC,4.99,0.034,0.136,Yes
1592,Schroders plc,SHNWF,64.85,0.36,0.194,No
1593,Templeton International Insights ETF,TINS,22.61,0.145,0.737,Yes
1594,Valley National Bancorp,VLYPP,5.85,0.04,0.001,No
1595,BASF SE,BFFAF,36.11,0.221,0.066,No
1596,The Siam Cement Public Company Limited,SCVPY,86.93,0.454,1.166,No
1597,Fidelity Real Estate Income Fund ETF,FREI,0.66,0.005,,
1598,Havas N.V.,HVNVY,10.62,0.072,0.11,Yes
1599,"Grupo Industrial Saltillo, S.A.B. de C.V.",GISMF,10.04,0.068,0.279,Yes
1600,Intershop Holding AG,ISZNF,5.87,0.04,0.166,Yes
1601,JSB Financial Inc.,JFWV,35.23,0.216,0.07,Yes
1602,Close Brothers Group plc,CBGPF,33.32,0.206,0.114,No
1603,"Kodiak Gas Services, Inc.",KGS,89.17,0.463,0.194,Yes
1604,Westwood Enhanced Income Opport,YLDW,12.49,0.084,0.476,Yes
1605,"Flotek Industries, Inc.",FTK,84.89,0.447,0.062,No
1606,Noble Corporation plc,NE,94.23,0.484,0.472,No
1607,VistaShares Target 15TM S&P 100 Distribution ETF,SIOO,14.74,0.098,0.585,Yes
1608,First Northwest Bancorp,FNWB,54.16,0.313,1.157,Yes
1609,Bombardier Inc.,BDRBF,71.81,0.393,1.282,Yes
1610,"Park Dental Partners, Inc.",PARK,80.3,0.429,0.847,Yes
1611,Eli Lilly and Company,LLY,67.97,0.376,0.833,Yes
1612,Inflection Point Acquisition Corp. VII,IPXG,5.65,0.039,0.011,Yes
1613,Woodside Energy Group Ltd,WOPEF,63.54,0.357,0.749,No
1614,First Farmers Financial Corporation,FFMR,11.36,0.077,0.005,Yes
1615,Hilton Food Group plc,HLFGY,3.37,0.024,0.058,Yes
1616,"PC Connection, Inc.",CNXN,36.32,0.223,0.646,Yes
1617,Equinor ASA,EQNR,121.25,0.584,2.4,No
1618,Eaton Vance Tax-Managed Buy-Write Opportunities Fund,ETV,18.65,0.123,0.801,Yes
1619,Hellenic Telecommunications Organization S.A.,HLTOF,18.81,0.124,0.202,No
1620,Pacific Basin Shipping Limited,PCFBY,120.4,0.581,1.502,Yes
1621,Nuveen Core Equity Alpha Fund,JCE,18.24,0.12,0.825,Yes
1622,Ligand Pharmaceuticals Incorporated,LGND,79.27,0.426,0.397,Yes
1623,"BGC Group, Inc.",BGC,33.33,0.207,0.43,Yes
1624,Dorian LPG Ltd.,LPG,122.87,0.591,0.795,Yes
1625,PT Alamtri Resources Indonesia Tbk,ADOOY,75.19,0.409,0.669,No
1626,Engie SA,ENGQF,49.9,0.294,0.089,Yes
1627,SiriusPoint Ltd.,SPNT,41.01,0.249,0.151,No
1628,"Henry Schein, Inc.",HSIC,43.14,0.26,0.134,Yes
1629,Topaz Energy Corp.,TPZEF,30.8,0.194,0.109,Yes
1630,Bangkok Bank Public Company Limited,BKKLY,34.49,0.214,0.126,Yes
1631,"Matsui Securities Co., Ltd.",MAUSY,37.98,0.233,0.202,No
1632,"SK Telecom Co., Ltd.",SKM,109.69,0.546,1.989,Yes
1633,"Mitek Systems, Inc.",MITK,131.65,0.622,0.227,Yes
1634,"Royce Small-Cap Trust, Inc.",RVT,27.28,0.174,0.879,Yes
1635,"Citizens Financial Group, Inc.",CFG-PI,4.79,0.033,0.123,Yes
1636,Global X U.S. 500 Income Edge ETF,EDGX,26.49,0.17,0.905,Yes
1637,"Cohen & Steers, Inc.",CNS,32.82,0.205,0.747,Yes
1638,"Gilead Sciences, Inc.",GILD,41.83,0.254,0.067,Yes
1639,"Republic Bancorp, Inc.",RBCAA,38.69,0.237,0.113,Yes
1640,"Twin Disc, Incorporated",TWIN,89.47,0.47,0.639,Yes
1641,EGH Acquisition Corp.,EGHA,4.3,0.03,0.077,Yes
1642,Subsea 7 S.A.,ACGYF,80.74,0.435,0.568,Yes
1643,CrossAmerica Partners LP,CAPL,25.09,0.162,0.241,Yes
1644,BW Energy Limited,BWEFF,102.03,0.519,1.963,No
1645,CVB Financial Corp.,CVBF,25.79,0.166,0.157,Yes
1646,Rithm Capital Corp.,RITM-PB,11.55,0.079,0.46,Yes
1647,Ponsse Oyj,PSSEF,9.31,0.064,0.274,Yes
1648,Vodacom Group Limited,VODAF,72.27,0.4,0.9,No
1649,"Coca-Cola Consolidated, Inc.",COKE,93.42,0.487,0.397,No
1650,Strikewell Energy Corp.,SKKFF,18.49,0.123,0.424,No
1651,Trelleborg AB (publ),TBABF,66.81,0.376,2.001,Yes
1652,Aritzia Inc.,ATZAF,78.38,0.426,1.998,Yes
1653,"Clean Harbors, Inc.",CLH,44.03,0.266,0.089,No
1654,Mountain Lake Acquisition Corp. II,MLAA,3.72,0.026,0.081,Yes
1655,InPost S.A.,INPOY,59.57,0.343,0.117,Yes
1656,Independent Bank Corporation,IBCP,25.25,0.163,0.019,Yes
1657,ARC Resources Ltd.,ARXCY,44.67,0.27,0.151,Yes
1658,Befesa S.A.,BFSAF,86.74,0.461,0.587,Yes
1659,Tokuyama Corporation,TKYMY,37.05,0.23,0.685,Yes
1660,BlackRock Virginia Municipal Bond Trust,BHV,25.74,0.167,0.619,Yes
1661,"Crocs, Inc.",CROX,55.45,0.324,1.769,Yes
1662,Citycon Oyj,COYJF,31.94,0.202,0.741,No
1663,"Interactive Brokers Group, Inc.",IBKR,52.37,0.309,1.76,Yes
1664,Xinyi Glass Holdings Limited,XYIGF,78.44,0.428,2.191,No
1665,Fortis Inc.,FTRSF,11.23,0.077,0.154,Yes
1666,IMI plc,IMIAF,29.64,0.189,0.104,No
1667,"Xenia Hotels & Resorts, Inc.",XHR,50.33,0.299,0.214,Yes
1668,Wen Acquisition Corp.,WENN,2.93,0.021,0.058,Yes
1669,"Prologis, Inc.",PLD,29.62,0.189,0.6,Yes
1670,Nuveen Multi-Asset Income Fund,NMAI,29.07,0.186,1.226,Yes
1671,Bombardier Inc.,BDRAF,72.55,0.404,1.565,Yes
1672,Western Alliance Bancorporation,WAL-PA,15.33,0.104,0.153,Yes
1673,Calamos Convertible Opportunities and Income Fund,CHI,34.51,0.217,1.212,Yes
1674,First Merchants Corporation,FRMEP,6.12,0.043,0.16,No
1675,Norsk Hydro ASA,NHYDY,69.66,0.391,0.239,Yes
1676,Basic-Fit N.V.,BSFFF,60.24,0.348,0.252,No
1677,GFG Resources Inc,GFGSF,56.49,0.33,1.685,Yes
1678,United Utilities Group PLC,UUGRY,35.92,0.225,0.653,Yes
1679,"Mitsubishi UFJ Financial Group, Inc.",MBFJF,45.56,0.277,0.498,Yes
1680,Eaton Vance National Municipal Opportunities Trust,EOT,9.27,0.065,0.045,Yes
1681,Oxford Square Capital Corp. 5.50% Notes due 2028,OXSQG,6.33,0.045,0.209,Yes
1682,"Equinix, Inc.",EQIX,44.92,0.273,0.484,Yes
1683,AltaGas Ltd.,ATGFF,31.7,0.202,0.192,Yes
1684,Winmill & Co. Incorporated,WNMLA,55.24,0.325,0.089,No
1685,Deutsche Börse AG,DBOEF,28.62,0.185,0.079,No
1686,Forafric Global PLC,AFRI,30.05,0.193,0.174,Yes
1687,"Excelerate Energy, Inc.",EE,78.54,0.432,0.402,Yes
1688,First Commonwealth Financial Corporation,FCF,29.82,0.192,0.036,Yes
1689,Anglo American plc,AAUKF,74.37,0.414,2.169,Yes
1690,Mersen S.A.,CBLNF,94.74,0.498,1.307,Yes
1691,Aristocrat Group Corp.,ASCC,108.4,0.551,0.193,No
1692,TD SYNNEX Corporation,SNX,72.78,0.407,2.117,Yes
1693,Galata Acquisition Corp. II,LATA,2.7,0.019,0.071,Yes
1694,Azrieli Group Ltd.,AZRGF,60.36,0.351,0.173,No
1695,Bank First Corporation,BFC,30.27,0.195,0.215,Yes
1696,Starlink AI Acquisition Corporation,OTAI,6.27,0.044,,
1697,New World Development Company Limited,NWWDF,56.07,0.33,0.068,Yes
1698,The Gabelli Healthcare & Wellness Trust,GRX,19.05,0.128,0.151,Yes
1699,British Land Company PLC,BTLCY,38.44,0.24,1.047,Yes
1700,Caterpillar Inc.,CAT,97.83,0.512,1.469,Yes
1701,Merchants Bancorp,MBINM,10.71,0.075,0.254,Yes
1702,UniCredit S.p.A.,UNCRY,42.36,0.261,1.246,Yes
1703,"NOS, S.G.P.S., S.A.",ZONNF,59.84,0.349,0.736,Yes
1704,Ascendis Pharma A/S,ASND,39.15,0.244,0.184,No
1705,Dyno Nobel Limited,DNLZY,41.03,0.254,1.188,Yes
1706,Rexel S.A.,RXLSF,33.39,0.213,1.03,Yes
1707,Aker BP ASA,AKRBY,74.67,0.417,0.965,No
1708,Venture Corporation Limited,VEMLF,61.85,0.359,0.36,Yes
1709,IGO Limited,IPGDF,116.45,0.583,1.784,Yes
1710,Viant Technology Inc.,DSP,64.03,0.369,0.095,No
1711,Wells Fargo &amp; Company PFD DIV EQUALIZ,WFCNP,98.55,0.516,1.659,No
1712,Rayliant NxtGen Multifactor US Equity ETF,RWLC,20.45,0.137,0.951,Yes
1713,Severn Trent PLC,STRNY,31.88,0.205,0.464,Yes
1714,Kasikornbank Public Company Limited,KPCUF,65.65,0.377,0.608,No
1715,Shoprite Holdings Ltd,SRGHY,23.09,0.153,0.274,Yes
1716,"Covenant Logistics Group, Inc.",CVLG,89.68,0.481,1.888,Yes
1717,Pandox AB (publ),PNDXF,65.45,0.377,2.063,Yes
1718,ConocoPhillips,COP,56.77,0.336,1.305,No
1719,"American Healthcare REIT, Inc.",AHR,40.99,0.256,0.409,Yes
1720,Traton SE,TRATF,51.3,0.309,0.838,Yes
1721,Orezone Gold Corporation,ORZCF,129.34,0.631,0.607,Yes
1722,"Marriott International, Inc.",MAR,39.25,0.246,0.565,Yes
1723,Bezeq The Israel Telecommunication Corp. Ltd,BZQIY,66.76,0.384,0.112,No
1724,Iron Horse Acquisitions Corp. II,IRHOU,3.29,0.024,0.077,Yes
1725,Keppel Infrastructure Trust,KPLIF,88.08,0.477,0.403,Yes
1726,Partners Value Investments LP,PVLUF,25.09,0.166,0.829,Yes
1727,James Hardie Industries plc,JHIUF,99.78,0.524,1.245,Yes
1728,Wallenius Wilhelmsen ASA,WILWY,94.69,0.504,0.152,Yes
1729,Foxby Corp.,FXBY,33.08,0.213,1.041,Yes
1730,Aker BP ASA,AKRBF,65.92,0.381,0.667,No
1731,"Grifols, S.A.",GIFOF,1.77,0.013,0.018,No
1732,Trinity Capital Inc.,TRIN,43.48,0.27,0.949,Yes
1733,"Nine Energy Service, Inc.",NINE,109.04,0.56,0.641,Yes
1734,"Exelixis, Inc.",EXEL,39.3,0.248,0.345,Yes
1735,ProShares Ultra S&P 500 Equal Weight,URSP,33.19,0.214,1.119,Yes
1736,Airports of Thailand Public Company Limited,AIPUY,101.12,0.531,2.14,Yes
1737,Bank of Hawaii Corporation,BOH,23.46,0.157,0.221,Yes
1738,Companhia Energética de Minas Gerais - CEMIG,CIG-C,28.66,0.188,0.4,No
1739,Templeton Emerging Markets Income Fund,TEI,28.8,0.189,0.873,Yes
1740,Cassiar Gold Corp.,CGLCF,115.5,0.587,0.332,No
1741,"Benchmark Electronics, Inc.",BHE,125.49,0.623,2.635,Yes
1742,AL Sydbank A/S,SYANY,97.61,0.519,0.559,Yes
1743,Shell plc,RYDAF,38.49,0.245,0.919,No
1744,Reysas Tasimacilik ve Lojistik Ticaret A.S.,RYSKF,65.88,0.383,0.799,Yes
1745,Cross Timbers Royalty Trust,CRT,62.29,0.366,0.623,No
1746,"Tyra Biosciences, Inc.",TYRA,116.81,0.593,1.855,No
1747,"Iberdrola, S.A.",IBDSF,29.12,0.192,0.031,Yes
1748,State Street Materials Select Sector SPDR Premium Income ETF,XLBI,16.72,0.116,0.385,Yes
1749,BOK Financial Corporation,BOKF,29.13,0.192,0.188,No
1750,Plexus Corp.,PLXS,90.61,0.494,1.277,Yes
1751,"Coca-Cola FEMSA, S.A.B. de C.V.",COCSF,54.78,0.331,1.064,Yes
1752,"Revvity, Inc.",RVTY,61.27,0.363,1.048,Yes
1753,Kinetik Holdings Inc.,KNTK,47.55,0.295,0.388,No
1754,Bank Hapoalim B.M.,BKHYY,39.2,0.25,1.061,Yes
1755,Dah Sing Financial Holdings Limited,DSFGY,71.62,0.412,0.766,No
1756,Viking Acquisition Corp. I,VACI,8.32,0.06,0.219,Yes
1757,Techtronic Industries Company Limited,TTNDF,57.8,0.347,0.57,Yes
1758,Templeton Emerging Markets Fund,EMF,58.67,0.351,1.996,Yes
1759,,DCBG,7.8,0.056,0.142,Yes
1760,Journey Energy Inc.,JRNGF,125.85,0.629,0.328,No
1761,Union Pacific Corporation,UNP,36.21,0.234,0.57,Yes
1762,"Global Net Lease, Inc.",GNL,27.36,0.182,0.22,Yes
1763,Sandvik AB (publ),SDVKY,57.8,0.347,1.014,Yes
1764,Ensign Energy Services Inc.,ESVIF,69.45,0.403,0.808,Yes
1765,"Expedia Group, Inc.",EXPE,65.7,0.385,0.304,No
1766,Bel Fuse Inc.,BELFB,113.92,0.586,2.375,Yes
1767,CEMATRIX Corporation,CTXXF,49.07,0.303,0.608,Yes
1768,Santos Limited,STOSF,65.69,0.385,0.421,No
1769,Ohio Valley Banc Corp.,OVBC,31.88,0.209,0.246,Yes
1770,"BankFLORIDA Bancorp, Inc.",BKFL,19.04,0.131,0.462,Yes
1771,"Redfield Energy, LLC",RDFD,28.56,0.19,0.437,Yes
1772,Monster Beverage Corporation,MNST,45.59,0.286,0.953,Yes
1773,Helix Acquisition Corp. III,HLXC,9.45,0.068,0.007,Yes
1774,"BridgeBio Pharma, Inc.",BBIO,61.87,0.368,1.038,No
1775,HELLA GmbH & Co. KGaA,HLKHF,1.12,0.008,0.005,No
1776,Glenveagh Properties PLC,GLVHF,97.07,0.523,1.905,No
1777,Soundwill Holdings Limited,SDWHF,52.93,0.324,0.071,No
1778,Knorr-Bremse AG,KNRRY,39.99,0.256,0.493,Yes
1779,Develop Global Limited,VTEXF,120.41,0.614,1.232,No
1780,Talon Capital Corp.,TLNC,2.16,0.016,0.002,No
1781,Unit Corporation,UNTC,25.23,0.171,0.23,No
1782,Navigator Holdings Ltd.,NVGS,57.79,0.35,0.879,Yes
1783,Eventide International ETF,ESIM,29.37,0.196,1.005,Yes
1784,GMO Domestic Resilience ETF,DRES,26.4,0.178,0.643,Yes
1785,"Lexicon Pharmaceuticals, Inc.",LXRX,93.76,0.512,0.435,Yes
1786,Thornburg Focus Growth Fund ETF Class,TFGZ,21.84,0.15,1.385,Yes
1787,Wacker Chemie AG,WKCMF,48.3,0.302,0.964,Yes
1788,Nuveen Nasdaq 100 Dynamic Overwrite Fund,QQQX,23.73,0.162,1.055,Yes
1789,"Fast Retailing Co., Ltd.",FRCOY,63.62,0.379,1.669,Yes
1790,Nuveen Arizona Quality Municipal Income Fund,NAZ,11.37,0.082,0.476,Yes
1791,Valley National Bancorp,VLYPO,6.05,0.044,0.104,Yes
1792,Compagnie des Alpes SA,CLPIF,6.2,0.046,0.169,No
1793,Mersen S.A.,CBLNY,101.87,0.546,3.707,Yes
1794,Finning International Inc.,FINGF,55.49,0.34,1.674,Yes
1795,Rogers Corporation,ROG,77.64,0.445,1.507,Yes
1796,ACADIA Pharmaceuticals Inc.,ACAD,44.01,0.28,0.095,Yes
1797,Credicorp Ltd.,BAP,56.32,0.345,0.276,No
1798,Solvay Bank Corp.,SOBS,35.33,0.232,1.195,Yes
1799,Bid Corporation Limited,BPPPF,57.68,0.352,1.423,No
1800,Restaurant Brands International Inc.,QSR,29.45,0.198,0.123,Yes
1801,Lionsgate Studios Corp.,LION,90.52,0.502,1.427,Yes
1802,Vetoquinol SA,VETOF,5.36,0.04,0.17,No
1803,"Delek Logistics Partners, LP",DKL,40.23,0.26,0.038,Yes
1804,Orrön Energy AB (publ),LNDNF,106.14,0.566,2.118,No
1805,Federal Realty Investment Trust,FRT,22.78,0.157,0.324,Yes
1806,Kemper Corporation 5.875% Fixed,KMPB,10.63,0.077,0.336,Yes
1807,"JAKKS Pacific, Inc.",JAKK,51.34,0.32,0.368,Yes
1808,"Black Stone Minerals, L.P.",BSM,28.0,0.19,0.562,No
1809,BorgWarner Inc.,BWA,61.08,0.37,0.939,Yes
1810,"JG Summit Holdings, Inc.",JGSMY,2.76,0.021,0.044,Yes
1811,"Sumitomo Heavy Industries, Ltd.",SOHVY,73.12,0.427,1.338,Yes
1812,InPlay Oil Corp.,IPOOF,59.3,0.361,0.709,No
1813,DCC Energy plc,DCCPF,48.96,0.308,1.694,Yes
1814,iShares International Equity Factor Rotation Active ETF,IDYN,20.93,0.146,0.63,Yes
1815,Hafnia Limited,HAFN,78.41,0.452,0.399,Yes
1816,Deere & Company,DE,57.45,0.352,0.107,Yes
1817,"Tennessee Valley Financial Holdings, Inc.",TVLF,65.29,0.391,0.093,Yes
1818,International Petroleum Corporation,IPCFF,67.34,0.401,0.914,No
1819,Ameren Illinois Company,AILLN,4.33,0.032,0.014,Yes
1820,Companhia Paranaense de Energia,ELPC,36.47,0.24,0.106,No
1821,"Flagstar Bank, National Association",FLG-PA,17.46,0.124,0.724,Yes
1822,MTR Corporation Limited,MTRJF,35.61,0.235,0.278,Yes
1823,Diploma PLC,DPLMF,38.78,0.253,0.75,Yes
1824,M&G plc,MGPUF,54.72,0.339,1.564,Yes
1825,Advance ZincTek Limited,ADVNF,27.04,0.185,0.333,No
1826,Welltower Inc.,WELL,42.91,0.277,0.293,Yes
1827,"Lightstone Value Plus REIT V, Inc.",LVVP,104.28,0.562,0.744,No
1828,TAURON Polska Energia S.A.,TNPGY,3.05,0.023,0.03,No
1829,engcon AB (publ),ENGCF,11.26,0.082,0.146,Yes
1830,Associated Banc-Corp,ASB,26.32,0.18,0.33,Yes
1831,"Ferrellgas Partners, L.P.",FGPR,64.83,0.39,1.553,No
1832,National Bank of Greece S.A.,NBGIF,49.65,0.314,0.266,Yes
1833,PHX Energy Services Corp.,PHXHF,101.14,0.551,1.429,No
1834,"Rush Enterprises, Inc.",RUSHB,45.94,0.294,0.024,No
1835,"Star Group, L.P.",SGU,17.0,0.121,0.381,Yes
1836,TFI International Inc.,TFII,71.17,0.421,2.249,Yes
1837,Devon Energy Corporation,DVN,52.52,0.329,1.055,No
1838,Etablissements Maurel & Prom S.A.,EBLMY,92.93,0.518,0.104,Yes
1839,Yangarra Resources Ltd.,YGRAF,77.67,0.451,1.245,No
1840,WashTec AG,WHTAF,63.85,0.387,0.273,No
1841,Titan S.A.,TTCIF,51.34,0.323,0.666,No
1842,The Macerich Company,MAC,40.82,0.267,0.724,Yes
1843,"Citizens Community Bancorp, Inc.",CZWI,38.71,0.255,0.596,No
1844,The Cross-Harbour (Holdings) Limited,CRHHF,54.56,0.34,0.038,Yes
1845,Bel Fuse Inc.,BELFA,117.74,0.617,2.306,Yes
1846,Borr Drilling Limited,BORR,96.67,0.535,0.114,No
1847,Brenntag SE,BNTGF,25.39,0.175,0.075,Yes
1848,VOC Energy Trust,VOC,48.47,0.309,0.713,No
1849,InPost S.A.,INPOF,59.11,0.364,0.151,No
1850,Cementos Pacasmayo S.A.A.,CPAC,113.95,0.604,0.079,Yes
1851,Independent Bank Corp.,INDB,23.71,0.165,0.192,Yes
1852,Duff & Phelps Utility and Infrastructure Fund Inc.,DPG,21.05,0.148,0.03,Yes
1853,"Ennis, Inc.",EBF,27.2,0.187,0.549,No
1854,Yihai International Holding Ltd.,YNNHF,93.19,0.522,2.917,Yes
1855,Magna International Inc.,MGA,52.97,0.334,0.801,Yes
1856,Vienna Insurance Group AG,VNRFY,92.08,0.518,1.007,Yes
1857,Alfa Laval AB (publ),ALFVF,33.73,0.227,0.725,Yes
1858,Dana Incorporated,DAN,71.31,0.425,0.559,Yes
1859,"First Industrial Realty Trust, Inc.",FR,27.58,0.19,0.489,Yes
1860,KNOT Offshore Partners LP,KNOP,29.44,0.202,0.675,Yes
1861,"Eagle Bancorp Montana, Inc.",EBMT,40.74,0.268,0.291,Yes
1862,Xenon Pharmaceuticals Inc.,XENE,65.17,0.397,2.01,No
1863,"ENEOS Holdings, Inc.",JXHGF,56.11,0.351,0.806,No
1864,SEGRO Plc,SEGXF,60.84,0.375,1.16,Yes
1865,Corby Spirit and Wine Limited,CRBBF,16.56,0.119,0.208,Yes
1866,Global X Nasdaq-100 Income Edge ETF,EDGQ,38.07,0.253,1.252,Yes
1867,"ArriVent BioPharma, Inc.",AVBP,88.27,0.504,1.757,Yes
1868,"ChoiceOne Financial Services, Inc.",COFS,20.94,0.149,0.337,Yes
1869,"Life Time Group Holdings, Inc.",LTH,70.03,0.421,0.023,Yes
1870,Imperial Oil Limited,IMO,62.19,0.383,0.909,No
1871,Anheuser-Busch InBev SA/NV,BUD,43.52,0.285,0.908,Yes
1872,Voya Asia Pacific High Dividend Equity Income Fund,IAE,36.65,0.246,1.225,Yes
1873,Allianz SE,ALIZF,31.71,0.216,0.658,Yes
1874,Invesco Quality Municipal Income Trust,IQI,11.38,0.084,0.386,Yes
1875,State Street Technology Select Sector SPDR Premium Income ETF,XLKI,26.81,0.186,1.195,Yes
1876,"John Marshall Bancorp, Inc.",JMSB,19.42,0.139,0.055,No
1877,"Viper Energy, Inc.",VNOM,28.79,0.199,0.07,No
1878,Senior plc,SNIRF,50.45,0.323,0.922,No
1879,"Cohen & Steers Infrastructure Fund, Inc",UTF,19.78,0.141,0.265,Yes
1880,Hellenic Telecommunications Organization S.A.,HLTOY,32.5,0.221,0.852,Yes
1881,Espey Mfg. & Electronics Corp.,ESP,85.37,0.492,0.852,Yes
1882,Hammerson Plc,HMSNF,43.49,0.285,0.318,Yes
1883,Unum Group,UNM,27.0,0.188,0.618,Yes
1884,Trustmark Corporation,TRMK,20.98,0.149,0.123,Yes
1885,Innovator International Developed Managed Floor ETF,IFLR,15.58,0.113,0.396,Yes
1886,PolyPeptide Group AG,PLYGF,81.46,0.475,2.436,Yes
1887,Yip's Chemical Holdings Limited,YIPCF,28.49,0.197,0.083,No
1888,Skeena Resources Limited,SKE,119.86,0.634,0.38,Yes
1889,Eaton Vance Tax-Managed Global Diversified Equity Income Fund,EXG,21.72,0.154,0.933,Yes
1890,FIH Mobile Limited,FXCNF,73.21,0.438,2.004,Yes
1891,"AMN Healthcare Services, Inc.",AMN,114.83,0.615,2.019,Yes
1892,VAT Group AG,VTTGF,102.89,0.568,1.632,No
1893,Alkane Resources Ltd,ALKEF,131.57,0.678,1.253,Yes
1894,Zacks Quality International ETF,QUIZ,20.1,0.144,0.735,Yes
1895,The Lottery Corporation Limited,LTRCF,15.86,0.115,0.497,Yes
1896,Praetorian Acquisition Corp.,PTORU,2.6,0.02,0.049,Yes
1897,Virtus Convertible & Income Fund II,NCZ,27.53,0.192,1.267,Yes
1898,Highland Funds I - Highland Opportunities and Income Fund,HFRO-PA,5.91,0.045,0.105,No
1899,"KS Bancorp, Inc.",KSBI,55.7,0.352,1.431,No
1900,Saipem SpA,SAPMY,99.85,0.556,0.106,No
1901,Auckland International Airport Limited,AUKNY,23.87,0.169,0.835,Yes
1902,Blue Acquisition Corp.,BACC,5.38,0.041,0.031,Yes
1903,Queen's Road Capital Investment Ltd.,BRSGF,107.85,0.59,0.867,Yes
1904,Isras Investment Company Ltd,IRICF,124.24,0.653,3.509,Yes
1905,"Analog Devices, Inc.",ADI,64.51,0.398,1.782,Yes
1906,Crescent Energy Company,CRGY,85.7,0.497,1.103,No
1907,"Palo Alto Networks, Inc.",PANW,136.29,0.698,1.984,Yes
1908,"Rhinebeck Bancorp, Inc.",RBKB,73.57,0.442,0.302,No
1909,"Vera Bradley, Inc.",VRA,104.01,0.575,0.234,Yes
1910,UBS Group AG,UBS,50.29,0.325,1.147,Yes
1911,Chimera Investment Corporation ,CIMP,7.99,0.06,0.322,Yes
1912,Uniti Group Inc.,UNIT,88.28,0.509,0.324,Yes
1913,The Tel-Aviv Stock Exchange Ltd.,TVAVF,125.34,0.659,1.72,Yes
1914,"Huron Valley Bancorp, Inc.",HVLM,29.73,0.206,0.286,No
1915,"Mitsui O.S.K. Lines, Ltd.",MSLOY,59.13,0.372,1.449,No
1916,Graham Corporation,GHM,84.32,0.493,1.019,Yes
1917,"Haverty Furniture Companies, Inc.",HVT,38.86,0.261,0.742,Yes
1918,Dongfang Electric Corporation Limited,DNGFF,111.94,0.609,1.079,Yes
1919,"Community Capital Bancshares, Inc.",ALBY,24.19,0.172,0.4,Yes
1920,Hiscox Ltd,HCXLF,54.16,0.347,0.793,Yes
1921,Denali Therapeutics Inc.,DNLI,91.34,0.525,0.419,Yes
1922,Investment AB Latour (publ),IVTBF,42.88,0.285,1.391,Yes
1923,AGNC Investment Corp.,AGNC,28.7,0.201,0.807,Yes
1924,BlackRock Enhanced Equity Dividend Trust,BDJ,21.69,0.156,0.759,Yes
1925,Global X Morningstar Capital Allocation Leaders ETF,CPTL,18.92,0.137,0.962,Yes
1926,Barclays PLC,BCS,39.67,0.267,1.061,Yes
1927,Linamar Corporation,LIMAF,41.66,0.279,0.65,Yes
1928,"Mama's Creations, Inc.",MAMA,74.4,0.449,1.054,No
1929,"Landmark Bancorp, Inc.",LARK,35.24,0.241,0.77,Yes
1930,"Kimbell Royalty Partners, LP",KRP,28.23,0.199,0.249,Yes
1931,Domino's Pizza Enterprises Limited,DMZPY,117.69,0.635,2.534,Yes
1932,Albemarle Corporation,ALB,102.34,0.574,0.602,Yes
1933,VanEck ETF Trust - VanEck Copper And Electrification Metals ETF,EMET,62.5,0.392,1.301,Yes
1934,"Caribbean Utilities Company, Ltd.",CUPUF,13.53,0.101,0.165,No
1935,Invesco Mortgage Capital Inc.,IVR-PC,10.05,0.076,0.189,Yes
1936,Diana Shipping Inc.,DSX,92.18,0.531,0.025,Yes
1937,"Corpay, Inc.",CPAY,52.02,0.337,0.982,Yes
1938,Blue Moon Metals Inc.,BMM,117.22,0.635,0.132,No
1939,Ion Beam Applications SA,IOBCF,63.85,0.399,1.305,Yes
1940,Budimex SA,BDMXF,104.29,0.583,0.277,No
1941,SalMar ASA,SALRF,48.64,0.32,0.036,Yes
1942,The Reserve Petroleum Company,RSRV,34.12,0.236,0.767,No
1943,iA Financial Corporation Inc.,IAFNF,33.48,0.232,0.625,Yes
1944,"Standard Premium Finance Holdings, Inc.",SPFX,134.47,0.701,2.236,No
1945,State Street SPDR Portfolio S&P 500 ETF,SPYM,18.75,0.137,1.0,Yes
1946,Fortum Oyj,FOJCY,41.7,0.281,0.223,Yes
1947,Union Electric Company,UEPEN,4.55,0.035,0.011,No
1948,Chevron Corporation,CVX,48.24,0.318,0.99,No
1949,"EOG Resources, Inc.",EOG,42.02,0.283,1.207,No
1950,Koninklijke Vopak N.V.,VOPKY,39.4,0.267,0.128,No
1951,BioGaia AB (publ),BGLAF,93.81,0.54,1.1,Yes
1952,BlackRock Enhanced Global Dividend Trust,BOE,18.79,0.138,0.888,Yes
1953,EQB Inc.,EQGPF,50.95,0.333,0.052,Yes
1954,Bank of Utica,BKUT,58.85,0.375,0.155,No
1955,Equinor ASA,STOHF,110.72,0.611,2.19,No
1956,Eaton Vance Tax-Advantaged Global Dividend Opportunities Fund,ETO,27.49,0.195,1.263,Yes
1957,StoneX Group Inc.,SNEX,71.16,0.437,1.795,Yes
1958,Callaway Golf Company,CALY,93.97,0.541,0.043,Yes
1959,Standard Bank Group Limited,SBGOF,45.28,0.302,0.652,Yes
1960,CNB Financial Corporation,CCNEP,5.43,0.042,0.025,Yes
1961,GigaCloud Technology Inc.,GCT,105.68,0.592,1.218,No
1962,Viking Holdings Ltd,VIK,49.88,0.328,0.592,Yes
1963,Strategy Shares - Eventide US Market ETF,ESUM,17.32,0.128,0.833,Yes
1964,NRC Health,NRC,109.44,0.608,0.691,No
1965,"Fraser and Neave, Limited",FNEVF,28.13,0.2,0.855,Yes
1966,Shell plc,SHEL,40.44,0.275,0.912,No
1967,Adagene Inc.,ADAG,114.9,0.63,1.741,No
1968,U.S. Small Cap Growth Portfolio: ETF Class Shares,DUSG,15.42,0.115,0.739,No
1969,SIG Group AG,SCBGF,64.48,0.405,0.238,No
1970,Nickel 28 Capital Corp.,CONXF,73.49,0.45,0.528,Yes
1971,Severn Trent PLC,SVTRF,27.5,0.196,0.717,No
1972,"Unity Bancorp, Inc.",UNTY,23.34,0.169,0.079,Yes
1973,PACCAR Inc,PCAR,36.09,0.249,0.081,No
1974,Helical plc,HLICF,34.48,0.24,0.518,Yes
1975,SLM Corporation,SLMBP,4.99,0.039,0.082,Yes
1976,UNIQA Insurance Group AG,UNIXY,16.57,0.123,0.058,No
1977,Bunge Global SA,BG,61.74,0.392,0.063,Yes
1978,A-Sonic Aerospace Limited,ASNCF,2.81,0.022,0.048,Yes
1979,MVB Financial Corp.,MVBF,27.6,0.197,0.544,Yes
1980,The Caldwell Partners International Inc.,CWLPF,69.37,0.431,0.243,Yes
1981,Rural Funds Group,RFNDF,30.53,0.216,0.062,No
1982,Pitney Bowes Inc.,PBI,73.74,0.453,1.95,Yes
1983,Evonik Industries AG,EVKIY,42.43,0.288,0.459,No
1984,StoneBridge Acquisition II Corporation,APACU,4.22,0.033,0.11,Yes
1985,"Surrozen, Inc.",SRZN,108.4,0.607,0.549,No
1986,Toromont Industries Ltd.,TMTNF,41.13,0.28,0.95,Yes
1987,Synchrony Financial,SYF-PB,9.41,0.072,0.388,Yes
1988,Vine Hill Capital Investment Corp. II,VHCPU,1.49,0.012,0.034,Yes
1989,"The GEO Group, Inc.",GEO,76.7,0.468,0.18,Yes
1990,CTS Corporation,CTS,54.19,0.354,1.669,Yes
1991,Aperam S.A.,APEMY,123.93,0.67,3.155,Yes
1992,"ICU Medical, Inc.",ICUI,58.19,0.376,0.069,Yes
1993,Getlink SE,GRPTY,36.56,0.254,0.067,No
1994,"University Bancorp, Inc.",UNIB,47.79,0.319,0.746,Yes
1995,CLP Holdings Limited,CLPHF,25.06,0.182,0.192,Yes
1996,First BanCorp.,FBP,36.46,0.254,0.405,Yes
1997,Lionshares U.S. Equity Total Return ETF,TOT,18.4,0.137,0.995,Yes
1998,Calamos Convertible and High Income Fund,CHY,31.21,0.221,1.385,Yes
1999,KBC Group NV,KBCSF,36.96,0.257,0.991,Yes
2000,"Delta Air Lines, Inc.",DAL,49.94,0.332,0.215,Yes
2001,"Werner Enterprises, Inc.",WERN,70.98,0.443,2.389,Yes
2002,SBM Offshore N.V.,SBFFF,58.27,0.378,0.728,Yes
2003,Dickson Concepts (International) Limited,DCOHF,34.7,0.244,0.37,No
2004,Eaton Vance Tax-Managed Buy-Write Income Fund,ETB,15.07,0.114,0.765,Yes
2005,NexPoint Diversified Real Estate Trust,NXDT,89.51,0.53,0.791,Yes
2006,"SOAFEE, Inc.",SOFE,59.83,0.386,0.345,No
2007,Calian Group Ltd.,CLNFF,74.22,0.459,1.211,Yes
2008,Norsk Hydro ASA,NHYKF,60.55,0.39,0.214,Yes
2009,"MS&AD Insurance Group Holdings, Inc.",MSADF,51.44,0.341,0.27,Yes
2010,"IDEAYA Biosciences, Inc.",IDYA,63.24,0.404,1.064,No
2011,"United Parcel Service, Inc.",UPS,41.51,0.285,1.158,Yes
2012,Yara International ASA,YARIY,50.81,0.338,0.722,No
2013,Zymeworks Inc.,ZYME,109.57,0.617,0.148,Yes
2014,Alkermes plc,ALKS,79.19,0.484,0.469,No
2015,The Bidvest Group Limited,BDVSY,26.59,0.193,0.628,Yes
2016,Sensient Technologies Corporation,SXT,60.76,0.392,2.283,Yes
2017,First Trust Enhanced Equity Income Fund,FFA,16.53,0.125,0.867,Yes
2018,Pharos Energy plc,SOCLF,41.98,0.288,0.036,No
2019,"Andover Bancorp, Inc.",ANDC,13.95,0.107,0.409,No
2020,Vodafone Group Public Limited Company,VODPF,39.74,0.275,0.06,No
2021,"Entergy Texas, Inc.",ETI-P,7.01,0.055,0.223,Yes
2022,"Marten Transport, Ltd.",MRTN,47.68,0.322,1.155,Yes
2023,Lattice Semiconductor Corporation,LSCC,81.26,0.496,2.231,Yes
2024,Deutsche Börse AG,DBOEY,33.01,0.235,0.169,No
2025,Virtus Stone Harbor Emerging Markets Income Fund,EDF,21.02,0.156,0.868,Yes
2026,"RiverNorth Managed Duration Municipal Income Fund II, Inc.",RMMZ,6.95,0.055,0.154,Yes
2027,Vermilion Energy Inc.,VET,101.41,0.586,1.98,No
2028,Vaneck Consumer Staples TruSector ETF,TRUO,9.31,0.073,,
2029,Gerdau S.A.,GGB,71.7,0.45,1.935,Yes
2030,Bunzl plc,BZLFY,26.81,0.195,0.162,Yes
2031,"Gould Investors, L.P.",GDVTZ,7.75,0.061,0.021,No
2032,Keen Vision Acquisition Corporation,KVAUF,5.71,0.045,0.111,Yes
2033,Aker Solutions ASA,AKRTF,74.81,0.466,1.127,No
2034,Albemarle Corporation,ALB-PA,76.27,0.473,0.467,Yes
2035,Cimpress plc,CMPR,53.78,0.357,1.604,Yes
2036,Bladex Inc.,BLX,28.47,0.206,0.015,Yes
2037,Atlas Copco AB (publ),ATLPF,79.74,0.49,2.792,Yes
2038,Knowles Corporation,KN,62.55,0.405,1.756,Yes
2039,"Alantra Partners, S.A.",ALRPF,8.66,0.068,0.131,Yes
2040,Care Property Invest NV,CRPIF,0.9,0.007,0.014,Yes
2041,Petróleo Brasileiro S.A. - Petrobras,PBR,85.79,0.519,1.115,No
2042,Adaptive Biotechnologies Corporation,ADPT,99.77,0.582,0.556,Yes
2043,ACRES Commercial Realty Corp.,ACR-PC,5.88,0.047,0.147,Yes
2044,Nutrien Ltd.,NTR,38.35,0.269,0.423,No
2045,"Quaint Oak Bancorp, Inc.",QNTO,53.23,0.356,0.29,No
2046,Global X U.S. 500 ETF,GXLC,18.42,0.139,1.014,Yes
2047,Chord Energy Corporation,CHRD,75.55,0.472,1.558,No
2048,Nuveen S&P 500 Dynamic Overwrite Fund,SPXX,20.06,0.151,0.949,Yes
2049,"UFP Technologies, Inc.",UFPT,67.6,0.432,0.583,Yes
2050,RTX Corporation,RTX,31.6,0.228,0.492,No
2051,Royal Unibrew A/S,ROYUF,28.23,0.206,0.98,Yes
2052,Petróleo Brasileiro S.A. - Petrobras,PBR-A,76.47,0.477,0.969,No
2053,trivago N.V.,TRVG,105.59,0.609,0.656,Yes
2054,China Construction Bank Corporation,CICHF,41.48,0.289,0.4,Yes
2055,Outdoor Holding Company,POWW,60.7,0.397,0.211,No
2056,Virtus Convertible & Income Fund,NCV,26.42,0.194,1.228,Yes
2057,Meshflow Acquisition Corp.,MESHU,2.27,0.018,0.041,Yes
2058,Firan Technology Group Corporation,FTGFF,127.37,0.698,1.295,Yes
2059,Brookfield Corporation,BAMGF,23.5,0.175,0.443,No
2060,"Gold.com, Inc.",GOLD,124.68,0.688,1.569,Yes
2061,"AMETEK, Inc.",AME,31.27,0.226,0.689,Yes
2062,"DXP Enterprises, Inc.",DXPE,84.84,0.518,0.787,Yes
2063,Power Assets Holdings Limited,HGKGY,28.81,0.21,0.166,Yes
2064,Keurig Dr Pepper Inc.,KDP,34.44,0.246,1.013,Yes
2065,Siltronic AG,SLTCY,96.74,0.573,3.333,Yes
2066,Mitie Group plc,MITFY,69.76,0.446,0.595,Yes
2067,State Street Industrial Select Sector SPDR Premium Income ETF,XLII,16.96,0.13,0.522,Yes
2068,Wedbush ReturnOnLeadership(R) U.S. Large-Cap ETF,EXEQ,22.56,0.169,0.866,Yes
2069,UniCredit S.p.A.,UNCFF,36.47,0.26,1.307,Yes
2070,Safilo Group S.p.A.,SAFLF,87.47,0.532,0.613,Yes
2071,MUFG Japan Small Cap Active ETF,MJSC,31.23,0.227,0.928,Yes
2072,MTN Group Limited,MTNOY,57.31,0.381,1.092,Yes
2073,"Abacus Global Management, Inc.",ABX,114.71,0.651,0.369,Yes
2074,Santos Limited,SSLZY,48.85,0.334,0.217,No
2075,,AQIA,58.49,0.388,0.93,No
2076,Hufvudstaden AB (publ),HUFAF,26.0,0.193,0.76,No
2077,Logan Energy Corp.,LOECF,58.34,0.387,0.772,No
2078,byNordic Acquisition Corporation,BYNO,7.28,0.058,0.198,No
2079,Telesat Corporation,TSAT,98.56,0.584,2.14,Yes
2080,Fagron NV,ARSUF,19.83,0.151,0.143,No
2081,COPT Defense Properties,CDP,33.94,0.245,0.063,No
2082,Parker-Hannifin Corporation,PH,37.69,0.268,0.059,No
2083,Lear Corporation,LEA,32.48,0.236,0.732,Yes
2084,Invesco Municipal Trust,VKQ,9.03,0.072,0.266,Yes
2085,Mako Mining Corp.,MAKO,117.24,0.664,2.618,Yes
2086,"Apollo Global Management, Inc. ",APOS,3.62,0.029,0.124,Yes
2087,Lamar Advertising Company,LAMR,32.06,0.233,0.735,Yes
2088,"Sound Point Meridian Capital, Inc.",SPME,7.34,0.059,0.295,Yes
2089,"Indra Sistemas, S.A.",ISMAY,92.74,0.559,1.474,Yes
2090,"Sunstone Hotel Investors, Inc.",SHO,27.07,0.201,0.548,Yes
2091,Heritage Financial Corporation,HFWA,27.08,0.201,0.098,Yes
2092,McBride plc,MCBRF,108.41,0.63,0.222,Yes
2093,Mattr Corp.,MTTRF,105.91,0.619,1.013,Yes
2094,Joint Stock Company Kaspi.kz,KSPI,43.65,0.306,1.168,Yes
2095,River Financial Corporation,RVRF,46.77,0.325,0.557,No
2096,Chorus Aviation Inc.,CHRRF,32.87,0.24,0.91,Yes
2097,Thai Oil Public Company Limited,TOIPY,95.32,0.574,0.576,No
2098,Brookfield Property Partners L.P.,BPYPO,12.44,0.098,0.163,Yes
2099,Nuveen New York AMT-Free Quality Municipal Income Fund,NRK,9.41,0.075,0.304,Yes
2100,Meridian Mining Plc,MRRDF,78.93,0.498,1.249,Yes
2101,"Fast Retailing Co., Ltd.",FRCOF,68.16,0.444,2.023,Yes
2102,Otello Corporation ASA,OPESF,103.37,0.611,0.029,Yes
2103,"Remitly Global, Inc.",RELY,94.73,0.573,2.008,Yes
2104,The Fahey Banking Company,FAHE,2.81,0.023,0.091,No
2105,Harbor ETF Trust - Harbor Multi-Asset Total Return ETF,MATR,11.46,0.091,0.546,Yes
2106,Doman Building Materials Group Ltd.,CWXZF,27.12,0.203,0.66,Yes
2107,Oxford Instruments plc,OXINF,81.47,0.511,2.501,Yes
2108,Ardmore Shipping Corporation,ASC,84.22,0.525,0.851,Yes
2109,The Gabelli Global Small and Mid Cap Value Trust,GGZ,21.76,0.166,0.468,Yes
2110,Conduit Holdings Limited,CNDHF,67.04,0.44,2.341,Yes
2111,"Royce Global Trust, Inc.",RGT,23.85,0.181,0.704,Yes
2112,Alpha Bank S.A.,ALBKY,63.5,0.421,1.253,Yes
2113,"The Mexico Fund, Inc.",MXF,20.44,0.157,0.51,Yes
2114,Andritz AG,ADRZY,61.69,0.411,2.32,Yes
2115,Sensata Technologies Holding plc,ST,46.12,0.323,1.6,Yes
2116,Brookfield Property Partners L.P.,BPYPN,15.83,0.124,0.449,Yes
2117,Century Aluminum Company,CENX,84.52,0.528,0.187,No
2118,Sonoco Products Company,SON,42.36,0.301,0.926,No
2119,Anheuser-Busch InBev SA/NV,BUDFF,40.3,0.289,0.911,Yes
2120,Gabelli Opportunities in Live and Sports ETF,GOLS,14.62,0.115,0.515,Yes
2121,Prodways Group SA,PRWYF,57.61,0.39,0.191,No
2122,"Pediatrix Medical Group, Inc.",MD,79.1,0.503,0.557,No
2123,Apple Inc.,AAPL,30.26,0.225,1.003,Yes
2124,"The Oncology Institute, Inc.",STLN,119.97,0.686,1.963,Yes
2125,Wall Financial Corporation,WFICF,13.35,0.106,0.164,No
2126,Crane Harbor Acquisition Corp. II,CRAN,2.43,0.02,0.067,Yes
2127,"CB Financial Services, Inc.",CBFV,18.71,0.146,0.225,Yes
2128,IRPC Public Company Limited,IRPSY,117.22,0.676,1.428,Yes
2129,Vertiv Holdings Co,VRT,118.18,0.68,1.785,Yes
2130,ASM International NV,ASMXF,92.19,0.566,2.455,Yes
2131,VersaBank,VBNK,84.23,0.529,1.509,Yes
2132,Central Garden & Pet Company,CENT,39.74,0.287,0.113,No
2133,Aperam S.A.,APMSF,74.35,0.481,1.906,No
2134,Rio2 Limited,RIOFF,129.83,0.729,1.586,Yes
2135,Xsolla SPAC 1,XSLLU,1.57,0.013,0.04,Yes
2136,Central Securities Corporation,CET,13.6,0.108,0.614,Yes
2137,"Atlanta Braves Holdings, Inc.",BATRA,25.03,0.191,0.653,Yes
2138,"El Puerto de Liverpool, S.A.B. de C.V.",ELPQF,27.93,0.211,0.019,Yes
2139,"Fomento de Construcciones y Contratas, S.A.",FMOCF,45.49,0.323,0.717,Yes
2140,F-Secure Oyj,FSROF,41.95,0.301,0.594,Yes
2141,Cybeats Technologies Corp.,CYBCF,103.39,0.621,0.403,Yes
2142,Industrial Logistics Properties Trust,ILPT,63.0,0.423,2.24,Yes
2143,Chubb Limited,CB,24.7,0.189,0.384,No
2144,DNB Bank ASA,DNBBF,23.17,0.179,0.008,No
2145,Bangkok Bank Public Company Limited,BKKPF,31.87,0.238,0.457,No
2146,Wilmar International Limited,WLMIF,35.05,0.259,0.314,No
2147,"Galp Energia, SGPS, S.A.",GLPEF,48.88,0.344,0.755,No
2148,Jackson Financial Inc.,JXN,45.21,0.322,0.328,Yes
2149,Sun Peak Metals Corp.,SUNPF,96.12,0.59,1.917,Yes
2150,Commerzbank AG,CRZBY,32.44,0.242,1.302,Yes
2151,Choice Properties Real Estate Investment Trust,PPRQF,11.05,0.09,0.017,No
2152,Bank of Cyprus Holdings Public Limited Company,BKCYF,51.65,0.361,1.278,Yes
2153,"USA TODAY Co., Inc.",TDAY,77.12,0.498,0.621,No
2154,"Heartland Express, Inc.",HTLD,67.46,0.449,2.031,Yes
2155,Gladstone Investment Corporation 4.875% Notes due 2028,GAINZ,6.67,0.055,0.205,Yes
2156,Columbus Acquisition Corp,COLA,4.56,0.038,0.116,Yes
2157,FLSmidth & Co. A/S,FLIDY,64.26,0.432,1.263,Yes
2158,"Chester Bancorp, Inc.",CNBA,108.04,0.644,1.518,Yes
2159,"Regeneron Pharmaceuticals, Inc.",REGN,57.41,0.394,1.075,No
2160,Antofagasta plc,ANFGF,68.28,0.454,1.7,Yes
2161,S&P 500,^GSPC,17.34,0.137,1.0,Yes
2162,"Cryoport, Inc.",CYRX,101.96,0.618,2.933,Yes
2163,Social Commerce Partners Corporation,SCPQU,2.89,0.024,0.056,Yes
2164,Intact Financial Corporation,INTAF,7.32,0.06,0.118,No
2165,Kite Realty Group Trust,KRG,26.37,0.202,0.435,Yes
2166,Telia Company AB (publ),TLSNY,26.3,0.201,0.219,Yes
2167,"MainStreet Bancshares, Inc.",MNSBP,9.85,0.081,0.117,No
2168,Simmons First National Corporation,SFNC,26.02,0.2,0.332,Yes
2169,BlackRock Science and Technology Trust,BST,45.09,0.324,1.967,Yes
2170,"Galp Energia, SGPS, S.A.",GLPEY,48.15,0.342,0.755,No
2171,Major Drilling Group International Inc.,MJDLF,65.31,0.439,0.942,Yes
2172,Eaton Vance Tax-Advantaged Global Dividend Income Fund,ETG,26.89,0.206,1.334,Yes
2173,Centene Corporation,CNC,131.77,0.746,4.83,Yes
2174,Atlas Copco AB (publ),ATLFF,64.78,0.437,2.207,Yes
2175,"Thomasville Bancshares, Inc.",THVB,25.5,0.197,0.552,Yes
2176,Old National Bancorp,ONBPO,6.53,0.054,0.244,Yes
2177,EL.En. S.p.A.,ELEAF,54.94,0.383,0.478,No
2178,Crazy Woman Creek Bancorp Incorporated,CRZY,15.79,0.127,0.266,Yes
2179,"Sompo Holdings, Inc.",NHOLF,46.99,0.336,0.247,Yes
2180,Avient Corporation,AVNT,48.03,0.342,0.378,Yes
2181,Methanex Corporation,MEOH,72.1,0.477,0.333,No
2182,"Eastern Bankshares, Inc.",EBC,28.57,0.218,0.162,No
2183,"WaFd, Inc.",WAFD,26.29,0.202,0.576,Yes
2184,Agricultural Bank of China Limited,ACGBF,38.09,0.281,0.79,Yes
2185,Artesian Resources Corporation,ARTNA,15.46,0.124,0.189,Yes
2186,Diana Shipping Inc.,DSX-PB,10.95,0.09,0.141,Yes
2187,"First Capital, Inc.",FCAP,49.8,0.353,0.724,Yes
2188,Axiom Intelligence Acquisition Corp 1,AXINU,6.93,0.058,0.194,Yes
2189,Aurubis AG,AIAGY,83.18,0.534,2.413,Yes
2190,L1 Group Limited,PTMGF,28.51,0.218,0.031,No
2191,Investec Group,IVTJF,36.73,0.273,1.029,Yes
2192,Wajax Corporation,WJXFF,31.91,0.241,0.478,No
2193,"First Citizens BancShares, Inc.",FCNCA,25.8,0.199,0.196,Yes
2194,Novartis AG,NVS,26.74,0.206,0.259,No
2195,Ambev S.A.,ABEV,36.32,0.27,0.306,Yes
2196,Voestalpine AG,VLPNY,90.66,0.571,1.837,Yes
2197,Starbucks Corporation,SBUX,35.9,0.268,1.014,Yes
2198,Coca-Cola HBC AG,CCHGY,44.0,0.319,0.045,No
2199,The Toro Company,TTC,38.78,0.287,0.036,No
2200,"CF Industries Holdings, Inc.",CF,65.88,0.446,1.863,No
2201,Banque Cantonale Vaudoise,BQCNF,51.14,0.363,0.656,No
2202,Axalta Coating Systems Ltd.,AXTA,34.21,0.257,0.747,Yes
2203,Bruker Corporation,BRKR,126.71,0.731,1.905,Yes
2204,Hongkong Land Holdings Limited,HNGKY,41.0,0.301,0.061,Yes
2205,DNO ASA,DTNOY,40.91,0.301,0.962,Yes
2206,Bezeq The Israel Telecommunication Corp. Ltd,BZQIF,41.97,0.307,0.444,Yes
2207,Blue Water Acquisition Corp. IV,BWIV,1.22,0.01,0.152,Yes
2208,Flywire Corporation,FLYW,52.39,0.371,1.66,Yes
2209,Weibo Corporation,WEIBF,67.69,0.457,0.263,Yes
2210,"Southside Bancshares, Inc.",SBSI,20.09,0.16,0.287,Yes
2211,Weatherford International plc,WFRD,62.43,0.429,1.414,Yes
2212,Steppe Cement Ltd.,SPPCF,6.99,0.059,0.055,No
2213,Woolworths Holdings Limited,WLWHF,58.09,0.404,1.474,No
2214,Bumrungrad Hospital Public Company Limited,BUHPY,6.7,0.056,0.205,No
2215,Breville Group Limited,BVILY,1.22,0.011,0.038,No
2216,Bufab AB (publ),BFAAF,26.62,0.206,1.057,Yes
2217,"Grupo Posadas, S.A.B. de C.V.",GPSAF,67.96,0.459,0.914,Yes
2218,Siltronic AG,SSLLF,137.2,0.776,4.052,Yes
2219,Mineros S.A.,MNSAF,86.03,0.552,1.909,Yes
2220,"South Plains Financial, Inc.",SPFI,17.07,0.138,0.435,No
2221,Prysmian S.p.A.,PRYMF,65.83,0.449,2.641,Yes
2222,China Shenhua Energy Company Limited,CSUAY,34.82,0.263,0.046,Yes
2223,"Summit Bancshares, Inc.",SMAL,4.28,0.036,0.021,No
2224,Xvivo Perfusion AB (publ),XVIPF,100.4,0.623,0.446,Yes
2225,ORIX Corporation,ORXCF,64.38,0.442,1.568,Yes
2226,Chiron Real Estate Inc.,XRN-PB,10.39,0.087,0.099,No
2227,"Harmony Biosciences Holdings, Inc.",HRMY,59.37,0.415,0.758,Yes
2228,Atlas Copco AB (publ),ATLCY,34.36,0.261,1.089,Yes
2229,"Advanced Energy Industries, Inc.",AEIS,102.26,0.634,0.203,Yes
2230,QDRO Acquisition Corp.,QADR,1.63,0.014,0.08,Yes
2231,"Acumen Pharmaceuticals, Inc.",ABOS,112.97,0.682,1.601,Yes
2232,Quest Diagnostics Incorporated,DGX,35.47,0.269,0.13,No
2233,"Hasbro, Inc.",HAS,35.07,0.266,0.162,No
2234,"John Wiley & Sons, Inc.",WLYB,53.78,0.383,0.728,No
2235,Jabil Inc.,JBL,54.9,0.39,1.615,Yes
2236,Bank of China Limited,BACHF,22.21,0.177,0.279,No
2237,Nuveen California Quality Municipal Income Fund,NAC,9.47,0.079,0.362,Yes
2238,Sprott Inc.,SII,90.88,0.581,0.091,No
2239,"Applied Industrial Technologies, Inc.",AIT,30.55,0.236,0.747,Yes
2240,Bruker Corporation,BRKRP,97.13,0.611,1.784,Yes
2241,Avalyn Pharma Inc.,AVLN,79.91,0.527,0.21,No
2242,Capricorn Metals Ltd,CRNLF,95.42,0.604,3.069,Yes
2243,Hunting PLC,HNTIY,61.06,0.426,0.393,No
2244,Solarius Capital Acquisition Corp.,SOCAU,3.4,0.029,0.014,Yes
2245,Plus500 Ltd.,PLSQF,28.87,0.225,0.208,No
2246,"Helios Technologies, Inc.",HLIO,55.16,0.393,1.119,Yes
2247,Loomis AB (publ),LOIMY,96.6,0.611,2.285,No
2248,KWS SAAT SE & Co. KGaA,KNKZF,17.54,0.143,0.332,No
2249,"Fuji Media Holdings, Inc.",FJTNY,16.37,0.134,0.545,No
2250,"Corteva, Inc.",CTVA,32.3,0.249,0.729,No
2251,"Alexander's, Inc.",ALX,30.36,0.236,0.292,Yes
2252,CK Asset Holdings Limited,CHKGF,41.33,0.309,0.69,Yes
2253,Addiko Bank AG,ADBKF,26.04,0.206,1.053,Yes
2254,China Hongqiao Group Limited,CHHQF,119.26,0.714,0.415,Yes
2255,"First Seacoast Bancorp, Inc.",FSEA,67.36,0.463,0.645,Yes
2256,Lee's Pharmaceutical Holdings Limited,LPCUF,17.48,0.143,0.324,Yes
2257,Tenaga Nasional Berhad,TNABF,37.68,0.286,0.446,Yes
2258,BioSyent Inc.,BIOYF,47.93,0.351,0.062,Yes
2259,First Bancorp,FBNC,25.86,0.205,0.028,Yes
2260,Stagwell Inc.,STGW,81.4,0.539,1.011,No
2261,BlueScope Steel Limited,BLSFY,72.6,0.493,1.414,Yes
2262,"Manila Water Company, Inc.",MWTCF,8.73,0.074,0.123,No
2263,Compass Diversified,CODI,137.68,0.793,2.85,Yes
2264,DF Tactical 30 ETF,DFTT,31.69,0.246,1.293,Yes
2265,Basler Aktiengesellschaft,BSLAF,121.94,0.729,2.494,Yes
2266,Amex Gold Mining Inc.,AMXEF,81.3,0.539,2.123,Yes
2267,Vanguard Green Investment Limited,VGES,137.37,0.793,0.353,Yes
2268,REX American Resources Corporation,REX,43.6,0.325,0.859,No
2269,Umicore SA,UMICY,91.05,0.589,2.66,Yes
2270,"Quanta Services, Inc.",PWR,64.41,0.449,1.754,Yes
2271,Compass Diversified,CODI-PA,38.71,0.294,1.417,Yes
2272,Mitie Group plc,MITFF,70.77,0.485,0.024,No
2273,"Konica Minolta, Inc.",KNCAF,28.69,0.226,0.453,No
2274,Obsidian Energy Ltd.,OBE,137.83,0.797,1.415,Yes
2275,"Rocky Brands, Inc.",RCKY,77.42,0.521,0.574,No
2276,"Nomura Holdings, Inc.",NRSCF,40.27,0.305,0.284,Yes
2277,"CompuMed, Inc.",CMPD,111.83,0.687,2.728,No
2278,Jaws Mustang Acquisition Corporation,JWSUF,11.87,0.1,0.584,Yes
2279,G. Willi-Food International Ltd.,WILCF,78.19,0.526,2.54,Yes
2280,"Dorchester Minerals, L.P.",DMLP,32.59,0.254,0.048,Yes
2281,Atkore Inc.,ATKR,74.48,0.506,3.032,Yes
2282,Kubota Corporation,KUBTY,65.39,0.457,0.88,Yes
2283,Sirius XM Holdings Inc.,SIRI,32.85,0.256,0.868,Yes
2284,Great Elm Capital Corp. 7.75% Notes Due 2030,GECCG,5.61,0.049,0.067,Yes
2285,Hancock Whitney Corporation,HWC,26.23,0.209,0.182,Yes
2286,Stepan Company,SCL,44.84,0.335,0.04,No
2287,CK Infrastructure Holdings Limited,CKISY,37.52,0.288,0.286,No
2288,Absecon Bancorp,ASCN,28.35,0.225,0.264,Yes
2289,Greenfire Resources Ltd.,GFR,43.72,0.328,0.456,No
2290,Hilltop Holdings Inc.,HTH,19.23,0.158,0.34,Yes
2291,Barclays PLC,BCLYF,39.48,0.301,1.127,Yes
2292,"Brite-Strike Tactical Illumination Products, Inc.",BSTK,71.48,0.492,1.193,Yes
2293,Meridian Corporation,MRBK,31.94,0.25,0.488,No
2294,Decisive Dividend Corporation,DEDVF,28.49,0.226,0.427,Yes
2295,Pharvaris N.V.,PHVS,51.29,0.376,0.068,Yes
2296,Rithm Capital Corp.,RITM-PE,7.79,0.067,0.277,Yes
2297,Euronext N.V.,EUXTF,25.05,0.202,0.055,Yes
2298,SGH Limited,SVNWF,18.71,0.154,0.249,No
2299,Union Electric Company,UELMO,6.01,0.052,0.026,No
2300,Keppel Ltd.,KPELF,66.48,0.465,0.094,No
2301,"Merchants' National Properties, Inc.",MNPP,22.98,0.187,0.024,No
2302,Atlantic Union Bankshares Corporation,AUB-PA,4.35,0.038,0.167,Yes
2303,The Gabelli Multimedia Trust Inc.,GGT,16.71,0.139,0.627,Yes
2304,Bank Leumi le-Israel B.M.,BLMIF,40.33,0.308,1.073,Yes
2305,Newmont Corporation,NEM,73.61,0.505,0.888,Yes
2306,Alior Bank S.A.,ALORY,11.03,0.094,0.223,Yes
2307,"MainStreet Bancshares, Inc.",MNSB,26.82,0.215,0.079,Yes
2308,"Stanley Black & Decker, Inc.",SWK,44.83,0.337,0.738,Yes
2309,Huadian Power International Corporation Limited,HPIFF,28.22,0.225,0.895,Yes
2310,ABB Ltd,ABBNY,49.62,0.367,2.038,Yes
2311,Hecla Mining Company,HL,106.26,0.669,0.952,Yes
2312,Biomark Diagnostics Inc.,BMKDF,69.45,0.483,1.225,No
2313,Metso Oyj,OUKPF,108.19,0.678,2.482,No
2314,Crombie Real Estate Investment Trust,CROMF,15.89,0.133,0.542,Yes
2315,Novanta Inc.,NOVT,64.84,0.458,1.921,Yes
2316,"Casey's General Stores, Inc.",CASY,43.99,0.333,0.215,No
2317,Fortive Corporation,FTV,24.71,0.2,0.396,Yes
2318,City Developments Limited,CDEVY,47.29,0.354,0.91,Yes
2319,Diodes Incorporated,DIOD,117.61,0.722,3.34,Yes
2320,NetLink NBN Trust,NETLF,12.45,0.106,0.452,Yes
2321,Yellow Pages Limited,YLWDF,25.94,0.21,0.333,No
2322,"Codere Online Luxembourg, S.A.",CDRO,35.64,0.278,0.035,Yes
2323,Outokumpu Oyj,OUTKY,78.41,0.534,2.045,Yes
2324,"LiveRamp Holdings, Inc.",RAMP,52.39,0.386,1.147,Yes
2325,"VAALCO Energy, Inc.",EGY,82.87,0.558,1.101,No
2326,Lion Finance Group PLC,BDGSF,61.34,0.44,0.301,Yes
2327,"The PNC Financial Services Group, Inc.",PNC,28.44,0.228,0.198,Yes
2328,"HA Sustainable Infrastructure Capital, Inc.",HASI,46.12,0.348,0.685,Yes
2329,Ameren Illinois Company,AILLM,6.52,0.057,0.301,No
2330,First Capital Real Estate Investment Trust,FCXXF,26.46,0.214,1.02,Yes
2331,Quaker Chemical Corporation,KWR,35.1,0.275,1.296,Yes
2332,Invesco Municipal Opportunity Trust,VMO,8.58,0.075,0.304,Yes
2333,Snowline Gold Corp.,SNWGF,93.67,0.614,1.717,Yes
2334,AAR Corp.,AIR,60.58,0.437,0.256,No
2335,Preferred Bank,PFBC,20.29,0.168,0.039,No
2336,Valaris Limited,VAL,130.24,0.781,0.509,No
2337,"Heritage NOLA Bancorp, Inc.",HRGG,11.67,0.1,0.258,Yes
2338,"Niterra Co., Ltd.",NGKSY,68.06,0.48,0.932,Yes
2339,Alcoa Corporation,AA,86.71,0.58,0.327,Yes
2340,Flagship Communities Real Estate Investment Trust,MHCUF,22.4,0.185,0.225,No
2341,Westrock Coffee Company,WEST,91.62,0.605,3.354,Yes
2342,Infineon Technologies AG,IFNNF,129.94,0.781,4.663,Yes
2343,ALS Limited,CPBLF,62.88,0.451,1.001,Yes
2344,Novanta Inc.,NOVTU,36.99,0.289,1.319,Yes
2345,ImmuCell Corporation,ICCC,88.26,0.589,2.225,Yes
2346,"SMS Co., Ltd.",SMSSY,45.04,0.342,1.397,Yes
2347,Maplebear Inc.,CART,50.64,0.378,0.302,Yes
2348,Legence Corp.,LGN,132.03,0.792,3.061,Yes
2349,"XPO, Inc.",XPO,70.37,0.495,0.585,Yes
2350,Keyence Corporation,KYCCF,55.61,0.41,2.312,Yes
2351,"Bassett Furniture Industries, Incorporated",BSET,32.94,0.262,0.051,Yes
2352,Lisi S.A.,LSIIF,40.48,0.314,1.326,Yes
2353,"Aena S.M.E., S.A.",ANYYY,19.71,0.165,0.148,No
2354,Jamieson Wellness Inc.,JWLLF,37.15,0.291,0.028,Yes
2355,ASR Nederland N.V.,ASRRF,27.23,0.221,1.178,Yes
2356,Investec Group,IVTJY,26.67,0.217,0.134,No
2357,Hecla Mining Company,HL-PB,48.91,0.369,1.178,Yes
2358,Jones Soda Co.,JSDA,95.98,0.631,1.513,No
2359,BE Semiconductor Industries N.V.,BESVF,106.86,0.683,3.301,Yes
2360,Stakeholder Gold Corp.,SKHRF,116.26,0.726,2.554,Yes
2361,Westgold Resources Limited,WGXRF,85.46,0.578,0.676,Yes
2362,"BlackRock Enhanced Large Cap Core Fund, Inc.",CII,29.84,0.241,1.519,Yes
2363,Euroseas Ltd.,ESEA,43.58,0.335,0.427,No
2364,First Quantum Minerals Ltd.,FQVLF,68.79,0.488,1.566,Yes
2365,"Zions Bancorporation, National Association",ZION,26.12,0.214,0.23,Yes
2366,Patrys Limited,PABAF,79.59,0.548,2.03,No
2367,Trojan Gold Inc.,TRJGF,24.84,0.204,0.253,No
2368,Exosens,EXOSF,0.7,0.006,0.015,Yes
2369,Sabvest Capital Limited,SBVTF,18.09,0.153,0.82,Yes
2370,Oil-Dri Corporation of America,ODC,70.59,0.499,0.312,Yes
2371,Central Garden & Pet Company,CENTA,32.46,0.26,0.046,Yes
2372,Magna Mining Inc.,MGMNF,80.17,0.551,7.84,Yes
2373,UOL Group Limited,UOLGF,65.35,0.469,0.254,No
2374,"Taysha Gene Therapies, Inc.",TSHA,128.4,0.781,2.39,Yes
2375,Western Forest Products Inc.,WFSTF,69.73,0.494,0.56,Yes
2376,"DoubleDown Interactive Co., Ltd.",DDI,47.71,0.362,2.148,Yes
2377,"Elmer Bancorp, Inc.",ELMA,24.24,0.2,0.317,Yes
2378,"Marker Therapeutics, Inc.",MRKR,74.82,0.523,1.65,Yes
2379,"Dollar Tree, Inc.",DLTR,45.19,0.346,0.0,No
2380,Land Securities Group Plc,LDSCY,33.3,0.266,1.227,Yes
2381,"Banny Cosmic International Holdings, Inc.",CMHZ,61.58,0.448,2.127,No
2382,"Bank of Labor Bancshares, Inc.",BHDB,40.41,0.315,0.406,Yes
2383,"Amada Co., Ltd.",AMDLY,90.8,0.607,1.428,Yes
2384,Commercial International Bank Egypt (CIB) S.A.E.,CIBEY,45.84,0.351,1.136,Yes
2385,Fifth Third Bancorp,FITB,29.2,0.237,0.331,Yes
2386,"Bancorp 34, Inc.",BCTF,20.59,0.173,0.019,Yes
2387,"The Hartford Insurance Group, Inc.",HIG-PG,3.88,0.035,0.197,Yes
2388,"EDP, S.A.",EDPFY,23.43,0.194,0.296,Yes
2389,Enel SpA,ENLAY,22.44,0.187,0.508,Yes
2390,Atlas Copco AB (publ),ATLKY,38.15,0.3,1.158,Yes
2391,GE Vernova Inc.,GEV,67.04,0.48,0.471,Yes
2392,E-L Financial Corporation Limited,ELFIF,19.18,0.162,0.839,Yes
2393,"Mestek, Inc.",MCCK,44.9,0.345,0.818,Yes
2394,Brunswick Corporation,BC,27.96,0.229,0.97,Yes
2395,Pearson plc,PSO,24.11,0.2,0.371,Yes
2396,BNP Paribas SA,BNPQY,47.33,0.362,0.758,Yes
2397,China Everbright Bank Company Limited,CEBCF,62.17,0.453,0.529,No
2398,China Coal Energy Company Limited,CCOZY,28.05,0.23,0.286,No
2399,Delhi Bank Corp.,DWNX,3.55,0.032,0.029,No
2400,"IES Holdings, Inc.",IESC,77.8,0.542,1.603,Yes
2401,ANZ Group Holdings Limited,ANZGY,29.33,0.239,0.573,Yes
2402,Zhejiang Shibao Company Limited,ZHHJY,41.01,0.321,0.014,Yes
2403,US Foods Holding Corp.,USFD,49.23,0.375,0.641,No
2404,"CTO Realty Growth, Inc.",CTO-PA,7.8,0.069,0.162,Yes
2405,Canadian Pacific Kansas City Limited,CP,31.01,0.252,0.849,Yes
2406,ING Groep N.V.,INGVF,48.25,0.369,2.043,Yes
2407,Nordea Bank Abp,NBNKF,24.18,0.201,1.118,Yes
2408,Brenntag SE,BNTGY,31.87,0.258,0.093,No
2409,SM Energy Company,SM,82.78,0.57,1.698,No
2410,"Nuveen Municipal Value Fund, Inc.",NUV,4.78,0.043,0.165,Yes
2411,Admie Holding S.A.,HCAEF,19.38,0.165,0.918,Yes
2412,Bellevue Gold Limited,BELGF,96.98,0.644,1.44,Yes
2413,Atea ASA,ATEAY,44.99,0.349,1.921,Yes
2414,Tennessee Valley Authority,TVC,3.03,0.028,0.127,No
2415,Gladstone Land Corporation,LANDO,18.27,0.156,0.155,Yes
2416,Scottish Mortgage Investment Trust PLC,STMZF,50.26,0.383,1.992,Yes
2417,Highland Funds I - Highland Opportunities and Income Fund,HFRO-PB,5.1,0.046,0.066,No
2418,"Bridgewater Bancshares, Inc.",BWB,23.82,0.199,0.22,Yes
2419,Thermo Fisher Scientific Inc.,TMO,34.87,0.28,0.269,Yes
2420,M&T Bank Corporation,MTB,25.57,0.213,0.134,Yes
2421,Keck Seng Investments (Hong Kong) Limited,KCKSF,66.68,0.483,0.599,No
2422,Lancashire Holdings Limited,LCSHY,9.85,0.087,0.201,No
2423,ASM International NV,ASMIY,89.12,0.606,2.437,Yes
2424,"Reo Plastics, Inc.",REOP,43.82,0.342,0.874,Yes
2425,"Kyverna Therapeutics, Inc.",KYTX,58.4,0.435,0.162,No
2426,Holmen AB (publ),HLMMF,25.73,0.214,0.904,No
2427,BioMarin Pharmaceutical Inc.,BMRN,24.88,0.208,0.037,Yes
2428,"Southwest Gas Holdings, Inc.",SWX,19.05,0.163,0.193,Yes
2429,Ardagh Metal Packaging S.A.,AMBP,44.7,0.348,0.16,No
2430,Computershare Limited,CMSQY,30.14,0.247,1.362,Yes
2431,Thule Group AB (publ),THLPF,33.38,0.271,0.656,Yes
2432,"Natural Gas Services Group, Inc.",NGS,35.22,0.284,0.075,Yes
2433,Triton International Limited,TRTN-PD,8.71,0.078,0.292,Yes
2434,"G-III Apparel Group, Ltd.",GIII,29.48,0.243,0.842,Yes
2435,"Japan Post Holdings Co., Ltd.",JPPHY,49.97,0.384,0.447,No
2436,F.N.B. Corporation,FNB,18.49,0.159,0.159,Yes
2437,Société Générale Société anonyme,SCGLF,48.87,0.377,0.923,Yes
2438,Mr D.I.Y. Group (M) Berhad,MDIYF,40.5,0.321,0.343,Yes
2439,flatexDEGIRO SE,FNNTF,44.6,0.349,0.901,No
2440,Scorpio Tankers Inc.,STNG,60.8,0.451,0.418,Yes
2441,Golar LNG Limited,GLNG,38.89,0.31,1.064,No
2442,"Cloudflare, Inc.",NET,60.58,0.451,0.168,No
2443,Infineon Technologies AG,IFNNY,121.04,0.765,4.437,Yes
2444,Pictet AI & Automation ETF,PBOT,40.16,0.32,1.76,Yes
2445,Franklin Dividend Growth ETF,FRIZ,10.34,0.092,0.534,Yes
2446,"TG Therapeutics, Inc.",TGTX,71.86,0.517,0.559,No
2447,Capricorn Energy PLC,CRNCY,92.5,0.629,1.338,No
2448,Cerus Corporation,CERS,125.37,0.785,3.065,Yes
2449,"First Bancshares, Inc.",FIBH,49.88,0.385,0.672,Yes
2450,Chorus Limited,CHRUF,12.62,0.112,0.086,No
2451,"Kronos Worldwide, Inc.",KRO,90.88,0.621,0.554,Yes
2452,AirBoss of America Corp.,ABSSF,72.13,0.52,2.141,No
2453,Waters Corporation,WAT,52.39,0.402,1.416,Yes
2454,Evolution Mining Limited,CAHPF,85.92,0.597,1.041,Yes
2455,Cathay Pacific Airways Limited,CPCAF,60.53,0.453,0.802,No
2456,Techtronic Industries Company Limited,TTNDY,49.28,0.382,0.884,Yes
2457,Rua Gold Inc.,NZAUF,83.53,0.584,0.441,No
2458,Envista Holdings Corporation,NVST,43.85,0.346,0.174,No
2459,Beazley plc,BZLYF,67.1,0.492,0.121,Yes
2460,"Corporación Inmobiliaria Vesta, S.A.B. de C.V.",VTMX,29.92,0.248,0.541,Yes
2461,Evonik Industries AG,EVKIF,42.49,0.337,0.507,Yes
2462,Imperial Metals Corporation,IPMLF,104.03,0.69,0.728,Yes
2463,Quanex Building Products Corporation,NX,50.43,0.39,0.825,Yes
2464,"John Wiley & Sons, Inc.",WLY,45.81,0.36,0.585,No
2465,JG Boswell Company,BWEL,19.82,0.171,0.659,No
2466,TTW Public Company Limited,TTAPY,18.08,0.157,0.302,Yes
2467,Fundstrat Granny Shots US Large Cap & Income ETF,GRNI,15.93,0.14,0.89,Yes
2468,"Contineum Therapeutics, Inc.",CTNM,52.23,0.402,0.218,Yes
2469,Freightways Group Limited,FTWYF,92.57,0.634,0.894,No
2470,Prysmian S.p.A.,PRYMY,59.25,0.446,2.49,Yes
2471,Finnair Oyj,FNNNF,77.59,0.554,1.013,Yes
2472,Inpex Corporation,IPXHY,53.11,0.408,1.861,No
2473,Gabriel Resources Ltd.,GBRRF,130.37,0.813,1.45,Yes
2474,Nuveen Floating Rate Income Fund,JFR,6.2,0.057,0.105,Yes
2475,Valeo SE,VLEEY,55.09,0.421,1.319,Yes
2476,Embotelladora Andina S.A.,AKO-B,36.39,0.296,1.523,Yes
2477,Old National Bancorp,ONBPP,5.27,0.048,0.207,Yes
2478,Chesapeake Gold Corp.,CHPGF,119.11,0.764,0.467,Yes
2479,Fidelity Enhanced Mid Cap Growt,FEMG,16.57,0.145,0.936,Yes
2480,Thai Union Group Public Company Limited,TUFBY,59.23,0.447,1.32,Yes
2481,"Pursuit Attractions and Hospitality, Inc.",PRSU,42.69,0.34,0.491,Yes
2482,Searchlight Minerals Corp.,SRCH,50.75,0.394,0.74,Yes
2483,"Kelly Services, Inc.",KELYB,131.42,0.821,2.378,Yes
2484,Endeavour Mining plc,EDVMF,79.63,0.567,0.53,Yes
2485,Costamare Bulkers Holdings Limited,CMDB,61.13,0.46,0.661,Yes
2486,IGO Limited,IIDDY,92.34,0.635,0.381,Yes
2487,Crown Reserve Acquisition Corp. I,CRACU,1.86,0.017,0.038,Yes
2488,AB Volvo (publ),VLVLY,40.64,0.327,0.95,Yes
2489,China Mengniu Dairy Company Limited,CIADY,29.63,0.248,0.725,No
2490,OFG Bancorp,OFG,26.6,0.225,0.367,Yes
2491,"East West Bancorp, Inc.",EWBC,27.28,0.231,0.925,Yes
2492,SMC Corporation,SMECF,64.64,0.482,2.094,Yes
2493,"Priority Income Fund, Inc.",PRIF-PK,3.48,0.032,0.025,Yes
2494,"Promotora y Operadora de Infraestructura, S. A. B. de C. V.",PUODY,19.68,0.172,0.432,Yes
2495,"Grand River Commerce, Inc.",GNRV,38.55,0.313,0.484,No
2496,Andritz AG,ADRZF,47.12,0.372,1.993,Yes
2497,Uniper SE,UNPRF,47.99,0.378,1.045,Yes
2498,Pacific Gas and Electric Company,PCG-PG,57.17,0.438,,
2499,Wintrust Financial Corporation,WTFC,17.98,0.158,0.442,Yes
2500,Corby Spirit and Wine Limited,CBYDF,18.25,0.16,0.321,Yes
2501,Energy Transition Special Opportunities,ETSS,1.84,0.017,,
2502,Kesko Oyj,KKOYY,32.4,0.27,0.994,Yes
2503,"Citizens Financial Group, Inc.",CFG-PH,3.75,0.035,0.162,Yes
2504,Stanmore Resources Limited,STMRF,50.92,0.399,0.796,No
2505,Top Glove Corporation Bhd.,TGLVY,68.89,0.51,2.111,Yes
2506,"NSTS Bancorp, Inc.",NSTS,25.96,0.222,0.733,Yes
2507,"ScanSource, Inc.",SCSC,38.97,0.318,1.124,Yes
2508,TOTO LTD.,TOTDF,85.27,0.603,1.813,Yes
2509,Cal Redwood Acquisition Corp.,CRAQU,3.93,0.037,0.0,Yes
2510,PetroChina Company Limited,PCCYF,51.79,0.405,0.127,Yes
2511,Truth Social American Next Frontiers ETF,TSNF,49.4,0.39,2.027,Yes
2512,"Westwood Holdings Group, Inc.",WHG,25.18,0.216,0.133,No
2513,"Kinder Morgan, Inc.",KMI,22.29,0.194,0.531,No
2514,Strats Trust For Procter &amp; Gambel Security CTF 2006-1,GJR,4.46,0.042,0.064,No
2515,Southern Cross Gold Consolidated Ltd.,SXGCF,107.47,0.719,1.811,Yes
2516,Bicara Therapeutics Inc.,BCAX,67.69,0.505,0.854,No
2517,Baker Boyer Bancorp,BBBK,11.92,0.108,0.128,Yes
2518,Virtus Artificial Intelligence & Technology Opportunities Fund,AIO,29.69,0.251,1.472,Yes
2519,Kistos Holdings Plc,KSTOF,100.46,0.685,0.361,No
2520,TOFLA MEGALINE INC.,TFLM,5.75,0.054,0.001,Yes
2521,RMB Holdings Limited,RMBHF,5.59,0.052,0.001,Yes
2522,Platzer Fastigheter Holding AB (publ),PLAZF,21.96,0.192,0.751,No
2523,Österreichische Post AG,OERCF,6.54,0.061,0.337,Yes
2524,TISCO Financial Group Public Company Limited,TSCFY,6.86,0.064,0.353,Yes
2525,FBD Holdings plc,FBDHY,10.37,0.095,0.525,Yes
2526,"Mitsubishi Gas Chemical Company, Inc.",MBGCF,92.52,0.645,2.528,No
2527,Jade Leader Corp.,MCKRF,27.13,0.232,0.91,No
2528,ZTO Express (Cayman) Inc.,ZTOEF,2.59,0.025,0.136,Yes
2529,Costain Group PLC,CSGQF,2.63,0.025,0.138,Yes
2530,Grupo Clarín S.A.,GCLAF,9.44,0.087,0.201,Yes
2531,BB Biotech AG,BBAGF,3.38,0.032,0.125,No
2532,Nichirei Corporation,NCHEY,1.36,0.013,0.051,No
2533,Rathbones Group Plc,RTBBF,12.78,0.116,0.64,Yes
2534,InRetail Perú Corp.,INREF,2.31,0.022,0.051,Yes
2535,RTL Group S.A.,RGLXF,18.27,0.162,0.896,Yes
2536,Immobiliare Grande Distribuzione SIIQ S.p.A.,IMMQF,5.06,0.047,0.11,Yes
2537,Israel Canada (T.R) Ltd,ISLCF,2.23,0.021,0.083,No
2538,NZME Limited,NZMEF,25.06,0.216,0.847,No
2539,Ramsdens Holdings PLC,RSDEF,5.39,0.05,0.068,No
2540,Cementir Holding N.V.,CMTHF,2.83,0.027,0.062,Yes
2541,Downer EDI Limited,DNERY,3.42,0.032,0.127,No
2542,Costain Group PLC,CTNGY,2.96,0.028,0.155,Yes
2543,Athena Technology Acquisition Corp. II,ATEK,5.96,0.056,0.129,Yes
2544,Jungheinrich Aktiengesellschaft,JGHAF,0.95,0.009,0.021,Yes
2545,CITIC Telecom International Holdings Limited,CCTTF,103.39,0.7,1.624,Yes
2546,Founders Bay Holdings,FDBH,102.6,0.696,2.73,No
2547,"TSI Holdings Co.,Ltd.",TSIHF,3.56,0.034,0.045,No
2548,Mpact Limited,MPPTF,34.16,0.285,1.577,Yes
2549,Solar Gold Ltd.,PLKT,109.66,0.731,1.696,Yes
2550,Banpu Public Company Limited,BNPJY,8.32,0.077,0.425,Yes
2551,Studsvik AB (publ),SUDKY,1.08,0.01,0.057,Yes
2552,Zeon Corporation,ZEOOY,2.88,0.027,0.107,No
2553,Adkins Energy LLC,ADKIL,5.19,0.049,0.269,Yes
2554,Liechtensteinische Landesbank Aktiengesellschaft,LLAZF,4.64,0.044,0.241,Yes
2555,IVU Traffic Technologies AG,IVUFF,3.68,0.035,0.08,Yes
2556,Amano Corporation,AMANF,3.55,0.033,0.131,No
2557,Dreadnought Resources Ltd,DRDNF,77.44,0.562,2.205,No
2558,Noumi Limited,NOUMF,53.51,0.418,1.638,No
2559,China Everbright Limited,CEVIY,1.32,0.013,0.029,Yes
2560,Jyske Bank A/S,JYSKF,67.9,0.507,1.988,No
2561,FMS Enterprises Migun Ltd,FTCFF,7.53,0.07,0.386,Yes
2562,Peoples Bancorp,PPBB,6.17,0.057,0.133,Yes
2563,Credit Corp Group Limited,CCGFF,3.62,0.034,0.134,No
2564,Greentown China Holdings Limited,GTWCF,72.34,0.533,0.008,Yes
2565,Tecan Group AG,TCGGY,2.41,0.023,0.126,Yes
2566,ClimateRock,CLRCF,6.02,0.056,0.311,Yes
2567,Rockwool A/S,RKWAF,15.87,0.142,0.785,Yes
2568,"Joey New York, Inc.",JOEY,43.08,0.348,0.468,No
2569,KRUK Spólka Akcyjna,KRKKF,95.26,0.659,1.528,Yes
2570,Van de Velde NV,VDEVF,8.16,0.075,0.175,Yes
2571,PC Partner Group Limited,PCPPF,18.15,0.161,0.373,Yes
2572,Santander UK plc,STNDF,3.28,0.031,0.121,No
2573,Carlsberg A/S,CABHF,29.77,0.252,0.989,No
2574,Echelon Resources Limited,NZEOF,1.9,0.018,0.071,No
2575,Rumo S.A.,RUMOF,3.25,0.031,0.17,Yes
2576,Upper Street Marketing Inc.,UPPR,58.19,0.448,0.602,No
2577,Montea Comm. VA,MONSF,6.56,0.061,0.141,Yes
2578,Vinyl Group Ltd,JAXAF,30.95,0.261,0.606,Yes
2579,Medicover AB (publ),MCVEF,0.81,0.008,0.043,Yes
2580,"Francisco Industries, Inc.",FRAZ,5.59,0.052,0.07,No
2581,SAKURA Internet Inc.,SKURF,18.87,0.167,0.654,No
2582,Autoneum Holding AG,ATNNF,1.91,0.018,0.1,Yes
2583,Downer EDI Limited,DNERF,5.01,0.047,0.184,No
2584,"The Chugoku Electric Power Co., Inc.",CGKEY,2.44,0.023,0.091,No
2585,medmix AG,MDMXF,0.63,0.006,0.033,Yes
2586,Monash IVF Group Limited,MNIVF,3.43,0.032,0.127,No
2587,everplay group plc,TSVNF,0.61,0.006,0.014,Yes
2588,L E Lundbergföretagen AB (publ),LBGUF,46.24,0.37,0.498,No
2589,Singapore Land Group Limited,UILCF,3.43,0.032,0.075,Yes
2590,Nedap N.V.,NDDLF,6.15,0.057,0.317,Yes
2591,Vontobel Holding AG,VONHF,5.02,0.047,0.26,Yes
2592,NV Bekaert SA,BEKSF,5.35,0.05,0.116,Yes
2593,Sligro Food Group N.V.,SIGRF,0.92,0.009,0.02,Yes
2594,Anadolu Hayat Emeklilik Anonim Sirketi,AELIY,11.18,0.102,0.4,No
2595,FBD Holdings plc,FBDHF,9.48,0.087,0.482,Yes
2596,Poxel S.A.,PXXLF,4.45,0.042,0.164,No
2597,Pepkor Holdings Limited,PPKRF,106.95,0.718,0.011,Yes
2598,Peugeot Invest Société anonyme,SFFFF,5.29,0.049,0.115,Yes
2599,Skeleton Coast Uranium Corp.,GLIIF,0.0,0.0,0.0,No
2600,SigmaBroadband Co.,SGRB,15.4,0.138,0.32,Yes
2601,"Alsok Co.,Ltd.",SOHGY,2.03,0.019,0.075,No
2602,Viking Line Abp,VKGLF,2.58,0.024,0.135,Yes
2603,Allied Group Limited,ALEDY,7.68,0.071,0.165,Yes
2604,Borregaard ASA,BRGAY,3.31,0.031,0.173,Yes
2605,PT Bank Aladin Syariah Tbk,BKALF,24.38,0.211,0.489,Yes
2606,SSY Group Limited,LJUIF,9.15,0.084,0.195,Yes
2607,Corporación Financiera Colombiana S.A.,CRPFY,7.73,0.072,0.166,Yes
2608,PETRONAS Chemicals Group Berhad,PECGF,5.48,0.051,0.201,No
2609,Admiralty Resources NL,ADMRF,5.59,0.052,0.205,No
2610,Verallia Société Anonyme,VRLAF,3.86,0.036,0.084,Yes
2611,Cairn Homes plc,CNHHY,5.29,0.049,0.274,Yes
2612,en Inc.,ENJPY,1.28,0.012,0.048,No
2613,Nifco Inc.,NIFCY,1.82,0.017,0.068,No
2614,"Cygnus eTransaction Group, Inc.",CYGT,70.48,0.522,0.008,Yes
2615,Intercos S.p.A.,ICOSF,1.52,0.014,0.034,Yes
2616,Pacific Century Regional Developments Limited,PCDVF,13.15,0.119,0.276,Yes
2617,naturenergie holding AG,ENGDF,2.83,0.027,0.148,Yes
2618,Port of Tauranga Limited,PTAUY,1.77,0.017,0.066,No
2619,Harworth Group plc,HWGLF,0.66,0.006,0.035,Yes
2620,Forecross Corporation,FRXX,70.48,0.522,0.703,No
2621,Valiant Holding AG,VALIF,5.98,0.056,0.129,Yes
2622,Dustin Group AB (publ),DUSXF,1.01,0.01,0.013,No
2623,Cairn Homes plc,CRRNF,3.38,0.032,0.177,Yes
2624,EC World Real Estate Investment Trust,ECWDF,70.48,0.522,0.703,No
2625,Indofood Agri Resources Ltd.,IARLF,6.32,0.059,0.136,Yes
2626,"Alfi, Inc.",ALFIQ,89.14,0.627,3.469,Yes
2627,Lectra SA,LCTSF,1.36,0.013,0.03,Yes
2628,SBO AG,SBOEF,2.78,0.026,0.061,Yes
2629,"Tohoku Electric Power Company, Incorporated",TEPCY,2.18,0.021,0.081,No
2630,Discovery Alaska Limited,DRVYF,30.95,0.261,0.004,Yes
2631,Suruga Bank Ltd.,SUGBY,3.38,0.032,0.125,No
2632,Jyske Bank A/S,JYSKY,59.01,0.453,1.775,No
2633,"Almirall, S.A.",ALMRY,13.85,0.125,0.489,No
2634,Public Bank Berhad,PBLOF,16.96,0.151,0.592,No
2635,"CGN Power Co., Ltd.",CGNWF,50.92,0.401,0.93,Yes
2636,Viaplay Group AB (publ),NENTY,10.28,0.094,0.369,No
2637,Yanlord Land Group Limited,YLDGF,2.14,0.02,0.047,Yes
2638,Metal Sky Star Acquisition Corporation,MSSAF,6.77,0.063,0.247,No
2639,COLTENE Holding AG,CLHLF,3.75,0.035,0.195,Yes
2640,MICRON SOLUTIONS INC,MICR,70.48,0.522,0.703,No
2641,Cembra Money Bank AG,CMBNF,60.79,0.464,2.567,Yes
2642,Bonheur ASA,BNHUF,72.95,0.537,1.245,Yes
2643,China Shineway Pharmaceutical Group Limited,CSWYY,7.78,0.072,0.167,Yes
2644,"Hollywood Studios International, Inc.",HYWS,70.48,0.522,0.008,Yes
2645,"Shenzhen Hepalink Pharmaceutical Group Co., Ltd.",SHEZF,79.02,0.571,1.325,Yes
2646,Bedford Holdings Corp,BFDE,70.48,0.522,2.048,No
2647,United Internet AG,UDIRF,2.05,0.019,0.045,Yes
2648,Guaranty Financial Corporation,GFCJ,70.48,0.522,0.703,No
2649,Autohellas S.A.,AOHLF,7.5,0.069,0.385,Yes
2650,TORIDOLL Holdings Corporation,TORLF,78.03,0.566,2.218,No
2651,"Stanley Electric Co., Ltd.",STAEY,1.71,0.016,0.064,No
2652,Medicover AB (publ),MCVEY,1.57,0.015,0.035,Yes
2653,"Merchants & Marine Bancorp, Inc.",MNMB,53.94,0.421,2.102,Yes
2654,Kennametal Inc.,KMT,63.61,0.481,0.156,No
2655,CAB Payments Holdings plc,CABPF,82.27,0.59,0.552,Yes
2656,Siemens Energy AG,SMERY,58.8,0.452,1.542,Yes
2657,Sandvik AB (publ),SDVKF,55.17,0.429,1.779,Yes
2658,Arcos Dorados Holdings Inc.,ARCO,24.89,0.215,0.604,Yes
2659,Neo Performance Materials Inc.,NOPMF,101.16,0.69,1.781,Yes
2660,Genesis Minerals Limited,GSISF,87.25,0.618,1.519,Yes
2661,Tema U.S. Manufacturing & Reshoring ETF,WELD,33.39,0.28,0.934,Yes
2662,Edwards Lifesciences Corporation,EW,20.01,0.176,0.576,Yes
2663,BNP Paribas SA,BNPQF,45.08,0.363,0.966,Yes
2664,"CSW Industrials, Inc.",CSW,35.87,0.298,0.621,Yes
2665,"NexPoint Real Estate Finance, Inc.",NREF-PA,14.31,0.129,0.591,Yes
2666,"4D Molecular Therapeutics, Inc.",FDMT,127.39,0.817,0.542,Yes
2667,"West Pharmaceutical Services, Inc.",WST,40.17,0.329,1.148,Yes
2668,Israel Discount Bank Limited,ISDAY,35.93,0.299,0.221,Yes
2669,Brookfield Corporation,BRCFF,23.71,0.206,0.265,No
2670,SMC Corporation,SMCAY,59.58,0.458,1.674,Yes
2671,TP ICAP Group PLC,TCAPF,24.95,0.216,0.103,Yes
2672,First United Corporation,FUNC,24.24,0.211,0.054,No
2673,Liberty Energy Inc.,LBRT,109.81,0.736,1.088,Yes
2674,BE Semiconductor Industries N.V.,BESIY,90.45,0.638,2.846,Yes
2675,Golden Arrow Resources Corporation,GARWF,100.63,0.691,2.038,Yes
2676,TOTO LTD.,TOTDY,79.17,0.576,1.789,Yes
2677,"Smith & Wesson Brands, Inc.",SWBI,44.83,0.363,0.705,No
2678,"Ranger Energy Services, Inc.",RNGR,25.66,0.223,0.345,No
2679,Element Solutions Inc,ESI,62.18,0.476,1.32,Yes
2680,GLACIAL LAKES CORN PROCESSORS U,GLLL,14.91,0.135,0.148,No
2681,M&T Bank Corporation,MTB-PJ,6.57,0.062,0.289,Yes
2682,Aberdeen Group Plc,SLFPF,26.7,0.231,1.018,Yes
2683,"Eagle Bancorp, Inc.",EGBN,48.06,0.386,0.157,Yes
2684,Quetta Acquisition Corporation,QETA,5.61,0.053,0.091,Yes
2685,Balchem Corporation,BCPC,21.65,0.191,0.224,No
2686,Skandinaviska Enskilda Banken AB (publ),SVKEF,32.66,0.277,1.329,Yes
2687,"Bank of Communications Co., Ltd.",BKFCF,10.29,0.095,0.097,Yes
2688,Zinzino AB (publ),ZNZNF,93.8,0.659,0.645,No
2689,SpareBank 1 Nord-Norge,SPXXF,22.06,0.195,0.728,No
2690,"Perimeter Solutions, Inc.",PRM,49.79,0.398,1.396,Yes
2691,"Industria de Diseño Textil, S.A.",IDEXY,29.38,0.252,0.744,Yes
2692,"JAPAN POST BANK Co., Ltd.",JPPTY,97.23,0.677,0.328,Yes
2693,Resilient Energy Inc.,RENI,111.84,0.751,2.233,No
2694,BlueScope Steel Limited,BLSFF,75.43,0.558,1.711,Yes
2695,"Argan, Inc.",AGX,113.9,0.761,0.145,No
2696,Royalties Inc.,ROYIF,120.11,0.79,1.362,Yes
2697,CVS Health Corporation,CVS,37.09,0.31,1.227,Yes
2698,Pason Systems Inc.,PSYTF,34.39,0.29,0.573,Yes
2699,Morgan Stanley,MS-PP,3.81,0.036,0.123,Yes
2700,Exail Technologies,EXALF,55.89,0.439,0.668,Yes
2701,Ermenegildo Zegna N.V.,ZGN,67.3,0.51,1.376,Yes
2702,Compagnie Financière Richemont SA,CFRHF,30.75,0.263,0.902,Yes
2703,John Hancock Financial Opportunities Fund,BTO,18.42,0.165,0.132,No
2704,Stadler Rail AG,SRAIF,19.41,0.173,0.571,Yes
2705,Virtus Duff & Phelps Real Estat,DPRE,8.19,0.077,0.468,No
2706,Siemens Energy AG,SMEGF,57.29,0.448,1.497,Yes
2707,Yamaha Corporation,YAMCY,29.47,0.254,0.708,Yes
2708,Whitehaven Coal Limited,WHITF,44.24,0.362,0.458,No
2709,"Atlanta Braves Holdings, Inc.",BATRK,23.29,0.205,0.821,Yes
2710,Helios Towers plc,HTWSF,52.34,0.417,2.099,Yes
2711,Epsilon Energy Ltd.,EPSN,36.07,0.303,0.9,No
2712,"C4 Therapeutics, Inc.",CCCC,134.3,0.858,1.795,Yes
2713,ABB Ltd,ABLZF,47.25,0.383,2.114,Yes
2714,Forbo Holding AG,FBOHF,3.35,0.032,0.178,Yes
2715,Naughty Ventures Corp.,BADVF,120.36,0.795,1.37,No
2716,"Darden Restaurants, Inc.",DRI,19.31,0.173,0.444,Yes
2717,"NetApp, Inc.",NTAP,92.15,0.654,1.846,Yes
2718,Genel Energy plc,GEGYY,81.07,0.593,0.439,Yes
2719,Sanmina Corporation,SANM,133.7,0.858,5.316,Yes
2720,Peace Acquisition Corp,PECEU,9.76,0.091,0.783,No
2721,"Avalo Therapeutics, Inc.",AVTX,82.45,0.601,0.307,Yes
2722,Clough Global Dividend and Income Fund,GLV,15.76,0.144,0.554,Yes
2723,IQVIA Holdings Inc.,IQV,53.71,0.427,0.303,Yes
2724,Ingevity Corporation,NGVT,32.61,0.279,0.24,No
2725,Takeda Pharmaceutical Company Limited,TAK,28.64,0.249,0.954,No
2726,Virtus Global Dividend & Income Fund Inc.,ZTR,16.84,0.153,0.3,Yes
2727,Malayan Banking Berhad,MLYBY,52.06,0.417,0.491,No
2728,SAF-Holland SE,SFHLF,9.69,0.091,0.067,Yes
2729,"Allogene Therapeutics, Inc.",ALLO,102.33,0.71,0.777,No
2730,Cummins Inc.,CMI,48.86,0.396,1.403,Yes
2731,Elbit Systems Ltd.,ESLT,53.79,0.429,0.688,No
2732,CCL Industries Inc.,CCDBF,23.89,0.212,0.107,Yes
2733,"Prudential Financial, Inc.",PRU,23.7,0.21,0.039,No
2734,QBE Insurance Group Limited,QBIEY,26.79,0.235,0.262,Yes
2735,"Innovative Industrial Properties, Inc.",IIPR-PA,12.01,0.112,0.236,Yes
2736,Diversified Healthcare Trust  -,DHCNI,24.47,0.217,1.123,Yes
2737,"NN, Inc.",NNBR,124.21,0.82,4.168,Yes
2738,"National Presto Industries, Inc.",NPK,49.98,0.405,0.155,No
2739,Berto Acquisition Corp. II,GUACU,3.26,0.032,0.461,No
2740,Compañía de Minas Buenaventura S.A.A.,BVN,71.93,0.545,0.423,Yes
2741,SMART Earnings Growth 30 ETF,SGRT,46.39,0.381,1.923,Yes
2742,"Flagstar Bank, National Association",FLG,18.52,0.169,0.073,Yes
2743,"RPC, Inc.",RES,60.0,0.473,0.076,No
2744,Cerro de Pasco Resources Inc.,CDPMF,89.08,0.645,0.22,No
2745,OMRON Corporation,OMRNY,81.11,0.601,2.115,Yes
2746,IG Group Holdings plc,IGGHY,52.36,0.423,0.751,Yes
2747,ASSA ABLOY AB (publ),ASAZF,39.54,0.334,1.8,Yes
2748,Thungela Resources Limited,TNGRF,108.03,0.746,2.103,No
2749,Asahi Kasei Corporation,AHKSY,40.93,0.344,0.744,Yes
2750,L.B. Foster Company,FSTR,54.72,0.439,1.627,Yes
2751,"Vistance Networks, Inc.",VISN,67.55,0.521,2.4,Yes
2752,"Star Equity Holdings, Inc.",STRRP,13.77,0.128,0.0,Yes
2753,"Solstice Advanced Materials, Inc.",SOLS,75.78,0.571,0.489,Yes
2754,OceanFirst Financial Corp.,OCFC,13.9,0.129,0.366,Yes
2755,Hillcrest Energy Technologies Ltd.,HLRTF,104.98,0.732,1.34,Yes
2756,Alphabet Inc.,GOOGL,55.95,0.448,2.414,Yes
2757,"Phillips Edison & Company, Inc.",PECO,19.46,0.177,0.303,Yes
2758,"A10 Networks, Inc.",ATEN,61.85,0.486,0.058,No
2759,Eastman Chemical Company,EMN,23.51,0.211,0.322,No
2760,"The Williams Companies, Inc.",WMB,26.34,0.234,0.039,No
2761,Eventide Large Cap Growth ETF,ESLG,18.73,0.171,1.114,Yes
2762,Tingyi (Cayman Islands) Holding Corp.,TYCMY,44.35,0.369,0.386,No
2763,Amaroq Ltd.,AMRQF,78.83,0.59,1.525,Yes
2764,Compagnie Financière Richemont SA,CFRUY,30.63,0.268,1.031,Yes
2765,Desert Gold Ventures Inc.,DAUGF,123.62,0.827,0.373,Yes
2766,Embotelladora Andina S.A.,AKO-A,27.68,0.245,0.936,Yes
2767,Merck KGaA,MKKGY,34.57,0.299,1.14,Yes
2768,InvenTrust Properties Corp.,IVT,18.67,0.171,0.127,Yes
2769,"Dine Brands Global, Inc.",DIN,50.69,0.415,0.865,Yes
2770,Koninklijke Vopak N.V.,VOPKF,26.38,0.235,0.173,No
2771,Cleantek Industries Inc.,GLKFF,100.34,0.711,1.048,No
2772,"THK Co., Ltd.",THKLY,78.32,0.59,2.963,Yes
2773,"Freenome, Inc.",FRNM,55.9,0.451,0.923,Yes
2774,5N Plus Inc.,FPLSF,91.14,0.663,0.565,Yes
2775,"Ryder System, Inc.",R,42.67,0.359,1.185,Yes
2776,"Lincoln Electric Holdings, Inc.",LECO,25.36,0.228,0.734,Yes
2777,"Idemitsu Kosan Co.,Ltd.",IDKOY,40.03,0.341,0.848,No
2778,"ALPEK, S.A.B. de C.V.",ALPKF,52.67,0.43,1.209,No
2779,Eaton Vance California Municipal Income Trust,CEV,13.68,0.129,0.403,Yes
2780,"Sunstone Hotel Investors, Inc.",SHO-PH,14.19,0.133,0.666,Yes
2781,"Midland States Bancorp, Inc.",MSBIP,9.75,0.093,0.247,Yes
2782,Carmila S.A.,CRMIF,16.96,0.157,0.145,Yes
2783,Restaurant Brands International Limited Partnership,RSTRF,19.73,0.181,0.094,Yes
2784,Vizsla Royalties Corp.,VROYF,120.83,0.819,11.199,Yes
2785,"Daiichi Life Group, Inc.",DCNSF,47.58,0.396,1.185,No
2786,Forbo Holding AG,FBOHY,3.32,0.033,0.176,Yes
2787,Daily Journal Corporation,DJCO,47.0,0.392,0.498,Yes
2788,Fortis Inc.,FTS,13.38,0.127,0.013,No
2789,Cartesian Growth Corporation II,RENEF,5.55,0.054,0.025,Yes
2790,Tutor Perini Corporation,TPC,50.7,0.418,0.398,Yes
2791,RLJ Lodging Trust,RLJ-PA,7.5,0.073,0.339,Yes
2792,Brookfield Renewable Partners L.P.,BEP,34.99,0.305,0.519,Yes
2793,"Kingstone Companies, Inc.",KINS,49.11,0.408,0.333,Yes
2794,"Lake Area Corn Processors, LLC",LKCRU,42.28,0.359,1.952,Yes
2795,Simplify Ancorato Target 25 Distribution ETF,XXV,15.25,0.144,0.68,Yes
2796,Eldorado Gold Corporation,EGO,98.09,0.708,0.797,Yes
2797,Singapore Technologies Engineering Ltd,SGGKF,38.73,0.334,0.006,Yes
2798,Chemtrade Logistics Income Fund,CGIFF,22.81,0.209,0.415,Yes
2799,FIBRA Macquarie México,DBMBF,40.74,0.349,0.299,Yes
2800,Galderma Group AG,GALDY,22.69,0.208,0.196,Yes
2801,"ENEOS Holdings, Inc.",JXHLY,49.36,0.411,0.402,No
2802,Atlanticus Holdings Corporation,ATLC,90.71,0.669,2.502,Yes
2803,Old National Bancorp,ONB,22.96,0.21,0.415,Yes
2804,Société Générale Société anonyme,SCGLY,37.93,0.329,0.777,Yes
2805,Globe Life Inc.,GL,27.16,0.245,0.332,Yes
2806,"RiverNorth Opportunistic Municipal Income Fund, Inc.",RMI,12.75,0.122,0.228,Yes
2807,First Advantage Corporation,FA,52.81,0.436,0.76,Yes
2808,"Meliá Hotels International, S.A.",SMIZF,50.05,0.417,0.397,Yes
2809,The Hong Kong and China Gas Company Limited,HOKCY,41.37,0.355,0.764,Yes
2810,Northeast Bank,NBN,33.82,0.298,0.377,Yes
2811,Barrick Mining Corporation,B,58.76,0.477,0.784,Yes
2812,"Naturgy Energy Group, S.A.",GASNF,12.04,0.116,0.132,Yes
2813,North Dallas Bank & Trust Co.,NODB,15.01,0.142,0.369,No
2814,Meren Energy Inc.,MRNFF,45.73,0.387,0.083,No
2815,"Vaccinex, Inc.",VCNX,122.32,0.837,0.573,No
2816,"Vislink Technologies, Inc.",VISL,123.9,0.844,5.104,Yes
2817,Ellington Financial Inc.,EFC,17.7,0.166,1.006,Yes
2818,Games Workshop Group PLC,GWKSY,46.09,0.39,1.243,Yes
2819,"Woodward, Inc.",WWD,48.87,0.41,0.334,No
2820,Terna S.p.A.,TEZNY,16.89,0.159,0.127,Yes
2821,"TPG Mortgage Investment Trust, ",MITP,5.41,0.054,0.179,Yes
2822,Kornit Digital Ltd.,KRNT,31.71,0.283,0.49,Yes
2823,Monument Mining Limited,MMTMF,107.04,0.762,1.134,Yes
2824,United Therapeutics Corporation,UTHR,27.14,0.246,1.064,No
2825,Transurban Group,TRAUF,32.41,0.289,0.721,Yes
2826,The J. M. Smucker Company,SJM,33.84,0.3,0.687,Yes
2827,"Bloomin' Brands, Inc.",BLMN,65.04,0.52,2.266,Yes
2828,OTC Markets Group Inc.,OTCM,9.79,0.095,0.033,No
2829,"Watts Water Technologies, Inc.",WTS,42.87,0.368,0.325,Yes
2830,AH REALTY TRUST INC,AHRT-PA,9.7,0.095,0.09,Yes
2831,Komatsu Ltd.,KMTUF,52.7,0.439,0.57,Yes
2832,Myriad Dynamic Asset Allocation ETF,MDAA,23.91,0.22,1.352,Yes
2833,"Rigel Pharmaceuticals, Inc.",RIGL,121.34,0.837,1.011,Yes
2834,Pan American Silver Corp.,PAASF,76.87,0.595,1.688,Yes
2835,Malayan Banking Berhad,MLYNF,20.91,0.195,0.413,No
2836,"LTC Properties, Inc.",LTC,18.83,0.177,0.157,Yes
2837,Alphabet Inc.,GOOG,53.6,0.445,2.356,Yes
2838,Yankuang Energy Group Company Limited,YZCAY,58.58,0.479,0.325,Yes
2839,"Air T, Inc.",AIRTP,8.8,0.086,0.209,Yes
2840,Concurrent Technologies Plc,COTGF,48.66,0.411,0.438,Yes
2841,"Eastern Asteria, Inc.",EATR,113.65,0.8,4.043,Yes
2842,Cymbria Corporation,CYMBF,7.02,0.069,0.008,No
2843,Rogers Sugar Inc.,RSGUF,11.1,0.108,0.144,No
2844,Terreno Realty Corporation,TRNO,24.32,0.224,0.353,Yes
2845,"RiverNorth Flexible Municipal Income Fund, Inc.",RFM,7.69,0.076,0.319,Yes
2846,Virtus Diversified Income & Convertible Fund,ACV,23.27,0.216,1.243,Yes
2847,"Innovative Industrial Properties, Inc.",IIPR,22.43,0.209,0.412,Yes
2848,Strategic Metals Ltd.,SMDZF,56.89,0.47,0.651,No
2849,"Sonida Senior Living, Inc.",SNDA,49.48,0.419,0.572,Yes
2850,Paladin Energy Ltd,PALAF,91.3,0.684,1.478,Yes
2851,Ameris Bancorp,ABCB,19.0,0.18,0.385,Yes
2852,First Trust EIP Power Solutions ETF,FPWR,13.72,0.133,0.065,No
2853,Ameren Illinois Company,AILIH,3.7,0.037,0.072,Yes
2854,Macquarie Group Limited,MQBKY,31.46,0.284,1.505,Yes
2855,"USA Compression Partners, LP",USAC,28.55,0.261,0.161,Yes
2856,"Customers Bancorp, Inc.",CUBI,24.53,0.227,0.483,Yes
2857,Badger Infrastructure Solutions Ltd.,BDGIF,57.0,0.472,1.906,Yes
2858,"HomeTrust Bancshares, Inc.",HTB,17.85,0.17,0.127,Yes
2859,Janel Corporation,JANL,68.58,0.549,1.342,No
2860,Nederman Holding AB (publ),NHOXF,46.77,0.401,2.299,Yes
2861,Pfizer Inc.,PFE,24.2,0.225,0.275,No
2862,CapitaLand Ascott Trust,ATTRF,22.67,0.212,0.099,No
2863,Roche Holding AG,RHHVF,41.72,0.364,1.237,Yes
2864,"First Real Estate Investment Trust of New Jersey, Inc.",FREVS,92.19,0.691,1.09,Yes
2865,"nLIGHT, Inc.",LASR,77.13,0.603,0.813,Yes
2866,Shougang Fushan Resources Group Limited,FSHYF,62.04,0.508,1.027,No
2867,Johnson Controls International plc,JCI,34.54,0.31,0.332,Yes
2868,"Cytokinetics, Incorporated",CYTK,38.78,0.343,0.045,Yes
2869,Mexico Equity & Income Fund Inc.,MXE,18.83,0.179,0.514,Yes
2870,"NewLake Capital Partners, Inc.",NLCP,35.25,0.316,0.064,Yes
2871,Repligen Corporation,RGEN,50.12,0.427,0.717,Yes
2872,Meteoric Resources Limited,METOF,85.99,0.658,2.028,Yes
2873,"Healthcare Services Group, Inc.",HCSG,41.83,0.366,0.874,Yes
2874,NSK Ltd.,NPSKY,70.53,0.564,1.477,Yes
2875,Guangshen Railway Company Limited,GNGYF,72.55,0.577,0.532,No
2876,Clough Global Equity Fund,GLQ,19.66,0.187,1.082,Yes
2877,Motorsport Games Inc.,MSGM,56.62,0.473,0.409,No
2878,Mitsubishi Electric Corporation,MIELY,50.45,0.43,1.897,Yes
2879,Ralliant Corporation,RAL,62.15,0.511,1.624,Yes
2880,Harbour Energy plc,PMOIF,53.19,0.45,0.011,No
2881,Continental Aktiengesellschaft,CTTAY,39.96,0.354,1.616,Yes
2882,European Metals Holdings Limited,EMHLF,102.38,0.753,1.18,Yes
2883,"Viemed Healthcare, Inc.",VMD,42.67,0.374,0.599,No
2884,SMG Swiss Marketplace Group Holding AG,SMGSY,83.43,0.646,8.574,Yes
2885,Emerald Resources NL,EOGSF,91.4,0.693,2.713,Yes
2886,LMP Capital and Income Fund Inc.,SCD,11.11,0.11,0.412,Yes
2887,Ingram Micro Holding Corporation,INGM,44.59,0.389,1.263,Yes
2888,Kamada Ltd.,KMDA,31.72,0.289,0.011,No
2889,Galderma Group AG,GDERF,31.45,0.287,0.786,Yes
2890,"Haverty Furniture Companies, Inc.",HVT-A,44.67,0.39,0.175,No
2891,FLSmidth & Co. A/S,FLIDF,44.78,0.391,1.014,Yes
2892,Atlantic Union Bankshares Corporation,AUB,23.31,0.22,0.178,Yes
2893,Rolls-Royce Holdings plc,RYCEY,35.34,0.319,0.952,Yes
2894,Euronext Athens Holding S.A.,HEHSF,21.02,0.2,0.059,Yes
2895,Invesco Trust for Investment Grade Municipals,VGM,11.38,0.113,0.49,Yes
2896,Valley National Bancorp,VLYPN,5.44,0.055,0.169,Yes
2897,DRI Healthcare Trust,DHTRF,25.3,0.238,0.397,No
2898,Truth Social American Red State REITs ETF,TSRS,16.42,0.16,0.537,Yes
2899,SSR Mining Inc.,SSRM,90.49,0.692,0.463,Yes
2900,"Jefferson Capital, Inc.",JCAP,35.55,0.322,0.008,Yes
2901,Brainstorm Cell Therapeutics Inc.,BCLI,100.75,0.751,3.293,No
2902,Blackrock Municipal 2030 Target Term Trust,BTT,3.47,0.036,0.119,Yes
2903,Harvia Oyj,HRVFF,35.96,0.326,1.454,Yes
2904,Alussa Energy Acquisition Corp. II,ALUB-UN,2.14,0.022,0.03,Yes
2905,"Macy's, Inc.",M,34.02,0.311,0.724,Yes
2906,Mega Uranium Ltd.,MGAFF,97.47,0.735,2.414,Yes
2907,The GDL Fund,GDL,3.08,0.032,0.149,Yes
2908,Mainfreight Limited,MFGHF,26.7,0.251,0.531,No
2909,Harford Bank,HFBK,20.27,0.195,0.382,No
2910,Swedbank AB (publ),SWDBF,34.94,0.319,1.121,Yes
2911,Brookfield Property Preferred L.P.,BPYPM,19.2,0.186,0.469,No
2912,"Kimberly-Clark de México, S. A. B. de C. V.",KCDMY,21.24,0.204,0.298,No
2913,CECO Environmental Corp.,CECO,62.0,0.518,1.424,Yes
2914,"BlackRock MuniHoldings New Jersey Quality Fund, Inc.",MUJ,11.08,0.111,0.602,Yes
2915,Adeia Inc.,ADEA,99.25,0.747,0.269,Yes
2916,Urbana Corporation,URNAF,27.01,0.254,0.029,No
2917,Snap-on Incorporated,SNA,17.43,0.17,0.175,Yes
2918,Rolls-Royce Holdings plc,RYCEF,34.89,0.32,1.095,Yes
2919,Enpro Inc.,NPO,44.03,0.391,0.917,Yes
2920,"Mirum Pharmaceuticals, Inc.",MIRM,47.16,0.414,0.274,Yes
2921,UMB Financial Corporation,UMBF,26.61,0.252,0.699,Yes
2922,"Generate Biomedicines, Inc.",GENB,61.26,0.515,0.11,No
2923,Matador Resources Company,MTDR,47.39,0.417,1.37,No
2924,The York Water Company,YORW,17.39,0.171,0.137,Yes
2925,Humana Inc.,HUM,85.18,0.67,2.936,Yes
2926,Turaco Gold Limited,TCGDF,137.71,0.951,2.342,No
2927,Texas Instruments Incorporated,TXN,70.78,0.58,3.121,Yes
2928,"Live Oak Bancshares, Inc.",LOB-PA,3.76,0.039,0.043,Yes
2929,"Oscar Health, Inc.",OSCR,107.48,0.798,4.334,Yes
2930,"Sigma Foods, S.A.B. de C.V.",ALFFF,43.59,0.39,0.503,Yes
2931,"Crown Holdings, Inc.",CCK,28.08,0.265,0.195,No
2932,Lee & Man Paper Manufacturing Limited,LMPMY,69.86,0.575,0.614,No
2933,Defiance Space and Connective Tech ETF,UFOX,45.94,0.408,2.198,Yes
2934,"United Bancorp, Inc.",UBCP,19.76,0.193,0.134,No
2935,Innovator Nasdaq-100 Managed 10 Buffer ETF,NBFR,14.38,0.144,0.597,Yes
2936,Gabelli ETFs Trust - Gabelli Global Technology Leaders ETF,GGTL,25.87,0.247,1.465,Yes
2937,"LIFULL Co.,Ltd.",NXCLF,30.51,0.286,1.0,No
2938,"TPG RE Finance Trust, Inc.",TRTX-PC,12.92,0.13,0.506,Yes
2939,Hall Chadwick Acquisition Corp.,HCAC,1.38,0.015,0.052,Yes
2940,"Rubicon Technology, Inc.",RBCN,92.16,0.715,2.92,Yes
2941,Chimera Investment Corporation,CIM-PD,13.36,0.134,0.741,Yes
2942,Land Securities Group Plc,LSGOF,43.79,0.393,1.392,Yes
2943,Baker Hughes Company,BKR,45.94,0.409,0.86,Yes
2944,"NextVision Stabilized Systems, Ltd.",NXSNF,97.65,0.747,1.514,Yes
2945,Strats Trust Wal Mart Stores Inc. STRT CTF 05-4,GJO,4.86,0.051,0.134,No
2946,Schneider Electric S.E.,SBGSF,36.02,0.333,1.595,Yes
2947,"Redwood Trust, Inc.",RWT-PA,8.8,0.09,0.479,Yes
2948,Weitz Core Plus Bond ETF,WCPB,2.76,0.029,0.098,Yes
2949,Sprott Physical Silver Trust,PSLV,63.33,0.536,0.645,Yes
2950,BP p.l.c.,BP,42.66,0.386,1.171,No
2951,"DHI Group, Inc.",DHX,110.91,0.824,1.026,No
2952,"Toray Industries, Inc.",TRYIY,34.89,0.324,0.666,Yes
2953,First Merchants Corporation,FRME,15.69,0.157,0.018,Yes
2954,Enad Global 7 AB (publ),ENADF,68.45,0.571,1.099,Yes
2955,Irenic Acquisition Corp.,IACQU,3.07,0.032,0.174,No
2956,Vodacom Group Limited,VDMCY,29.04,0.276,0.709,Yes
2957,"The Kansai Electric Power Company, Incorporated",KAEPF,28.14,0.269,0.181,Yes
2958,TransAlta Corporation,TSLTF,25.99,0.25,0.095,No
2959,Clough Global Opportunities Fund,GLO,13.47,0.136,0.687,Yes
2960,Entergy Corporation,ETR,20.81,0.205,0.239,No
2961,Valuence Merger Corp. I,VMCAF,5.44,0.057,0.153,No
2962,Resolute Mining Limited,RMGGF,102.66,0.781,1.103,Yes
2963,Kubota Corporation,KUBTF,61.76,0.527,1.049,Yes
2964,Traton SE,TRATY,44.93,0.405,1.6,No
2965,Trailblazer Acquisition Corp.,BLZR,1.74,0.019,0.046,Yes
2966,Hapag-Lloyd Aktiengesellschaft,HPGLY,25.73,0.248,0.078,No
2967,Enel SpA,ESOCF,23.91,0.233,0.879,Yes
2968,"Steven Madden, Ltd.",SHOO,43.71,0.396,1.201,Yes
2969,Credit Acceptance Corporation,CACC,38.84,0.358,1.906,Yes
2970,Brady Corporation,BRC,21.85,0.214,0.385,Yes
2971,TC Energy Corporation,TRP,21.15,0.208,0.123,Yes
2972,Legato Merger Corp. IV,LEGO,1.47,0.016,0.06,No
2973,Emerson Electric Co.,EMR,22.54,0.221,1.034,Yes
2974,Dow Inc.,DOW,61.59,0.528,1.942,No
2975,Epiroc AB (publ),EPOAY,44.11,0.4,1.866,Yes
2976,"Douglas Dynamics, Inc.",PLOW,50.35,0.447,0.171,Yes
2977,Munters Group AB (publ),MMNNF,52.25,0.461,2.127,Yes
2978,Mermaid Maritime Public Company Limited,MMMPF,113.48,0.844,4.459,Yes
2979,Komatsu Ltd.,KMTUY,49.2,0.439,0.872,Yes
2980,Schneider Electric S.E.,SBGSY,31.6,0.3,1.385,Yes
2981,Fanuc Corporation,FANUF,50.99,0.453,2.361,Yes
2982,Central Petroleum Limited,CNPTF,94.09,0.737,0.407,No
2983,"Nicolet Bankshares, Inc.",NIC,35.83,0.335,0.555,No
2984,"Morgan Stanley Emerging Markets Domestic Debt Fund, Inc.",EDD,25.19,0.245,0.931,Yes
2985,Safi Silver Corp.,PNTZF,106.16,0.806,1.251,Yes
2986,Jones Lang LaSalle Incorporated,JLL,29.55,0.283,0.026,No
2987,Outokumpu Oyj,OUTFF,61.36,0.528,1.809,Yes
2988,"Easterly Government Properties, Inc.",DEA,19.16,0.191,0.851,Yes
2989,Silver Tiger Metals Inc.,SLVTF,56.58,0.494,0.867,Yes
2990,Abrdn Global Infrastructure Income Fund,ASGI,22.61,0.222,0.65,Yes
2991,Vanguard Target Maturity 2030 Corporate Bond ETF,VBCD,1.02,0.011,0.035,Yes
2992,"Roadrunner Transportation Systems, Inc.",RRTS,107.18,0.813,3.81,Yes
2993,KeyCorp,KEY,24.1,0.236,0.311,Yes
2994,"Navan, Inc.",NAVN,100.11,0.773,1.1,Yes
2995,"Texas Capital Bancshares, Inc.",TCBI,18.43,0.184,0.325,Yes
2996,Infinite Eagle Acquisition Corp.,IEAGU,2.3,0.025,0.05,Yes
2997,Pictet Cleaner Planet ETF,PCLN,26.83,0.26,1.327,Yes
2998,Globex Mining Enterprises Inc.,GLBXF,60.53,0.523,0.045,No
2999,Pattern Group Inc.,PTRN,105.15,0.804,1.005,Yes
3000,Bristow Group Inc.,VTOL,36.44,0.342,0.064,No
3001,Pinnacle West Capital Corporation,PNW,15.68,0.159,0.129,No
3002,FutureFuel Corp.,FF,64.12,0.549,1.207,Yes
3003,"Currency Exchange International, Corp.",CURN,35.44,0.334,0.158,Yes
3004,"Texas Roadhouse, Inc.",TXRH,24.22,0.238,0.276,Yes
3005,Springer Nature AG & Co. KGaA,SPGNY,43.3,0.398,4.547,Yes
3006,Woori Financial Group Inc.,WF,42.48,0.391,0.025,Yes
3007,"Nuveen Municipal Income Fund, Inc.",NMI,11.41,0.118,0.342,No
3008,International Tower Hill Mines Ltd.,THM,119.13,0.883,2.316,Yes
3009,Ball Corporation,BALL,35.39,0.334,0.267,No
3010,Franklin Managed Municipal Income Trust,PMM,9.61,0.1,0.149,Yes
3011,"Entegris, Inc.",ENTG,92.85,0.736,1.465,Yes
3012,Ratos AB (publ),RTOBF,86.76,0.7,2.104,No
3013,"Japan Exchange Group, Inc.",JPXGY,34.31,0.326,0.363,Yes
3014,"Mammoth Energy Services, Inc.",TUSK,56.15,0.496,1.529,Yes
3015,AZZ Inc.,AZZ,35.78,0.339,0.595,Yes
3016,Nissan Chemical Corporation,NNCHY,40.93,0.381,1.319,Yes
3017,TowneBank,TOWN,14.15,0.146,0.103,Yes
3018,Designer Brands Inc.,DBI,131.48,0.951,2.032,Yes
3019,STF Tactical Growth & Income ETF,SEPQ,21.34,0.213,1.438,Yes
3020,Hamamatsu Photonics K.K.,HPHTF,55.59,0.493,1.754,Yes
3021,GS Yuasa Corporation,GYUAF,53.87,0.48,0.133,No
3022,"Employers Holdings, Inc.",EIG,24.22,0.24,0.14,No
3023,Canada Nickel Company Inc.,CNIKF,80.32,0.663,1.902,Yes
3024,Österreichische Post AG,OSTIY,18.46,0.187,0.198,Yes
3025,ePlus inc.,PLUS,33.59,0.322,0.7,Yes
3026,Drägerwerk AG & Co. KGaA,DRWKF,32.22,0.31,0.214,Yes
3027,HAL Trust,HALFF,20.01,0.202,0.372,Yes
3028,Ategrity Specialty Insurance Co,ASIC,47.58,0.435,0.433,No
3029,"EWSB Bancorp, Inc.",EWSB,17.75,0.181,0.645,No
3030,Murphy Oil Corporation,MUR,48.59,0.443,1.599,No
3031,"Mitsui & Co., Ltd.",MITSF,36.11,0.344,1.085,No
3032,Summit Royalties Ltd.,SUMMF,37.68,0.357,0.425,Yes
3033,NXG Cushing Midstream Energy Fund,SRV,18.7,0.19,0.168,Yes
3034,Sofi Agentic AI ETF,AGIQ,26.67,0.263,1.486,Yes
3035,Arizona Gold & Silver Inc.,AZASF,130.4,0.953,0.865,Yes
3036,"Stabilis Solutions, Inc.",SLNG,59.53,0.525,0.305,Yes
3037,NETSTREIT Corp.,NTST,20.5,0.207,0.611,Yes
3038,Regions Financial Corporation,RF-PF,4.5,0.049,0.236,Yes
3039,National Atomic Company Kazatomprom JSC,NATKY,92.56,0.743,0.569,Yes
3040,Chiron Real Estate Inc.,XRN,17.7,0.181,0.48,Yes
3041,Haleon plc,HLNCF,12.29,0.129,0.223,No
3042,Pearson plc,PSORF,21.71,0.219,1.005,Yes
3043,"Barnes & Noble Education, Inc.",BNED,28.85,0.283,0.362,Yes
3044,Black Diamond Group Limited,BDIMF,34.16,0.329,1.807,Yes
3045,"LSB Industries, Inc.",LXU,53.16,0.48,1.663,No
3046,"Shiseido Company, Limited",SSDOY,56.39,0.504,0.428,No
3047,iShares VII Public Limited Company -  iShares NASDAQ 100 UCITS ETF,ISVAF,23.13,0.232,1.542,Yes
3048,Pinnacle Food Group Limited,PFAI,87.55,0.715,1.51,Yes
3049,"Betterware de México, S.A.P.I. de C.V.",BWMX,32.93,0.319,0.119,Yes
3050,"B3 S.A. - Brasil, Bolsa, Balcão",BOLSY,42.25,0.396,0.424,No
3051,OP Bancorp,OPBK,13.95,0.146,0.253,Yes
3052,Philip Morris International Inc.,PM,25.14,0.251,0.289,Yes
3053,Norfolk Southern Corporation,NSC,19.89,0.203,0.608,Yes
3054,RBC Bearings Incorporated,RBC,36.71,0.352,0.385,Yes
3055,"Alps Alpine Co., Ltd.",APELY,17.63,0.181,0.275,Yes
3056,Mayr-Melnhof Karton AG,MNHFF,42.51,0.399,1.646,No
3057,Virtus Equity & Convertible Income Fund,NIE,14.67,0.153,1.009,Yes
3058,Telia Company AB (publ),TLSNF,21.99,0.223,0.082,No
3059,UGI Corporation,UGI,24.18,0.243,0.056,No
3060,Calamos Global Dynamic Income Fund,CHW,25.83,0.258,1.653,Yes
3061,TeraGo Inc.,TRAGF,104.92,0.822,2.093,Yes
3062,Sotera Health Company,SHC,25.95,0.259,0.95,Yes
3063,Regions Financial Corporation,RF,20.73,0.211,0.396,Yes
3064,"Akamai Technologies, Inc.",AKAM,71.93,0.618,0.036,No
3065,"Datadog, Inc.",DDOG,133.26,0.979,2.797,Yes
3066,"Qualys, Inc.",QLYS,71.33,0.614,0.875,Yes
3067,Newbridge Acquisition Limited,NBRGU,3.7,0.041,0.026,No
3068,ASA Gold and Precious Metals Limited,ASA,66.56,0.581,1.17,Yes
3069,"Kura Oncology, Inc.",KURA,75.59,0.643,1.509,Yes
3070,"Northrim BanCorp, Inc.",NRIM,26.05,0.261,0.169,Yes
3071,"Interface, Inc.",TILE,46.83,0.436,1.315,Yes
3072,"M-tron Industries, Inc.",MPTI,56.73,0.511,0.665,Yes
3073,Murphy USA Inc.,MUSA,50.09,0.461,0.702,No
3074,Resouro Strategic Metals Inc.,RSGOF,65.26,0.573,1.688,Yes
3075,Orient Overseas (International) Limited,OROVF,13.8,0.145,0.333,No
3076,"Alico, Inc.",ALCO,18.39,0.19,0.08,Yes
3077,Micro-Mechanics (Holdings) Ltd.,MCRNF,111.19,0.863,2.046,Yes
3078,Southern Silver Exploration Corp.,SSVFF,113.5,0.876,0.469,Yes
3079,Agricultural Bank of China Limited,ACGBY,29.1,0.289,0.275,Yes
3080,Haleon plc,HLN,17.11,0.178,0.243,No
3081,Mercialys SA,MEIYF,25.48,0.257,0.306,Yes
3082,Verizon Communications Inc.,VZ,28.13,0.28,0.309,No
3083,CHS Inc.,CHSCM,4.58,0.05,0.251,Yes
3084,Gold Terra Resource Corp.,YGTFF,82.48,0.691,0.91,Yes
3085,Solaris Resources Inc.,SLSR,56.77,0.514,2.056,Yes
3086,"Pontiac Bancorp, Inc.",PONT,40.55,0.387,0.845,No
3087,"Electric Power Development Co., Ltd.",EDRWY,39.89,0.382,1.432,No
3088,"DT Midstream, Inc.",DTM,22.84,0.233,0.231,Yes
3089,MISUMI Group Inc.,MSSMY,75.49,0.647,2.59,Yes
3090,Corcept Therapeutics Incorporated,CORT,127.32,0.955,1.386,Yes
3091,Technology One Limited,THNOF,102.2,0.816,1.052,Yes
3092,"SentinelOne, Inc.",S,34.56,0.339,1.265,Yes
3093,Demant A/S,WILLF,36.7,0.357,0.934,Yes
3094,JGC Holdings Corporation,JGCCY,66.47,0.588,1.629,Yes
3095,Veeco Instruments Inc.,VECO,90.65,0.748,2.415,Yes
3096,Mapletree Pan Asia Commercial Trust,MPCMF,36.83,0.359,0.038,Yes
3097,21Shares Active Crypto ETF,TKNS,89.59,0.742,10.899,Yes
3098,ERDA RESOURCE OPPORTUNITIES INC,ERDAF,73.8,0.639,1.402,Yes
3099,Calamos Strategic Total Return Fund,CSQ,19.98,0.207,1.458,Yes
3100,Sezzle Inc.,SEZL,106.86,0.847,2.124,Yes
3101,Virtus Emerging Markets Dividend ETF,VEM,22.75,0.234,1.205,Yes
3102,Golden Cariboo Resources Ltd.,GCCFF,104.38,0.833,1.083,Yes
3103,"Canadian General Investments, Limited",CGRIF,20.54,0.213,1.065,Yes
3104,Lake Victoria Gold Ltd.,LVGLF,117.76,0.909,1.085,No
3105,Panoro Energy ASA,PESAF,74.05,0.642,0.284,No
3106,Otter Tail Corporation,OTTR,15.95,0.168,0.122,No
3107,Nufarm Limited,NUFMF,93.33,0.767,2.081,Yes
3108,Emmi AG,EMLZF,9.99,0.108,0.284,Yes
3109,Lottomatica Group S.p.A.,LTMGF,19.74,0.205,0.765,No
3110,"Lincoln International, Inc.",LCLN,66.92,0.593,6.33,Yes
3111,"Japan Exchange Group, Inc.",OSCUF,28.87,0.29,0.367,Yes
3112,"Simon Property Group, Inc.",SPG,21.46,0.222,0.428,Yes
3113,"Orbia Advance Corporation, S.A.B. de C.V.",MXCHY,38.09,0.371,0.172,Yes
3114,Seacoast Banking Corporation of Florida,SBCF,16.53,0.175,0.064,Yes
3115,Yara International ASA,YRAIF,37.88,0.369,0.652,No
3116,Scottie Resources Corp.,SCTSF,109.29,0.865,0.261,Yes
3117,Kyushu Railway Company,KYHHY,10.45,0.113,0.349,No
3118,LyondellBasell Industries N.V.,LYB,68.74,0.607,2.442,No
3119,Mitsubishi Chemical Group Corporation,MTLHY,31.65,0.316,0.672,Yes
3120,Neptune Insurance Holdings Inc.,NP,50.5,0.473,0.183,No
3121,China BlueChemical Ltd.,CBLUY,101.53,0.82,2.022,Yes
3122,Jackson Financial Inc.,JXN-PA,5.3,0.059,0.314,Yes
3123,"Rockwell Automation, Inc.",ROK,30.89,0.31,1.369,Yes
3124,"Granite Falls Energy, LLC",GFGY,91.3,0.758,3.023,No
3125,Invesco Municipal Income Opportunities Trust,OIA,6.89,0.076,0.138,Yes
3126,Centaurus Metals Limited,CTTZF,66.1,0.59,0.783,Yes
3127,Materialise NV,MTLS,42.34,0.408,1.713,Yes
3128,Epiroc AB (publ),EPIAF,40.0,0.389,1.791,Yes
3129,Griffon Corporation,GFF,41.77,0.404,1.966,Yes
3130,"AtriCure, Inc.",ATRC,57.49,0.528,0.203,Yes
3131,Mitsubishi Corporation,MSBHF,43.32,0.417,0.994,No
3132,"Mitsui & Co., Ltd.",MITSY,35.27,0.349,0.805,No
3133,Microbix Biosystems Inc.,MBXBF,19.07,0.201,0.124,Yes
3134,Antero Midstream Corporation,AM,26.69,0.273,0.785,No
3135,"Voya Infrastructure, Industrials and Materials Fund",IDE,22.62,0.235,1.171,Yes
3136,"Blue Ridge Bankshares, Inc.",BRBS,16.71,0.178,0.419,No
3137,Minerals Technologies Inc.,MTX,18.46,0.195,0.005,No
3138,"AppSwarm, Inc.",SWRM,124.54,0.958,0.668,Yes
3139,ON Semiconductor Corporation,ON,93.8,0.779,4.556,Yes
3140,MYR Group Inc.,MYRG,74.05,0.65,2.692,Yes
3141,CK Asset Holdings Limited,CNGKY,30.41,0.308,0.782,Yes
3142,"Enagás, S.A.",ENGGF,25.8,0.266,0.114,Yes
3143,"Inhibikase Therapeutics, Inc.",IKT,80.04,0.691,0.107,Yes
3144,"Genomma Lab Internacional, S.A.B. de C.V.",GNMLF,51.78,0.487,0.15,Yes
3145,Los Andes Copper Ltd.,LSANF,138.0,1.032,2.753,Yes
3146,"Shiseido Company, Limited",SSDOF,49.83,0.472,0.352,Yes
3147,Nuveen Quality Municipal Income Fund,NAD,8.31,0.092,0.429,Yes
3148,"CEMEX, S.A.B. de C.V.",CX,26.0,0.268,0.964,Yes
3149,"CareTrust REIT, Inc.",CTRE,19.48,0.206,0.631,Yes
3150,"Western New England Bancorp, Inc.",WNEB,21.19,0.223,0.283,Yes
3151,Automotive Properties Real Estate Investment Trust,APPTF,14.43,0.156,0.117,Yes
3152,Leviathan Metals Corp.,LVXFF,77.31,0.675,2.541,Yes
3153,"One Liberty Properties, Inc.",OLP,18.51,0.197,0.404,Yes
3154,Parrot S.A.,PAOTF,29.32,0.299,0.054,Yes
3155,Singapore Technologies Engineering Ltd,SGGKY,27.55,0.283,0.58,No
3156,Capstone Copper Corp.,CSCCF,62.35,0.57,2.893,Yes
3157,"Ziff Davis, Inc.",ZD,82.26,0.71,1.685,No
3158,Viva Gold Corp.,VAUCF,90.51,0.764,0.65,Yes
3159,"Strawberry Fields REIT, Inc.",STRW,16.85,0.181,0.338,Yes
3160,The Charles Schwab Corporation,SCHW,20.59,0.218,0.324,No
3161,Cartier Resources Inc.,ECRFF,50.5,0.48,0.65,No
3162,"Consumer Portfolio Services, Inc.",CPSS,29.36,0.3,1.514,Yes
3163,Protector Forsikring ASA,PSKRY,13.69,0.149,0.265,No
3164,"MillerKnoll, Inc.",MLKN,52.81,0.499,1.113,Yes
3165,"Freedom Financial Holdings, Inc.",FDVA,5.7,0.064,0.234,Yes
3166,"Oil States International, Inc.",OIS,83.33,0.719,0.987,No
3167,"Industria de Diseño Textil, S.A.",IDEXF,30.54,0.312,0.86,Yes
3168,"V2X, Inc.",VVX,49.27,0.471,0.416,Yes
3169,"T&D Holdings, Inc.",TDHOY,28.82,0.296,0.194,No
3170,"F5, Inc.",FFIV,37.11,0.37,0.652,Yes
3171,Bangkok Dusit Medical Services Public Company Limited,BDUUF,9.83,0.109,0.454,No
3172,WaterBridge Infrastructure LLC,WBI,37.34,0.372,0.102,Yes
3173,BlackRock ESG Capital Allocation Term Trust,ECAT,16.93,0.182,1.232,Yes
3174,Sartorius Aktiengesellschaft,SOAGY,32.27,0.328,1.272,Yes
3175,Tri-Continental Corporation,TY,10.4,0.115,0.756,Yes
3176,"Utah Medical Products, Inc.",UTMD,18.04,0.194,0.397,Yes
3177,"Heritage Insurance Holdings, Inc.",HRTG,54.67,0.515,0.346,No
3178,H World Group Limited,HTHT,32.75,0.333,0.014,Yes
3179,"Custom Truck One Source, Inc.",CTOS,74.6,0.662,2.645,Yes
3180,Fitzroy Minerals Inc.,FTZFF,73.97,0.658,1.662,Yes
3181,Enel Chile S.A.,ENIC,19.24,0.206,1.013,Yes
3182,Bouygues SA,BOUYY,23.16,0.244,0.264,Yes
3183,Apex Treasury Corporation,APXTU,1.69,0.02,0.021,Yes
3184,Edgewell Personal Care Company,EPC,77.33,0.682,0.956,No
3185,Orca Energy Group Inc.,ORXGF,70.64,0.635,0.69,No
3186,Mining Americas Inc.,MAIFF,84.56,0.731,1.237,Yes
3187,State Street Consumer Staples Select Sector SPDR Premium Income ETF,XLSI,9.91,0.11,0.239,Yes
3188,Aedifica NV/SA,AEDFF,20.47,0.219,0.465,Yes
3189,"Reservoir Media, Inc.",RSVR,23.75,0.25,0.468,No
3190,Oriental Watch Holdings Limited,ORWHF,123.12,0.968,0.187,Yes
3191,K-Bro Linen Inc.,KBRLF,21.83,0.232,1.139,Yes
3192,ICTS International N.V.,ICTSF,37.95,0.38,0.605,Yes
3193,Sasol Limited,SASOF,127.05,0.99,3.83,No
3194,SofWave Medical Ltd.,SOFWF,86.77,0.749,0.198,Yes
3195,Vitalist Inc.,VTLSF,31.51,0.323,2.131,No
3196,Commonwealth Bank of Australia,CBAUF,25.55,0.268,0.709,No
3197,"Orbia Advance Corporation, S.A.B. de C.V.",MXCHF,41.52,0.412,1.115,Yes
3198,EFG International AG,EFGXY,123.9,0.975,0.518,No
3199,"Grupo Financiero Inbursa, S.A.B. de C.V.",GPFOF,110.94,0.9,1.865,Yes
3200,"Cytek Biosciences, Inc.",CTKB,58.92,0.552,0.188,Yes
3201,Venture Corporation Limited,VEMLY,36.66,0.37,1.445,Yes
3202,Banca Generali S.p.A.,BGNMF,21.8,0.233,0.327,Yes
3203,Sagimet Biosciences Inc.,SGMT,100.62,0.839,3.982,Yes
3204,Raspberry Pi Holdings plc,RPBPF,86.68,0.75,2.097,Yes
3205,NovoCure Limited,NVCR,58.99,0.554,3.593,Yes
3206,Kikkoman Corporation,KIKOY,49.79,0.482,0.215,No
3207,Elanco Animal Health Incorporated,ELAN,24.29,0.257,0.115,No
3208,"Banc of California, Inc.",BANC,18.01,0.195,0.55,Yes
3209,"Itonis, Inc.",ITNS,50.84,0.49,0.509,No
3210,National Healthcare Logistics Inc.,NHLG,50.84,0.49,0.443,Yes
3211,Idorsia Ltd,IDRSF,76.51,0.682,0.849,Yes
3212,Brookdale Senior Living Inc.,BKD,66.94,0.614,0.078,No
3213,Mercury General Corporation,MCY,28.33,0.296,0.26,Yes
3214,Vallourec S.A.,VLOWY,35.11,0.358,0.507,Yes
3215,Luxfer Holdings PLC,LXFR,40.68,0.407,1.99,Yes
3216,"OneMain Holdings, Inc.",OMF,24.49,0.26,0.517,Yes
3217,Bausch + Lomb Corporation,BLCO,20.17,0.218,0.164,Yes
3218,Pebblebrook Hotel Trust,PEB-PG,8.95,0.101,0.14,Yes
3219,John Hancock Tax-Advantaged Dividend Income Fund,HTD,10.5,0.118,0.382,Yes
3220,AURYN Mining Corporation,AUMC,124.01,0.983,1.378,No
3221,Robinsons Land Corporation,RBLAY,32.13,0.332,0.179,Yes
3222,SIR Royalty Income Fund,SIRZF,13.79,0.153,0.173,Yes
3223,MHP SE,MHPSY,38.87,0.392,1.449,Yes
3224,Virbac SA,VRBCF,13.31,0.148,0.259,No
3225,Apyx Medical Corporation,APYX,86.36,0.754,0.55,No
3226,Chi Special Acquisition Corp.,GDST,16.64,0.183,0.463,No
3227,BQE Water Inc.,BTQNF,36.0,0.368,0.08,Yes
3228,"The Vita Coco Company, Inc.",COCO,63.95,0.596,2.966,Yes
3229,Fluor Corporation,FLR,44.53,0.442,0.888,Yes
3230,"Castle Biosciences, Inc.",CSTL,88.59,0.77,0.134,Yes
3231,Federated Hermes Premier Municipal Income Fund,FMN,5.91,0.068,0.293,Yes
3232,Valeo SE,VLEEF,37.24,0.38,1.186,Yes
3233,Cyanotech Corporation,CYAN,83.56,0.738,2.051,Yes
3234,"Regency Affiliates, Inc.",RAFI,30.69,0.321,0.342,Yes
3235,Castellum AB (publ),CWQXF,20.91,0.227,0.018,Yes
3236,Solventum Corporation,SOLV,34.1,0.352,0.754,Yes
3237,SATS Ltd.,SPASF,46.66,0.461,0.778,No
3238,Samara Asset Group plc,CAGPF,27.8,0.294,0.047,Yes
3239,Fresnillo plc,FNLPF,65.97,0.614,0.895,Yes
3240,Western Asset Emerging Markets Debt Fund Inc.,EMD,16.62,0.184,1.075,Yes
3241,YASKAWA Electric Corporation,YASKY,86.51,0.76,4.082,Yes
3242,"Alliance Resource Partners, L.P.",ARLP,19.2,0.21,0.678,No
3243,Chimera Investment Corporation,CIM-PB,13.76,0.154,0.941,Yes
3244,Howmet Aerospace Inc.,HWM,34.86,0.36,0.415,Yes
3245,"Grupo Financiero Banorte, S.A.B. de C.V.",GBOOY,24.72,0.265,0.132,No
3246,ams-OSRAM AG,AMSSY,130.4,1.028,5.858,Yes
3247,"RiverNorth Flexible Municipal Income Fund II, Inc.",RFMZ,8.25,0.095,0.375,Yes
3248,"Orchid Island Capital, Inc.",ORC,13.91,0.156,0.249,Yes
3249,"UAPC, Inc.",UAPC,77.39,0.699,0.456,Yes
3250,Lion Copper Corp.,LCGMD,88.39,0.775,2.505,No
3251,Sagicor Financial Company Ltd.,SGCFF,25.18,0.27,0.307,No
3252,Occidental Petroleum Corporation,OXY,43.74,0.439,1.715,No
3253,Getlink SE,GRPTF,17.31,0.192,0.369,No
3254,"Arista Networks, Inc.",ANET,53.33,0.519,2.667,Yes
3255,Captiva Verde Wellness Corp.,CPIVF,138.89,1.078,0.046,Yes
3256,Gladstone Investment Corporation 7.125% Notes due 2031,GAING,4.4,0.051,0.072,Yes
3257,IRADIMED CORPORATION,IRMD,31.48,0.331,0.589,No
3258,Bold Eagle Acquisition Corp.,BEAG,3.68,0.043,0.069,Yes
3259,Interpump Group S.p.A.,IPGLF,10.98,0.125,0.16,No
3260,La Française de l'Energie S.A.,FDENF,128.14,1.021,3.727,No
3261,"Norris Industries, Inc.",NRIS,78.18,0.709,2.352,Yes
3262,"RXO, Inc.",RXO,75.43,0.69,3.503,Yes
3263,Pacific Gas and Electric Company,PCG-PE,15.71,0.176,0.234,Yes
3264,"Air Products and Chemicals, Inc.",APD,20.99,0.23,0.304,No
3265,Merck KGaA,MKGAF,34.17,0.357,1.489,Yes
3266,Schaeffler AG,SFFLY,86.68,0.768,3.361,Yes
3267,Jiangxi Copper Company Limited,JIAXF,70.71,0.656,0.733,Yes
3268,"Caring Brands, Inc.",CABR,64.4,0.609,1.963,No
3269,"Dominion Energy, Inc.",D,13.72,0.155,0.26,Yes
3270,Continental Aktiengesellschaft,CTTAF,28.94,0.308,1.437,Yes
3271,Invesco Bloomberg Enhanced Fallen Angels ETF,IFLN,3.82,0.045,0.269,Yes
3272,Synaptics Incorporated,SYNA,73.91,0.68,3.838,Yes
3273,F.I.L.A. - Fabbrica Italiana Lapis ed Affini S.p.A.,FILAF,28.97,0.309,0.965,Yes
3274,Teijin Limited,TINLY,22.81,0.249,0.415,Yes
3275,Brookfield Infrastructure Partners L.P.,BIP,24.84,0.27,0.29,Yes
3276,"Morgan Stanley China A Share Fund, Inc.",CAF,19.9,0.22,0.76,Yes
3277,Simplify US Equity PLUS Managed Futures Strategy ETF,CTAP,31.49,0.334,1.298,Yes
3278,Haw Par Corporation Limited,HAWPY,9.09,0.105,0.09,No
3279,Marubeni Corporation,MARUF,39.2,0.404,0.297,No
3280,Carlsberg A/S,CABGY,29.14,0.311,0.653,Yes
3281,Energy Transfer LP,ET-PI,8.66,0.1,0.298,Yes
3282,PTT Public Company Limited,PUTRY,30.97,0.329,0.55,Yes
3283,The Swatch Group AG,SWGAY,35.8,0.374,1.564,Yes
3284,InTest Corporation,INTT,77.04,0.705,1.041,Yes
3285,"United Community Banks, Inc.",UCB,16.96,0.19,0.22,Yes
3286,BPER Banca SpA,BPERF,32.36,0.342,0.822,Yes
3287,"FiEE, Inc.",FIEE,103.53,0.883,1.239,No
3288,Jowell Global Ltd.,JWEL,67.12,0.633,0.198,Yes
3289,Resolute Mining Limited,RMGGY,102.78,0.879,0.262,No
3290,Amplify SILJ Junior Silver Miners Covered Call ETF,SLJY,50.06,0.499,0.794,Yes
3291,"Red Violet, Inc.",RDVT,70.88,0.662,2.355,Yes
3292,Reconnaissance Energy Africa Ltd.,RECAF,138.03,1.086,1.061,No
3293,Mitsubishi Corporation,MTSUY,38.93,0.403,0.666,No
3294,Sprott Physical Gold and Silver Trust,CEF,34.5,0.363,0.609,Yes
3295,Siemens Aktiengesellschaft,SIEGY,30.88,0.329,2.11,Yes
3296,Arianne Phosphate Inc.,DRRSF,109.21,0.921,4.557,Yes
3297,Indutrade AB (publ),IDDWF,13.59,0.155,0.842,Yes
3298,Cognex Corporation,CGNX,57.02,0.557,1.008,Yes
3299,NCR Atleos Corporation,NATL,21.22,0.235,0.201,No
3300,Inventiva S.A.,IVEVF,139.08,1.095,0.097,No
3301,Rivernorth Managed Duration Municipal Income Fund Inc.,RMM,9.62,0.112,0.545,Yes
3302,Coca-Cola Europacific Partners PLC,CCEP,31.37,0.335,0.325,Yes
3303,BlackRock Enhanced International Dividend Trust,BGY,14.48,0.165,0.856,Yes
3304,ESCO Technologies Inc.,ESE,44.83,0.456,0.075,Yes
3305,The New York Times Company,NYT,24.28,0.266,0.969,No
3306,Rithm Capital Corp.,RITM-PC,12.83,0.147,0.912,Yes
3307,Granite Real Estate Investment Trust,GRTUF,26.77,0.291,1.369,Yes
3308,Kingsgate Consolidated Limited,KSKGF,110.21,0.931,3.627,Yes
3309,"Monolithic Power Systems, Inc.",MPWR,63.52,0.61,3.023,Yes
3310,Cementos Argos S.A.,CMTOY,87.6,0.785,0.15,No
3311,"Insight Enterprises, Inc.",NSIT,67.8,0.643,2.427,Yes
3312,Pan American Silver Corp.,PAAS,63.08,0.607,0.578,Yes
3313,"Lee Enterprises, Incorporated",LEE,102.14,0.883,0.177,No
3314,"UiPath, Inc.",PATH,75.34,0.701,0.351,Yes
3315,AB Sagax (publ),SAGXF,26.39,0.288,0.85,Yes
3316,"Compass Minerals International, Inc.",CMP,44.68,0.457,1.403,Yes
3317,Vegashares US Equity Autocallable Income ETF,VAIE,4.52,0.054,0.813,Yes
3318,Bio-Techne Corporation,TECH,45.97,0.469,0.312,Yes
3319,Aclara Resources Inc.,ARAAF,123.24,1.013,3.647,Yes
3320,FutureCorp Space Acquisition 1,FTRA-UN,1.8,0.022,,
3321,HKT Trust and HKT Limited,HKTTY,24.6,0.271,0.253,Yes
3322,"First Citizens BancShares, Inc. Depositary Shares, each representing a 1/40th interest in a share of 6.625% Non-Cumulative Perpetual Preferred Stock, Series E",FCNCN,7.35,0.087,0.123,Yes
3323,Bowhead Specialty Holdings Inc.,BOW,34.12,0.363,0.713,Yes
3324,Kambi Group plc,KMBIF,38.12,0.4,1.392,Yes
3325,Mitsubishi Electric Corporation,MIELF,39.12,0.409,1.702,Yes
3326,Bachem Holding AG,BCHMF,37.08,0.391,0.204,Yes
3327,CIMC Enric Holdings Limited,CIMEF,103.09,0.892,2.164,No
3328,MGM Resorts International,MGM,25.57,0.281,0.145,Yes
3329,"Consolidated Edison, Inc.",ED,11.89,0.138,0.41,No
3330,Monopar Therapeutics Inc.,MNPR,65.35,0.628,0.084,No
3331,"Everus Construction Group, Inc.",ECG,57.78,0.569,1.114,Yes
3332,"Sabra Health Care REIT, Inc.",SBRA,20.53,0.23,0.321,Yes
3333,Invesco Value Municipal Income Trust,IIM,10.2,0.119,0.307,Yes
3334,SPARQ Systems Inc.,SPRQF,80.6,0.742,4.448,Yes
3335,Macquarie Group Limited,MCQEF,32.85,0.353,1.68,Yes
3336,Sun Hung Kai Properties Limited,SUHJF,48.92,0.497,0.782,Yes
3337,"OPENLANE, Inc.",OPLN,32.93,0.353,0.598,Yes
3338,Delivery Hero SE,DLVHF,115.3,0.972,4.277,Yes
3339,Churchill Capital Corp XI,CCXIU,121.89,1.012,1.045,No
3340,Fisher & Paykel Healthcare Corporation Limited,FSPKF,37.96,0.401,0.02,Yes
3341,Klondike Gold Corp.,KDKGF,134.51,1.085,0.462,Yes
3342,"Logista Integral, S.A.",CDNIF,14.91,0.172,0.243,Yes
3343,ams-OSRAM AG,AUKUF,128.35,1.051,3.842,Yes
3344,Slate Grocery REIT,SRRTF,17.08,0.195,0.865,Yes
3345,"XPLR Infrastructure, LP",XIFR,23.1,0.258,0.263,Yes
3346,Getinge AB (publ),GNGBY,29.15,0.318,0.59,Yes
3347,"Cheniere Energy, Inc.",LNG,37.14,0.394,1.705,No
3348,Dover Corporation,DOV,22.9,0.256,0.416,Yes
3349,Gladstone Commercial Corporation,GOOD,19.64,0.223,0.914,Yes
3350,Source Capital,SOR,11.53,0.135,0.163,Yes
3351,Argo Gold Inc.,ARBTF,93.02,0.833,0.291,Yes
3352,Haitian International Holdings Limited,HAIIF,43.83,0.455,1.462,No
3353,"Village Super Market, Inc.",VLGEA,25.16,0.279,0.231,No
3354,Garden City Co.,GCCO,10.67,0.126,0.167,Yes
3355,"Elevance Health, Inc.",ELV,31.83,0.345,2.173,Yes
3356,Frontier Developments plc,FRRDF,80.43,0.747,0.403,No
3357,"Ingles Markets, Incorporated",IMKTA,24.45,0.273,0.476,No
3358,Adecoagro S.A.,AGRO,89.6,0.811,3.078,No
3359,"Eagle Financial Services, Inc.",EFSI,15.79,0.182,0.522,Yes
3360,Metropolitan Bank Holding Corp.,MCB,31.32,0.34,0.263,Yes
3361,Avino Silver & Gold Mines Ltd.,ASM,90.26,0.816,2.088,Yes
3362,Awalé Resources Limited,AWLRF,73.29,0.695,1.045,No
3363,Teradata Corporation,TDC,58.24,0.579,1.143,Yes
3364,ProFrac Holding Corp.,ACDC,109.98,0.946,0.872,Yes
3365,Graniteshares Autocallable Coin ETF,ATC,60.93,0.6,8.726,Yes
3366,Nicholas Defense and Rare Earth,WEPN,27.21,0.301,1.097,Yes
3367,"Intrepid Potash, Inc.",IPI,39.6,0.419,1.076,No
3368,Heineken Holding N.V.,HKHHY,27.22,0.301,0.29,Yes
3369,,VRHID,134.29,1.094,1.616,No
3370,Founders Metals Inc.,FDMIF,80.58,0.751,1.989,Yes
3371,Adyton Resources Corporation,ADYRF,71.47,0.684,3.818,Yes
3372,Bold Ventures Inc.,BVLDF,84.29,0.779,4.221,Yes
3373,Aurania Resources Ltd.,AUIAF,77.06,0.727,1.516,Yes
3374,SMART Trend 25 ETF,STRN,26.04,0.29,1.839,Yes
3375,Delivery Hero SE,DELHY,110.99,0.958,4.693,Yes
3376,Deluxe Corporation,DLX,38.4,0.41,0.169,No
3377,"John B. Sanfilippo & Son, Inc.",JBSS,28.8,0.318,0.163,No
3378,"Apollo Commercial Real Estate Finance, Inc.",ARI,13.59,0.159,0.239,Yes
3379,Terna S.p.A.,TERRF,16.33,0.19,0.455,Yes
3380,AbbVie Inc.,ABBV,17.63,0.204,0.136,No
3381,Farmers National Banc Corp.,FMNB,15.11,0.176,0.088,Yes
3382,"Mueller Industries, Inc.",MLI,34.8,0.377,1.486,Yes
3383,"Diebold Nixdorf, Incorporated",DBD,25.3,0.284,0.146,Yes
3384,Gulf Coast Ultra Deep Royalty Trust,GULTU,99.03,0.884,2.681,Yes
3385,"GCC, S.A.B. de C.V.",GCWOF,26.63,0.298,1.173,Yes
3386,AB Volvo (publ),VOLVF,34.22,0.372,1.197,Yes
3387,BELIMO Holding AG,BLHWF,39.95,0.426,1.896,Yes
3388,"Laureate Education, Inc.",LAUR,25.46,0.286,1.322,No
3389,"Precision BioSciences, Inc.",DTIL,92.39,0.842,1.052,Yes
3390,Dollar General Corporation,DG,38.07,0.409,0.174,Yes
3391,Dakota Gold Corp.,DC,66.98,0.656,1.696,Yes
3392,Advanced Info Service Public Company Limited,AVIFY,49.56,0.512,0.914,No
3393,Copper Standard Resources Inc.,CSRIF,68.62,0.669,2.48,No
3394,First Internet Bancorp,INBK,33.19,0.363,0.3,Yes
3395,Guangdong Investment Limited,GGDVY,18.83,0.218,0.757,Yes
3396,Fanuc Corporation,FANUY,53.84,0.549,2.829,Yes
3397,GEE Group Inc.,JOB,33.33,0.366,0.013,No
3398,PHINIA Inc.,PHIN,28.21,0.315,0.378,Yes
3399,Telefonaktiebolaget LM Ericsson (publ),ERIC,34.17,0.374,1.159,Yes
3400,Emperor Watch & Jewellery Limited,EPRJF,43.65,0.462,1.176,Yes
3401,"Americold Realty Trust, Inc.",COLD,44.52,0.47,1.572,Yes
3402,Shimizu Corporation,SHMUF,58.49,0.59,0.202,Yes
3403,Nagarro SE,NGRRF,134.07,1.108,1.374,No
3404,"Royal Gold, Inc.",RGLD,51.7,0.533,0.015,Yes
3405,EQT AB (publ),EQBBF,36.46,0.396,1.7,Yes
3406,"Ring Energy, Inc.",REI,72.09,0.699,0.217,Yes
3407,Engie Brasil Energia S.A.,EGIEY,28.99,0.324,0.707,Yes
3408,SPIE SA,SPIWF,135.5,1.119,0.311,No
3409,NVIDIA Corporation,NVDA,24.6,0.28,1.398,Yes
3410,Royalty Management Holding Corp,RMCO,105.42,0.935,0.565,Yes
3411,Singapore Telecommunications Limited,SGAPY,17.79,0.208,0.618,No
3412,"Crescent Biopharma, Inc.",CBIO,87.8,0.816,0.833,No
3413,"GRAIL, Inc.",GRAL,103.93,0.927,2.41,Yes
3414,"Farmers and Merchants Bancshares, Inc.",FMFG,18.65,0.218,0.181,Yes
3415,"Lazard Global Total Return and Income Fund, Inc.",LGI,21.24,0.246,1.326,Yes
3416,Danske Bank A/S,DNSKF,25.64,0.292,0.878,Yes
3417,"NMI Holdings, Inc.",NMIH,20.01,0.233,0.246,No
3418,PT Perusahaan Perkebunan London Sumatra Indonesia Tbk,PPLFY,42.75,0.457,1.951,No
3419,Corbion N.V.,CSNVY,24.83,0.283,0.462,Yes
3420,Nuveen Select Maturities Municipal Fund,NIM,5.04,0.062,0.06,Yes
3421,Orange S.A.,FNCTF,19.52,0.228,0.052,Yes
3422,MMG Limited,MMLTF,62.44,0.628,2.584,Yes
3423,Metro Bank Holdings PLC,MTRBF,84.57,0.797,4.709,Yes
3424,ElringKlinger AG,ELLRY,41.32,0.445,1.469,Yes
3425,"EDP Renewables, S.A.",EDRVF,26.15,0.298,1.175,Yes
3426,Snam S.p.A.,SNMRY,18.89,0.221,0.051,No
3427,"Church & Dwight Co., Inc.",CHD,19.55,0.228,0.532,Yes
3428,"Stock Yards Bancorp, Inc.",SYBT,18.72,0.22,0.109,Yes
3429,Clifton Mining Company,CFTN,87.67,0.821,1.117,Yes
3430,"SI-BONE, Inc.",SIBN,47.06,0.499,0.561,Yes
3431,vTv Therapeutics Inc.,VTVT,67.64,0.672,2.002,No
3432,"Oriental Land Co., Ltd.",OLCLF,116.77,1.018,3.755,No
3433,"Capital Bancorp, Inc.",CBNK,19.3,0.226,0.067,Yes
3434,Better Collective A/S,BTRCF,31.59,0.354,1.892,Yes
3435,"Acciona, S.A.",ACXIF,45.25,0.484,0.485,Yes
3436,Asahi Kasei Corporation,AHKSF,31.81,0.356,0.175,No
3437,Hexagon Composites ASA,HXGCF,79.85,0.767,2.201,Yes
3438,Space Asset Acquisition Corp.,SAAQU,3.29,0.041,0.139,Yes
3439,"BioCryst Pharmaceuticals, Inc.",BCRX,42.34,0.457,1.22,No
3440,"Astrana Health, Inc.",ASTH,70.2,0.694,1.931,Yes
3441,"KVH Industries, Inc.",KVHI,59.12,0.605,2.017,No
3442,Veolia Environnement SA,VEOEY,20.67,0.242,0.745,Yes
3443,"Lifeloc Technologies, Inc.",LCTC,66.1,0.662,1.023,Yes
3444,Tate & Lyle plc,TATYY,39.79,0.434,1.002,Yes
3445,Sanwire Corporation,SNWR,64.64,0.651,0.448,Yes
3446,Environmental Tectonics Corporation,ETCC,99.38,0.908,5.341,Yes
3447,JPMorgan Chase & Co.,JPM-PC,3.2,0.04,0.222,Yes
3448,Flow Traders Ltd.,FLTLF,20.64,0.242,0.236,No
3449,Chesapeake Trend-Following Fixed Income ETF,TFFI,5.45,0.068,0.187,Yes
3450,Helium One Global Limited,HLOGF,120.14,1.044,0.401,Yes
3451,Kongsberg Gruppen ASA,NSKFF,40.81,0.445,0.671,No
3452,JSE Limited,JSEJF,35.22,0.392,1.029,Yes
3453,"Carter's, Inc.",CRI,23.21,0.27,0.157,No
3454,New Jersey Resources Corporation,NJR,17.55,0.209,0.337,No
3455,Jaguar Mining Inc.,JAGGF,73.75,0.727,0.928,Yes
3456,eBay Inc.,EBAY,19.71,0.233,0.668,Yes
3457,Oakmark Global Large Cap ETF,OAKG,12.31,0.15,0.558,Yes
3458,CITIC Limited,CTPCY,35.4,0.395,1.785,Yes
3459,New Providence Acquisition Corp. III,NPACU,3.38,0.043,0.056,Yes
3460,"Aytu BioPharma, Inc.",AYTU,30.36,0.345,0.764,No
3461,Klabin S.A.,KLBAY,20.29,0.24,0.312,No
3462,"Alpha Metallurgical Resources, Inc.",AMR,103.64,0.944,0.25,No
3463,Velos Acquisition I Corp.,VLOS,1.25,0.016,0.002,No
3464,Bumitama Agri Ltd.,BUMTF,61.24,0.628,0.134,Yes
3465,RioCan Real Estate Investment Trust,RIOCF,17.22,0.206,1.101,Yes
3466,"Agilent Technologies, Inc.",A,28.07,0.323,1.094,Yes
3467,Skanska AB (publ),SKBSY,18.62,0.222,0.683,Yes
3468,Calamos Global Total Return Fund,CGO,23.52,0.275,1.745,Yes
3469,Wintrust Financial Corporation,WTFCN,5.85,0.074,0.365,Yes
3470,"NeuroPace, Inc.",NPCE,83.51,0.804,1.916,Yes
3471,Greggs plc,GGGSF,29.97,0.342,0.971,Yes
3472,Comet Lithium Corporation,XTRRF,122.8,1.07,0.732,Yes
3473,Duratec Limited,DURCF,75.3,0.743,0.75,Yes
3474,"CEMEX, S.A.B. de C.V.",CXMSF,32.1,0.364,1.482,Yes
3475,Geopacific Resources Limited,GPACF,88.5,0.842,0.345,No
3476,"NNN REIT, Inc.",NNN,15.24,0.185,0.399,Yes
3477,First Gen Corporation,FSGCY,38.91,0.431,0.656,No
3478,Novartis AG,NVSEF,23.26,0.273,0.186,Yes
3479,Viridien Société anonyme,CGPVF,97.43,0.907,0.342,Yes
3480,M3-Brigade Acquisition Vi Corp.,MBVI,1.69,0.022,0.065,Yes
3481,Latin Metals Inc.,LMSQF,53.0,0.561,0.438,Yes
3482,Appian Corporation,APPN,87.21,0.835,0.138,Yes
3483,Tenet Healthcare Corporation,THC,51.93,0.552,0.246,No
3484,Northwest Natural Holding Company,NWN,17.25,0.208,0.411,No
3485,MegaWatt Lithium and Battery Metals Corp.,WALRF,127.08,1.102,0.152,No
3486,"Canadian Tire Corporation, Limited",CDNAF,21.79,0.258,0.254,No
3487,Dream Industrial Real Estate Investment Trust,DREUF,17.95,0.216,1.072,Yes
3488,Fletcher Building Limited,FRCEF,48.52,0.523,0.503,No
3489,"Superior Group of Companies, Inc.",SGC,23.08,0.273,0.836,Yes
3490,"Clear Secure, Inc.",YOU,58.97,0.616,0.354,No
3491,Tronox Holdings plc,TROX,77.03,0.763,1.864,No
3492,"EDP Renewables, S.A.",EDRVY,30.14,0.348,1.743,Yes
3493,"Vaxart, Inc.",VXRT,100.68,0.936,1.65,Yes
3494,Compagnie Générale des Établissements Michelin Société en commandite par actions,MGDDY,24.52,0.289,0.817,Yes
3495,Serica Energy plc,SQZZF,66.44,0.68,0.245,No
3496,NVRO Metals Limited,ESGLF,69.77,0.708,2.046,Yes
3497,"Assembly Biosciences, Inc.",ASMB,56.69,0.599,0.373,Yes
3498,"Red Robin Gourmet Burgers, Inc.",RRGB,119.54,1.064,2.704,Yes
3499,"American Assets Trust, Inc.",AAT,21.0,0.252,0.929,Yes
3500,"TPG Mortgage Investment Trust, Inc.",MITT-PA,12.6,0.156,0.885,Yes
3501,Strabag SE,STBBF,32.32,0.372,0.978,Yes
3502,Arkema S.A.,ARKAY,25.48,0.301,0.491,Yes
3503,Cingulate Inc.,CING,57.91,0.611,1.991,No
3504,"Match Group, Inc.",MTCH,23.37,0.278,1.181,Yes
3505,Bancroft Fund Ltd.,BCV,20.93,0.251,1.38,Yes
3506,Coles Group Limited,CLEGF,19.44,0.235,0.354,Yes
3507,DBV Technologies S.A.,DBVT,77.13,0.769,0.218,Yes
3508,Trulieve Cannabis Corp.,TRLV,137.33,1.178,4.738,Yes
3509,Deutsche Bank Aktiengesellschaft,DB,23.38,0.279,1.084,Yes
3510,Angkor Resources Corp.,ANKOF,67.74,0.695,1.894,Yes
3511,"Expensify, Inc.",EXFY,86.84,0.844,1.659,Yes
3512,Northern Dynasty Minerals Ltd.,NAK,114.02,1.034,5.02,Yes
3513,Canagold Resources Ltd.,CRCUF,48.56,0.53,1.141,Yes
3514,Velan Inc.,VLNSF,26.63,0.314,0.672,No
3515,"Comstock Holding Companies, Inc.",CHCI,86.56,0.843,3.198,No
3516,Renasant Corporation,RNST,16.27,0.2,0.552,Yes
3517,Internet Initiative Japan Inc.,IIJIY,30.89,0.359,0.695,Yes
3518,Pardee Resources Company,PDER,14.38,0.178,0.593,No
3519,Truist Financial Corporation,TFC,16.43,0.202,0.663,Yes
3520,Takeda Pharmaceutical Company Limited,TKPHF,25.54,0.303,0.848,No
3521,Kimco Realty Corporation,KIM,15.38,0.19,0.14,Yes
3522,"Ballston Spa Bancorp, Inc.",BSPA,18.16,0.222,0.522,Yes
3523,NYLI MacKay Muni Allocation ETF,MMMA,3.6,0.047,0.151,Yes
3524,"Williams-Sonoma, Inc.",WSM,24.93,0.297,0.6,Yes
3525,Nortech Systems Incorporated,NSYS,51.01,0.554,0.274,No
3526,"Evergy, Inc.",EVRG,12.5,0.156,0.021,No
3527,DaVita Inc.,DVA,60.94,0.643,0.403,No
3528,Jaws Mustang Acquisition Corporation,JWSMF,7.18,0.092,0.232,Yes
3529,CACI International Inc,CACI,38.03,0.433,0.591,Yes
3530,PIMCO Global StocksPLUS & Income Fund,PGP,15.37,0.191,1.013,Yes
3531,Intertek Group plc,IKTSF,39.86,0.451,2.907,Yes
3532,Permianville Royalty Trust,PVL,20.65,0.251,0.075,No
3533,Snowflake Inc.,SNOW,111.73,1.026,2.445,Yes
3534,Moberg Pharma AB (publ),MBGPF,22.06,0.267,0.103,Yes
3535,Crédit Agricole S.A.,CRARY,22.85,0.275,0.656,Yes
3536,Embraer S.A.,EMBJ,26.31,0.313,0.738,Yes
3537,Wabash National Corporation,WNC,83.65,0.829,0.617,No
3538,Vericel Corporation,VCEL,41.75,0.471,0.172,Yes
3539,Great-West Lifeco Inc,GWLPF,14.69,0.184,0.723,No
3540,Reece Limited,REECF,36.49,0.42,0.831,Yes
3541,Westlake Chemical Partners LP,WLKP,15.99,0.199,0.211,Yes
3542,Dynagas LNG Partners LP,DLNG,18.44,0.227,0.903,No
3543,"Cantor Equity Partners V, Inc.",CEPV,1.79,0.024,0.108,Yes
3544,Bank of Queensland Limited,BKQNF,10.69,0.136,0.262,Yes
3545,Medibank Private Limited,MDBPF,39.92,0.455,1.185,Yes
3546,Allied Gold Corporation,AAUC,71.88,0.74,0.293,No
3547,"EDP, S.A.",ELCPF,25.57,0.307,0.354,Yes
3548,Triad Business Bank,TBBC,24.96,0.301,0.532,Yes
3549,"Eledon Pharmaceuticals, Inc.",ELDN,131.56,1.164,1.108,Yes
3550,Atrium Mortgage Investment Corporation,AMIVF,10.02,0.128,0.396,Yes
3551,Tennessee Valley Authority PARRS A 2029,TVE,2.97,0.039,0.057,No
3552,"FS Bancorp, Inc.",FSBW,10.74,0.137,0.327,Yes
3553,"Sunstone Hotel Investors, Inc.",SHO-PI,10.49,0.134,0.555,Yes
3554,Tanger Inc.,SKT,19.95,0.246,0.395,Yes
3555,49 North Resources Inc.,FNINF,121.93,1.106,2.42,No
3556,"RENN Fund, Inc.",RCG,21.67,0.265,1.776,No
3557,Goldmoney Inc.,XAUMF,42.21,0.48,0.391,No
3558,The Monarch Cement Company,MCEM,22.41,0.274,0.262,Yes
3559,Singapore Airlines Limited,SINGF,14.95,0.188,0.076,Yes
3560,"Fuji Electric Co., Ltd.",FELTY,44.91,0.506,2.332,Yes
3561,A2A S.p.A.,AEMMY,25.93,0.312,0.049,No
3562,Wedgemount Resources Corp.,WDGRF,117.02,1.075,2.996,No
3563,Golden Agri-Resources Ltd,GARPY,16.86,0.211,0.219,No
3564,"SECOM CO., LTD.",SOMLF,18.19,0.226,0.451,Yes
3565,Western Copper and Gold Corporation,WRN,53.15,0.583,2.212,Yes
3566,NG Energy International Corp.,GASXF,52.34,0.576,1.487,Yes
3567,Intertek Group plc,IKTSY,41.54,0.474,3.122,Yes
3568,First American Financial Corporation,FAF,24.57,0.298,1.028,Yes
3569,Exosens,EXSNY,32.18,0.38,5.685,Yes
3570,Star Holdings,STHO,27.61,0.331,1.103,Yes
3571,Harbour Energy plc,HBRIY,36.22,0.422,0.469,No
3572,Isuzu Motors Limited,ISUZF,24.25,0.295,0.031,Yes
3573,Antilles Gold Limited,ANTMF,123.34,1.121,2.687,No
3574,Cohen Circle Acquisition Corp. II,CCII,1.92,0.026,0.064,Yes
3575,"United Rail, Inc.",URAL,85.9,0.859,0.003,No
3576,King Copper Discovery Corp.,TBXXF,70.25,0.735,1.701,Yes
3577,"Ibotta, Inc.",IBTA,82.65,0.835,0.896,Yes
3578,Accor SA,ACRFF,30.21,0.361,0.867,Yes
3579,Usha Resources Ltd.,USHAF,95.68,0.933,1.921,Yes
3580,Denarius Metals Corp.,DNRSF,123.73,1.126,0.96,No
3581,Terex Corporation,TEX,40.03,0.463,0.025,No
3582,Pan African Resources PLC,PAFRF,75.22,0.778,1.818,Yes
3583,"Clover Health Investments, Corp.",CLOV,98.84,0.958,5.145,Yes
3584,"Bank of Communications Co., Ltd.",BCMXY,31.47,0.375,1.026,Yes
3585,"Nkarta, Inc.",NKTX,67.58,0.715,3.617,Yes
3586,"McDonald's Holdings Company (Japan), Ltd.",MDNDF,19.09,0.239,0.569,Yes
3587,"American Outdoor Brands, Inc.",AOUT,33.35,0.395,0.518,No
3588,"YETI Holdings, Inc.",YETI,36.85,0.432,1.322,Yes
3589,PTT Exploration and Production Public Company Limited,PEXNY,55.22,0.608,0.907,No
3590,Fairchild Gold Corp.,FCHDF,89.43,0.892,9.071,Yes
3591,Accor SA,ACCYY,25.96,0.317,1.047,Yes
3592,Sierra Madre Gold and Silver Ltd.,SMDRF,97.25,0.951,1.791,Yes
3593,Velocity Minerals Ltd.,VLCJF,32.21,0.385,0.307,Yes
3594,Alchemy Investments Acquisition Corp 1,ALCUF,14.78,0.189,0.04,Yes
3595,Norsk Titanium AS,NORSF,138.15,1.227,3.259,Yes
3596,Amcor plc,AMCR,24.05,0.297,0.156,Yes
3597,Afentra plc,STGAF,78.88,0.813,2.998,No
3598,NIBE Industrier AB (publ),NDRBF,25.37,0.312,0.38,Yes
3599,Blackstone Minerals Limited,BLSTF,121.41,1.122,3.267,Yes
3600,VSE Corporation,VSEC,42.43,0.49,0.444,Yes
3601,"Omega Healthcare Investors, Inc.",OHI,19.44,0.244,0.439,Yes
3602,"Etsy, Inc.",ETSY,33.09,0.395,1.898,Yes
3603,National Grid plc,NGG,17.16,0.218,0.427,Yes
3604,"Freshpet, Inc.",FRPT,54.97,0.61,0.865,Yes
3605,"Qnity Electronics, Inc.",Q,52.51,0.587,1.632,Yes
3606,"Selective Insurance Group, Inc.",SIGI,19.48,0.245,0.832,Yes
3607,"Rush Street Interactive, Inc.",RSI,42.12,0.488,0.44,Yes
3608,Veolia Environnement SA,VEOEF,20.56,0.258,0.655,Yes
3609,Capitan Silver Corp.,CAPTF,50.83,0.572,0.507,Yes
3610,"Cabaletta Bio, Inc.",CABA,89.74,0.901,2.86,Yes
3611,DAVIDsTEA Inc.,DTEAF,39.51,0.463,1.579,Yes
3612,MCAN Mortgage Corporation,MAMTF,17.02,0.217,0.564,Yes
3613,SGS SA,SGSOY,20.22,0.254,1.238,Yes
3614,"Forge Group, Inc.",FIGP,27.02,0.331,0.225,Yes
3615,Sanford Limited,SARDY,39.01,0.458,1.054,No
3616,"Nippon Sheet Glass Company, Limited",NPSGY,53.47,0.599,2.744,No
3617,Invesco Advantage Municipal Income Trust II,VKI,11.47,0.15,0.372,Yes
3618,Aberdeen Municipal Income Fund,MFM,6.15,0.082,0.13,Yes
3619,The Swatch Group AG,SWGNF,26.44,0.326,1.351,Yes
3620,Orestone Mining Corp.,ORESF,122.52,1.139,1.248,Yes
3621,Siemens Aktiengesellschaft,SMAWF,33.82,0.406,2.568,Yes
3622,U-Haul Holding Company,UHAL,24.94,0.31,0.808,Yes
3623,Morgan Stanley,MS-PQ,2.91,0.04,0.148,Yes
3624,Vaisala Oyj,VAIAF,14.33,0.186,0.958,Yes
3625,Ellsworth Growth and Income Fund Ltd.,ECF,17.33,0.222,1.29,Yes
3626,"Talphera, Inc.",TLPH,72.7,0.771,1.539,Yes
3627,Scandinavian Tobacco Group A/S,SNDVF,77.88,0.814,5.385,Yes
3628,Cohen & Steers Real Estate Opportunities & Income Fund,RLTY,11.8,0.155,0.732,Yes
3629,"Tenable Holdings, Inc.",TENB,58.71,0.65,2.818,Yes
3630,Asseco Poland S.A.,ASOZY,43.06,0.502,2.29,Yes
3631,Tortoise Energy Infrastructure Corporation,TYG,17.29,0.222,0.384,No
3632,Ebara Corporation,EBCOY,53.66,0.604,2.342,Yes
3633,"Aura Biosciences, Inc.",AURA,22.14,0.279,0.025,Yes
3634,Porvair plc,PVARF,21.5,0.272,1.033,Yes
3635,"AllianceBernstein National Municipal Income Fund, Inc.",AFB,6.47,0.087,0.397,Yes
3636,Nabtesco Corporation,NCTKY,72.24,0.77,3.658,Yes
3637,Costamare Inc.,CMRE-PB,3.85,0.052,0.005,No
3638,Canfor Corporation,CFPZF,27.67,0.342,0.201,No
3639,"Richmond Mutual Bancorporation, Inc.",RMBI,19.14,0.244,0.548,Yes
3640,Tethys Petroleum Limited,TETHF,43.93,0.513,0.101,No
3641,New Zealand Energy Corp.,NZERF,88.12,0.9,1.343,Yes
3642,Strategy Inc,STRC,15.05,0.196,0.197,Yes
3643,Harbor Alpha Layering ETF,HOLD,12.41,0.163,0.947,Yes
3644,"Consensus Cloud Solutions, Inc.",CCSI,62.07,0.684,1.715,Yes
3645,Permanent TSB Group Holdings plc,ILPMY,51.87,0.591,0.244,No
3646,"Power Integrations, Inc.",POWI,64.45,0.706,2.73,Yes
3647,Sun Hung Kai Properties Limited,SUHJY,36.57,0.439,0.392,Yes
3648,Ashmore Group Plc,AJMPF,62.56,0.689,0.595,Yes
3649,Columbus McKinnon Corporation,CMCO,42.56,0.501,1.346,Yes
3650,Yancoal Australia Ltd,YACAF,42.45,0.5,1.371,No
3651,"Core Molding Technologies, Inc.",CMT,32.85,0.4,0.073,No
3652,Commerzbank AG,CRZBF,30.59,0.376,1.392,Yes
3653,OneSpaWorld Holdings Limited,OSW,26.07,0.326,0.166,No
3654,Colgate-Palmolive Company,CL,20.22,0.259,0.543,Yes
3655,Kenorland Minerals Ltd.,KLDCF,38.97,0.465,0.457,No
3656,Orion Oyj,ORINF,4.56,0.062,0.278,Yes
3657,Wüstenrot & Württembergische AG,WWUEY,12.13,0.16,0.01,Yes
3658,Paul Mueller Company,MUEL,23.48,0.297,0.152,Yes
3659,"Customers Bancorp, Inc 5.375% S",CUBB,9.06,0.122,0.013,No
3660,"Tarsus Pharmaceuticals, Inc.",TARS,42.09,0.499,0.527,No
3661,The Precision Peptide Company Inc.,PNGAF,62.84,0.697,1.502,No
3662,"Archrock, Inc.",AROC,36.43,0.441,0.25,No
3663,"Greenlight Capital Re, Ltd.",GLRE,27.89,0.349,1.272,No
3664,Nuveen AMT-Free Quality Municipal Income Fund,NEA,6.23,0.085,0.357,Yes
3665,Fennec Pharmaceuticals Inc.,FENC,69.12,0.755,2.76,Yes
3666,VanEck BNB ETF,VBNB,49.52,0.575,7.615,Yes
3667,UOL Group Limited,UOLGY,29.62,0.369,1.01,Yes
3668,Epiroc AB (publ),EPOBY,25.85,0.326,0.065,No
3669,"Genworth Financial, Inc.",GNW,14.72,0.194,0.273,Yes
3670,AMMB Holdings Berhad,AMMHF,59.34,0.669,1.077,No
3671,Foraco International SA,FRACF,53.04,0.61,2.37,Yes
3672,Nine Dragons Paper (Holdings) Limited,NDGPF,38.27,0.463,0.159,Yes
3673,Banner Corporation,BANR,13.05,0.174,0.305,Yes
3674,"Cboe Global Markets, Inc.",CBOE,39.58,0.477,0.854,Yes
3675,"Compass, Inc.",COMP,72.41,0.786,0.697,Yes
3676,Pirelli & C. S.p.A.,PLLIF,23.05,0.295,0.242,Yes
3677,Delta Galil Industries Ltd.,DELTF,7.36,0.101,0.117,Yes
3678,"Arcutis Biotherapeutics, Inc.",ARQT,47.14,0.554,0.204,No
3679,BEST SPAC I Acquisition Corp.,BSAA,12.91,0.172,0.428,Yes
3680,"Hitachi, Ltd.",HTHIF,35.78,0.438,1.289,Yes
3681,Inflection Point Acquisition Corp. VI,IPFXU,10.02,0.136,0.253,No
3682,NYLIM ETF Trust - NYLIM CBRE Real Estate & Infrastructure ETF,REIX,10.52,0.142,0.343,Yes
3683,Nuveen Select Tax-Free Income Portfolio,NXP,2.8,0.039,0.029,No
3684,Clariant AG,CLZNF,11.15,0.15,0.139,No
3685,TDK Corporation,TTDKY,72.55,0.79,4.52,Yes
3686,Universal Health Realty Income Trust,UHT,13.33,0.178,0.041,No
3687,"LifeMD, Inc.",LFMDP,7.95,0.109,0.08,No
3688,Cellcom Israel Ltd.,CELJF,21.55,0.279,0.359,Yes
3689,"Industrias Peñoles, S.A.B. de C.V.",IPOAF,48.53,0.57,2.444,Yes
3690,KeyCorp,KEY-PL,7.08,0.097,0.547,Yes
3691,Eastern Platinum Limited,ELRFF,131.35,1.233,1.649,Yes
3692,Fifth Era Acquisition Corp I,FERAU,2.56,0.036,0.013,Yes
3693,Kimco Realty Corporation,KIM-PN,7.46,0.103,0.112,Yes
3694,"Valmont Industries, Inc.",VMI,33.4,0.414,2.136,Yes
3695,"OnKure Therapeutics, Inc.",OKUR,69.1,0.763,0.878,No
3696,Aroa Biosurgery Limited,AROAF,41.79,0.504,0.615,No
3697,Yokogawa Electric Corporation,YOKEY,30.7,0.385,0.957,Yes
3698,Accelerant Holdings,ARX,88.54,0.928,0.542,Yes
3699,PrimeEnergy Resources Corporation,PNRG,51.01,0.598,2.047,No
3700,Medical Facilities Corporation,MFCSF,14.46,0.194,0.15,Yes
3701,Mandatum Oyj,MANDF,23.85,0.308,0.668,Yes
3702,Seeing Machines Limited,SEEMF,76.26,0.828,2.494,Yes
3703,First Community Financial Corporation,FMFP,13.12,0.177,0.196,Yes
3704,Demant A/S,WILYY,36.65,0.451,2.191,Yes
3705,Johnson Outdoors Inc.,JOUT,19.76,0.26,0.384,Yes
3706,Zann Corp.,ZNNC,60.6,0.691,1.827,No
3707,Kuya Silver Corporation,KUYAF,101.38,1.033,0.198,Yes
3708,OVH Groupe S.A.,OVHFF,54.48,0.635,2.105,Yes
3709,"STRATS Trust for United States Cellular Corp. Securities, Series 2004-6 STRATS 6.375",GJH,2.6,0.037,0.087,Yes
3710,Metallus Inc.,MTUS,25.85,0.333,1.48,Yes
3711,"Corsair Gaming, Inc.",CRSR,93.28,0.973,3.567,Yes
3712,YIT Oyj,YITYY,19.35,0.256,0.706,No
3713,Bank7 Corp.,BSVN,17.17,0.229,0.455,Yes
3714,Guardian Exploration Inc.,GXUSF,74.96,0.824,1.876,Yes
3715,PCCW Limited,PCCWY,14.87,0.201,0.078,Yes
3716,Sharc International Systems Inc.,INTWF,82.15,0.885,0.088,Yes
3717,Inovalis Real Estate Investment Trust,IVREF,84.94,0.908,1.971,No
3718,Averin Capital Acquisition Corp.,ACAA,0.91,0.013,0.04,Yes
3719,"Aena S.M.E., S.A.",ANNSF,14.81,0.2,0.362,No
3720,DWS Municipal Income Trust,KTF,3.51,0.05,0.095,Yes
3721,Commercial Metals Company,CMC,29.37,0.376,1.76,Yes
3722,"Amplitude, Inc.",AMPL,66.66,0.753,1.236,Yes
3723,Renascor Resources Limited,RSNUF,60.69,0.698,1.316,Yes
3724,Shimizu Corporation,SHMUY,125.35,1.214,2.217,No
3725,ALR Technologies SG Ltd.,ALRTF,79.52,0.867,1.826,Yes
3726,"Simulations Plus, Inc.",SLP,38.16,0.474,2.107,Yes
3727,80 Mile Plc,BLLYF,111.19,1.115,1.175,No
3728,"Jiangsu Hengrui Pharmaceuticals Co.,Ltd",JHPCY,92.99,0.978,1.735,Yes
3729,Northern Trust 2035 Inflation-Linked Distributing Ladder ETF,TIPB,1.34,0.019,0.085,Yes
3730,"Pinnacle Financial Partners, Inc.",PNFP-PC,2.75,0.039,0.046,Yes
3731,Biglari Holdings Inc.,BH-A,46.37,0.561,0.622,No
3732,Camtek Ltd.,CAMT,53.39,0.631,1.947,Yes
3733,Herbalife Ltd.,HLF,80.06,0.874,0.196,Yes
3734,"Coda Octopus Group, Inc.",CODA,47.57,0.574,1.087,Yes
3735,MDA Space Ltd.,MDA,92.56,0.978,4.221,Yes
3736,"Water Technologies International, Inc.",WTII,127.73,1.238,2.876,No
3737,"Herzfeld Credit Income Fund, Inc.",HERZ,55.33,0.653,0.507,Yes
3738,Hapag-Lloyd Aktiengesellschaft,HLAGF,22.72,0.3,0.567,Yes
3739,Lomiko Metals Inc.,LMRMF,72.9,0.815,0.409,No
3740,National Bank Holdings Corporation,NBHC,12.83,0.177,0.369,Yes
3741,"TX Rail Products, Inc",TXRP,82.42,0.898,0.686,Yes
3742,JPMorgan International Dynamic ETF,JIDE,11.76,0.163,0.592,Yes
3743,Middlesex Water Company,MSEX,12.56,0.174,0.082,Yes
3744,"Dropbox, Inc.",DBX,22.93,0.304,0.929,Yes
3745,Emera Incorporated,EMA,7.74,0.109,0.056,No
3746,"Marcus & Millichap, Inc.",MMI,10.88,0.152,0.207,Yes
3747,"T. Rowe Price Group, Inc.",TROW,16.5,0.225,0.988,Yes
3748,"Essential Utilities, Inc.",WTRG,8.32,0.117,0.51,No
3749,Fortran Corporation,FRTN,112.65,1.14,2.77,No
3750,Quantum Secure Encryption Corp.,QSEGF,114.86,1.156,3.429,Yes
3751,Mettler-Toledo International Inc.,MTD,19.35,0.261,0.085,Yes
3752,PUMA SE,PUMSY,31.15,0.402,1.609,Yes
3753,PWR Holdings Limited,PWRHF,22.81,0.304,0.716,Yes
3754,"Cohen & Steers Closed-End Opportunity Fund, Inc.",FOF,15.38,0.211,1.063,Yes
3755,Regions Financial Corporation,RF-PC,7.08,0.101,0.528,Yes
3756,Swiss Life Holding AG,SWSDF,17.52,0.238,0.084,No
3757,Renforth Resources Inc.,RFHRF,54.23,0.648,2.807,Yes
3758,E.ON SE,EONGY,16.07,0.22,0.101,Yes
3759,Permanent TSB Group Holdings plc,ILPMF,24.42,0.324,0.163,Yes
3760,"Entrada Therapeutics, Inc.",TRDA,67.96,0.778,1.257,No
3761,"AST SpaceMobile, Inc.",ASTS,130.6,1.271,1.887,Yes
3762,Allegiant Travel Company,ALGT,51.96,0.625,0.031,Yes
3763,Oshkosh Corporation,OSK,32.81,0.422,0.064,Yes
3764,Manulife Financial Corporation,MNUFF,14.79,0.204,0.084,No
3765,Zura Bio Limited,ZURA,55.56,0.662,1.903,No
3766,"RideNow Group, Inc.",RDNW,62.68,0.731,0.684,No
3767,The Bank of New York Mellon Corporation,BNY-PK,2.49,0.036,0.221,Yes
3768,"The Marketing Alliance, Inc.",MAAL,32.94,0.424,0.56,Yes
3769,"Skyward Specialty Insurance Group, Inc.",SKWD,30.91,0.401,0.326,No
3770,Carlsberg A/S,CABJF,25.25,0.335,1.1,Yes
3771,"Arbor Realty Trust, Inc.",ABR-PF,8.73,0.124,0.48,Yes
3772,Office Properties Income Trust,OPI,31.13,0.404,,
3773,Sigma Healthcare Limited,SIGGF,11.9,0.166,0.409,No
3774,Ace Ethanol LLC,ACEEU,6.29,0.09,0.534,No
3775,Sienna Senior Living Inc.,LWSCF,19.48,0.265,0.275,Yes
3776,"Array Digital Infrastructure, Inc.",AD,15.24,0.211,0.842,Yes
3777,Infinity Bancorp,INFT,33.8,0.435,1.484,Yes
3778,Entra ASA,ENTOF,12.5,0.175,0.932,Yes
3779,First Keystone Corporation,FKYS,18.38,0.251,0.674,No
3780,Eventiko Inc.,EVTK,100.35,1.058,0.887,Yes
3781,"M2MMA, Inc.",MMAZ,126.25,1.25,5.318,Yes
3782,TAV Havalimanlari Holding A.S.,TAVHF,51.89,0.63,0.135,No
3783,"Maruwa Co.,Ltd.",MAWAF,19.96,0.272,1.027,No
3784,First Bank,FRBA,14.6,0.203,0.586,No
3785,Roscan Gold Corporation,RCGCF,76.55,0.863,1.658,No
3786,"Reading International, Inc.",RDIB,79.74,0.893,1.763,Yes
3787,Morgan Stanley,MS-PI,2.73,0.04,0.15,Yes
3788,Origin Enterprises plc,ORENF,16.11,0.224,0.19,Yes
3789,Delta Resources Limited,DTARF,22.54,0.305,0.153,No
3790,Aegon Ltd.,AEGOF,20.89,0.285,1.32,Yes
3791,Republic Digital Acquisition Company,RDAG,2.08,0.031,0.068,Yes
3792,"Clearway Energy, Inc.",CWEN,23.8,0.321,0.315,Yes
3793,Modine Manufacturing Company,MOD,52.7,0.642,1.477,Yes
3794,"Aeries Technology, Inc",AERT,119.27,1.211,6.851,Yes
3795,"The Kansai Electric Power Company, Incorporated",KAEPY,21.76,0.296,0.501,No
3796,New America Acquisition I Corp.,NWAX,1.29,0.019,0.093,Yes
3797,Diversified Royalty Corp.,BEVFF,19.58,0.269,0.689,Yes
3798,Direxion Daily Technology Top 5 Bull 2X ETF,TTXU,83.68,0.933,5.401,Yes
3799,Southwest Airlines Co.,LUV,40.92,0.521,0.66,Yes
3800,ITT Inc.,ITT,16.7,0.233,0.658,Yes
3801,Eurofins Scientific SE,ERFSF,17.48,0.243,0.19,Yes
3802,"Exchange Bankshares, Inc.",EXCH,14.96,0.21,0.575,No
3803,Global Partners LP,GLP,19.29,0.266,1.274,Yes
3804,Orange S.A.,ORANY,17.0,0.237,0.145,Yes
3805,Kinross Gold Corporation,KGC,45.04,0.567,0.839,Yes
3806,Hosiden Corporation,HOIEF,20.09,0.277,0.767,No
3807,"Global Net Lease, Inc.",GNL-PA,7.87,0.114,0.606,Yes
3808,Swire Properties Limited,SWPFF,26.95,0.362,0.928,Yes
3809,"Cracker Barrel Old Country Store, Inc.",CBRL,64.82,0.768,0.49,Yes
3810,"Hirose Electric Co.,Ltd.",HROEY,37.11,0.481,1.062,Yes
3811,Itaú Unibanco Holding S.A.,ITUB,21.36,0.294,0.04,No
3812,SoftwareOne Holding AG,SWONF,26.23,0.354,1.419,Yes
3813,Grit Metals Corp.,EUEMF,117.14,1.207,2.898,Yes
3814,"Core Natural Resources, Inc.",CNR,39.72,0.511,1.558,No
3815,MGIC Investment Corporation,MTG,13.23,0.188,0.295,No
3816,Beam Therapeutics Inc.,BEAM,38.0,0.492,2.633,Yes
3817,"Reeltime Rentals, Inc.",RLTR,68.06,0.8,2.242,No
3818,PMET Resources Inc.,PMETF,69.34,0.812,3.989,Yes
3819,Sany Heavy Equipment International Holdings Company Limited,SNYYF,75.04,0.865,0.81,Yes
3820,"Wacom Co., Ltd.",WACMY,22.46,0.308,0.002,No
3821,"ARMOUR Residential REIT, Inc.",ARR-PC,4.27,0.063,0.371,Yes
3822,3M Company,MMM,17.04,0.239,0.44,Yes
3823,Sinch AB (publ),CLCMF,48.68,0.609,3.448,Yes
3824,"Prestige Cars International, Inc.",PREC,110.22,1.159,4.377,Yes
3825,COFACE SA,COFAF,14.29,0.203,0.932,Yes
3826,Atlassian Corporation,TEAM,136.57,1.35,3.238,Yes
3827,Titan Machinery Inc.,TITN,43.46,0.555,2.318,Yes
3828,Avacta Group Plc,AVCTF,47.45,0.598,1.267,Yes
3829,Newell Brands Inc.,NWL,95.64,1.049,0.276,Yes
3830,Enterprise Financial Services Corp,EFSC,14.06,0.201,0.44,Yes
3831,Italgas S.p.A.,ITGGF,23.09,0.319,1.03,Yes
3832,"LiveWorld, Inc.",LVWD,63.67,0.766,2.24,No
3833,"Alliance Global Group, Inc.",ALGGY,25.96,0.355,0.186,No
3834,"Community Financial System, Inc.",CBU,11.87,0.172,0.46,Yes
3835,"Carlsmed, Inc.",CARL,64.66,0.778,2.065,Yes
3836,thyssenkrupp AG,TYEKF,64.96,0.782,4.596,Yes
3837,SmartCentres Real Estate Investment Trust,CWYUF,11.37,0.165,0.738,Yes
3838,National Grid plc,NGGTF,18.06,0.256,0.606,Yes
3839,Femto Technologies Inc.,FMTOF,119.98,1.247,2.284,Yes
3840,PT Vale Indonesia Tbk,PTNDY,78.0,0.904,0.043,No
3841,Magnolia Oil & Gas Corporation,MGY,21.7,0.303,1.026,No
3842,Fundstrat Granny Shots US Small- & Mid-Cap ETF,GRNJ,20.83,0.292,1.709,Yes
3843,Serabi Gold plc,SRBIF,48.95,0.621,2.329,Yes
3844,Cadeler A/S,CDLR,34.03,0.455,1.288,Yes
3845,Agassi Sports Entertainment Corp.,AASP,31.49,0.425,0.391,Yes
3846,"Healthpeak Properties, Inc.",DOC,22.01,0.308,0.431,Yes
3847,Success Holding Group Corp. USA,SHGR,41.98,0.546,1.043,Yes
3848,Sprott Physical Gold Trust,PHYS,19.68,0.278,0.437,Yes
3849,W.T.B. Financial Corporation,WTBFA,25.81,0.356,1.656,Yes
3850,Hunting PLC,HNTIF,35.54,0.474,0.003,Yes
3851,"First Citizens BancShares, Inc.",FCNCB,16.31,0.234,0.492,No
3852,"PRA Group, Inc.",PRAA,55.98,0.697,0.608,No
3853,Sorrento Resources Ltd.,SRSLF,93.38,1.044,1.134,No
3854,Ameren Illinois Company,AILIM,6.26,0.094,0.188,No
3855,Perpetuals.com Ltd,PDC,116.33,1.228,3.753,Yes
3856,Nine Dragons Paper (Holdings) Limited,NDGPY,57.76,0.716,1.371,Yes
3857,Insurance Australia Group Limited,IAUGY,16.08,0.231,0.247,No
3858,"Veracyte, Inc.",VCYT,56.16,0.7,1.28,Yes
3859,Eloro Resources Ltd.,ELRRF,75.11,0.885,1.034,Yes
3860,"Frontier Group Holdings, Inc.",ULCC,75.13,0.886,1.975,Yes
3861,"Auburn Bancorp, Inc.",ABBB,14.78,0.214,0.627,No
3862,D'Ieteren Group SA,SIETY,33.21,0.448,1.553,Yes
3863,NPK International Inc.,NPKI,27.47,0.379,0.579,Yes
3864,Ascent Industries Co.,ACNT,28.35,0.39,0.717,Yes
3865,Insight Molecular Diagnostics Inc.,IMDX,119.02,1.253,4.996,Yes
3866,"NextEra Energy, Inc.",NEE,16.27,0.235,0.018,No
3867,"Japan Airport Terminal Co., Ltd.",JTTRY,19.69,0.281,0.363,Yes
3868,"American Electric Power Company, Inc.",AEP,16.17,0.234,0.012,No
3869,Cipher Digital Inc.,CIFR,76.71,0.906,3.981,Yes
3870,"Viking Therapeutics, Inc.",VKTX,48.71,0.628,0.04,Yes
3871,Compagnie Générale des Établissements Michelin Société en commandite par actions,MGDDF,26.05,0.364,0.745,Yes
3872,Western Asset Managed Municipals Fund Inc.,MMU,4.1,0.063,0.139,Yes
3873,VNV Global AB (publ),VSTKF,27.36,0.38,0.433,Yes
3874,"TriStar Gold, Inc.",TSGZF,71.19,0.856,0.146,No
3875,"U.S. Global Investors, Inc.",GROW,43.79,0.574,1.3,Yes
3876,"Global Ship Lease, Inc.",GSL-PB,3.96,0.061,0.015,Yes
3877,"Silverton Adventures, Inc.",SVAD,102.6,1.134,1.059,Yes
3878,Petrus Resources Ltd.,PTRUF,20.85,0.298,0.682,No
3879,Organon & Co.,OGN,139.1,1.41,7.686,Yes
3880,Telstra Group Limited,TTRAF,18.54,0.267,0.022,Yes
3881,Telenor ASA,TELNF,29.31,0.406,0.386,Yes
3882,"Santen Pharmaceutical Co., Ltd.",SNPHF,21.4,0.305,0.999,No
3883,Rubis,RBSFY,9.86,0.147,0.345,Yes
3884,FGI Industries Ltd.,FGI,132.82,1.368,7.257,Yes
3885,Henkel AG & Co. KGaA,HENKY,20.31,0.291,0.584,Yes
3886,Ecovyst Inc.,ECVT,23.91,0.338,0.437,No
3887,"BlackRock Utilities, Infrastructure & Power Opportunities Trust",BUI,15.76,0.23,0.668,Yes
3888,Burning Rock Biotech Limited,BNR,130.3,1.352,1.175,Yes
3889,"Infinity Natural Resources, Inc.",INR,28.1,0.392,1.24,No
3890,TOPPAN Holdings Inc.,TOPPY,41.37,0.55,1.677,Yes
3891,Bannerman Energy Ltd,BNNLF,62.91,0.78,1.584,Yes
3892,Elekta AB (publ),EKTAY,20.2,0.29,0.348,Yes
3893,Temenos AG,TMSNY,22.36,0.319,0.715,Yes
3894,Torrid Holdings Inc.,CURV,90.35,1.037,3.944,No
3895,"X4 Pharmaceuticals, Inc.",XFOR,28.43,0.397,0.547,No
3896,Investors Title Company,ITIC,19.65,0.284,0.572,Yes
3897,Akastor ASA,AKKVF,70.03,0.852,0.202,Yes
3898,xETFs NVDA Daily Income ETF,NYYY,19.61,0.284,4.244,Yes
3899,CNA Financial Corporation,CNA,18.43,0.268,0.35,No
3900,Pico Far East Holdings Limited,PCOFF,68.33,0.838,3.318,No
3901,American Exceptionalism Acquisi,AEXA,8.16,0.124,0.395,Yes
3902,"Disc Medicine, Inc.",IRON,30.27,0.421,0.812,Yes
3903,The Connecticut Light and Power Company,CNLPL,3.23,0.05,0.3,No
3904,"STAR Financial Group, Inc.",SFIGA,1.27,0.02,0.029,Yes
3905,MTR Corporation Limited,MTCPY,35.29,0.483,0.274,Yes
3906,Alimentation Couche-Tard Inc.,ANCTF,19.38,0.282,0.16,No
3907,"United Natural Foods, Inc.",UNFI,25.13,0.357,0.023,No
3908,"Insperity, Inc.",NSP,65.41,0.812,0.882,Yes
3909,Grupo Rotoplas S.A.B. de C.V.,GRPRF,25.01,0.357,1.323,Yes
3910,"Infleqtion, Inc.",INFQ,82.27,0.975,3.686,Yes
3911,"China Merchants Bank Co., Ltd.",CIHHF,14.55,0.216,0.19,No
3912,Great Eagle Holdings Limited,GEAHF,29.94,0.42,0.934,Yes
3913,"Equity LifeStyle Properties, Inc.",ELS,8.82,0.134,0.086,Yes
3914,CTW,CTW,43.03,0.576,0.552,Yes
3915,China Merchants Port Holdings Company Limited,CMHHF,32.25,0.448,0.774,Yes
3916,International Consolidated Airlines Group S.A.,ICAGY,20.49,0.298,1.311,Yes
3917,Nuveen AMT-Free Municipal Credit Income Fund,NVG,6.97,0.107,0.405,Yes
3918,"TETRA Technologies, Inc.",TTI,48.68,0.64,1.191,Yes
3919,Flight Centre Travel Group Limited,FGETF,32.93,0.457,0.724,No
3920,Neuberger Berman Income Funds - Neuberger Municipal Fund Inc.,NBH,4.73,0.073,0.232,Yes
3921,thyssenkrupp AG,TKAMY,55.87,0.718,4.15,Yes
3922,"Essex Property Trust, Inc.",ESS,11.09,0.168,0.578,Yes
3923,"Airgain, Inc.",AIRG,35.45,0.489,0.542,Yes
3924,"Amazon.com, Inc.",AMZN,28.65,0.405,1.961,Yes
3925,Integrated Diagnostics Holdings plc,IDGXF,26.87,0.382,0.105,No
3926,Ameren Illinois Company,AILLO,3.35,0.052,0.047,Yes
3927,"Special Opportunities Fund, Inc.",SPE-PC,1.84,0.029,0.057,Yes
3928,First Horizon Corporation,FHN,12.53,0.189,0.397,Yes
3929,"Braze, Inc.",BRZE,57.46,0.738,0.645,No
3930,Pigeon Corporation,PGENY,41.71,0.564,0.044,No
3931,SKYX Platforms Corp.,SKYX,72.43,0.89,2.339,Yes
3932,Heliostar Metals Ltd.,HSTXF,62.06,0.787,0.606,Yes
3933,Svenska Handelsbanken AB (publ),SVNLF,22.21,0.323,1.559,Yes
3934,Goldhills Holding Ltd.,GODZF,99.9,1.139,5.576,Yes
3935,SGL Carbon SE,SGLFF,34.98,0.485,1.731,Yes
3936,G5 Entertainment AB (publ),GENTF,72.95,0.896,1.094,Yes
3937,The Allstate Corporation,ALL-PJ,3.29,0.052,0.259,Yes
3938,Omni Bridgeway Limited,IMMFF,32.75,0.459,0.796,Yes
3939,"Zoom Communications, Inc.",ZM,27.85,0.397,1.407,Yes
3940,Hedgeye Fourth Turning ETF,HEFT,7.12,0.111,0.157,Yes
3941,Telstra Group Limited,TLGPY,10.34,0.159,0.073,Yes
3942,"MarketWise, Inc.",MKTW,35.69,0.496,1.894,No
3943,Torrent Capital Ltd.,TRRPF,9.99,0.153,0.011,Yes
3944,"Palomar Holdings, Inc.",PLMR,19.59,0.289,0.584,No
3945,CNX Resources Corporation,CNX,18.52,0.275,0.154,No
3946,NYLI CBRE Global Infrastructure Megatrends Term Fund,MEGI,12.11,0.185,0.405,Yes
3947,FIS Bright Portfolios Core Bond ETF,BRIB,0.94,0.015,0.056,Yes
3948,Birchcliff Energy Ltd.,BIREF,22.94,0.335,1.102,No
3949,Jet2 plc,DRTGF,22.59,0.33,0.226,Yes
3950,Imdex Limited,IMDXF,34.27,0.48,1.969,Yes
3951,Arjo AB (publ),ARRJF,41.93,0.572,3.08,Yes
3952,Nations Royalty Corp.,NRYCF,37.85,0.523,0.196,No
3953,"Puig Brands, S.A.",PUIGF,22.17,0.325,0.059,Yes
3954,908 Devices Inc.,MASS,45.69,0.615,2.117,Yes
3955,Brookfield Real Assets Income Fund Inc.,RA,4.4,0.07,0.133,Yes
3956,"Saul Centers, Inc.",BFS,12.78,0.195,0.36,Yes
3957,Eagle Point Credit Company,ECC-PD,5.04,0.079,0.312,Yes
3958,Nexus Industrial REIT,EFRTF,11.74,0.18,0.91,Yes
3959,Henkel AG & Co. KGaA,HENOF,25.48,0.37,0.792,Yes
3960,Universe Pharmaceuticals INC,UPC,105.49,1.199,1.618,Yes
3961,"Tokio Marine Holdings, Inc.",TKOMY,19.84,0.295,1.201,No
3962,"SECOM CO., LTD.",SOMLY,13.0,0.199,0.331,No
3963,"Block, Inc.",XYZ,18.9,0.282,1.404,Yes
3964,Swiss Life Holding AG,SZLMY,11.78,0.181,0.329,Yes
3965,ADX Energy Ltd,ADXRF,51.74,0.687,0.314,No
3966,Athene Holding Ltd.,ATH-PE,2.84,0.045,0.195,Yes
3967,Dundee Corporation,DDEJF,62.91,0.807,1.829,Yes
3968,Capital Power Corp,CPRHF,3.64,0.058,0.357,No
3969,"The Hongkong and Shanghai Hotels, Limited",HKSHY,34.72,0.489,0.168,Yes
3970,Accsys Technologies PLC,ACSYF,17.22,0.26,0.986,Yes
3971,RUM Group Inc.,RUM,71.17,0.892,4.613,Yes
3972,China Petroleum & Chemical Corporation,SNPMF,29.65,0.426,1.839,Yes
3973,"PROG Holdings, Inc.",PRG,35.63,0.501,1.588,Yes
3974,"Ameriprise Financial, Inc.",AMP,20.03,0.299,0.299,Yes
3975,Eureka Metals Corp.,UREKF,125.05,1.363,1.643,Yes
3976,The People's Insurance Company (Group) of China Limited,PINXF,30.88,0.442,0.59,No
3977,The Eastern Company,EML,30.36,0.436,0.113,No
3978,Neuren Pharmaceuticals Limited,NURPF,51.62,0.689,0.389,Yes
3979,Vecima Networks Inc.,VNWTF,28.08,0.407,0.425,No
3980,"Unicycive Therapeutics, Inc.",UNCY,46.79,0.635,1.237,Yes
3981,"Jack Henry & Associates, Inc.",JKHY,20.03,0.3,0.44,No
3982,"WhiteHorse Finance, Inc.",WHF,19.84,0.297,0.71,No
3983,Juggernaut Exploration Ltd.,JUGRF,42.19,0.582,0.04,No
3984,Iluka Resources Limited,ILKAY,45.09,0.616,2.329,Yes
3985,Pioneer Oil and Gas,POGS,69.74,0.883,1.735,Yes
3986,Denison Mines Corp.,DNN,51.23,0.688,1.47,Yes
3987,"STAG Industrial, Inc.",STAG,11.16,0.174,0.618,Yes
3988,Freshworks Inc.,FRSH,34.4,0.49,0.719,Yes
3989,"Urban Outfitters, Inc.",URBN,18.01,0.273,0.867,Yes
3990,Tongdao Liepin Group,TGDLF,62.21,0.808,0.725,No
3991,"ProText Mobility, Inc.",TXTM,132.79,1.434,1.326,No
3992,The Estée Lauder Companies Inc.,EL,38.5,0.541,2.545,Yes
3993,Harvey Norman Holdings Limited,HNORF,17.83,0.271,0.619,No
3994,PUMA SE,PMMAF,32.85,0.471,1.722,Yes
3995,EnviroMetal Technologies Inc.,EVLLF,57.6,0.76,0.759,No
3996,"Transcat, Inc.",TRNS,30.92,0.447,0.403,Yes
3997,State Street Real Estate Select Sector SPDR Premium Income ETF,XLRI,6.34,0.101,0.459,Yes
3998,Guggenheim Active Allocation Fund,GUG,5.97,0.095,0.527,Yes
3999,AXA SA,AXAHY,13.43,0.208,0.096,Yes
4000,Telix Pharmaceuticals Limited,TLPPF,35.27,0.504,0.44,No
4001,British American Tobacco p.l.c.,BTI,14.07,0.218,0.16,Yes
4002,Dana Unconstrained Equity ETF,DUNK,17.87,0.273,1.376,Yes
4003,"Creative Realities, Inc.",CREX,36.69,0.521,0.467,Yes
4004,"First Guaranty Bancshares, Inc.",FGBIP,16.06,0.247,0.509,Yes
4005,"Frontdoor, Inc.",FTDR,42.07,0.587,2.052,Yes
4006,Killam Apartment REIT,KMMPF,11.75,0.184,0.95,Yes
4007,"Hub Group, Inc.",HUBG,27.78,0.409,1.56,Yes
4008,FIS Tactical Equity ETF,ACTS,21.81,0.329,1.266,Yes
4009,Nuveen Real Estate Income Fund,JRS,10.48,0.165,0.696,Yes
4010,Singamas Container Holdings Limited,SNGSF,42.1,0.59,0.492,No
4011,"Energy Vault Holdings, Inc.",NRGV,67.79,0.875,3.088,Yes
4012,Cordlife Group Limited,CLIFF,65.75,0.854,0.314,Yes
4013,"Grupo Financiero Banorte, S.A.B. de C.V.",GBOOF,21.25,0.321,0.194,No
4014,Chimera Investment Corporation,CIM-PA,6.89,0.11,0.563,Yes
4015,Acco Brands Corporation,ACCO,28.69,0.422,1.849,Yes
4016,BTB Real Estate Investment Trust,BTBIF,10.77,0.17,0.627,Yes
4017,"Southern ITS International, Inc.",SITS,102.06,1.2,0.072,No
4018,Brightstar Resources Limited,BTRAF,108.64,1.258,3.163,Yes
4019,Sinopec Oilfield Service Corporation,YZCFF,86.56,1.061,0.984,No
4020,People Incorporated,PPLI,17.15,0.264,0.219,Yes
4021,Powszechny Zaklad Ubezpieczen SA,PZAKY,31.28,0.457,2.194,Yes
4022,Ellomay Capital Ltd.,ELLO,27.92,0.413,0.487,Yes
4023,"Xos, Inc.",XOS,84.44,1.043,2.902,Yes
4024,"Yakult Honsha Co.,Ltd.",YKLTY,13.14,0.206,0.335,Yes
4025,Webuild S.p.A.,WBDSF,80.77,1.009,1.887,No
4026,Nickel Industries Limited,NICMF,42.74,0.601,1.919,Yes
4027,"The European Equity Fund, Inc.",EEA,11.06,0.175,0.98,Yes
4028,Société Anonyme des Bains de Mer et du Cercle des Étrangers à Monaco,BMRMF,7.31,0.118,0.053,Yes
4029,Lundin Gold Inc.,LUGDF,40.44,0.574,0.119,No
4030,Voya Ultra Short Income ETF,VUSI,0.49,0.008,0.023,Yes
4031,SGS SA,SGSOF,19.55,0.3,1.099,Yes
4032,ThreeD Capital Inc.,IDKFF,47.37,0.658,0.919,No
4033,Nordic Semiconductor ASA,NDCVF,30.99,0.456,2.154,Yes
4034,"Donaldson Company, Inc.",DCI,17.44,0.271,0.274,Yes
4035,"Kawasaki Heavy Industries, Ltd.",KWHIY,47.8,0.664,0.999,Yes
4036,Progressive Planet Solutions Inc.,ASHXF,34.9,0.507,1.11,Yes
4037,Oakmark International Large Cap ETF,OAKI,10.45,0.167,0.711,Yes
4038,Pantera Silver Corp.,PNTRF,65.9,0.866,2.774,Yes
4039,"Corporate Backed Trust Certificates, Goldman Sachs Capital I Securities-Backed Series 2004-6 04-6 A1 3.50",JBK,4.52,0.074,0.092,Yes
4040,"Perma-Pipe International Holdings, Inc.",PPIH,28.21,0.421,0.961,Yes
4041,Paradox Interactive AB (publ),PRXXF,40.18,0.574,2.476,Yes
4042,Oaktree Specialty Lending Corporation,OCSL,15.97,0.25,0.713,Yes
4043,"Myseum.AI, Inc.",MYSE,54.65,0.745,1.768,Yes
4044,"Innoviva, Inc.",INVA,19.81,0.306,0.619,No
4045,Gentherm Incorporated,THRM,23.92,0.364,1.314,Yes
4046,"Saia, Inc.",SAIA,33.88,0.497,2.204,Yes
4047,Zurich Insurance Group AG,ZURVY,9.51,0.154,0.191,Yes
4048,China Resources Land Limited,CRBJY,21.41,0.33,0.148,Yes
4049,Sono-Tek Corporation,SOTK,39.35,0.567,1.784,Yes
4050,Santacruz Silver Mining Ltd.,SCZM,68.21,0.897,0.877,Yes
4051,Strathcona Resources Ltd.,STHRF,44.09,0.626,1.249,No
4052,"Axos Financial, Inc.",AX,21.56,0.332,0.397,Yes
4053,Perimeter Acquisition Corp. I,PMTR,2.78,0.046,0.147,Yes
4054,Sartorius Stedim Biotech S.A.,SDMHF,25.87,0.392,0.842,Yes
4055,Bravura Solutions Limited,BVSFF,80.09,1.019,1.699,Yes
4056,Skanska AB (publ),SKSBF,16.41,0.259,0.49,Yes
4057,Rare Element Resources Ltd.,REEMF,123.5,1.408,0.441,Yes
4058,WPP plc,WPPGF,36.99,0.54,1.585,Yes
4059,Foghorn Therapeutics Inc.,FHTX,29.54,0.443,0.213,Yes
4060,NIQ Global Intelligence plc,NIQ,74.22,0.962,0.058,No
4061,Nestlé S.A.,NSRGY,13.66,0.218,0.53,Yes
4062,Great-West Lifeco Inc.,GRWTF,5.27,0.087,0.089,No
4063,Avidian Gold Corp.,AVGDF,50.04,0.699,0.273,Yes
4064,Tate & Lyle plc,TATYF,39.11,0.568,1.974,Yes
4065,Cantex Mine Development Corp.,CTXDF,79.13,1.013,0.083,No
4066,"Four Corners Property Trust, Inc.",FCPT,9.72,0.158,0.525,Yes
4067,Trustpilot Group plc,TRTPF,59.34,0.806,1.576,Yes
4068,Tristel plc,TSNLF,15.8,0.251,0.814,Yes
4069,Bubs Australia Limited,BUBSF,72.64,0.949,3.231,Yes
4070,Aztec Minerals Corp.,AZZTF,50.94,0.712,0.752,Yes
4071,Aldebaran Resources Inc.,ADBRF,55.49,0.764,3.514,Yes
4072,Destiny Media Technologies Inc.,DSNY,49.86,0.7,2.461,No
4073,Iron Mountain Incorporated,IRM,25.59,0.391,1.503,Yes
4074,Orica Limited,OCLDY,30.08,0.453,2.173,Yes
4075,"Psykey, Inc.",CEOS,127.29,1.449,2.994,No
4076,Triton International Limited,TRTN-PC,6.16,0.102,0.419,Yes
4077,Ørsted A/S,DOGEF,23.09,0.358,0.354,Yes
4078,Next 15 Group plc,NXFNF,52.62,0.734,1.177,Yes
4079,Henkel AG & Co. KGaA,HENOY,19.6,0.308,0.515,Yes
4080,"Monarch Casino & Resort, Inc.",MCRI,22.46,0.349,1.127,Yes
4081,"Medpace Holdings, Inc.",MEDP,26.47,0.406,0.743,No
4082,Willis Lease Finance Corporation,WLFC,44.43,0.639,0.429,Yes
4083,"Aida Engineering, Ltd.",ADERY,17.77,0.282,0.083,No
4084,"Happen, Inc.",HAPN,25.21,0.388,1.318,Yes
4085,Alterity Therapeutics Limited,ATHE,39.7,0.58,1.394,Yes
4086,"Digital Realty Trust, Inc.",DLR,12.67,0.205,0.417,Yes
4087,Atlas Energy Solutions Inc.,AESI,61.5,0.838,1.26,Yes
4088,"Grupo Simec, S.A.B. de C.V.",SIM,10.35,0.169,0.26,No
4089,"Shin-Etsu Chemical Co., Ltd.",SHECY,23.56,0.366,0.765,Yes
4090,BioVie Inc.,BIVI,61.48,0.839,0.653,Yes
4091,Healthcare Realty Trust Incorporated,HR,15.18,0.244,0.829,Yes
4092,Psychemedics Corporation,PMDI,32.01,0.483,2.538,Yes
4093,Integral Metals Corp.,ITGLF,133.59,1.511,4.95,No
4094,Franklin Municipal Opportunities Trust,PMO,4.38,0.074,0.237,Yes
4095,Koç Holding A.S.,KHOLY,16.66,0.267,0.45,Yes
4096,Rayonier Advanced Materials Inc.,RYAM,36.63,0.545,1.744,No
4097,Ally Financial Inc.,ALLY,14.58,0.236,0.579,Yes
4098,Keel Infrastructure Corp.,KEEL,110.96,1.327,6.598,Yes
4099,RetinalGenix Technologies Inc.,RTGN,18.19,0.29,0.683,Yes
4100,Sabre Corporation,SABR,39.78,0.585,0.947,Yes
4101,HCM III Acquisition Corp.,HCMA,2.06,0.035,0.125,Yes
4102,Fireweed Metals Corp.,FWEDF,41.42,0.607,0.372,Yes
4103,Metasphere Labs Inc.,LABZF,44.39,0.644,0.009,No
4104,PIMCO Dynamic Income Strategy Fund,PDX,11.57,0.19,0.529,No
4105,"PD-Rx Pharmaceuticals, Inc.",PDRX,11.21,0.184,0.066,No
4106,NGX Limited,NGXLF,45.88,0.663,1.096,No
4107,Elemental Royalty Corporation,ELE,45.29,0.656,0.51,Yes
4108,Seaport Entertainment Group Inc.,SEG,22.42,0.353,0.652,Yes
4109,Dr. Ing. h.c. F. Porsche AG,DRPRY,15.3,0.248,1.234,Yes
4110,Columbia Sportswear Company,COLM,17.16,0.276,1.143,Yes
4111,ComfortDelGro Corporation Limited,CDGLF,25.06,0.391,0.612,No
4112,Payoneer Global Inc.,PAYO,38.38,0.571,0.318,No
4113,EPR Properties,EPR-PE,8.79,0.147,0.437,Yes
4114,Charoen Pokphand Foods Public Company Limited,CHPFF,22.62,0.357,0.276,No
4115,Starcore International Mines Ltd.,SHVLF,68.36,0.926,1.155,Yes
4116,Avery Dennison Corporation,AVY,12.11,0.2,0.03,No
4117,Lottomatica Group S.p.A.,LOTMY,17.06,0.276,0.47,No
4118,ARC Group Acquisition I Corp,ARCL,1.64,0.028,0.257,Yes
4119,Indutrade AB (publ),IDTRY,27.54,0.428,1.573,Yes
4120,AGL Energy Limited,AGLXY,16.68,0.27,0.086,No
4121,Garmin Ltd.,GRMN,28.41,0.44,0.051,No
4122,"Alpha Teknova, Inc.",TKNO,69.11,0.936,2.541,Yes
4123,PEDEVCO Corp.,PED,43.39,0.638,1.335,No
4124,BW Offshore Limited,BWOFY,55.6,0.786,2.534,No
4125,"J.Jill, Inc.",JILL,38.52,0.577,1.436,Yes
4126,ZTO Express (Cayman) Inc.,ZTO,17.43,0.282,0.725,No
4127,Bachem Holding AG,BCHMY,26.06,0.408,0.937,Yes
4128,Tourmaline Oil Corp.,TRMLF,9.05,0.152,0.07,No
4129,BioArctic AB (publ),BRCTF,22.34,0.355,1.246,Yes
4130,Vital Infrastructure Property Trust,NWHUF,16.25,0.265,0.754,Yes
4131,Celestica Inc.,CLS,47.63,0.693,2.888,Yes
4132,"Neuronetics, Inc.",STIM,95.13,1.203,2.12,Yes
4133,Biglari Holdings Inc.,BH,42.2,0.626,0.509,No
4134,Deutsche Lufthansa AG,DLAKF,30.18,0.468,0.863,Yes
4135,Fibra UNO,FBASF,15.76,0.258,0.452,Yes
4136,Cabot Corporation,CBT,15.99,0.262,0.292,Yes
4137,Fuchs SE,FUPBY,9.4,0.158,0.766,Yes
4138,Nuveen California Municipal Value Fund,NCA,6.38,0.109,0.168,Yes
4139,Solitario Resources Corp.,XPL,16.05,0.263,0.007,No
4140,Fairfax India Holdings Corporation,FFXDF,12.15,0.202,0.96,Yes
4141,"Progyny, Inc.",PGNY,50.76,0.735,1.197,Yes
4142,Grayscale Stacks Trust (Stx),STCK,136.08,1.567,6.658,Yes
4143,Helen of Troy Limited,HELE,58.19,0.823,4.305,Yes
4144,"American Public Education, Inc.",APEI,26.84,0.423,1.64,No
4145,Sodexo S.A.,SDXOF,18.3,0.298,0.127,Yes
4146,"Axcelis Technologies, Inc.",ACLS,52.68,0.76,2.311,Yes
4147,BP p.l.c.,BPAQF,28.8,0.451,1.566,No
4148,Smiths Group plc,SMGZY,17.94,0.293,1.298,Yes
4149,Texas Pacific Land Corporation,TPL,43.37,0.646,1.062,No
4150,Essent Group Ltd.,ESNT,10.4,0.176,0.017,Yes
4151,Smurfit Westrock Plc,SW,20.97,0.34,0.134,Yes
4152,Bridgestone Corporation,BRDCY,17.39,0.286,0.437,Yes
4153,"Hovnanian Enterprises, Inc. PFD DEP1/1000A",HOVNP,6.22,0.107,0.423,Yes
4154,T2 Metals Corp.,TWOSF,50.03,0.732,1.868,No
4155,GR Silver Mining Ltd.,GRSLF,66.22,0.922,1.51,Yes
4156,PGIM Short Duration High Yield Opportunities Fund,SDHY,3.44,0.06,0.184,Yes
4157,Versamet Royalties Corporation,VMET,50.65,0.741,3.351,Yes
4158,Brixmor Property Group Inc.,BRX,11.76,0.199,0.225,Yes
4159,Trigano S.A.,TGNOF,11.26,0.191,0.242,No
4160,"Appier Group, Inc.",APPIF,78.07,1.052,1.371,Yes
4161,PT Unilever Indonesia Tbk,UNLRF,91.01,1.184,1.753,Yes
4162,Currys plc,DSITF,26.21,0.419,1.634,Yes
4163,Yorbeau Resources Inc.,YRBAF,24.03,0.387,0.934,Yes
4164,Western Asset High Income Fund II Inc.,HIX,3.95,0.069,0.335,Yes
4165,CHAPTERS Group AG,MDCKF,36.79,0.566,1.324,No
4166,Teleperformance SE,TLPFF,31.0,0.487,1.13,Yes
4167,"Orion Group Holdings, Inc.",ORN,51.68,0.757,2.395,Yes
4168,"Champion Homes, Inc.",SKY,32.95,0.515,0.267,Yes
4169,Able View Global Inc.,ABLV,64.76,0.911,2.902,Yes
4170,"Hudson Pacific Properties, Inc.",HPP-PC,12.15,0.206,0.991,Yes
4171,Cameco Corporation,CCJ,36.65,0.566,1.573,Yes
4172,"Kakaku.com, Inc.",KKKUF,41.24,0.627,3.04,Yes
4173,Domino's Pizza Group plc,DPUKY,21.6,0.353,1.453,Yes
4174,Afry AB,AFXXF,35.91,0.557,2.317,Yes
4175,Greenland Resources Inc.,GRLRF,28.44,0.453,1.421,Yes
4176,FIH Mobile Limited,FXCNY,37.53,0.579,0.279,No
4177,Black Spade Acquisition III Co,BIII-UN,1.21,0.021,0.065,Yes
4178,Graniteshares Autocallable Smci ETF,SCA,44.11,0.665,9.869,Yes
4179,Golden Pursuit Resources Ltd.,FPVTF,69.52,0.968,1.79,No
4180,"Chicago Atlantic BDC, Inc.",LIEN,12.0,0.204,0.42,Yes
4181,NewMed Energy - Limited Partnership,DKDRF,19.05,0.315,0.941,Yes
4182,Playtech plc,PYTCY,59.56,0.855,2.125,Yes
4183,MOZAYYX Acquisition Corp.,MZYX-UN,2.08,0.037,0.046,Yes
4184,Electrovaya Inc.,ELVA,77.67,1.057,1.864,Yes
4185,Chimera Investment Corporation,CIM-PC,12.07,0.206,1.306,Yes
4186,Bureau Veritas SA,BVRDF,10.19,0.175,0.141,Yes
4187,"Texas Community Bancshares, Inc.",TCBS,10.75,0.185,0.636,No
4188,Ridgeline Minerals Corp.,RDGMF,66.8,0.942,0.045,No
4189,Marks and Spencer Group plc,MAKSF,29.3,0.468,0.337,Yes
4190,"Nippon Paint Holdings Co., Ltd.",NPPHY,37.22,0.578,0.394,Yes
4191,Synthomer plc,SYYYF,130.65,1.561,3.604,Yes
4192,Vocodia Holdings Corp.,VHAI,120.45,1.475,7.346,Yes
4193,Dream Impact Trust,DDHRF,46.51,0.701,0.294,No
4194,oOh!media Limited,OMLAF,18.19,0.304,0.784,Yes
4195,Drax Group plc,DRXGF,13.31,0.227,0.239,Yes
4196,,CTHH,5.23,0.092,,
4197,Cohen Circle Acquisition Corp. II,CCIIU,2.08,0.037,0.034,Yes
4198,Packaging Corporation of America,PKG,12.64,0.217,0.042,Yes
4199,Southern Empire Resources Corp.,SMPEF,56.89,0.832,2.226,No
4200,"Kawasaki Kisen Kaisha, Ltd.",KAIKY,23.75,0.39,0.623,No
4201,"Chunghwa Telecom Co., Ltd.",CHT,3.42,0.061,0.24,Yes
4202,Genesco Inc.,GCO,37.26,0.583,1.366,Yes
4203,"Alpha Pro Tech, Ltd.",APT,25.33,0.414,1.667,Yes
4204,"Theravance Biopharma, Inc.",TBPH,27.84,0.451,0.29,Yes
4205,"Qian Yuan Baixing, Inc.",QYBX,109.71,1.388,2.979,Yes
4206,Synchrony Financial,SYF,14.4,0.246,0.524,Yes
4207,NexGen Energy Ltd.,NXE,32.39,0.517,1.171,Yes
4208,Baxter International Inc.,BAX,25.24,0.414,0.567,Yes
4209,Quadro Resources Ltd.,QDROF,58.35,0.853,1.641,Yes
4210,HKT Trust and HKT Limited,HKTTF,21.98,0.365,0.437,Yes
4211,"Nasdaq, Inc.",NDAQ,19.12,0.321,0.688,Yes
4212,"Morgan Stanley Emerging Markets Debt Fund, Inc.",MSD,6.17,0.109,0.548,Yes
4213,"EMCOR Group, Inc.",EME,20.27,0.339,1.01,Yes
4214,Randstad N.V.,RANJY,38.19,0.598,1.58,Yes
4215,Refined Energy Corp.,RRUUF,77.02,1.067,1.445,No
4216,"China Merchants Bank Co., Ltd.",CIHKY,14.18,0.244,0.569,No
4217,Cariboo Rose Resources Ltd.,CROOF,109.66,1.395,2.632,Yes
4218,"Scientific Industries, Inc.",SCND,36.43,0.576,0.13,No
4219,"C.H. Robinson Worldwide, Inc.",CHRW,24.92,0.411,1.172,Yes
4220,SouthState Bank Corporation,SSB,11.68,0.203,0.315,Yes
4221,IMCD N.V.,IMCDY,23.2,0.386,0.223,Yes
4222,Invesco Bulletshares 2029 Treasury Bond ETF,BSGT,0.45,0.008,,
4223,Nestlé S.A.,NSRGF,13.04,0.226,0.44,Yes
4224,"The Beachbody Company, Inc.",BODI,105.52,1.364,1.291,No
4225,Verve Group Media SE,MGIMF,85.97,1.171,1.162,No
4226,SCHMID Group N.V.,SHMD,74.04,1.044,2.35,Yes
4227,Basilea Pharmaceutica AG,BPMUF,22.61,0.379,0.071,No
4228,"Tiderock Companies, Inc.",TDRK,86.82,1.183,1.344,No
4229,Brookfield BRP Holdings (Canada,BEPH,6.24,0.112,0.422,Yes
4230,NIBE Industrier AB (publ),NIABY,23.67,0.396,0.68,Yes
4231,Anadolu Efes Biracilik ve Malt Sanayii Anonim Sirketi,AEBZY,25.1,0.417,1.33,Yes
4232,abrdn Global Premier Properties Fund,AWP,11.04,0.194,0.761,Yes
4233,"Worthington Steel, Inc.",WS,32.2,0.522,2.989,Yes
4234,"Madrigal Pharmaceuticals, Inc.",MDGL,38.69,0.613,1.098,No
4235,"BBX Capital, Inc.",BBXIB,40.46,0.639,0.122,Yes
4236,Archer Limited,ARHVF,31.15,0.509,0.926,Yes
4237,"Beta Bionics, Inc.",BBNX,75.3,1.066,1.819,Yes
4238,Applied Digital Corporation,APLD,75.68,1.07,5.358,Yes
4239,"MFA Financial, Inc.",MFA,9.63,0.171,0.132,Yes
4240,"Ganfeng Lithium Group Co., Ltd.",GNENY,58.2,0.868,1.083,Yes
4241,Water Oasis Group Limited,WOSSF,58.87,0.876,2.042,No
4242,"Ajinomoto Co., Inc.",AJNMY,36.01,0.579,0.986,Yes
4243,"Sumitomo Chemical Company, Limited",SOMMY,23.85,0.401,0.949,Yes
4244,Keen Vision Acquisition Corporation,KVACF,5.41,0.098,0.09,Yes
4245,Telix Pharmaceuticals Limited,TLX,37.58,0.601,0.558,No
4246,Singapore Airlines Limited,SINGY,14.06,0.246,0.102,No
4247,"Omnicell, Inc.",OMCL,31.53,0.516,2.54,Yes
4248,Swisscom AG,SCMWY,14.21,0.249,0.406,Yes
4249,Putnam International Stock ETF,PGRI,9.74,0.174,0.966,Yes
4250,Raia Drogasil S.A.,RADLY,19.44,0.334,0.321,No
4251,Tinka Resources Limited,TKRFF,54.35,0.824,5.05,Yes
4252,Ares Commercial Real Estate Corporation,ACRE,16.79,0.291,0.599,Yes
4253,"Vera Therapeutics, Inc.",VERA,45.56,0.712,1.168,No
4254,Microchip Technology Incorporated,MCHP,39.29,0.628,3.303,Yes
4255,Heineken N.V.,HEINY,15.78,0.276,0.377,Yes
4256,SKK Holdings Limited,SKK,110.38,1.435,2.437,Yes
4257,"Broadcast Marketing Group, Inc.",BDCM,81.49,1.143,3.646,Yes
4258,GE Aerospace,GE,18.66,0.322,0.695,Yes
4259,"Avantor, Inc.",AVTR,31.81,0.523,0.827,Yes
4260,"USA Rare Earth, Inc.",USAR,106.5,1.399,6.593,Yes
4261,FPX Nickel Corp.,FPOCF,59.17,0.887,3.243,Yes
4262,South Pacific Metals Corp.,SPMEF,68.12,0.994,0.362,Yes
4263,Heineken N.V.,HINKF,20.0,0.344,1.193,Yes
4264,Advent Convertible and Income Fund,AVK,11.2,0.2,1.374,Yes
4265,Natural Resource Partners L.P.,NRP,14.58,0.256,0.315,No
4266,Helvetia Baloise Holding AG,HLVTY,7.59,0.138,0.374,No
4267,Disco Corporation,DSCSY,47.71,0.743,1.143,Yes
4268,SSP Group plc,SSPPF,37.31,0.603,1.226,No
4269,LCI Industries,LCII,19.17,0.332,0.042,Yes
4270,Integra LifeSciences Holdings Corporation,IART,42.14,0.671,2.404,Yes
4271,Fujitsu Limited,FJTSF,28.5,0.477,1.294,Yes
4272,Ocado Group plc,OCDGF,44.84,0.708,2.333,Yes
4273,Virtus Global Multi-Sector Income Fund,VGI,4.54,0.084,0.43,Yes
4274,"Azenta, Inc.",AZTA,35.61,0.581,1.905,Yes
4275,"Acrivon Therapeutics, Inc.",ACRV,46.82,0.735,2.319,Yes
4276,"Nocopi Technologies, Inc.",NNUP,16.19,0.284,0.599,Yes
4277,ProCap Acquisition Corp,PCAP,0.97,0.018,0.036,Yes
4278,Iluka Resources Limited,ILKAF,26.82,0.453,1.384,Yes
4279,"Daikin Industries,Ltd.",DKILY,17.09,0.3,1.025,Yes
4280,"Arca Continental, S.A.B. de C.V.",EMBVF,12.43,0.222,0.563,Yes
4281,AMP Limited,AMLTF,30.2,0.504,1.563,Yes
4282,"Inpoint Commercial Real Estate Income, Inc.",ICRP,23.99,0.41,0.76,No
4283,iShares U.S. Power Infrastructure ETF,POWR,8.9,0.162,0.376,Yes
4284,Genus plc,GENSY,48.39,0.758,2.32,Yes
4285,W. P. Carey Inc.,WPC,10.3,0.186,0.661,Yes
4286,ArrowMark Financial Corp.,BANX,6.96,0.128,0.339,Yes
4287,Xinyi Glass Holdings Limited,XYIGY,19.34,0.338,0.229,No
4288,"Home BancShares, Inc.",HOMB,9.37,0.17,0.154,No
4289,"Daifuku Co., Ltd.",DFKUY,24.77,0.424,2.132,Yes
4290,HOYA Corporation,HOCPY,16.97,0.299,0.61,Yes
4291,Energy Services of America Corporation,ESOA,70.25,1.032,0.905,Yes
4292,Lockheed Martin Corporation,LMT,25.13,0.429,0.628,No
4293,Crane Company,CR,18.22,0.32,0.48,Yes
4294,Aspen Insurance Holdings Limited,AHL-PD,3.99,0.074,0.155,No
4295,CoTec Holdings Corp.,CTHCF,38.07,0.622,1.443,Yes
4296,Ramelius Resources Limited,RMLRF,32.91,0.548,0.515,Yes
4297,SCOR SE,SZCRF,18.1,0.319,0.979,No
4298,"Live Oak Bancshares, Inc.",LOB,19.09,0.335,0.93,Yes
4299,Route1 Inc.,ROIUF,46.4,0.738,3.004,Yes
4300,Trisura Group Ltd.,TRRSF,12.31,0.222,0.091,Yes
4301,Safran SA,SAFRY,17.78,0.315,0.558,Yes
4302,"MasTec, Inc.",MTZ,34.74,0.577,0.586,Yes
4303,"CVR Energy, Inc.",CVI,41.57,0.674,1.397,No
4304,Sino Land Company Limited,SNLAY,23.71,0.41,0.662,Yes
4305,Livium Ltd,LMMFF,63.31,0.957,2.639,Yes
4306,Semperit Aktiengesellschaft Holding,SEIGY,29.43,0.498,0.781,Yes
4307,"Paymentus Holdings, Inc.",PAY,35.75,0.592,0.346,No
4308,Lonza Group AG,LZAGF,6.93,0.129,0.117,Yes
4309,Ellaktor S.A.,ELLKF,38.35,0.631,0.716,Yes
4310,Lumbee Guaranty Bank,LUMB,3.47,0.066,0.243,No
4311,Loews Corporation,L,10.82,0.198,0.082,No
4312,"Harte Hanks, Inc.",HHS,80.95,1.168,2.787,Yes
4313,Kernel Holding S.A.,KARNF,19.32,0.342,1.006,No
4314,Inflection Point Acquisition Corp. V,IPEXU,4.44,0.084,0.125,Yes
4315,HCM III Acquisition Corp.,HCMAU,1.75,0.033,0.108,Yes
4316,"Beaver Coal Company, Limited",BVERS,16.73,0.299,0.987,Yes
4317,NewMarket Corporation,NEU,13.86,0.251,0.62,Yes
4318,International Consolidated Airlines Group S.A.,BABWF,18.78,0.334,0.943,Yes
4319,Elastic N.V.,ESTC,50.32,0.798,1.563,Yes
4320,UnitedHealth Group Incorporated,UNH,26.16,0.452,2.268,Yes
4321,Nuveen AMT-Free Municipal Value Fund,NUW,2.63,0.05,0.017,No
4322,Teleperformance SE,TLPFY,42.93,0.699,1.425,Yes
4323,Wärtsilä Oyj Abp,WRTBF,23.74,0.414,1.493,Yes
4324,NNRF Inc.,NNRI,137.92,1.733,4.351,Yes
4325,"Elauwit Connection, Inc.",ELWT,43.48,0.708,1.611,Yes
4326,Hutchison Telecommunications Hong Kong Holdings Limited,HUTCY,12.32,0.225,0.317,No
4327,VinFast Auto Ltd.,VFSWW,99.35,1.372,3.117,No
4328,ASUSTeK Computer Inc.,ASUUY,31.65,0.538,0.516,No
4329,Polaris Renewable Energy Inc.,RAMPF,12.24,0.224,0.336,Yes
4330,HEXPOL AB (publ),HXPLF,19.97,0.355,0.654,Yes
4331,"Hon Hai Precision Industry Co., Ltd.",HNHPF,30.22,0.517,2.885,Yes
4332,"BNY Mellon Strategic Municipals, Inc.",LEO,4.02,0.077,0.239,Yes
4333,FTAI Aviation Ltd.,FTAI,34.42,0.58,0.859,Yes
4334,Public Storage,PSA,13.51,0.247,0.854,Yes
4335,Cayson Acquisition Corp,CAPNU,8.8,0.164,0.273,Yes
4336,Concordis Group Incorporated,CNGI,71.28,1.067,3.242,No
4337,"MERLIN Properties SOCIMI, S.A.",MPTYY,13.52,0.247,0.522,Yes
4338,Jersey Oil and Gas Plc,JYOGF,32.26,0.549,1.896,No
4339,Benton Resources Inc.,BNTRF,60.93,0.941,3.559,Yes
4340,Altura Energy Corp.,ALTUF,74.7,1.108,2.7,No
4341,Vortex Metals Inc.,VMSSF,44.97,0.733,0.845,Yes
4342,Range Resources Corporation,RRC,15.86,0.288,1.002,No
4343,"Exceed World, Inc.",EXDW,56.69,0.889,4.639,Yes
4344,"Obrascón Huarte Lain, S.A.",OBSJF,11.26,0.208,0.317,Yes
4345,"Utz Brands, Inc.",UTZ,61.46,0.951,0.301,No
4346,HP Inc.,HPQ,30.47,0.523,1.427,Yes
4347,"MFA Financial, Inc.",MFA-PC,8.36,0.157,0.97,Yes
4348,"Summit Hotel Properties, Inc.",INN,22.83,0.404,0.752,Yes
4349,Snam S.p.A.,SNMRF,15.99,0.291,0.13,No
4350,Crédit Agricole S.A.,CRARF,15.69,0.286,0.957,Yes
4351,"Live Nation Entertainment, Inc.",LYV,14.84,0.271,0.356,Yes
4352,Firm Capital Mortgage Investment Corporation,FCMGF,7.77,0.146,0.662,Yes
4353,"Electromed, Inc.",ELMD,41.65,0.69,1.457,Yes
4354,HMC Capital Limited,HMCLF,39.76,0.664,1.103,Yes
4355,3D Systems Corporation,DDD,51.58,0.827,4.067,Yes
4356,Fuss Brands Corp.,FBDS,56.57,0.893,1.124,No
4357,9F Inc.,JFU,79.27,1.17,1.03,Yes
4358,"Atresmedia Corporación de Medios de Comunicación, S.A.",AIOSF,9.03,0.17,0.13,No
4359,Arbutus Biopharma Corporation,ABUS,19.42,0.351,0.075,No
4360,"Dynatrace, Inc.",DT,21.03,0.378,0.538,Yes
4361,Travis Perkins plc,TPRKY,18.16,0.33,0.699,Yes
4362,"The LGL Group, Inc.",LGL,17.28,0.315,0.282,Yes
4363,Newbury Street Acquisition Corporation,NBST,30.35,0.527,0.384,No
4364,Danaher Corporation,DHR,11.36,0.213,0.167,Yes
4365,"BRC Group Holdings, Inc.",RILY,62.66,0.977,1.217,Yes
4366,Golden Agri-Resources Ltd,GARPF,20.55,0.371,1.765,Yes
4367,Three Crowns Critical Metals Inc.,TCCMF,59.57,0.938,0.078,Yes
4368,Amaero Inc.,AMRLL,60.76,0.954,3.236,Yes
4369,Similarweb Ltd.,SMWB,68.37,1.049,1.676,Yes
4370,First Trust High Yield Opportunities 2027 Term Fund,FTHY,2.3,0.045,0.254,Yes
4371,RE Royalties Ltd.,RROYF,26.0,0.46,0.701,No
4372,Numinus Wellness Inc.,NUMIF,71.03,1.083,6.84,Yes
4373,Omnicom Group Inc.,OMC,16.14,0.297,0.136,Yes
4374,Goldquest Mining Corp.,GDQMF,87.27,1.271,1.838,No
4375,Tarachi Gold Corp.,TRGGF,90.23,1.304,1.682,Yes
4376,Mexco Energy Corporation,MXC,20.29,0.367,0.087,No
4377,"PTC Therapeutics, Inc.",PTCT,24.46,0.436,0.191,Yes
4378,"BBX Capital, Inc.",BBXIA,21.88,0.394,0.066,Yes
4379,"Anything Technologies Media, Inc.",EXMT,27.28,0.482,0.707,Yes
4380,Abrdn Australia Equity Fund Inc,IAF,11.03,0.208,1.014,Yes
4381,Silver Valley Metals Corp.,SVMFF,80.09,1.193,0.145,Yes
4382,"HINTO Energy, Inc.",HENI,82.25,1.221,0.192,Yes
4383,Valuence Merger Corp. I,VMCUF,13.05,0.245,0.599,Yes
4384,PETRONAS Gas Berhad,PNAGF,22.41,0.406,0.727,Yes
4385,Kraken Robotics Inc.,KRKNF,33.9,0.588,0.53,Yes
4386,"Advanced Oxygen Technologies, Inc.",AOXY,131.97,1.738,1.621,Yes
4387,Yadea Group Holdings Ltd.,YADGF,44.3,0.744,0.262,No
4388,Moody's Corporation,MCO,8.94,0.172,0.695,Yes
4389,China Feihe Limited,CHFLF,37.82,0.65,1.302,No
4390,Legacy Education Inc.,LGCY,27.03,0.484,1.139,No
4391,"Global Business Travel Group, Inc.",GBTG,40.6,0.692,1.922,Yes
4392,"Asure Software, Inc.",ASUR,18.01,0.334,0.949,Yes
4393,Bronco Resources Corp.,SLMZF,112.1,1.556,3.401,Yes
4394,CoinShares PLC,CSHR,57.66,0.933,0.619,No
4395,NeoVolta Inc.,NEOV,106.03,1.498,0.9,No
4396,China State Construction International Holdings Limited,CCOHF,34.49,0.604,0.66,No
4397,Immatics N.V.,IMTX,20.31,0.375,1.366,Yes
4398,AudioCodes Ltd.,AUDC,15.4,0.29,0.249,Yes
4399,MSA Safety Incorporated,MSA,15.0,0.283,0.35,Yes
4400,Anghami Inc.,ANGH,32.05,0.567,1.374,No
4401,Dr. Ing. h.c. F. Porsche AG,DRPRF,15.46,0.292,1.563,Yes
4402,NYLI MacKay DefinedTerm Muni Opportunities Fund,MMD,4.68,0.093,0.331,Yes
4403,Ares Strategic Mining Inc.,ARSMF,40.81,0.702,0.235,No
4404,Silver One Resources Inc.,SLVRF,48.82,0.818,0.467,No
4405,"Curaleaf Holdings, Inc.",CURLF,46.87,0.79,4.243,Yes
4406,"PPG Industries, Inc.",PPG,14.18,0.27,0.55,Yes
4407,Global Industrial Company,GIC,17.68,0.332,0.148,No
4408,"Potash America, Inc.",PTAM,70.7,1.109,0.825,No
4409,SFC Energy AG,SSMFF,32.47,0.577,0.831,No
4410,DLP Resources Inc.,DLPRF,54.92,0.905,0.357,Yes
4411,"Ealixir, Inc.",EAXR,111.82,1.573,0.087,Yes
4412,"Aura Systems, Inc.",AUSI,90.69,1.348,3.219,Yes
4413,FuelPositive Corporation,NHHHF,128.3,1.739,0.106,Yes
4414,Net Lease Office Properties,NLOP,12.3,0.237,0.146,Yes
4415,The People's Insurance Company (Group) of China Limited,PINXY,30.14,0.542,0.255,No
4416,Alfen N.V.,ABHBY,32.19,0.575,0.232,Yes
4417,DFI Retail Group Holdings Limited,DFIHY,20.61,0.385,1.492,No
4418,China CITIC Bank Corporation Limited,CHCJY,20.84,0.389,1.454,Yes
4419,Skytop Lodge Corporation,SKTPP,29.65,0.535,1.14,Yes
4420,Fabrinet,FN,29.24,0.528,2.194,Yes
4421,POSaBIT Systems Corporation,POSAF,73.2,1.145,5.951,Yes
4422,"Neurocrine Biosciences, Inc.",NBIX,14.12,0.271,0.413,Yes
4423,Genting Malaysia Berhad,GMALF,21.79,0.405,0.699,Yes
4424,Metallium Limited,MTMCF,91.33,1.361,,
4425,Unibail-Rodamco-Westfield SE,UNBLF,10.44,0.204,0.38,Yes
4426,"Kindcard, Inc.",KCRD,51.67,0.869,2.665,No
4427,Microchip Technology Incorporated,MCHPP,29.65,0.539,2.914,Yes
4428,Brunswick Exploration Inc.,BRWXF,50.51,0.854,1.845,Yes
4429,FactSet Research Systems Inc.,FDS,19.57,0.371,0.687,Yes
4430,Deutsche Lufthansa AG,DLAKY,22.35,0.419,1.038,Yes
4431,"Impact Fusion International, Inc.",IFUS,67.46,1.085,6.609,Yes
4432,ZOO Digital Group plc,ZDGGF,49.34,0.841,1.85,Yes
4433,Acadian Timber Corp.,ACAZF,9.86,0.195,0.167,No
4434,Abeona Therapeutics Inc.,ABEO,17.37,0.334,1.566,Yes
4435,"Copa Holdings, S.A.",CPA,21.64,0.408,1.337,Yes
4436,Core Solve Corp.,XCPL,70.48,1.128,2.469,No
4437,Principal Real Estate Income Fund,PGZ,7.04,0.141,0.47,Yes
4438,Presidio Production Company,FTW,13.11,0.256,0.349,Yes
4439,AGCO Corporation,AGCO,20.96,0.397,0.555,Yes
4440,The North West Company Inc.,NNWWF,10.78,0.213,0.359,No
4441,"Simpson Manufacturing Co., Inc.",SSD,15.06,0.293,0.993,Yes
4442,"First Hawaiian, Inc.",FHB,9.95,0.198,0.537,Yes
4443,"Rubrik, Inc.",RBRK,40.29,0.713,2.2,Yes
4444,"Pinnacle Financial Partners, Inc.",PNFP,12.0,0.237,0.83,Yes
4445,"Box, Inc.",BOX,18.01,0.347,0.498,Yes
4446,PVA TePla AG,TPLKF,32.21,0.587,1.995,Yes
4447,Domino's Pizza Group plc,DMPZF,18.42,0.354,0.051,No
4448,"América Móvil, S.A.B. de C.V.",AMX,17.55,0.339,0.1,No
4449,"Sensus Healthcare, Inc.",SRTS,33.92,0.616,0.08,No
4450,Boston Omaha Corporation,BOC,6.85,0.138,0.403,Yes
4451,ECA Marcellus Trust I,ECTM,32.54,0.596,0.045,Yes
4452,Nextpower Inc.,NXT,44.5,0.782,1.095,Yes
4453,"Koito Manufacturing Co., Ltd.",KOTMY,22.74,0.432,1.406,Yes
4454,Kensington Capital Acquisition Corp. VI,KCA-UN,1.54,0.032,0.262,No
4455,Waratah Minerals Limited,BTRYF,87.18,1.349,1.373,No
4456,Generac Holdings Inc.,GNRC,39.9,0.714,2.478,Yes
4457,Rogers Communications Inc.,RCI,13.6,0.269,0.249,Yes
4458,Broadcom Inc.,AVGO,25.63,0.484,2.647,Yes
4459,"Altria Group, Inc.",MO,13.4,0.266,0.293,Yes
4460,Isabella Bank Corporation,ISBA,16.73,0.328,0.826,No
4461,Megaport Limited,MGPPF,52.16,0.899,1.912,Yes
4462,Peabody Energy Corporation,BTU,30.85,0.572,0.533,No
4463,Saab AB (publ),SAABF,29.08,0.543,0.44,Yes
4464,QBE Insurance Group Limited,QBEIF,12.45,0.248,0.222,No
4465,LPL Financial Holdings Inc.,LPLA,23.02,0.441,0.316,Yes
4466,Nuveen Municipal Credit Income Fund,NZF,4.82,0.1,0.419,Yes
4467,"Tokio Marine Holdings, Inc.",TKOMF,18.92,0.369,1.096,No
4468,ASSA ABLOY AB (publ),ASAZY,11.97,0.24,0.849,Yes
4469,"Everest Group, Ltd.",EG,11.93,0.24,0.029,Yes
4470,Molecular Partners AG,MLLCF,66.39,1.101,3.334,Yes
4471,Wise Group plc,WSE,13.9,0.277,4.053,Yes
4472,Klondike Silver Corp.,KLSVF,88.2,1.376,8.248,Yes
4473,Atlantic Lithium Limited,ALLIF,66.5,1.105,0.125,Yes
4474,Harmony Gold Mining Company Limited,HMY,30.48,0.571,2.099,Yes
4475,Spirax Group plc,SPXSY,12.22,0.246,0.917,Yes
4476,Arrival,ARVLF,79.59,1.278,1.296,Yes
4477,CMOC Group Limited,CMCLF,30.48,0.575,1.981,Yes
4478,"Viridian Therapeutics, Inc.",VRDN,42.67,0.771,0.368,Yes
4479,Li-FT Power Ltd.,LIFFF,54.33,0.945,2.222,Yes
4480,The Scotts Miracle-Gro Company,SMG,15.58,0.312,0.078,Yes
4481,"Bolsa Mexicana de Valores, S.A.B. de C.V.",BOMXF,13.69,0.276,0.014,Yes
4482,NextNav Inc.,NN,27.92,0.533,1.411,Yes
4483,Arcadis NV,ARCAY,45.12,0.811,4.363,Yes
4484,"Omada Health, Inc.",OMDA,32.87,0.617,1.974,Yes
4485,Euronext Athens Holding S.A.,HEXEY,6.37,0.133,0.634,Yes
4486,Prospect Capital Corporation,PSEC-PA,11.17,0.228,1.04,Yes
4487,"United Airlines Holdings, Inc.",UAL,23.53,0.458,0.593,Yes
4488,American Power Group Corporation,APGI,136.74,1.919,9.049,Yes
4489,Quebec Rare Earth Elements Corp.,QQREF,90.19,1.419,0.639,Yes
4490,EchoStar Corporation,ECHO,32.49,0.612,0.424,Yes
4491,Sanlorenzo S.p.A.,SNLRF,14.18,0.287,1.41,Yes
4492,Unity Software Inc.,U,42.38,0.771,1.338,Yes
4493,DMG Blockchain Solutions Inc.,DMGGF,69.64,1.162,1.822,Yes
4494,Thor Explorations Ltd.,THXPF,33.91,0.636,0.927,Yes
4495,"Ajinomoto Co., Inc.",AJINF,27.28,0.525,0.386,Yes
4496,Wayfair Inc.,W,29.03,0.555,0.212,No
4497,Texxon Holding Limited,NPT,103.67,1.578,7.587,No
4498,Stratus Properties Inc.,STRS,20.02,0.397,0.391,No
4499,Ryerson Holding Corporation,RYZ,21.56,0.425,1.962,Yes
4500,Groupe Dynamite Inc.,GRGDF,34.26,0.644,1.687,Yes
4501,"BlackRock MuniHoldings Fund, Inc.",MHD,4.22,0.089,0.444,Yes
4502,Grown Rogue International Inc.,GRUSF,58.21,1.012,1.414,Yes
4503,Hemisphere Energy Corporation,HMENF,18.01,0.361,0.131,No
4504,Lincoln Educational Services Corporation,LINC,38.05,0.708,1.229,No
4505,"Franklin Electric Co., Inc.",FELE,8.31,0.174,0.608,Yes
4506,"Northern Oil and Gas, Inc.",NOG,24.92,0.487,1.138,No
4507,Fortitude Gold Corporation,FTCO,24.98,0.488,0.276,Yes
4508,Argent Minerals Limited,ARDNF,131.81,1.891,0.715,Yes
4509,"Alarm.com Holdings, Inc.",ALRM,12.37,0.254,0.383,Yes
4510,Granite Construction Incorporated,GVA,20.21,0.403,0.947,Yes
4511,Wärtsilä Oyj Abp,WRTBY,20.2,0.403,1.576,Yes
4512,BSF Enterprise Plc,BSFAF,86.71,1.394,3.331,Yes
4513,Stillwater Critical Minerals Corp.,PGEZF,55.23,0.975,2.48,Yes
4514,JX Luxventure Group Inc.,JXG,107.35,1.637,2.973,Yes
4515,CapitaLand Investment Limited,CLILF,29.69,0.573,1.696,Yes
4516,"AlTi Global, Inc.",ALTI,16.11,0.328,0.373,Yes
4517,"Enanta Pharmaceuticals, Inc.",ENTA,25.18,0.496,0.406,Yes
4518,PIMCO California Municipal Income Fund,PCQ,4.53,0.097,0.433,Yes
4519,Neuberger Berman Income Funds - Neuberger Next Generation Connectivity Fund Inc.,NBXG,12.99,0.268,1.586,Yes
4520,"BNY Mellon Municipal Bond Infrastructure Fund, Inc.",DMB,4.66,0.1,0.428,Yes
4521,IsoEnergy Ltd.,ISOU,24.61,0.486,1.681,Yes
4522,"Everpure, Inc.",P,25.57,0.503,2.527,Yes
4523,Mach Natural Resources LP,MNR,12.73,0.264,0.646,No
4524,Northern Trust 2055 Tax-Exempt Distributing Ladder ETF,MUND,1.78,0.039,0.155,Yes
4525,Canon Inc.,CAJFF,8.57,0.181,0.203,No
4526,"Acadia Healthcare Company, Inc.",ACHC,52.19,0.937,0.916,No
4527,Olympus Corporation,OCPNF,20.46,0.411,0.996,Yes
4528,ITV plc,ITVPF,25.37,0.501,2.067,Yes
4529,Tantalus Systems Holding Inc.,TGMPF,36.49,0.691,3.152,Yes
4530,"ORIC Pharmaceuticals, Inc.",ORIC,39.21,0.736,1.721,No
4531,WD-40 Company,WDFC,17.93,0.365,0.296,Yes
4532,Accelleron Industries AG,ACLIF,16.58,0.339,0.007,Yes
4533,Frasers Logistics & Commercial Trust,FRLOF,13.13,0.272,1.089,Yes
4534,"Block, Inc.",BSQKZ,26.81,0.527,0.475,No
4535,Chemomab Therapeutics Ltd.,CMMB,62.03,1.082,2.345,Yes
4536,Covivio,GSEFF,2.81,0.061,0.077,No
4537,"Pathward Financial, Inc.",CASH,16.51,0.338,0.465,No
4538,"Hagerty, Inc.",HGTY,17.99,0.366,0.038,Yes
4539,Lincoln Gold Mining Inc.,LNCLF,118.52,1.776,3.798,No
4540,"Agilysys, Inc.",AGYS,32.14,0.621,0.488,Yes
4541,Advanced Biomed Inc.,ADVB,55.29,0.988,0.802,Yes
4542,Regal Rexnord Corporation,RRX,31.37,0.608,0.469,Yes
4543,"Venture Global, Inc.",VG,56.26,1.004,3.748,No
4544,"ServisFirst Bancshares, Inc.",SFBS,14.1,0.293,0.625,Yes
4545,Hennessy Capital Investment Corp. VII,HVIIU,3.13,0.068,0.133,Yes
4546,XAI Madison Equity Premium Income Fund,MCN,5.02,0.108,0.385,Yes
4547,Skytop Lodge Corporation,SKTP,5.7,0.123,0.409,No
4548,"American Green, Inc.",ERBB,58.99,1.045,1.644,Yes
4549,"Agora, Inc.",API,18.6,0.381,1.116,Yes
4550,LNG Energy Group Corp.,LNGNF,85.75,1.408,3.22,Yes
4551,Prairie Lithium Limited,PLIXF,66.02,1.148,4.91,Yes
4552,Ainsworth Game Technology Limited,AINSF,19.12,0.391,0.111,Yes
4553,Bytes Technology Group plc,BYITY,12.69,0.266,0.33,Yes
4554,,PSUD,89.25,1.454,8.515,Yes
4555,First Real Estate Investment Trust,FESNF,7.6,0.163,0.583,Yes
4556,"Lisata Therapeutics, Inc.",LSTA,134.5,1.962,1.474,No
4557,Sika AG,SXYAY,16.1,0.334,1.224,Yes
4558,ASICS Corporation,ASCCF,19.37,0.396,0.945,Yes
4559,"ViaDerma, Inc.",VDRM,120.67,1.82,1.097,No
4560,USCorp,USCS,70.48,1.214,2.638,Yes
4561,Boatim Inc.,BTIM,70.48,1.214,3.777,No
4562,Nextraction Energy Corp.,NXTFF,70.48,1.214,2.638,Yes
4563,Thunder Energies Corporation,TNRG,70.48,1.214,2.638,Yes
4564,Avistar Communications Corporation,AVSR,70.48,1.214,3.777,No
4565,"GASE Energy, Inc.",GASE,70.48,1.214,3.777,No
4566,"Stem Cell Authority, Ltd.",SCAL,70.48,1.214,3.71,No
4567,Tradestar Resources Corporation,TSRR,70.48,1.214,0.621,No
4568,Atento S.A.,ATTOF,70.48,1.214,1.982,No
4569,"GSV, Inc.",GSVI,70.48,1.214,3.628,No
4570,"Arno Therapeutics, Inc.",ARNI,70.48,1.214,0.121,No
4571,Guskin Gold Corp.,GKIN,70.48,1.214,0.938,No
4572,Koala Corporation,KARE,70.48,1.214,0.392,No
4573,Innovacom Inc.,MPEG,70.48,1.214,1.295,No
4574,Delic Holdings Corp.,DELCF,70.48,1.214,2.075,No
4575,Koninklijke KPN N.V.,KKPNY,8.52,0.183,0.193,No
4576,Karbon Capital Partners Corp.,KBON,0.69,0.015,0.021,Yes
4577,Future Fuels Inc.,FTURF,124.52,1.868,3.153,Yes
4578,"Caesars Entertainment, Inc.",CZR,21.06,0.431,0.439,No
4579,"Pacific Biosciences of California, Inc.",PACB,59.63,1.069,2.877,Yes
4580,Innovator International Developed Managed 10 Buffer ETF,IBFR,3.3,0.073,0.261,Yes
4581,Gen Digital Inc.,GEN,23.86,0.485,1.721,Yes
4582,"OraSure Technologies, Inc.",OSUR,28.57,0.57,1.034,Yes
4583,Genmab A/S,GNMSF,17.11,0.357,0.129,Yes
4584,Drilling Tools International Corporation,DTI,44.58,0.841,2.307,No
4585,Swisscom AG,SWZCF,12.99,0.276,0.137,Yes
4586,Regency Centers Corporation,REG,7.56,0.164,0.005,Yes
4587,RESAAS Services Inc.,RSASF,26.75,0.538,2.956,Yes
4588,Illinois Tool Works Inc.,ITW,11.1,0.238,0.198,No
4589,"Art's-Way Manufacturing Co., Inc.",ARTW,25.46,0.516,2.559,Yes
4590,Brookfield Infrastructure Partners L.P.,BIP-PA,5.93,0.13,0.56,Yes
4591,Sanara MedTech Inc.,SMTI,33.97,0.667,1.482,Yes
4592,Sembcorp Industries Ltd,SCRPF,14.61,0.309,0.11,No
4593,Radware Ltd.,RDWR,15.09,0.319,0.139,Yes
4594,Urban Edge Properties,UE,8.71,0.19,0.561,Yes
4595,Covestro AG,COVTY,4.96,0.11,0.31,Yes
4596,"Tapestry, Inc.",TPR,18.59,0.389,0.155,No
4597,Marks and Spencer Group plc,MAKSY,16.09,0.34,0.658,Yes
4598,North Bay Resources Inc.,NBRI,26.37,0.536,0.537,Yes
4599,Union Electric Company,UEPEM,2.89,0.065,0.061,Yes
4600,"Sana Biotechnology, Inc.",SANA,33.59,0.666,2.778,Yes
4601,PT AKR Corporindo Tbk,PKCPY,11.62,0.251,0.442,Yes
4602,Lincoln National Corporation,LNC,20.41,0.425,0.03,Yes
4603,Summit State Bank,SSBI,11.88,0.257,0.108,Yes
4604,Taboola.com Ltd.,TBLA,29.52,0.595,1.887,Yes
4605,Artisan Partners Asset Management Inc.,APAM,12.34,0.266,0.822,Yes
4606,"Kaltura, Inc.",KLTR,19.09,0.401,1.989,Yes
4607,Orion Diversified Holding Co. Inc.,OODH,71.15,1.253,1.644,Yes
4608,Israel Acquisitions Corp,ISRLF,11.44,0.248,1.112,No
4609,"Nippon Shinyaku Co., Ltd.",NPPNY,35.48,0.703,0.095,No
4610,"Best Buy Co., Inc.",BBY,19.73,0.415,0.261,Yes
4611,Ascletis Pharma Inc.,ASCLF,43.02,0.831,1.321,Yes
4612,Acushnet Holdings Corp.,GOLF,25.42,0.523,0.261,No
4613,"Willamette Valley Vineyards, Inc.",WVVIP,16.66,0.355,0.389,No
4614,Australian Vanadium Limited,ATVVF,78.2,1.355,4.471,Yes
4615,Imperial Petroleum Inc.,IMPP,23.18,0.482,1.396,Yes
4616,,EAIQ,105.01,1.697,1.052,Yes
4617,"MasterCraft Boat Holdings, Inc.",MCFT,13.3,0.288,0.893,Yes
4618,Safran SA,SAFRF,15.64,0.336,0.47,Yes
4619,Kingsmen Creatives Ltd.,KMNCF,11.16,0.244,0.728,No
4620,"Intapp, Inc.",INTA,36.53,0.726,1.121,No
4621,Yue Yuen Industrial (Holdings) Limited,YUEIY,16.36,0.351,0.711,Yes
4622,Clarus Corporation,CLAR,19.62,0.416,1.053,Yes
4623,ProShares Ultra NVDA,NVDB,27.79,0.571,2.964,Yes
4624,Eupraxia Pharmaceuticals Inc.,EPRX,16.59,0.356,0.536,Yes
4625,"NewtekOne, Inc.",NEWT,20.04,0.424,1.318,Yes
4626,Hydro One Limited,HRNNF,8.0,0.178,0.012,Yes
4627,Mustang Minerals Limited,MMXLF,51.35,0.973,0.213,No
4628,The Detroit Legal News Company,DTRL,13.45,0.293,0.729,Yes
4629,"Novavax, Inc.",NVAX,38.14,0.757,2.188,Yes
4630,"Tetra Tech, Inc.",TTEK,16.99,0.365,0.584,Yes
4631,"PHI Group, Inc.",PHIG,11.02,0.243,0.07,No
4632,Stifel Financial Corp.,SF,12.78,0.28,0.023,Yes
4633,OM Holdings Limited,OMHLF,3.58,0.081,0.302,Yes
4634,"Amprius Technologies, Inc.",AMPX,64.8,1.181,0.63,Yes
4635,Huntsman Corporation,HUN,24.53,0.513,0.456,Yes
4636,E.ON SE,ENAKF,16.01,0.346,0.445,Yes
4637,Blackstone Secured Lending Fund,BXSL,7.01,0.158,0.194,Yes
4638,Samsara Inc.,IOT,20.45,0.435,0.254,No
4639,"Ping An Insurance (Group) Company of China, Ltd.",PNGAY,15.25,0.331,0.585,Yes
4640,China Eastern Airlines Corporation Limited,CHEAF,35.18,0.709,1.112,Yes
4641,Hutchison Port Holdings Trust,HCTPF,18.27,0.392,1.068,Yes
4642,Northern Star Resources Limited,NESRF,23.65,0.498,1.146,Yes
4643,"Weave Communications, Inc.",WEAV,24.38,0.513,1.586,Yes
4644,Fenbo Holdings Limited,FEBO,55.51,1.048,1.892,No
4645,"MediaAlpha, Inc.",MAX,25.58,0.536,0.624,No
4646,New Oriental Education & Technology Group Inc.,EDU,20.66,0.442,0.753,No
4647,Perpetual Industries Inc.,PRPI,115.34,1.85,2.887,Yes
4648,"CarParts.com, Inc.",PRTS,42.69,0.843,0.456,No
4649,Nayax Ltd.,NYAX,23.72,0.502,1.158,Yes
4650,"Daikin Industries,Ltd.",DKILF,15.92,0.348,1.223,Yes
4651,"EHAVE, Inc.",EHVVF,77.6,1.378,0.758,Yes
4652,Vanda Pharmaceuticals Inc.,VNDA,43.86,0.865,0.054,Yes
4653,Galectin Therapeutics Inc.,GALT,68.2,1.246,0.839,No
4654,EFG International AG,EFGIF,11.9,0.265,0.456,Yes
4655,"Senseonics Holdings, Inc.",SENS,56.21,1.066,1.76,Yes
4656,Vornado Realty Trust,VNO-PL,6.08,0.139,0.748,Yes
4657,,SOJF,2.13,0.049,0.202,Yes
4658,NextDecade Corporation,NEXT,25.34,0.536,1.302,No
4659,World Acceptance Corporation,WRLD,30.25,0.628,0.078,Yes
4660,Straumann Holding AG,SAUHY,15.21,0.335,1.208,Yes
4661,"The Baldwin Insurance Group, Inc.",BWIN,30.6,0.636,0.73,No
4662,OCI N.V.,OCINF,12.19,0.272,0.635,Yes
4663,"Merit Medical Systems, Inc.",MMSI,15.12,0.334,0.027,No
4664,"Sarepta Therapeutics, Inc.",SRPT,34.32,0.705,0.843,No
4665,ProShares CoinDesk 20 Crypto ETF,KRYP,24.27,0.518,0.657,Yes
4666,Crown Equity Holdings Inc.,CRWE,124.98,1.981,0.988,Yes
4667,Realty Income Corporation,O,8.84,0.201,0.322,Yes
4668,uniQure N.V.,QURE,61.3,1.152,2.434,Yes
4669,Genmab A/S,GMAB,13.03,0.291,0.327,Yes
4670,LogProstyle Inc.,LGPS,32.9,0.681,0.09,No
4671,Dingdong (Cayman) Limited,DDL,34.56,0.711,0.081,No
4672,Africa Energy Corp.,HPMCF,54.72,1.052,3.088,No
4673,Securitas AB (publ),SCTBF,13.89,0.31,0.157,Yes
4674,"Salesforce, Inc.",CRM,29.41,0.62,0.631,Yes
4675,"Extreme Networks, Inc.",EXTR,33.64,0.698,2.483,Yes
4676,EPR Properties,EPR-PC,13.29,0.299,0.829,Yes
4677,Pony Group Inc.,PNYG,118.37,1.922,4.782,No
4678,Südzucker AG,SUEZF,11.33,0.257,0.057,No
4679,Accelleron Industries AG,ACLLY,16.21,0.36,1.331,Yes
4680,Adecco Group AG,AHEXY,28.94,0.612,0.252,Yes
4681,Eaton Corporation plc,ETN,14.35,0.322,1.187,Yes
4682,Nova Ltd.,NVMI,27.67,0.59,1.12,Yes
4683,Arkema S.A.,ARKAF,17.97,0.398,0.48,Yes
4684,"NRx Pharmaceuticals, Inc.",NRXP,41.7,0.846,3.487,Yes
4685,"HealthWarehouse.com, Inc.",HEWA,27.42,0.586,0.05,Yes
4686,Community Healthcare Trust Incorporated,CHCT,12.27,0.278,0.426,Yes
4687,Fosun International Limited,FOSUY,25.78,0.555,0.759,Yes
4688,Edison Lithium Corp.,EDDYF,75.44,1.379,2.116,Yes
4689,Sify Technologies Limited,SIFY,21.05,0.462,2.077,Yes
4690,"IDACORP, Inc.",IDA,7.8,0.181,0.118,No
4691,CDN Maverick Capital Corp.,AXVEF,38.27,0.791,2.428,Yes
4692,Deterra Royalties Limited,DETRF,14.05,0.319,1.431,Yes
4693,Tesco PLC,TSCDF,13.09,0.299,0.034,Yes
4694,Invesco S&P 500 Equal Weight Consumer Discretionary ETF,RCD,11.37,0.262,1.633,Yes
4695,Tele2 AB (publ),TLTZY,11.36,0.262,0.201,No
4696,Elekta AB (publ),EKTAF,15.42,0.349,0.335,Yes
4697,Journey Medical Corporation,DERM,28.69,0.618,3.058,Yes
4698,PSP Swiss Property AG,PSPSF,6.88,0.162,0.138,No
4699,Biohaven Ltd.,BHVN,35.52,0.748,2.208,Yes
4700,Getinge AB (publ),GNGBF,10.95,0.254,0.404,No
4701,"Crown Crafts, Inc.",CRWS,7.63,0.179,0.744,Yes
4702,OneSpan Inc.,OSPN,21.35,0.475,1.158,Yes
4703,Magnera Corporation,MAGN,36.47,0.767,0.885,Yes
4704,Tiernan Gold Corp.,RLTWF,25.65,0.562,0.172,Yes
4705,"Lumen Technologies, Inc.",LUMN,48.7,0.983,3.732,Yes
4706,Agree Realty Corporation,ADC,7.91,0.186,0.054,Yes
4707,Sprott Physical Platinum & Palladium Tr,SPPP,16.08,0.366,0.72,Yes
4708,"United Rentals, Inc.",URI,19.44,0.436,2.172,Yes
4709,Nexans S.A.,NEXNY,24.44,0.539,3.4,Yes
4710,Shield Therapeutics plc,SHIEF,65.81,1.261,3.097,Yes
4711,Security National Financial Corporation,SNFCA,7.32,0.173,0.28,No
4712,NV Bekaert SA,BEKAY,10.51,0.245,0.611,Yes
4713,Starhill Global Real Estate Investment Trust,SGLMF,8.11,0.191,0.371,Yes
4714,BioCorRx Inc.,BICX,69.26,1.316,0.283,Yes
4715,Huron Consulting Group Inc.,HURN,39.69,0.829,0.02,Yes
4716,Suntec Real Estate Investment Trust,SURVF,13.14,0.304,0.051,No
4717,"Alpha G Investment Management, Inc.",TETAA,7.02,0.167,0.363,No
4718,Geron Corporation,GERN,18.67,0.423,0.138,No
4719,"Mativ Holdings, Inc.",MATV,25.71,0.567,1.46,Yes
4720,China Hongqiao Group Limited,CHHQY,22.97,0.512,0.212,No
4721,District Copper Corp.,CAXPF,46.69,0.956,0.048,Yes
4722,OTG Acquisition Corp. I,OTGAW,25.96,0.572,2.353,Yes
4723,NervGen Pharma Corp.,NGEN,56.66,1.125,1.371,No
4724,Sky Harbour Group Corporation,SKYH,10.33,0.243,0.123,No
4725,Straumann Holding AG,SAUHF,15.37,0.354,1.047,Yes
4726,"BNY Mellon Strategic Municipal Bond Fund, Inc.",DSM,3.71,0.09,0.225,Yes
4727,"Invivyd, Inc.",IVVD,69.91,1.335,2.384,Yes
4728,Sonova Holding AG,SONVF,20.97,0.473,1.769,Yes
4729,Strike Energy Limited,STKKF,51.17,1.037,0.171,Yes
4730,Alpha Star Acquisition Corporation,ALSAF,19.91,0.452,0.557,No
4731,Advantage Solutions Inc.,ADV,62.11,1.218,1.89,Yes
4732,SLC Agrícola S.A.,SLCJY,15.13,0.35,0.631,No
4733,LondonMetric Property Plc,LNSPF,16.26,0.375,2.115,Yes
4734,Enbridge Inc.,ENBRF,6.3,0.151,0.05,Yes
4735,Zomedica Corp.,ZOMDF,33.15,0.717,0.861,No
4736,Mitsubishi HC Capital Inc.,MIUFY,14.53,0.338,0.553,No
4737,Jiangsu Expressway Company Limited,JEXYF,13.56,0.317,0.495,No
4738,"CAVA Group, Inc.",CAVA,25.45,0.568,0.032,Yes
4739,Hannover Rück SE,HVRRF,10.43,0.247,0.099,No
4740,"Rafarma Pharmaceuticals, Inc.",RAFA,69.89,1.345,0.201,No
4741,"PURE Bioscience, Inc.",PURE,44.59,0.931,2.285,No
4742,"Radnostix, Inc.",INIS,46.85,0.972,0.457,Yes
4743,Franklin Covey Co.,FC,31.33,0.686,1.855,Yes
4744,Paradise Entertainment Limited,PDSSF,61.73,1.221,0.061,Yes
4745,Scentre Group,STGPF,22.44,0.508,2.312,Yes
4746,Progress Software Corporation,PRGS,24.64,0.554,2.338,Yes
4747,Lumina Metals Corp.,LMCUF,48.54,1.002,,
4748,Henkel AG & Co. KGaA,HELKF,9.38,0.224,0.001,Yes
4749,DSV A/S,DSDVF,11.21,0.266,0.533,Yes
4750,"Kestra Medical Technologies, Ltd.",KMTS,16.18,0.377,0.975,Yes
4751,Frequency Exchange Corp.,FRECF,58.75,1.18,1.654,Yes
4752,AMG Critical Materials N.V.,AMVMF,23.22,0.528,1.222,Yes
4753,Sekur Private Data Ltd.,SWISF,60.35,1.213,2.847,Yes
4754,"Chugai Pharmaceutical Co., Ltd.",CHGCF,17.34,0.406,0.141,Yes
4755,BlueLinx Holdings Inc.,BXC,28.14,0.632,0.825,Yes
4756,"Fortun Holdings, Corp.",FRTU,57.26,1.164,0.437,No
4757,PIMCO New York Municipal Income Fund II,PNI,3.28,0.081,0.343,Yes
4758,Dalrada Technology Group Inc.,DHTI,93.23,1.709,1.343,No
4759,"Cohen & Steers Quality Income Realty Fund, Inc.",RQI,9.61,0.232,0.995,Yes
4760,"Avenue Therapeutics, Inc.",ATXI,80.76,1.534,1.876,Yes
4761,Vantex Resources Ltd.,VANTF,113.93,1.985,6.476,No
4762,Heidmar Maritime Holdings Corp.,HMR,35.28,0.774,2.15,Yes
4763,Haidilao International Holding Ltd.,HDALF,13.08,0.312,0.627,No
4764,ADENTRA Inc.,HDIUF,14.29,0.34,0.97,Yes
4765,Chartwell Retirement Residences,CWSRF,10.6,0.256,0.743,Yes
4766,"First Trust Enhanced Stocks, Bonds & Gold ETF",ESBG,10.48,0.254,0.979,Yes
4767,Athene Holding Ltd. 7.250% Fixe,ATHS,3.18,0.08,0.488,Yes
4768,Milestone Scientific Inc.,MLSS,26.95,0.611,1.133,Yes
4769,"Magnite, Inc.",MGNI,25.18,0.575,0.95,Yes
4770,SL Green Realty Corp.,SLG-PI,4.93,0.122,0.472,Yes
4771,EPR Properties,EPR,14.13,0.337,1.016,Yes
4772,RF Acquisition Corp III,RFAMU,0.61,0.016,0.071,Yes
4773,"ZipRecruiter, Inc.",ZIP,40.09,0.87,3.936,Yes
4774,GridAI Technologies Corp.,GRDX,91.41,1.703,5.744,Yes
4775,China Merchants Port Holdings Company Limited,CMHHY,11.37,0.276,0.027,No
4776,Kolibri Global Energy Inc.,KGEI,25.42,0.585,1.625,No
4777,BT Group plc,BTGOF,13.25,0.32,0.405,Yes
4778,"Dillard's, Inc.",DDS,9.82,0.241,0.329,Yes
4779,Zurich Insurance Group AG,ZFSVF,6.22,0.155,0.459,No
4780,Fox Corporation,FOXA,17.48,0.416,0.87,Yes
4781,"Cantor Equity Partners IV, Inc.",CEPF,2.12,0.054,0.177,Yes
4782,"Dai Nippon Printing Co., Ltd.",DNPCF,11.49,0.281,0.367,No
4783,"Manhattan Associates, Inc.",MANH,21.93,0.514,0.503,Yes
4784,DEUTZ Aktiengesellschaft,DEUZF,20.7,0.488,1.749,Yes
4785,AstraZeneca PLC,AZN,10.73,0.263,0.295,No
4786,Claritev Corporation,CTEV,68.88,1.378,3.565,Yes
4787,Wells Fargo & Company,WFC,7.51,0.187,0.104,Yes
4788,Castor Maritime Inc.,CTRM,14.81,0.358,1.166,Yes
4789,"Arvinas, Inc.",ARVN,20.33,0.481,0.473,Yes
4790,Nevada King Gold Corp.,NKGFF,38.86,0.859,0.812,Yes
4791,"BlackRock MuniYield New York Quality Fund, Inc.",MYN,3.7,0.094,0.495,Yes
4792,Curtiss-Wright Corporation,CW,14.12,0.343,0.424,Yes
4793,Eagle Plains Resources Ltd.,EGPLF,16.1,0.388,0.247,No
4794,Photocure ASA,PHCUF,13.72,0.334,0.119,Yes
4795,EPR Properties,EPR-PG,5.33,0.135,0.132,No
4796,"Century Communities, Inc.",CCS,19.79,0.472,0.278,No
4797,Carlisle Companies Incorporated,CSL,11.1,0.274,0.623,Yes
4798,Hubbell Incorporated,HUBB,10.47,0.26,0.132,Yes
4799,Pinewood Technologies Group PLC,PINWF,39.17,0.87,0.037,No
4800,Arko Corp.,ARKO,27.84,0.645,1.318,Yes
4801,Tele2 AB (publ),TLTZF,10.52,0.262,0.037,Yes
4802,Vornado Realty Trust,VNO-PO,3.67,0.094,0.4,Yes
4803,"Ping An Insurance (Group) Company of China, Ltd.",PIAIF,12.9,0.319,0.715,Yes
4804,London Stock Exchange Group plc,LDNXF,12.27,0.304,1.01,Yes
4805,HNI Corporation,HNI,22.26,0.53,0.735,Yes
4806,Kisses From Italy Inc.,KITL,139.16,2.365,10.874,Yes
4807,"The Gap, Inc.",GAP,15.71,0.385,0.496,Yes
4808,"iHeartMedia, Inc.",IHRT,62.47,1.298,5.468,Yes
4809,Saab AB (publ),SAABY,22.6,0.539,0.1,Yes
4810,TriplePoint Venture Growth BDC Corp.,TPVG,16.05,0.393,0.876,Yes
4811,Serrano Resources Ltd.,MIRXF,36.62,0.831,1.736,No
4812,"Atara Biotherapeutics, Inc.",ATRA,79.53,1.577,3.409,Yes
4813,Hexagon AB (publ),HXGBY,13.05,0.324,1.367,Yes
4814,"Nextdoor Holdings, Inc.",NXDR,22.23,0.532,2.344,Yes
4815,"Trinity Industries, Inc.",TRN,11.43,0.286,0.03,Yes
4816,Orion Properties Inc.,ONL,18.6,0.453,2.576,Yes
4817,Sable Offshore Corp.,SOC,118.24,2.129,4.87,No
4818,Grafton Resources Inc.,GFTFF,50.9,1.109,2.711,Yes
4819,Granada Gold Mine Inc.,GBBFF,38.11,0.869,0.836,No
4820,International Bancshares Corporation,IBOC,5.47,0.142,0.254,Yes
4821,DRDGOLD Limited,DRDGF,29.09,0.687,1.314,Yes
4822,AXA SA,AXAHF,8.76,0.224,0.365,Yes
4823,Addtech AB (publ.),ADDHY,8.78,0.225,0.593,Yes
4824,Stillfront Group AB (publ),STLFF,37.58,0.862,3.457,Yes
4825,Swvl Holdings Corp.,SWVL,65.75,1.377,4.173,Yes
4826,CLPS Incorporation,CLPS,21.51,0.524,1.208,Yes
4827,Kyivstar Group Ltd.,KYIV,18.56,0.458,2.116,Yes
4828,Defense Metals Corp.,DFMTF,58.82,1.261,1.995,Yes
4829,London Stock Exchange Group plc,LSEGY,10.28,0.263,0.625,Yes
4830,"TPG Mortgage Investment Trust, Inc.",MITT-PB,9.17,0.236,1.253,Yes
4831,"Santen Pharmaceutical Co., Ltd.",SNPHY,11.27,0.288,0.054,No
4832,Vow ASA,SSHPF,45.77,1.027,2.515,Yes
4833,Permex Petroleum Corporation,OILCF,52.83,1.158,3.375,No
4834,IMPACT Silver Corp.,ISVLF,37.18,0.86,2.44,Yes
4835,Western Asset Intermediate Muni Fund Inc.,SBI,2.5,0.067,0.217,Yes
4836,"Motorola Solutions, Inc.",MSI,13.32,0.338,0.042,No
4837,Meridian Holdings Inc.,MRDN,30.9,0.733,2.849,Yes
4838,"InsCorp, Inc.",IBTN,3.65,0.097,0.429,Yes
4839,Wuling Motors Holdings Limited,WLMTF,21.07,0.52,0.126,No
4840,"Concrete Leveling Systems, Inc.",CLEV,74.73,1.541,5.169,No
4841,Atlanticus Holdings Corporation,ATLCP,6.37,0.167,0.905,Yes
4842,Grounded Lithium Corp.,GRDAF,43.53,0.99,0.798,Yes
4843,"Shin-Etsu Chemical Co., Ltd.",SHECF,15.09,0.382,0.953,Yes
4844,VivoPower PLC,VIVO,56.79,1.239,5.262,Yes
4845,Tungtex (Holdings) Company Limited,TUGHF,14.94,0.379,0.409,No
4846,"Aquestive Therapeutics, Inc.",AQST,37.5,0.873,0.253,No
4847,Syn Prop & Tech S.A.,SYYNY,18.19,0.455,0.45,Yes
4848,Lion Rock Resources Inc.,LRRIF,33.89,0.8,2.22,Yes
4849,"TDH Holdings, Inc.",PETZ,20.15,0.501,0.764,No
4850,Collective Mining Ltd.,CNL,26.58,0.645,0.358,Yes
4851,Bank of Queensland Limited,BKQNY,9.71,0.253,0.229,No
4852,"BlackRock MuniHoldings California Quality Fund, Inc.",MUC,3.51,0.094,0.471,Yes
4853,"CBIZ, Inc.",CBZ,38.43,0.9,1.087,Yes
4854,"Porch Group, Inc.",PRCH,33.22,0.793,2.408,Yes
4855,Volvo Car AB (publ.),VLVCY,39.78,0.929,2.742,Yes
4856,"Leopard Energy, Inc.",LEEN,25.41,0.625,0.361,Yes
4857,Manitou BF SA,MAOIF,7.75,0.205,0.5,Yes
4858,JZR Gold Inc.,JZRIF,51.7,1.16,0.291,No
4859,Hydreight Technologies Inc.,HYDTF,33.89,0.809,4.478,Yes
4860,"Liberty Live Holdings, Inc.",LLYVK,12.08,0.314,0.061,Yes
4861,Chervon Holdings Limited,CHRHF,32.91,0.788,0.069,No
4862,Armada Acquisition Corp. II,XRPN,0.93,0.025,0.016,Yes
4863,QinetiQ Group plc,QNTQF,19.39,0.49,0.829,Yes
4864,DSV A/S,DSDVY,9.77,0.257,0.552,Yes
4865,Sodexo S.A.,SDXAY,9.8,0.258,0.128,Yes
4866,Primo Brands Corporation,PRMB,20.82,0.524,1.669,Yes
4867,Catalyst One Exploration Corp.,SMRVF,33.25,0.798,3.52,No
4868,ASICS Corporation,ASCCY,14.99,0.386,0.658,Yes
4869,Commonwealth Bank of Australia,CMWAY,12.95,0.336,0.067,Yes
4870,"XY Labs, Inc.",XYLB,65.39,1.414,1.584,No
4871,Italian Food & Beverage Corp.,IFBC,23.64,0.59,1.163,No
4872,Battery Mineral Resources Corp.,BTRMF,27.89,0.685,0.402,Yes
4873,"Zeo ScientifiX, Inc.",ZEOX,30.55,0.744,0.057,No
4874,L'Oréal S.A.,LRLCY,7.19,0.192,0.955,Yes
4875,"Shanghai Electric Group Co., Ltd.",SIELF,25.08,0.624,1.342,No
4876,AirJoule Technologies Corporation,AIRJ,36.83,0.877,3.406,Yes
4877,Hansoh Pharmaceutical Group Company Limited,HNSPF,13.28,0.347,0.924,No
4878,TerraCom Limited,TERCF,38.28,0.909,3.203,No
4879,Cherry Hill Mortgage Investment Corporation,CHMI-PA,4.44,0.121,0.059,No
4880,Lafayette Digital Acquisition Corp. I,ZKPU,0.52,0.014,0.026,No
4881,Emerson Radio Corp.,MSN,19.22,0.491,1.566,Yes
4882,"Woodstock Holdings, Inc.",WSFL,66.29,1.441,1.717,Yes
4883,Cokal Limited,CKALF,37.76,0.901,0.724,No
4884,Eaton Vance Municipal Bond Fund,EIM,2.4,0.066,0.22,Yes
4885,"Sprinklr, Inc.",CXM,21.26,0.54,0.605,No
4886,Kao Corporation,KAOOY,7.26,0.196,0.006,No
4887,Seaboard Corporation,SEB,20.47,0.522,0.848,No
4888,Magellan Copper and Gold Corp.,MAGE,65.49,1.438,0.103,No
4889,Maritana Minerals Limited,HRZMF,48.15,1.117,2.361,Yes
4890,Orex Minerals Inc.,ORMNF,47.27,1.1,0.582,No
4891,PepGen Inc.,PEPG,54.22,1.237,1.982,Yes
4892,Challenger Limited,CFIGF,3.49,0.096,0.115,No
4893,Pandora A/S,PNDRY,19.38,0.5,1.113,Yes
4894,Old Republic International Corporation,ORI,11.19,0.299,0.452,No
4895,"MSC Income Fund, Inc.",MSIF,9.74,0.262,0.42,Yes
4896,"First Niles Financial, Inc.",FNFI,6.65,0.181,0.139,Yes
4897,Oxford Square Capital Corp.,OXSQ,18.95,0.491,0.216,No
4898,Persimmon Plc,PSMMY,14.13,0.374,1.217,Yes
4899,"USS Co., Ltd.",USSJY,11.19,0.3,0.778,Yes
4900,Vertiqal Studios Corp.,VERTF,115.94,2.238,1.954,No
4901,"Curative Biotechnology, Inc.",CUBT,63.58,1.414,0.021,No
4902,BANDAI NAMCO Holdings Inc.,NCBDY,15.93,0.419,0.057,No
4903,Ovation Science Inc.,OVATF,80.14,1.702,4.545,Yes
4904,"CenterPoint Energy, Inc.",CNP,6.1,0.168,0.186,No
4905,Micropolis AI Robotics,MCRP,87.21,1.818,2.541,Yes
4906,DRJ International Group Limited Inc.,DRJG,37.34,0.908,4.242,Yes
4907,KION GROUP AG,KNNGF,16.76,0.44,1.37,Yes
4908,"Miami International Holdings, Inc.",MIAX,17.83,0.467,1.534,Yes
4909,H & M Hennes & Mauritz AB (publ),HMRZF,7.88,0.215,0.134,No
4910,Ev Dynamics (Holdings) Limited,CHDHF,79.53,1.696,0.022,Yes
4911,Ocado Group plc,OCDDY,22.95,0.59,1.671,Yes
4912,"Molina Healthcare, Inc.",MOH,29.26,0.735,2.567,Yes
4913,Ypsomed Holding AG,YPHDF,12.16,0.327,0.288,No
4914,Irving Resources Inc.,IRVRF,27.67,0.701,0.125,Yes
4915,"McGraw Hill, Inc.",MH,30.1,0.756,0.644,No
4916,"Shoals Technologies Group, Inc.",SHLS,41.46,1.0,3.291,Yes
4917,Vanguard Target Maturity 2031 Corporate Bond ETF,VBCE,0.51,0.015,0.061,Yes
4918,"Konica Minolta, Inc.",KNCAY,15.53,0.413,0.572,Yes
4919,GitLab Inc.,GTLB,28.49,0.721,2.616,Yes
4920,"MapLight Therapeutics, Inc.",MPLT,46.67,1.111,2.574,Yes
4921,Roots Corporation,RROTF,12.63,0.341,0.788,No
4922,CONMED Corporation,CNMD,22.63,0.588,0.649,Yes
4923,PT Unilever Indonesia Tbk,UNLRY,22.31,0.58,0.65,No
4924,Forestar Group Inc.,FOR,12.66,0.342,1.208,Yes
4925,Avolta AG,DUFRY,11.25,0.307,0.012,Yes
4926,"CIBL, Inc.",CIBY,0.66,0.019,0.024,Yes
4927,Banco Bradesco S.A.,BBDO,16.32,0.436,0.395,Yes
4928,"MFA Financial, Inc.",MFA-PB,5.47,0.153,0.735,Yes
4929,VSBLTY Groupe Technologies Corp.,VSBGF,73.44,1.618,7.559,Yes
4930,"Carlyle Secured Lending, Inc.",CGBD,10.26,0.282,0.509,Yes
4931,Enbridge Inc.,ENB,6.0,0.168,0.184,No
4932,Covivio,FNCDY,5.21,0.146,0.006,Yes
4933,Two Harbors Investment Corp.,TWOD,2.14,0.061,0.228,Yes
4934,TechPrecision Corporation,TPCS,27.01,0.695,3.115,Yes
4935,REGENXBIO Inc.,RGNX,39.5,0.973,0.396,No
4936,AllianceBernstein Holding L.P.,AB,7.62,0.212,0.638,Yes
4937,"Mission Produce, Inc.",AVO,11.32,0.311,0.557,No
4938,Konami Group Corporation,KONMY,10.59,0.291,0.867,Yes
4939,"H&R Block, Inc.",HRB,17.6,0.471,0.683,Yes
4940,Energy Fuels Inc.,UUUU,38.0,0.943,2.525,Yes
4941,"Nemak, S. A. B. de C. V.",NMAKF,10.98,0.303,0.834,Yes
4942,UPM-Kymmene Oyj,UPMMY,7.87,0.22,0.213,No
4943,Luye Pharma Group Ltd.,LYPHF,29.2,0.749,0.396,No
4944,American Tungsten Corp.,TUNGF,35.67,0.894,1.013,Yes
4945,Fox Corporation,FOX,14.77,0.401,0.83,Yes
4946,Elite Express Holding Inc.,ETS,39.05,0.969,4.033,No
4947,Green Rain Energy Holdings Inc.,GREH,48.72,1.17,2.037,No
4948,Langham Hospitality Investments Limited,LMMHF,57.19,1.339,1.013,Yes
4949,UL Solutions Inc.,ULS,16.43,0.445,0.15,Yes
4950,"theglobe.com, inc.",TGLO,68.84,1.559,2.122,Yes
4951,Nuveen New York Municipal Value Fund,NNY,3.38,0.097,0.341,Yes
4952,Vallourec S.A.,VLOUF,16.84,0.457,1.23,Yes
4953,Aumovio SE,AMVOY,15.99,0.437,1.706,Yes
4954,"Lineage, Inc.",LINE,13.83,0.381,1.831,Yes
4955,Mastercard Incorporated,MA,5.99,0.171,0.004,Yes
4956,NUGL Inc.,NUGL,63.81,1.476,1.259,Yes
4957,Atmus Filtration Technologies Inc.,ATMU,15.5,0.425,0.052,Yes
4958,Evolution AB (publ),EVVTY,12.41,0.345,0.873,Yes
4959,Laramide Resources Ltd.,LMRXF,33.11,0.851,2.145,Yes
4960,Drax Group plc,DRXGY,10.44,0.293,0.563,No
4961,Yue Yuen Industrial (Holdings) Limited,YUEIF,17.61,0.481,1.024,No
4962,"Traeger, Inc.",COOK,42.8,1.065,5.353,Yes
4963,Sika AG,SKFOF,13.82,0.384,1.054,Yes
4964,OMNIQ Corp.,OMQS,40.99,1.031,1.369,Yes
4965,Prudential plc,PUKPF,13.6,0.38,0.678,No
4966,"ParkVida Group, Inc.",PRKV,25.88,0.688,0.54,No
4967,Q-Gold Resources Ltd.,QGLDF,54.84,1.32,7.26,Yes
4968,"Aurora Innovation, Inc.",AUR,24.12,0.647,3.67,Yes
4969,"Global Net Lease, Inc.",GNL-PB,4.22,0.123,0.299,Yes
4970,Ventripoint Diagnostics Ltd.,VPTDF,25.45,0.682,0.596,Yes
4971,"Yum China Holdings, Inc.",YUMC,11.53,0.327,0.286,No
4972,RTL Group S.A.,RGLXY,27.81,0.739,3.173,Yes
4973,RLI Corp.,RLI,10.86,0.309,0.701,No
4974,BCE Inc.,BCE,7.78,0.224,0.103,Yes
4975,United Corporations Limited,UCPLF,6.78,0.197,0.489,Yes
4976,Brookfield Finance Inc. 4.50% P,BNJ,3.47,0.102,0.429,Yes
4977,PennyMac Mortgage Investment Trust,PMT-PC,4.69,0.138,0.737,Yes
4978,Northern Trust 2035 Tax-Exempt Distributing Ladder ETF,MUNB,1.11,0.033,0.142,Yes
4979,Evolution PowerX Corp.,ETOLF,14.09,0.398,0.704,Yes
4980,Tesco PLC,TSCDY,7.34,0.213,0.324,No
4981,Copper Road Resources Inc.,STGDF,87.12,1.934,0.459,No
4982,Trane Technologies plc,TT,11.66,0.333,1.168,Yes
4983,"Stran & Company, Inc.",SWAG,19.62,0.543,1.008,Yes
4984,DLocal Limited,DLO,10.86,0.311,0.307,No
4985,Helium Evolution Incorporated,HEEVF,39.48,1.016,3.86,No
4986,Nexxen International Ltd.,NEXN,13.67,0.388,0.768,Yes
4987,Argo Graphene Solutions Corp.,ARLSF,22.92,0.628,1.932,Yes
4988,Youxin Technology Ltd,YAAS,108.01,2.28,0.301,No
4989,"Accel Entertainment, Inc.",ACEL,8.45,0.247,0.65,Yes
4990,London BTC Company Limited,VINZF,128.51,2.592,2.441,Yes
4991,Hannan Metals Ltd.,HANNF,17.41,0.49,0.198,Yes
4992,"Grid Dynamics Holdings, Inc.",GDYN,21.55,0.597,1.925,Yes
4993,LICT Corporation,LICT,6.88,0.203,0.768,No
4994,"Maze Therapeutics, Inc.",MAZE,20.12,0.562,0.55,Yes
4995,Ranchero Gold Corp.,RNCHF,47.62,1.205,0.736,No
4996,Smoore International Holdings Limited,SMORF,19.77,0.555,0.91,Yes
4997,"111, Inc.",YI,94.61,2.09,0.618,Yes
4998,Brookfield Infrastructure Partners L.P.,BIP-PB,3.99,0.12,0.352,Yes
4999,BeOne Medicines AG,ONC,10.84,0.316,0.259,Yes
5000,Tron Inc.,TRON,40.36,1.051,2.196,No
5001,"AvalonBay Communities, Inc.",VMRK,5.89,0.176,0.641,Yes
5002,SATO Technologies Corp.,CCPUF,37.67,0.994,2.066,Yes
5003,Ondas Inc.,ONDS,25.38,0.7,2.067,Yes
5004,ASX Limited,ASXFF,19.09,0.54,1.637,Yes
5005,"TWFG, Inc.",TWFG,17.05,0.487,0.056,Yes
5006,Invesque Inc.,MHIVF,38.85,1.024,0.255,Yes
5007,Palantir Technologies Inc.,PLTR,25.77,0.713,0.727,Yes
5008,Vesuvius plc,CKSNY,11.31,0.332,0.459,No
5009,DNOW Inc.,DNOW,13.23,0.385,0.982,Yes
5010,"Liberty Live Holdings, Inc.",LLYVA,10.59,0.312,0.07,Yes
5011,Merchants Bancorp,MBINN,4.8,0.145,0.544,Yes
5012,Moolec Science SA,MLEC,85.02,1.955,5.741,Yes
5013,"GMO internet group, Inc.",GMOYF,20.11,0.573,1.926,Yes
5014,"Life's Time Capsule Services, Inc.",LTCP,44.6,1.162,1.18,Yes
5015,Kits Eyecare Ltd.,KTYCF,19.84,0.567,0.569,Yes
5016,Hypera S.A.,HYPMY,12.25,0.362,0.852,Yes
5017,"Sonic Automotive, Inc.",SAH,11.17,0.331,0.184,Yes
5018,NewAmsterdam Pharma Company N.V.,NAMSW,33.06,0.901,2.097,Yes
5019,AMG GW&K Muni Income ETF,MUNX,1.36,0.042,0.184,Yes
5020,Suncorp Group Limited,SNMCY,9.11,0.273,0.441,Yes
5021,Grainger plc,GRGTF,13.76,0.405,0.522,Yes
5022,"Qorvo, Inc.",QRVO,11.37,0.339,2.022,Yes
5023,Cousins Properties Incorporated,CUZ,9.32,0.28,0.849,Yes
5024,"Aemetis, Inc.",AMTX,59.58,1.492,4.434,No
5025,Tuktu Resources Ltd.,JAMGF,119.8,2.55,2.879,Yes
5026,"Hercules Capital, Inc.",HTGC,9.71,0.292,0.532,Yes
5027,"Energy Focus, Inc.",EFOI,37.13,1.004,5.196,Yes
5028,"American Nortel Communications, Inc.",ARTM,60.72,1.519,3.168,Yes
5029,"Xeris Biopharma Holdings, Inc.",XERS,18.19,0.529,0.601,Yes
5030,Origin Energy Limited,OGFGF,11.35,0.34,0.977,No
5031,"SPX Technologies, Inc.",SPXC,12.56,0.374,0.907,Yes
5032,Alliant Energy Corporation,LNT,5.89,0.181,0.031,No
5033,"RiverNorth Opportunities Fund, Inc.",RIV,4.21,0.13,0.69,Yes
5034,Capital Clean Energy Carriers Corp.,CCEC,7.12,0.218,0.845,Yes
5035,Berto Acquisition Corp.,TACO,0.99,0.031,0.074,Yes
5036,CleanTech Vanadium Mining Corp.,CTVFF,49.24,1.289,3.799,Yes
5037,Toews Agility Shares Hedged Risk ETF,HRSK,2.55,0.08,,
5038,Duluth Holdings Inc.,DLTH,31.21,0.87,1.984,No
5039,Embracer Group AB (publ),EBCRY,38.4,1.043,0.838,Yes
5040,Akbank T.A.S.,AKBTY,22.59,0.651,1.232,Yes
5041,Volvo Car AB (publ.),VLVOF,31.99,0.891,1.843,Yes
5042,Ninety One Group,NINTF,14.45,0.431,0.76,No
5043,Koninklijke KPN N.V.,KKPNF,7.03,0.217,0.256,No
5044,Vyre Network,VYRE,51.78,1.351,2.011,No
5045,DIRTT Environmental Solutions Ltd.,DRTTF,11.87,0.359,0.336,Yes
5046,Sonova Holding AG,SONVY,11.99,0.363,1.023,Yes
5047,TAL Education Group,TAL,16.24,0.483,0.69,No
5048,"FalconStor Software, Inc.",FALC,29.53,0.835,1.449,No
5049,Acadia Realty Trust,AKR,7.92,0.245,0.87,Yes
5050,Icahn Enterprises L.P.,IEP,6.66,0.207,0.311,Yes
5051,National Australia Bank Limited,NAUBF,7.78,0.241,0.923,No
5052,PS International Group Ltd.,PSIG,42.72,1.157,2.077,Yes
5053,Digicann Ventures Inc.,AGFAF,97.52,2.249,7.873,Yes
5054,Piaggio & C. SpA,PIAGF,9.2,0.284,1.227,Yes
5055,Hannover Rück SE,HVRRY,5.97,0.187,0.734,No
5056,Spin Master Corp.,SNMSF,9.64,0.297,1.092,Yes
5057,Auris Minerals Limited,AURMF,26.08,0.753,1.992,No
5058,USA Real Estate Holding Company,USTC,102.6,2.342,0.236,No
5059,Azelis Group NV,AZLGF,15.69,0.473,1.852,Yes
5060,"Drug Free Solution, Inc.",DSOL,56.05,1.467,5.886,No
5061,Ameren Corporation,AEE,5.44,0.172,0.045,No
5062,"Sansan, Inc.",SNSNF,29.93,0.861,1.674,Yes
5063,Burberry Group plc,BBRYF,13.84,0.424,1.555,Yes
5064,Ryman Healthcare Limited,RHCGF,19.12,0.575,1.063,Yes
5065,OneMeta Inc.,ONEI,51.09,1.372,4.944,Yes
5066,Abrdn Global Dynamic Dividend Fund,AGD,8.44,0.266,1.37,Yes
5067,"MERLIN Properties SOCIMI, S.A.",MRPRF,9.31,0.293,0.656,Yes
5068,Olam Group Limited,OLGPF,10.31,0.323,1.784,Yes
5069,Vanquis Banking Group plc,FPLPF,1.63,0.053,0.051,Yes
5070,"Rhythm Pharmaceuticals, Inc.",RYTM,12.46,0.388,0.107,Yes
5071,Cahya Mata Sarawak Berhad,CHYMF,14.22,0.44,0.031,No
5072,Euro Sun Mining Inc.,CPNFF,36.56,1.038,0.839,No
5073,J Sainsbury plc,JSNSF,8.14,0.258,1.064,No
5074,"Paychex, Inc.",PAYX,9.35,0.295,0.217,Yes
5075,D'Ieteren Group SA,SIEVF,15.42,0.475,1.42,Yes
5076,Huadian Power International Corporation Limited,HPIFY,10.5,0.33,0.647,No
5077,VistaShares Target 15 TEPRTantrum Contrarian Distribution ETF,TPRY,8.47,0.269,1.182,Yes
5078,"Energy and Environmental Services, Inc.",EESE,28.26,0.833,2.468,No
5079,China Oilfield Services Limited,CHOLF,12.05,0.378,0.545,No
5080,Western Asset Inflation-Linked Opportunities & Income Fund,WIW,1.48,0.049,0.208,Yes
5081,"Green Globe International, Inc.",GGII,70.48,1.809,7.142,Yes
5082,The Middleby Corporation,MIDD,15.64,0.485,0.761,Yes
5083,"BNCCORP, Inc.",BNCC,6.66,0.214,0.212,No
5084,The Kraft Heinz Company,KHC,5.5,0.178,0.307,Yes
5085,"Raymond James Financial, Inc.",RJF,8.74,0.279,0.375,Yes
5086,Grid Metals Corp.,MSMGF,15.91,0.493,0.586,Yes
5087,Theralase Technologies Inc.,TLTFF,30.36,0.891,0.021,No
5088,Onyx Gold Corp.,ONXGF,27.16,0.809,1.06,Yes
5089,"Dycom Industries, Inc.",DY,21.44,0.653,2.26,Yes
5090,Linde plc,LIN,7.02,0.228,0.096,No
5091,Victrex plc,VTXPY,12.25,0.388,1.392,Yes
5092,Olympus Corporation,OLYMY,10.8,0.345,0.879,Yes
5093,Wing Yip Food Holdings Group Limited,WYHG,33.76,0.987,4.359,Yes
5094,Dole plc,DOLE,7.44,0.241,0.395,Yes
5095,"LiveCare, Inc.",LVCE,100.25,2.399,1.323,Yes
5096,Super Group (SGHC) Limited,SGHC,13.66,0.432,0.413,Yes
5097,Honeywell International Inc.,HON,10.11,0.325,0.179,Yes
5098,"Tyson Foods, Inc.",TSN,6.76,0.221,0.176,No
5099,CYBERDYNE Inc.,CYBQF,21.88,0.673,1.039,Yes
5100,Mkango Resources Ltd.,MKNGF,44.37,1.258,2.473,Yes
5101,Comtech Telecommunications Corp.,CMTL,46.97,1.321,3.822,Yes
5102,"Cencora, Inc.",COR,9.67,0.313,0.087,Yes
5103,BKV Corporation,BKV,10.6,0.342,0.458,Yes
5104,Franklin Universal Trust,FT,2.11,0.071,0.196,Yes
5105,Masco Corporation,MAS,11.57,0.374,1.424,Yes
5106,Holcim AG,HCMLF,8.12,0.266,1.485,Yes
5107,"VeriSign, Inc.",VRSN,9.76,0.318,0.294,Yes
5108,Alpha and Omega Semiconductor Limited,AOSL,40.98,1.185,5.799,Yes
5109,Peloton Minerals Corporation,PMCCF,13.81,0.442,1.206,Yes
5110,Arcadis NV,ARCVF,19.52,0.611,3.07,Yes
5111,Bone Biologics Corporation,BBLGW,70.2,1.852,0.828,No
5112,Element 25 Limited,ELMTF,18.75,0.59,0.956,No
5113,PUDO Inc.,PDPTF,69.6,1.84,6.046,Yes
5114,Eiffage SA,EFGSY,11.45,0.371,0.848,Yes
5115,Franklin Limited Duration Income Trust,FTF,1.85,0.062,0.303,Yes
5116,Northern Technologies International Corporation,NTIC,6.95,0.23,0.045,Yes
5117,Teledyne Technologies Incorporated,TDY,10.46,0.342,0.423,Yes
5118,Global-E Online Ltd.,GLBE,8.92,0.293,0.166,Yes
5119,International Digital Holding Inc.,IDIG,76.68,1.994,1.372,Yes
5120,Kintor Pharmaceutical Limited,KNTPF,35.58,1.058,1.663,No
5121,"Corebridge Financial, Inc.",CRBG,9.15,0.302,1.249,Yes
5122,Brixton Metals Corporation,BBBXF,44.18,1.278,1.234,No
5123,AXIS Capital Holdings Limited,AXS,6.56,0.219,0.442,No
5124,"BlackRock MuniYield Quality Fund III, Inc.",MYI,2.9,0.099,0.502,Yes
5125,Rémy Cointreau SA,REMYF,10.59,0.349,1.233,Yes
5126,Air France-KLM SA,AFRAF,15.47,0.5,1.349,Yes
5127,Linike Medical Group Ltd.,LNMG,103.74,2.547,2.899,No
5128,"AMC Entertainment Holdings, Inc.",AMC,31.51,0.964,4.032,Yes
5129,"Under Armour, Inc.",UA,16.13,0.526,0.208,Yes
5130,Mobile Infrastructure Corporation,BEEP,34.66,1.054,1.625,Yes
5131,Lynas Rare Earths Limited,LYSCF,17.17,0.558,0.345,Yes
5132,Embla Medical hf.,OSSUY,13.06,0.433,0.537,Yes
5133,Spire Inc.,SR,5.29,0.181,0.175,No
5134,"Providence Resources, Inc.",PVRS,51.63,1.486,3.157,No
5135,Rice Acquisition Corporation 3,KRSP,1.08,0.038,0.051,Yes
5136,Tosoh Corporation,TSHXY,13.35,0.443,6.527,Yes
5137,Boston Pizza Royalties Income Fund,BPZZF,6.42,0.22,0.191,Yes
5138,Medical Developments International Limited,MDDVF,7.89,0.268,0.033,No
5139,Circle Entertainment Inc.,CEXE,72.26,1.962,1.175,No
5140,Chicago Rivet & Machine Co.,CVR,20.11,0.652,0.878,Yes
5141,"WhiteFiber, Inc.",WYFI,48.22,1.417,5.727,Yes
5142,Dynamix Corporation III,DNMXU,0.36,0.013,0.045,Yes
5143,Enstar Group Limited,ESGRF,3.55,0.124,0.39,Yes
5144,Cognizant Technology Solutions Corporation,CTSH,21.08,0.685,0.011,No
5145,Canstar Resources Inc.,CSRNF,28.36,0.898,0.875,No
5146,FEC Resources Inc.,FECOF,72.2,1.98,2.761,Yes
5147,Rogers Communications Inc.,RCIAF,2.79,0.098,0.454,No
5148,Minehub Technologies Inc.,MHUBF,29.33,0.927,2.975,Yes
5149,Austevoll Seafood ASA,ASTVF,7.13,0.247,0.694,No
5150,Chemring Group PLC,CMGMF,13.49,0.455,0.582,Yes
5151,"Honda Motor Co., Ltd.",HMC,8.21,0.283,1.037,Yes
5152,Outcrop Silver & Gold Corporation,OCGSF,22.7,0.738,1.001,Yes
5153,Argentina Lithium & Energy Corp.,LILIF,28.45,0.907,5.158,Yes
5154,Mesoblast Limited,MESO,8.03,0.278,0.545,Yes
5155,American Pacific Mining Corp.,USGDF,23.26,0.758,1.994,Yes
5156,Bechtle AG,BECTY,14.26,0.482,0.904,Yes
5157,Sartorius Stedim Biotech S.A.,SRTOY,9.46,0.327,0.855,Yes
5158,AmBase Corporation,ABCP,20.02,0.663,2.157,Yes
5159,Nuveen Credit Strategies Income Fund,JQC,1.99,0.071,0.076,Yes
5160,Extra Space Storage Inc.,EXR,6.36,0.223,0.818,Yes
5161,The Chemours Company,CC,18.62,0.621,0.041,No
5162,Zelira Therapeutics Limited,ZLDAF,23.22,0.761,0.972,Yes
5163,Nordic Semiconductor ASA,NRSDY,14.6,0.495,1.918,Yes
5164,Copper Quest Exploration Inc.,IMIMF,44.25,1.344,0.891,Yes
5165,"Compass Therapeutics, Inc.",CMPX,35.06,1.1,2.455,No
5166,5G Networks Limited,MLBEF,120.69,2.958,5.082,Yes
5167,Edison International,EIX,11.08,0.384,0.772,No
5168,Karoon Energy Ltd,KRNGY,20.33,0.68,1.119,No
5169,"Royale Energy, Inc.",ROYL,45.74,1.395,2.376,Yes
5170,Elutia Inc.,ELUT,22.36,0.745,0.907,Yes
5171,Catalyst Metals Limited,CTYMF,20.14,0.679,1.42,Yes
5172,ABM Industries Incorporated,ABM,7.87,0.279,0.553,Yes
5173,Stora Enso Oyj,SEOJF,14.82,0.511,0.81,No
5174,"Cedar Realty Trust, Inc.",CDR-PC,8.03,0.286,1.083,No
5175,Melexis NV,MLXSF,11.05,0.389,1.058,Yes
5176,Haivision Systems Inc.,HAIVF,24.78,0.825,0.542,Yes
5177,Avista Corporation,AVA,4.9,0.177,0.207,Yes
5178,Abrdn Income Credit Strategies Fund,ACP,3.69,0.134,0.777,Yes
5179,"Church & Crawford, Inc.",CCWF,52.03,1.575,4.175,Yes
5180,"Burlington Stores, Inc.",BURL,12.16,0.427,0.75,No
5181,Barings Corporate Investors,MCI,10.22,0.362,1.24,Yes
5182,Power Metallic Mines Inc.,PNPNF,20.82,0.706,2.098,Yes
5183,Kodiak Copper Corp.,KDKCF,21.29,0.722,1.857,Yes
5184,PennyMac Mortgage Investment Trust,PMTW,1.47,0.054,0.305,Yes
5185,Bowman Consulting Group Ltd.,BWMN,21.07,0.716,2.191,Yes
5186,Northern Trust 2045 Tax-Exempt Distributing Ladder ETF,MUNC,1.19,0.044,0.181,Yes
5187,Nuveen New York Quality Municipal Income Fund,NAN,2.57,0.095,0.35,Yes
5188,"Huntington Ingalls Industries, Inc.",HII,12.91,0.455,0.175,No
5189,"American Eagle Outfitters, Inc.",AEO,16.4,0.57,0.692,Yes
5190,Alpha HPA Limited,ALHPF,16.23,0.566,0.423,Yes
5191,Terra Clean Energy Corp.,TCEFF,29.2,0.969,3.294,Yes
5192,"First Choice Healthcare Solutions, Inc.",FCHS,52.76,1.617,0.471,No
5193,"Bonal International, Inc.",BONL,20.05,0.69,2.547,No
5194,Steadfast Group Limited,SFGLF,6.94,0.252,0.412,No
5195,Aeroports de Paris SA,ARRPY,5.23,0.192,0.684,Yes
5196,"Highwoods Properties, Inc.",HIW,9.32,0.336,0.999,Yes
5197,"Mitsui O.S.K. Lines, Ltd.",MSLOF,7.56,0.275,0.68,No
5198,"American Financial Group, Inc.",AFG,4.78,0.176,0.119,Yes
5199,"Regional Health Properties, Inc.",RHEPB,4.82,0.178,0.411,Yes
5200,P/F Bakkafrost,BKFKF,9.59,0.346,0.144,Yes
5201,"Under Armour, Inc.",UAA,14.77,0.523,0.278,Yes
5202,Ardea Resources Limited,ARRRF,25.84,0.876,2.612,Yes
5203,Nam Tai Property Inc.,NTPIF,8.57,0.311,0.024,No
5204,APT Satellite Holdings Limited,ASEJF,24.73,0.842,1.08,No
5205,FutureCrest Acquisition Corp.,FCRS,1.1,0.042,0.132,Yes
5206,"WEED, Inc.",BUDZ,43.08,1.38,7.611,Yes
5207,Xerox Holdings Corporation,XRX,31.48,1.053,7.07,Yes
5208,"Nixxy, Inc.",NIXX,58.09,1.777,5.677,No
5209,Innodata Inc.,INOD,55.58,1.715,5.704,Yes
5210,Grindr Inc.,GRND,11.15,0.405,0.358,No
5211,Elixirr International plc,ELXXF,7.62,0.281,0.721,No
5212,BioNTech SE,BNTX,10.98,0.4,1.888,Yes
5213,MX Gold Corp.,MXLGF,54.81,1.705,2.228,No
5214,Gates Industrial Corporation Ltd.,GTES,10.53,0.385,1.026,Yes
5215,Mene Inc.,MENEF,23.33,0.813,0.475,No
5216,American Homes 4 Rent,AMH-PH,2.1,0.08,0.114,Yes
5217,Epic Gold Corp.,NFLDF,34.82,1.165,2.759,Yes
5218,SOHO China Limited,SOHOF,18.56,0.661,0.257,Yes
5219,Sampo Oyj,SAXPY,3.66,0.139,0.099,Yes
5220,Lexaria Bioscience Corp.,LEXX,37.12,1.234,0.091,Yes
5221,Helios Fairfax Partners Corporation,FFXXF,14.7,0.533,2.386,No
5222,Pacific Gas and Electric Company,PCG-PA,2.74,0.105,0.144,Yes
5223,Healthy Extracts Inc.,HYEX,44.05,1.433,2.797,Yes
5224,Hastings Technology Metals Limited,HSRMF,40.6,1.338,3.456,Yes
5225,Aluminum Corporation of China Limited,ALMMF,16.96,0.611,1.014,Yes
5226,Lynas Rare Earths Limited,LYSDY,15.13,0.551,0.264,Yes
5227,Trican Well Service Ltd.,TOLWF,10.47,0.389,0.128,No
5228,Sow Good Inc.,SOWG,78.13,2.308,4.948,No
5229,Western Asset High Income Opportunity Fund Inc.,HIO,1.48,0.058,0.27,Yes
5230,Uranium Royalty Corp.,UROY,18.06,0.654,1.465,Yes
5231,"M/I Homes, Inc.",MHO,10.14,0.38,0.577,Yes
5232,PT Hanjaya Mandala Sampoerna Tbk,PHJMF,15.56,0.57,0.47,Yes
5233,"HealthStream, Inc.",HSTM,8.19,0.31,0.513,Yes
5234,Universal Electronics Inc.,UEIC,9.32,0.351,0.429,No
5235,CubeSmart,CUBE,6.33,0.242,0.904,Yes
5236,GBT Technologies Inc.,GTCH,43.08,1.433,3.922,Yes
5237,San Miguel Corporation,SMGBF,14.17,0.525,0.65,Yes
5238,iOThree Limited,IOTR,40.57,1.366,3.677,Yes
5239,Marine Petroleum Trust,MARPS,6.32,0.243,0.56,No
5240,"Commerce Bancshares, Inc.",CBSH,5.25,0.203,0.18,Yes
5241,Protocall Technologies Inc.,PCLI,32.67,1.134,4.34,No
5242,"Shionogi & Co., Ltd.",SGIOY,7.64,0.294,0.733,No
5243,EV Nickel Inc.,EVNIF,4.58,0.179,0.316,No
5244,Kingman Minerals Ltd.,KGSSF,38.26,1.309,3.786,Yes
5245,"SailPoint, Inc.",SAIL,24.59,0.886,1.573,Yes
5246,Integra Resources Corp.,ITRG,18.82,0.694,1.525,Yes
5247,Clicks Group Limited,CCKRF,11.44,0.436,0.458,No
5248,MONY Group plc,MNSKY,11.43,0.435,1.92,No
5249,FirstSun Capital Bancorp,FSUN,6.29,0.245,0.343,No
5250,Atlantic Sapphire ASA,AASZF,96.68,2.79,13.066,Yes
5251,Zalemark Holding Company Inc.,ZMRK,22.09,0.807,0.864,Yes
5252,"indie Semiconductor, Inc.",INDI,22.22,0.813,4.216,Yes
5253,Momentus Inc.,MNTS,115.05,3.176,11.25,Yes
5254,Guanajuato Silver Company Ltd.,GSVRF,24.34,0.884,0.612,Yes
5255,Comstock Inc.,LODE,16.46,0.618,1.336,Yes
5256,Formula Systems (1985) Ltd.,FORTY,14.28,0.541,2.295,Yes
5257,Chatham Lodging Trust,CLDT-PA,2.4,0.096,0.116,No
5258,"Treace Medical Concepts, Inc.",TMCI,37.52,1.307,5.966,Yes
5259,"Atresmedia Corporación de Medios de Comunicación, S.A.",ATVDY,9.68,0.375,0.928,Yes
5260,Colruyt Group N.V.,CUYTY,5.84,0.231,0.589,No
5261,Bank of America Corporation,BAC-PB,1.28,0.052,0.217,Yes
5262,ProShares Ultra PLTR,PLTA,42.92,1.469,1.456,Yes
5263,Falcon Gold Corp.,FGLDF,29.61,1.063,1.417,Yes
5264,Yellow Cake plc,YLLXF,9.66,0.375,0.339,Yes
5265,The Gabelli Equity Trust Inc.,GAB,2.22,0.089,0.198,Yes
5266,Abcourt Mines Inc.,ABMBF,28.15,1.019,0.374,No
5267,Empress Royalty Corp.,EMPYF,10.79,0.419,0.222,Yes
5268,PLDT Inc.,PHI,7.31,0.288,0.37,No
5269,Avanti Gold Corp.,AVTGF,23.79,0.878,0.406,Yes
5270,Ubiquiti Inc.,UI,21.34,0.796,0.422,Yes
5271,SemiLEDs Corporation,LEDS,24.93,0.917,4.147,Yes
5272,FBR Limited,FBRKF,21.41,0.8,4.25,Yes
5273,Xplore Resources Corp.,XPRCF,41.15,1.432,1.912,No
5274,"Aspen Aerogels, Inc.",ASPN,31.28,1.13,2.953,Yes
5275,"PepsiCo, Inc.",PEP,5.21,0.209,0.156,Yes
5276,Mills Music Trust,MMTRS,6.5,0.26,0.945,No
5277,Merrill Lynch Depositor Inc.,IPB,1.18,0.048,0.099,Yes
5278,Advanced Flower Capital Inc.,AFCG,17.99,0.685,0.39,Yes
5279,Costco Wholesale Corporation,COST,4.01,0.162,0.028,No
5280,NEC Corporation,NIPNF,16.38,0.628,1.12,Yes
5281,State Street Utilities Select Sector SPDR Premium Income ETF,XLUI,2.65,0.108,0.03,No
5282,Richelieu Hardware Ltd.,RHUHF,5.79,0.233,0.303,Yes
5283,Sirius Real Estate Limited,SRRLF,3.29,0.134,0.362,Yes
5284,"CNS Pharmaceuticals, Inc.",CNSP,49.04,1.678,4.876,Yes
5285,ProQR Therapeutics N.V.,PRQR,14.32,0.558,0.184,Yes
5286,Highcliff Metals Corp.,IMAHF,15.22,0.591,0.291,No
5287,Fujitsu Limited,FJTSY,8.5,0.339,0.615,Yes
5288,"Angel Oak Mortgage REIT, Inc.",AOMR,4.74,0.193,0.483,Yes
5289,Playtech plc,PYTCF,14.35,0.56,0.709,No
5290,Mazda Motor Corporation,MZDAF,9.76,0.388,0.551,Yes
5291,VIQ Solutions Inc.,VQSSF,45.6,1.587,8.506,Yes
5292,CVC Capital Partners plc,CVCCF,8.6,0.345,1.194,Yes
5293,Westlake Corporation,WLK,13.64,0.535,1.398,No
5294,HUHUTECH International Group Inc.,HUHU,27.82,1.033,0.549,No
5295,CAT Strategic Metals Corporation,CATTF,69.39,2.246,4.376,No
5296,"The RealReal, Inc.",REAL,17.15,0.664,1.997,Yes
5297,BRP Inc.,DOO,7.16,0.289,1.246,No
5298,"Sangamo Therapeutics, Inc.",SGMOQ,64.35,2.115,3.071,Yes
5299,Context Therapeutics Inc.,CNTX,38.41,1.378,0.11,Yes
5300,Core Laboratories Inc.,CLB,13.23,0.523,0.034,Yes
5301,Atlantis Internet Group Corp.,ATIG,43.08,1.524,2.95,Yes
5302,Lucy Scientific Discovery Inc.,LSDIF,43.08,1.524,5.754,No
5303,"New Technology Acquisition Holdings, Inc.",NTAC,43.08,1.524,4.463,Yes
5304,"Meitu, Inc.",MEIUF,22.47,0.857,0.243,Yes
5305,"Townsquare Media, Inc.",TSQ,15.64,0.614,2.379,Yes
5306,Blue Star Gold Corp.,BAUFF,20.64,0.795,2.69,Yes
5307,Highland Copper Company Inc.,HDRSF,19.42,0.752,3.069,Yes
5308,Associated British Foods plc,ASBFY,5.0,0.206,0.066,Yes
5309,Odysight.ai Inc.,ODYS,32.41,1.196,3.349,No
5310,SoftBank Corp.,SFBQF,4.25,0.176,0.789,Yes
5311,Cleveland-Cliffs Inc.,CLF,17.67,0.691,3.392,Yes
5312,Fastenal Company,FAST,5.69,0.234,0.487,No
5313,Steppe Gold Ltd.,STPGF,16.66,0.655,1.426,Yes
5314,Element79 Gold Corp.,ELMGF,30.79,1.149,4.564,Yes
5315,"Pathfinder Bancorp, Inc.",PBHC,5.72,0.236,0.415,Yes
5316,Donegal Group Inc.,DGICA,4.77,0.198,0.231,No
5317,Phibro Animal Health Corporation,PAHC,16.43,0.65,1.842,No
5318,Paylocity Holding Corporation,PCTY,12.69,0.511,0.157,Yes
5319,Gorilla Technology Group Inc.,GRRR,26.2,1.001,4.827,Yes
5320,Jardine Cycle & Carriage Limited,JCYCF,6.09,0.253,0.294,No
5321,"Telephone and Data Systems, Inc.",TDS-PV,5.04,0.21,1.018,Yes
5322,Amplify TokenizationTechnology Leaders ETF,TKNQ,6.49,0.269,0.783,Yes
5323,"ADM Endeavors, Inc.",ADMQ,23.17,0.898,1.845,Yes
5324,Davide Campari-Milano N.V.,DVDCF,6.58,0.273,0.328,Yes
5325,"Forgent Power Solutions, Inc.",FPS,28.03,1.07,3.869,Yes
5326,Great-West Lifeco Inc,GRWLF,5.67,0.237,0.745,No
5327,LianMedical,LIANY,26.68,1.026,1.894,No
5328,Eurobank S.A.,EURBF,11.22,0.459,1.481,Yes
5329,Invitation Homes Inc.,INVH,4.7,0.199,1.068,Yes
5330,Capella Minerals Limited,CMILF,20.01,0.795,0.915,Yes
5331,Novus Robotics Inc.,NRBT,33.3,1.259,2.301,Yes
5332,Pacific Ridge Exploration Ltd.,PEXZF,11.29,0.465,1.104,Yes
5333,"Red Cat Holdings, Inc.",RCAT,26.69,1.036,0.715,Yes
5334,Duke Energy Corporation,DUK-PA,1.14,0.05,0.275,Yes
5335,"Humanoid, Inc.",HERB,66.84,2.274,12.599,Yes
5336,Blue Energy Limited,BUENF,22.91,0.905,0.125,Yes
5337,Legacy Housing Corporation,LEGH,7.69,0.323,0.736,Yes
5338,Blue Bird Corporation,BLBD,10.46,0.435,0.365,Yes
5339,Barry Callebaut AG,BRRLY,8.65,0.363,0.69,No
5340,"World Health Energy Holdings, Inc.",WHEN,43.08,1.588,0.443,No
5341,TAG Oil Ltd.,TAOIF,21.78,0.868,0.017,No
5342,Walmart Inc.,WMT,5.25,0.224,0.016,No
5343,BTC Development Corp.,BDCI,0.43,0.019,0.06,Yes
5344,Nuveen Taxable Municipal Income Fund,NBB,1.93,0.084,0.336,Yes
5345,Great Portland Estates Plc,GPEAF,7.2,0.307,1.158,Yes
5346,The Sage Group plc,SGPYY,8.54,0.363,0.494,Yes
5347,"NextEra Energy, Inc.",NEE-PS,4.1,0.178,0.078,Yes
5348,Zurn Elkay Water Solutions Corporation,ZWS,6.67,0.288,0.889,Yes
5349,First Trust Mortgage Income Fund,FMY,1.55,0.068,0.231,Yes
5350,BlackRock MuniYield Pennsylvania Quality Fund,MPA,1.99,0.088,0.418,Yes
5351,Freedom Holdings Corp.,FRHC,9.63,0.412,0.492,No
5352,Millennial Potash Corp.,MLPNF,17.38,0.72,2.044,Yes
5353,"Quince Therapeutics, Inc.",QNCX,50.28,1.85,2.101,Yes
5354,Nexans S.A.,NXPRF,10.21,0.436,1.232,Yes
5355,Hazer Group Limited,HZRGF,18.23,0.755,1.03,Yes
5356,California Resources Corporation,CRC,9.03,0.389,1.126,No
5357,"Premier Products Group, Inc.",PMPG,43.08,1.629,3.605,No
5358,IPG Photonics Corporation,IPGP,16.34,0.683,0.384,Yes
5359,Bimergen Energy Corporation,BESS,34.83,1.358,5.285,Yes
5360,Brazil Potash Corp.,GRO,15.34,0.645,0.779,No
5361,AIA Group Limited,AAGIY,5.8,0.254,0.053,No
5362,Capital One Financial Corporation,COF,5.38,0.236,0.477,Yes
5363,Givaudan SA,GVDNY,5.57,0.245,0.779,Yes
5364,Pets at Home Group Plc,PHGPY,5.25,0.231,0.537,No
5365,The Sage Group plc,SGGEF,9.77,0.422,1.359,Yes
5366,Clearwater Paper Corporation,CLW,11.24,0.483,0.171,Yes
5367,John Hancock Premium Dividend Fund,PDT,1.98,0.089,0.062,Yes
5368,Groupe Bruxelles Lambert SA,GBLBY,6.6,0.291,1.231,Yes
5369,Serco Group plc,SCGPY,7.39,0.324,0.4,Yes
5370,"BCB Bancorp, Inc.",BCBP,6.48,0.286,0.132,Yes
5371,"The Cooper Companies, Inc.",COO,7.19,0.317,0.623,No
5372,KKR Real Estate Finance Trust Inc.,KREF-PA,2.39,0.108,0.408,Yes
5373,Vinci SA,VCISF,6.77,0.299,0.647,Yes
5374,Defiance Gold Enhanced Options Income ETF,GOLI,4.45,0.199,0.287,Yes
5375,Richards Group Inc.,RPKIF,5.28,0.236,0.225,Yes
5376,Atlas Pearls Limited,APCFF,10.85,0.476,0.801,Yes
5377,"Odyssey Health, Inc.",ODYY,57.26,2.123,1.982,No
5378,Fortis Inc.,FORFF,3.37,0.153,0.742,Yes
5379,Sitka Gold Corp.,SITKF,11.77,0.517,2.172,Yes
5380,BIP Bermuda Holdings I Limited ,BIPI,2.01,0.092,0.355,Yes
5381,Union Electric Company,UEPCO,2.56,0.117,0.273,Yes
5382,OGE Energy Corp.,OGE,4.08,0.186,0.051,No
5383,Vanguard Target Maturity 2032 Corporate Bond ETF,VBCF,0.37,0.017,0.065,Yes
5384,"Zimmer Biomet Holdings, Inc.",ZBH,5.6,0.254,0.378,No
5385,Sichuan Expressway Group Company Limited,SEXHF,7.85,0.353,0.403,No
5386,BAE Systems plc,BAESF,7.75,0.35,0.395,No
5387,"Super Micro Computer, Inc.",SMCI,25.88,1.085,5.166,Yes
5388,"Idaho Strategic Resources, Inc.",IDR,14.29,0.627,2.728,Yes
5389,Wesfarmers Limited,WFAFF,8.01,0.362,0.836,Yes
5390,Henderson Land Development Company Limited,HLDCY,9.39,0.423,0.877,Yes
5391,Premier Air Charter Holdings Inc.,PREM,23.02,0.981,2.421,Yes
5392,Moncler S.p.A.,MONRF,8.6,0.389,0.571,Yes
5393,Lifezone Metals Limited,LZM,23.31,0.995,5.7,Yes
5394,The Connecticut Light and Power Company,CNLTL,2.01,0.094,0.025,Yes
5395,Perion Network Ltd.,PERI,7.9,0.36,1.072,No
5396,"Perspective Therapeutics, Inc.",CATX,17.95,0.786,0.242,Yes
5397,"Adial Pharmaceuticals, Inc.",ADIL,31.1,1.295,3.018,Yes
5398,Makita Corporation,MKTAY,7.89,0.361,1.226,Yes
5399,Arch Biopartners Inc.,ACHFF,25.16,1.074,0.676,Yes
5400,HeartSciences Inc.,HSCS,19.8,0.863,1.45,No
5401,Terumo Corporation,TRUMF,9.21,0.419,1.206,Yes
5402,Promino Nutritional Sciences Inc.,MUSLF,29.0,1.221,2.492,Yes
5403,"American Water Works Company, Inc.",AWK,3.37,0.157,0.648,No
5404,Definity Financial Corporation,DFYFF,5.96,0.275,0.647,No
5405,Mountain Province Diamonds Inc.,MPVDF,65.21,2.437,1.632,Yes
5406,Opera Limited,OPRA,12.46,0.561,1.408,Yes
5407,"Harley-Davidson, Inc.",HOG,7.88,0.364,0.912,Yes
5408,Victoria PLC,VCCTF,27.39,1.171,4.452,Yes
5409,Sysco Corporation,SYY,7.58,0.352,0.859,Yes
5410,Ferguson Enterprises Inc.,FERG,7.62,0.354,0.917,Yes
5411,NexPoint Diversified Real Estate Trust,NXDT-PA,1.09,0.052,0.043,Yes
5412,Northern Minerals & Exploration Ltd.,NMEX,43.28,1.766,0.177,Yes
5413,"Genesis Energy, L.P.",GEL,5.23,0.247,0.399,No
5414,"Pacira BioSciences, Inc.",PCRX,8.5,0.397,0.165,No
5415,PJT Partners Inc.,PJT,5.81,0.275,0.845,Yes
5416,Brembo N.V.,BRBOF,9.93,0.462,0.822,Yes
5417,Expert.ai S.p.A.,EXSPF,5.01,0.238,0.108,Yes
5418,CDON AB,CDOAF,8.01,0.378,0.25,No
5419,Abrdn Asia-Pacific Income Fund Inc,FAX,2.83,0.137,0.633,Yes
5420,"HealthEquity, Inc.",HQY,6.26,0.298,0.313,No
5421,"NextEra Energy, Inc.",NEE-PT,2.98,0.144,0.065,No
5422,Greenridge Exploration Inc.,GXPLF,32.01,1.378,7.593,Yes
5423,ResMed Inc.,RSMDF,16.46,0.755,2.521,Yes
5424,Perfect Corp.,PERF,8.44,0.402,0.876,No
5425,CopAur Minerals Inc.,COPAF,14.01,0.655,0.137,Yes
5426,Headwater Gold Inc.,HWAUF,14.57,0.681,0.534,No
5427,The Rank Group Plc,RANKF,16.36,0.759,0.113,No
5428,"PureCycle Technologies, Inc.",PCTTU,38.73,1.653,5.599,Yes
5429,"Hawaiian Electric Industries, Inc.",HE,7.19,0.347,0.145,No
5430,Unilever PLC,UNLYF,5.67,0.276,0.585,Yes
5431,TransUnion,TRU,4.43,0.217,0.574,Yes
5432,Digital Core REIT,DGTCF,4.37,0.214,0.566,Yes
5433,Orkla ASA,ORKLY,6.06,0.295,0.301,No
5434,"Nature's Sunshine Products, Inc.",NATR,16.81,0.782,0.085,No
5435,SuperQ Quantum Computing Inc.,QBTQF,44.55,1.873,0.941,Yes
5436,Champion Electric Metals Inc.,CHELF,17.87,0.829,0.21,Yes
5437,Ferrovial N.V.,FER,5.1,0.25,0.671,Yes
5438,Sonoro Gold Corp.,SMOFF,12.99,0.616,0.635,Yes
5439,Groupe Bruxelles Lambert SA,GBLBF,5.12,0.252,1.074,Yes
5440,"Nu-Med Plus, Inc.",NUMD,25.2,1.144,2.948,Yes
5441,Hikma Pharmaceuticals PLC,HKMPF,5.87,0.288,0.855,Yes
5442,"Mondelez International, Inc.",MDLZ,4.15,0.206,0.523,Yes
5443,Eversource Energy,ES,3.94,0.197,0.235,Yes
5444,Safehold Inc.,SAFE,6.93,0.341,1.137,Yes
5445,Carnarvon Energy Limited,CVONF,8.31,0.407,0.628,No
5446,Titan America SA,TTAM,7.33,0.361,1.018,Yes
5447,"Soligenix, Inc.",SNGX,48.71,2.052,1.156,Yes
5448,Challenger Gold Limited,CLLEF,15.33,0.731,0.104,No
5449,"Chilco River Holdings, Inc.",CRVH,34.26,1.524,2.846,Yes
5450,Tocvan Ventures Corp.,TCVNF,14.37,0.691,0.438,No
5451,"Impinj, Inc.",PI,12.71,0.617,3.622,Yes
5452,Toyota Motor Corporation,TOYOF,5.04,0.253,0.268,No
5453,Hilton Grand Vacations Inc.,HGV,6.68,0.333,1.922,Yes
5454,ICON Public Limited Company,ICLR,11.73,0.573,0.812,Yes
5455,Trimax Corporation,TMXN,37.95,1.677,0.777,Yes
5456,"BuzzFeed, Inc.",BZFD,31.86,1.439,5.836,Yes
5457,Northern Shield Resources Inc.,NSHRF,40.91,1.793,1.547,Yes
5458,Banco Bradesco S.A.,BBD,7.12,0.355,0.542,Yes
5459,"ServiceTitan, Inc.",TTAN,11.12,0.546,0.62,Yes
5460,"Schrödinger, Inc.",SDGR,11.56,0.567,1.721,Yes
5461,North American Niobium and Critical Minerals Corp.,NIOMF,54.42,2.287,11.674,Yes
5462,"Core Scientific, Inc.",CORZ,15.9,0.768,3.829,Yes
5463,Altarea SCA,ATRRF,3.5,0.179,0.447,No
5464,Bausch Health Companies Inc.,BHC,10.9,0.539,0.238,Yes
5465,Origin Energy Limited,OGFGY,5.5,0.279,0.217,No
5466,Public Company Management Corp.,PCMC,26.26,1.23,1.56,No
5467,Nuveen California AMT-Free Quality Municipal Income Fund,NKX,2.32,0.12,0.711,Yes
5468,"Shibaura Machine Co.,Ltd.",TSHMY,12.04,0.599,0.899,No
5469,China Yuchai International Limited,CYD,13.35,0.661,2.189,Yes
5470,Companhia Energética de Minas Gerais - CEMIG,CIG,4.79,0.246,0.306,No
5471,Noram Lithium Corp.,NRVTF,19.87,0.961,2.165,Yes
5472,"Drone Guarder, Inc.",DRNG,44.8,1.979,9.075,Yes
5473,Western Asset Inflation-Linked Income Fund,WIA,0.76,0.04,0.166,Yes
5474,RS Group plc,EENEF,3.46,0.181,0.067,Yes
5475,"TPG Mortgage Investment Trust, Inc.",MITT,5.15,0.268,0.575,Yes
5476,Atico Mining Corporation,ATCMF,16.56,0.821,0.888,Yes
5477,Zedcor Inc.,ZDCAF,12.27,0.619,2.809,Yes
5478,"Sinclair, Inc.",SBGI,8.05,0.414,1.417,Yes
5479,Clear Blue Technologies International Inc.,CBUTF,17.72,0.876,1.452,No
5480,ECC Capital Corporation,ECRO,8.17,0.421,1.278,No
5481,Fathom Nickel Inc.,FNICF,15.58,0.78,1.61,Yes
5482,Carvana Co.,CVNA,10.72,0.548,1.736,Yes
5483,Trinity Place Holdings Inc.,TPHS,19.26,0.952,0.456,Yes
5484,Genuine Parts Company,GPC,7.25,0.377,0.202,Yes
5485,Tolu Minerals Limited,TOLUF,4.02,0.213,0.069,No
5486,"Firefly Neuroscience, Inc.",AIFF,56.16,2.456,7.821,No
5487,Elron Ventures Ltd,ELRNF,19.48,0.971,6.015,Yes
5488,CSPC Pharmaceutical Group Limited,CSPCY,7.56,0.397,0.747,No
5489,Dassault Aviation société anonyme,DUAVF,6.39,0.337,0.329,Yes
5490,"Fractyl Health, Inc.",GUTS,23.95,1.178,2.445,Yes
5491,"Ganfeng Lithium Group Co., Ltd.",GNENF,11.76,0.608,0.54,Yes
5492,"Tootsie Roll Industries, Inc.",TR,5.3,0.283,0.817,No
5493,Green Thumb Industries Inc.,GTBIF,11.36,0.59,1.655,Yes
5494,"Texas Capital Bancshares, Inc.",TCBIO,2.03,0.11,0.234,No
5495,"Neffs Bancorp, Inc. PFD SER A",NEFBP,5.05,0.27,0.434,Yes
5496,KORE Mining Ltd.,KOREF,23.4,1.164,0.864,No
5497,ANA Holdings Inc.,ALNPY,4.64,0.249,0.603,Yes
5498,Owens Corning,OC,7.79,0.414,1.015,Yes
5499,"DeNA Co., Ltd.",DNACF,5.93,0.318,0.119,Yes
5500,"Centuri Holdings, Inc.",CTRI,10.41,0.548,0.941,Yes
5501,"Angel Oak Mortgage REIT, Inc. 9",AOMN,0.84,0.046,0.054,Yes
5502,Cineplex Inc.,CPXGF,5.75,0.309,0.355,Yes
5503,WYTEC INTERNATIONAL INC,WYTC,13.51,0.705,0.975,No
5504,Starr Peak Mining Ltd.,STRPF,15.65,0.81,0.217,Yes
5505,"Precision Optics Corporation, Inc.",POCI,8.96,0.479,0.86,Yes
5506,Momentum Group AB (publ),MMGRF,8.44,0.452,0.86,No
5507,"LiveOne, Inc.",LVO,12.18,0.644,1.502,Yes
5508,"Equitable Holdings, Inc.",EQH,4.96,0.272,1.087,Yes
5509,KT Corporation,KT,5.72,0.313,0.177,No
5510,Brookfield BRP Holdings (Canada,BEPJ,1.98,0.111,0.576,Yes
5511,State Street Communication Services Select Sector SPDR Premium Income ETF,XLCI,1.98,0.111,0.503,Yes
5512,Uranium Energy Corp.,UEC,13.95,0.743,1.996,Yes
5513,GATX Corporation,GATX,5.2,0.288,0.55,Yes
5514,"OBIC Co.,Ltd.",OBICY,6.84,0.377,0.748,Yes
5515,Midland Exploration Inc.,MIDLF,10.12,0.554,0.974,Yes
5516,Morguard Corporation,MRCBF,1.33,0.076,0.166,Yes
5517,Lifco AB (publ),LFCBY,5.58,0.313,1.298,Yes
5518,Playmates Holdings Limited,PYHOF,15.11,0.814,4.051,No
5519,"PagerDuty, Inc.",PD,15.87,0.855,2.898,Yes
5520,BeWhere Holdings Inc.,BEWFF,6.58,0.369,1.643,Yes
5521,"Goosehead Insurance, Inc.",GSHD,12.79,0.699,0.136,No
5522,Iren SpA,IRDEF,5.63,0.318,0.503,Yes
5523,1933 Industries Inc.,TGIFF,22.72,1.197,4.89,Yes
5524,TPG Inc.,TPG,8.0,0.448,1.095,Yes
5525,Megaworld Corporation,MGAWY,5.23,0.297,0.324,No
5526,Rhelion Life Sciences Corp.,TRUFF,24.18,1.274,6.319,Yes
5527,Unilever PLC,UL,5.21,0.298,0.841,Yes
5528,PIMCO High Income Fund,PHK,1.4,0.082,0.171,Yes
5529,Smart Cannabis Corp.,SCNA,26.37,1.385,6.468,Yes
5530,Nippon Sanso Holdings Corporation,NPXYY,6.02,0.344,0.257,Yes
5531,"ACI Worldwide, Inc.",ACIW,5.31,0.305,0.166,No
5532,"Codexis, Inc.",CDXS,23.41,1.249,2.975,Yes
5533,NEC Corporation,NECPY,9.9,0.559,1.553,Yes
5534,"Alector, Inc.",ALEC,17.46,0.956,0.818,Yes
5535,Genel Energy plc,GEGYF,8.14,0.463,0.613,Yes
5536,"Hovnanian Enterprises, Inc.",HOV,9.32,0.528,0.152,Yes
5537,"NanoViricides, Inc.",NNVC,14.74,0.818,4.048,Yes
5538,China Mengniu Dairy Company Limited,CIADF,3.8,0.221,0.032,No
5539,Bally's Corporation,BALY,17.83,0.983,3.981,Yes
5540,ICICI Bank Limited,IBN,3.82,0.223,0.522,Yes
5541,Clean Seed Capital Group Ltd.,CLGPF,13.35,0.75,2.029,No
5542,Leatt Corporation,LEAT,5.34,0.312,1.06,Yes
5543,Genie Energy Ltd.,GNE,2.36,0.14,0.056,Yes
5544,IREN Limited,IREN,17.67,0.99,5.005,Yes
5545,PureTech Health plc,PTCHF,4.73,0.28,1.518,Yes
5546,"Nitori Holdings Co., Ltd.",NCLTY,7.8,0.458,0.46,Yes
5547,"Altimmune, Inc.",ALT,16.15,0.915,1.256,Yes
5548,Intact Financial Corporation,IFCZF,3.77,0.226,0.385,Yes
5549,"Village Farms International, Inc.",VFF,12.4,0.722,1.125,Yes
5550,New World Development Company Limited,NDVLY,14.68,0.849,1.528,Yes
5551,CP ALL Public Company Limited,CVPBF,8.87,0.527,1.23,Yes
5552,Global Crossing Airlines Group Inc.,JETBF,8.68,0.518,0.862,Yes
5553,AlphaGen Intelligence Corp.,APETF,33.99,1.839,1.393,No
5554,CSL Limited,CSLLY,10.42,0.618,0.632,No
5555,"ONE Gas, Inc.",OGS,3.52,0.215,0.124,No
5556,Shopify Inc.,SHOP,6.95,0.42,0.654,Yes
5557,Singapore Telecommunications Limited,SNGNF,3.53,0.216,0.44,No
5558,Nano Dimension Ltd.,NNDM,5.63,0.342,0.872,Yes
5559,T Stamp Inc.,IDAI,11.0,0.654,1.045,Yes
5560,"Rexford Industrial Realty, Inc.",REXR-PB,1.42,0.088,0.173,Yes
5561,Bravo Mining Corp.,BRVMF,14.0,0.825,2.093,Yes
5562,"RadNet, Inc.",RDNT,6.13,0.374,0.851,Yes
5563,West Fraser Timber Co. Ltd.,WFG,3.47,0.215,0.167,Yes
5564,TriMas Corporation,TRS,4.62,0.286,0.462,Yes
5565,Kadant Inc.,KAI,4.07,0.253,0.679,Yes
5566,"Protara Therapeutics, Inc.",TARA,12.85,0.769,0.981,Yes
5567,AAC Technologies Holdings Inc.,AACAY,7.49,0.46,1.584,Yes
5568,"Green Brick Partners, Inc.",GRBK-PA,2.31,0.145,0.532,Yes
5569,Amplify Energy Corp.,AMPY,9.74,0.593,0.729,No
5570,CytoDyn Inc.,CYDY,11.0,0.669,0.905,Yes
5571,"MainStreetChamber Holdings, Inc.",MSCH,30.93,1.741,2.037,No
5572,Resverlogix Corp.,RVXCF,5.55,0.346,0.02,No
5573,Legrand SA,LGRVF,6.42,0.399,1.966,Yes
5574,Dear Cashmere Holding Company,DRCR,28.02,1.599,1.844,Yes
5575,"Suburban Propane Partners, L.P.",SPH,3.7,0.233,0.192,Yes
5576,Sampo Oyj,SAXPF,2.49,0.158,0.038,No
5577,"Calbee, Inc.",CLBEY,2.81,0.178,0.12,Yes
5578,"Sally Beauty Holdings, Inc.",SBH,4.44,0.28,0.404,Yes
5579,Golf Entertainment Group Inc.,GLFEN,8.42,0.523,2.634,Yes
5580,PICC Property and Casualty Company Limited,PPCCY,4.7,0.299,0.696,Yes
5581,Reitmans (Canada) Limited,RTMAF,4.37,0.278,1.135,Yes
5582,"Rezolute, Inc.",RZLT,19.08,1.145,0.459,Yes
5583,"IIOT-OXYS, Inc.",ITOX,12.47,0.771,0.802,No
5584,Fitz-Gerald Must Have Portfolio ETF,FITZ,2.39,0.155,2.286,Yes
5585,"Nutanix, Inc.",NTNX,9.67,0.606,1.336,Yes
5586,First Atlas Resources Corp.,BTKRF,15.4,0.943,4.846,No
5587,,CPTLD,29.11,1.692,10.544,Yes
5588,Northern Graphite Corporation,NGPHF,14.8,0.914,2.136,Yes
5589,"The Movie Studio, Inc.",MVES,14.19,0.879,1.146,No
5590,"CK Life Sciences Int'l., (Holdings) Inc.",CKLSF,6.25,0.401,0.183,No
5591,Kingsrose Mining Limited,KRMMF,17.65,1.082,0.307,Yes
5592,XP Inc.,XP,5.85,0.377,0.143,Yes
5593,Microsoft Corporation,MSFT,6.49,0.418,1.36,Yes
5594,Compass Gold Corporation,COGDF,13.14,0.823,0.514,No
5595,Ernexa Therapeutics Inc.,ERNA,44.77,2.493,7.4,Yes
5596,"Mohawk Industries, Inc.",MHK,5.29,0.343,1.043,Yes
5597,Fresenius Medical Care AG,FMCQF,4.59,0.3,0.151,Yes
5598,"The Marygold Companies, Inc.",MGLD,7.96,0.512,0.402,No
5599,Clean Vision Corporation,CLNV,36.78,2.12,11.881,Yes
5600,Sime Darby Property Berhad,SIMEF,5.57,0.363,0.637,No
5601,"Cohen & Steers Total Return Realty Fund, Inc.",RFI,2.19,0.145,0.36,Yes
5602,SRIVARU Holding Limited,SVUHF,40.19,2.3,7.539,No
5603,Immunocore Holdings plc,IMCR,5.1,0.337,0.308,No
5604,EQT Corporation,EQT,3.94,0.261,0.713,No
5605,Veeva Systems Inc.,VEEV,8.69,0.565,0.276,Yes
5606,"BlackRock, Inc.",BLK,4.0,0.266,1.023,Yes
5607,Archer Materials Limited,ARRXF,15.71,0.993,2.249,Yes
5608,"CleanSpark, Inc.",CLSK,15.08,0.955,5.445,Yes
5609,Pancontinental Energy NL,PCOGF,17.99,1.127,1.146,Yes
5610,West Red Lake Gold Mines Ltd.,WRLGF,10.96,0.71,0.578,No
5611,"H.U. Group Holdings, Inc.",MRCHF,4.63,0.309,0.885,No
5612,"Grupo Aeroportuario del Centro Norte, S.A.B. de C.V.",OMAB,3.95,0.264,0.646,No
5613,"MachTen, Inc.",MACT,7.39,0.488,0.709,Yes
5614,"Cartesian Therapeutics, Inc.",RNAC,10.45,0.683,0.984,Yes
5615,"Bullfrog AI Holdings, Inc.",BFRG,37.77,2.233,10.381,No
5616,"Lamb Weston Holdings, Inc.",LW,6.76,0.451,0.78,Yes
5617,UMB Financial Corporation,UMBFO,1.07,0.073,0.371,Yes
5618,Cuprina Holdings (Cayman) Limited,CUPR,35.33,2.116,0.872,No
5619,Pictet Emerging Markets Rising Economies ETF,RISE,1.69,0.116,0.045,Yes
5620,United States Antimony Corporation,UAMY,14.82,0.964,2.423,Yes
5621,Silgan Holdings Inc.,SLGN,6.3,0.426,0.384,Yes
5622,Sarine Technologies Ltd.,SILLF,11.88,0.791,0.564,No
5623,"Weis Markets, Inc.",WMK,3.31,0.228,0.037,Yes
5624,AnalytixInsight Inc.,ATIXF,40.75,2.436,6.09,Yes
5625,Scully Royalty Ltd.,SRL,6.82,0.466,0.443,No
5626,GlobalData Plc,GLDAF,15.74,1.037,4.807,Yes
5627,Sonic Healthcare Limited,SKHCF,6.28,0.434,0.225,Yes
5628,"First Solar, Inc.",FSLR,10.43,0.708,2.129,Yes
5629,Rémy Cointreau SA,REMYY,4.62,0.323,0.92,Yes
5630,Quantum Critical Metals Corp.,ATOXF,23.67,1.541,0.081,Yes
5631,"Union Bankshares, Inc.",UNB,2.44,0.174,0.171,No
5632,Armada Mercantile Ltd.,AAMTF,12.32,0.842,1.652,No
5633,"AptarGroup, Inc.",ATR,4.33,0.307,0.286,No
5634,"Laird Superfood, Inc.",LSF,14.81,1.004,4.116,Yes
5635,Jacobs Solutions Inc.,J,3.48,0.248,0.293,Yes
5636,Chesapeake Utilities Corporation,CPK,2.95,0.211,0.035,Yes
5637,Gladstone Capital Corporation,GLAD,3.62,0.258,0.918,Yes
5638,"Ricoh Company, Ltd.",RICOY,3.69,0.264,0.465,Yes
5639,Vizsla Silver Corp.,VZLA,8.17,0.578,1.933,Yes
5640,BTU Metals Corp.,BTUMF,17.12,1.168,0.514,Yes
5641,Silver Mines Limited,SLVMF,12.55,0.876,1.064,Yes
5642,"Interlink Electronics, Inc.",LINK,18.29,1.251,3.127,Yes
5643,Pacific Gas and Electric Company,PCG-PB,1.51,0.111,0.219,No
5644,Southern Realty Co.,SRLY,3.15,0.23,0.864,Yes
5645,Vulcan Infrastructure and Power Inc.,VIP,7.71,0.552,1.226,Yes
5646,EverGen Infrastructure Corp.,EVGIF,10.0,0.714,0.343,No
5647,Fortune Bay Corp.,FTBYF,9.45,0.676,1.756,Yes
5648,Guoco Group Limited,GULRY,3.28,0.241,0.492,Yes
5649,"The Greenbrier Companies, Inc.",GBX,3.56,0.262,0.642,No
5650,"Capcom Co., Ltd.",CCOEY,5.98,0.436,0.137,No
5651,Brown-Forman Corporation,BF-B,2.89,0.215,0.085,No
5652,HIVE Digital Technologies Ltd.,HIVE,17.61,1.23,5.603,Yes
5653,"CTT Pharmaceutical Holdings, Inc.",CTTH,7.38,0.539,1.057,Yes
5654,Aeroports de Paris SA,AEOXF,4.0,0.299,0.652,Yes
5655,Docebo Inc.,DCBO,6.25,0.464,0.728,Yes
5656,New Energy Metals Corp.,NRGYF,37.52,2.465,7.421,No
5657,Jack in the Box Inc.,JACK,10.45,0.764,3.058,Yes
5658,ParaZero Technologies Ltd.,PRZO,19.57,1.381,3.553,Yes
5659,"CannaPharmaRX, Inc.",CPMD,13.39,0.97,1.363,No
5660,SBC Medical Group Holdings Incorporated,SBC,8.0,0.594,1.481,No
5661,Amana Developing World ETF,AMEM,3.53,0.269,,
5662,PetroTal Corp.,PTALF,8.83,0.657,0.556,No
5663,John Hancock Preferred Income Fund II,HPF,0.79,0.061,0.372,Yes
5664,KOSE Holdings Corporation,KSRYY,5.35,0.406,0.002,No
5665,DEFSEC Technologies Inc.,DFSC,19.41,1.39,6.365,Yes
5666,Hikma Pharmaceuticals PLC,HKMPY,3.86,0.296,1.123,Yes
5667,Neuberger Berman Income Funds - Neuberger Real Estate Securities Income Fund Inc.,NRO,1.82,0.141,0.618,Yes
5668,"HeartBeam, Inc.",BEAT,37.26,2.509,1.822,No
5669,Runway Growth Finance Corp.,RWAYI,0.87,0.068,0.18,Yes
5670,"Automatic Data Processing, Inc.",ADP,4.02,0.31,0.52,Yes
5671,REE Automotive Ltd.,REEAF,41.76,2.81,2.85,Yes
5672,"e.l.f. Beauty, Inc.",ELF,10.4,0.79,1.201,Yes
5673,DoubleLine Yield Opportunities Fund,DLY,0.88,0.07,0.332,Yes
5674,Battery X Metals Inc.,BATXF,22.88,1.66,7.972,Yes
5675,OXE Marine AB (publ),CMMCF,17.35,1.286,1.1,No
5676,Kinaxis Inc.,KXSCF,4.32,0.339,0.107,Yes
5677,Fernhill Corp,FERN,25.34,1.826,8.469,Yes
5678,"First Financial Bankshares, Inc.",FFIN,2.47,0.196,0.612,Yes
5679,CSL Limited,CMXHF,7.83,0.607,0.832,No
5680,"Wiremedia, Inc.",WRMA,41.26,2.813,6.04,No
5681,Glory Ltd.,GLYYY,3.37,0.267,0.886,Yes
5682,Reaves Utility Income Fund,UTG,2.51,0.2,0.722,Yes
5683,"Leishen Energy Holding Co., Ltd.",LSE,5.09,0.4,1.025,Yes
5684,BioVaxys Technology Corp.,BVAXF,36.93,2.563,7.335,Yes
5685,Silex Systems Limited,SILXF,10.32,0.793,2.731,Yes
5686,M&T Bank Corporation,MTB-PK,0.69,0.055,0.019,No
5687,SoftBank Corp.,SOBKY,2.16,0.172,0.329,Yes
5688,Globavend Holdings Limited,GVH,24.79,1.806,3.613,Yes
5689,Zhengye Biotechnology Holding Limited,ZYBT,17.09,1.286,0.581,No
5690,Macarthur Minerals Limited,MMSDF,38.48,2.675,24.945,Yes
5691,KKR & Co. Inc.,KKR-PD,3.94,0.314,0.687,Yes
5692,Exagen Inc.,XGN,16.17,1.225,3.384,Yes
5693,"Exyn Technologies, Inc.",EXYNW,28.9,2.088,11.386,No
5694,"Zoomcar Holdings, Inc.",ZCAR,22.2,1.649,8.834,Yes
5695,Wen Acquisition Corp.,WENNU,0.35,0.029,0.057,Yes
5696,Agilyx ASA,AGXXF,13.19,1.019,3.993,Yes
5697,Tejon Ranch Co.,TRC,2.34,0.19,0.127,No
5698,Pure Cycle Corporation,PCYO,3.09,0.25,0.933,Yes
5699,Neutra Corp.,NTRR,19.78,1.493,1.373,Yes
5700,Planet Image International Limited,YIBO,6.39,0.511,1.844,Yes
5701,Hestia Insight Inc.,HSTA,17.38,1.334,1.725,Yes
5702,Givaudan SA,GVDBF,3.2,0.261,0.954,Yes
5703,Skyharbour Resources Ltd.,SYHBF,7.95,0.634,1.209,Yes
5704,"Mastech Digital, Inc.",MHH,5.25,0.424,0.678,Yes
5705,"Millrose Properties, Inc.",MRP,3.13,0.255,0.957,Yes
5706,American Express Company,AXP,2.55,0.209,0.535,Yes
5707,Willis Towers Watson Public Limited Company,WTW,4.54,0.369,0.949,No
5708,Circle Internet Group,CRCL,12.7,0.996,0.675,Yes
5709,Cosmo N.V.,CMOPF,10.35,0.827,1.35,Yes
5710,SLM Corporation,SLM,5.57,0.455,0.131,No
5711,"Summit Hotel Properties, Inc.",INN-PE,1.84,0.153,0.543,Yes
5712,BAE Systems plc,BAESY,4.42,0.363,0.404,No
5713,"Advanced Drainage Systems, Inc.",WMS,4.45,0.366,0.86,Yes
5714,Capital Power Corporation,CPXWF,3.0,0.249,0.156,Yes
5715,"Fulgent Genetics, Inc.",FLGT,8.66,0.701,0.613,Yes
5716,Cintas Corporation,CTAS,3.78,0.316,0.451,Yes
5717,Diageo plc,DEO,3.18,0.268,1.373,Yes
5718,"Lifeway Foods, Inc.",LWAY,7.06,0.586,1.909,Yes
5719,Bogota Financial Corp.,BSBK,1.3,0.111,0.25,No
5720,Palamina Corp.,PLMNF,8.96,0.74,1.254,No
5721,Solowin Holdings,AXG,8.85,0.734,0.199,Yes
5722,Apex Critical Metals Corp.,APXCF,11.54,0.948,0.771,Yes
5723,Canterra Minerals Corporation,CTMCF,6.9,0.58,0.981,Yes
5724,"Associated Capital Group, Inc.",ACGP,1.85,0.159,0.053,Yes
5725,Grafton Group plc,GROUF,2.19,0.188,0.136,Yes
5726,Business Warrior Corporation,BZWR,32.12,2.45,4.676,No
5727,"InterDigital, Inc.",IDCC,4.35,0.372,0.049,Yes
5728,SDI Group plc,SDIIF,3.21,0.278,0.463,No
5729,Moelis & Company,MC,3.41,0.295,1.214,Yes
5730,InMode Ltd.,INMD,2.22,0.194,0.317,Yes
5731,"Willdan Group, Inc.",WLDN,7.16,0.612,1.889,Yes
5732,Qiagen N.V.,QGEN,4.37,0.38,0.193,Yes
5733,"Humble Energy, Inc.",HUML,24.14,1.94,3.214,Yes
5734,JIADE Limited,JDZG,53.96,3.911,10.142,Yes
5735,Critical Metals Plc,CRTMF,10.05,0.856,0.948,No
5736,"Brighthouse Financial, Inc.",BHF,2.92,0.257,0.162,Yes
5737,Sixty Six Capital Inc.,HYHDF,13.35,1.134,2.705,Yes
5738,Federal Signal Corporation,FSS,3.85,0.342,0.383,Yes
5739,Holley Inc.,HLLY,7.52,0.656,0.661,Yes
5740,Oatly Group AB,OTLY,8.51,0.745,0.595,Yes
5741,"Latham Group, Inc.",SWIM,6.48,0.574,1.32,Yes
5742,,JMATF,3.21,0.289,0.107,Yes
5743,"ClearOne, Inc.",CLRO,7.28,0.645,1.005,Yes
5744,Gulfport Energy Corporation,GPOR,3.49,0.316,0.859,No
5745,Companhia de Saneamento Básico do Estado de São Paulo - SABESP,SBS,3.93,0.355,0.185,No
5746,eGain Corporation,EGAN,9.47,0.834,1.324,Yes
5747,"La Comer, S.A.B. de C.V.",LCMRF,3.91,0.353,1.604,Yes
5748,Buscar Company,CGLD,14.73,1.279,2.846,Yes
5749,"Sprout Social, Inc.",SPT,7.55,0.678,1.689,Yes
5750,"Vynleads, Inc.",VYND,8.13,0.728,0.923,No
5751,"Fuse Medical, Inc.",FZMD,19.01,1.642,6.391,Yes
5752,"Cedar Realty Trust, Inc.",CDR-PB,2.26,0.211,0.74,No
5753,AI/ML Innovations Inc.,AIMLF,9.61,0.871,3.143,Yes
5754,"Special Opportunities Fund, Inc.",SPE,1.4,0.132,0.698,Yes
5755,"Marchex, Inc.",MCHX,2.49,0.233,0.562,Yes
5756,Enka Insaat ve Sanayi A.S.,EKIVY,1.35,0.128,0.011,No
5757,Tabcorp Holdings Limited,TABCF,5.02,0.473,1.458,Yes
5758,Nuveen Global High Income Fund,JGH,0.96,0.093,0.475,Yes
5759,"ADTRAN Holdings, Inc.",ADTN,8.25,0.775,1.788,Yes
5760,Reynolds Consumer Products Inc.,REYN,3.65,0.354,0.232,Yes
5761,Ares Management Corp,ARES-PB,3.64,0.355,1.056,Yes
5762,HydrogenPro ASA,HYPRF,10.97,1.039,2.901,Yes
5763,"XTI Aerospace, Inc.",XTIA,6.08,0.589,0.716,No
5764,Freegold Limited,FGOVF,6.56,0.638,1.227,Yes
5765,"Lyell Immunopharma, Inc.",LYEL,7.3,0.708,0.155,Yes
5766,Oji Holdings Corporation,OJIPY,1.18,0.118,0.574,Yes
5767,NaaS Technology Inc.,NAAS,7.49,0.729,0.416,Yes
5768,DigitalX Limited,DGGXF,22.55,2.068,1.481,No
5769,Seatrium Limited,SMBMF,4.54,0.45,0.421,Yes
5770,Sabine Royalty Trust,SBR,1.99,0.2,0.084,No
5771,"Alignment Healthcare, Inc.",ALHC,9.49,0.922,0.659,Yes
5772,"HCI Group, Inc.",HCI,3.59,0.359,0.225,Yes
5773,EQUATOR Beverage Company,MOJO,8.93,0.873,1.62,Yes
5774,"NOHO, Inc.",DRNK,19.78,1.852,4.899,No
5775,"American Financial Group, Inc.",AFGD,1.25,0.127,0.582,Yes
5776,"Chugai Pharmaceutical Co., Ltd.",CHGCY,3.78,0.38,0.298,Yes
5777,Xtep International Holdings Limited,XTPEF,0.95,0.097,0.092,Yes
5778,"Value Line, Inc.",VALU,3.58,0.361,0.238,No
5779,Ionik Corporation,INIKF,9.75,0.962,0.249,No
5780,"MaxCyte, Inc.",MXCT,7.9,0.785,3.33,Yes
5781,Orbit Garant Drilling Inc.,OBGRF,7.35,0.74,0.952,No
5782,JD Sports Fashion Plc,JDSPY,4.12,0.425,1.138,Yes
5783,"1847 Holdings, LLC",LBRA,6.98,0.718,1.651,Yes
5784,Bounty Oil & Gas NL,BYOGF,11.06,1.118,0.963,No
5785,"ICF International, Inc.",ICFI,3.8,0.396,1.239,Yes
5786,"Constellation Brands, Inc.",STZ,2.17,0.229,0.218,Yes
5787,"Cavco Industries, Inc.",CVCO,4.02,0.419,0.584,Yes
5788,Smart Eye AB (publ),SMTEF,11.82,1.205,2.942,Yes
5789,"Green Brick Partners, Inc.",GRBK,3.38,0.358,0.482,Yes
5790,NorthWest Copper Corp.,NWCCF,9.67,0.998,0.772,No
5791,Viva Biotech Holdings,VBIZF,10.81,1.113,0.219,No
5792,Metatron Apps Inc.,MRNJ,24.14,2.359,5.361,Yes
5793,MediaCo Holding Inc.,MDIA,6.57,0.694,2.076,Yes
5794,Berkshire Hathaway Inc.,BRK-A,1.4,0.152,0.097,No
5795,SL Green Realty Corp.,SLG,3.38,0.367,0.986,Yes
5796,Andean Precious Metals Corp.,ANPMF,7.08,0.755,0.743,Yes
5797,Centrica plc,CPYYY,2.79,0.304,0.009,No
5798,JBS N.V.,JBS,3.47,0.378,1.629,No
5799,"Lens Technology Co., Ltd.",LNTCY,7.37,0.789,3.574,Yes
5800,"Entrex Carbon Market, Inc",NTRX,12.26,1.287,0.53,Yes
5801,"KLX Energy Services Holdings, Inc.",KLXE,8.05,0.873,1.839,Yes
5802,Pelangio Exploration Inc.,PGXPF,6.58,0.718,0.827,Yes
5803,Berkshire Hathaway Inc.,BRK-B,1.35,0.154,0.112,No
5804,PT Bank Mandiri (Persero) Tbk,PPERY,2.41,0.273,0.321,No
5805,Tribeca Resources Corporation,TRRCF,3.99,0.45,2.229,Yes
5806,Sky Gold Corp.,SRKZF,12.23,1.335,0.815,Yes
5807,"Guidewire Software, Inc.",GWRE,5.62,0.631,0.139,Yes
5808,"Grupo Comercial Chedraui, S.A.B. de C.V.",GCHEF,2.59,0.297,1.357,Yes
5809,"BlackRock MuniYield Quality Fund, Inc.",MQY,0.96,0.111,0.527,Yes
5810,Molson Coors Beverage Company,TAP-A,2.81,0.322,0.179,No
5811,Air France-KLM SA,AFLYY,4.47,0.51,1.451,Yes
5812,Duke Energy Corporation,DUK,1.21,0.14,0.316,No
5813,Energean plc,EERGF,3.04,0.351,0.378,Yes
5814,Fugro N.V.,FUGRF,4.34,0.504,0.453,Yes
5815,GoldMining Inc.,GLDG,5.61,0.65,1.843,Yes
5816,Collins Foods Limited,CLLFF,2.8,0.329,0.091,Yes
5817,Woolworths Holdings Limited,WLWHY,2.17,0.257,0.967,Yes
5818,"Charter Communications, Inc. Series A Cumulative Redeemable Preferred Stock",CHTRP,0.94,0.112,0.326,No
5819,Workiva Inc.,WK,4.65,0.547,0.273,No
5820,Bank OZK,OZK,1.48,0.178,0.217,Yes
5821,Brookfield Renewable Corporation,BEPC,3.21,0.384,0.415,Yes
5822,Canon Inc.,CAJPY,1.49,0.182,0.037,No
5823,Fuchs SE,FUPPF,1.08,0.133,0.569,Yes
5824,AH REALTY TRUST INC,AHRT,2.24,0.274,1.246,Yes
5825,"Gray Media, Inc.",GTN,5.09,0.616,1.387,Yes
5826,Gold Springs Resource Corp.,GRCAF,3.62,0.442,0.399,Yes
5827,Scotch Creek Ventures Inc.,SCVFF,10.0,1.197,4.282,Yes
5828,Ameren Illinois Company,AILLI,1.0,0.126,0.286,No
5829,Toubani Resources Limited,TOUBF,5.91,0.731,0.799,Yes
5830,"ALPS Nautilus SMR, Nuclear & Technology ETF",SMRF,3.31,0.415,1.911,Yes
5831,Lumos Diagnostics Holdings Limited,LDXHF,7.53,0.927,1.073,No
5832,Kuros Biosciences AG,CSBTF,3.54,0.445,0.467,Yes
5833,Clipper Realty Inc.,CLPR,2.84,0.359,1.073,Yes
5834,JetBlue Airways Corporation,JBLU,3.77,0.475,0.905,Yes
5835,Acco Group Holdings Limited,ACCL,7.25,0.901,0.588,Yes
5836,Genting Singapore Limited,GIGNF,3.52,0.445,1.623,Yes
5837,Western Asset Premier Bond Fund,WEA,0.37,0.047,0.213,Yes
5838,FIT Hon Teng Limited,FITGF,5.32,0.673,1.569,Yes
5839,Convatec Group PLC,CNVVY,1.98,0.257,0.379,Yes
5840,Bitterroot Resources Ltd.,BITTF,9.64,1.209,0.391,No
5841,"F&G Annuities & Life, Inc. 7.95",FGN,0.28,0.037,0.076,Yes
5842,The Western Union Company,WU,2.72,0.353,0.599,Yes
5843,QMC Quantum Minerals Corp.,QMCQF,8.75,1.112,1.706,No
5844,OFX Group Limited,OZFRY,3.58,0.466,0.472,No
5845,"Sumitomo Realty & Development Co., Ltd.",SURYY,3.01,0.394,0.035,No
5846,Viscount Mining Corp.,VLMGF,10.82,1.372,1.217,Yes
5847,Aston Bay Holdings Ltd.,ATBHF,6.33,0.822,2.845,Yes
5848,Silver North Resources Ltd.,TARSF,5.69,0.741,1.464,Yes
5849,Sixt SE,SIXGF,1.25,0.166,0.528,Yes
5850,PennyMac Mortgage Investment Trust,PMT-PA,0.83,0.111,0.456,Yes
5851,Main Street Capital Corporation,MAIN,1.88,0.251,0.403,Yes
5852,"IMAX China Holding, Inc.",IMXCF,1.29,0.174,0.177,No
5853,Haydale plc,HDGHF,10.48,1.367,6.598,Yes
5854,Spruce Power Holding Corporation,SPRU,7.6,1.007,1.258,No
5855,Legrand SA,LGRDY,2.55,0.347,1.531,Yes
5856,"Kuraray Co., Ltd.",KURRY,2.15,0.293,0.611,Yes
5857,"Glacier Bancorp, Inc.",GBCI,2.36,0.32,0.453,Yes
5858,Alta Equipment Group Inc.,ALTG,6.27,0.842,2.89,Yes
5859,Evotec SE,EVOTF,3.68,0.501,2.162,Yes
5860,Compañía Cervecerías Unidas S.A.,CCU,2.04,0.281,1.058,Yes
5861,Rise Gold Corp.,RYES,9.65,1.286,1.766,No
5862,Aftermath Silver Ltd.,AAGFF,5.57,0.755,0.753,Yes
5863,Bitdeer Technologies Group,BTDR,8.16,1.096,4.278,Yes
5864,"Forbright, Inc.",FRBT,2.81,0.388,,
5865,Nitto Denko Corporation,NDEKF,2.69,0.374,0.538,Yes
5866,NASDAQ DM Ex US Industrials Ind,BNH,0.6,0.085,0.464,Yes
5867,Bank of America Corporation,BAC-PK,0.36,0.051,0.208,Yes
5868,Peninsula Energy Limited,PENMF,7.53,1.03,0.445,No
5869,Wallbridge Mining Company Limited,WLBMF,4.64,0.646,2.019,Yes
5870,,RAPI,6.49,0.897,1.391,Yes
5871,Brookfield Infrastructure Corporation,BIPC,2.51,0.353,0.737,Yes
5872,Huntington Bancshares Incorporated,HBAN,1.57,0.222,0.354,Yes
5873,Golf Entertainment Group Inc.,GLFEO,3.71,0.521,2.027,Yes
5874,Sonic Healthcare Limited,SKHHY,1.85,0.262,0.254,Yes
5875,AMREP Corporation,AXR,2.65,0.377,1.001,No
5876,Hong Kong Exchanges and Clearing Limited,HKXCF,2.29,0.327,0.513,Yes
5877,"Energizer Holdings, Inc.",ENR,3.4,0.483,1.795,Yes
5878,"Gulf Resources, Inc.",GURE,7.58,1.09,2.065,No
5879,Sime Darby Berhad,SMEBF,2.17,0.319,0.998,No
5880,"Astec Industries, Inc.",ASTE,4.13,0.605,0.549,Yes
5881,"AmeraMex International, Inc.",AMMX,5.1,0.75,0.377,No
5882,"Loans4Less.Com, Inc.",LFLS,5.32,0.784,1.947,No
5883,Wilton Resources Inc.,WLTNF,7.6,1.109,1.469,Yes
5884,Atmos Energy Corporation,ATO,1.33,0.201,0.261,No
5885,"The Graystone Company, Inc.",GYST,5.32,0.792,2.15,No
5886,Green Dot Corporation,GDOT,1.61,0.244,0.74,Yes
5887,Ivanhoe Electric Inc.,IE,3.89,0.586,2.565,Yes
5888,QinetiQ Group plc,QNTQY,3.32,0.502,0.843,Yes
5889,Barry Callebaut AG,BYCBF,2.25,0.343,0.045,No
5890,Exelon Corporation,EXC,1.14,0.177,0.532,No
5891,,DBCCD,2.98,0.458,0.596,No
5892,"Universal Logistics Holdings, Inc.",ULH,5.01,0.765,0.847,No
5893,InMed Pharmaceuticals Inc.,INM,9.44,1.417,5.163,Yes
5894,Stock Trend Capital Inc.,STOCF,4.93,0.759,1.462,No
5895,MBAK Energy Solutions Inc.,MBAK,8.55,1.302,0.237,No
5896,Prudential plc,PUK,1.64,0.26,0.408,Yes
5897,Lundin Mining Corporation,LNDMY,2.46,0.396,0.404,Yes
5898,Comba Telecom Systems Holdings Limited,COBJF,7.99,1.26,1.451,Yes
5899,PT Sarana Menara Nusantara Tbk.,SMNUF,4.86,0.779,1.479,Yes
5900,"Verastem, Inc.",VSTM,4.99,0.802,0.141,Yes
5901,Telefônica Brasil S.A.,VIV,2.47,0.404,0.475,No
5902,"Westell Technologies, Inc.",WSTL,2.6,0.428,0.371,Yes
5903,Imagine Lithium Inc.,ARXRF,5.25,0.856,3.5,Yes
5904,TransAct Technologies Incorporated,TACT,3.45,0.567,0.842,Yes
5905,Aura Energy Limited,AUEEF,9.12,1.468,2.207,Yes
5906,Zip Co Limited,ZIZTF,7.89,1.278,6.063,Yes
5907,Taiheiyo Cement Corporation,THYCY,2.8,0.467,1.987,Yes
5908,"DocuSign, Inc.",DOCU,3.07,0.517,0.402,Yes
5909,"Innovative Designs, Inc.",IVDN,5.05,0.846,1.726,No
5910,"Oaktree Capital Group, LLC",OAK-PB,0.55,0.094,0.295,Yes
5911,"VerifyMe, Inc.",VRME,6.74,1.131,0.39,Yes
5912,Evaxion A/S,EVAX,4.88,0.826,1.068,Yes
5913,"Rave Restaurant Group, Inc.",RAVE,2.49,0.429,0.639,Yes
5914,Coats Group plc,CGGGF,1.52,0.266,0.967,Yes
5915,J-Long Group Limited,JL,5.09,0.876,2.986,No
5916,ACRES Commercial Realty Corp.,ACR-PD,0.55,0.097,0.34,Yes
5917,Investec Group,ITCFY,1.63,0.286,0.755,Yes
5918,"Nissin Foods Holdings Co.,Ltd.",NFPDF,1.48,0.26,0.506,No
5919,Veltex Corporation,VLXC,5.45,0.944,0.004,Yes
5920,"Sibannac, Inc.",SNNC,9.95,1.699,8.017,Yes
5921,Service Corporation International,SCI,1.09,0.198,0.419,No
5922,Embracer Group AB (publ),THQQF,3.81,0.685,3.263,Yes
5923,Medtronic plc,MDT,1.74,0.315,0.31,No
5924,"Pegasus Tel, Inc.",PTEL,4.14,0.747,2.628,Yes
5925,Hensoldt AG,HNSDF,3.22,0.585,1.6,Yes
5926,PhenixFIN Corporation,PFX,1.35,0.25,0.918,Yes
5927,Serco Group plc,SECCF,1.62,0.301,0.481,No
5928,ICL Group Ltd,ICL,2.42,0.451,1.218,Yes
5929,"Honda Motor Co., Ltd.",HNDAF,1.73,0.325,1.071,Yes
5930,Waldencast plc,WALD,5.27,0.978,1.514,Yes
5931,Ameriwest Critical Metals Inc.,AWLIF,5.91,1.096,0.712,No
5932,Prothena Corporation plc,PRTA,2.03,0.383,0.63,Yes
5933,Springview Holdings Ltd,SPHL,7.81,1.441,1.427,Yes
5934,"Synlogic, Inc.",SYBX,5.16,0.967,0.083,Yes
5935,D-Market Elektronik Hizmetler ve Ticaret A.S.,HEPS,1.22,0.232,0.374,Yes
5936,"Sypris Solutions, Inc.",SYPR,3.6,0.689,1.726,Yes
5937,"Esports Entertainment Group, Inc.",GMBLP,7.34,1.405,0.119,Yes
5938,Clean Air Metals Inc.,CLRMF,3.4,0.664,0.862,Yes
5939,,GCPU,4.15,0.811,4.754,Yes
5940,Leonardo S.p.a.,FINMF,1.95,0.386,0.074,No
5941,Founder Holdings Limited,FHGDF,4.68,0.915,3.259,No
5942,Ultragenyx Pharmaceutical Inc.,RARE,3.48,0.696,1.454,Yes
5943,"HCA Healthcare, Inc.",HCA,1.43,0.291,0.493,No
5944,The Sherwin-Williams Company,SHW,1.16,0.236,0.18,Yes
5945,Acuity Inc.,AYI,1.73,0.355,0.468,Yes
5946,Informa plc,IFJPY,1.04,0.217,1.04,Yes
5947,Pandora A/S,PNDZF,3.43,0.707,0.012,No
5948,UPM-Kymmene Oyj,UPMKF,1.69,0.354,0.48,Yes
5949,"Rapid7, Inc.",RPD,4.39,0.909,2.895,Yes
5950,Quest Resource Holding Corporation,QRHC,2.55,0.535,1.183,Yes
5951,Liberty Star Uranium & Metals Corp.,LBSR,6.79,1.423,2.363,Yes
5952,Martinrea International Inc.,MRETF,1.52,0.327,1.451,Yes
5953,Tungray Technologies Inc.,TRSG,1.63,0.354,0.823,No
5954,Prospect Capital Corporation,PSEC,0.91,0.2,0.34,Yes
5955,"PetMed Express, Inc.",PETS,4.7,1.011,0.37,Yes
5956,Lightning Resource Corp.,BMTLF,3.15,0.688,1.027,Yes
5957,Bank of America Corporation,BML-PL,0.43,0.094,0.218,Yes
5958,Cymat Technologies Ltd.,CYMHF,2.98,0.655,0.207,No
5959,"Groupon, Inc.",GRPN,3.4,0.749,1.861,Yes
5960,"Versant Media Group, Inc.",VSNT,2.29,0.51,0.622,Yes
5961,"CarGurus, Inc.",CARG,1.64,0.366,0.808,No
5962,Greenland Technologies Holding Corporation,GTEC,4.96,1.094,1.137,Yes
5963,Mongolia Energy Corporation Limited,MOAEF,4.76,1.056,1.831,Yes
5964,"Caleres, Inc.",CAL,1.79,0.408,2.123,Yes
5965,"Kontoor Brands, Inc.",KTB,1.46,0.336,0.403,No
5966,freee K.K.,FREKF,2.86,0.656,0.352,Yes
5967,"Casella Waste Systems, Inc.",CWST,1.35,0.313,0.494,Yes
5968,Venus Medtech (Hangzhou) Inc.,VMTHF,3.33,0.776,0.922,No
5969,Lerøy Seafood Group ASA,LYSFY,1.01,0.238,0.492,Yes
5970,"Caris Life Sciences, Inc.",CAI,3.34,0.779,1.298,Yes
5971,Informa plc,IFPJF,0.69,0.164,0.054,Yes
5972,Avalon Holdings Corporation,AWX,0.38,0.092,0.032,Yes
5973,SJM Holdings Limited,SJMHY,3.82,0.907,0.886,No
5974,PostNL N.V.,PSTNY,2.53,0.606,0.683,No
5975,IBEX Limited,IBEX,1.62,0.394,1.052,Yes
5976,"Smithfield Foods, Inc.",SFD,1.09,0.268,1.014,No
5977,"Nephros, Inc.",NEPH,2.19,0.539,2.366,Yes
5978,Ultralife Corporation,ULBI,1.89,0.473,0.704,Yes
5979,Gander Gold Corporation,GANDF,7.71,1.887,0.638,No
5980,"Hyster-Yale, Inc.",HY,1.59,0.403,1.564,Yes
5981,Abaxx Technologies Inc.,ABXXF,3.4,0.854,1.63,Yes
5982,TAV Havalimanlari Holding A.S.,TAVHY,1.15,0.293,0.638,No
5983,Lavoro Limited,LVROF,15.33,3.697,7.613,Yes
5984,"Velocity Financial, Inc.",VEL,0.79,0.205,0.289,Yes
5985,"Morningstar, Inc.",MORN,1.5,0.393,0.682,Yes
5986,"Redwood Trust, Inc. 9.00% Senio",RWTO,0.26,0.069,0.261,Yes
5987,"Optimum Communications, Inc.",OPTU,6.15,1.625,0.676,No
5988,Dentsu Group Inc.,DNTUY,1.19,0.323,0.742,Yes
5989,NEXTDC Limited,NXDCF,2.1,0.576,3.243,Yes
5990,"Wally World Media, Inc.",WLYW,5.59,1.511,3.188,No
5991,Oracle Commodity Holding Corp.,ORLCF,2.84,0.786,0.973,Yes
5992,China Travel International Investment Hong Kong Limited,CTVIF,4.32,1.205,0.019,Yes
5993,"COSCO SHIPPING International (Hong Kong) Co., Ltd.",CHDGF,1.29,0.366,0.466,Yes
5994,"NEXON Co., Ltd.",NEXOY,1.89,0.537,0.186,No
5995,The Wharf (Holdings) Limited,WARFY,1.25,0.358,0.6,Yes
5996,"Gold Enterprise Group, Inc.",GEGP,7.52,2.11,1.376,No
5997,Organto Foods Inc.,OGOFF,2.47,0.713,0.527,No
5998,Jardine Matheson Holdings Limited,JARLF,1.05,0.309,0.052,Yes
5999,BlackRock Limited Duration Income Trust,BLW,0.29,0.092,0.426,Yes
6000,Isomet Corp.,IOMT,1.22,0.385,0.419,No
6001,Suzuki Motor Corporation,SZKMF,1.11,0.351,0.429,Yes
6002,Geberit AG,GBERF,0.87,0.278,0.488,Yes
6003,"Cleartronic, Inc.",CLRI,2.85,0.903,0.348,Yes
6004,ENDRA Life Sciences Inc.,NDRA,1.31,0.435,0.268,Yes
6005,Westports Holdings Berhad,WSTTF,1.7,0.577,0.313,Yes
6006,"Telephone and Data Systems, Inc.",TDS-PU,0.58,0.198,0.792,Yes
6007,Stolt-Nielsen Limited,SOIEF,0.57,0.202,0.596,Yes
6008,"OPKO Health, Inc.",OPK,1.16,0.408,1.084,Yes
6009,Black Mammoth Metals Corporation,LQRCF,1.7,0.6,0.485,No
6010,GeneDx Holdings Corp.,WGS,2.26,0.799,0.485,Yes
6011,Chorus Limited,CHRYY,0.49,0.173,0.318,Yes
6012,AIA Group Limited,AAIGF,0.57,0.205,0.164,Yes
6013,Vanguard Target Maturity 2034 Corporate Bond ETF,VBCH,0.07,0.027,0.096,Yes
6014,"Galexxy Holdings, Inc.",GXXY,4.85,1.773,4.155,No
6015,DiaSorin S.p.A.,DSRLF,1.11,0.421,1.184,Yes
6016,YieldMax CRCL Option Income Strategy ETF,CRCO,2.14,0.822,0.749,Yes
6017,Zumiez Inc.,ZUMZ,1.22,0.478,1.334,Yes
6018,"ZJK Industrial Co., Ltd.",ZJK,2.46,0.968,3.538,Yes
6019,Warby Parker Inc.,WRBY,1.33,0.536,0.643,Yes
6020,"LENSAR, Inc.",LNSR,2.41,0.987,2.391,Yes
6021,Nippon Steel Corporation,NISTF,0.73,0.306,0.487,Yes
6022,Silver Predator Corp.,SVROF,1.5,0.643,1.249,Yes
6023,"Video River Networks, Inc.",NIHK,1.64,0.712,1.29,No
6024,Ayr Wellness Inc.,AYRWF,5.51,2.369,1.932,Yes
6025,"Controladora Vuela Compañía de Aviación, S.A.B. de C.V.",VLRS,1.14,0.499,0.488,Yes
6026,"BioStem Technologies, Inc.",BSEM,1.87,0.845,2.392,Yes
6027,PT XLSMART Telecom Sejahtera Tbk,PTXKY,1.03,0.473,0.084,No
6028,PT Astra International Tbk,PTAIF,1.05,0.48,0.882,Yes
6029,"Pyxus International, Inc.",PYYX,1.27,0.591,0.611,No
6030,NewAmsterdam Pharma Company N.V.,NAMS,1.2,0.567,0.362,Yes
6031,Nasus Pharma Ltd.,NSRX,1.98,1.001,4.517,Yes
6032,"Allarity Therapeutics, Inc.",ALLR,1.08,0.548,2.135,Yes
6033,AdvanSix Inc.,ASIX,1.08,0.553,1.841,No
6034,Royal Road Minerals Limited,RRDMF,0.94,0.492,0.842,Yes
6035,V.F. Corporation,VFC,0.75,0.396,0.822,Yes
6036,Kimco Realty Corporation,KIM-PL,0.17,0.09,0.468,Yes
6037,"Mettitech Group Holdings, Inc.",MTGH,1.72,0.909,2.924,No
6038,Forward Air Corporation,FWRD,1.73,0.918,1.125,Yes
6039,Tradeweb Markets Inc.,TW,0.52,0.281,0.577,No
6040,Sony Financial Group Inc.,SFGYY,0.43,0.243,0.075,Yes
6041,"PulteGroup, Inc.",PHM,0.55,0.324,0.381,Yes
6042,Workspace Group Plc,WKPPF,0.68,0.417,0.566,Yes
6043,Elisa Oyj,ELMUF,0.36,0.225,0.877,Yes
6044,"Nissan Motor Co., Ltd.",NSANF,0.77,0.523,1.23,Yes
6045,Karyopharm Therapeutics Inc.,KPTI,1.82,1.293,4.501,Yes
6046,"8x8, Inc.",EGHT,0.73,0.551,1.625,Yes
6047,"Binah Capital Group, Inc.",BCG,1.06,0.807,0.676,No
6048,Adavale Resources Limited,ADRLF,1.76,1.381,2.015,Yes
6049,PVH Corp.,PVH,0.7,0.555,1.753,Yes
6050,Geely Automobile Holdings Limited,GELHY,0.64,0.51,1.427,No
6051,Fast Finance Pay Corp.,FFPP,0.98,0.782,3.286,No
6052,"Editas Medicine, Inc.",EDIT,0.7,0.558,1.634,Yes
6053,Rambus Inc.,RMBS,0.83,0.684,3.802,Yes
6054,Gemfields Group Limited,PLLHF,1.27,1.051,4.481,Yes
6055,United Acquisition Corp. I,UAC,0.03,0.029,0.096,Yes
6056,Franklin Master Intermediate Income Trust,PIM,0.07,0.058,0.024,No
6057,Bank of America Corporation,BML-PJ,0.15,0.125,0.676,Yes
6058,Atlas Arteria Limited,MAQAF,0.5,0.43,2.019,Yes
6059,DMC Global Inc.,BOOM,0.75,0.648,2.44,Yes
6060,Aperture AC,APUR,0.04,0.033,0.327,Yes
6061,Suzuki Motor Corporation,SZKMY,0.34,0.328,0.526,Yes
6062,Bosideng International Holdings Limited,BSDGY,0.46,0.45,0.553,Yes
6063,Nuveen Dynamic Municipal Opportunities Fund,NDMO,0.1,0.095,0.258,Yes
6064,"Fabric.AI, Inc.",FABC,1.4,1.412,7.316,Yes
6065,Alfen N.V.,ALFNF,0.02,0.021,0.027,Yes
6066,Rentokil Initial plc,RTO,0.29,0.304,0.509,Yes
6067,The a2 Milk Company Limited,ACOPY,0.49,0.548,2.619,No
6068,United Energy Group Limited,UNEGF,0.97,1.13,2.265,No
6069,Jura Energy Corporation,JECFF,1.23,1.541,6.472,Yes
6070,Intouch Insight Ltd.,INXSF,0.45,0.583,1.458,Yes
6071,Northland Power Inc.,NPIFF,0.33,0.447,0.091,Yes
6072,"Digital Brand Media & Marketing Group, Inc.",DBMM,0.66,0.887,2.158,Yes
6073,Osprey Acquisition Corp. III,OSPRU,0.02,0.029,,
6074,Red Mountain Mining Limited,RMXFF,1.34,1.835,0.984,Yes
6075,"Gores Holdings XI, Inc.",GHXIU,0.01,0.024,,
6076,Orica Limited,OCLDF,0.07,0.117,0.249,Yes
6077,Boeing Co,BA-PA,0.14,0.258,1.177,Yes
6078,"Cadence Design Systems, Inc.",CDNS,0.15,0.308,1.826,Yes
6079,The Boeing Company,BA,0.15,0.312,1.386,Yes
6080,"Eisai Co., Ltd.",ESALF,0.18,0.485,0.002,Yes
6081,"INVE Technologies, Inc.",INVE,0.23,0.669,1.342,Yes
6082,Techlott Inc.,LOTT,0.44,1.569,5.465,Yes
6083,La-Z-Boy Incorporated,LZB,0.11,0.39,0.632,Yes
6084,"Tigo Energy, Inc.",TYGO,0.41,1.605,1.813,Yes
6085,Korea Electric Power Corporation,KEP,0.13,0.528,1.365,Yes
6086,"Mitsubishi Heavy Industries, Ltd.",MHVYF,0.09,0.417,0.646,Yes
6087,Blue Owl Capital Corporation,OBDC,0.03,0.143,0.384,Yes
6088,FS KKR Capital Corp.,FSK,0.05,0.347,0.991,Yes
6089,"InterPrivate Investment Partners V, Inc.",IPVVU,0.0,0.005,,
6090,"Cantor Equity Partners VII, Inc.",CAES,0.0,0.005,,
6091,Immuron Limited,IMRN,0.11,1.124,3.391,Yes
6092,CNBX Pharmaceuticals Inc.,CNBX,0.13,1.492,7.345,Yes
6093,Addus HomeCare Corporation,ADUS,0.02,0.265,0.234,Yes
6094,Middlesex Water Company PFD 7%,MSEXP,0.02,0.39,0.491,Yes
6095,PennantPark Floating Rate Capital Ltd.,PFLA,0.0,0.002,,
6096,"BILL Holdings, Inc.",BILL,0.0,0.419,0.172,Yes
6097,"Himalaya Technologies, Inc.",HMLA,0.0,1.571,0.445,Yes
6098,"PPJ Healthcare Enterprises, Inc.",PPJE,0.0,1.342,2.507,Yes
6099,"mPhase Technologies, Inc.",XDSL,-0.0,1.342,0.298,Yes
6100,"Reunion Industries, Inc.",RUNI,-0.0,1.342,0.705,Yes
6101,"Accredited Solutions, Inc.",ASII,-0.0,1.342,2.627,No
6102,UMAX Group Corp.,UMAX,-0.0,1.342,6.692,Yes
6103,"BIOLASE, Inc.",BIOLQ,-0.0,1.342,0.866,Yes
6104,infinitii ai inc.,CDTAF,-0.0,0.404,0.715,Yes
6105,"Strategic Education, Inc.",STRA,-0.01,0.186,0.545,No
6106,Golf Entertainment Group Inc.,GLFE,-0.03,0.651,0.535,Yes
6107,Eutelsat Communications S.A.,ETCMY,-0.12,1.164,4.33,Yes
6108,Nymox Pharmaceutical Corporation,NYMXF,-0.39,2.427,2.23,Yes
6109,"Envoy Medical, Inc.",COCH,-0.06,0.373,0.601,Yes
6110,Lithium Chile Inc.,LTMCF,-0.07,0.421,0.737,Yes
6111,"BlackRock Debt Strategies Fund, Inc.",DSU,-0.01,0.081,0.431,Yes
6112,Leonardo S.p.a.,FINMY,-0.06,0.348,0.42,No
6113,Reitmans (Canada) Limited,RTMNF,-0.05,0.245,0.885,Yes
6114,MP Materials Corp.,MP,-0.14,0.713,3.676,Yes
6115,"Where Food Comes From, Inc.",WFCF,-0.06,0.271,0.985,No
6116,DTE Energy Company,DTE,-0.04,0.202,0.12,No
6117,"Choice Hotels International, Inc.",CHH,-0.05,0.228,0.146,No
6118,CDW Corporation,CDW,-0.06,0.266,0.569,Yes
6119,Del Monte Corporation,DMC,-0.09,0.353,0.004,Yes
6120,Thinkific Labs Inc.,THNCF,-0.18,0.728,2.689,Yes
6121,Xperi Inc.,XPER,-0.15,0.448,1.754,Yes
6122,New Horizon Aircraft Ltd.,HOVR,-0.44,1.017,6.239,Yes
6123,PGE Polska Grupa Energetyczna S.A.,PGPKY,-0.25,0.488,2.388,Yes
6124,Ares Management Corporation,ARES,-0.25,0.417,1.103,Yes
6125,J and Friends Holdings Limited,JF,-0.18,0.27,0.833,Yes
6126,Westpac Banking Corporation,WEBNF,-0.13,0.204,0.803,No
6127,Range Capital Acquisition Corp II,RNGTW,-0.22,0.32,0.687,No
6128,LuxExperience B.V.,LUXE,-0.34,0.495,0.563,Yes
6129,Evoke plc,EIHDF,-0.54,0.8,0.491,Yes
6130,"Digital Realty Trust, Inc.",DLR-PK,-0.06,0.091,0.52,Yes
6131,Niagara Mohawk Power Corp,NMKCP,-0.03,0.046,0.053,Yes
6132,PayPoint plc,PYPTF,-0.29,0.401,0.347,Yes
6133,Desert Mountain Energy Corp.,DMEHF,-0.99,1.201,3.169,No
6134,"P2 Solar, Inc",PTOS,-0.89,0.993,1.289,No
6135,"Winnebago Industries, Inc.",WGO,-0.38,0.405,1.174,Yes
6136,Dollarama Inc.,DLMAY,-0.42,0.423,0.219,No
6137,"Yesway, Inc.",YSWY,-0.51,0.5,0.174,No
6138,Beach Cities Commercial Bank,BCCB,-0.54,0.489,1.365,No
6139,"Q2 Holdings, Inc.",QTWO,-0.58,0.495,0.195,Yes
6140,New Found Gold Corp.,NFGC,-0.87,0.721,1.934,Yes
6141,Moncler S.p.A.,MONRY,-0.42,0.345,0.581,Yes
6142,Osiris One Metals Ltd.,IONGF,-0.89,0.713,0.191,Yes
6143,Pinnacle Silver and Gold Corp.,PSGCF,-0.76,0.606,0.696,No
6144,Renault SA,RNSDF,-0.39,0.299,1.16,Yes
6145,Blue Ant Media Corporation,BAMIF,-0.72,0.518,1.953,Yes
6146,Neurizon Therapeutics Limited,NUZTF,-1.17,0.831,0.25,Yes
6147,Safe Pro Group Inc.,SPAI,-1.16,0.818,3.815,Yes
6148,Tritent International Corp.,TICJ,-1.55,1.096,4.68,Yes
6149,"Hayward Holdings, Inc.",HAYW,-0.6,0.409,1.105,Yes
6150,Gerresheimer AG,GRRMF,-1.34,0.918,1.51,Yes
6151,"LeMaitre Vascular, Inc.",LMAT,-0.65,0.414,0.924,No
6152,KONE Oyj,KNYJF,-0.47,0.298,0.815,Yes
6153,Giga Metals Corporation,GIGGF,-1.31,0.824,2.327,Yes
6154,Aristocrat Leisure Limited,ARLUF,-0.51,0.32,0.146,Yes
6155,Sanofi,SNYNF,-0.31,0.188,0.017,No
6156,Lithium Ionic Corp.,LTHCF,-1.17,0.693,0.066,Yes
6157,Blackwell 3D Construction Corp.,BDCC,-4.48,2.633,2.636,Yes
6158,Simplify DBi CTA Managed Future,SDMF,-0.11,0.064,0.263,Yes
6159,Genpact Limited,G,-0.81,0.451,0.316,No
6160,"Community Health Systems, Inc.",CYH,-0.84,0.463,0.344,Yes
6161,"DynaResource, Inc.",DYNR,-1.88,1.017,0.705,No
6162,"IonQ, Inc.",IONQ,-2.03,1.083,6.796,Yes
6163,Encompass Health Corporation,EHC,-0.62,0.318,0.614,Yes
6164,Vitality Products Inc.,VPRIF,-2.52,1.292,3.491,No
6165,Silver Hammer Mining Corp.,HAMRF,-1.97,1.006,2.426,Yes
6166,"Dolphin Entertainment, Inc.",DLPN,-0.97,0.491,0.469,Yes
6167,"RiverNorth/DoubleLine Strategic Opportunity Fund, Inc.",OPP,-0.14,0.069,0.175,Yes
6168,Anaergia Inc.,ANRGF,-0.96,0.473,0.55,Yes
6169,"Ocular Therapeutix, Inc.",OCUL,-1.01,0.485,0.981,Yes
6170,Xtra-Gold Resources Corp.,XTGRF,-0.82,0.393,0.946,Yes
6171,Vanguard Target Maturity 2033 Corporate Bond ETF,VBCG,-0.05,0.023,0.073,Yes
6172,Alcon Inc.,ALC,-0.5,0.234,0.081,Yes
6173,High Liner Foods Incorporated,HLNFF,-0.69,0.31,0.147,Yes
6174,Terumo Corporation,TRUMY,-0.67,0.298,0.285,Yes
6175,Dream Office Real Estate Investment Trust,DRETF,-0.53,0.233,0.776,Yes
6176,"Presidio Property Trust, Inc.",SQFTP,-2.2,0.977,1.629,No
6177,Presidential Realty Corporation,PDNLA,-1.8,0.8,1.478,No
6178,Yubico AB,YUBCF,-2.31,0.985,5.286,Yes
6179,"Ameriguard Security Services, Inc.",AGSS,-1.37,0.579,0.565,No
6180,CION Investment Corporation,CION,-1.07,0.447,1.562,Yes
6181,"Aardvark Therapeutics, Inc.",AARD,-2.7,1.134,3.713,Yes
6182,Kingsmen Resources Ltd.,KNGRF,-1.42,0.589,0.669,Yes
6183,"KORU Medical Systems, Inc.",KRMD,-1.54,0.62,0.391,No
6184,Sanofi,SNY,-0.29,0.115,0.097,No
6185,"Kiora Pharmaceuticals, Inc.",KPRX,-1.21,0.475,2.149,Yes
6186,Swiss Re AG,SSREY,-0.51,0.196,0.119,No
6187,The Brink's Company,BCO,-0.96,0.368,0.453,Yes
6188,Proshares Ultra Spacex,SPCF,-7.62,3.001,,
6189,"ServiceNow, Inc.",NOW,-1.9,0.722,0.932,Yes
6190,KE Holdings Inc.,BEKE,-1.11,0.421,1.477,Yes
6191,FTAI Infrastructure Inc.,FIP,-1.75,0.656,1.641,Yes
6192,Allspring Utilities and High Income Fund,ERH,-0.46,0.167,0.315,Yes
6193,East Japan Railway Company,EJPRF,-0.68,0.244,0.281,No
6194,Zenith Energy Ltd.,ZENAF,-4.07,1.482,0.905,Yes
6195,Horizon Technology Finance Corporation,HRZN,-1.1,0.395,1.511,Yes
6196,Standard Lithium Ltd.,SLI,-1.92,0.685,2.767,Yes
6197,Link Real Estate Investment Trust,LKREF,-0.88,0.31,0.995,Yes
6198,Vornado Realty Trust,VNO,-1.01,0.351,1.362,Yes
6199,"Agios Pharmaceuticals, Inc.",AGIO,-1.69,0.593,1.273,No
6200,J&J Snack Foods Corp.,JJSF,-0.99,0.34,0.766,Yes
6201,Close Brothers Group plc,CBGPY,-1.53,0.505,2.466,Yes
6202,The Awareness Group Inc,TAAG,-5.65,1.87,5.2,Yes
6203,Graham Holdings Company,GHC,-0.79,0.255,0.12,Yes
6204,Zephyr Minerals Ltd.,ZPHYF,-1.75,0.567,0.429,Yes
6205,Unicharm Corporation,UNCHF,-0.94,0.302,0.424,No
6206,"Rocky Mountain Chocolate Factory, Inc.",RMCF,-2.5,0.799,1.465,Yes
6207,Highlander Silver Corp.,HSLV,-1.92,0.602,0.767,Yes
6208,"RxSight, Inc.",RXST,-2.15,0.672,1.102,Yes
6209,"China High Speed Transmission Equipment Group Co., Ltd.",CHSTY,-1.73,0.536,0.031,Yes
6210,"Nongfu Shop Digital New Retail Co., LTD",NFSN,-6.44,2.038,3.923,No
6211,Lenzing Aktiengesellschaft,LNZNF,-1.48,0.454,1.994,Yes
6212,HYTN Innovations Inc.,HYTNF,-3.14,0.95,1.113,Yes
6213,"TPG RE Finance Trust, Inc.",TRTX,-0.56,0.166,0.725,Yes
6214,"HG Holdings, Inc.",STLY,-1.75,0.509,2.047,No
6215,PT Bank Mandiri (Persero) Tbk,PPERF,-1.52,0.439,1.861,No
6216,Direxion Daily SpaceX Bull 2X ETF,LOFF,-10.05,2.978,,
6217,"Seer, Inc.",SEER,-1.7,0.479,0.917,Yes
6218,"NetSol Technologies, Inc.",NTWK,-2.08,0.582,1.303,Yes
6219,"Solid Power, Inc.",SLDP,-3.73,1.05,3.093,Yes
6220,Unisys Corporation,UIS,-3.6,1.001,4.638,Yes
6221,GrowGeneration Corp.,GRWG,-2.09,0.576,2.583,Yes
6222,"Skyworks Solutions, Inc.",SWKS,-1.76,0.481,2.866,Yes
6223,"Playboy, Inc.",PLBY,-2.63,0.715,0.546,Yes
6224,"Wheeler Real Estate Investment Trust, Inc.",WHLRD,-0.69,0.184,0.055,No
6225,Horizon Space Acquisition I Corp.,HSPUF,-0.91,0.241,1.118,Yes
6226,"Global Water Resources, Inc.",GWRS,-1.54,0.409,0.67,Yes
6227,"Xponential Fitness, Inc.",XPOF,-3.16,0.847,1.668,No
6228,Silver Dollar Resources Inc.,SLVDF,-3.27,0.863,0.499,No
6229,Geberit AG,GBERY,-1.06,0.274,0.71,Yes
6230,"Everforth, Inc.",EFOR,-3.47,0.905,2.012,No
6231,Logitech International S.A.,LOGI,-1.79,0.456,1.446,Yes
6232,Planet Green Holdings Corp.,PLAG,-4.87,1.22,2.63,Yes
6233,Prada S.p.A.,PRDSF,-0.75,0.183,0.715,Yes
6234,Network Media Group Inc.,NETWF,-4.32,1.067,2.528,Yes
6235,Skillsoft Corp.,SKIL,-4.88,1.208,5.465,Yes
6236,"Pharma Mar, S.A.",PHMMF,-1.53,0.372,0.713,Yes
6237,"SS&C Technologies Holdings, Inc.",SSNC,-1.39,0.337,0.507,Yes
6238,"OriginClear, Inc.",OCLN,-4.89,1.203,2.139,No
6239,VSE Corporation,VSECU,-1.76,0.423,0.153,Yes
6240,Republic Airways Holdings Inc.,RJET,-2.03,0.487,0.48,Yes
6241,"Information Services Group, Inc.",III,-1.72,0.411,1.813,Yes
6242,Dollarama Inc.,DLMAF,-1.23,0.294,0.469,Yes
6243,CD Projekt Red S.A.,OTGLF,-1.56,0.368,1.422,Yes
6244,ADS-TEC Energy PLC,ADSE,-0.8,0.187,0.044,Yes
6245,"Trex Company, Inc.",TREX,-2.07,0.491,1.094,Yes
6246,Global Gas Corporation,HGAS,-6.52,1.574,3.209,Yes
6247,Quartz Mountain Resources Ltd.,QZMRF,-4.28,1.012,1.719,Yes
6248,Levi Strauss & Co.,LEVI,-1.79,0.418,1.518,Yes
6249,"BJ's Wholesale Club Holdings, Inc.",BJ,-0.94,0.218,0.825,No
6250,DiaMedica Therapeutics Inc.,DMAC,-1.73,0.396,0.275,No
6251,"CIM Group, Inc.",CMRF,-2.37,0.538,1.23,No
6252,Yubo International Biotech Limited,YBGJ,-6.44,1.477,5.396,No
6253,"Viking Global Technologies, Inc.",CEIN,-3.58,0.794,0.34,Yes
6254,"Haier Smart Home Co., Ltd.",HRSHF,-1.44,0.316,0.057,Yes
6255,"BT Brands, Inc.",BTBD,-3.3,0.719,1.588,No
6256,WH Smith PLC,WHSMY,-4.38,0.943,1.403,No
6257,Shenandoah Telecommunications Company,SHEN,-1.69,0.359,0.314,No
6258,Pervasip Corp.,PVSP,-5.32,1.144,1.085,Yes
6259,"Red Rock Resorts, Inc.",RRR,-1.48,0.313,0.286,Yes
6260,"Japan Post Insurance Co., Ltd.",JPNPY,-1.17,0.247,2.491,No
6261,Insmed Incorporated,INSM,-2.82,0.592,1.284,No
6262,Global Energy Metals Corporation,GBLEF,-3.22,0.677,0.254,Yes
6263,OSB Group Plc,OSBGF,-1.31,0.272,0.066,Yes
6264,Localiza Rent a Car S.A.,LZRFY,-2.17,0.45,0.261,Yes
6265,Polen Euro High Yield Bond ETF,PCEB,-0.21,0.044,0.622,Yes
6266,Blue Moon Group Holdings Limited,BLUMY,-1.96,0.401,0.789,No
6267,Wizz Air Holdings Plc,WZZZY,-2.5,0.51,0.899,Yes
6268,Galore Resources Inc.,GALOF,-6.89,1.435,3.152,No
6269,"SPI Energy Co., Ltd.",SPIEQ,-6.47,1.327,2.099,Yes
6270,"Awaysis Capital, Inc.",AWCA,-7.86,1.604,5.563,Yes
6271,The Connecticut Light and Power Company,CNLTN,-0.35,0.068,0.172,Yes
6272,Diagnamed Holdings Corp.,DGNMF,-3.2,0.629,1.607,No
6273,GlobalTech Corporation,GLTKD,-2.69,0.525,0.756,Yes
6274,The Wendy's Company,WEN,-1.44,0.278,0.626,Yes
6275,"Climb Global Solutions, Inc.",CLMB,-2.97,0.577,0.504,Yes
6276,Signature Resources Ltd.,SGGTF,-4.48,0.876,0.639,Yes
6277,"Corbus Pharmaceuticals Holdings, Inc.",CRBP,-2.72,0.522,0.415,No
6278,Rising Dragon Acquisition Corp.,RDAC,-8.05,1.555,7.498,Yes
6279,Gatekeeper Systems Inc.,GKPRF,-3.51,0.663,2.49,Yes
6280,IMCD N.V.,IMDZF,-2.88,0.535,2.644,Yes
6281,Future Vision II Acquisition Corp.,FVN,-0.34,0.062,0.024,No
6282,"Mobiquity Technologies, Inc.",MOBQ,-7.1,1.322,3.685,Yes
6283,"Fortune Brands Innovations, Inc.",FBIN,-3.18,0.58,0.674,Yes
6284,Colibri Resource Corporation,CRUCF,-6.03,1.108,1.379,Yes
6285,China Railway Group Limited,CRWOF,-2.36,0.425,0.242,No
6286,,BQHG,-9.47,1.743,0.526,Yes
6287,Hedgeye 130/30 Equity ETF,HELS,-0.85,0.151,0.351,Yes
6288,Camurus AB (publ),CAMRF,-1.92,0.339,1.375,Yes
6289,NextSource Materials Inc.,NSRCF,-4.87,0.868,3.758,Yes
6290,Contango Silver & Gold Inc.,CTGO,-3.81,0.673,2.761,Yes
6291,"Franklin BSP Realty Trust, Inc.",FBRT-PE,-0.63,0.109,0.502,Yes
6292,Blue Owl Technology Finance Corp.,OTF,-2.04,0.353,0.697,No
6293,"Riverview Bancorp, Inc.",RVSB,-0.86,0.149,0.216,No
6294,Strategy Inc,STRF,-0.79,0.135,0.417,Yes
6295,Vinci Compass Investments Ltd.,VINP,-1.26,0.214,0.57,Yes
6296,Regencell Bioscience Holdings Limited,RGC,-7.5,1.313,1.072,Yes
6297,Leef Brands Inc.,LEEEF,-2.71,0.464,1.643,No
6298,Métropole Télévision S.A.,MTPVY,-1.28,0.217,0.043,Yes
6299,AC Immune SA,ACIU,-2.44,0.41,1.207,Yes
6300,Aqua Power Systems Inc.,APSI,-6.28,1.074,1.51,Yes
6301,"EcoPlus, Inc.",ECPL,-7.88,1.348,1.266,Yes
6302,Pelthos Therapeutics Inc.,PTHS,-3.15,0.526,1.816,Yes
6303,Sunny Optical Technology (Group) Company Limited,SOTGY,-3.92,0.656,2.798,Yes
6304,"Contemporary Amperex Technology Co., Limited",CYATY,-2.86,0.475,4.131,Yes
6305,TerraVest Industries Inc.,TRRVF,-3.67,0.612,0.665,Yes
6306,PennantPark Floating Rate Capital Ltd.,PFLT,-1.62,0.267,0.998,Yes
6307,NuLegacy Gold Corporation,NULGF,-3.7,0.613,0.538,Yes
6308,Galaxy Digital,GLXY,-4.98,0.827,4.636,Yes
6309,"SPS Commerce, Inc.",SPSC,-3.61,0.591,0.311,Yes
6310,Bosideng International Holdings Limited,BSDGF,-1.31,0.212,0.283,Yes
6311,Transat A.T. Inc.,TRZBF,-3.08,0.5,1.201,Yes
6312,"Conagra Brands, Inc.",CAG,-1.89,0.303,0.097,Yes
6313,OS Therapies Incorporated,OSTX,-3.31,0.531,2.511,Yes
6314,JS Global Lifestyle Company Limited,JGLCF,-4.22,0.671,0.802,Yes
6315,StepStone Group Inc.,STEP,-3.52,0.556,0.814,Yes
6316,"Earth Science Tech, Inc.",ETST,-6.96,1.117,6.147,Yes
6317,Pride Holdings Group,PHSE,-12.94,2.14,10.893,No
6318,Bank OZK,OZKAP,-0.66,0.102,0.548,Yes
6319,Dryden Gold Corp.,DRYGF,-2.83,0.442,1.772,Yes
6320,"AvePoint, Inc.",AVPT,-2.31,0.358,0.839,Yes
6321,Enterprise Financial Services Corp,EFSCP,-0.76,0.115,0.393,Yes
6322,"Varonis Systems, Inc.",VRNS,-4.62,0.711,2.227,Yes
6323,GE HealthCare Technologies Inc.,GEHC,-1.83,0.276,0.373,No
6324,Generation Uranium Inc.,GENRF,-3.43,0.518,1.474,Yes
6325,"Smith Micro Software, Inc.",SMSI,-4.22,0.639,1.052,Yes
6326,Formula One Group,FWONB,-1.71,0.256,0.64,Yes
6327,Qantas Airways Limited,QABSY,-1.82,0.272,0.972,Yes
6328,McGrath RentCorp,MGRC,-1.25,0.184,0.138,No
6329,"Procore Technologies, Inc.",PCOR,-3.66,0.539,0.372,No
6330,Geekco Technologies Corporation,GKOTF,-5.5,0.819,1.643,Yes
6331,"Trend Exploration, Inc.",TRDX,-8.23,1.221,0.436,No
6332,Diageo plc,DGEAF,-1.86,0.265,1.239,Yes
6333,"bioAffinity Technologies, Inc.",BIAF,-19.78,3.073,12.463,No
6334,,GSAC,-5.2,0.744,3.499,Yes
6335,"Seven & i Holdings Co., Ltd.",SVNDF,-1.55,0.217,0.1,Yes
6336,Sandfire Resources America Inc.,SRAFF,-5.05,0.719,2.491,Yes
6337,Reckitt Benckiser Group plc,RBGPF,-2.05,0.286,0.464,Yes
6338,"Vail Resorts, Inc.",MTN,-1.29,0.179,0.068,Yes
6339,Infant Bacterial Therapeutics AB (publ),IFTBF,-3.7,0.518,0.088,Yes
6340,Vornado Realty Trust,VNORP,-3.3,0.458,0.142,Yes
6341,Nomad Foods Limited,NOMD,-2.23,0.308,0.512,Yes
6342,MannKind Corporation,MNKD,-5.08,0.707,3.249,Yes
6343,Regency Silver Corp.,RSMXF,-10.09,1.437,0.447,Yes
6344,Gilat Satellite Networks Ltd.,GILT,-5.53,0.764,2.174,Yes
6345,Cogeco Inc.,CGECF,-2.07,0.281,0.267,No
6346,Oryzon Genomics S.A.,ORYZF,-1.57,0.212,0.656,Yes
6347,Cadiz Inc.,CDZI,-4.16,0.565,0.743,Yes
6348,Palladyne AI Corp.,PDYN,-6.8,0.933,2.495,Yes
6349,Tiptree Inc.,TIPT,-1.16,0.155,0.339,Yes
6350,"Workday, Inc.",WDAY,-4.58,0.618,0.813,Yes
6351,"Borqs Technologies, Inc.",BRQSF,-5.99,0.802,0.585,No
6352,"Sundance Strategies, Inc.",SUND,-8.16,1.1,2.298,No
6353,John Hancock Preferred Income Fund,HPI,-0.55,0.071,0.403,Yes
6354,ReNew Energy Global Plc,RNW,-3.5,0.455,2.459,Yes
6355,Global Engine Group Holding Limited,GLE,-6.34,0.831,1.231,Yes
6356,"Krispy Kreme, Inc.",DNUT,-3.59,0.464,0.816,Yes
6357,"Republic Services, Inc.",RSG,-1.41,0.18,0.37,No
6358,Ulixe Corp.,ULIX,-12.32,1.646,2.681,No
6359,Mitsubishi Motors Corporation,MMTOF,-5.81,0.75,2.442,Yes
6360,Elevate Uranium Ltd,ELVUF,-6.96,0.899,0.924,Yes
6361,LeddarTech Holdings Inc.,LDTCF,-17.05,2.311,3.657,No
6362,Apollo Silver Corp.,APGOF,-4.93,0.621,1.354,Yes
6363,"Brighthouse Financial, Inc.",BHFAO,-1.89,0.233,0.58,Yes
6364,Golden Shield Resources Inc.,GSRFF,-2.48,0.306,0.751,Yes
6365,Saba Capital Income & Opportunities Fund II,SABA,-0.74,0.09,0.118,Yes
6366,"Marsh & McLennan Companies, Inc.",MRSH,-1.9,0.231,0.27,No
6367,MFS Blended Research Small-Mid Cap ETF,BRSM,-1.01,0.122,,
6368,Questerre Energy Corporation,QTEYF,-5.89,0.721,0.968,Yes
6369,Aisix Solutions Inc.,AISXF,-5.22,0.637,1.092,Yes
6370,"Acurx Pharmaceuticals, Inc.",ACXP,-14.26,1.816,7.14,No
6371,Sojitz Corporation,SZHFY,-2.92,0.345,0.266,No
6372,"Mueller Water Products, Inc.",MWA,-2.12,0.249,0.05,Yes
6373,"Finch Therapeutics Group, Inc.",FNCHQ,-4.84,0.574,0.675,No
6374,Covista Inc.,CVSA,-4.09,0.48,0.912,No
6375,Ceragon Networks Ltd.,CRNT,-3.75,0.439,2.003,Yes
6376,CRISPR Therapeutics AG,CRSP,-3.98,0.466,1.772,Yes
6377,"Boot Barn Holdings, Inc.",BOOT,-3.31,0.385,2.106,Yes
6378,Jardine Cycle & Carriage Limited,JCYGY,-2.1,0.242,0.491,No
6379,Toshiba Tec Corporation,TSHTY,-3.89,0.45,0.356,Yes
6380,COSCO SHIPPING Ports Limited,CSPKF,-0.96,0.109,0.063,No
6381,BlackRock Core Bond Trust,BHK,-0.55,0.062,0.194,Yes
6382,"Complete Financial Solutions, Inc.",CFSU,-6.21,0.72,2.366,No
6383,"Sycamore Entertainment Group, Inc.",SEGI,-11.41,1.356,1.34,Yes
6384,The Progressive Corporation,PGR,-2.61,0.296,0.131,No
6385,"Gruma, S.A.B. de C.V.",GPAGF,-2.7,0.307,0.241,No
6386,China Literature Limited,CHLLF,-5.86,0.674,1.765,No
6387,Zalando SE,ZLNDY,-2.91,0.33,0.149,Yes
6388,Zhaojin Mining Industry Company Limited,ZHAOF,-6.63,0.764,2.095,Yes
6389,"The Keller Manufacturing Company, Inc.",KMFI,-17.75,2.161,4.605,No
6390,NiSource Inc.,NI,-1.67,0.187,0.031,Yes
6391,Harvard Apparatus Regenerative Technology Inc.,HRGN,-6.02,0.683,0.317,No
6392,Lantern Pharma Inc.,LTRN,-10.98,1.27,7.028,Yes
6393,Pulse Seismic Inc.,PLSDF,-4.02,0.446,0.484,No
6394,Gold Royalty Corp.,GROY,-4.61,0.511,0.869,Yes
6395,First Horizon Corporation,FHN-PE,-0.66,0.072,0.283,Yes
6396,K33 AB (publ),ARCNF,-11.92,1.366,3.765,No
6397,"U.S. Physical Therapy, Inc.",USPH,-2.74,0.3,0.31,No
6398,Séché Environnement SA,SECVY,-1.48,0.162,0.393,Yes
6399,"Indaptus Therapeutics, Inc.",INDP,-11.89,1.36,2.18,Yes
6400,"Bob's Discount Furniture, Inc.",BOBS,-7.69,0.859,1.838,Yes
6401,"Gyre Therapeutics, Inc.",GYRE,-4.09,0.449,0.799,Yes
6402,"Shanghai Electric Group Co., Ltd.",SIELY,-4.82,0.529,0.18,No
6403,China New Energy Group Company,CNER,-12.91,1.474,3.886,No
6404,Suncorp Group Limited,SNMYF,-1.48,0.159,0.38,Yes
6405,Textron Inc.,TXT,-2.31,0.248,0.669,Yes
6406,"Ramaco Resources, Inc.",METCZ,-0.23,0.024,0.07,Yes
6407,"Toast, Inc.",TOST,-2.93,0.315,0.309,Yes
6408,"Dror Ortho-Design, Inc.",DROR,-9.79,1.086,0.478,Yes
6409,Frontier Lithium Inc.,LITOF,-6.44,0.7,0.357,No
6410,PT Kalbe Farma Tbk.,PTKFF,-5.28,0.57,1.088,Yes
6411,Comcast Corporation,CMCSA,-2.54,0.27,0.242,No
6412,Directa Plus Plc,DTPKF,-16.74,1.899,4.278,No
6413,"Auburn National Bancorporation, Inc.",AUBN,-2.31,0.241,0.07,No
6414,STAAR Surgical Company,STAA,-5.42,0.572,3.083,Yes
6415,"KULR Technology Group, Inc.",KULR,-10.33,1.105,4.223,Yes
6416,Rithm Capital Corp.,RITM,-1.71,0.176,0.48,Yes
6417,"SpyGlass Pharma, Inc.",SGP,-4.57,0.475,0.925,No
6418,Orora Limited,ORRYY,-4.49,0.465,1.801,No
6419,Ispire Technology Inc.,ISPR,-9.64,1.013,0.506,Yes
6420,"ZyVersa Therapeutics, Inc.",ZVSA,-8.62,0.901,0.954,Yes
6421,Formula One Group,FWONA,-1.91,0.193,0.366,Yes
6422,"BXP, Inc.",BXP,-2.67,0.271,1.058,Yes
6423,BlackRock Multi-Sector Income Trust,BIT,-0.62,0.062,0.308,Yes
6424,Cohort plc,COHTF,-5.07,0.517,0.067,No
6425,BK Technologies Corporation,BKTI,-5.08,0.518,1.542,Yes
6426,"Full Alliance Group, Inc.",FAGI,-13.74,1.455,3.519,Yes
6427,"EPAM Systems, Inc.",EPAM,-6.37,0.65,0.56,No
6428,Ameren Illinois Company PFD 4.20%,AILIP,-1.01,0.1,0.131,No
6429,Good Times Restaurants Inc.,GTIM,-2.75,0.273,0.641,Yes
6430,Blackstone Strategic Credit 2027 Term Fund,BGB,-0.55,0.054,0.213,Yes
6431,Paradigm Biopharmaceuticals Limited,PBIGF,-8.26,0.839,0.545,No
6432,"Supernus Pharmaceuticals, Inc.",SUPN,-3.37,0.333,0.306,No
6433,Yukon Metals Corp.,YMMCF,-8.23,0.831,1.461,Yes
6434,TAO Synergies Inc.,TAOX,-9.34,0.946,1.547,No
6435,Phoenix Copper Limited,PXCLF,-18.1,1.906,0.578,Yes
6436,Schweizerische Nationalbank,SWZNF,-2.38,0.23,0.936,Yes
6437,"Burnham Holdings, Inc.",BURCA,-2.09,0.2,0.173,Yes
6438,"Kodiak AI, Inc.",KDK,-11.74,1.171,1.864,Yes
6439,Sumitomo Corporation,SSUMF,-10.18,1.007,2.643,Yes
6440,Expand Energy Corporation,EXE,-2.88,0.274,0.677,No
6441,Canadian Goldfields Discovery Corp.,CGMXF,-14.77,1.487,1.978,Yes
6442,Text S.A.,LCHTF,-2.71,0.256,1.279,Yes
6443,Pharming Group N.V.,PHAR,-6.58,0.633,0.414,No
6444,Inventiva S.A.,IVA,-6.3,0.602,0.015,No
6445,Oyster Enterprises II Acquisition Corp,OYSER,-6.63,0.634,2.23,Yes
6446,Atour Lifestyle Holdings Limited,ATAT,-2.54,0.238,0.127,Yes
6447,The Walt Disney Company,DIS,-2.59,0.243,0.985,Yes
6448,Knife River Corporation,KNF,-6.31,0.601,0.071,No
6449,"Grupo Bimbo, S.A.B. de C.V.",BMBOY,-2.49,0.233,0.292,Yes
6450,Smart Powerr Corp.,CREG,-28.75,3.073,16.723,Yes
6451,GreenLight Metals Inc.,GRLMF,-10.74,1.035,12.759,Yes
6452,COVER Corporation,COVCF,-5.9,0.554,1.627,Yes
6453,"Marui Group Co., Ltd.",MAURY,-3.21,0.298,0.535,Yes
6454,Ellington Credit Company,EARN,-2.28,0.211,1.006,Yes
6455,Solution Financial Inc.,SLNFF,-0.77,0.07,0.206,Yes
6456,Frasers Group Plc,SDIPF,-1.34,0.122,0.124,No
6457,Spark New Zealand Limited,SPKKY,-2.39,0.217,0.525,Yes
6458,"ExlService Holdings, Inc.",EXLS,-5.3,0.489,0.278,Yes
6459,Tikehau Capital,TKKHF,-3.7,0.339,0.841,Yes
6460,"FibroBiologics, Inc.",FBLG,-20.04,1.991,4.94,Yes
6461,The Berkeley Group Holdings plc,BKGFY,-3.25,0.296,0.664,Yes
6462,"Colonial SFL, Socimi S. A.",IMQCF,-1.17,0.105,0.06,No
6463,ZW Data Action Technologies Inc.,CNET,-11.6,1.1,0.208,No
6464,"Dime Commercial Bancshares, Inc.",DCOM-P,-1.76,0.159,0.563,Yes
6465,"CalciMedica, Inc.",CALC,-15.98,1.539,0.179,Yes
6466,"Zoomlion Heavy Industry Science and Technology Co., Ltd.",ZLIOY,-4.65,0.423,0.594,No
6467,Intelligent Protection Management Corp.,IPM,-3.35,0.301,1.982,Yes
6468,MindWalk Holdings Corp.,HYFT,-7.75,0.701,2.316,Yes
6469,Intchains Group Limited,ICG,-10.46,0.957,0.294,No
6470,"1-800-FLOWERS.COM, Inc.",FLWS,-6.95,0.623,2.425,Yes
6471,QDM International Inc.,QDMI,-20.68,1.982,3.015,No
6472,Barings Participation Investors,MPV,-3.82,0.336,0.759,Yes
6473,"Japan Airlines Co., Ltd.",JAPSY,-3.41,0.298,0.602,Yes
6474,LSI Industries Inc.,LYTS,-6.14,0.544,2.342,Yes
6475,Cromwell Property Group,CMWCF,-1.05,0.091,0.109,No
6476,"Traws Pharma, Inc.",TRAW,-16.01,1.487,0.706,Yes
6477,TomTom N.V.,TMOAF,-6.59,0.583,0.68,Yes
6478,Gold Finder Resources Ltd.,GLDFF,-7.39,0.654,0.222,Yes
6479,Ipsos SA,IPSOF,-2.63,0.226,0.021,No
6480,Axiata Group Berhad,AXXTF,-3.19,0.275,0.069,Yes
6481,Mortgage Oil Corp.,MGAG,-1.12,0.096,0.019,Yes
6482,"PENN Entertainment, Inc.",PENN,-5.39,0.469,0.65,Yes
6483,PureTech Health plc,PRTCY,-3.8,0.327,1.929,Yes
6484,Centerspace,CSR,-3.73,0.321,1.517,Yes
6485,PT Indofood Sukses Makmur Tbk,PIFMY,-3.02,0.258,1.264,Yes
6486,Coiled Therapeutics plc,COTXF,-11.51,1.026,1.215,Yes
6487,"Inovio Pharmaceuticals, Inc.",INO,-13.02,1.167,0.101,No
6488,freenet AG,FRTAY,-3.29,0.281,1.037,Yes
6489,Global Atomic Corporation,GLATF,-8.01,0.698,0.008,No
6490,Itafos Inc.,ITFS,-5.47,0.471,1.391,No
6491,"Ambarella, Inc.",AMBA,-6.26,0.539,2.455,Yes
6492,Western Asset Mortgage Opportunity Fund Inc.,DMO,-1.22,0.103,0.458,Yes
6493,"Comprehensive Healthcare Systems, Inc.",CMHSF,-8.95,0.778,1.556,Yes
6494,S&P Global Inc.,SPGI,-2.62,0.221,0.408,Yes
6495,Randstad N.V.,RANJF,-4.47,0.377,1.251,Yes
6496,IperionX Limited,TAOFF,-13.76,1.213,5.786,Yes
6497,Enthusiast Gaming Holdings Inc.,EGLXF,-10.18,0.878,3.039,Yes
6498,FW Thorpe Plc,THFWF,-2.16,0.179,0.325,Yes
6499,Travelzoo,TZOO,-10.58,0.912,4.363,Yes
6500,Lucara Diamond Corp.,LUCRF,-5.69,0.478,0.371,Yes
6501,NEXE Innovations Inc.,NEXNF,-9.71,0.83,2.465,Yes
6502,"Medifast, Inc.",MED,-5.06,0.42,1.515,Yes
6503,"DoorDash, Inc.",DASH,-5.93,0.494,1.233,Yes
6504,"Arhaus, Inc.",ARHS,-5.83,0.483,0.9,Yes
6505,Wesfarmers Limited,WFAFY,-3.03,0.247,0.607,Yes
6506,Baru Gold Corporation,BARUF,-8.7,0.729,0.976,Yes
6507,Gildan Activewear Inc.,GIL,-4.17,0.341,1.352,Yes
6508,"Standard Motor Products, Inc.",SMP,-2.73,0.221,1.058,Yes
6509,Denka Company Limited,DENKF,-11.11,0.939,1.901,Yes
6510,Air Water Inc.,AWTRF,-3.39,0.276,0.518,Yes
6511,"Sumitomo Pharma Co., Ltd.",DNPUF,-7.86,0.651,0.857,No
6512,Global Bio-chem Technology Group Company Limited,GBCMY,-5.9,0.482,2.068,Yes
6513,Vtech Holdings Limited,VTKLY,-4.63,0.375,0.811,Yes
6514,Telenor ASA,TELNY,-3.57,0.285,0.061,No
6515,Reckitt Benckiser Group plc,RBGLY,-3.54,0.282,0.377,Yes
6516,"Star Equity Holdings, Inc.",STRR,-3.83,0.305,0.1,Yes
6517,Hypercharge Networks Corp.,HCNWF,-7.24,0.585,0.21,No
6518,,CICC,-1.17,0.092,0.357,Yes
6519,Mitsubishi Motors Corporation,MMTOY,-6.76,0.542,1.843,No
6520,"OSR Health, Inc.",OSRH,-13.33,1.102,1.432,No
6521,Safestore Holdings Plc,SFSHF,-4.85,0.384,1.816,Yes
6522,ProCap Acquisition Corp,PCAPU,-0.38,0.029,0.108,Yes
6523,"GoodRx Holdings, Inc.",GDRX,-6.87,0.549,1.913,Yes
6524,Arqit Quantum Inc.,ARQQ,-14.14,1.171,1.761,Yes
6525,ASOS Plc,ASOMF,-4.45,0.349,0.481,Yes
6526,"Wrap Technologies, Inc.",WRAP,-9.0,0.719,0.142,Yes
6527,"Lakeland Industries, Inc.",LAKE,-7.28,0.576,2.496,Yes
6528,Western Asset Municipal High Income Fund Inc.,MHF,-0.66,0.05,0.028,No
6529,Antiaging Quantum Living Inc.,AAQL,-11.68,0.944,0.261,No
6530,OPAL Fuels Inc.,OPAL,-4.71,0.368,1.494,No
6531,The Lovesac Company,LOVE,-4.11,0.319,0.521,No
6532,Rocket Doctor AI Inc.,AIRDF,-6.61,0.521,0.097,No
6533,"LanzaTech Global, Inc.",LNZA,-18.14,1.513,1.48,No
6534,Big Yellow Group Plc,BYLOF,-4.01,0.309,1.201,Yes
6535,Accenture plc,ACN,-7.85,0.616,0.331,Yes
6536,"Grace Therapeutics, Inc.",GRCE,-8.42,0.659,2.977,No
6537,"Charlie's Holdings, Inc.",CHUC,-11.6,0.921,0.764,No
6538,"Pacific Health Care Organization, Inc.",PFHO,-6.32,0.487,0.318,Yes
6539,EVS SA,EVSBY,-4.5,0.344,0.798,Yes
6540,Matrix Service Company,MTRX,-6.93,0.536,1.384,Yes
6541,Vital Metals Limited,VTMXF,-18.8,1.544,6.176,No
6542,High Income Securities Fund,PCF,-1.63,0.123,0.706,Yes
6543,IPH Limited,IPHLF,-8.24,0.641,0.524,Yes
6544,Eaton Vance Senior Floating-Rate Trust,EFR,-0.74,0.056,0.127,Yes
6545,Palmer Square Capital BDC Inc.,PSBD,-3.13,0.237,1.092,Yes
6546,Jewett-Cameron Trading Company Ltd.,JCTC,-6.11,0.468,1.972,Yes
6547,BC Moly Ltd.,CYUXF,-6.37,0.488,0.39,No
6548,Toogood Gold Corp.,TGGCF,-8.88,0.688,1.39,Yes
6549,Navient Corporation SR NT 6% 121543,JSM,-1.8,0.135,0.308,Yes
6550,BNY Mellon High Yield Strategies Fund,DHF,-0.75,0.056,0.24,Yes
6551,PowerCell Sweden AB (publ),PCELF,-12.28,0.956,4.938,Yes
6552,Zeus North America Mining Corp.,ZUUZF,-10.53,0.811,1.518,Yes
6553,Swiss Re AG,SSREF,-2.39,0.176,0.028,No
6554,Centrica plc,CPYYF,-4.37,0.324,0.277,No
6555,Cerence Inc.,CRNC,-11.05,0.847,5.142,Yes
6556,Bilfinger SE,BFLBF,-5.32,0.396,0.71,Yes
6557,Black Bear Minerals Limited,BKBMF,-14.67,1.146,15.635,Yes
6558,Defiance Daily Target 2X Long Copper Miners ETF,COPZ,-12.66,0.976,3.382,Yes
6559,Rigaku Holdings Corporation,RGAKF,-9.51,0.72,1.869,Yes
6560,"Saul Centers, Inc.",BFS-PD,-1.28,0.093,0.218,Yes
6561,"Cryo-Cell International, Inc.",CCEL,-4.88,0.36,0.065,No
6562,"Bagger Dave's Burger Tavern, Inc.",BDVB,-9.79,0.739,1.702,Yes
6563,Hamburger Hafen und Logistik Aktiengesellschaft,HHULY,-1.1,0.08,0.282,Yes
6564,L'Air Liquide S.A.,AIQUY,-2.35,0.171,0.102,Yes
6565,StrikePoint Gold Inc.,STKXF,-11.07,0.838,1.668,No
6566,Parkit Enterprise Inc.,PKTEF,-2.97,0.216,0.219,No
6567,"Cullen/Frost Bankers, Inc.",CFR-PB,-1.27,0.092,0.297,Yes
6568,Metcash Limited,MCSHF,-6.94,0.513,0.896,No
6569,Atos Group,AEXAY,-7.85,0.583,0.159,No
6570,"ParagonX Holdings, Inc.",CAVR,-11.08,0.836,0.005,Yes
6571,Unidoc Health Corp.,UDOCF,-11.88,0.899,1.296,Yes
6572,"Substrate Artificial Inteligence, S.A.",SUIAF,-15.39,1.178,0.775,No
6573,Space Exploration Technologies Corp.,SPCX,-21.44,1.694,,
6574,EUDA Health Holdings Limited,EUDA,-16.93,1.299,5.332,Yes
6575,Western Exploration Inc.,WEXPF,-9.95,0.736,2.253,Yes
6576,"Brighthouse Financial, Inc.",BHFAP,-3.46,0.248,0.84,Yes
6577,"GameSquare Holdings, Inc.",GAME,-16.62,1.265,6.932,Yes
6578,Beiersdorf Aktiengesellschaft,BDRFY,-5.17,0.37,0.568,Yes
6579,"Kyowa Kirin Co., Ltd.",KYKOF,-6.42,0.462,2.239,Yes
6580,"Lands' End, Inc.",LE,-6.89,0.495,1.645,Yes
6581,"TransMedics Group, Inc.",TMDX,-8.77,0.633,0.578,Yes
6582,"WW International, Inc.",WW,-12.95,0.953,1.988,Yes
6583,Finance of America Companies Inc.,FOA,-8.6,0.618,1.246,Yes
6584,Robertet SA,RBTEF,-1.48,0.102,0.11,No
6585,International Business Machines Corporation,IBM,-6.82,0.484,1.115,Yes
6586,"Alaska Air Group, Inc.",ALK,-7.19,0.511,1.453,Yes
6587,Volatus Aerospace Inc.,TAKOF,-8.72,0.624,0.178,Yes
6588,China Resources Power Holdings Company Limited,CRPJY,-1.02,0.07,0.079,No
6589,TAT Technologies Ltd.,TATT,-7.4,0.525,0.694,Yes
6590,"Coya Therapeutics, Inc.",COYA,-8.0,0.568,1.657,Yes
6591,Boardwalktech Software Corp.,BWLKF,-12.34,0.893,4.297,Yes
6592,Glen Burnie Bancorp,GLBZ,-2.92,0.202,0.127,Yes
6593,Valvoline Inc.,VVV,-5.52,0.386,0.124,No
6594,L'Air Liquide S.A.,AIQUF,-2.59,0.178,0.176,Yes
6595,Chimera Investment Corporation,CIM,-2.93,0.201,0.517,Yes
6596,Goodfellow Inc.,GFELF,-1.35,0.092,0.235,Yes
6597,Garden Stage Limited,GSIW,-15.82,1.155,6.562,Yes
6598,STERIS plc,STE,-3.48,0.239,0.263,Yes
6599,Superior Plus Corp.,SUUIF,-4.21,0.289,1.232,Yes
6600,Hormel Foods Corporation,HRL,-4.11,0.282,0.02,Yes
6601,"Westwater Resources, Inc.",WWR,-13.13,0.94,2.181,Yes
6602,iShares iBonds Oct 2036 Term TIPS ETF,IBIM,-0.5,0.034,0.18,Yes
6603,"Hudson Pacific Properties, Inc.",HPP,-12.77,0.908,4.807,Yes
6604,361 Degrees International Limited,TSIOF,-5.25,0.36,1.103,Yes
6605,"Huachen AI Parking Management Technology Holding Co., Ltd",HCAI,-24.8,1.881,10.756,Yes
6606,Nuveen Preferred & Income Opportunities Fund,JPC,-1.81,0.122,0.667,Yes
6607,Formula One Group,FWONK,-2.92,0.197,0.311,Yes
6608,MTY Food Group Inc.,MTYFF,-4.47,0.304,0.795,Yes
6609,"Napco Security Technologies, Inc.",NSSC,-6.94,0.477,0.882,Yes
6610,GN Store Nord A/S,GGNDF,-5.38,0.366,1.848,Yes
6611,Barratt Redrow plc,BTDPF,-6.82,0.466,1.563,Yes
6612,Canterbury Park Holding Corporation,CPHC,-1.37,0.091,0.108,Yes
6613,"Synopsys, Inc.",SNPS,-5.79,0.39,1.774,Yes
6614,"Virtus Investment Partners, Inc.",VRTS,-4.36,0.291,0.706,Yes
6615,LaFleur Minerals Inc.,LFLRF,-12.5,0.865,1.935,Yes
6616,Onity Group Inc.,ONIT,-6.84,0.457,0.33,Yes
6617,"Asana, Inc.",ASAN,-9.27,0.626,1.479,Yes
6618,Cardiac Biotech Solutions Inc.,CBSC,-8.71,0.586,1.594,Yes
6619,Enovis Corporation,ENOV,-8.66,0.581,0.085,Yes
6620,"Brighthouse Financial, Inc.",BHFAN,-3.67,0.24,0.89,Yes
6621,Lifeist Wellness Inc.,LFSWF,-10.65,0.72,2.972,Yes
6622,Old Market Capital Corporation,OMCC,-8.49,0.566,0.557,No
6623,F3 Uranium Corp.,FUUFF,-12.27,0.831,0.742,Yes
6624,Melrose Industries PLC,MLSPF,-5.23,0.341,1.222,Yes
6625,"Owlet, Inc.",OWLT,-12.95,0.874,1.942,Yes
6626,"StandardAero, Inc.",SARO,-5.54,0.36,0.656,Yes
6627,Tennant Company,TNC,-6.46,0.421,1.384,Yes
6628,Relevant Gold Corp.,RGCCF,-5.87,0.381,0.223,Yes
6629,"Yext, Inc.",YEXT,-8.63,0.567,1.743,Yes
6630,GURU Organic Energy Corp.,GUROF,-8.64,0.563,0.091,Yes
6631,LIXIL Corporation,JSGRY,-4.68,0.298,0.257,No
6632,Allied Energy Corporation,AGYP,-19.76,1.358,1.044,Yes
6633,Siebert Financial Corp.,SIEB,-9.81,0.638,0.366,Yes
6634,Emo Capital Corp.,NUVI,-31.18,2.276,1.471,No
6635,Core Silver Corp.,CCOOF,-14.62,0.97,3.443,Yes
6636,Embla Medical hf.,OSSFF,-3.72,0.233,0.632,Yes
6637,Cohen Circle Acquisition Corp. II,CCIIW,-7.75,0.495,0.753,Yes
6638,"Amentum Holdings, Inc.",AMTM,-8.03,0.513,0.267,Yes
6639,KKR Income Opportunities Fund,KIO,-1.21,0.075,0.402,Yes
6640,Ridley Corporation Limited,RIDYF,-3.23,0.202,0.149,No
6641,Ryanair Holdings plc,RYAAY,-4.56,0.285,0.452,Yes
6642,ComfortDelGro Corporation Limited,CDGLY,-5.73,0.356,0.3,No
6643,Sulzer AG,SULZF,-4.73,0.293,0.376,No
6644,CorVel Corporation,CRVL,-5.86,0.364,0.785,Yes
6645,"Nissan Motor Co., Ltd.",NSANY,-7.24,0.45,1.489,Yes
6646,"CoreWeave, Inc.",CRWV,-13.61,0.871,3.724,Yes
6647,Tecsys Inc.,TCYSF,-6.57,0.406,1.489,Yes
6648,Orion S.A.,OEC,-7.86,0.488,0.392,Yes
6649,Oceanic Iron Ore Corp.,FEOVF,-7.79,0.481,0.035,Yes
6650,"Commvault Systems, Inc.",CVLT,-10.97,0.689,2.313,Yes
6651,CareRx Corporation,CHHHF,-4.35,0.264,0.278,No
6652,"Discount Print USA, Inc.",DPUI,-16.74,1.079,0.639,No
6653,Thales S.A.,THLEF,-4.53,0.275,0.204,No
6654,Kimco Realty Corporation,KIM-PM,-1.46,0.087,0.354,Yes
6655,TMC the metals company Inc.,TMC,-10.57,0.659,3.249,Yes
6656,MCAP Inc.,MCAP,-11.23,0.7,2.542,No
6657,Western Asset Diversified Income Fund,WDI,-1.28,0.076,0.419,Yes
6658,"Opus Holdings, Inc.",CATV,-16.74,1.071,1.819,Yes
6659,"CBRE Group, Inc.",CBRE,-4.66,0.28,0.267,Yes
6660,"Anebulo Pharmaceuticals, Inc.",ANEB,-32.2,2.243,8.303,No
6661,"Leonardo DRS, Inc.",DRS,-7.82,0.475,0.294,No
6662,"Mannatech, Incorporated",MTEX,-12.14,0.753,0.872,Yes
6663,Valneva SE,INRLF,-12.35,0.765,1.47,Yes
6664,Deckers Outdoor Corporation,DECK,-7.29,0.44,0.826,Yes
6665,The Canadian Chrome Company Inc.,KWGBF,-26.43,1.758,4.341,No
6666,"Cohen & Steers REIT and Preferred Income Fund, Inc.",RNP,-2.85,0.168,0.722,Yes
6667,CMS Energy Corporation,CMS,-3.11,0.183,0.316,No
6668,Neptune Digital Assets Corp.,NPPTF,-14.04,0.869,3.247,Yes
6669,Gamma Resources Ltd.,GAMXF,-16.23,1.012,2.407,Yes
6670,Mercedes-Benz Group AG,MBGAF,-4.44,0.26,0.827,Yes
6671,"nCino, Inc.",NCNO,-8.22,0.491,1.456,Yes
6672,GreenFirst Forest Products Inc.,ICLTF,-10.04,0.603,1.66,Yes
6673,Kobrea Exploration Corp.,KBXFF,-14.2,0.871,1.911,No
6674,Tristar Wellness Solutions Inc.,TWSI,-31.05,2.096,0.485,No
6675,Burberry Group plc,BURBY,-5.53,0.325,0.604,Yes
6676,"Circle8 Group, Inc.",CIRC,-29.62,1.966,1.341,No
6677,Nova Pacific Metals Corp.,NVPCF,-20.35,1.28,0.969,Yes
6678,"Assurant, Inc. 5.25% Subordinat",AIZN,-1.66,0.095,0.119,Yes
6679,"Teladoc Health, Inc.",TDOC,-8.77,0.517,1.37,Yes
6680,Virtus Convertible & Income Fund II,NCZ-PA,-0.84,0.047,0.008,Yes
6681,Cargojet Inc.,CGJTF,-5.28,0.304,0.852,Yes
6682,VinaCapital Vietnam Opportunity Fund Limited,VCVOF,-4.04,0.231,0.699,Yes
6683,"Rexford Industrial Realty, Inc.",REXR,-4.38,0.251,1.088,Yes
6684,Northern Trust 2045 Inflation-Linked Distributing Ladder ETF,TIPC,-0.67,0.038,0.153,Yes
6685,Boardwalk Real Estate Investment Trust,BOWFF,-4.06,0.232,0.549,Yes
6686,Vonovia SE,VNNVF,-7.04,0.406,1.493,Yes
6687,U.S. Bancorp,USB-PH,-2.15,0.121,0.31,Yes
6688,PolyNovo Limited,CALZF,-11.15,0.653,3.401,Yes
6689,Sunac Services Holdings Limited,SSHLF,-2.01,0.113,0.225,Yes
6690,Destra Multi-Alternative Fund,DMA,-2.14,0.119,0.334,No
6691,"Fortress Biotech, Inc.",FBIO,-11.34,0.661,0.671,No
6692,"GXO Logistics, Inc.",GXO,-5.83,0.33,0.884,Yes
6693,"Fundrise Growth Tech Fund, LLC",VCX,-38.58,2.63,5.826,Yes
6694,Western Asset Global High Income Fund Inc.,EHI,-1.84,0.102,0.498,Yes
6695,Sante Technology Holdings Inc.,SNTE,-24.96,1.56,3.006,No
6696,XTL Biopharmaceuticals Ltd.,XTLB,-17.95,1.078,3.754,Yes
6697,Universal Robina Corporation,UVRBY,-6.07,0.342,1.115,No
6698,Federal Agricultural Mortgage Corporation,AGM-PE,-1.32,0.073,0.018,No
6699,"Morgan Stanley India Investment Fund, Inc.",IIF,-3.47,0.192,0.884,Yes
6700,First Hydrogen Corp.,FHYDF,-7.15,0.403,2.089,Yes
6701,Pluxee N.V.,PLXNF,-6.23,0.349,1.375,Yes
6702,FireFox Gold Corp.,FFOXF,-12.51,0.724,1.221,Yes
6703,"Serina Therapeutics, Inc.",SER,-18.97,1.134,0.611,Yes
6704,Cruz Battery Metals Corp.,BKTPF,-26.17,1.625,1.991,No
6705,American Tower Corporation,AMT,-4.14,0.229,0.873,Yes
6706,Samsonite Group S.A.,SMSOF,-9.24,0.523,0.247,Yes
6707,"Gaming and Leisure Properties, Inc.",GLPI,-3.64,0.201,0.601,Yes
6708,"Innventure, Inc.",INV,-27.57,1.717,1.168,Yes
6709,Nuveen Mortgage and Income Fund,JLS,-1.01,0.055,0.159,Yes
6710,"BillionToOne, Inc.",BLLN,-14.04,0.809,0.033,Yes
6711,"AppFolio, Inc.",APPF,-8.26,0.46,0.953,Yes
6712,"Ocugen, Inc.",OCGN,-9.21,0.516,0.943,No
6713,PagSeguro Digital Ltd.,PAGS,-5.1,0.28,0.198,Yes
6714,GrainCorp Limited,GRCLF,-8.05,0.447,1.397,No
6715,Crisp Momentum Inc.,CRSF,-35.99,2.343,7.449,Yes
6716,"Viper Networks, Inc.",VPER,-18.0,1.052,1.775,Yes
6717,American Homes 4 Rent,AMH-PG,-1.93,0.104,0.258,Yes
6718,Prince Silver Corp.,PRNCF,-16.23,0.936,3.361,Yes
6719,"Seven & i Holdings Co., Ltd.",SVNDY,-4.08,0.22,0.885,No
6720,StarHub Ltd,SRHBY,-2.07,0.11,0.451,Yes
6721,"Mattel, Inc.",MAT,-6.6,0.358,1.06,Yes
6722,Labrador Iron Ore Royalty Corporation,LIFZF,-2.6,0.139,0.342,Yes
6723,High Wire Networks Inc.,HWNI,-38.83,2.528,9.622,No
6724,Greenheart Gold Inc.,GHRTF,-15.06,0.85,3.202,Yes
6725,Zentek Ltd.,ZTEKF,-14.37,0.808,0.385,Yes
6726,Consumers Energy Company,CMS-PB,-1.09,0.057,0.24,No
6727,Pagaya Technologies Ltd.,PGY,-11.45,0.631,1.63,Yes
6728,Brambles Limited,BMBLF,-7.38,0.399,0.345,No
6729,Quadient S.A.,NPACY,-3.01,0.159,0.144,No
6730,PT Perusahaan Gas Negara (Persero) Tbk,PPAAY,-8.2,0.44,0.614,Yes
6731,Premium Brands Holdings Corporation,PRBZF,-7.47,0.399,1.143,Yes
6732,KKR Real Estate Finance Trust Inc.,KREF,-5.19,0.273,0.7,Yes
6733,Frontier Energy Limited,FRHYF,-8.9,0.476,0.371,No
6734,Acarix AB (publ),ACIXF,-11.69,0.634,0.648,Yes
6735,"Creatd, Inc.",CRTD,-19.74,1.113,0.708,No
6736,Purepoint Uranium Group Inc.,PTUUF,-15.33,0.837,2.384,Yes
6737,KB Home,KBH,-8.42,0.443,0.303,Yes
6738,"Redeia Corporación, S.A.",RDEIY,-3.35,0.171,0.317,Yes
6739,TE Connectivity plc,TEL,-4.08,0.21,0.628,Yes
6740,Kilroy Realty Corporation,KRC,-6.31,0.327,1.281,Yes
6741,P.V. Nano Cell Ltd.,PVNNF,-16.74,0.911,2.345,Yes
6742,Highway 50 Gold Corp.,HGGCF,-15.19,0.82,0.111,Yes
6743,Chemring Group PLC,CMGMY,-6.64,0.343,0.219,Yes
6744,Ur-Energy Inc.,URG,-10.6,0.557,2.034,Yes
6745,"BrightSpire Capital, Inc.",BRSP,-3.57,0.181,0.221,Yes
6746,Brambles Limited,BXBLY,-7.58,0.391,0.376,No
6747,WhiteHawk Minerals Corp.,WHK,-4.43,0.225,,
6748,Nuveen Core Plus Impact Fund,NPCT,-2.09,0.105,0.319,Yes
6749,Travis Perkins plc,TVPKF,-3.22,0.162,0.8,No
6750,"Rexford Industrial Realty, Inc.",REXR-PC,-1.25,0.062,0.27,Yes
6751,WisdomTree Trust,WDEF,-6.13,0.313,0.314,Yes
6752,"Transcontinental Realty Investors, Inc.",TCI,-10.57,0.549,0.407,Yes
6753,"BAB, Inc.",BABB,-5.75,0.291,0.096,Yes
6754,Silver Elephant Mining Corp.,SILEF,-12.6,0.661,1.602,Yes
6755,Mercedes-Benz Group AG,MBGYY,-5.27,0.266,0.795,Yes
6756,"cbdMD, Inc.",YCBD,-26.01,1.463,1.165,Yes
6757,Sun Summit Minerals Corp.,SMREF,-12.31,0.642,2.201,Yes
6758,Tokyu Corporation,TOKUY,-7.09,0.36,0.102,No
6759,Rock Tech Lithium Inc.,RCKTF,-10.67,0.549,1.621,Yes
6760,Booking Holdings Inc.,BKNG,-5.03,0.252,0.029,No
6761,Sega Sammy Holdings Inc.,SGAMY,-6.99,0.353,0.057,No
6762,"Universal Token, Inc.",UTKN,-20.91,1.133,6.779,Yes
6763,Capgemini SE,CGEMY,-6.93,0.349,0.625,Yes
6764,"First Watch Restaurant Group, Inc.",FWRG,-10.04,0.513,2.071,Yes
6765,Oculis Holding AG,OCS,-13.79,0.714,0.984,Yes
6766,Gulf Keystone Petroleum Limited,GUKYF,-7.68,0.386,1.194,No
6767,Azincourt Energy Corp.,AZURF,-27.27,1.521,2.915,Yes
6768,Sinopec Shanghai Petrochemical Company Limited,SPTJF,-7.91,0.397,0.006,No
6769,"United States Lime & Minerals, Inc.",USLM,-6.43,0.321,1.335,No
6770,TUI AG,TUIFF,-6.49,0.323,0.766,Yes
6771,"GoPro, Inc.",GPRO,-25.83,1.422,8.049,Yes
6772,Jefferies Financial Group Inc.,JEF,-9.25,0.465,1.599,Yes
6773,Source Energy Services Ltd.,SCEYF,-11.13,0.563,1.46,Yes
6774,"TechTarget, Inc.",TTGT,-15.36,0.791,2.279,Yes
6775,Cresco Labs Inc.,CRLBF,-18.15,0.946,1.865,Yes
6776,"Snail, Inc.",SNAL,-19.55,1.025,3.328,Yes
6777,Alset AI Ventures Inc.,GPUSF,-33.32,1.889,3.405,Yes
6778,Underwood Capital Limited,MMJJF,-7.66,0.376,0.632,Yes
6779,Mirasol Resources Ltd.,MRZLF,-12.66,0.634,0.071,Yes
6780,21Shares FTSE Crypto 10 Index ETF,TTOP,-10.68,0.528,1.175,Yes
6781,Eaton Vance Municipal Income 2028 Term Trust,ETX,-1.41,0.067,0.297,Yes
6782,CCC Intelligent Solutions Holdings Inc.,CCC,-10.01,0.493,0.885,No
6783,The Goodyear Tire & Rubber Company,GT,-9.31,0.457,0.526,Yes
6784,Treasury Wine Estates Limited,TSRYY,-9.34,0.457,2.171,Yes
6785,Nord Precious Metals Mining Inc.,NPMMF,-12.01,0.596,1.241,Yes
6786,Maoyan Entertainment,MAOFF,-12.0,0.594,0.104,No
6787,GrafTech International Ltd.,EAF,-16.59,0.84,3.213,Yes
6788,AUTO1 Group SE,ATOGF,-12.95,0.642,3.807,Yes
6789,"Optex Systems Holdings, Inc",OPXS,-12.33,0.609,0.789,No
6790,U.S. GoldMining Inc.,USGO,-15.09,0.756,1.217,Yes
6791,Renault SA,RNLSY,-6.48,0.311,0.914,Yes
6792,Genuine Marketing Group Inc.,GMGZ,-22.88,1.194,1.317,Yes
6793,"Gentera, S.A.B. de C.V.",CMPRF,-6.45,0.309,0.107,No
6794,SuperCom Ltd.,SPCB,-9.14,0.443,2.564,Yes
6795,FDM Group (Holdings) plc,FDDMF,-7.56,0.361,0.007,No
6796,Direxion Daily Gold Bull 2X ETF,UGLD,-14.75,0.73,10.334,Yes
6797,"The TJX Companies, Inc.",TJX,-4.65,0.218,0.414,No
6798,Lancashire Holdings Limited,LCSHF,-6.08,0.287,0.725,Yes
6799,SAP SE,SAP,-9.33,0.447,1.026,Yes
6800,Hallador Energy Company,HNRG,-9.16,0.438,1.386,Yes
6801,Hamilton Lane Incorporated,HLNE,-10.0,0.48,0.04,No
6802,City View Green Holdings Inc.,CVGRF,-18.94,0.953,0.899,Yes
6803,Churchill Downs Incorporated,CHDN,-6.42,0.301,0.509,Yes
6804,Constellation Energy Corporation,CEG,-9.36,0.443,1.213,Yes
6805,Stark Novus Financial Inc.,SNFI,-13.07,0.63,0.897,Yes
6806,"WEC Energy Group, Inc.",WEC,-3.45,0.159,0.072,No
6807,Immutep Limited,IMMP,-22.23,1.125,5.023,Yes
6808,Bank of America Corporation,BML-PH,-2.55,0.117,0.247,Yes
6809,Adyen N.V.,ADYYF,-10.43,0.495,2.105,Yes
6810,Cipher Pharmaceuticals Inc.,CPHRF,-6.53,0.304,1.158,No
6811,"PureCycle Technologies, Inc.",PCT,-21.97,1.106,6.233,Yes
6812,"Wyndham Hotels & Resorts, Inc.",WH,-4.78,0.22,0.263,No
6813,"Blackbaud, Inc.",BLKB,-13.48,0.646,0.05,Yes
6814,Adobe Inc.,ADBE,-9.88,0.464,0.841,Yes
6815,thyssenkrupp nucera AG & Co. KGaA,THYKF,-8.63,0.403,1.137,Yes
6816,Stevanato Group S.p.A.,STVN,-9.65,0.452,2.255,Yes
6817,Telefónica Deutschland Holding AG,TELDY,-1.93,0.087,0.198,No
6818,"Biomolecular Life Holdings, Inc.",BIOM,-31.44,1.662,2.27,No
6819,Boss Energy Limited,BQSSF,-13.65,0.652,0.423,No
6820,Mesabi Trust,MSB,-8.71,0.406,0.55,No
6821,The Southern Company,SO,-3.42,0.155,0.237,No
6822,Nuveen Multi-Market Income Fund,JMM,-1.91,0.086,0.221,Yes
6823,"Pioneer Power Solutions, Inc.",PPSI,-15.62,0.751,3.385,Yes
6824,"Lexeo Therapeutics, Inc.",LXEO,-14.78,0.707,1.259,Yes
6825,American Picture House Corporation,APHP,-19.68,0.965,3.367,No
6826,Aquafil S.p.A.,ECNLF,-9.29,0.43,1.166,Yes
6827,"AutoNation, Inc.",AN,-5.8,0.264,0.055,Yes
6828,Velos Acquisition I Corp.,VLOSU,-3.61,0.162,0.15,No
6829,"COSCO SHIPPING Development Co., Ltd.",CITAY,-1.9,0.084,0.05,Yes
6830,Cineverse Corp.,CNVS,-15.2,0.718,0.479,Yes
6831,"Financial Institutions, Inc. 8.48% SRB1 PFD B",FIISO,-4.72,0.211,0.482,No
6832,"Comstock Resources, Inc.",CRK,-14.28,0.669,1.856,No
6833,Immutep Limited,PRRUF,-26.48,1.327,4.137,Yes
6834,Stella-Jones Inc.,STLJF,-5.26,0.235,0.85,No
6835,"Option Care Health, Inc.",OPCH,-9.28,0.421,0.88,No
6836,Amplify Stablecoin Technology Leaders ETF,STBQ,-6.3,0.281,1.042,Yes
6837,Friedrich Vorwerk Group SE,FRVWY,-7.23,0.324,0.874,Yes
6838,Kering SA,PPRUY,-7.49,0.335,0.223,No
6839,U.S. Bancorp PERP PFD SER A,USB-PA,-1.87,0.081,0.305,Yes
6840,Limoneira Company,LMNR,-4.91,0.217,0.003,Yes
6841,Lightspeed Commerce Inc.,LSPD,-6.18,0.274,0.506,Yes
6842,CVW Sustainable Royalties Inc.,CVWFF,-12.23,0.558,1.876,Yes
6843,Domestic Metals Corp.,DMCUF,-13.87,0.638,0.148,No
6844,"Monro, Inc.",MNRO,-13.34,0.612,1.014,Yes
6845,Matthews International Corporation,MATW,-7.19,0.319,0.159,Yes
6846,Fresenius SE & Co. KGaA,FSNUF,-2.45,0.106,0.095,Yes
6847,Aberdeen Intermediate Income Fund,MIN,-1.38,0.059,0.117,Yes
6848,Thales S.A.,THLLY,-6.39,0.282,0.182,No
6849,Innate Pharma S.A.,IPHYF,-9.65,0.433,2.194,Yes
6850,"CareCloud, Inc.",CCLD,-14.68,0.673,3.464,No
6851,Silver Bow Mining Corp.,SBMT,-20.62,0.975,4.445,Yes
6852,"China Minsheng Banking Corp., Ltd.",CMAKY,-7.83,0.346,0.16,Yes
6853,China Southern Airlines Company Limited,CHKIF,-11.08,0.497,1.79,Yes
6854,REA Group Limited,RPGRY,-9.4,0.417,1.245,Yes
6855,Brookfield Corporation,BAM,-4.72,0.205,0.882,Yes
6856,"Starstream Entertainment, Inc.",CWLK,-21.24,1.002,4.648,Yes
6857,Coronado Global Resources Inc.,CODQL,-16.46,0.756,0.952,No
6858,MTU Aero Engines AG,MTUAF,-7.46,0.327,0.487,Yes
6859,"FTI Consulting, Inc.",FCN,-5.19,0.225,0.584,No
6860,Dunelm Group plc,DNLMY,-7.86,0.345,0.433,No
6861,"Mitsui Fudosan Co., Ltd.",MTSFY,-8.32,0.366,0.297,Yes
6862,Bank of the Philippine Islands,BPHLY,-7.26,0.317,0.178,Yes
6863,National Fuel Gas Company,NFG,-6.05,0.261,1.236,No
6864,"Aether Holdings, Inc.",ATHR,-22.43,1.052,5.434,Yes
6865,Lakeland Financial Corporation,LKFN,-3.93,0.168,0.305,Yes
6866,Barton Gold Holdings Limited,BGDFF,-20.8,0.965,0.036,No
6867,"China Pharma Holdings, Inc.",CPHI,-24.22,1.145,0.46,Yes
6868,"Liberty Live Holdings, Inc.",LLYVB,-4.74,0.202,0.325,No
6869,"Klaviyo, Inc.",KVYO,-13.38,0.596,0.715,No
6870,Rithm Property Trust Inc.,RPT,-5.73,0.245,1.22,Yes
6871,Volkswagen AG,VWAPY,-7.61,0.329,0.915,Yes
6872,Pantoro Gold Limited,PNTOF,-17.44,0.791,2.728,Yes
6873,Iterum Therapeutics plc,ITRMF,-44.33,2.377,9.053,Yes
6874,Pro Medicus Limited,PMCUF,-18.69,0.851,0.914,Yes
6875,MindMaze Therapeutics Holding SA,RLFTY,-43.61,2.316,5.037,No
6876,iConsumer Corp.,RWRDP,-16.74,0.751,0.328,No
6877,Aryt Industries Ltd.,ARYTF,-14.75,0.655,0.341,Yes
6878,"CS Disco, Inc.",LAW,-14.91,0.662,0.496,Yes
6879,PureBase Corporation,PUBC,-31.77,1.553,6.885,Yes
6880,"Aterian, Inc.",ATER,-24.16,1.128,4.908,Yes
6881,"TKO Group Holdings, Inc.",TKO,-6.29,0.266,0.028,Yes
6882,Greatland Resources Limited,GGPSF,-14.74,0.651,3.244,Yes
6883,Onex Corporation,ONEXF,-6.4,0.269,1.138,Yes
6884,CTF Media & Entertainment Limited,ICABY,-23.95,1.104,3.346,Yes
6885,Performance Shipping Inc.,PSHG,-7.03,0.295,0.636,Yes
6886,Vanguard Target Maturity 2035 Corporate Bond ETF,VBCI,-0.79,0.032,0.097,Yes
6887,InterCure Ltd.,INCR,-15.85,0.693,2.9,Yes
6888,Buzzi S.p.A.,BZZUY,-6.46,0.269,1.526,Yes
6889,"Mogul Energy International, Inc.",MGUY,-19.4,0.862,2.638,Yes
6890,Caledonia Mining Corporation Plc,CMCL,-15.5,0.674,1.743,Yes
6891,"Liberty Defense Holdings, Ltd.",DETX,-15.52,0.675,5.697,Yes
6892,Capgemini SE,CAPMF,-10.57,0.448,0.705,Yes
6893,PIMCO Municipal Income Fund II,PML,-1.78,0.072,0.122,Yes
6894,"Cirrus Logic, Inc.",CRUS,-8.46,0.352,0.932,Yes
6895,The Charles Schwab Corporation,SCHW-PD,-1.48,0.059,0.273,Yes
6896,Taurus Gold Corp.,TARGF,-19.52,0.855,0.538,Yes
6897,VGP NV,VGPBF,-7.59,0.311,1.401,Yes
6898,Blackstone Inc.,BX,-8.55,0.352,0.484,Yes
6899,"Sixth Street Specialty Lending, Inc.",TSLX,-7.69,0.315,0.074,Yes
6900,Fidelity Solana Fund,FSOL,-15.56,0.663,0.967,Yes
6901,North Peak Resources Ltd.,NPRLF,-11.62,0.485,1.325,Yes
6902,Alfresa Holdings Corporation,ALFRY,-9.19,0.378,0.656,No
6903,Liberty Latin America Ltd.,LILAB,-10.43,0.432,0.96,No
6904,"Alzamend Neuro, Inc.",ALZN,-15.75,0.67,2.945,Yes
6905,Pharming Group N.V.,PHGUF,-14.59,0.617,0.694,Yes
6906,Laser Photonics Corporation,LASE,-29.86,1.375,0.519,No
6907,Grey Matters Health Inc.,AGNPF,-18.26,0.782,1.325,No
6908,Westport Fuel Systems Inc.,WPRT,-11.42,0.472,1.084,Yes
6909,BioLineRx Ltd.,BLRX,-14.81,0.622,3.416,Yes
6910,,NRBP,-24.94,1.107,0.69,Yes
6911,Neorich Biopharma Tech Co Ltd,PHBID,-24.94,1.107,0.69,Yes
6912,NRC Group ASA,NNRRF,-6.97,0.281,0.459,Yes
6913,"Newegg Commerce, Inc.",NEGG,-29.57,1.348,0.077,No
6914,Timothy Plan Free Cash Flow Growth ETF,TPFG,-6.59,0.265,0.733,Yes
6915,Mapletree Industrial Trust,MAPIF,-3.8,0.151,0.082,Yes
6916,"Phathom Pharmaceuticals, Inc.",PHAT,-11.43,0.47,0.255,Yes
6917,The Connecticut Light and Power Company,CNLHN,-1.82,0.071,0.136,No
6918,"Haier Smart Home Co., Ltd.",HSHCY,-8.18,0.33,0.808,Yes
6919,"Nomura Research Institute, Ltd.",NRILY,-9.27,0.376,0.669,Yes
6920,ATA Creativity Global,AACG,-17.48,0.739,3.12,Yes
6921,Ivanhoe Mines Ltd.,IVPAF,-11.19,0.457,1.394,Yes
6922,HQ Global Education Inc.,HQGE,-29.57,1.338,2.152,Yes
6923,Markel Group Inc.,MKL,-4.69,0.185,0.246,No
6924,Braskem S.A.,BAK,-15.11,0.627,0.902,Yes
6925,"Greenwave Technology Solutions, Inc.",GWAV,-15.8,0.657,1.917,Yes
6926,Genting Singapore Limited,GIGNY,-6.44,0.255,0.267,No
6927,Soma Gold Corp.,SMAGF,-19.32,0.817,0.947,No
6928,"JD.com, Inc.",JD,-10.82,0.437,0.275,No
6929,GN Store Nord A/S,GNNDY,-8.26,0.329,0.192,No
6930,SAP SE,SAPGF,-11.07,0.446,1.159,Yes
6931,Taylor Wimpey plc,TWODY,-7.49,0.296,0.555,Yes
6932,NovelStem International Corp.,NSTM,-30.88,1.386,0.965,Yes
6933,"Gartner, Inc.",IT,-14.24,0.58,0.532,Yes
6934,Elisa Oyj,ELMUY,-3.7,0.143,,
6935,Kalo Gold Corp.,KLGDF,-23.01,0.981,0.08,Yes
6936,Defence Therapeutics Inc.,DTCFF,-13.79,0.559,1.777,Yes
6937,Tsingtao Brewery Company Limited,TSGTY,-9.09,0.36,1.336,Yes
6938,John Hancock Preferred Income Fund III,HPS,-2.26,0.086,0.426,Yes
6939,Thule Group AB (publ),THUPY,-8.57,0.337,1.491,Yes
6940,Pine Cliff Energy Ltd.,PIFYF,-7.96,0.312,0.443,Yes
6941,"Array Digital Infrastructure, I",UZF,-3.06,0.117,0.243,Yes
6942,Spectral Medical Inc.,EDTXF,-8.02,0.314,0.113,Yes
6943,American National Group Inc.,ANG-PD,-2.16,0.082,0.445,Yes
6944,"Amer Sports, Inc.",AS,-8.54,0.335,0.61,Yes
6945,Magma Silver Corp.,MAGMF,-20.25,0.843,2.14,Yes
6946,Taylor Wimpey plc,TWODF,-7.38,0.287,0.338,Yes
6947,Nitto Denko Corporation,NDEKY,-5.98,0.231,0.236,Yes
6948,BICO Group AB (publ),BCCOY,-20.44,0.848,4.036,Yes
6949,EROAD Limited,ERDLF,-17.02,0.691,2.822,No
6950,"Watsco, Inc.",WSO,-12.66,0.502,1.307,Yes
6951,"Cadre Holdings, Inc.",CDRE,-11.06,0.432,1.198,Yes
6952,Luda Technology Group Limited,LUD,-29.94,1.298,7.869,Yes
6953,"Templeton Dragon Fund, Inc.",TDF,-3.56,0.134,0.698,Yes
6954,MidCap Financial Investment Corporation,MFIC,-7.69,0.295,0.345,No
6955,Zalando SE,ZLDSF,-7.03,0.268,0.189,No
6956,CTS Eventim AG & Co. KGaA,CEVMF,-15.17,0.602,3.034,Yes
6957,Norwegian Air Shuttle ASA,NWARF,-12.46,0.488,2.812,Yes
6958,WH Group Limited,WHGLY,-7.05,0.268,0.859,No
6959,Chow Tai Fook Jewellery Group Limited,CJEWY,-10.37,0.401,0.726,Yes
6960,Credissential Inc.,IPTNF,-34.66,1.536,0.651,No
6961,Tiny Ltd.,TNYZF,-18.71,0.752,0.596,Yes
6962,Decent Holding Inc.,DXST,-30.98,1.335,2.445,No
6963,Geox S.p.A.,GXSBY,-6.65,0.251,0.377,No
6964,"Guangzhou Automobile Group Co., Ltd.",GNZUF,-13.89,0.543,0.275,Yes
6965,"ispace, inc.",IPCEF,-16.67,0.66,1.049,Yes
6966,First Horizon Corporation,FHN-PF,-3.08,0.114,0.435,Yes
6967,Rivalry Corp.,RVLCF,-36.4,1.618,7.224,Yes
6968,"Cornerstone Strategic Investment Fund, Inc.",CLM,-4.0,0.148,0.591,Yes
6969,Alliance Laundry Holdings Inc.,ALH,-10.22,0.389,1.599,Yes
6970,Massimo Group,MAMO,-23.99,0.981,0.896,Yes
6971,"Universal Technical Institute, Inc.",UTI,-17.77,0.702,0.707,No
6972,"NTT, Inc.",NPPXF,-4.77,0.176,0.042,Yes
6973,Kinnevik AB,KNEVF,-14.09,0.542,2.747,Yes
6974,KKR & Co. Inc.,KKR,-10.08,0.379,0.566,Yes
6975,Kewaunee Scientific Corporation,KEQU,-8.41,0.314,1.638,Yes
6976,"Resources Connection, Inc.",RGP,-9.12,0.341,1.069,Yes
6977,"McCormick & Company, Incorporated",MKC-V,-10.51,0.394,0.766,Yes
6978,Aisin Corporation,ASEKY,-10.33,0.386,1.144,Yes
6979,Avant Brands Inc.,AVTBF,-16.42,0.633,0.141,Yes
6980,"Rocky Mountain High Brands, Inc.",RMHB,-29.74,1.237,0.905,Yes
6981,"McCormick & Company, Incorporated",MKC,-10.63,0.397,0.772,Yes
6982,Nuveen Municipal Credit Opportunities Fund,NMCO,-3.17,0.114,0.228,Yes
6983,Polibeli Group Ltd,PLBL,-20.05,0.785,1.695,No
6984,China Evergrande New Energy Vehicle Group Limited,EVGRF,-25.67,1.038,2.06,No
6985,Highland Global Allocation Fund,HGLB,-6.22,0.226,0.812,Yes
6986,Juventus Football Club S.p.A.,JVTSF,-12.06,0.451,1.435,Yes
6987,Milestone Pharmaceuticals Inc.,MIST,-22.63,0.895,4.015,Yes
6988,"Lucyd, Inc",LUCYW,-26.54,1.073,2.561,No
6989,DEXUS,DEXSF,-6.19,0.225,0.926,Yes
6990,Volkswagen AG,VWAGY,-8.79,0.323,0.853,Yes
6991,Ellington Financial Inc.,EFC-PD,-1.84,0.065,0.074,Yes
6992,ADT Inc.,ADT,-9.43,0.347,1.208,Yes
6993,Unibail-Rodamco-Westfield SE,URMCY,-10.84,0.4,1.527,Yes
6994,Prada S.p.A.,PRDSY,-7.47,0.271,0.346,Yes
6995,Hedgeye Index Adds ETF,ADDS,-7.49,0.272,0.323,No
6996,CStone Pharmaceuticals,CSPHF,-16.4,0.622,0.616,No
6997,"Amphastar Pharmaceuticals, Inc.",AMPH,-10.47,0.384,0.764,Yes
6998,"Lucent, Inc.",LUCN,-15.63,0.589,0.483,No
6999,Power Metals Corp.,PWRMF,-19.37,0.745,2.339,Yes
7000,UCB SA,UCBJF,-7.61,0.275,0.67,No
7001,Sofina Société Anonyme,SFNXF,-7.32,0.264,0.912,Yes
7002,Strategy Inc,STRK,-10.21,0.373,1.184,Yes
7003,American Lithium Corp.,AMLIF,-17.87,0.68,2.78,Yes
7004,Ongwe Minerals Inc.,GQMLF,-11.98,0.441,6.242,Yes
7005,"Rapid Micro Biosystems, Inc.",RPID,-26.76,1.067,1.591,Yes
7006,Christian Dior SE,CHDRY,-10.52,0.384,1.504,Yes
7007,Finlay Minerals Ltd.,FYMNF,-15.3,0.57,0.518,Yes
7008,LifeVantage Corporation,LFVN,-19.83,0.757,3.139,Yes
7009,"Coffee Holding Co., Inc.",JVA,-14.67,0.544,0.844,No
7010,Harvest Gold Corporation,HVGDF,-25.46,1.002,0.825,No
7011,Live Ventures Incorporated,LIVE,-25.72,1.013,0.682,Yes
7012,YouGov plc,YUGVF,-12.74,0.467,2.414,Yes
7013,ACV Auctions Inc.,ACVA,-16.54,0.618,2.793,Yes
7014,"Omega Flex, Inc.",OFLX,-8.7,0.312,0.248,Yes
7015,Carbios SAS,COOSF,-18.42,0.695,0.235,Yes
7016,"BARK, Inc.",BARK,-20.11,0.765,1.986,Yes
7017,"aTyr Pharma, Inc.",ATYR,-15.32,0.568,0.346,Yes
7018,Kimberly-Clark Corporation,KMB,-7.63,0.272,0.325,Yes
7019,High-Trend International Group,HTCO,-30.02,1.208,2.647,No
7020,Sempra,SRE,-5.54,0.195,0.537,No
7021,Silver Spruce Resources Inc.,SSEBF,-32.78,1.341,0.114,No
7022,Volkswagen AG,VLKPF,-11.18,0.405,1.269,Yes
7023,Kartoon Studios Inc.,TOON,-10.1,0.363,0.714,Yes
7024,"CRA International, Inc.",CRAI,-10.86,0.39,0.491,No
7025,Genesis AI Corp.,AIGFF,-29.6,1.176,1.509,No
7026,Northern Trust 2055 Inflation-Linked Distributing Ladder ETF,TIPD,-1.53,0.052,0.183,Yes
7027,ZTE Corporation,ZTCOF,-18.11,0.671,1.62,Yes
7028,Metro Inc.,MTRAF,-4.67,0.161,0.152,No
7029,"Demand Brands, Inc.",DMAN,-22.94,0.867,1.313,Yes
7030,Metalore Resources Limited,MTLRF,-2.8,0.095,0.152,Yes
7031,ResMed Inc.,RMD,-8.6,0.301,0.047,No
7032,Porsche Automobil Holding SE,POAHY,-8.45,0.295,0.802,Yes
7033,Luca Mining Corp.,LUCMF,-18.74,0.689,1.224,Yes
7034,Nu Holdings Ltd.,NU,-7.19,0.249,0.099,Yes
7035,Hippo Holdings Inc.,HIPO,-7.25,0.251,0.408,Yes
7036,ModuLink Inc.,MDLK,-16.72,0.604,0.108,No
7037,Kidoz Inc.,KDOZF,-25.51,0.965,2.215,Yes
7038,Scandinavian Tobacco Group A/S,STBGY,-11.75,0.412,1.784,Yes
7039,Ocean Capital Acquisition Corporation,OCAC-UN,-0.58,0.019,,
7040,"D.R. Horton, Inc.",DHI,-9.95,0.344,0.999,Yes
7041,Central Japan Railway Company,CJPRY,-9.76,0.337,0.618,No
7042,Niagara Mohawk Power Corp,NMKBP,-4.38,0.147,0.063,Yes
7043,Triton International Limited,TRTN-PG,-2.7,0.09,0.384,Yes
7044,PT United Tractors Tbk,PUTKY,-9.69,0.334,1.391,No
7045,Sinopharm Group Co. Ltd.,SHTDF,-8.81,0.303,0.908,No
7046,Aimrite Holdings Corporation,AIMH,-28.51,1.09,2.114,No
7047,Sohu.com Limited,SOHU,-7.94,0.271,0.049,No
7048,"Tesla, Inc.",TSLA,-11.75,0.41,1.366,Yes
7049,Visteon Corporation,VC,-10.4,0.36,1.759,Yes
7050,Aspira Women's Health Inc.,AWHL,-23.94,0.889,1.879,Yes
7051,Piper Sandler Companies,PIPR,-8.55,0.292,0.512,Yes
7052,Ladder Capital Corp,LADR,-3.66,0.122,0.506,Yes
7053,"Goldwind Science&Technology Co., Ltd.",XJNGF,-15.24,0.537,0.877,Yes
7054,GDS Holdings Limited,GDS,-12.37,0.429,0.201,Yes
7055,"Horizon Group Properties, Inc.",HGPI,-9.04,0.308,1.247,Yes
7056,ZEB Nickel Corp.,ZBNIF,-21.54,0.783,1.827,No
7057,Deutsche Pfandbriefbank AG,PBBGF,-13.13,0.456,0.672,Yes
7058,"Hypha Labs, Inc.",FUNI,-32.89,1.277,1.111,Yes
7059,Krones AG,KRNTY,-7.0,0.235,0.849,Yes
7060,Meituan,MPNGF,-13.83,0.481,0.29,No
7061,Li Ning Company Limited,LNNGF,-11.36,0.39,0.356,No
7062,"Frequency Holdings, Inc.",FRQN,-48.59,2.095,4.611,No
7063,"Sekisui Chemical Co., Ltd.",SKSUY,-10.73,0.365,0.702,Yes
7064,BRC Inc.,BRCC,-26.42,0.979,3.288,Yes
7065,A2Z Cust2Mate Solutions Corp.,AZ,-13.54,0.466,0.14,No
7066,Solar Alliance Energy Inc.,SAENF,-22.78,0.823,2.152,No
7067,DXC Technology Company,DXC,-12.18,0.415,0.794,No
7068,Samfine Creation Holdings Group Limited,SFHG,-20.06,0.712,0.106,Yes
7069,Avricore Health Inc.,AVCRF,-25.08,0.915,0.065,Yes
7070,Grayscale Bittensor Trust (TAO),GTAO,-25.14,0.917,1.636,Yes
7071,"MDB Capital Holdings, LLC",MDBH,-9.63,0.323,1.601,Yes
7072,Regional Management Corp.,RM,-10.61,0.358,1.058,Yes
7073,Amarc Resources Ltd.,AXREF,-13.3,0.455,0.91,Yes
7074,Quadient S.A.,NPACF,-8.09,0.269,0.54,No
7075,Jumbo S.A.,JUMSY,-8.33,0.277,1.161,Yes
7076,Jianpu Technology Inc.,AIJTY,-12.44,0.422,1.149,Yes
7077,"Redwood Trust, Inc.",RWTP,-3.49,0.113,0.508,Yes
7078,"Rockwell Medical, Inc.",RMTI,-18.77,0.657,0.239,Yes
7079,Hoshizaki Corporation,HSHZY,-7.43,0.245,0.832,No
7080,"KYN Capital Group, Inc.",KYNC,-29.29,1.088,1.493,Yes
7081,"Buda Juice, Inc.",BUDA,-14.69,0.502,1.352,No
7082,C-Com Satellite Systems Inc.,CYSNF,-11.19,0.375,0.06,Yes
7083,China Feihe Limited,CFEIY,-5.91,0.193,0.771,No
7084,"The Bancorp, Inc.",TBBK,-9.9,0.33,0.126,Yes
7085,Lipella Pharmaceuticals Inc.,LIPO,-45.37,1.868,5.212,Yes
7086,"Bridgeline Digital, Inc.",BLIN,-15.72,0.537,2.367,Yes
7087,Search Minerals Inc.,SHCMF,-19.73,0.687,0.069,No
7088,"Upstream Bio, Inc.",UPB,-27.18,0.987,0.826,Yes
7089,Talga Group Ltd,TLGRF,-18.73,0.646,2.309,Yes
7090,Porsche Automobil Holding SE,POAHF,-10.16,0.335,1.402,Yes
7091,"Figma, Inc.",FIG,-25.76,0.92,1.469,Yes
7092,"Bath & Body Works, Inc.",BBWI,-14.38,0.482,0.861,Yes
7093,Key Tronic Corporation,KTCC,-17.61,0.599,0.542,Yes
7094,Bridgestone Corporation,BRDCF,-21.89,0.761,0.717,Yes
7095,"Intellicheck, Inc.",IDN,-25.54,0.905,2.228,No
7096,"Angel Studios, Inc.",ANGX,-17.39,0.588,0.093,No
7097,H&R Real Estate Investment Trust,HRUFF,-6.89,0.221,0.871,Yes
7098,VirnetX Holding Corporation,VHC,-20.6,0.706,1.994,Yes
7099,Veralto Corporation,VLTO,-6.14,0.195,0.022,Yes
7100,Barratt Redrow plc,BTDPY,-11.19,0.364,1.336,Yes
7101,"Spectral AI, Inc.",MDAI,-19.46,0.661,2.998,Yes
7102,YieldMax TSLA Performance & Distribution Target 25 ETF,TEST,-10.89,0.353,0.952,Yes
7103,PT Antam (Persero) Tbk,PAEKY,-7.04,0.224,0.117,No
7104,"Vyome Holdings, Inc.",HIND,-31.37,1.139,1.126,Yes
7105,biote Corp.,BTMD,-26.2,0.922,4.688,Yes
7106,Hutchison Port Holdings Trust,HUPHY,-12.53,0.409,0.414,No
7107,Bessor Minerals Inc.,TRYXF,-17.09,0.57,0.426,No
7108,Invesco High Income Trust II,VLT,-3.02,0.094,0.588,Yes
7109,CTS Eventim AG & Co. KGaA,CEVMY,-17.35,0.579,3.657,Yes
7110,Hi-Great Group Holding Company,HIGR,-46.56,1.87,4.017,Yes
7111,Nuveen Minnesota Quality Municipal Income Fund,NMS,-2.87,0.089,0.056,Yes
7112,PIMCO Access Income Fund,PAXS,-3.71,0.116,0.472,Yes
7113,"Construction Partners, Inc.",ROAD,-11.97,0.387,1.002,Yes
7114,"Privia Health Group, Inc.",PRVA,-12.78,0.414,1.066,Yes
7115,Swedencare AB (publ),SWDCF,-17.5,0.581,1.037,Yes
7116,"Vitality Prime, Inc.",VPIM,-34.17,1.248,2.181,Yes
7117,Federal Agricultural Mortgage Corporation,AGM-PD,-3.68,0.114,0.26,Yes
7118,Latrobe Magnesium Limited,LTRBF,-42.05,1.619,2.263,No
7119,"Gray Media, Inc.",GTN-A,-22.93,0.781,2.62,No
7120,"Alkami Technology, Inc.",ALKT,-12.59,0.406,0.812,Yes
7121,Jayud Global Logistics Limited,JYD,-39.2,1.477,2.272,Yes
7122,Mensch und Maschine Software SE,MSHHF,-7.08,0.222,0.33,Yes
7123,Beiersdorf Aktiengesellschaft,BDRFF,-10.34,0.329,0.81,Yes
7124,US Critical Metals Corp.,USCMF,-28.61,1.005,3.169,Yes
7125,District Metals Corp.,DMXCF,-26.98,0.937,2.115,Yes
7126,BSR Real Estate Investment Trust,BSRTF,-6.8,0.212,0.866,Yes
7127,Sunny Optical Technology (Group) Company Limited,SNPTF,-17.12,0.561,1.752,Yes
7128,"Grupo Aeroportuario del Pacífico, S.A.B. de C.V.",PAC,-10.11,0.319,0.038,No
7129,adidas AG,ADDDF,-11.63,0.37,1.442,Yes
7130,Shake Shack Inc.,SHAK,-16.42,0.535,0.536,Yes
7131,W. R. Berkley Corporation,WRB,-7.85,0.245,0.13,No
7132,NextBoat Inc.,NXB,-24.63,0.837,3.782,Yes
7133,"HNO International, Inc.",HNOI,-53.03,2.187,0.201,No
7134,,CTGG,-2.98,0.09,,
7135,International Workplace Group plc,IWGFF,-10.43,0.326,1.415,Yes
7136,Hexagon AB (publ),HXGBF,-12.89,0.407,1.413,Yes
7137,UCB SA,UCBJY,-8.99,0.279,0.499,No
7138,Tomra Systems ASA,TMRAF,-14.43,0.459,1.131,Yes
7139,Sucro Limited,SUGRF,-5.35,0.163,0.839,No
7140,Snap Inc.,SNAP,-18.14,0.587,2.941,Yes
7141,"BioRestorative Therapies, Inc.",BRTX,-43.8,1.661,2.995,Yes
7142,"LVMH Moët Hennessy - Louis Vuitton, Société Européenne",LVMHF,-9.39,0.29,0.603,Yes
7143,Hemostemix Inc.,HMTXF,-15.1,0.48,0.058,Yes
7144,Greene Concepts Inc,INKW,-39.92,1.472,4.636,Yes
7145,Morien Resources Corp.,APMCF,-12.42,0.389,0.432,Yes
7146,NorthX Nickel Corp.,NXNIF,-15.9,0.507,0.582,Yes
7147,"LG Display Co., Ltd.",LPL,-21.3,0.699,2.767,Yes
7148,Northern Trust Corporation,NTRSO,-2.32,0.069,0.266,Yes
7149,China Overseas Property Holdings Limited,CNPPF,-9.18,0.282,1.055,No
7150,Vision Lithium Inc.,ABEPF,-28.7,0.975,3.476,Yes
7151,Heidelberg Materials AG,HLBZF,-8.8,0.268,0.819,Yes
7152,"BWX Technologies, Inc.",BWXT,-12.53,0.388,0.437,Yes
7153,FutureCrest Acquisition Corp.,FCRS-UN,-1.91,0.056,0.199,Yes
7154,"Square Enix Holdings Co., Ltd.",SQNNY,-12.81,0.397,0.377,No
7155,"Grifols, S.A.",GIFLF,-11.06,0.34,0.726,No
7156,Mongolia Growth Group Ltd.,MNGGF,-45.22,1.711,0.463,No
7157,Tyranna Resources Limited,TYXXF,-13.61,0.424,0.288,Yes
7158,"Twinlab Consolidated Holdings, Inc.",TLCC,-13.61,0.424,0.587,Yes
7159,"The Goldman Sachs Group, Inc.",GS-PA,-3.85,0.114,0.435,Yes
7160,Federal Agricultural Mortgage Corporation,AGM-PF,-2.86,0.084,0.279,Yes
7161,SCWorx Corp.,WORX,-48.05,1.852,3.604,No
7162,SCWorx Corp.,WORXD,-48.05,1.852,3.599,No
7163,KRAKacquisition Corp.,KRAQU,-0.66,0.019,0.042,Yes
7164,CapitaLand Ascendas REIT,ACDSF,-11.16,0.342,0.396,Yes
7165,On the Beach Group plc,OOBHF,-12.54,0.387,1.707,Yes
7166,"Once Upon A Farm, PBC",OFRM,-24.94,0.823,0.833,Yes
7167,Enigmatig Limited,EGG,-27.86,0.935,0.7,Yes
7168,"Amadeus IT Group, S.A.",AMADF,-10.43,0.317,1.238,Yes
7169,"Upbound Group, Inc.",UPBD,-12.74,0.391,0.868,Yes
7170,"Entergy Louisiana, LLC COLLATERAL TR MT",ELC,-1.5,0.044,0.204,Yes
7171,"Sack Lunch Productions, Inc.",SAKL,-17.77,0.559,2.514,Yes
7172,Emergent BioSolutions Inc.,EBS,-20.11,0.637,0.89,Yes
7173,"Mass Megawatts Wind Power, Inc.",MMMW,-29.47,0.986,1.793,No
7174,Ojai Oil Company,OJOC,-0.79,0.023,0.001,No
7175,Impact BioMedical Inc.,IBO,-20.0,0.632,1.003,No
7176,Kering SA,PPRUF,-11.3,0.341,0.447,Yes
7177,Orlen S.A.,ORLNY,-11.38,0.343,0.578,Yes
7178,"Netskope, Inc.",NTSK,-20.48,0.648,3.21,Yes
7179,"Lifecore Biomedical, Inc.",LFCR,-22.53,0.72,4.259,Yes
7180,JBT Marel Corporation,JBTM,-12.33,0.373,0.199,Yes
7181,Guggenheim Taxable Municipal Bond & Investment Grade Debt Trust,GBAB,-3.44,0.099,0.233,Yes
7182,KONE Oyj,KNYJY,-6.59,0.194,0.317,Yes
7183,"Robinhood Markets, Inc.",HOOD,-18.02,0.561,2.117,Yes
7184,707 Cayman Holdings Limited,JEM,-54.94,2.193,2.535,No
7185,dormakaba Holding AG,DRMKY,-9.44,0.281,1.131,Yes
7186,Signet Jewelers Limited,SIG,-10.52,0.315,0.725,Yes
7187,SMJ International Holdings Inc.,SMJF,-40.8,1.455,0.455,Yes
7188,Hugo Boss AG,BOSSY,-5.55,0.161,0.486,Yes
7189,Everyday People Financial Corp.,EPFCF,-23.35,0.745,3.317,Yes
7190,Scilex Holding Company,SCLX,-31.64,1.06,3.246,Yes
7191,"IDEXX Laboratories, Inc.",IDXX,-10.3,0.305,0.59,Yes
7192,InnSuites Hospitality Trust,IHT,-19.5,0.606,1.424,Yes
7193,Royal Caribbean Cruises Ltd.,RCL,-12.04,0.359,0.093,Yes
7194,TIM S.A.,TIMB,-13.68,0.411,0.406,No
7195,Atlas Engineered Products Ltd.,APEUF,-11.69,0.347,1.498,Yes
7196,Bangkok Dusit Medical Services Public Company Limited,BDULF,-7.04,0.204,0.658,No
7197,Blue Owl Capital Inc.,OWL,-15.52,0.469,1.655,Yes
7198,iShares iBonds Dec 2036 Term Corporate ETF,IBCB,-1.23,0.035,0.105,Yes
7199,"OSI Systems, Inc.",OSIS,-12.34,0.366,0.026,Yes
7200,Austin Gold Corp.,AUST,-20.59,0.638,1.538,Yes
7201,"MNTN, Inc.",MNTN,-19.72,0.608,1.295,Yes
7202,Bang & Olufsen A/S,BGOUF,-13.6,0.405,1.578,Yes
7203,AgomAb Therapeutics NV,AGMB,-19.16,0.588,1.659,Yes
7204,Immutable Holdings Inc.,IHLDF,-26.21,0.837,2.906,Yes
7205,Danone S.A.,GPDNF,-10.33,0.302,0.367,No
7206,ESGold Corp.,ESAUF,-21.12,0.654,1.171,Yes
7207,Invesco Senior Income Trust,VVR,-3.64,0.103,0.275,No
7208,AuQ Gold Mining Inc.,AUQFF,-21.64,0.67,0.73,Yes
7209,BlackRock TCP Capital Corp.,TCPC,-16.29,0.49,1.809,Yes
7210,Rocket One Inc.,RKTO,-35.67,1.201,2.922,Yes
7211,"MGE Energy, Inc.",MGEE,-5.53,0.157,0.172,Yes
7212,"Skkynet Cloud Systems, Inc.",SKKY,-24.67,0.775,0.955,No
7213,Aurora Mobile Limited,JG,-15.9,0.476,0.306,Yes
7214,"Kawasaki Heavy Industries, Ltd.",KWHIF,-30.9,1.006,4.218,Yes
7215,SLR Investment Corp.,SLRC,-8.19,0.235,0.161,Yes
7216,Adcore Inc.,ADCOF,-28.37,0.909,3.244,Yes
7217,"Great Elm Group, Inc.",GEG,-8.5,0.244,1.143,Yes
7218,"Telefónica, S.A.",TELFY,-8.46,0.243,0.403,Yes
7219,Adient plc,ADNT,-15.15,0.449,1.104,Yes
7220,Fresenius Medical Care AG,FMS,-8.54,0.245,0.096,No
7221,Lichen International Limited,LICN,-39.25,1.341,6.249,No
7222,Peer to Peer Network,PTOP,-46.18,1.657,0.999,No
7223,LKQ Corporation,LKQ,-11.13,0.322,0.884,Yes
7224,Oxford Lane Capital Corp.,OXLC,-15.77,0.467,0.046,Yes
7225,"PayPal Holdings, Inc.",PYPL,-15.45,0.456,0.445,Yes
7226,FAR Limited,FARYF,-23.07,0.71,0.759,No
7227,"National Health Investors, Inc.",NHI,-6.56,0.185,0.526,No
7228,"Superstar Platforms, Inc.",SPST,-22.98,0.704,0.115,No
7229,Aurelius Minerals Inc.,AURQF,-33.42,1.089,3.799,No
7230,"Bolt Biotherapeutics, Inc.",BOLT,-17.1,0.506,2.523,Yes
7231,"Mynd.ai, Inc.",MYND,-34.35,1.124,3.618,Yes
7232,Henderson Land Development Company Limited,HLDVF,-6.1,0.171,0.228,Yes
7233,Huhtamäki Oyj,HMKIY,-2.77,0.076,0.324,Yes
7234,"Array Digital Infrastructure, I",UZD,-3.12,0.086,0.102,Yes
7235,Genting Berhad,GEBHY,-16.66,0.49,2.155,Yes
7236,Nirvana Life Sciences Inc.,NIRVF,-3.84,0.106,0.009,No
7237,Citigroup Inc.,C-PR,-2.69,0.074,0.336,Yes
7238,"FRP Holdings, Inc.",FRPH,-7.87,0.22,0.349,Yes
7239,"Jerónimo Martins, SGPS, S.A.",JRONY,-9.11,0.257,0.293,Yes
7240,AB Science S.A.,ABSCF,-9.19,0.259,0.893,No
7241,ANTA Sports Products Limited,ANPDF,-13.37,0.384,0.813,Yes
7242,Carnival Corporation Ltd.,CCL,-12.37,0.354,0.757,Yes
7243,Plurilock Security Inc.,PLCKF,-22.4,0.674,0.984,Yes
7244,"ES Bancshares, Inc.",ESBS,-6.69,0.185,0.322,No
7245,"Xcel Brands, Inc.",XELB,-28.34,0.879,2.222,Yes
7246,Sony Group Corporation,SONY,-11.62,0.328,0.422,Yes
7247,Aimia Inc.,AIMFF,-8.49,0.236,0.559,Yes
7248,"Bain Capital Specialty Finance, Inc.",BCSF,-5.4,0.148,0.589,Yes
7249,Alliance Entertainment Holding Corporation,AENT,-19.15,0.561,0.174,No
7250,CD Projekt Red S.A.,OTGLY,-12.43,0.352,0.775,Yes
7251,PTL Limited,PTLE,-30.33,0.948,0.381,Yes
7252,PT Bank Negara Indonesia (Persero) Tbk,PTBRY,-10.07,0.281,0.505,Yes
7253,"LVMH Moët Hennessy - Louis Vuitton, Société Européenne",LVMUY,-10.46,0.293,0.645,Yes
7254,Warner Music Group Corp.,WMG,-11.85,0.334,1.712,Yes
7255,"Brownie's Marine Group, Inc.",BWMG,-38.69,1.274,3.44,Yes
7256,Edge Total Intelligence Inc.,UNFYF,-17.29,0.501,0.453,Yes
7257,"Entergy Mississippi, Inc. 1M BD 66",EMP,-2.21,0.059,0.24,Yes
7258,Canary Gold Corp.,CNYGF,-21.09,0.621,0.829,Yes
7259,"Summer Energy Holdings, Inc.",SUME,-47.98,1.68,6.387,No
7260,Compagnie de Saint-Gobain S.A.,CODGF,-10.95,0.305,1.258,Yes
7261,Kurita Water Industries Ltd.,KTWIY,-5.42,0.147,0.15,No
7262,Endeavour Group Limited,EDVGF,-9.99,0.276,0.509,No
7263,Dynamite Blockchain Corp.,CRYBF,-30.76,0.953,2.414,Yes
7264,NameSilo Technologies Corp.,URLOF,-12.04,0.336,0.796,Yes
7265,"Caribou Biosciences, Inc.",CRBU,-22.48,0.661,0.997,Yes
7266,Nuveen Virginia Quality Municipal Income Fund,NPV,-3.85,0.103,0.237,Yes
7267,Galaxy Entertainment Group Limited,GXYEF,-12.59,0.351,0.206,Yes
7268,Türk Hava Yollari Anonim Ortakligi,TKHVY,-11.93,0.331,0.236,Yes
7269,C&C Group plc,CCGPY,-19.32,0.557,1.761,Yes
7270,Saratoga Investment Corp 7.50% ,SAV,-2.32,0.061,0.207,Yes
7271,"Becle, S.A.B. de C.V.",BCCLF,-13.13,0.366,0.169,Yes
7272,"Roper Technologies, Inc.",ROP,-11.34,0.313,0.342,No
7273,Bank of America Corporation,BAC-PP,-2.78,0.074,0.297,Yes
7274,"FDCTech, Inc.",FDCT,-46.11,1.573,6.096,Yes
7275,"Stitch Fix, Inc.",SFIX,-18.53,0.53,0.347,Yes
7276,"Kura Sushi USA, Inc.",KRUS,-16.73,0.474,1.039,No
7277,21Shares FTSE Crypto 10 ex-BTC Index ETF,TXBC,-19.91,0.572,0.847,Yes
7278,Eco Wave Power Global AB (publ),WAVE,-20.0,0.572,0.36,Yes
7279,"Evommune, Inc.",EVMN,-27.72,0.826,1.083,Yes
7280,"Fuyao Glass Industry Group Co., Ltd.",FYGGY,-14.03,0.387,1.201,Yes
7281,HUYA Inc.,HUYA,-22.24,0.641,0.393,No
7282,NetClass Technology Inc,NTCL,-59.15,2.214,3.32,Yes
7283,Experian plc,EXPGF,-13.17,0.36,0.252,Yes
7284,freenet AG,FRTAF,-10.87,0.294,1.083,Yes
7285,Danone S.A.,DANOY,-10.17,0.274,0.395,No
7286,"Sitios Latinoamérica, S.A.B. de C.V.",SLCVF,-14.23,0.39,0.519,No
7287,VTEX,VTEX,-13.73,0.375,1.297,No
7288,Hengan International Group Company Limited,HEGIY,-9.67,0.258,0.246,No
7289,Bancreek Billionaires Club ETF,CLUB,-6.74,0.177,2.259,Yes
7290,Insteel Industries Inc.,IIIN,-14.09,0.384,1.263,No
7291,NCR Corporation 5.5% PFD CNV A,NCRRP,-3.02,0.078,0.444,No
7292,DUKE Robotics Corp.,DUKRW,-46.45,1.549,23.079,Yes
7293,Vior Gold Corporation Inc.,VIORF,-14.64,0.4,0.376,Yes
7294,"Zhejiang Leapmotor Technology Co., Ltd.",ZJLMF,-16.09,0.443,6.65,Yes
7295,"COSCO SHIPPING Development Co., Ltd.",CITAF,-13.6,0.369,0.519,No
7296,Kingsoft Corporation Limited,KSFTF,-14.83,0.404,1.477,No
7297,Kingsoft Cloud Holdings Limited,KC,-21.41,0.605,0.491,Yes
7298,Saba Capital Income & Opportunities Fund,BRW,-3.21,0.083,0.116,Yes
7299,"NetEase, Inc.",NETTF,-14.37,0.39,1.456,Yes
7300,Astra Exploration Inc.,ATEPF,-18.89,0.525,0.626,No
7301,Kantra Copper Ltd,HLGVD,-21.18,0.596,2.491,Yes
7302,Kantra Copper Ltd,HLGVF,-21.18,0.596,2.491,Yes
7303,Sernova Biotherapeutics Inc,SEOVF,-21.37,0.602,0.283,No
7304,Worley Limited,WYGPF,-13.83,0.372,1.891,Yes
7305,Legend Biotech Corporation,LEGN,-23.52,0.666,2.817,Yes
7306,Rice Acquisition Corporation 3,KRSP-UN,-1.68,0.042,0.016,No
7307,"Advance Auto Parts, Inc.",AAP,-20.42,0.568,0.537,Yes
7308,"MARA Holdings, Inc.",MARA,-26.61,0.765,4.308,Yes
7309,Assured Guaranty Ltd.,AGO,-9.07,0.237,0.348,No
7310,"TSS, Inc.",TSSI,-32.72,0.976,1.248,Yes
7311,Medicenna Therapeutics Corp.,MDNAF,-31.58,0.933,1.519,Yes
7312,XCana Petroleum Corporation,XCPT,-39.68,1.235,4.501,Yes
7313,Baylin Technologies Inc.,BYLTF,-11.13,0.293,0.112,Yes
7314,Granite Point Mortgage Trust Inc.,GPMT-PA,-10.0,0.261,1.04,Yes
7315,Companhia Siderúrgica Nacional,SID,-20.65,0.57,2.218,Yes
7316,Australian Agricultural Company Limited,AAYYY,-7.15,0.184,0.299,No
7317,"Lazard, Inc.",LAZ,-11.9,0.314,1.66,Yes
7318,Vitalhub Corp.,VHIBF,-16.71,0.452,1.938,Yes
7319,Stargaze Entertainment Group Inc.,STGZ,-34.52,1.035,0.727,No
7320,Siemens Healthineers AG,SEMHF,-9.38,0.244,0.498,Yes
7321,Ideal Group of Companies Inc.,IDGR,-56.6,2.004,0.37,No
7322,Compass Group PLC,CMPGY,-8.36,0.216,0.765,Yes
7323,ioneer Ltd,GSCCF,-20.42,0.56,1.859,Yes
7324,FTI Foodtech International Inc.,FTIDF,-52.4,1.783,1.942,Yes
7325,eToro Group Ltd.,ETOR,-16.87,0.453,1.606,Yes
7326,"National American University Holdings, Inc.",NAUH,-25.51,0.718,0.12,Yes
7327,Brookmount Explorations Inc.,BMXI,-35.69,1.069,0.22,Yes
7328,ATIF Holdings Limited,AUC,-19.88,0.541,2.542,Yes
7329,DoubleLine Income Solutions Fund,DSL,-3.44,0.086,0.4,Yes
7330,Digital Commodities Inc.,DGCMF,-36.23,1.088,1.856,Yes
7331,Emera Maine PFD 7%,BANGN,-4.72,0.119,0.268,Yes
7332,"James River Group Holdings, Inc.",JRVR,-18.74,0.506,1.185,No
7333,MIND C.T.I. Ltd,MNDO,-8.1,0.207,0.566,No
7334,Tower Resources Ltd.,TWRFF,-18.26,0.492,1.573,Yes
7335,New Age Metals Inc.,NMTLF,-23.31,0.645,1.837,Yes
7336,Cushman & Wakefield Limited,CWK,-12.33,0.321,1.029,Yes
7337,Sappi Limited,SPPJY,-21.66,0.593,0.643,Yes
7338,Snipp Interactive Inc.,SNIPF,-18.51,0.498,0.098,No
7339,Turkcell Iletisim Hizmetleri A.S.,TKC,-12.29,0.32,0.501,Yes
7340,"WCF Bancorp, Inc.",WCFB,-9.22,0.236,0.172,No
7341,Atlas Lithium Corporation,ATLX,-22.39,0.614,2.305,Yes
7342,Tecogen Inc.,TGEN,-40.8,1.256,8.003,Yes
7343,Mr Price Group Limited,MRPLY,-11.54,0.299,1.169,Yes
7344,Globant S.A.,GLOB,-20.24,0.547,0.268,Yes
7345,Metallic Minerals Corp.,MMNGF,-25.69,0.716,1.656,Yes
7346,Cannabix Technologies Inc.,BLOZF,-15.99,0.422,0.125,No
7347,adidas AG,ADDYY,-12.72,0.329,1.166,Yes
7348,CapitaLand China Trust,CLDHF,-8.66,0.22,0.409,No
7349,Mainstreet Equity Corp.,MEQYF,-7.86,0.198,0.205,Yes
7350,Abbott Laboratories,ABT,-12.77,0.33,0.656,No
7351,Molson Coors Beverage Company,TAP,-7.4,0.185,0.085,Yes
7352,Babcock International Group PLC,BCKIY,-16.47,0.432,0.233,Yes
7353,YieldMax Strategic Metals & Mining Portfolio Option Income ETF,MINY,-13.32,0.343,1.24,Yes
7354,URZ3 Energy Corp.,URZEF,-20.56,0.551,1.328,Yes
7355,"Eikon Therapeutics, Inc.",EIKN,-26.32,0.728,0.939,Yes
7356,Jetblack Corp.,JTBK,-39.09,1.173,1.241,Yes
7357,3i Group plc,TGOPY,-19.89,0.53,1.229,Yes
7358,Portillo's Inc.,PTLO,-20.47,0.547,0.315,Yes
7359,"First Citizens BancShares, Inc.",FCNCP,-4.67,0.115,0.159,No
7360,Lindsay Corporation,LNN,-13.61,0.349,0.275,No
7361,"Good Gaming, Inc.",GMER,-28.0,0.778,0.18,No
7362,"Alaunos Therapeutics, Inc.",TCRT,-21.03,0.561,0.105,Yes
7363,Vanguard Target Maturity 2036 Corporate Bond ETF,VBCJ,-1.49,0.036,0.098,Yes
7364,Athena Gold Corporation,AHNRF,-26.35,0.723,0.242,No
7365,"Brighthouse Financial, Inc.",BHFAM,-8.58,0.214,0.805,Yes
7366,MetaVia Inc.,MTVA,-48.49,1.544,6.026,Yes
7367,"ADMA Biologics, Inc.",ADMA,-23.36,0.629,2.021,Yes
7368,Novo Resources Corp.,NSRPF,-24.82,0.674,1.937,Yes
7369,"L3Harris Technologies, Inc.",LHX,-10.25,0.257,0.263,No
7370,RCS MediaGroup S.p.A.,RZSMF,-15.59,0.402,0.128,Yes
7371,Surya Oil and Gas Corp.,SURY,-51.24,1.665,3.592,Yes
7372,Blockmate Ventures Inc.,MATEF,-34.0,0.975,1.445,Yes
7373,"GT Biopharma, Inc.",GTBP,-32.53,0.923,1.064,Yes
7374,NowVertical Group Inc.,NOWVF,-32.32,0.915,0.65,No
7375,"PARK24 Co., Ltd.",PKCOY,-15.76,0.405,0.245,No
7376,Simplify Tax Aware Diversified Income Strategy ETF,DINE,-1.69,0.04,0.031,No
7377,American Superconductor Corporation,AMSC,-32.28,0.911,3.93,Yes
7378,"General Mills, Inc.",GIS,-11.12,0.279,0.453,Yes
7379,Cogna Educação S.A.,COGNY,-24.88,0.672,0.957,Yes
7380,"tZERO Group, Inc.",TZROP,-25.45,0.688,2.823,Yes
7381,East Japan Railway Company,EJPRY,-7.79,0.191,0.261,No
7382,PennyMac Mortgage Investment Trust,PMT,-10.83,0.27,0.215,Yes
7383,Futu Holdings Limited,FUTU,-20.24,0.529,0.913,Yes
7384,Ascom Holding AG,ACMLF,-3.2,0.077,0.301,Yes
7385,"RiverNorth/DoubleLine Strategic Opportunity Fund, Inc.",OPP-PB,-4.33,0.104,0.418,Yes
7386,PT Bank Central Asia Tbk,PBCRF,-14.9,0.378,0.792,No
7387,PIMCO Corporate & Income Strategy Fund,PCN,-2.98,0.071,0.294,Yes
7388,"CreditRiskMonitor.com, Inc.",CRMZ,-10.32,0.255,0.282,Yes
7389,BTQ Technologies Corp.,BTQ,-35.89,1.024,3.292,Yes
7390,Moon River Moly Ltd.,MRIVF,-18.26,0.469,1.15,Yes
7391,PPL Corporation,PPL,-5.69,0.137,0.331,No
7392,Western Asset High Yield Opportunity Fund Inc.,HYI,-2.46,0.058,0.238,Yes
7393,Magyar Telekom Távközlési Nyilvánosan Müködö Részvénytársaság,MYTKY,-34.18,0.963,2.756,Yes
7394,Geodrill Limited,GEODF,-15.26,0.384,1.304,Yes
7395,Mercanto Holdings Inc.,TGSHF,-40.33,1.179,0.91,Yes
7396,Zegona Communications plc,ZEGLF,-22.74,0.595,8.795,Yes
7397,Coty Inc.,COTY,-21.37,0.554,2.011,Yes
7398,dynaCERT Inc.,DYFSF,-15.6,0.392,0.104,Yes
7399,Noah Holdings Limited,NOAH,-12.19,0.301,1.197,Yes
7400,"Intuitive Surgical, Inc.",ISRG,-13.08,0.324,0.454,Yes
7401,"Motorcar Parts of America, Inc.",MPAA,-21.85,0.567,0.33,No
7402,New Mountain Finance Corporation,NMFC,-10.25,0.25,0.599,Yes
7403,Federal Agricultural Mortgage Corporation,AGM-PH,-1.72,0.04,0.082,Yes
7404,"Barrett Business Services, Inc.",BBSI,-16.36,0.411,0.401,Yes
7405,"Priority Technology Holdings, Inc.",PRTH,-17.46,0.439,1.827,Yes
7406,Neuberger Berman Income Funds - Neuberger High Yield Strategies Fund Inc.,NHS,-7.43,0.178,0.686,Yes
7407,Ryman Healthcare Limited,RYHTY,-11.76,0.287,0.825,Yes
7408,Dassault Systèmes SE,DASTY,-15.61,0.388,1.204,Yes
7409,Sound Group Inc.,SOGP,-20.19,0.514,0.528,No
7410,"Grupo Aeromexico, S.A.B. de C.V",AERO,-19.22,0.487,1.769,Yes
7411,"5E Advanced Materials, Inc.",FEAM,-34.74,0.964,4.407,Yes
7412,"The Boston Beer Company, Inc.",SAM,-12.82,0.314,0.617,No
7413,"CTT - Correios De Portugal, S.A.",CTTOF,-12.22,0.298,1.392,Yes
7414,Coloplast A/S,CLPBY,-12.79,0.312,0.115,Yes
7415,Kestrel Gold Inc.,KSTBF,-21.04,0.536,0.377,No
7416,"Universal Health Services, Inc.",UHS,-13.51,0.33,0.274,No
7417,Horizon Kinetics Holding Corporation,HKHC,-21.74,0.554,1.599,No
7418,"Grupo Aeroportuario del Pacífico, S.A.B. de C.V.",GPAEF,-13.6,0.332,0.233,Yes
7419,"Ludwig Enterprises, Inc.",LUDG,-50.41,1.554,3.928,No
7420,"PSB Financial, Inc.",PNSB,-3.84,0.089,0.406,No
7421,Defiance Daily Target 2X Short BMNR ETF,BMNZ,-47.99,1.449,1.436,No
7422,Intrum AB (publ),ITJTY,-44.79,1.32,0.156,Yes
7423,"Dolby Laboratories, Inc.",DLB,-11.15,0.268,0.428,Yes
7424,Kootenay Silver Inc.,KOOYF,-24.67,0.637,0.78,Yes
7425,Constellation Software Inc.,CNSWF,-14.42,0.352,0.804,Yes
7426,Immuneering Corporation,IMRX,-20.73,0.523,0.432,Yes
7427,Enerpac Tool Group Corp.,EPAC,-8.09,0.191,0.075,Yes
7428,"Amadeus IT Group, S.A.",AMADY,-11.27,0.27,0.922,Yes
7429,"DirectBooking Technology Co., Ltd.",ZDAI,-57.92,1.898,0.283,Yes
7430,Evercore Inc.,EVR,-11.96,0.288,0.677,Yes
7431,Hang Lung Properties Limited,HLPPY,-12.55,0.303,1.089,Yes
7432,TGI Solar Power Group Inc.,TSPG,-26.33,0.685,2.357,Yes
7433,Liberty Capital Corporation,GLIBB,-19.58,0.49,0.24,No
7434,Prosper Gold Corp.,PGXFF,-27.69,0.725,0.872,Yes
7435,Pick n Pay Stores Limited,PKPYY,-11.91,0.286,0.286,No
7436,Chow Tai Fook Jewellery Group Limited,CJEWF,-15.51,0.379,1.106,No
7437,United Parks & Resorts Inc.,PRKS,-17.38,0.429,0.991,Yes
7438,"Daito Trust Construction Co.,Ltd.",DIFTY,-16.97,0.418,1.155,No
7439,Pineapple Express Cannabis Company,PNXP,-61.41,2.07,1.312,Yes
7440,Yunhong Green CTI Ltd.,YHGJ,-25.61,0.66,1.358,Yes
7441,BCP Investment Corp.,BCIC,-16.94,0.416,1.73,Yes
7442,Real Messenger Corporation,RMSG,-57.31,1.855,9.083,Yes
7443,TransDigm Group Incorporated,TDG,-9.82,0.232,0.683,Yes
7444,Autohome Inc.,ATHM,-16.42,0.402,0.437,Yes
7445,"Alphatec Holdings, Inc.",ATEC,-24.89,0.637,0.349,No
7446,Marblegate Capital Corporation,MGTE,-22.33,0.562,2.386,No
7447,AutoCanada Inc.,AOCIF,-20.67,0.514,1.733,Yes
7448,"Entergy Arkansas, Inc. 1M BD 4.875%66",EAI,-5.36,0.123,0.555,Yes
7449,John Hancock Income Securities Trust,JHS,-2.89,0.066,0.275,Yes
7450,Volkswagen AG,VLKAF,-13.61,0.325,1.118,Yes
7451,Meituan,MPNGY,-19.53,0.481,0.609,No
7452,PAX Global Technology Limited,PXGYF,-15.86,0.383,0.662,No
7453,Western Asset Global Corporate Defined Opportunity Fund Inc.,GDO,-3.59,0.082,0.394,Yes
7454,VanEck Digital Native Economy ETF,GENZ,-7.8,0.181,0.474,Yes
7455,Mayfair Gold Corp.,MINE,-24.36,0.615,1.47,Yes
7456,Vulcan Materials Company,VMC,-10.31,0.241,0.928,Yes
7457,Parkway Life Real Estate Investment Trust,PRKWF,-7.16,0.165,0.107,Yes
7458,"SOLV Energy, Inc.",MWH,-24.34,0.614,2.172,Yes
7459,The Descartes Systems Group Inc.,DSGX,-12.24,0.288,0.04,No
7460,Sienna Resources Inc.,SNNAF,-28.77,0.741,2.642,Yes
7461,Dürr Aktiengesellschaft,DURYY,-18.68,0.454,2.318,Yes
7462,Hexagon Purus ASA,HPURF,-26.41,0.67,1.749,Yes
7463,"Wal-Mart de México, S.A.B. de C.V.",WMMVF,-6.35,0.145,0.118,No
7464,American Tungsten and Antimony Ltd,ATALF,-38.7,1.061,1.874,Yes
7465,Highway Holdings Limited,HIHO,-28.12,0.72,0.813,Yes
7466,"BlackRock MuniAssets Fund, Inc.",MUA,-5.15,0.117,0.211,Yes
7467,"Ridgepost Capital, Inc",RPC,-15.5,0.369,1.379,Yes
7468,Heidelberg Materials AG,HDLMY,-12.73,0.299,0.985,Yes
7469,Carl Zeiss Meditec AG,CZMWF,-18.62,0.45,1.098,Yes
7470,IperionX Limited,IPX,-35.08,0.934,4.973,Yes
7471,Chesapeake Granite Wash Trust,CHKR,-7.93,0.181,0.166,Yes
7472,Green Technology Metals Limited,GTMLF,-39.69,1.088,3.437,Yes
7473,Glow Lifetech Corp.,GLWLF,-14.59,0.344,1.269,No
7474,Blackstone Long-Short Credit Income Fund,BGX,-3.01,0.067,0.107,Yes
7475,Prospect Ridge Resources Corp.,PRRSF,-37.5,1.011,1.955,Yes
7476,"Brilliant Earth Group, Inc.",BRLT,-23.57,0.583,1.764,Yes
7477,Pro Medicus Limited,PMDIY,-26.06,0.653,1.499,Yes
7478,Quanterix Corporation,QTRX,-33.09,0.864,0.338,Yes
7479,Blackbird plc,BBRDF,-12.49,0.29,0.706,No
7480,Jindalee Lithium Limited,JNDAF,-23.12,0.568,1.8,Yes
7481,Grand City Properties S.A.,GRNNF,-12.85,0.298,0.827,Yes
7482,"Geopulse Exploration, Inc.",GPLS,-43.97,1.234,7.218,Yes
7483,"Collegium Pharmaceutical, Inc.",COLL,-21.81,0.531,0.532,Yes
7484,Cyrela Brazil Realty S.A. Empreendimentos e Participações,CYRBY,-15.78,0.371,0.321,No
7485,Adyen N.V.,ADYEY,-18.82,0.45,1.944,Yes
7486,Amana Growth ETF,AMGR,-5.77,0.129,,
7487,Forge Resources Corp.,FRGGF,-24.43,0.602,1.267,No
7488,OSL Group Limited,BCTCF,-21.88,0.531,0.425,No
7489,Grayscale Decentralized Finance (DeFi) Fund LLC,DEFG,-26.42,0.658,0.582,Yes
7490,Clip Money Inc.,CLPMF,-29.93,0.76,1.729,Yes
7491,Lion One Metals Limited,LOMLF,-26.74,0.666,0.065,No
7492,PetroGas Company,PTCO,-51.51,1.523,2.942,No
7493,SeSa S.p.A.,SESPF,-12.59,0.29,1.063,Yes
7494,The Clorox Company,CLX,-14.22,0.33,0.065,Yes
7495,NIOX Group Plc,CSSPF,-8.37,0.188,0.701,No
7496,ICG plc,ICGUF,-14.12,0.327,1.664,Yes
7497,ARway Corporation,ARWYF,-33.06,0.852,1.303,Yes
7498,Fifth Third Bancorp,FITB-PA,-3.29,0.072,0.376,Yes
7499,"MonotaRO Co., Ltd.",MONOY,-14.2,0.329,1.115,Yes
7500,Russell Investments Global Real Estate ETF,CRIB,-6.24,0.139,,
7501,XAI Floating Rate & Alternative Income Trust,XFLT,-14.05,0.325,0.71,Yes
7502,Sleep Number Corporation,SNBRQ,-61.83,1.996,7.246,Yes
7503,CTP N.V.,CTPVF,-13.38,0.308,1.201,Yes
7504,Fair Isaac Corporation,FICO,-18.28,0.431,1.541,Yes
7505,Foxx Development Holdings Inc.,FOXX,-27.54,0.684,1.135,No
7506,Avoca LLC,AVOA,-17.14,0.402,1.604,Yes
7507,"F&G Annuities & Life, Inc.",FG,-17.19,0.403,0.248,Yes
7508,"Blue Diamond Ventures, Inc.",BLDV,-37.08,0.978,0.63,No
7509,Archimedes Tech SPAC Partners II Co.,ATIIU,-9.15,0.205,0.555,Yes
7510,Alset Inc.,AEI,-30.33,0.763,0.736,Yes
7511,Allot Ltd.,ALLT,-19.83,0.469,1.094,Yes
7512,Black Swan Graphene Inc.,BSWGF,-20.87,0.496,0.318,Yes
7513,Genenta Science S.p.A.,GNTA,-45.09,1.25,1.729,Yes
7514,"NeOnc Technologies Holdings, Inc.",NTHI,-30.74,0.773,0.1,No
7515,Toggle3D.ai Inc.,TGGLF,-53.77,1.594,4.105,No
7516,MSA Safety Incorporated,MNESP,-10.19,0.228,0.118,Yes
7517,Solidus Communications Inc.,SLDC,-25.79,0.627,2.91,Yes
7518,"Verde Resources, Inc.",VRDR,-32.84,0.832,1.9,Yes
7519,Bunker Hill Mining Corp.,BHLL,-21.77,0.516,1.448,Yes
7520,Evolution Petroleum Corporation,EPM,-13.92,0.316,0.147,No
7521,Paramount Skydance Corporation,PSKY,-29.04,0.717,2.51,Yes
7522,Polestar Automotive Holding UK PLC,PSNY,-37.12,0.965,1.072,Yes
7523,Huntington Bancshares Incorporated,HBANM,-5.38,0.117,0.44,Yes
7524,"Hyperfine, Inc.",HYPR,-30.83,0.769,3.356,Yes
7525,"eXoZymes, Inc.",EXOZ,-35.07,0.898,3.9,Yes
7526,Eaton Vance Senior Income Trust,EVF,-2.2,0.047,0.133,Yes
7527,Sanu Gold Corp.,SNGCF,-15.45,0.351,2.007,Yes
7528,Electric Metals (USA) Limited,EMUS,-24.46,0.583,1.122,No
7529,Sinopharm Group Co. Ltd.,SHTDY,-10.88,0.241,0.724,No
7530,Skillful Craftsman Education Technology Limited,EDTK,-14.28,0.321,0.357,No
7531,Warcap Unconstrained Equity ETF,WCAP,-6.14,0.132,0.711,Yes
7532,"Autodesk, Inc.",ADSK,-15.54,0.351,0.152,Yes
7533,Marvion Inc.,MVNC,-56.12,1.665,0.939,No
7534,"JFE Holdings, Inc.",JFEEF,-12.2,0.27,0.335,Yes
7535,"Lead Real Estate Co., Ltd",LRE,-16.75,0.38,0.548,Yes
7536,Heidelberger Druckmaschinen Aktiengesellschaft,HBGRY,-22.51,0.527,1.245,Yes
7537,Transoceanic Investments Inc.,OCEEF,-19.23,0.441,1.052,Yes
7538,Corero Network Security plc,DDOSF,-25.05,0.591,0.634,No
7539,3i Group plc,TGOPF,-23.1,0.538,1.25,Yes
7540,Irenic Acquisition Corp.,IACQ,-1.18,0.025,,
7541,Alstom SA,AOMFF,-19.39,0.442,1.252,No
7542,"Vemanti Group, Inc.",VMNT,-65.74,2.119,13.696,Yes
7543,CorMedix Inc.,CRMD,-21.67,0.499,1.382,Yes
7544,"Sparx Holdings Group, Inc.",SHGI,-50.71,1.418,5.16,No
7545,Liberty Global Ltd.,LBTYK,-9.82,0.212,0.21,Yes
7546,American Strategic Investment Co.,NYC,-26.39,0.622,0.308,No
7547,Christian Dior SE,CHDRF,-13.67,0.3,0.125,No
7548,TravelSky Technology Limited,TSYHY,-9.35,0.201,0.224,Yes
7549,"Green Star Products, Inc.",GSPI,-27.65,0.656,1.568,Yes
7550,"Eos Energy Enterprises, Inc.",EOSE,-44.13,1.166,5.367,Yes
7551,"EBR Systems, Inc.",EBRCZ,-49.59,1.364,0.774,No
7552,"Swarmer, Inc",SWMR,-39.07,0.992,1.31,Yes
7553,RENK Group AG,RKGRY,-17.57,0.391,0.974,Yes
7554,Allegion plc,ALLE,-10.68,0.229,0.272,No
7555,Aon plc,AON,-8.75,0.186,0.244,No
7556,"Small Business Development Group, Inc.",SBDG,-45.23,1.195,2.195,No
7557,Hong Kong Technology Venture Company Limited,HKTVY,-21.6,0.49,0.597,No
7558,"Daiichi Sankyo Company, Limited",DSKYF,-14.87,0.325,0.22,No
7559,Air China Limited,AICAF,-20.94,0.473,1.858,Yes
7560,Alaska Energy Metals Corporation,AKEMF,-31.77,0.765,0.122,Yes
7561,LEG Immobilien SE,LGMMY,-17.86,0.397,1.06,Yes
7562,Liberty Latin America Ltd.,LILAP,-12.63,0.273,,
7563,Nuburu Inc,BURUD,-67.06,2.153,8.95,Yes
7564,"Nuburu, Inc.",BURU,-67.06,2.153,8.95,Yes
7565,Dassault Systèmes SE,DASTF,-18.25,0.405,1.531,Yes
7566,Sidney Resources Corp.,SDRC,-41.77,1.073,2.413,Yes
7567,Amplifon S.p.A.,AMFPF,-21.47,0.485,2.452,Yes
7568,Chalice Mining Limited,CGMLF,-28.51,0.67,2.454,Yes
7569,Nicholas Nuclear Income ETF,NUKX,-17.73,0.391,1.987,Yes
7570,"Genesis Holdings, Inc.",GNIS,-65.95,2.083,2.129,Yes
7571,Perpetual Limited,PPTTF,-8.78,0.185,0.554,Yes
7572,Carl Zeiss Meditec AG,CZMWY,-18.64,0.413,0.866,Yes
7573,"NEXON Co., Ltd.",NEXOF,-24.53,0.561,0.677,Yes
7574,Nicola Mining Inc.,HUSIF,-24.01,0.547,0.518,Yes
7575,Humm Group Limited,HUMGF,-20.51,0.458,0.72,Yes
7576,Prairie Provident Resources Inc.,PRPRF,-38.72,0.966,1.737,Yes
7577,"Gold River Productions, Inc.",GRPS,-43.45,1.12,2.705,Yes
7578,"MiNK Therapeutics, Inc.",INKT,-16.94,0.37,1.52,Yes
7579,Questor Technology Inc.,QUTIF,-39.89,1.002,0.092,No
7580,Runway Growth Finance Corp.,RWAY,-17.98,0.395,0.933,Yes
7581,Fulton Financial Corporation,FULTP,-4.81,0.099,0.41,Yes
7582,CGI Inc.,GIB,-13.2,0.283,0.276,No
7583,"Ameresco, Inc.",AMRC,-25.39,0.581,3.113,Yes
7584,Kumba Iron Ore Limited,KIROY,-11.62,0.246,0.734,Yes
7585,The Connecticut Light and Power Company,CNLHP,-4.41,0.09,0.236,No
7586,Beetaloo Energy Australia Limited,EEGUF,-19.55,0.432,1.001,No
7587,Judges Scientific plc,JSCIF,-25.84,0.591,2.358,Yes
7588,"Tokyo Electric Power Company Holdings, Incorporated",TKECY,-25.25,0.573,0.27,No
7589,China Gas Holdings Limited,CGHLY,-21.09,0.467,0.271,No
7590,Getchell Gold Corp.,GGLDF,-21.45,0.476,1.325,Yes
7591,Black Iron Inc.,BKIRF,-18.14,0.396,1.493,Yes
7592,"BrightView Holdings, Inc.",BV,-14.63,0.313,0.357,Yes
7593,Genius Sports Limited,GENI,-28.92,0.669,2.13,Yes
7594,"JL Mag Rare-Earth Co., Ltd.",JMREY,-18.27,0.398,0.011,No
7595,"Affiliated Managers Group, Inc.",MGRD,-4.39,0.089,0.359,Yes
7596,Concentrix Corporation,CNXC,-24.3,0.545,0.892,Yes
7597,MakeMyTrip Limited,MMYT,-27.39,0.625,2.638,Yes
7598,Chrysos Corporation Limited,CHRCF,-13.88,0.293,1.086,No
7599,Zenvia Inc.,ZENVF,-65.89,2.025,9.742,No
7600,ICZOOM Group Inc.,IZM,-65.89,2.025,2.624,No
7601,Twin Vee Powercats Co.,VEEE,-62.04,1.829,0.162,Yes
7602,Local Bounti Corporation,LOCL,-47.23,1.223,7.049,Yes
7603,"Kinsale Capital Group, Inc.",KNSL,-10.8,0.224,0.102,No
7604,Red Canyon Resources Ltd.,REDRF,-28.69,0.654,1.867,Yes
7605,Regentis Biomaterials Ltd.,RGNT,-55.62,1.541,0.495,No
7606,Masivo Silver Corp.,GNYPF,-41.69,1.032,0.982,Yes
7607,Daura Gold Corp.,DGCOF,-39.47,0.962,14.25,Yes
7608,"Retractable Technologies, Inc.",RVP,-11.82,0.245,0.26,Yes
7609,"ETAO International Co., Ltd.",ETAOF,-37.08,0.888,3.268,Yes
7610,"China Vanke Co., Ltd.",CHVKY,-46.41,1.188,0.596,No
7611,Eagle Materials Inc.,EXP,-14.21,0.297,1.229,Yes
7612,Ferrexpo plc,FEEXF,-31.4,0.723,1.801,No
7613,Smith Douglas Homes Corp.,SDHC,-24.52,0.541,0.646,Yes
7614,Greenland Mines Ltd,GRML,-54.88,1.498,2.955,Yes
7615,Eurazeo SE,EUZOF,-16.54,0.349,1.945,Yes
7616,TOTVS S.A.,TTVSY,-15.22,0.319,0.91,Yes
7617,Tsingtao Brewery Company Limited,TSGTF,-21.59,0.467,1.48,Yes
7618,"Brighthouse Financial, Inc.",BHFAL,-6.61,0.132,0.483,Yes
7619,Western Asset Investment Grade Income Fund Inc.,PAI,-2.92,0.057,0.243,Yes
7620,"Shanghai Pharmaceuticals Holding Co., Ltd",SHPMY,-8.99,0.182,0.107,No
7621,ENN Energy Holdings Limited,XNGSY,-16.59,0.349,0.107,Yes
7622,"QS Energy, Inc.",QSEP,-40.31,0.978,0.068,No
7623,Neometals Ltd,NMTAY,-42.43,1.045,1.036,No
7624,Champion Iron Limited,CIAFF,-15.2,0.317,0.089,Yes
7625,The Kroger Co.,KR,-11.53,0.236,0.807,No
7626,"Health Catalyst, Inc.",HCAT,-31.35,0.715,0.805,Yes
7627,Alaska Silver Corp.,WAMFF,-26.26,0.58,0.049,No
7628,"KRTL Holding Group, Inc.",KRTL,-40.34,0.972,2.997,Yes
7629,"APT Systems, Inc.",APTY,-28.33,0.631,0.946,Yes
7630,Sunlands Technology Group,STG,-46.04,1.152,3.358,Yes
7631,"Grifols, S.A.",GIKLY,-15.94,0.33,1.386,Yes
7632,Charter Hall Social Infrastructure REIT,FKKEF,-5.69,0.112,0.038,Yes
7633,"Elray Resources, Inc.",ELRA,-27.94,0.618,1.236,Yes
7634,Subaru Corporation,FUJHF,-15.61,0.322,0.221,Yes
7635,"Northwest Biotherapeutics, Inc.",NWBO,-23.11,0.496,1.3,Yes
7636,Federal Agricultural Mortgage Corporation,AGM-PG,-4.09,0.079,0.21,Yes
7637,Guardian Metal Resources PLC,GMTL,-36.74,0.857,1.257,Yes
7638,"Nxera Pharma Co., Ltd.",SOLTF,-18.41,0.384,1.961,Yes
7639,Largo Inc.,LGO,-36.54,0.849,1.478,Yes
7640,Syrah Resources Limited,SRHYY,-37.83,0.886,0.504,No
7641,American Battery Technology Company,ABAT,-32.12,0.724,3.661,Yes
7642,Invesco Bond Fund,VBF,-2.5,0.048,0.161,Yes
7643,EnWave Corporation,NWVCF,-18.49,0.384,0.73,Yes
7644,Northern Data AG,NDTAF,-35.94,0.829,2.412,Yes
7645,SusGlobal Energy Corp.,SNRG,-49.75,1.266,0.481,Yes
7646,Recordati Industria Chimica e Farmaceutica S.p.A.,RCDTF,-8.85,0.175,0.329,Yes
7647,ProShares Ultra TSLA,TSLI,-34.87,0.797,2.695,Yes
7648,"Zhejiang Expressway Co., Ltd.",ZHEXF,-11.62,0.232,0.043,No
7649,Alibaba Group Holding Limited,BABAF,-23.56,0.501,1.914,Yes
7650,"BlackRock Corporate High Yield Fund, Inc.",HYT,-4.0,0.077,0.347,Yes
7651,West Japan Railway Company,WJRYF,-16.17,0.33,0.182,Yes
7652,Stratasys Ltd.,SSYS,-24.29,0.518,2.634,Yes
7653,"Mundus Group, Inc.",MNDP,-20.62,0.43,2.007,Yes
7654,Brookfield Corporation,BN,-8.98,0.176,1.133,Yes
7655,Enghouse Systems Limited,EGHSF,-12.0,0.239,0.982,Yes
7656,hVIVO plc,OPORF,-33.55,0.754,0.428,No
7657,"StubHub Holdings, Inc.",STUB,-41.83,0.993,3.604,Yes
7658,"Take-Two Interactive Software, Inc.",TTWO,-13.37,0.267,0.681,Yes
7659,"Ryan Specialty Holdings, Inc.",RYAN,-20.02,0.414,0.379,Yes
7660,Oregen Energy Corp.,ORGEF,-36.7,0.84,1.499,Yes
7661,Base Carbon Inc.,BCBNF,-22.81,0.479,2.161,Yes
7662,Liberty Capital Corporation,GLIBA,-22.23,0.465,0.953,No
7663,"Aeon Co., Ltd.",AONNY,-24.4,0.515,0.54,No
7664,Bank of America Corporation,BAC-PM,-4.07,0.077,0.297,Yes
7665,"Aberdeen India Fund, Inc.",IFN,-10.11,0.197,0.898,Yes
7666,Vitrolife AB (publ),VTRLY,-26.76,0.572,0.344,Yes
7667,Compass Group PLC,CMPGF,-9.76,0.19,0.676,Yes
7668,State Street SPDR Portfolio Nasdaq 100 ETF,QNDX,-13.33,0.264,,
7669,Air China Limited,AIRYY,-22.06,0.458,1.626,Yes
7670,Stryker Corporation,SYK,-10.81,0.211,0.133,Yes
7671,Bayridge Resources Corp.,BYRRF,-35.14,0.789,2.998,Yes
7672,"Mitsubishi Heavy Industries, Ltd.",MHVIY,-34.25,0.765,0.232,No
7673,Power REIT,PW,-21.54,0.446,0.818,No
7674,Hancock Whitney Corporation - 6,HWCPZ,-6.57,0.126,0.537,Yes
7675,Perusahaan Perseroan (Persero) PT Telekomunikasi Indonesia Tbk,TLKMF,-20.27,0.415,1.538,Yes
7676,Wells Fargo & Company,WFC-PD,-3.88,0.073,0.1,Yes
7677,Australian Silica Quartz Group Ltd.,BXRDF,-42.84,1.011,1.869,Yes
7678,"Humacyte, Inc.",HUMA,-44.79,1.072,6.337,Yes
7679,PT Bank Rakyat Indonesia (Persero) Tbk,BKRKY,-13.93,0.275,0.227,Yes
7680,"Medalist Diversified, Inc.",MDRR,-8.33,0.16,0.089,Yes
7681,StorageVault Canada Inc.,SVAUF,-10.97,0.213,0.419,Yes
7682,High Templar Tech Limited,HTT,-29.5,0.635,3.772,Yes
7683,Suntory Beverage & Food Limited,STBFY,-9.05,0.174,0.242,Yes
7684,Sony Group Corporation,SNEJF,-16.65,0.333,0.916,Yes
7685,Bank of America Corporation,BAC-PN,-4.38,0.082,0.274,Yes
7686,Orora Limited,ORRAF,-18.06,0.362,0.887,No
7687,"Wialan Technologies, Inc.",WLAN,-22.72,0.468,0.953,No
7688,KeyCorp,KEY-PJ,-5.34,0.1,0.193,Yes
7689,Nanosonics Limited,NNCSF,-24.54,0.51,1.851,Yes
7690,DoubleLine Opportunistic Credit Fund,DBL,-1.67,0.031,0.083,Yes
7691,DTE Energy Company JR SUB DB 2017 E,DTW,-6.93,0.13,0.642,Yes
7692,A.G. BARR p.l.c.,BAGFF,-5.68,0.106,0.077,No
7693,Olin Corporation,OLN,-22.59,0.461,1.232,No
7694,KKR Group Finance Co. IX LLC 4.,KKRS,-6.66,0.125,0.518,Yes
7695,Argo Corporation,ARGHF,-23.72,0.487,0.41,Yes
7696,"Boss Holdings, Inc.",BSHI,-12.37,0.238,0.286,No
7697,GT Resources Inc.,CGTRF,-24.83,0.512,0.893,Yes
7698,"Onterris, Inc.",ONT,-29.89,0.635,0.816,No
7699,GZ6G Technologies Corp.,GZIC,-36.69,0.813,0.277,No
7700,"Academy Sports and Outdoors, Inc.",ASO,-12.31,0.236,0.132,No
7701,"Entergy Utility Group, Inc. 1ST MTG 5% 52",ENJ,-4.49,0.083,0.283,Yes
7702,"The Hain Celestial Group, Inc.",HAIN,-38.18,0.85,1.96,Yes
7703,Ecolomondo Corporation,ECLMF,-27.17,0.564,0.585,Yes
7704,Experian plc,EXPGY,-15.0,0.291,0.389,Yes
7705,Compagnie de l'Odet,FCODF,-11.11,0.211,0.793,Yes
7706,XBiotech Inc.,XBIT,-12.4,0.237,0.418,Yes
7707,"Newton Golf Company, Inc.",NWTG,-25.79,0.529,1.758,No
7708,Stockland,STKAF,-19.06,0.375,1.32,Yes
7709,Alstom SA,ALSMY,-22.18,0.442,1.237,No
7710,Borussia Dortmund GmbH & Co. Kommanditgesellschaft auf Aktien,BORUF,-9.4,0.175,0.675,Yes
7711,Autoscope Technologies Corporation,AATC,-6.52,0.12,0.454,Yes
7712,PTC Inc.,PTC,-19.78,0.388,0.431,Yes
7713,Lithium Americas Corp.,LAC,-34.5,0.737,4.091,Yes
7714,"RB Global, Inc.",RBA,-18.21,0.353,0.569,Yes
7715,RADCOM Ltd.,RDCM,-24.07,0.482,1.843,Yes
7716,Cohen & Steers Tax-Advantaged Preferred Securities and Income Fund,PTA,-5.08,0.092,0.542,Yes
7717,Minsud Resources Corp.,MDSQF,-17.82,0.344,0.11,Yes
7718,All Things Mobile Analytic Inc.,ATMH,-20.48,0.401,0.513,Yes
7719,"Telephone and Data Systems, Inc.",TDS,-12.76,0.24,0.457,Yes
7720,"Lifeline Biotechnologies, Inc.",LLBO,-33.36,0.704,3.016,Yes
7721,Eaton Vance Limited Duration Income Fund,EVV,-2.89,0.052,0.194,Yes
7722,Bank of America Corporation,BAC-PE,-9.31,0.172,0.761,Yes
7723,Direxion Daily Technology Top 5 Bear 2X ETF,TTXD,-32.56,0.682,3.815,No
7724,Bank of America Corporation,BAC-PS,-4.74,0.085,0.32,Yes
7725,Winland Holdings Corporation,WELX,-27.3,0.553,0.737,Yes
7726,"GMO Payment Gateway, Inc.",GMYTF,-11.91,0.222,0.716,Yes
7727,"Odyssey Marine Exploration, Inc.",OMEX,-40.01,0.878,4.894,Yes
7728,Tuya Inc.,TUYA,-18.97,0.366,0.185,Yes
7729,"Affiliated Managers Group, Inc.",MGRB,-6.36,0.115,0.433,Yes
7730,Nevada Canyon Gold Corp.,NGLD,-28.19,0.573,1.526,Yes
7731,Parex Resources Inc.,PAEXY,-13.08,0.244,1.622,No
7732,Stamper Oil & Gas Corp.,STMGF,-40.55,0.892,1.113,Yes
7733,The FUTR Corporation,FTRCF,-38.53,0.833,3.863,Yes
7734,Husqvarna AB (publ),HSQVY,-20.22,0.39,2.119,Yes
7735,Vindicator Silver Lead Mining Co.,VINS,-44.55,1.001,1.885,No
7736,"TriLinc Global Impact Fund, LLC",TRLC,-16.39,0.309,0.687,Yes
7737,"Rakuten Group, Inc.",RKUNF,-18.75,0.358,1.833,Yes
7738,Maris-Tech Ltd.,MTEK,-31.26,0.641,0.949,Yes
7739,Greystone Housing Impact Investors LP,GHI,-26.45,0.527,1.864,Yes
7740,"BitGo Holdings, Inc.",BTGO,-45.76,1.036,2.142,Yes
7741,"Cal-Maine Foods, Inc.",CALM,-12.65,0.233,0.114,No
7742,Amdocs Limited,DOX,-18.19,0.345,0.659,Yes
7743,Vossloh AG,VOSSF,-14.46,0.268,0.893,Yes
7744,Icade,CDMGF,-11.65,0.213,0.199,No
7745,Huntington Bancshares Incorporated,HBANP,-5.15,0.091,0.249,Yes
7746,Dino Polska S.A.,DNOPY,-17.58,0.331,0.472,Yes
7747,Dynasty Gold Corp.,DGDCF,-27.28,0.541,1.411,Yes
7748,KR1 Plc,KROEF,-42.47,0.929,2.839,Yes
7749,DroneShield Limited,DRSHF,-44.1,0.976,0.514,No
7750,NOA Lithium Brines Inc.,NLIBF,-24.47,0.477,2.939,Yes
7751,Arch Capital Group Ltd.,ACGLN,-7.27,0.129,0.385,Yes
7752,Shangri-La Asia Limited,SHALY,-6.26,0.111,0.3,No
7753,"Avaí Bio, Inc.",AVAI,-44.85,0.994,1.433,Yes
7754,ClearVue Technologies Limited,CVUEF,-33.82,0.695,1.776,Yes
7755,Mount Logan Capital Inc. 8.00% Notes Due 2031,MLCIL,-3.25,0.056,0.1,Yes
7756,KeyCorp,KEY-PK,-6.03,0.106,0.114,Yes
7757,"Aligos Therapeutics, Inc.",ALGS,-31.52,0.638,0.94,No
7758,Galaxy Entertainment Group Limited,GXYYY,-15.34,0.283,0.002,Yes
7759,"PGIM High Yield Bond Fund, Inc.",ISD,-6.87,0.121,0.526,Yes
7760,"GPGI, Inc.",GPGI,-29.03,0.577,0.339,No
7761,ValOre Metals Corp.,KVLQF,-25.02,0.485,0.893,Yes
7762,"Leidos Holdings, Inc.",LDOS,-21.39,0.405,0.368,Yes
7763,Signify N.V.,SFFYF,-23.34,0.446,2.546,Yes
7764,Navient Corporation,NAVI,-20.17,0.378,0.917,Yes
7765,"Grupo Herdez, S.A.B. de C.V.",GUZOF,-18.84,0.35,0.646,No
7766,BYD Electronic (International) Company Limited,BYDIF,-25.77,0.498,1.263,Yes
7767,Geomega Resources Inc.,GOMRF,-24.18,0.463,1.184,Yes
7768,RH,RH,-22.33,0.423,0.458,Yes
7769,"Badger Meter, Inc.",BMI,-19.94,0.373,1.357,No
7770,"Baidu, Inc.",BIDU,-23.12,0.439,1.667,Yes
7771,"Newmark Group, Inc.",NMRK,-15.52,0.283,0.133,Yes
7772,Christina Lake Cannabis Corp.,CLCFF,-27.96,0.544,1.357,Yes
7773,"Arbor Realty Trust, Inc.",ABR-PE,-7.9,0.138,0.547,Yes
7774,"MercadoLibre, Inc.",MELI,-15.4,0.279,0.436,Yes
7775,Criteo S.A.,CRTO,-19.07,0.352,0.054,Yes
7776,"Akeso, Inc.",AKESF,-24.27,0.461,0.532,No
7777,Cochlear Limited,CHEOF,-33.97,0.685,1.178,No
7778,Imerys S.A.,IMYSF,-15.45,0.279,1.199,Yes
7779,"Canadian Tire Corporation, Limited",CDNTF,-13.41,0.24,0.291,Yes
7780,CMS Energy Corporation 5.875% J,CMSC,-5.98,0.103,0.507,Yes
7781,Caro Holdings Inc.,CAHO,-26.38,0.507,1.769,Yes
7782,"Redwood Trust, Inc.",RWT,-11.07,0.196,0.015,No
7783,Lerøy Seafood Group ASA,LYSFF,-12.43,0.221,0.114,No
7784,"Urban One, Inc.",UONEK,-31.41,0.621,0.503,Yes
7785,Birkenstock Holding plc,BIRK,-19.86,0.366,1.288,Yes
7786,"United Health Products, Inc.",UEEC,-35.95,0.729,3.181,Yes
7787,"Fidelity National Financial, Inc.",FNF,-16.11,0.29,0.756,Yes
7788,Token Cat Limited,TC,-54.93,1.281,1.406,Yes
7789,Amarin Corporation plc,AMRN,-14.05,0.25,0.157,No
7790,Subaru Corporation,FUJHY,-16.36,0.294,0.345,Yes
7791,Sylvamo Corporation,SLVM,-14.19,0.252,0.207,Yes
7792,Winning Brands Corporation,WNBD,-66.47,1.73,1.406,No
7793,Kanzhun Limited,BZ,-21.74,0.402,0.864,Yes
7794,"Labor Smart, Inc.",LTNC,-62.3,1.55,3.619,No
7795,Liberty Capital Corporation,GLIBK,-24.26,0.454,1.125,No
7796,Resilient Healthcare Corp,RSLT,-54.06,1.246,4.301,No
7797,"Grupo Aeroportuario del Sureste, S. A. B. de C. V.",ASRMF,-18.54,0.336,0.018,No
7798,Evolution Metals & Technologies Corp.,EMAT,-41.75,0.872,1.311,Yes
7799,"Cardiff Oncology, Inc.",CRDF,-37.82,0.767,1.971,Yes
7800,Perusahaan Perseroan (Persero) PT Telekomunikasi Indonesia Tbk,TLK,-14.72,0.26,0.077,No
7801,"Giftify, Inc.",GIFT,-19.96,0.363,0.325,Yes
7802,Valneva SE,VALN,-35.82,0.716,1.505,Yes
7803,monday.com Ltd.,MNDY,-35.81,0.715,1.482,Yes
7804,Regal Real Estate Investment Trust,RREIF,-43.19,0.906,1.802,Yes
7805,"IO Biotech, Inc.",IOBTQ,-85.46,2.92,2.146,No
7806,Six Flags Entertainment Corporation,FUN,-26.85,0.505,0.834,Yes
7807,Aegis Brands Inc.,SCUPF,-15.1,0.266,0.136,Yes
7808,On Holding AG,ONON,-26.54,0.497,1.426,Yes
7809,"HighTide Therapeutics, Inc.",HTTIF,-14.3,0.25,0.538,No
7810,Forvia SE,FURCF,-22.79,0.417,1.031,Yes
7811,"Shanghai Junshi Biosciences Co., Ltd.",SHJBF,-18.05,0.32,0.523,Yes
7812,"SVRN, Inc.",SVRN,-44.27,0.923,3.894,Yes
7813,"Baidu, Inc.",BAIDF,-24.09,0.441,1.343,Yes
7814,Prestige Consumer Healthcare Inc.,PBH,-15.46,0.27,0.238,No
7815,AtkinsRéalis Group Inc.,SNCAF,-14.62,0.253,0.466,Yes
7816,"Myriad Genetics, Inc.",MYGN,-40.54,0.82,0.448,Yes
7817,GCL Technology Holdings Limited,GCPEF,-28.77,0.539,0.578,Yes
7818,"Resideo Technologies, Inc.",REZI,-28.69,0.536,0.94,Yes
7819,"SOHM, Inc.",SHMN,-29.35,0.551,1.393,Yes
7820,Huize Holding Limited,HUIZ,-40.32,0.813,4.086,Yes
7821,PT Bank Central Asia Tbk,PBCRY,-15.51,0.269,0.485,No
7822,"TOMI Environmental Solutions, Inc.",TOMZ,-35.49,0.692,3.741,Yes
7823,Dominion Lending Centres Inc.,BRLGF,-15.98,0.278,0.111,Yes
7824,"Maui Land & Pineapple Company, Inc.",MLP,-13.95,0.24,0.327,Yes
7825,BKW AG,BKWAF,-13.74,0.236,0.732,Yes
7826,Burcon NutraScience Corporation,BRCNF,-28.6,0.533,1.325,Yes
7827,"O'Reilly Automotive, Inc.",ORLY,-16.05,0.278,0.163,Yes
7828,Scout24 SE,SCCTY,-21.49,0.383,0.767,Yes
7829,Ingenia Communities Group,INGEF,-24.28,0.44,2.147,Yes
7830,"Cermetek Microelectronics, Inc.",CRMK,-46.46,0.973,2.24,No
7831,Siemens Healthineers AG,SMMNY,-14.9,0.256,0.465,Yes
7832,"Certara, Inc.",CERT,-26.63,0.488,1.16,Yes
7833,Oracle Corporation,ORCL,-36.04,0.7,2.596,Yes
7834,Brookfield Wealth Solutions Ltd.,BNT,-9.23,0.154,0.911,Yes
7835,Erdene Resource Development Corporation,ERDCF,-29.64,0.552,1.294,Yes
7836,Schindler Holding AG,SHLRF,-11.82,0.199,0.536,Yes
7837,Schindler Holding AG,SHLAF,-9.66,0.161,0.444,Yes
7838,Austin Engineering Limited,AUSTF,-28.28,0.521,1.641,Yes
7839,Chagee Holdings Limited,CHA,-21.77,0.386,2.505,Yes
7840,Dino Polska S.A.,DNOPF,-25.13,0.454,1.656,Yes
7841,"Global Seafood Technologies, Inc.",GSFD,-25.37,0.459,1.025,No
7842,"Daiichi Sankyo Company, Limited",DSNKY,-17.51,0.303,0.086,Yes
7843,Nihon Kohden Corporation,NHNKY,-17.15,0.296,0.645,Yes
7844,PPK Group Limited,PLPKF,-18.43,0.32,0.088,No
7845,"Yatra Online, Inc.",YTRA,-24.2,0.434,0.045,Yes
7846,KION GROUP AG,KIGRY,-20.13,0.352,1.054,Yes
7847,Four Seasons Education (Cayman) Inc.,FEDU,-25.96,0.47,0.265,Yes
7848,Tri-Continental Corporation PFD $2.50,TY-P,-3.2,0.051,0.029,Yes
7849,Northern Minerals Limited,NOURF,-36.31,0.7,2.889,Yes
7850,"Bluerock Homes Trust, Inc.",BHM,-23.38,0.415,1.397,No
7851,Mapletree Logistics Trust,MAPGF,-17.75,0.305,1.131,Yes
7852,Pinnacle Bank,PBNK,-10.44,0.172,0.298,Yes
7853,"Rare Earths Americas, Inc.",REA,-62.54,1.482,21.293,Yes
7854,Karman Holdings Inc.,KRMN,-34.52,0.653,0.355,No
7855,BluMetric Environmental Inc.,BLMWF,-24.73,0.441,1.024,Yes
7856,Somnigroup International Inc.,SGI,-19.9,0.345,0.53,Yes
7857,"Broadridge Financial Solutions, Inc.",BR,-19.78,0.343,0.404,Yes
7858,FST Corp.,KBSX,-25.83,0.463,0.218,Yes
7859,Mahindra & Mahindra Limited,MAHMF,-13.16,0.22,0.665,Yes
7860,Hillman Solutions Corp.,HLMN,-15.0,0.253,0.307,No
7861,Good Vibrations Shoes Inc.,GVSI,-66.47,1.636,5.452,No
7862,Yelp Inc.,YELP,-24.07,0.426,0.174,No
7863,"60 Degrees Pharmaceuticals, Inc.",SXTP,-62.04,1.455,2.018,Yes
7864,Sanderson Design Group plc,WKGBF,-23.75,0.419,1.008,No
7865,"Keros Therapeutics, Inc.",KROS,-25.22,0.448,1.198,Yes
7866,Wells Fargo & Company,WFC-PY,-5.06,0.081,0.313,Yes
7867,Bank of America Corporation,BAC-PQ,-4.45,0.071,0.287,Yes
7868,Readen Holding Corp.,RHCO,-38.83,0.749,3.52,No
7869,PT Astra International Tbk,PTAIY,-18.22,0.31,0.213,No
7870,Richtech Robotics Inc.,RR,-42.36,0.836,4.044,Yes
7871,Man Wah Holdings Limited,MAWHY,-23.34,0.408,0.646,Yes
7872,Bluerock Private Real Estate Fund,BPRE,-16.61,0.279,0.235,Yes
7873,Tribe Property Technologies Inc.,TRPTF,-25.32,0.445,0.643,No
7874,Mountain Energy Inc,MTEI,-64.9,1.547,3.742,No
7875,AsiaStrategy,SORA,-43.04,0.846,3.354,Yes
7876,YieldmaxTM Ultra Short Option Income Strategy ETF,SLTY,-9.31,0.15,0.81,No
7877,Jun An Kang Group Inc.,IHGP,-73.81,1.949,2.692,No
7878,CitroTech Inc.,CITR,-28.17,0.501,2.044,No
7879,AI Financial Corporation,AIFC,-60.71,1.38,1.322,Yes
7880,Air New Zealand Limited,ANZFF,-21.69,0.371,0.794,Yes
7881,CMS Energy Corporation 5.875% J,CMSD,-6.7,0.106,0.57,Yes
7882,Bank of America Corporation,BAC-PO,-4.93,0.077,0.256,Yes
7883,Ingredion Incorporated,INGR,-12.18,0.197,0.028,Yes
7884,CopperCorp Resources Inc.,CPCPF,-47.63,0.959,1.773,Yes
7885,"M3, Inc.",MTHRF,-21.76,0.37,0.012,Yes
7886,"AVVAA World Health Care Products, Inc.",AVVH,-46.33,0.92,2.263,No
7887,"Global Water Technologies, Inc.",GWTR,-47.17,0.942,0.212,Yes
7888,Douglas Elliman Inc.,DOUG,-29.22,0.516,2.524,Yes
7889,Li Ning Company Limited,LNNGY,-18.47,0.306,0.421,No
7890,"Passage Bio, Inc.",PASG,-35.61,0.653,0.976,No
7891,Stinger Resources Inc.,STNRF,-47.54,0.949,2.118,Yes
7892,"CyberAgent, Inc.",CYGIY,-20.0,0.334,0.863,No
7893,"CrossingBridge Advisors, LLC",ENDI,-8.81,0.139,0.497,Yes
7894,"Hyperscale Data, Inc.",GPUS-PD,-16.8,0.275,0.676,Yes
7895,"Power Solutions International, Inc.",PSIX,-46.65,0.921,1.802,Yes
7896,"C3.ai, Inc.",AI,-30.8,0.545,1.54,Yes
7897,Southern Company (The) Series 2,SOJD,-7.58,0.118,0.56,Yes
7898,Embecta Corp.,EMBC,-43.92,0.848,0.395,No
7899,"PetVivo Holdings, Inc.",PETV,-31.7,0.563,1.671,Yes
7900,HTC Purenergy Inc.,HTPRF,-45.96,0.9,0.135,Yes
7901,GigaMedia Limited,GIGM,-10.17,0.16,0.544,Yes
7902,River Valley Community Bancorp,RVCB,-4.98,0.076,0.011,Yes
7903,Bayerische Motoren Werke Aktiengesellschaft,BMWKY,-21.28,0.353,0.731,Yes
7904,Quantum International Corp,QUAN,-31.78,0.56,2.011,Yes
7905,"Basanite, Inc.",BASA,-31.54,0.555,1.363,No
7906,NCC Group plc,NCCGF,-5.95,0.091,0.109,No
7907,"Recursion Pharmaceuticals, Inc.",RXRX,-25.97,0.441,2.22,Yes
7908,"Lingerie Fighting Championships, Inc.",BOTY,-63.76,1.443,6.398,Yes
7909,NioCorp Developments Ltd.,NB,-31.37,0.549,3.332,Yes
7910,Sterling Metals Corp.,SAGGF,-37.87,0.691,0.07,Yes
7911,NEO Battery Materials Ltd.,NBMFF,-53.09,1.086,0.207,Yes
7912,"The Buckle, Inc.",BKE,-19.11,0.311,0.325,Yes
7913,Ilika plc,ILIKF,-33.6,0.596,3.929,Yes
7914,HMH Holding Inc.,HMH,-21.36,0.352,0.391,Yes
7915,MasterBeef Group,MB,-42.24,0.793,2.761,Yes
7916,West Japan Railway Company,WJRYY,-14.35,0.227,0.702,No
7917,Norwegian Cruise Line Holdings Ltd.,NCLH,-28.99,0.498,0.361,Yes
7918,Kemira Oyj,KOYJF,-12.38,0.194,0.207,No
7919,National Rural Utilities Cooper,NRUC,-7.76,0.119,0.479,Yes
7920,"EV Biologics, Inc.",YECO,-71.4,1.752,0.357,Yes
7921,"Patrick Industries, Inc.",PATK,-17.94,0.289,0.492,No
7922,"Telefónica, S.A.",TEFOF,-18.74,0.303,1.333,Yes
7923,Clinuvel Pharmaceuticals Limited,CLVLF,-21.35,0.35,1.612,No
7924,Nano Labs Ltd,,-46.02,0.884,0.172,No
7925,"TCW Strategic Income Fund, Inc.",TSI,-4.56,0.068,0.319,Yes
7926,Tyro Payments Limited,TYPMF,-8.93,0.137,0.813,No
7927,Melco International Development Limited,MDEVY,-20.39,0.331,0.764,No
7928,xETFs TSLA Daily Income ETF,TYYY,-40.54,0.744,8.003,Yes
7929,"Castellum, Inc.",CTM,-35.31,0.626,3.286,Yes
7930,Pizza Pizza Royalty Corp.,PZRIF,-17.49,0.279,0.283,Yes
7931,Wells Fargo & Company,WFC-PC,-4.29,0.064,0.201,Yes
7932,Vonovia SE,VONOY,-21.49,0.349,1.153,Yes
7933,Coloplast A/S,CLPBF,-17.7,0.282,0.418,Yes
7934,JPMorgan Chase & Co.,JPM-PM,-6.03,0.09,0.379,Yes
7935,American Critical Minerals Corp.,APCOF,-32.95,0.573,1.157,Yes
7936,"Cellev8 Nutrition, Inc.",CELV,-46.85,0.892,0.156,Yes
7937,"Elicio Therapeutics, Inc.",ELTX,-55.26,1.126,1.159,Yes
7938,Abundia Global Impact Group Inc,AGIG,-59.1,1.247,2.104,Yes
7939,Keppel REIT,KREVF,-19.48,0.311,0.668,Yes
7940,3 E Network Technology Group Limited,MASK,-73.82,1.833,4.938,Yes
7941,"Grove Collaborative Holdings, Inc.",GROV,-29.91,0.506,0.165,No
7942,AIR Global PLC,AIIR,-23.91,0.39,0.201,No
7943,DBA Sempra 5.750% Junior Subord,SREA,-7.22,0.108,0.526,Yes
7944,Cyphaira Corp.,CYPA,-35.1,0.612,0.718,No
7945,"Southern BancShares (N.C.), Inc.",SBNCM,-11.45,0.174,0.094,Yes
7946,Pacific Valley Bancorp,PVBK,-9.87,0.149,0.182,No
7947,1RT Acquisition Corp.,ONCHU,-1.23,0.018,0.047,Yes
7948,"Reviva Pharmaceuticals Holdings, Inc.",RVPH,-67.91,1.561,4.011,Yes
7949,Timothy Plan Fixed Income ETF,TPFI,-1.95,0.028,0.109,Yes
7950,"Zscaler, Inc.",ZS,-30.97,0.525,0.789,Yes
7951,Fraport AG,FPRUY,-13.97,0.215,0.632,No
7952,Shoe Station Group Inc.,SHOE,-27.23,0.451,2.029,Yes
7953,Capital B,CPTLF,-28.83,0.481,5.422,Yes
7954,Medline Inc.,MDLN,-20.09,0.319,0.479,No
7955,"Arbor Realty Trust, Inc.",ABR-PD,-7.94,0.118,0.36,Yes
7956,Bilibili Inc.,BILI,-35.39,0.614,0.382,Yes
7957,Direxion Daily Silver Bull 2X ETF,USLV,-57.3,1.175,17.007,Yes
7958,Starbox Group Holdings Ltd.,STBXF,-87.82,2.76,1.46,No
7959,Howard Hughes Holdings Inc.,HHH,-20.05,0.317,0.509,Yes
7960,"Sound Point Meridian Capital, Inc.",SPMC,-25.68,0.419,2.008,Yes
7961,Federal National Mortgage Association,FNMFM,-35.63,0.618,2.382,Yes
7962,"ZOZO, Inc.",SRTTY,-19.04,0.299,0.316,No
7963,Corebridge Financial Inc. 6.375,CRBD,-7.31,0.108,0.369,Yes
7964,"Medley, Inc.",MDLYF,-16.42,0.254,0.335,Yes
7965,Provenance Gold Corp.,PVGDF,-28.6,0.473,1.108,Yes
7966,Mobivity Holdings Corp.,MFON,-64.56,1.415,8.788,Yes
7967,FDJ United,LFDJF,-14.42,0.22,0.512,Yes
7968,Shurgard Self Storage Ltd,SSSAF,-22.0,0.35,1.177,Yes
7969,"Reborn Coffee, Inc.",REBN,-38.39,0.674,1.134,Yes
7970,Calamos Long/Short Equity & Dynamic Income Term Trust,CPZ,-8.31,0.123,0.273,Yes
7971,"Crescent Capital BDC, Inc.",CCAP,-16.57,0.255,0.481,Yes
7972,"M3, Inc.",MTHRY,-28.05,0.458,0.573,No
7973,Vistry Group PLC,BVHMY,-38.1,0.663,1.717,Yes
7974,Schweiter Technologies AG,SCWTF,-36.91,0.637,3.268,Yes
7975,Vontier Corporation,VNT,-20.83,0.326,0.185,No
7976,Morgan Stanley,MS-PA,-7.74,0.113,0.408,Yes
7977,"Luvu Brands, Inc.",LUVU,-33.42,0.563,0.173,No
7978,Digital Asset Technologies Inc.,DGTEF,-66.2,1.459,0.875,Yes
7979,Tema Photonics & Optical ETF,LAZR,-51.45,0.986,,
7980,"FTC Solar, Inc.",FTCI,-49.6,0.936,4.853,Yes
7981,Uni-President China Holdings Ltd,UPCHY,-11.25,0.167,0.168,No
7982,"Evolv Technologies Holdings, Inc.",EVLV,-27.09,0.438,0.66,Yes
7983,Westpac Banking Corporation,WBKCY,-29.01,0.474,1.798,No
7984,FendX Technologies Inc.,FDXTF,-59.77,1.231,1.502,No
7985,First Pacific Company Limited,FPAFF,-14.39,0.216,0.497,Yes
7986,FS Credit Opportunities Corp.,FSCO,-14.44,0.217,0.299,Yes
7987,"Black Diamond Therapeutics, Inc.",BDTX,-36.27,0.617,2.473,Yes
7988,Playgon Games Inc.,PLGNF,-44.19,0.795,3.468,Yes
7989,"Sunrise Realty Trust, Inc.",SUNS,-18.59,0.284,1.015,Yes
7990,Pilgrim's Pride Corporation,PPC,-20.96,0.324,0.446,No
7991,ECARX Holdings Inc.,ECX,-38.14,0.654,3.014,Yes
7992,Electrolux Professional AB (publ),ECTXF,-18.22,0.277,0.605,No
7993,Infosys Limited,INFY,-21.03,0.325,0.161,Yes
7994,Orthofix Medical Inc.,OFIX,-30.74,0.502,0.143,No
7995,enGene Therapeutics Inc.,ENGN,-48.78,0.903,0.238,No
7996,CAR Group Limited,CRSLF,-18.98,0.289,0.318,Yes
7997,Silynxcom Ltd.,SYNX,-34.02,0.566,2.542,Yes
7998,Pensana Plc,PNSPF,-35.04,0.586,2.049,Yes
7999,CI Games SE,CIGMF,-39.56,0.682,2.413,Yes
8000,Arbe Robotics Ltd.,ARBE,-47.66,0.871,5.588,Yes
8001,PermRock Royalty Trust,PRT,-33.72,0.559,1.349,No
8002,"Artivion, Inc.",AORT,-30.05,0.486,0.926,No
8003,TravelSky Technology Limited,TSYHF,-19.55,0.298,0.189,Yes
8004,"Cyberloq Technologies, Inc.",CLOQ,-29.52,0.476,0.77,No
8005,Jumia Technologies AG,JMIA,-33.23,0.546,1.592,Yes
8006,Regent Pacific Group Limited,RPGLF,-54.72,1.054,3.68,Yes
8007,"MIND Technology, Inc.",MIND,-38.04,0.645,0.795,No
8008,Anfield Energy Inc.,AEC,-46.53,0.838,0.944,Yes
8009,The Carlyle Group Inc.,CG,-19.15,0.29,0.318,Yes
8010,Sangoma Technologies Corporation,SANG,-18.21,0.274,0.919,Yes
8011,Azimut Exploration Inc.,AZMTF,-27.84,0.442,1.395,Yes
8012,"The Home Depot, Inc.",HD,-16.54,0.246,0.32,Yes
8013,"Trade School Go, Inc.",TSGO,-58.42,1.159,3.31,No
8014,TVB Limited,TVBCY,-27.0,0.424,1.59,Yes
8015,"Lineage Cell Therapeutics, Inc.",LCTX,-30.42,0.488,0.153,Yes
8016,Temas Resources Corp.,TMASF,-44.64,0.787,2.341,Yes
8017,Microsectors -3x Short Artificial Intelligence,AIQD,-65.03,1.371,,
8018,AUB Group Limited,AUBBF,-23.03,0.353,1.359,Yes
8019,Stellus Capital Investment Corporation,SCM,-22.64,0.346,0.981,Yes
8020,Worley Limited,WYGPY,-20.67,0.312,1.239,Yes
8021,CSP Inc.,CSPI,-26.82,0.42,1.473,Yes
8022,"Accendra Health, Inc.",ACH,-56.64,1.099,2.554,Yes
8023,Signify N.V.,PHPPY,-26.74,0.418,1.839,Yes
8024,"Enveric Biosciences, Inc.",ENVB,-66.33,1.415,6.508,Yes
8025,McDonald's Corporation,MCD,-11.56,0.166,0.228,No
8026,Marimaca Copper Corp.,MARIF,-23.67,0.363,1.141,Yes
8027,"KwikClick, Inc.",KWIK,-53.41,1.005,1.769,No
8028,"Pershing Square Holdings, Ltd.",PSHZF,-13.2,0.191,0.711,Yes
8029,Hexis Active Nicotine Engagement ETF,NICO,-7.92,0.112,1.534,No
8030,Maxim Power Corp.,MXGFF,-11.97,0.172,0.05,No
8031,Telos Corporation,TLS,-25.87,0.4,0.994,Yes
8032,"Oncotelic Therapeutics, Inc.",OTLC,-49.47,0.899,3.189,Yes
8033,"BDO Unibank, Inc.",BDOUY,-18.3,0.271,0.714,Yes
8034,Stifel Financial Corp.,SF-PC,-5.62,0.078,0.22,No
8035,"Rocket Companies, Inc.",RKT,-27.07,0.421,0.859,Yes
8036,Pop Mart International Group Limited,PMRTY,-33.51,0.542,2.346,Yes
8037,"Fluidra, S.A.",FLUIF,-17.46,0.257,0.775,No
8038,"SiteOne Landscape Supply, Inc.",SITE,-21.52,0.324,0.194,No
8039,"Armstrong World Industries, Inc.",AWI,-11.21,0.159,0.161,Yes
8040,Aesthetic Medical International Holdings Group Limited,PAIYY,-71.92,1.623,8.457,No
8041,Anbio Biotechnology,NNNN,-59.47,1.171,0.986,Yes
8042,CapitaLand India Trust,ACNDF,-16.85,0.246,0.685,Yes
8043,Alibaba Group Holding Limited,BABA,-31.02,0.49,1.017,Yes
8044,Mobilicom Limited,MOB,-34.16,0.55,2.835,Yes
8045,Vireo Growth Inc.,VREOF,-37.76,0.622,2.051,Yes
8046,JPMorgan Chase & Co.,JPM-PJ,-5.51,0.076,0.293,Yes
8047,Syrah Resources Limited,SYAAF,-40.4,0.676,1.388,Yes
8048,"HubSpot, Inc.",HUBS,-36.73,0.599,0.057,Yes
8049,California Nanotechnologies Corp.,CANOF,-19.66,0.289,0.18,No
8050,Imperial Brands PLC,IMBBF,-18.23,0.265,0.81,No
8051,Pegasystems Inc.,PEGA,-30.72,0.48,0.275,No
8052,Euro Manganese Inc.,EUMNF,-36.07,0.582,0.287,No
8053,"Franklin BSP Realty Trust, Inc.",FBRT,-15.65,0.224,0.799,Yes
8054,Ford Otomotiv Sanayi A.S.,FOVSY,-26.18,0.397,0.411,No
8055,Nemetschek SE,NEMKY,-27.18,0.414,0.356,Yes
8056,RenaissanceRe Holdings Ltd.,RNR-PG,-6.22,0.085,0.373,Yes
8057,"Dogwood Therapeutics, Inc.",DWTX,-52.9,0.964,0.296,Yes
8058,The Allstate Corporation,ALL-PB,-2.13,0.028,0.133,Yes
8059,"Xilio Therapeutics, Inc.",XLO,-22.28,0.328,0.606,No
8060,SiteMinder Limited,SDRMF,-36.77,0.592,3.103,Yes
8061,"RJD Green, Inc.",RJDG,-27.14,0.411,0.755,No
8062,WesCan Energy Corp.,GPIPF,-60.36,1.17,4.297,Yes
8063,"Ascend Wellness Holdings, Inc.",AAWH,-35.08,0.558,2.011,Yes
8064,Fastighets AB Balder (publ),BALDF,-20.27,0.295,0.971,Yes
8065,Bayerische Motoren Werke Aktiengesellschaft,BAMXF,-25.21,0.377,0.825,Yes
8066,"Actinium Pharmaceuticals, Inc.",ATNM,-31.48,0.488,2.243,Yes
8067,Centrus Energy Corp.,LEU,-37.25,0.6,2.328,Yes
8068,"Eve Holding, Inc.",EVEX,-34.63,0.548,3.068,Yes
8069,"Brown & Brown, Inc.",BRO,-20.77,0.302,0.594,No
8070,Arizona Metals Corp.,AZMCF,-52.9,0.955,1.559,No
8071,NetraMark Holdings Inc.,AINMF,-44.94,0.762,1.619,Yes
8072,"Galaxy Gaming, Inc.",GLXZ,-33.96,0.533,0.164,Yes
8073,Appili Therapeutics Inc.,APLIF,-41.83,0.693,3.022,Yes
8074,"Domino's Pizza, Inc.",DPZ,-18.6,0.267,0.261,No
8075,"iMD Companies, Inc.",ICBU,-56.22,1.042,1.463,Yes
8076,GGL Resources Corp.,GGLXF,-52.83,0.948,5.161,No
8077,Nanofilm Technologies International Limited,NNFTF,-11.62,0.16,0.06,Yes
8078,Iochpe-Maxion S.A.,IOCJY,-18.91,0.27,0.259,Yes
8079,Air New Zealand Limited,ANZLY,-30.05,0.458,2.671,Yes
8080,BrainChip Holdings Ltd,BCHPY,-25.91,0.385,1.422,Yes
8081,"Citizens Financial Group, Inc.",CFG-PE,-8.24,0.111,0.297,Yes
8082,Tanke Biosciences Corporation,TNBI,-46.99,0.803,3.01,No
8083,Doseology Sciences Inc.,DOSEF,-69.11,1.453,3.567,No
8084,"Thiogenesis Therapeutics, Corp.",TTIPF,-24.72,0.364,1.322,Yes
8085,Hostelworld Group plc,HSWLF,-16.77,0.236,0.387,Yes
8086,Elite Health Systems Inc.,EHSI,-23.94,0.351,0.281,No
8087,"Cebu Air, Inc.",CEBUF,-48.4,0.835,2.011,No
8088,Simplify VettaFi Private Credit Strategy ETF,PCR,-12.37,0.17,0.589,Yes
8089,Asante Gold Corporation,ASGOF,-46.51,0.787,2.494,Yes
8090,Renatus Tactical Acquisition Corp I,RTAC,-4.16,0.055,0.19,Yes
8091,Dunelm Group plc,DNEMF,-25.97,0.383,1.793,No
8092,Braemar Hotels & Resorts Inc.,BHR,-22.67,0.328,0.725,Yes
8093,Imperial Brands PLC,IMBBY,-14.85,0.206,0.395,No
8094,"Wal-Mart de México, S.A.B. de C.V.",WMMVY,-10.3,0.139,0.202,No
8095,Sun Art Retail Group Limited,SURRY,-29.9,0.45,0.055,Yes
8096,CNFinance Holdings Limited,CNF,-39.24,0.627,0.216,Yes
8097,"Ocean Power Technologies, Inc.",OPTT,-54.04,0.966,2.167,Yes
8098,RELX PLC,RLXXF,-20.28,0.288,0.594,Yes
8099,"Pinterest, Inc.",PINS,-28.62,0.426,0.392,Yes
8100,Amber International Holding Limited,AMBR,-52.23,0.918,0.606,No
8101,JPMorgan Chase & Co.,JPM-PL,-4.96,0.065,0.237,Yes
8102,The Carlyle Group Inc. 4.625% Subordinated Notes due 2061,CGABL,-5.15,0.068,0.062,No
8103,Spotify Technology S.A.,SPOT,-20.74,0.295,0.18,Yes
8104,eDreams ODIGEO S.A.,EDEMY,-33.29,0.509,2.159,Yes
8105,"eHealth, Inc.",EHTH,-57.77,1.065,3.845,Yes
8106,Thomson Reuters Corporation,TRI,-25.54,0.373,0.707,Yes
8107,Konecranes Plc,KNCRF,-46.51,0.779,2.309,Yes
8108,Cochlear Limited,CHEOY,-38.58,0.609,1.396,No
8109,"Floor & Decor Holdings, Inc.",FND,-28.1,0.415,0.518,Yes
8110,Invesco India ETF,IMVP,-11.74,0.158,0.763,Yes
8111,"ERock, Inc.",EROC,-58.76,1.084,,
8112,Bucher Industries AG,BCHHF,-15.08,0.206,0.508,No
8113,DENSO Corporation,DNZOF,-17.38,0.24,0.6,Yes
8114,Turkiye Garanti Bankasi A.S.,TKGBY,-21.93,0.31,0.634,Yes
8115,Sranan Gold Corp.,SRANF,-52.89,0.923,0.654,Yes
8116,Ambu A/S,AMBBY,-22.87,0.325,1.049,Yes
8117,The United Laboratories International Holdings Limited,ULIHF,-32.01,0.479,0.223,Yes
8118,"LegalZoom.com, Inc.",LZ,-34.71,0.529,1.392,Yes
8119,17 Education & Technology Group Inc.,YQ,-43.58,0.705,3.88,Yes
8120,"Kimball Electronics, Inc.",KE,-19.76,0.275,1.207,Yes
8121,"American Financial Group, Inc. ",AFGB,-6.65,0.086,0.396,Yes
8122,Integrated Media Technology Limited,IMTE,-42.74,0.686,0.138,Yes
8123,Vusion S.A.,SRBEF,-34.19,0.517,1.892,Yes
8124,Eagle Point Credit Company,ECC,-22.36,0.315,1.232,Yes
8125,Goliath Resources Limited,GOTRF,-35.38,0.538,1.685,Yes
8126,Summit Therapeutics Inc.,SMMT,-30.22,0.445,0.065,No
8127,Psyched Wellness Ltd.,PSYCF,-40.79,0.643,2.285,Yes
8128,Smith & Nephew plc,SNN,-18.08,0.248,0.134,Yes
8129,Citychamp Watch & Jewellery Group Limited,CEBTF,-35.92,0.546,1.19,Yes
8130,Alliance Witan Plc,ALITF,-9.42,0.123,0.69,No
8131,Cosan S.A.,CSANY,-31.38,0.463,0.182,No
8132,WiseTech Global Limited,WTCHF,-42.76,0.68,1.222,Yes
8133,"Pulmatrix, Inc.",PULM,-52.58,0.902,2.253,Yes
8134,Infrastrutture Wireless Italiane S.p.A.,IFSUF,-31.14,0.457,1.418,Yes
8135,PartnerRe Ltd.,PREJF,-6.08,0.078,0.015,No
8136,VegaShares SpaceX & Beyond Earth ETF,XSPC,-52.97,0.909,,
8137,Erie Indemnity Company,ERIE,-17.36,0.235,0.624,No
8138,Standard BioTools Inc.,LAB,-41.35,0.648,1.747,Yes
8139,"Reddit, Inc.",RDDT,-31.45,0.462,1.695,Yes
8140,"Lyft, Inc.",LYFT,-21.66,0.3,0.699,Yes
8141,Pricer AB (publ),PCRBF,-25.27,0.357,1.083,Yes
8142,CAE Inc.,CAE,-17.83,0.241,0.435,Yes
8143,Reply S.p.A.,RPYTF,-24.21,0.339,0.724,Yes
8144,Timbercreek Financial Corp.,TBCRF,-12.69,0.167,0.209,Yes
8145,Churchill Resources Inc.,CRICF,-60.91,1.119,1.813,Yes
8146,Kelso Technologies Inc.,KIQSF,-29.71,0.43,0.181,Yes
8147,Pernod Ricard SA,PRNDY,-19.77,0.27,0.697,Yes
8148,"C2 Blockchain, Inc.",CBLO,-65.4,1.255,2.271,Yes
8149,Capital One Financial Corporation,COF-PL,-7.36,0.094,0.383,Yes
8150,Geospace Technologies Corporation,GEOS,-57.07,1.007,2.156,No
8151,"PAID, Inc.",PAYD,-18.46,0.249,0.182,Yes
8152,YieldMax RDDT Option Income Str,RDYY,-28.97,0.415,1.616,Yes
8153,TF1 SA,TVFCF,-10.37,0.134,0.306,No
8154,First Pacific Company Limited,FPAFY,-19.34,0.262,0.359,Yes
8155,"JD.com, Inc.",JDCMF,-20.16,0.274,1.227,Yes
8156,RMG ML Sports Holdings,SHOTU,-0.6,0.007,,
8157,Wienerberger AG,WBRBY,-25.63,0.359,1.255,Yes
8158,Zeo Energy Corp.,ZEO,-65.49,1.248,5.96,Yes
8159,ANA Holdings Inc.,ALNPF,-9.12,0.117,0.708,No
8160,Crown Castle Inc.,CCI,-17.52,0.234,1.097,Yes
8161,Westbridge Renewable Energy S.A.,WEGYF,-48.0,0.778,0.586,Yes
8162,Mobileye Global Inc.,MBLY,-34.92,0.515,3.308,Yes
8163,Wells Fargo & Company,WFC-PA,-4.83,0.06,0.118,Yes
8164,"AudioEye, Inc.",AEYE,-39.77,0.606,2.534,Yes
8165,"VNET Group, Inc.",VNET,-36.07,0.536,1.784,Yes
8166,Quanta AI Inc.,DTMXF,-51.88,0.866,2.077,Yes
8167,Aegean Airlines S.A.,AGZNF,-14.0,0.183,0.023,No
8168,Hesai Group,HSAI,-36.7,0.546,1.676,Yes
8169,"Eva Live, Inc.",GOAI,-47.67,0.767,1.068,Yes
8170,"Alsea, S.A.B. de C.V.",ALSSF,-25.95,0.361,0.316,No
8171,Taranis Resources Inc.,TNREF,-42.4,0.655,0.264,Yes
8172,PT Aspirasi Hidup Indonesia Tbk,PHDWY,-33.31,0.484,1.21,No
8173,Bally's Intralot S.A.,IRLTF,-7.82,0.098,0.236,No
8174,WebBeds Group Limited,WEJTY,-43.97,0.685,0.823,Yes
8175,Samsonite Group S.A.,SMSGY,-25.31,0.349,0.703,Yes
8176,Gecina,GECFF,-14.59,0.189,0.881,Yes
8177,Lewis & Clark Bancorp,LWCL,-14.72,0.191,0.703,Yes
8178,"Lowe's Companies, Inc.",LOW,-16.47,0.216,0.249,Yes
8179,YXT.COM Group Holding Limited,YXT,-59.4,1.048,6.195,Yes
8180,STIMCELL ENERGETICS INC.,STME,-37.79,0.561,0.713,Yes
8181,PicS N.V.,PICS,-46.65,0.738,1.989,Yes
8182,SL Science Holding Limited,SLBT,-57.38,0.992,5.505,Yes
8183,Gemini Group Global Corp.,GMNI,-45.76,0.718,0.83,Yes
8184,"Integrated BioPharma, Inc.",INBP,-30.83,0.437,0.55,No
8185,"AutoZone, Inc.",AZO,-27.5,0.382,0.342,Yes
8186,"TELA Bio, Inc.",TELA,-43.19,0.664,4.299,Yes
8187,Terveystalo Oyj,TTALF,-24.36,0.331,0.293,Yes
8188,Platinum Group Metals Ltd.,PLG,-37.17,0.547,1.773,Yes
8189,QuantGate Systems Inc.,QGSI,-46.2,0.724,1.354,No
8190,Consolidated Water Co. Ltd.,CWCO,-14.04,0.18,0.214,Yes
8191,,LCHDD,-68.4,1.317,2.516,Yes
8192,St. Augustine Gold and Copper Limited,RTLGF,-43.25,0.663,1.723,Yes
8193,"Champions Oncology, Inc.",CSBR,-21.49,0.287,0.566,Yes
8194,Public Storage,PSA-PG,-10.87,0.137,0.525,Yes
8195,"BridgeBio Oncology Therapeutics, Inc.",BBOT,-22.52,0.302,0.679,Yes
8196,Renatus Tactical Acquisition Corp I,RTACU,-6.3,0.078,0.308,Yes
8197,"Silver Buckle Mines, Inc.",SBUM,-54.35,0.908,3.218,No
8198,HUTCHMED (China) Limited,HCM,-21.81,0.291,0.888,No
8199,The Southern Company JR 2017B NT 77,SOJC,-8.33,0.103,0.544,Yes
8200,Zumtobel Group AG,ZMTBY,-17.88,0.233,0.018,Yes
8201,Pasinex Resources Limited,PSXRF,-67.97,1.295,4.272,Yes
8202,Trump Media & Technology Group Corp.,DJT,-35.67,0.516,0.75,Yes
8203,Dynavox Group AB (publ),TDVXF,-36.39,0.529,0.82,Yes
8204,NWF Group plc,NWFFF,-26.57,0.363,0.446,Yes
8205,"Ozop Energy Solutions, Inc.",OZSC,-82.07,1.906,6.941,Yes
8206,"Vitesse Energy, Inc.",VTS,-18.33,0.239,0.516,Yes
8207,Chakana Copper Corp.,CHKKF,-47.41,0.743,0.793,Yes
8208,Grange Resources Limited,GRRLF,-30.21,0.421,1.258,Yes
8209,Nine Entertainment Co. Holdings Limited,NNMTF,-23.72,0.318,1.91,No
8210,State Street Corporation,STT-PG,-7.46,0.092,0.335,Yes
8211,Southern Company (The) Series 2,SOJE,-9.76,0.121,0.47,Yes
8212,"Celsius Holdings, Inc.",CELH,-38.24,0.56,1.444,Yes
8213,"Tripadvisor, Inc.",TRIP,-35.82,0.515,0.199,No
8214,CS Diagnostics Corp.,CSDX,-79.89,1.777,2.95,No
8215,Prismo Metals Inc.,PMOMF,-47.21,0.736,4.185,Yes
8216,Evotec SE,EVO,-41.07,0.611,3.26,Yes
8217,"MiMedx Group, Inc.",MDXG,-31.17,0.434,0.302,Yes
8218,"Kratos Defense & Security Solutions, Inc.",KTOS,-38.85,0.568,1.009,Yes
8219,Sunrun Inc.,RUN,-42.95,0.647,1.406,Yes
8220,Webuild S.p.A.,IMPJY,-31.47,0.437,2.234,Yes
8221,Arch Capital Group Ltd.,ACGLO,-8.84,0.108,0.424,Yes
8222,Waystar Holding Corp.,WAY,-28.52,0.388,0.364,No
8223,PowerBank Corporation,PBK,-57.5,0.968,4.0,Yes
8224,"Belpointe PREP, LLC",OZ,-23.23,0.306,0.383,No
8225,RELX PLC,RELX,-20.73,0.27,0.615,Yes
8226,Schindler Holding AG,SHNDY,-20.0,0.258,1.277,Yes
8227,Vossloh AG,VOSSY,-29.27,0.399,1.549,Yes
8228,Ambu A/S,AMBFF,-28.7,0.389,0.819,No
8229,"Square Enix Holdings Co., Ltd.",SQNXF,-15.61,0.197,0.272,Yes
8230,JPMorgan Chase & Co.,JPM-PK,-5.27,0.063,0.237,Yes
8231,ThredUp Inc.,TDUP,-57.78,0.969,2.567,Yes
8232,SES AI Corporation,SES,-55.92,0.922,4.306,Yes
8233,Sopra Steria Group SA,SPPSY,-27.66,0.372,2.085,No
8234,LEG Immobilien SE,LEGIF,-18.18,0.231,1.052,Yes
8235,"SoFi Technologies, Inc.",SOFI,-29.42,0.399,1.507,Yes
8236,Lennar Corporation,LEN-B,-27.32,0.365,1.349,Yes
8237,Kingdee International Software Group Company Limited,KGDEF,-43.14,0.639,2.566,Yes
8238,"Equus Total Return, Inc.",EQS,-46.28,0.701,2.879,No
8239,Ebang International Holdings Inc.,EBON,-45.0,0.674,4.029,Yes
8240,Argenta Silver Corp.,AGAGF,-42.0,0.615,0.533,Yes
8241,China Resources Gas Group Limited,CGASY,-17.61,0.222,0.453,No
8242,Xinyi Solar Holdings Limited,XISHY,-31.86,0.435,0.411,No
8243,Svenska Cellulosa Aktiebolaget SCA (publ),SVCBF,-14.32,0.177,0.035,Yes
8244,"Exyn Technologies, Inc.",EXYN,-76.09,1.553,17.438,Yes
8245,Streamex Corp.,STEX,-73.18,1.432,4.165,Yes
8246,Winmark Corporation,WINA,-28.27,0.376,0.519,No
8247,bioMérieux S.A.,BMXXY,-35.82,0.5,0.648,No
8248,James Halstead plc,JMHSF,-51.42,0.803,2.999,Yes
8249,Bright Horizons Family Solutions Inc.,BFAM,-28.87,0.385,0.962,No
8250,Lakefront Biotherapeutics NV,LKFT,-17.35,0.217,0.043,Yes
8251,"Maiden Holdings North America, Ltd.",MHNC,-24.26,0.314,1.477,Yes
8252,"Marqeta, Inc.",MQ,-21.28,0.271,0.177,No
8253,China Foods Limited,CHFHY,-20.74,0.263,0.475,No
8254,Anonymous Intelligence Company Inc.,ANICF,-51.95,0.811,3.44,Yes
8255,"BioRegenx, Inc.",BRGX,-41.23,0.593,1.854,No
8256,"Equitable Holdings, Inc.",EQH-PA,-8.16,0.097,0.24,Yes
8257,"Mirion Technologies, Inc.",MIR,-32.17,0.435,1.456,Yes
8258,Leon's Furniture Limited,LEFUF,-12.42,0.15,0.525,Yes
8259,"Meta Platforms, Inc.",META,-20.98,0.265,1.21,Yes
8260,3SBio Inc.,TRSBF,-28.1,0.37,0.67,Yes
8261,Ambipar Emergency Response,AMBIQ,-86.54,2.098,9.427,Yes
8262,"Gibraltar Industries, Inc.",ROCK,-26.43,0.344,0.534,Yes
8263,"Five Point Holdings, LLC",FPH,-16.83,0.208,0.578,Yes
8264,"Aldeyra Therapeutics, Inc.",ALDX,-53.92,0.851,2.451,Yes
8265,Ag Growth International Inc.,AGGZF,-52.38,0.816,3.192,Yes
8266,Quantum eMotion Corp.,QNC,-54.03,0.854,4.026,Yes
8267,"National CineMedia, Inc.",NCMI,-37.01,0.514,0.475,Yes
8268,"LiveWire Group, Inc.",LVWR,-61.47,1.039,0.151,Yes
8269,Clinuvel Pharmaceuticals Limited,CUVL,-23.06,0.294,0.531,No
8270,GMV Minerals Inc.,GMVMF,-42.4,0.61,0.853,Yes
8271,"ImageneBio, Inc.",IMA,-33.53,0.455,2.508,Yes
8272,Pan Pacific International Holdings Corporation,DQJCY,-22.88,0.291,0.516,No
8273,Tres-Or Resources Ltd.,TRSFF,-64.82,1.129,1.151,Yes
8274,"Trupanion, Inc.",TRUP,-30.11,0.397,0.252,No
8275,Genus plc,GENSF,-11.02,0.131,0.475,No
8276,Dateline Resources Limited,DTREF,-64.69,1.121,3.778,No
8277,Medical Care Technologies Inc.,MDCE,-58.33,0.949,0.343,Yes
8278,1606 Corp.,CBDW,-68.34,1.233,0.363,No
8279,Element Fleet Management Corp.,ELEEF,-23.75,0.301,0.413,Yes
8280,Murano Global Investments Plc,MRNO,-77.06,1.555,2.883,Yes
8281,Jutal Offshore Oil Services Limited,JUTOF,-21.11,0.263,0.696,No
8282,Capital One Financial Corporation,COF-PK,-8.07,0.094,0.381,Yes
8283,Associated Banc-Corp,ASB-PF,-5.34,0.061,0.356,Yes
8284,"QuoteMedia, Inc.",QMCI,-17.44,0.213,0.72,Yes
8285,"Evofem Biosciences, Inc.",EVFM,-30.47,0.401,1.37,No
8286,Defiance US 100 Tech AI Moat ETF,AIX,-33.58,0.45,,
8287,GameStop Corp.,GME,-30.02,0.393,0.081,Yes
8288,The Campbell's Company,CPB,-19.59,0.242,0.534,Yes
8289,"National Vision Holdings, Inc.",EYE,-36.68,0.501,1.752,No
8290,Technip Energies N.V.,THNPY,-22.54,0.282,0.536,Yes
8291,TGX Energy & Resources Inc.,TNGMF,-64.39,1.1,5.454,No
8292,"Bionano Genomics, Inc.",BNGO,-26.78,0.342,0.669,Yes
8293,Xalles Holdings Inc.,XALL,-54.47,0.846,0.453,Yes
8294,The Southern Company,SOMN,-7.99,0.092,0.085,Yes
8295,"VirTra, Inc.",VTSI,-36.86,0.5,1.835,Yes
8296,"Daiwa House Industry Co., Ltd.",DWAHY,-18.14,0.22,0.06,No
8297,Galaxy Payroll Group Limited,GLXG,-58.6,0.941,2.774,No
8298,"Sera Prognostics, Inc.",SERA,-28.52,0.366,1.014,Yes
8299,"Affiliated Managers Group, Inc.",MGR,-8.31,0.096,0.342,Yes
8300,Vistry Group PLC,BVHMF,-43.38,0.614,1.379,Yes
8301,AEVEX Corp.,AVEX,-64.51,1.096,11.002,Yes
8302,Georgia Power Company 5% JR SUB NT 77,GPJA,-9.37,0.108,0.597,Yes
8303,"PhoneX Holdings, Inc.",PXHI,-32.43,0.425,0.89,Yes
8304,"Global Clean Energy, Inc.",GCEI,-46.68,0.674,1.504,Yes
8305,Yuanbao Inc.,YB,-22.77,0.281,0.02,No
8306,Mount Logan Capital Inc.,MLCI,-48.4,0.707,2.643,Yes
8307,Budweiser Brewing Company APAC Limited,BDWBY,-22.14,0.272,0.966,Yes
8308,Lennar Corporation,LEN,-29.21,0.374,1.386,Yes
8309,"NVR, Inc.",NVR,-20.76,0.253,0.076,Yes
8310,"Abpro Holdings, Inc.",ABPO,-71.79,1.318,1.104,Yes
8311,GIBO Holdings Limited,GIBO,-43.7,0.615,0.534,Yes
8312,Movement Industries Corporation,MVNT,-63.44,1.057,2.501,Yes
8313,Minerva S.A.,MRVSY,-32.66,0.426,0.84,Yes
8314,Beijing Capital International Airport Company Limited,BJCHY,-38.04,0.514,0.074,No
8315,Majestic Gold Corp.,MJGCF,-33.52,0.439,0.479,Yes
8316,Torq Resources Inc.,TRBMF,-43.08,0.602,1.439,Yes
8317,Singapore Post Limited,SPSTY,-18.27,0.219,0.484,Yes
8318,Military Metals Corp.,MILIF,-47.57,0.687,1.768,No
8319,Brookfield Business Corporation,BBUC,-17.46,0.208,0.881,Yes
8320,Raffles Medical Group Ltd,RAFLF,-16.15,0.191,0.285,No
8321,CRH plc,CRH,-19.98,0.241,1.146,Yes
8322,"N-able, Inc.",NABL,-42.71,0.592,0.266,No
8323,Equifax Inc.,EFX,-24.19,0.297,0.134,Yes
8324,Yokogawa Bridge Holdings Corp.,YGWAF,-56.87,0.881,3.901,Yes
8325,Austal Limited,AUTLF,-36.73,0.487,0.934,Yes
8326,"Beeline Holdings, Inc.",BLNE,-64.49,1.073,0.496,No
8327,"Alight, Inc.",ALIT,-65.03,1.088,4.951,Yes
8328,Megan Holdings Limited,MGN,-75.21,1.418,3.785,Yes
8329,Phoenix Copper Limited,PXCLY,-57.34,0.884,2.41,Yes
8330,Beamr Imaging Ltd.,BMR,-51.6,0.756,3.868,Yes
8331,Copper One Resources Corp.,CEXYF,-58.32,0.906,0.595,No
8332,Sentinel Holdings Ltd.,SNTL,-33.87,0.436,1.57,No
8333,NovaBridge Biosciences,NBP,-45.27,0.631,0.951,Yes
8334,"Sparta Commercial Services, Inc.",SRCO,-50.3,0.728,2.538,Yes
8335,Murchison Minerals Ltd.,MURMF,-46.73,0.657,0.519,Yes
8336,"Nova Tech Enterprises, Inc.",NTEI,-74.52,1.384,7.704,No
8337,"Tyler Technologies, Inc.",TYL,-27.32,0.337,0.174,Yes
8338,BlockchainK2 Corp.,BIDCF,-53.9,0.803,0.743,Yes
8339,"TTEC Holdings, Inc.",TTEC,-50.36,0.726,0.877,Yes
8340,"Heron Therapeutics, Inc.",HRTX,-61.79,0.986,3.88,Yes
8341,"Jasper Therapeutics, Inc.",JSPR,-58.5,0.904,2.23,Yes
8342,Daxor Corporation,DXR,-25.48,0.31,1.298,Yes
8343,NCR Voyix Corporation,VYX,-30.68,0.384,1.459,Yes
8344,"OFS Credit Company, Inc.",OCCI,-36.04,0.467,1.654,Yes
8345,Asia Pacific Wire & Cable Corporation Limited,APWC,-29.94,0.373,1.078,Yes
8346,"BellRing Brands, Inc.",BRBR,-58.88,0.911,0.7,No
8347,Delivra Health Brands Inc.,DHBUF,-47.01,0.657,2.699,Yes
8348,"Martin Marietta Materials, Inc.",MLM,-17.23,0.199,0.683,Yes
8349,Bgin Blockchain Limited,BGIN,-47.38,0.662,1.261,Yes
8350,Smart Logistics Global Limited,SLGB,-72.3,1.288,1.434,Yes
8351,Intelligent Group Limited,INTJ,-56.31,0.847,0.039,No
8352,NuCana plc,NCNA,-58.22,0.89,5.631,Yes
8353,GOAT Industries Ltd.,BGTTF,-65.5,1.076,0.343,No
8354,"IN8bio, Inc.",INAB,-43.59,0.589,1.784,Yes
8355,Pernod Ricard SA,PDRDF,-23.57,0.28,0.712,Yes
8356,"Vidrala, S.A.",VDRFF,-17.18,0.197,1.099,No
8357,"PowerFleet, Inc.",AIOT,-38.16,0.496,1.526,Yes
8358,Parsons Corporation,PSN,-37.25,0.481,1.463,Yes
8359,GoDaddy Inc.,GDDY,-27.02,0.327,0.887,Yes
8360,Railtown AI Technologies Inc.,RLAIF,-44.34,0.601,0.864,Yes
8361,Jollibee Foods Corporation,JBFCF,-31.64,0.393,0.147,No
8362,Alten S.A.,ABLGF,-27.5,0.333,1.254,Yes
8363,RHI Magnesita N.V.,RHHMY,-59.66,0.916,3.687,Yes
8364,Check Point Software Technologies Ltd.,CHKP,-30.71,0.378,0.124,No
8365,MDxHealth SA,MDXH,-70.23,1.205,0.724,Yes
8366,Bitwise Avalanche ETF,BAVA,-41.36,0.546,3.177,Yes
8367,Dogness (International) Corporation,DOGZ,-66.75,1.098,1.373,No
8368,PT Indofood CBP Sukses Makmur Tbk,PIFFY,-23.24,0.273,0.983,Yes
8369,"Upstart Holdings, Inc.",UPST,-38.95,0.503,2.374,Yes
8370,Hello Group Inc.,MOMO,-21.34,0.247,1.125,Yes
8371,"MasterBrand, Inc.",MBC,-34.35,0.429,1.326,Yes
8372,Allwyn AG,GOFPY,-26.32,0.313,0.748,Yes
8373,"Grifols, S.A.",GRFS,-21.03,0.243,0.527,Yes
8374,"NetEase, Inc.",NTES,-18.12,0.206,0.396,Yes
8375,Johnson Electric Holdings Limited,JEHLY,-39.21,0.505,2.553,No
8376,Cyberfuels Holding Company Inc.,CBRF,-34.25,0.427,2.083,Yes
8377,DENSO Corporation,DNZOY,-16.33,0.183,0.173,Yes
8378,,RWTS,-5.71,0.061,0.775,No
8379,RenaissanceRe Holdings Ltd.,RNR-PF,-8.68,0.093,0.511,Yes
8380,Organigram Global Inc.,OGI,-37.13,0.469,0.48,Yes
8381,Altus Group Limited,ASGTF,-19.57,0.222,0.522,No
8382,ClearSign Technologies Corporation,CLIR,-40.01,0.515,2.432,Yes
8383,ARYZTA AG,ARZTY,-31.79,0.387,0.674,No
8384,"Maiden Holdings, Ltd. 6.625 NT 2046",MHLA,-24.49,0.285,1.62,Yes
8385,MGM China Holdings Limited,MCHVY,-35.45,0.442,0.032,No
8386,Aroundtown SA,AANNF,-33.41,0.411,1.216,Yes
8387,SenseTime Group Inc.,SNTMF,-49.42,0.68,2.317,Yes
8388,"Mineralys Therapeutics, Inc.",MLYS,-30.4,0.366,1.141,Yes
8389,"DigitalBridge Group, Inc.",DBRG-PJ,-21.91,0.251,0.416,Yes
8390,"NexPoint Residential Trust, Inc.",NXRT,-21.71,0.248,1.391,Yes
8391,Centenario Gold Corp.,CTGCF,-54.08,0.772,1.027,Yes
8392,"Fuller, Smith & Turner P.L.C.",FTUAF,-31.67,0.383,2.127,No
8393,Hays plc,HAYPY,-38.4,0.486,2.765,No
8394,"Nintendo Co., Ltd.",NTDOY,-32.26,0.391,0.693,No
8395,Unum Group 6.250% JR NT58,UNMA,-6.83,0.072,0.288,Yes
8396,Koss Corporation,KOSS,-30.17,0.36,1.832,Yes
8397,Public Storage,PSA-PM,-9.02,0.096,0.348,Yes
8398,Buzzi S.p.A.,BZZUF,-16.96,0.188,0.345,Yes
8399,Lhyfe SA,LHYFF,-34.67,0.425,2.293,No
8400,SPO Global Inc.,SPOM,-44.0,0.575,1.854,Yes
8401,"TMM, Inc.",TMMI,-51.3,0.709,0.207,Yes
8402,Partners Group Holding AG,PGPHF,-29.7,0.353,1.161,Yes
8403,Cloverleaf Kennel Club,CLVFA,-52.71,0.736,4.026,No
8404,AMA Group Limited,AMGRF,-43.76,0.568,0.435,No
8405,"Camping World Holdings, Inc.",CWH,-51.23,0.703,2.428,Yes
8406,Coolpad Group Limited,CHWTF,-33.41,0.403,0.802,No
8407,"Globe Telecom, Inc.",GTMEF,-29.29,0.344,0.782,No
8408,PPL Corporation,PPLC,-8.58,0.09,0.321,No
8409,Patria Investments Limited,PAX,-18.32,0.202,0.279,Yes
8410,JasperX Technologies Inc.,VENZF,-57.16,0.824,0.483,No
8411,Noble Helium Limited,NBHEF,-25.51,0.293,0.266,Yes
8412,Kun Peng International Ltd.,KPEA,-46.68,0.615,1.051,Yes
8413,"Mitsui Chemicals, Inc.",MITUF,-57.89,0.838,3.375,Yes
8414,Elme Communities,ELME,-32.41,0.386,0.942,Yes
8415,Eagle Mountain Mining Limited,EGMMF,-42.07,0.535,1.218,No
8416,Sinopec Kantons Holdings Limited,SPKOY,-19.91,0.22,0.809,Yes
8417,QuidelOrtho Corporation,QDEL,-45.63,0.595,0.648,No
8418,Otis Worldwide Corporation,OTIS,-20.22,0.224,0.442,Yes
8419,"Rakuten Group, Inc.",RKUNY,-24.59,0.279,0.546,Yes
8420,Tribeca Strategic Acquisition Corp.,BIDWU,-0.4,0.004,0.017,No
8421,"Hawkins, Inc.",HWKN,-31.72,0.375,0.029,Yes
8422,American Vanguard Corporation,AVD,-52.94,0.728,2.61,Yes
8423,Surface Metals Inc.,SURMF,-42.94,0.546,1.932,Yes
8424,Capital One Financial Corporation,COF-PI,-7.81,0.081,0.249,Yes
8425,AppLovin Corporation,APP,-50.14,0.673,2.22,Yes
8426,Public Storage,PSA-PI,-9.07,0.094,0.347,Yes
8427,"Dave & Buster's Entertainment, Inc.",PLAY,-45.2,0.583,2.01,Yes
8428,Trees Corporation,CANN,-47.5,0.623,0.494,Yes
8429,"BigBear.ai Holdings, Inc.",BBAI,-46.31,0.602,3.128,Yes
8430,RaySearch Laboratories AB (publ),RSLBF,-27.21,0.311,1.764,Yes
8431,Chocoladefabriken Lindt & Sprüngli AG,CHLSY,-27.26,0.311,0.089,No
8432,Zevia PBC,ZVIA,-43.25,0.548,1.636,Yes
8433,"O-I Glass, Inc.",OI,-39.9,0.494,0.019,No
8434,Sino Biopharmaceutical Limited,SBMFF,-30.47,0.355,0.084,Yes
8435,"Dyadic International, Inc.",DYAI,-45.22,0.581,0.854,No
8436,"Reliv' International, Inc.",RELV,-26.36,0.299,0.752,Yes
8437,Topicus.com Inc.,TOITF,-28.21,0.324,0.509,Yes
8438,Freightos Limited,CRGO,-53.0,0.724,1.895,Yes
8439,PT Kalbe Farma Tbk.,PTKFY,-30.11,0.349,0.191,Yes
8440,SCHOTT Pharma AG & Co. KGaA,SHTPY,-37.07,0.449,0.024,No
8441,"SS Innovations International, Inc.",SSII,-42.94,0.541,1.305,No
8442,Kenmare Resources plc,KMRPF,-37.73,0.458,1.415,Yes
8443,Regions Financial Corporation,RF-PE,-8.2,0.084,0.335,Yes
8444,Sunac Services Holdings Limited,SSHLY,-42.77,0.538,2.134,Yes
8445,Sintana Energy Inc.,SEUSF,-31.0,0.36,0.591,No
8446,The Charles Schwab Corporation,SCHW-PJ,-9.1,0.094,0.452,Yes
8447,lululemon athletica inc.,LULU,-30.64,0.355,0.106,No
8448,BingEx Limited,FLX,-35.67,0.427,0.322,Yes
8449,Nextech3D.AI Corporation,NEXCF,-39.48,0.484,2.647,Yes
8450,Just Eat Takeaway.com N.V.,JTKWY,-16.81,0.18,0.094,Yes
8451,Xero Limited,XROLF,-36.68,0.441,1.485,Yes
8452,PAR Technology Corporation,PAR,-46.01,0.591,1.522,Yes
8453,Zealand Pharma A/S,ZLDPF,-32.14,0.375,1.798,Yes
8454,Inflection Resources Ltd.,AUCUF,-36.44,0.437,0.907,Yes
8455,"XBP Global Holdings, Inc.",XBP,-54.13,0.74,0.997,No
8456,Aegon Funding Company LLC 5.10%,AEFC,-7.99,0.081,0.388,Yes
8457,U.S. Bancorp,USB-PP,-10.44,0.107,0.424,Yes
8458,TFF Group,FRFTF,-13.62,0.142,0.777,No
8459,NIP Group Inc.,NIPG,-62.18,0.914,0.976,Yes
8460,"CVRx, Inc.",CVRX,-54.5,0.746,2.542,No
8461,Taoping Inc.,TAOP,-60.64,0.877,0.8,Yes
8462,Grid Battery Metals Inc.,EVKRF,-54.18,0.739,0.93,Yes
8463,Opendoor Technologies Inc.,OPENZ,-72.61,1.198,5.091,Yes
8464,Goldcliff Resource Corporation,GCFFF,-52.33,0.699,2.621,Yes
8465,Iveco Group N.V.,IVCGF,-24.18,0.266,1.315,No
8466,51Talk Online Education Group,COE,-57.7,0.807,4.066,Yes
8467,Vipshop Holdings Limited,VIPS,-29.29,0.332,0.158,No
8468,The Gabelli Equity Trust Inc.,GAB-PK,-5.66,0.056,0.101,No
8469,Realbotix Corp.,XBOTF,-39.11,0.472,1.381,Yes
8470,Tosoh Corporation,TOSCF,-56.18,0.773,2.778,Yes
8471,CI&T Inc.,CINT,-31.18,0.357,1.286,No
8472,Kingsway Corporation,KWY,-28.33,0.318,0.958,Yes
8473,"Inspired Entertainment, Inc.",INSE,-35.29,0.413,0.398,Yes
8474,Nexteer Automotive Group Limited,NTXVF,-33.85,0.393,0.468,Yes
8475,Sands China Ltd.,SCHYF,-30.37,0.344,0.703,No
8476,Vivendi SE,VVVNF,-40.62,0.493,2.489,Yes
8477,Caduceus Software Systems Corp.,CSOC,-61.28,0.88,2.99,No
8478,Agereh Technologies Inc.,CRBAF,-64.16,0.948,1.622,No
8479,NexMetals Mining Corp.,NEXM,-47.4,0.603,2.597,Yes
8480,Hermès International Société en commandite par actions,HESAF,-24.23,0.264,1.171,Yes
8481,"Kandi Technologies Group, Inc.",KNDI,-45.49,0.569,0.816,Yes
8482,Wolters Kluwer N.V.,WOLTF,-36.99,0.436,1.004,Yes
8483,Aerkomm Inc.,AKOM,-67.43,1.028,0.026,No
8484,"KBR, Inc.",KBR,-19.62,0.208,0.427,Yes
8485,Prosafe SE,PRSEF,-64.61,0.954,2.214,No
8486,Truist Financial Corporation,TFC-PR,-9.23,0.092,0.42,Yes
8487,YIT Oyj,YITJF,-46.32,0.58,1.346,No
8488,Medivolve Inc.,MEDVF,-66.17,0.992,3.891,Yes
8489,Australian Oil Company Limited,SGCSF,-35.44,0.411,0.554,Yes
8490,"Intertech Solutions , Inc.",ITEC,-64.1,0.94,3.686,Yes
8491,"Summit Environmental Corporation, Inc.",SEVT,-64.1,0.94,5.203,No
8492,"Green Planet Group, Inc.",GNPG,-54.57,0.731,4.047,No
8493,Far East Wind Power Corp.,FEWP,-64.1,0.94,3.686,Yes
8494,Maruichi Steel Tube Ltd.,MCHIF,-58.06,0.803,3.147,Yes
8495,Box Ships Inc.,TEUFF,-64.1,0.94,3.686,Yes
8496,"Topaz Resources, Inc.",TOPZ,-64.1,0.94,2.18,No
8497,AddLife AB (publ),ADDLF,-49.64,0.638,1.48,No
8498,"Agristar, Inc.",AGRS,-67.75,1.034,0.016,No
8499,"Superhero Scramble, Inc.",WNRC,-54.57,0.731,1.696,No
8500,"CD International Enterprises, Inc.",CDIIQ,-64.1,0.94,2.18,No
8501,Nightingale Health Oyj,NGHLF,-29.83,0.334,0.775,No
8502,"Redwood Group International, Inc.",RDWD,-54.57,0.731,1.696,No
8503,"Cambridge Capital Holdings, Inc.",CCHI,-68.1,1.043,2.42,No
8504,Vista Group International Limited,VGLIF,-4.12,0.04,0.001,No
8505,Hidili Industry International Development Limited,HIIDY,-62.74,0.907,1.221,Yes
8506,TalonX Resources Limited,MTBMF,-50.1,0.647,0.87,Yes
8507,"Custom Designed Compressor Systems, Inc.",CPYJ,-64.1,0.94,5.203,No
8508,Suburban Minerals Corp.,SUBB,-64.1,0.94,2.18,No
8509,"Abengoa, S.A.",AGOAF,-64.1,0.94,5.203,No
8510,AmeriCrew Inc.,ACRU,-67.71,1.033,0.016,No
8511,"Sports Pouch Beverage Co., Inc.",SPBV,-64.1,0.94,2.18,No
8512,"Tanke, Inc.",TNKE,-54.57,0.731,4.047,No
8513,Trajan Group Holdings Limited,TRJNF,-19.76,0.209,0.819,Yes
8514,"Salon City, Inc.",SALN,-64.1,0.94,0.014,No
8515,ProBility Media Corporation,PBYA,-64.1,0.94,2.18,No
8516,Zeon Corporation,ZEOOF,-63.79,0.933,3.657,Yes
8517,Tesla Exploration Ltd.,TXLZF,-64.1,0.94,1.265,Yes
8518,"Dragon Life Science Holdings Group, Inc.",NOHO,-64.1,0.94,5.203,No
8519,Beta Energy Corp.,BTAEF,-64.1,0.94,5.203,No
8520,Japan Pulp and Paper Company Limited,JPPPF,-64.47,0.949,3.722,Yes
8521,mCloud Technologies Corp.,MCLDF,-64.1,0.94,2.18,No
8522,Petroteq Energy Inc.,PQEFF,-64.1,0.94,5.203,No
8523,Mobilum Technologies Inc.,MBLMF,-64.1,0.94,5.203,No
8524,Integratel Perú S.A.A.,CPNBQ,-16.42,0.17,0.668,Yes
8525,,JLMC,-54.57,0.731,2.867,Yes
8526,Universal Potash Corp.,UPCO,-57.15,0.783,1.817,No
8527,"Consolidated Eco-Systems, Inc.",EXSO,-64.1,0.94,2.18,No
8528,"Delta Oil & Gas, Inc.",DLTA,-64.1,0.94,2.18,No
8529,Chinese Estates Holdings Limited,CESTY,-8.96,0.09,0.001,No
8530,Astra Veda Corporation,ASTAQ,-64.1,0.94,2.18,No
8531,Orsus Xelent Technologies Inc.,ORSX,-67.03,1.015,2.353,No
8532,"Targeted Medical Pharma, Inc.",TRGM,-64.1,0.94,2.18,No
8533,"Pure Transit Technologies, Inc.",PTTL,-54.57,0.731,1.696,No
8534,"Logiq, Inc.",LGIQ,-64.1,0.94,0.014,No
8535,United Consortium Ltd.,UCSO,-64.1,0.94,3.686,Yes
8536,"Kure Technologies, Inc.",UBSBF,-68.01,1.041,1.401,Yes
8537,Karsan Otomotiv Sanayii ve Ticaret A.S.,KRSOF,-46.63,0.586,2.296,Yes
8538,Arrayit Corporation,ARYC,-64.1,0.94,2.18,No
8539,"Southwestern Medical Solutions, Inc.",SWNM,-54.57,0.731,1.696,No
8540,"United Ethanol, LLC.",UETH,-4.5,0.044,0.173,Yes
8541,"Liquid Holdings Group, Inc.",LIQDQ,-64.1,0.94,2.18,No
8542,"PharmaRoth Labs, Inc.",ROTH,-64.1,0.94,2.18,No
8543,International Media Acquisition Corp.,IMAQU,-10.71,0.108,0.25,No
8544,Valentine Mark Corporation,VTMC,-66.0,0.988,3.874,Yes
8545,VitaSpring Biomedical Co. Ltd.,VSBC,-67.71,1.033,1.39,Yes
8546,"Victory Oilfield Tech, Inc.",VYEY,-42.78,0.522,2.89,No
8547,Genufood Energy Enzymes Corp.,GFOO,-52.77,0.696,0.011,No
8548,"LookSmart Group, Inc.",LKST,-68.14,1.044,4.095,Yes
8549,"Truleum, Inc.",TRLM,-68.13,1.044,2.422,No
8550,BodyScan Corp.,BDYS,-61.15,0.87,4.817,No
8551,"Maptelligent, Inc.",MAPT,-30.88,0.348,0.808,No
8552,"Electric Power Development Co., Ltd.",EPWDF,-59.7,0.838,3.286,Yes
8553,Rapala VMC Corporation,RPNMF,-42.32,0.515,0.008,No
8554,"American Scientific Resources, Incorporated",ASFX,-24.11,0.261,1.445,No
8555,Australian Vintage Ltd,AUVGF,-60.06,0.846,4.682,No
8556,Bioasis Technologies Inc.,BIOAF,-42.78,0.522,2.89,No
8557,BlueRiver Acquisition Corp.,BLUAF,-17.27,0.18,0.997,No
8558,"Heartsoft, Inc.",HTSF,-48.99,0.627,1.454,No
8559,Link Reservations Inc.,LRSV,-42.78,0.522,0.008,No
8560,Prestige International Inc.,PGINF,-58.56,0.813,3.189,Yes
8561,"Encompass Holdings, Inc.",ECMH,-48.99,0.627,2.457,Yes
8562,Technology & Telecommunication Acquisition Corporation,TETUF,-5.85,0.058,0.134,No
8563,"Fuelstream, Inc.",FLST,-48.99,0.627,1.454,No
8564,ProUroCare Medical Inc.,PUMD,-42.78,0.522,2.048,Yes
8565,Noranda Aluminum Holding Corporation,NORNQ,-62.22,0.895,0.014,No
8566,ARHT Media Inc.,ARHTQ,-67.86,1.037,5.739,No
8567,"PDX Partners, Inc.",PDXP,-42.78,0.522,2.048,Yes
8568,"Guangzhou R&F Properties Co., Ltd.",GZUHF,-60.81,0.863,4.776,No
8569,Video Display Corporation,VIDE,-52.77,0.696,3.854,No
8570,Global Gold Corporation,GBGD,-68.11,1.044,0.016,No
8571,"Hirogin Holdings, Inc.",HROGF,-64.96,0.961,3.77,Yes
8572,FNDS3000 Corp.,FDTC,-42.78,0.522,0.008,No
8573,"Winston Pharmaceuticals, Inc.",WPHM,-52.77,0.696,2.73,Yes
8574,INFRONEER Holdings Inc.,INRHF,-67.39,1.024,4.016,Yes
8575,Montauk Metals Inc.,GAYGQ,-52.77,0.696,2.73,Yes
8576,Royal Standard Minerals Inc.,RYSMF,-42.78,0.522,1.211,No
8577,"Vita Mobile Systems, Inc.",VMSI,-59.59,0.836,1.938,No
8578,Elevation Gold Mining Corporation,EVGDQ,-68.12,1.044,2.421,No
8579,"ITT Educational Services, Inc.",ESINQ,-48.99,0.627,3.469,No
8580,Climeon AB (publ),CLMOF,-57.65,0.794,1.068,Yes
8581,Mammoth Minerals Limited,FIRTF,-61.15,0.87,4.817,No
8582,Tsumura & Co.,TSMRF,-60.41,0.854,3.347,Yes
8583,"Simclar, Inc.",SIMC,-42.78,0.522,2.048,Yes
8584,AS ONE Corporation,IUSDF,-52.99,0.7,2.747,Yes
8585,Bitcoin Generation Inc.,BTGN,-52.77,0.696,0.937,Yes
8586,,RDCO,-67.76,1.034,2.399,No
8587,"Integrative Health Technologies, Inc.",IHTI,-66.17,0.992,2.301,No
8588,"Michael Anthony Holdings, Inc.",MAJJ,-2.4,0.023,0.0,No
8589,"Integrated Business Systems & Services, Inc.",IBSS,-42.78,0.522,2.89,No
8590,Alco Holdings Limited,ALHDF,-51.26,0.668,1.549,No
8591,AdvanceTC Limited,ATCLF,-64.48,0.95,1.278,Yes
8592,China Shuifa Singyes Energy Holdings Limited,CSSXF,-30.88,0.348,0.808,No
8593,"Takamatsu Construction Group Co., Ltd.",TAKMF,-64.55,0.951,3.73,Yes
8594,Dongjiang Environmental Company Limited,SZDEF,-38.39,0.455,0.612,Yes
8595,Montego Resources Inc.,MONGF,-62.82,0.909,2.109,No
8596,"Zevotek, Inc.",ZVTK,-42.78,0.522,0.703,Yes
8597,Pingify International Inc.,PGFY,-59.59,0.836,1.938,No
8598,MGX Minerals Inc.,MGXMF,-59.59,0.836,1.938,No
8599,"Midnight Holdings Group, Inc.",MHGI,-59.59,0.836,4.625,No
8600,"CMG Holdings Group, Inc.",CMGO,-61.73,0.884,2.05,No
8601,"Natural Blue Resources, Inc.",NTUR,-59.59,0.836,1.938,No
8602,Seasif Exploration Inc.,PPZRF,-59.98,0.844,1.136,Yes
8603,"Sintokogio,Ltd.",SILDF,-64.5,0.95,3.725,Yes
8604,"Light Management Group, Inc.",LMGR,-59.59,0.836,1.938,No
8605,Radium Resources Corp.,RADR,-59.59,0.836,4.625,No
8606,"Hemp Naturals, Inc.",HPMM,-59.59,0.836,1.938,No
8607,"Paradigm Oil and Gas, Inc.",PDGO,-59.59,0.836,1.938,No
8608,The O.T. Mining Corporation,OTMN,-68.01,1.041,0.016,No
8609,"Point to Point Methodics, Inc.",PPMH,-35.89,0.418,0.969,No
8610,Adamant Holdings Inc.,UCCPF,-67.4,1.024,1.378,Yes
8611,"On4 Communications, Inc.",ONCI,-42.78,0.522,2.048,Yes
8612,BioPorto A/S,THOXF,-41.63,0.504,0.008,No
8613,Universal Apparel & Textile Company,DKGR,-59.59,0.836,1.938,No
8614,Blue Gem Enterprise,BGEM,-19.76,0.209,1.156,No
8615,AgriEuro Corp.,EURI,-42.78,0.522,2.89,No
8616,"Tiger Oil and Energy, Inc.",TGRO,-42.78,0.522,1.211,No
8617,"EXEO Group, Inc.",KYWAF,-60.31,0.851,3.339,Yes
8618,"EVIO, Inc.",EVIO,-42.78,0.522,1.211,No
8619,Tombstone Exploration Corporation,TMBXF,-10.38,0.104,0.578,No
8620,Globe Trade Centre S.A.,GBCEY,-51.19,0.667,2.614,Yes
8621,First Growth Funds Limited,MTOMF,-63.62,0.928,1.249,Yes
8622,"Espre Technologies, Inc.",ESPT,-10.38,0.104,0.002,No
8623,ParaFin Corporation,PFNO,-42.78,0.522,1.211,No
8624,"eFotoXpress, Inc.",EFOT,-59.59,0.836,1.938,No
8625,flooidCX Corp.,FLCX,-68.13,1.044,5.78,No
8626,HBM Holdings Limited,HBMHF,-34.49,0.398,0.535,Yes
8627,"China Natural Gas, Inc.",CHNGQ,-59.59,0.836,1.938,No
8628,"Salon.com, LLC",SLNM,-35.89,0.418,0.969,No
8629,Silicon Metals Corp.,SLCNF,-28.35,0.315,1.743,No
8630,Motomova Inc.,MTMV,-55.99,0.76,1.022,Yes
8631,"Reach Messaging Holdings, Inc.",RCMH,-59.59,0.836,1.938,No
8632,Foy-Johnston Inc.,FOYJ,-59.59,0.836,4.625,No
8633,Yuzhou Group Holdings Company Limited,YUZHF,-67.88,1.038,1.396,Yes
8634,GC China Turbine Corp.,GCHT,-59.59,0.836,1.938,No
8635,"TS TECH Co., Ltd.",TTCAF,-62.25,0.896,3.513,Yes
8636,Petrofac Limited,POFCF,-68.13,1.044,5.78,No
8637,"Dixie Lee International Industries, Inc.",DLII,-59.59,0.836,1.938,No
8638,ChineseWorldNet.Com Inc.,CWNOF,-65.35,0.971,1.307,Yes
8639,,VLAI,-3.68,0.036,0.048,Yes
8640,Lumo Kodit Oyj,KOJAF,-22.18,0.238,0.932,Yes
8641,CDW Holding Limited,CDWHF,-40.6,0.488,1.132,No
8642,"Wewards, Inc.",WEWA,-5.54,0.054,0.214,Yes
8643,PeptiDream Inc.,PPTDF,-34.87,0.403,0.676,Yes
8644,Limitless X Holdings Inc.,LIMX,-62.77,0.908,1.167,Yes
8645,Keek Social Inc.,PRSNF,-54.06,0.721,3.641,Yes
8646,"T-Mobile US, Inc. 6.250% Senior Notes due 2069",TMUSL,-7.28,0.072,0.327,Yes
8647,ZoomInfo Technologies Inc.,GTM,-52.81,0.696,0.019,No
8648,Clarity Metals Corp.,CLGCF,-53.9,0.716,0.353,Yes
8649,Abrdn Income Credit Strategies Fund,ACP-PA,-7.53,0.075,0.095,No
8650,Golden Star Resource Corp.,GLNS,-23.07,0.247,0.489,Yes
8651,"Alpha Modus Holdings, Inc.",AMOD,-86.19,1.74,0.735,Yes
8652,"Netflix, Inc.",NFLX,-30.95,0.348,0.095,No
8653,"KonaTel, Inc.",KTEL,-47.21,0.593,2.349,No
8654,Trimble Inc.,TRMB,-25.82,0.281,0.001,Yes
8655,"Greenlane Holdings, Inc.",GNLN,-79.53,1.414,7.585,Yes
8656,Anhui Conch Cement Company Limited,AHCHY,-24.68,0.266,0.012,Yes
8657,Alibaba Health Information Technology Limited,ALBBY,-49.94,0.639,2.286,Yes
8658,"Sumitomo Realty & Development Co., Ltd.",SURDF,-46.32,0.576,0.409,No
8659,Magazine Luiza S.A.,MGLUY,-42.31,0.51,0.18,No
8660,PAVmed Inc.,PAVM,-52.43,0.684,1.392,No
8661,ESAB Corporation,ESAB,-30.59,0.341,0.825,Yes
8662,"Bespoke Extracts, Inc.",BSPK,-79.11,1.392,0.594,Yes
8663,"BIO-key International, Inc.",BKYI,-50.68,0.651,0.453,Yes
8664,Tucows Inc.,TCX,-39.31,0.463,0.423,No
8665,WH Smith PLC,WHTPF,-17.29,0.178,0.705,Yes
8666,Open Text Corporation,OTEX,-29.85,0.33,0.727,Yes
8667,Intuit Inc.,INTU,-42.75,0.514,0.689,No
8668,"Daiwa House Industry Co., Ltd.",DWAHF,-58.12,0.791,2.544,Yes
8669,"Sanrio Company, Ltd.",SNROF,-65.02,0.947,1.943,Yes
8670,"Octave Specialty Group, Inc.",OSG,-43.59,0.526,0.705,Yes
8671,Capital One Financial Corporation,COF-PN,-8.35,0.082,0.406,Yes
8672,Alithya Group Inc.,ALYAF,-34.13,0.385,0.6,Yes
8673,Wah Fu Education Group Limited,WAFU,-26.09,0.28,0.977,Yes
8674,Wingstop Inc.,WING,-49.51,0.623,1.706,Yes
8675,Pinetree Capital Ltd.,PNPFF,-21.96,0.23,0.777,Yes
8676,Louisiana-Pacific Corporation,LPX,-19.39,0.2,0.72,Yes
8677,Evolve Royalties Ltd,EVRYF,-28.72,0.313,1.401,Yes
8678,"Root, Inc.",ROOT,-35.89,0.409,2.048,Yes
8679,"Shift4 Payments, Inc.",FOUR-PA,-33.44,0.375,0.683,Yes
8680,abrdn Asia-Pacific Income Fund VCC,ABAKF,-7.86,0.076,0.102,No
8681,Ferrexpo plc,FEEXY,-42.87,0.511,1.652,No
8682,DTE Energy Company 2020 Series ,DTB,-11.11,0.109,0.48,Yes
8683,"Fuji Seal International, Inc.",FUJSF,-51.03,0.647,2.587,Yes
8684,Talen Energy Corporation,TLN,-29.44,0.32,1.593,Yes
8685,"MGP Ingredients, Inc.",MGPI,-28.42,0.307,0.602,Yes
8686,"Saddle Ranch Media, Inc.",SRMX,-57.15,0.762,0.607,Yes
8687,Anson Resources Limited,ANSNF,-41.57,0.489,0.189,Yes
8688,"Copart, Inc.",CPRT,-26.03,0.277,0.906,Yes
8689,Capital One Financial Corporation,COF-PJ,-7.49,0.072,0.242,Yes
8690,DraftKings Inc.,DKNG,-33.13,0.368,0.981,Yes
8691,"THOR Industries, Inc.",THO,-24.45,0.257,0.975,Yes
8692,Gelteq Limited,GELS,-54.18,0.701,0.001,No
8693,GMTech Inc.,GMTH,-78.48,1.338,2.341,Yes
8694,Envipco Holding N.V.,ENVHF,-50.34,0.63,0.068,Yes
8695,ARB IOT Group Limited,ARBB,-33.29,0.368,1.926,Yes
8696,"Iveda Solutions, Inc.",IVDA,-65.22,0.936,3.986,Yes
8697,YD Bio Ltd,YDES,-71.29,1.096,1.264,No
8698,FRMO Corporation,FRMO,-18.15,0.183,0.586,No
8699,U.S. Bancorp,USB-PR,-6.99,0.067,0.269,Yes
8700,"Sany Heavy Industry Co.,Ltd",SNHIY,-32.79,0.361,2.331,Yes
8701,Versarien plc,VRSRF,-76.0,1.241,4.941,Yes
8702,"Cerenome, Inc.",CNSY,-71.88,1.109,4.632,Yes
8703,Hammer Technology Holdings Corp.,HMMR,-42.56,0.499,0.821,Yes
8704,Shui On Land Limited,SOLLY,-32.41,0.354,1.196,Yes
8705,Coastal Financial Corporation,CCB,-49.14,0.604,0.386,Yes
8706,"Urban One, Inc.",UONE,-56.87,0.746,2.663,Yes
8707,Coveo Solutions Inc.,CVOSF,-44.9,0.534,1.152,Yes
8708,VICI Properties Inc.,VICI,-17.65,0.177,0.583,Yes
8709,LifeQuest World Corporation,LQWC,-33.5,0.368,0.442,Yes
8710,"ARIAKE JAPAN Co., Ltd.",AKEJF,-60.22,0.814,3.229,Yes
8711,Tencent Music Entertainment Group,TCMEF,-41.52,0.48,1.841,Yes
8712,Bioceres Crop Solutions Corp.,BIOX,-61.29,0.835,2.529,Yes
8713,Transatlantic Mining Corp.,TRRGF,-34.99,0.387,0.035,Yes
8714,"Destination XL Group, Inc.",DXLG,-48.26,0.586,2.244,Yes
8715,"BlackLine, Inc.",BL,-35.21,0.39,0.827,No
8716,"Fulcrum Therapeutics, Inc.",FULC,-50.5,0.624,0.736,Yes
8717,Intelligent Bio Solutions Inc.,INBS,-66.6,0.957,0.758,Yes
8718,Iron Bear Resources Ltd,CMULF,-71.53,1.089,4.037,Yes
8719,Genmin Limited,GENLF,-63.23,0.876,0.06,No
8720,37 Capital Inc.,HHHEF,-53.48,0.677,1.543,No
8721,Klarna Group plc,KLAR,-53.08,0.669,1.771,Yes
8722,Nexity SA,NNXXY,-12.08,0.117,0.403,Yes
8723,Duke Energy Corporation 5.625% ,DUKB,-8.07,0.076,0.342,Yes
8724,Data Storage Corporation,DTST,-28.84,0.306,0.552,Yes
8725,"Visional, Inc.",VISIF,-33.49,0.365,1.395,Yes
8726,Lendlease Group,LLESY,-35.37,0.39,0.246,Yes
8727,Gaming Realms plc,PSDMF,-34.73,0.381,0.241,No
8728,Takara Holdings Inc.,TKHIF,-55.33,0.708,2.765,Yes
8729,Trend Micro Incorporated,TMICF,-38.66,0.434,1.449,Yes
8730,"Ashford Hospitality Trust, Inc.",AHT-PF,-47.92,0.576,0.242,No
8731,"Modular Medical, Inc.",MODD,-71.63,1.084,2.251,Yes
8732,CollPlant Biotechnologies Ltd.,CLGN,-72.12,1.095,0.613,Yes
8733,Lancaster Resources Inc.,LANRF,-48.93,0.589,0.334,No
8734,Mirvac Group,MRVGF,-19.42,0.193,0.427,Yes
8735,Incannex Healthcare Inc.,IXHL,-65.71,0.923,4.124,Yes
8736,Longfor Group Holdings Limited,LGFRY,-43.82,0.507,1.435,Yes
8737,"LendingTree, Inc.",TREE,-50.69,0.618,0.283,Yes
8738,Voya Core Bond ETF,VCOB,-3.89,0.036,0.102,Yes
8739,Tema Memory ETF,DISK,-75.41,1.189,,
8740,Intellistake Technologies Corp.,ISTKF,-69.74,1.022,0.101,No
8741,"Laopu Gold Co., Ltd.",LPGCY,-49.49,0.596,1.404,Yes
8742,"T-Mobile US, Inc.",TMUS,-22.92,0.231,0.374,No
8743,China Longyuan Power Group Corporation Limited,CLPXY,-33.75,0.362,0.07,Yes
8744,"Nintendo Co., Ltd.",NTDOF,-34.3,0.369,0.68,No
8745,Pulsenmore Ltd.,PLSM,-64.02,0.876,1.5,Yes
8746,"DigitalBridge Group, Inc.",DBRG-PH,-25.18,0.256,0.592,Yes
8747,LANXESS Aktiengesellschaft,LNXSF,-32.52,0.345,0.967,Yes
8748,Pacific Bay Minerals Ltd.,PBMFF,-17.59,0.171,0.005,No
8749,EBOS Group Limited,EBOSY,-33.08,0.352,2.141,No
8750,Hainan Meilan International Airport Company Limited,HMCTF,-42.44,0.481,1.122,No
8751,Microbot Medical Inc.,MBOT,-47.25,0.555,1.324,No
8752,"Cannabis Bioscience International Holdings, Inc.",CBIH,-67.38,0.952,2.745,No
8753,"Kyndryl Holdings, Inc.",KD,-48.76,0.579,0.446,Yes
8754,Israel Acquisitions Corp,ISLUF,-12.26,0.116,0.007,No
8755,Jollibee Foods Corporation,JBFCY,-35.75,0.386,0.123,No
8756,Mag Magna Corp.,MGNC,-66.17,0.92,2.696,Yes
8757,Sea Limited,SE,-34.69,0.372,1.309,Yes
8758,Euroapi S.A.,EAPIF,-55.1,0.686,3.482,Yes
8759,"Shanghai Fosun Pharmaceutical (Group) Co., Ltd.",SFOSF,-35.24,0.378,0.419,No
8760,Lunai Bioworks Inc.,LNAI,-68.92,0.985,0.227,No
8761,AerSale Corporation,ASLE,-31.72,0.332,1.133,Yes
8762,WSP Global Inc.,WSPOF,-29.67,0.306,0.814,Yes
8763,illumin Holdings Inc.,ILLMF,-43.33,0.489,1.743,Yes
8764,Morgan Stanley,MS-PO,-7.16,0.065,0.17,Yes
8765,"DigitalBridge Group, Inc.",DBRG-PI,-24.49,0.244,0.604,Yes
8766,bpost NV/SA,BPOSY,-35.12,0.373,0.915,Yes
8767,Golden Minerals Company,AUMN,-44.85,0.51,0.902,Yes
8768,Zimplats Holdings Limited,ZMPLF,-33.07,0.346,1.001,Yes
8769,Homerun Resources Inc.,HMRFF,-36.18,0.385,0.822,Yes
8770,"Phreesia, Inc.",PHR,-44.15,0.497,2.379,Yes
8771,Kingdee International Software Group Company Limited,KGDEY,-46.19,0.527,0.11,Yes
8772,BTCS Inc.,BTCS,-64.69,0.87,4.054,Yes
8773,DPC Dash Ltd,DPCDF,-54.57,0.666,3.083,Yes
8774,Wipro Limited,WIT,-28.36,0.286,0.567,Yes
8775,Ayujoy Herbals Ltd.,AJOY,-49.1,0.572,0.701,Yes
8776,Genting Berhad,GEBHF,-30.24,0.309,0.548,Yes
8777,Morgan Stanley,MS-PL,-8.79,0.08,0.291,Yes
8778,CABCO Trust for JC Penney Debentures,PFH,-10.61,0.097,0.454,Yes
8779,Rheinmetall AG,RNMBF,-39.99,0.434,0.363,Yes
8780,"SunHydrogen, Inc.",HYSR,-36.82,0.391,1.493,Yes
8781,"Kodiak AI, Inc.",KDKRW,-63.96,0.849,3.547,Yes
8782,"Pershing Square USA, Ltd.",PSUS,-20.33,0.195,0.076,Yes
8783,CSC Holdings Limited,CSGGF,-62.15,0.808,1.707,No
8784,"NextEra Energy, Inc.",NEE-PV,-20.25,0.194,0.171,Yes
8785,Sagtec Global Limited,SAGT,-59.23,0.748,2.744,No
8786,AT&T Inc.,T-PC,-10.49,0.095,0.458,Yes
8787,Pool Corporation,POOL,-36.71,0.387,0.433,Yes
8788,Electra Battery Materials Corporation,ELBM,-47.15,0.535,2.662,Yes
8789,"Maximus, Inc.",MMS,-34.12,0.353,0.888,Yes
8790,Associated Banc-Corp,ASB-PE,-5.87,0.052,0.1,Yes
8791,Autotrader Group plc,ATDRF,-33.36,0.342,0.883,Yes
8792,Global Education Communities Corp.,GECSF,-28.18,0.28,0.439,Yes
8793,Scout24 SE,SCOTF,-30.23,0.304,1.522,No
8794,Aurora Spine Corporation,ASAPF,-32.63,0.333,0.25,No
8795,Imugene Limited,IUGNF,-61.08,0.776,1.328,Yes
8796,"MetLife, Inc.",MET-PF,-10.48,0.094,0.497,Yes
8797,Stellantis N.V.,STLA,-38.75,0.41,1.526,Yes
8798,Fort Technology Inc.,FRTT,-39.97,0.427,,
8799,Purple Biotech Ltd,PPBT,-62.53,0.805,1.547,Yes
8800,OIO Group,OIO,-66.6,0.895,4.177,No
8801,UBS Asset Management High Yield Credit Fund,DHY,-9.88,0.088,0.273,No
8802,Agentix Corp.,AGTX,-49.74,0.57,0.941,No
8803,"Hadron Energy, Inc.",HDRN,-67.19,0.907,0.738,No
8804,"iRhythm Holdings, Inc.",IRTC,-30.14,0.301,0.986,Yes
8805,"Calix, Inc.",CALX,-36.33,0.377,0.425,No
8806,Truist Financial Corporation,TFC-PO,-11.4,0.102,0.522,Yes
8807,Ribbon Communications Inc.,RBBN,-44.71,0.491,2.662,Yes
8808,Embrace Change Acquisition Corp.,EMCUF,-15.93,0.146,0.534,Yes
8809,Joshua Gold Resources Inc.,JSHG,-60.37,0.756,2.072,Yes
8810,"Volato Group, Inc.",SOAR,-75.8,1.134,2.465,Yes
8811,dotdigital Group Plc,DOTDF,-35.71,0.367,1.806,Yes
8812,WeRide Inc.,WRD,-39.49,0.416,0.268,No
8813,YieldMax DKNG Option Income Strategy ETF,DRAY,-36.04,0.371,1.504,Yes
8814,Rheinmetall AG,RNMBY,-41.47,0.442,0.426,Yes
8815,"SelectQuote, Inc.",SLQT,-64.0,0.827,4.959,Yes
8816,"Línea Directa Aseguradora, S.A., Compañía de Seguros y Reaseguros",LNDAF,-9.09,0.08,0.024,No
8817,Paradigm Gold Corporation,NKLXF,-43.13,0.465,1.852,Yes
8818,Hermès International Société en commandite par actions,HESAY,-24.3,0.232,1.017,Yes
8819,"T-Mobile US, Inc. 5.500% Senior Notes due March 2070",TMUSZ,-12.71,0.114,0.527,Yes
8820,Husqvarna AB (publ),HUSQF,-28.43,0.278,1.676,Yes
8821,"NextNRG, Inc.",NXXT,-78.54,1.216,4.335,Yes
8822,"Onfolio Holdings, Inc.",ONFO,-89.21,1.71,4.087,Yes
8823,VHM Limited,VHMLF,-79.75,1.258,1.849,Yes
8824,Angang Steel Company Limited,ANGGF,-42.17,0.45,0.912,No
8825,Cellebrite DI Ltd.,CLBT,-34.01,0.343,0.26,No
8826,"Airtificial Intelligence Structures, S.A.",AITLF,-45.25,0.493,0.507,No
8827,Grayscale Ethereum High Income ETF,ETCO,-41.62,0.441,0.662,Yes
8828,PROCEPT BioRobotics Corporation,PRCT,-38.66,0.401,0.418,Yes
8829,JDE Peet's N.V.,JDEPY,-8.23,0.072,0.204,No
8830,Huntington Bancshares Incorporated,HBANZ,-14.47,0.13,0.527,Yes
8831,The Gabelli Multimedia Trust Inc.,GGT-PG,-6.44,0.056,0.148,Yes
8832,HLS Therapeutics Inc.,HLTRF,-28.6,0.278,1.351,Yes
8833,The Gabelli Multimedia Trust Inc. 5.125% PFD SER E,GGT-PE,-5.78,0.05,0.113,Yes
8834,Scinai Immunotherapeutics Ltd.,SCNI,-71.0,0.978,3.449,Yes
8835,D2L Inc.,DTLIF,-40.11,0.417,1.397,Yes
8836,PT Indofood Sukses Makmur Tbk,PIFMF,-18.31,0.166,0.365,No
8837,XTM Inc.,XTMIF,-79.72,1.24,2.489,Yes
8838,Upwork Inc.,UPWK,-47.56,0.521,0.243,Yes
8839,W. R. Berkley Corporation 5.70% SB DB 2058,WRB-PE,-11.32,0.099,0.531,Yes
8840,Good Gamer Entertainment Inc.,GGAMF,-65.03,0.833,1.77,No
8841,Graphano Energy Ltd.,GELEF,-40.3,0.417,0.019,No
8842,PIMCO Dynamic Income Fund,PDI,-12.47,0.109,0.237,Yes
8843,"Autonomix Medical, Inc.",AMIX,-69.35,0.93,1.512,Yes
8844,Powell Max Limited,PMAX,-82.68,1.345,3.228,Yes
8845,"AeroVironment, Inc.",AVAV,-48.92,0.538,2.594,Yes
8846,PennantPark Investment Corporation,PNNT,-31.95,0.312,0.878,Yes
8847,Vivos Inc.,RDGL,-41.4,0.43,1.792,No
8848,Metawells Oil & Gas Inc.,KOSK,-55.61,0.643,1.02,No
8849,Chanson International Holding,CHSN,-81.0,1.269,8.875,No
8850,"MetLife, Inc.",MET-PE,-10.74,0.092,0.34,Yes
8851,Halberd Corporation,HALB,-52.7,0.593,0.339,No
8852,Yamazen Corporation,YMZNF,-74.35,1.05,3.737,Yes
8853,Central China Management Company Limited,CCHMF,-66.89,0.862,1.256,Yes
8854,Bitcoin Well Inc.,BCNWF,-65.39,0.828,0.501,Yes
8855,"Ashford Hospitality Trust, Inc.",AHT-PD,-56.95,0.664,0.343,Yes
8856,,DTK,-9.4,0.08,0.441,Yes
8857,"T-Mobile US, Inc. 5.500% Senior Notes due June 2070",TMUSI,-11.77,0.101,0.433,Yes
8858,"Atossa Therapeutics, Inc.",ATOS,-69.21,0.913,1.36,Yes
8859,Niu Technologies,NIU,-52.75,0.591,0.487,Yes
8860,JD Health International Inc.,JDHIY,-41.87,0.431,0.652,Yes
8861,"NextTrip, Inc.",NTRP,-53.13,0.597,1.379,No
8862,"Energy Recovery, Inc.",ERII,-46.5,0.495,0.517,Yes
8863,Beneficient,BENF,-65.74,0.831,0.529,Yes
8864,MCF Energy Ltd.,MCFNF,-66.39,0.846,0.775,No
8865,Altiplano Metals Inc.,ALTPF,-61.42,0.742,0.127,Yes
8866,C3 Metals Inc.,CUAUF,-40.47,0.411,0.654,No
8867,"Post Holdings, Inc.",POST,-22.66,0.206,0.255,Yes
8868,Opendoor Technologies Inc.,OPENL,-80.56,1.238,5.614,Yes
8869,Freedom Gold Corp.,SPODF,-64.33,0.799,0.317,No
8870,"Vertex, Inc.",VERX,-40.82,0.415,1.692,Yes
8871,The Allstate Corporation,ALL-PH,-12.75,0.11,0.487,Yes
8872,"Aether Catalyst Solutions, Inc.",ATHHF,-76.36,1.097,0.737,No
8873,Full Truck Alliance Co. Ltd.,YMM,-32.79,0.315,0.911,Yes
8874,goeasy Ltd.,EHMEF,-63.53,0.779,2.773,Yes
8875,"ReposiTrak, Inc.",TRAK,-43.64,0.451,2.923,Yes
8876,Evogene Ltd.,EVGN,-48.46,0.519,1.34,Yes
8877,BrilliA Inc,BRIA,-35.71,0.349,0.417,Yes
8878,Natixis Loomis Sayles Total Return Bond ETF,LSTB,-5.49,0.045,,
8879,MBIA Inc.,MBI,-34.21,0.33,0.21,Yes
8880,Interroll Holding AG,IRRHF,-29.68,0.278,1.121,Yes
8881,Z Squared Inc.,ZSQR,-73.53,1.008,1.839,Yes
8882,adesso SE,ADSGF,-47.78,0.506,1.029,No
8883,Rockwool A/S,RCWLY,-29.44,0.275,0.184,Yes
8884,"Verisk Analytics, Inc.",VRSK,-22.65,0.203,0.103,No
8885,NIO Inc.,NIO,-42.51,0.431,0.688,No
8886,Delixy Holdings Limited,DLXY,-59.71,0.698,3.401,Yes
8887,Serko Limited,SERKF,-50.85,0.549,1.728,Yes
8888,NIO Inc.,NIOIF,-41.52,0.418,0.612,No
8889,Labrador Gold Corp.,NKOSF,-52.93,0.581,1.986,Yes
8890,Semperit Aktiengesellschaft Holding,SEIGF,-14.06,0.12,0.456,Yes
8891,"MacKenzie Realty Capital, Inc.",MKZR,-63.41,0.767,0.054,Yes
8892,"Inogen, Inc.",INGN,-33.55,0.319,0.587,Yes
8893,"Coeur d'Alene Bancorp, Inc.",CDAB,-6.24,0.051,0.058,Yes
8894,Linkhome Holdings Inc.,LHAI,-76.2,1.071,0.066,No
8895,McCoy Global Inc.,MCCRF,-37.14,0.36,1.052,Yes
8896,Aston Martin Lagonda Global Holdings plc,AMGDF,-50.97,0.547,2.75,Yes
8897,Medicus Pharma Ltd.,MDCX,-77.44,1.106,1.494,Yes
8898,Wolters Kluwer N.V.,WTKWY,-37.21,0.36,0.66,Yes
8899,Edgewater Wireless Systems Inc.,KPIFF,-34.37,0.326,0.305,Yes
8900,Proximus PLC,BGAOF,-29.48,0.271,0.119,No
8901,"Shuttle Pharmaceuticals Holdings, Inc.",SHPH,-81.14,1.222,4.231,Yes
8902,"CASI Pharmaceuticals, Inc.",CASIF,-80.09,1.184,5.051,Yes
8903,"House of Jane, Inc.",HOJI,-45.62,0.466,2.16,No
8904,Stabilus SE,SIUAF,-34.19,0.322,1.817,No
8905,"TurnOnGreen, Inc",TOGI,-66.75,0.823,0.531,Yes
8906,Holmen AB (publ),HLMNY,-18.81,0.161,0.427,Yes
8907,OptimizeRx Corporation,OPRX,-56.53,0.629,1.086,Yes
8908,Cango Inc.,CANG,-80.33,1.187,4.698,Yes
8909,36Kr Holdings Inc.,KRKR,-51.38,0.546,1.39,No
8910,"Cloudweb, Inc.",CLOW,-83.14,1.29,2.038,No
8911,CellaVision AB (publ),CVLLY,-33.74,0.315,0.379,No
8912,"Guangzhou Automobile Group Co., Ltd.",GNZUY,-31.73,0.293,0.814,Yes
8913,"JCR Pharmaceuticals Co., Ltd.",JCRRF,-53.69,0.58,2.316,Yes
8914,Fifth Third Bancorp,FITB-PK,-9.0,0.073,0.186,Yes
8915,"Core & Main, Inc.",CNM,-20.64,0.178,0.482,Yes
8916,"MIRA Pharmaceuticals, Inc.",MIRA,-41.78,0.411,1.021,Yes
8917,Invesco Bulletshares 2030 Treasury Bond ETF,BSTU,-1.69,0.013,,
8918,Revenio Group Oyj,REVXF,-38.81,0.373,0.723,No
8919,The Gabelli Dividend & Income Trust,GDV-PK,-5.13,0.041,0.043,No
8920,Cupani Metals Corp.,CUPIF,-47.42,0.485,1.161,Yes
8921,Leverage Shares 2X Long ECHO Daily ETF,ECHX,-58.91,0.663,1.631,Yes
8922,"Tianci International, Inc.",CIIT,-85.08,1.359,3.098,Yes
8923,"Algorhythm Holdings, Inc.",RIME,-83.72,1.3,0.055,Yes
8924,Cheetah Net Supply Chain Service Inc.,CTNT,-84.51,1.332,7.35,No
8925,Super Hi International Holding Ltd.,HDL,-29.21,0.262,0.239,Yes
8926,Golf Entertainment Group Inc.,GLFEP,-20.87,0.178,0.031,Yes
8927,"Builders FirstSource, Inc.",BLDR,-43.17,0.425,0.724,Yes
8928,Proteome Sciences plc,PMSNF,-70.59,0.895,1.108,Yes
8929,"Aware, Inc.",AWRE,-47.22,0.479,1.826,Yes
8930,U.S. Bancorp,USB-PS,-10.52,0.085,0.337,Yes
8931,Russell Investments Core Plus Bond ETF,BD,-5.97,0.047,,
8932,PT Semen Indonesia (Persero) Tbk,PSGTY,-43.69,0.43,0.012,No
8933,Fusion Fuel Green PLC,HTOO,-46.76,0.47,2.265,Yes
8934,Xiaomi Corporation,XIACY,-47.61,0.482,0.393,No
8935,U.S. Bancorp,USB-PQ,-8.16,0.065,0.236,Yes
8936,Newcore Gold Ltd.,NCAUF,-58.26,0.644,0.859,Yes
8937,Pantera Minerals Limited,PTMLF,-58.94,0.656,0.983,No
8938,"Curtiss Motorcycles Company, Inc.",CMOT,-74.98,1.0,1.917,No
8939,"Joby Aviation, Inc.",JOBY,-54.03,0.575,2.945,Yes
8940,Cabbacis Inc.,CABI,-64.51,0.758,1.356,No
8941,North America Lithium Corp.,NALG,-65.61,0.78,4.025,Yes
8942,BioNxt Solutions Inc.,BNXTF,-49.16,0.502,0.209,No
8943,ESG Inc.,ESGH,-59.11,0.658,0.7,Yes
8944,Shenzhou International Group Holdings Limited,SHZHY,-40.5,0.388,0.996,Yes
8945,IL2M International Corp,ILIM,-66.17,0.79,1.663,No
8946,"Yamato Holdings Co., Ltd.",YATRY,-26.49,0.231,0.74,Yes
8947,"Mentor Capital, Inc.",MNTR,-56.0,0.603,0.792,No
8948,PGIM AAA CLO Aggregate Duration ETF,AAAD,-4.35,0.034,,
8949,CanAlaska Uranium Ltd.,CVVUF,-64.31,0.746,0.75,Yes
8950,GrainCorp Limited,GRNCY,-30.24,0.268,0.353,No
8951,AT&T Inc. 5.35% GLB NTS 66,TBB,-11.19,0.089,0.398,Yes
8952,"AEye, Inc.",LIDR,-50.26,0.512,1.202,Yes
8953,Graphic Packaging Holding Company,GPK,-39.86,0.376,1.201,Yes
8954,Stardust Power Inc.,SDST,-78.78,1.095,3.521,Yes
8955,"Ashford Hospitality Trust, Inc.",AHT-PI,-51.81,0.533,1.139,Yes
8956,Public Storage,PSA-PH,-11.38,0.091,0.35,Yes
8957,Tractor Supply Company,TSCO,-36.3,0.333,0.874,No
8958,Trip.com Group Limited,TCOM,-39.55,0.371,0.611,Yes
8959,West High Yield (W.H.Y.) Resources Ltd.,WHYRF,-34.1,0.308,0.398,No
8960,"Innovative Payment Solutions, Inc.",IPSI,-78.89,1.098,0.611,No
8961,HDFC Bank Limited,HDB,-33.03,0.297,0.81,Yes
8962,Martin Midstream Partners L.P.,MMLP,-23.34,0.198,0.488,No
8963,enCore Energy Corp.,EU,-56.88,0.611,2.354,Yes
8964,Trip.com Group Limited,TRPCF,-40.4,0.38,0.895,No
8965,Whirlpool Corp,WHR-PA,-22.51,0.189,0.302,Yes
8966,Canadian Apartment Properties Real Estate Investment Trust,CDPYF,-17.32,0.141,0.511,Yes
8967,Natural Health Trends Corp.,NHTC,-54.97,0.576,1.894,Yes
8968,Superior Mining International Corporation,SUIFF,-75.67,0.994,1.031,No
8969,ACCESS Newswire Inc.,ACCS,-47.18,0.462,2.039,No
8970,SEEK Limited,SKLTF,-42.37,0.401,1.37,No
8971,Trio Petroleum Corp.,TPET,-74.43,0.959,3.862,No
8972,"TransCode Therapeutics, Inc.",RNAZ,-72.45,0.908,0.975,No
8973,"PharmaCyte Biotech, Inc.",PMCB,-46.2,0.448,1.649,Yes
8974,Kemper Corporation,KMPR,-41.46,0.388,0.235,Yes
8975,TNL Mediagene,TNMG,-81.98,1.181,0.513,No
8976,China Rare Earth Holdings Limited,CREQF,-87.6,1.416,0.589,No
8977,"Prudential Financial, Inc. 5.62",PRS,-13.46,0.106,0.437,Yes
8978,"Ashford Hospitality Trust, Inc.",AHT-PH,-51.14,0.513,0.815,Yes
8979,Stifel Financial Corp.,SF-PB,-6.64,0.05,0.218,Yes
8980,RATIONAL Aktiengesellschaft,RATIY,-23.55,0.195,0.112,Yes
8981,HELLA GmbH & Co. KGaA,HLLGY,-17.92,0.144,0.222,No
8982,"Visium Technologies, Inc.",VISM,-76.61,1.005,2.652,Yes
8983,"Investcorp Credit Management BDC, Inc.",ICMB,-61.98,0.682,2.388,Yes
8984,"Loop Industries, Inc.",LOOP,-61.91,0.681,0.066,Yes
8985,"Shift4 Payments, Inc.",FOUR,-43.55,0.409,0.1,Yes
8986,"Innovative EV Technologies, Inc.",VAPR,-64.0,0.717,3.991,Yes
8987,XLMedia PLC,XLMDF,-78.39,1.053,0.213,No
8988,Zhibao Technology Inc.,ZBAO,-74.14,0.935,1.39,Yes
8989,Vertex Resource Group Ltd.,VTXGF,-36.98,0.33,0.879,Yes
8990,Weimob Inc.,WEMXF,-47.14,0.452,1.547,No
8991,Signature Bank,SBNYL,-69.7,0.828,0.612,No
8992,"ABVC BioPharma, Inc.",ABVC,-66.08,0.753,3.006,Yes
8993,Direxion Daily Semiconductors Top 5 Bear 2X ETF,TSXD,-64.08,0.714,3.785,No
8994,Stevia Corp.,STEV,-75.35,0.961,3.708,Yes
8995,Curanex Pharmaceuticals Inc,CURX,-65.12,0.733,1.622,No
8996,Beijing Capital International Airport Company Limited,BJCHF,-42.07,0.387,1.473,No
8997,Shandong Weigao Group Medical Polymer Company Limited,SHWGY,-41.14,0.376,0.81,No
8998,CMS Energy Corporation 5.6% JRSUB NT 78,CMSA,-13.7,0.106,0.385,Yes
8999,Fielmann Group AG,FLMNF,-13.97,0.108,0.023,Yes
9000,"InspireMD, Inc.",NSPR,-59.39,0.629,1.109,No
9001,Virco Mfg. Corporation,VIRC,-22.2,0.18,0.241,Yes
9002,Komax Holding AG,KMAAF,-37.44,0.332,0.278,No
9003,Sega Sammy Holdings Inc.,SGAMF,-31.58,0.269,0.049,Yes
9004,Orexo AB (publ),ORXOY,-35.07,0.306,1.09,No
9005,Kuaishou Technology,KSHTY,-56.43,0.578,0.707,Yes
9006,"Bioqual, Inc.",BIOQ,-18.1,0.143,0.276,No
9007,"Ramaco Resources, Inc.",METCB,-51.36,0.503,1.737,Yes
9008,Natixis Loomis Sayles Dynamic Core Plus ETF,LSCP,-5.73,0.042,,
9009,Copper Property CTL Pass Through Trust,CPPTL,-12.5,0.095,0.162,Yes
9010,Invesco Bulletshares 2031 Treasury Bond ETF,BSTV,-2.76,0.02,,
9011,Dynamic Aerospace Systems,BRQL,-75.14,0.941,2.515,Yes
9012,Kuaishou Technology,KUASF,-48.23,0.459,0.517,No
9013,"ADM Tronics Unlimited, Inc.",ADMT,-56.85,0.58,0.237,No
9014,Midnight Sun Mining Corp.,MDNGF,-56.25,0.571,0.165,Yes
9015,Health Advance Inc.,HADV,-68.14,0.779,1.051,No
9016,PurePlay Nvidia Ecosystem Picks & Shovels Index ETF,NVPS,-64.54,0.709,,
9017,"Sonoma Pharmaceuticals, Inc.",SNOA,-60.89,0.645,1.294,No
9018,Chocoladefabriken Lindt & Sprüngli AG,LDSVF,-26.73,0.219,0.256,No
9019,Stantec Inc.,STN,-31.9,0.269,0.549,Yes
9020,"Alnylam Pharmaceuticals, Inc.",ALNY,-45.25,0.418,0.167,Yes
9021,Hemnet Group AB (publ),HMNTY,-56.87,0.576,1.735,Yes
9022,"ZenaTech, Inc.",ZENA,-59.91,0.624,0.887,Yes
9023,bpost NV/SA,BPOSF,-62.04,0.66,1.671,No
9024,Botanix Pharmaceuticals Limited,BXPHF,-76.35,0.962,1.413,No
9025,Clarivate Plc,CLVT,-45.03,0.413,0.545,Yes
9026,Claranova SE,CRNVF,-45.25,0.415,0.639,No
9027,Alara Resources Ltd,ALULF,-23.06,0.183,0.188,Yes
9028,CervoMed Inc.,CRVO,-63.32,0.68,0.418,No
9029,PDD Holdings Inc.,PDD,-36.14,0.311,0.387,No
9030,Armlogi Holding Corp.,BTOC,-59.24,0.611,3.061,Yes
9031,Alibaba Health Information Technology Limited,ALBHF,-48.22,0.452,0.349,Yes
9032,Oddity Tech Ltd.,ODD,-67.75,0.761,0.431,Yes
9033,"Nuo Therapeutics, Inc.",AURX,-42.97,0.387,0.913,No
9034,Whirlpool Corporation,WHR,-45.1,0.411,0.935,Yes
9035,Grayscale Bitcoin Cash Trust,BCHG,-54.62,0.537,0.587,No
9036,Mixed Martial Arts Group Limited,MMA,-65.67,0.718,4.131,Yes
9037,Smith-Midland Corporation,SMID,-29.05,0.237,0.763,Yes
9038,Regenera Insights Inc.,DCTIF,-65.99,0.722,0.211,No
9039,Landis+Gyr Group AG,LDGYY,-26.43,0.212,0.241,No
9040,Humble Group AB (publ),HMBAF,-33.89,0.284,0.916,Yes
9041,Franklin Wireless Corp.,FKWL,-41.17,0.363,0.16,Yes
9042,St. James Gold Corp.,LRDJF,-43.04,0.384,0.069,Yes
9043,Silver Bullet Mines Corp.,SBMCF,-47.76,0.441,0.214,Yes
9044,Xiaomi Corporation,XIACF,-48.04,0.444,0.367,No
9045,"Entergy Utility Group, Inc. 1ST MTG BD 66",ENO,-5.82,0.042,0.15,Yes
9046,Remedy Entertainment Oyj,RMDEF,-14.18,0.106,0.236,Yes
9047,Federal Home Loan Mortgage Corporation,FMCCN,-40.59,0.353,1.559,Yes
9048,Tong Ren Tang Technologies Co. Ltd.,TGRNF,-29.39,0.237,0.058,Yes
9049,J2 Metals Inc.,JTWOF,-71.47,0.823,3.299,No
9050,"Pennexx Foods, Inc.",PNNX,-59.46,0.6,0.764,Yes
9051,bioMérieux S.A.,BMXMF,-33.99,0.281,0.488,No
9052,"Charter Communications, Inc.",CHTR,-43.42,0.382,1.507,No
9053,GB Group plc,GBGPF,-29.07,0.233,0.063,Yes
9054,"ZIVO Bioscience, Inc.",ZIVO,-67.42,0.736,0.385,No
9055,Spire Inc. 6.375% Junior Subord,SRJN,-12.45,0.091,0.369,Yes
9056,DarioHealth Corp.,DRIO,-54.55,0.525,0.834,Yes
9057,Aventus Capital Inc.,WEDXF,-31.79,0.259,0.124,Yes
9058,Aventus Capital Inc.,WEDX,-31.79,0.259,0.124,Yes
9059,OFA Group,OFAL,-86.66,1.274,2.143,Yes
9060,I-ON Digital Corp.,IONI,-77.12,0.952,3.245,Yes
9061,"Apple Rush Company, Inc.",APRU,-70.27,0.791,0.473,Yes
9062,NeuroOne Medical Technologies Corporation,NMTC,-63.01,0.654,0.266,No
9063,Sona Nanotech Inc.,SNANF,-41.67,0.361,0.699,Yes
9064,Tekcapital plc,TEKCF,-46.46,0.417,0.616,No
9065,Public Storage,PSA-PF,-13.5,0.099,0.457,Yes
9066,KWG Group Holdings Limited,KWGPF,-63.81,0.666,1.313,Yes
9067,Organogenesis Holdings Inc.,ORGO,-56.1,0.544,1.242,Yes
9068,"Walker & Dunlop, Inc.",WD,-47.02,0.423,1.252,Yes
9069,The Alkaline Water Company Inc.,WTER,-79.59,1.016,1.095,Yes
9070,"Exicure, Inc.",XCUR,-63.71,0.662,1.371,No
9071,Snow Rothschild Acquisition Corp,ISNRU,-1.78,0.012,,
9072,Brightstar Lottery PLC,BRSL,-30.18,0.241,0.412,Yes
9073,CEL-SCI Corporation,CVM,-75.78,0.91,0.718,Yes
9074,Nevada Lithium Resources Inc.,NVLHF,-45.96,0.407,1.273,Yes
9075,Youlife Group Inc.,YOUL,-64.21,0.667,0.17,Yes
9076,Hill Incorporated,HSEEF,-75.87,0.907,0.301,Yes
9077,Birchtech Corp.,BCHT,-62.76,0.64,0.502,Yes
9078,"WM Technology, Inc.",MAPS,-61.04,0.612,1.934,No
9079,NanoXplore Inc.,NNXPF,-43.79,0.38,0.899,Yes
9080,"Notable Labs, Ltd.",NTBLQ,-80.48,1.029,0.371,Yes
9081,Real Matters Inc.,RLLMF,-36.2,0.297,1.141,Yes
9082,Serve Robotics Inc.,SERV,-55.09,0.521,2.321,Yes
9083,DelphX Capital Markets Inc.,DPXCF,-78.15,0.961,1.032,Yes
9084,Dynamix Corporation III,DNMXW,-38.77,0.323,0.837,Yes
9085,Etruscus Resources Corp.,ETRUF,-51.0,0.466,0.244,No
9086,PT Chandra Asri Pacific Tbk,PTCAY,-74.23,0.862,1.171,No
9087,Yalla Group Limited,YALA,-27.38,0.211,0.799,Yes
9088,"Fidelity National Information Services, Inc.",FIS,-36.49,0.298,0.001,No
9089,"York Space Systems, Inc.",YSS,-81.93,1.067,4.433,Yes
9090,Bango PLC,BGOPF,-43.19,0.369,1.572,Yes
9091,Branicks Group AG,DDCCF,-61.81,0.618,1.999,Yes
9092,Federal Home Loan Mortgage Corporation,FMCCG,-41.91,0.355,1.826,Yes
9093,KPET Ultra Paceline Corporation,KPET,-5.38,0.037,0.029,Yes
9094,PayPay Corporation,PAYP,-51.29,0.466,1.226,Yes
9095,Sylogist Ltd.,SYZLF,-53.33,0.492,1.96,Yes
9096,Alphabet Inc. Depositary Shares representing a 1/20th Interest in a Share of Series B Mandatory Convertible Preferred Stock,GOOGN,-18.25,0.133,,
9097,Xtra Energy Corp.,XTPT,-73.21,0.83,0.282,No
9098,StoneCo Ltd.,STNE,-37.67,0.309,0.475,Yes
9099,Pacific Imperial Mines Inc.,PCIMF,-74.42,0.858,1.387,No
9100,Change Agents Corporation,CHGA,-88.61,1.321,0.454,Yes
9101,"Tokyo Metro Co., Ltd.",TKMTY,-41.43,0.347,0.929,No
9102,Sands China Ltd.,SCHYY,-34.12,0.272,0.041,No
9103,"Paradium AI, Inc.",PAAI,-76.35,0.901,1.53,Yes
9104,Genasys Inc.,GNSS,-40.33,0.335,0.904,Yes
9105,"Net Savings Link, Inc.",NSAV,-77.89,0.94,3.268,Yes
9106,4Front Ventures Corp.,FFNTF,-77.89,0.94,4.239,No
9107,Australis Capital Inc.,AUSAF,-77.89,0.94,3.744,Yes
9108,International Zeolite Corp.,IZCFF,-84.87,1.157,1.208,No
9109,The Marzetti Company,MZTI,-33.52,0.265,0.028,No
9110,"Mike Lindell Media, Corp.",MLMC,-47.34,0.413,0.44,Yes
9111,"FitLife Brands, Inc.",FTLF,-47.54,0.415,1.346,No
9112,Cheetah Mobile Inc.,CMCM,-55.26,0.513,0.844,Yes
9113,"Prudential Financial, Inc. JR SUB NT 53",PRH,-10.46,0.073,0.335,Yes
9114,Intermap Technologies Corporation,ITMSF,-62.67,0.624,1.022,Yes
9115,Iron Road Limited,IRNRF,-71.05,0.775,0.503,Yes
9116,"Blue Biofuels, Inc.",BIOF,-39.84,0.328,1.702,Yes
9117,TRANSNATIONAL CANNABIS LTD,TRCNF,-82.78,1.076,0.217,Yes
9118,Star Diamond Corporation,SHGDF,-61.15,0.598,0.957,Yes
9119,"International Star, Inc.",ILST,-61.15,0.598,0.916,No
9120,"Uber Technologies, Inc.",UBER,-23.5,0.174,0.517,Yes
9121,Ping An Healthcare and Technology Company Limited,PIAHY,-59.46,0.572,1.47,No
9122,Amplifon S.p.A.,AMFPY,-45.33,0.386,0.483,No
9123,XCHG Limited,XCH,-78.6,0.949,1.327,No
9124,Vistra Corp.,VST,-30.05,0.231,0.854,Yes
9125,"UC Asset, LP",UCASU,-46.26,0.397,1.85,No
9126,Sharp Corporation,SHCAF,-42.69,0.356,0.143,No
9127,"TPG Operating Group II, L.P. 6.950% Fixed-Rate Junior Subordinated Notes due 2064",TPGXL,-8.44,0.057,0.134,No
9128,Ascentage Pharma Group International,ASPHF,-48.81,0.425,0.758,No
9129,"VisionWave Holdings, Inc.",VWAV,-84.24,1.117,4.88,Yes
9130,Zhongsheng Group Holdings Limited,ZHSHF,-55.28,0.507,1.713,No
9131,Click Holdings Limited,CLIK,-79.23,0.958,5.563,Yes
9132,WiseTech Global Limited,WIGBY,-50.81,0.448,1.151,Yes
9133,China Traditional Chinese Medicine Holdings Co. Limited,CHIZF,-39.71,0.321,0.092,No
9134,"Black Rock Coffee Bar, Inc.",BRCB,-56.9,0.526,0.462,No
9135,Atos Group,AEXAF,-45.44,0.382,1.424,No
9136,Trinity Biotech plc,TRIB,-63.79,0.629,2.965,Yes
9137,Valmet Oyj,VLMTY,-28.72,0.216,0.69,No
9138,"Evelo Biosciences, Inc.",EVLO,-71.76,0.775,0.693,Yes
9139,KSB SE & Co. KGaA,KSVRF,-0.84,0.005,0.007,No
9140,Valereum Plc,VLRMF,-88.78,1.291,1.705,No
9141,Cykel AI PLC,DFUKF,-72.17,0.783,1.035,No
9142,China Water Affairs Group Limited,CWAFF,-19.21,0.136,0.098,No
9143,Triumph New Energy Company Limited,LUOYF,-40.82,0.331,0.731,No
9144,Aston Martin Lagonda Global Holdings plc,ARGGY,-54.06,0.485,2.558,Yes
9145,"VivoSim Labs, Inc.",VIVS,-83.18,1.067,2.62,Yes
9146,3DG Holdings (International) Limited,HKRHF,-22.92,0.166,0.274,Yes
9147,Zoetis Inc.,ZTS,-44.98,0.375,0.458,No
9148,Trainline plc,TNLIY,-14.55,0.1,0.099,No
9149,Star Vault AB (publ),SRVTF,-61.37,0.588,0.555,Yes
9150,Great Wall Pan Asia Holdings Limited,GRWWF,-48.14,0.411,0.859,Yes
9151,China MeiDong Auto Holdings Limited,CMEIF,-55.87,0.508,0.543,No
9152,Aferian Plc,AOECF,-68.14,0.701,0.695,Yes
9153,PT Jasa Marga (Persero) Tbk,PTJSY,-36.66,0.288,1.022,Yes
9154,SOS Limited,SOS,-54.71,0.492,2.216,Yes
9155,Lendlease Group,LLESF,-40.95,0.331,1.355,No
9156,NeuroSense Therapeutics Ltd.,NRSN,-61.98,0.596,1.876,Yes
9157,TransCanada PipeLines Limited 6,TCPA,-11.38,0.077,0.213,Yes
9158,VanEck China Semiconductor ETF,SMHC,-82.78,1.049,,
9159,JD Health International Inc.,JDHIF,-38.64,0.306,0.531,Yes
9160,"flyExclusive, Inc.",FLYX,-71.28,0.758,0.559,Yes
9161,"ECGI Holdings, Inc.",ECGI,-67.21,0.68,1.191,No
9162,"Research Solutions, Inc.",RSSS,-39.5,0.314,0.708,Yes
9163,Nyxoah SA,NYXH,-61.95,0.59,2.534,Yes
9164,"First Carolina Financial Services, Inc.",FCBM,-23.03,0.164,,
9165,Computer Modelling Group Ltd.,CMDXF,-35.62,0.274,0.096,No
9166,SkyCity Entertainment Group Limited,SKYZF,-30.12,0.224,0.318,Yes
9167,"Burzynski Research Institute, Inc.",BZYR,-80.03,0.956,0.106,Yes
9168,Verra Mobility Corporation,VRRM,-73.25,0.792,0.974,No
9169,"Ayala Land, Inc.",AYAAF,-40.69,0.324,0.192,No
9170,"Crimson Wine Group, Ltd.",CWGL,-18.17,0.126,0.406,Yes
9171,Global Mofy AI Limited,GMM,-87.49,1.207,2.964,No
9172,Multi Ways Holdings Limited,MWG,-56.85,0.513,1.52,Yes
9173,Mips AB (publ),MPZAF,-37.92,0.295,1.607,No
9174,Linkage Global Inc,UZX,-87.28,1.197,1.43,No
9175,Barco NV,BCNAY,-20.55,0.144,0.229,Yes
9176,"Wynn Resorts, Limited",WYNN,-28.81,0.212,0.353,Yes
9177,Definitive Healthcare Corp.,DH,-71.86,0.759,0.135,No
9178,BioQuest Corp.,BQST,-81.07,0.98,4.274,No
9179,Orexo AB (publ),ORXOF,-48.74,0.409,0.891,Yes
9180,,SKTG,-88.41,1.242,6.606,Yes
9181,St-Georges Eco-Mining Corp.,SXOOF,-64.6,0.626,0.953,No
9182,Silvercrest Asset Management Group Inc.,SAMG,-33.55,0.253,0.123,No
9183,KMD Brands Limited,KTHUF,-60.18,0.558,2.259,No
9184,Ellaktor S.A.,ELLKY,-29.08,0.213,0.764,Yes
9185,"Planet Fitness, Inc.",PLNT,-49.42,0.416,0.875,No
9186,Yiren Digital Ltd.,YRD,-76.63,0.858,2.788,Yes
9187,The Foschini Group Limited,FHNGY,-49.08,0.411,1.726,Yes
9188,Hao Tian International Construction Investment Group Limited,HAOTF,-83.38,1.044,3.109,Yes
9189,"Nippon Sheet Glass Company, Limited",NPSGF,-15.06,0.101,0.226,No
9190,MineralRite Corporation,RITE,-74.37,0.805,4.064,Yes
9191,Shandong Weigao Group Medical Polymer Company Limited,SHWGF,-42.67,0.34,0.188,Yes
9192,"Blum Holdings, Inc.",BLMH,-69.56,0.707,1.87,Yes
9193,"EVI Industries, Inc.",EVI,-53.96,0.469,0.415,No
9194,Lakeside Holding Limited,QNME,-69.21,0.7,0.863,Yes
9195,Fiera Capital Corporation,FRRPF,-25.6,0.182,1.026,Yes
9196,PT Semen Indonesia (Persero) Tbk,PSGTF,-55.69,0.491,0.054,Yes
9197,"Chewy, Inc.",CHWY,-41.06,0.322,0.449,No
9198,"Huadi International Group Co., Ltd.",HUDI,-43.28,0.344,0.085,No
9199,Federal Home Loan Mortgage Corporation PFD 5.30%,FREJP,-45.75,0.37,1.412,Yes
9200,"PennyMac Financial Services, Inc.",PFSI,-39.98,0.309,0.349,Yes
9201,"Authentic Holdings, Inc.",AHRO,-53.25,0.456,1.035,No
9202,MGM China Holdings Limited,MCHVF,-29.6,0.214,0.346,No
9203,"AMERISAFE, Inc.",AMSF,-37.05,0.281,0.638,No
9204,"The Hackett Group, Inc.",HCKT,-39.25,0.301,0.23,Yes
9205,Universal Music Group N.V.,UNVGY,-40.49,0.313,1.702,Yes
9206,"Reliance Global Group, Inc.",EZRA,-86.42,1.134,1.496,Yes
9207,Precise Biometrics AB (publ),PRBCF,-59.87,0.541,0.036,Yes
9208,SM Investments Corporation,SVTMF,-20.53,0.14,0.273,No
9209,"Doximity, Inc.",DOCS,-60.88,0.555,1.171,Yes
9210,"Mobia Medical, Inc.",MOBI,-44.71,0.355,0.832,Yes
9211,Metallurgical Corporation of China Ltd.,MLLUY,-39.49,0.302,0.343,Yes
9212,"DSS, Inc.",DSS,-57.99,0.512,1.957,No
9213,"Esports Entertainment Group, Inc.",GMBL,-68.24,0.669,0.098,No
9214,Lanvin Group Holdings Limited,LANV,-48.14,0.39,0.539,Yes
9215,"Build-A-Bear Workshop, Inc.",BBW,-51.57,0.429,0.974,Yes
9216,"Gossamer Bio, Inc.",GOSS,-84.64,1.056,2.0,Yes
9217,Betsson AB (publ),BTSNY,-43.68,0.341,0.248,Yes
9218,"Actuate Therapeutics, Inc. Common stock",ACTU,-73.36,0.76,2.035,Yes
9219,ShaMaran Petroleum Ltd.,SHPLF,-60.44,0.541,0.831,Yes
9220,CuriosityStream Inc.,CURI,-45.45,0.358,0.908,Yes
9221,"Holistic Asset Finance Group Co., Ltd.",HAFG,-42.91,0.332,0.027,Yes
9222,The Simply Good Foods Company,SMPL,-52.59,0.438,0.014,No
9223,Sono Group N.V.,SSM,-62.9,0.575,0.551,No
9224,"Blend Labs, Inc.",BLND,-55.82,0.477,0.031,Yes
9225,American Shared Hospital Services,AMS,-47.45,0.378,1.133,Yes
9226,Landis+Gyr Group AG,LGYRF,-28.76,0.202,0.881,Yes
9227,Madison Air Solutions Corporation,MAIR,-62.1,0.562,4.75,Yes
9228,"LiqTech International, Inc.",LIQT,-72.78,0.743,0.444,Yes
9229,Pet Valu Holdings Ltd.,PTVLF,-45.1,0.352,0.996,Yes
9230,"Ashford Hospitality Trust, Inc.",AHT-PG,-57.82,0.501,0.875,Yes
9231,"Stem, Inc.",STEM,-64.27,0.594,3.019,Yes
9232,Temple & Webster Group Ltd,TPLWF,-67.14,0.639,0.265,Yes
9233,Jaguar Uranium Corp.,JAGU,-52.02,0.428,0.845,No
9234,Kane Biotech Inc.,KNBIF,-43.42,0.334,1.201,Yes
9235,Swissquote Group Holding SA,SWQGF,-22.95,0.155,0.4,Yes
9236,"Rightscorp, Inc.",RIHT,-69.51,0.677,0.207,No
9237,"Empire State Realty OP, L.P.",OGCP,-36.98,0.271,0.772,Yes
9238,Kelly Partners Group Holdings Limited,KPGHF,-50.62,0.408,0.806,Yes
9239,"Vroom, Inc.",VRM,-62.99,0.566,1.796,Yes
9240,Waterdrop Inc.,WDH,-46.37,0.36,0.577,Yes
9241,"Barnwell Industries, Inc.",BRN,-26.98,0.183,0.349,Yes
9242,Federal National Mortgage Association,FNMAK,-44.08,0.335,1.195,Yes
9243,Uxin Limited,UXIN,-64.03,0.577,0.328,No
9244,Federal National Mortgage Association,FNMA,-48.57,0.381,0.677,Yes
9245,Defiance Daily Target 2X Short TSM ETF,STSM,-71.47,0.7,2.127,No
9246,UP Fintech Holding Limited,TIGR,-51.76,0.416,0.862,Yes
9247,"American Films, Inc.",AMFL,-78.85,0.856,0.022,No
9248,Vulcan Energy Resources Limited,VULNF,-52.92,0.429,2.412,Yes
9249,Foremost Clean Energy Ltd.,FMST,-59.4,0.51,0.968,Yes
9250,Want Want China Holdings Limited,WWNTY,-40.51,0.298,0.584,Yes
9251,SEEK Limited,SKLTY,-43.1,0.323,0.936,Yes
9252,Melco Resorts & Entertainment Limited,MLCO,-44.44,0.336,0.115,Yes
9253,The SPAR Group Ltd,SGPPY,-53.98,0.439,0.74,No
9254,Perfect Moment Ltd. Common Stock,PMNT,-72.07,0.706,1.026,Yes
9255,Onward Medical N.V.,ONWRF,-53.09,0.428,0.77,Yes
9256,"Domo, Inc.",DOMO,-72.24,0.708,3.021,Yes
9257,Siegfried Holding AG,SGFEF,-26.94,0.18,0.397,Yes
9258,"Goliath National, Inc.",GLTH,-83.87,0.985,5.79,No
9259,"China Galaxy Securities Co., Ltd.",CGXYY,-25.18,0.167,0.763,No
9260,"Guangzhou R&F Properties Co., Ltd.",GZUHY,-70.89,0.682,2.864,Yes
9261,"Flowers Foods, Inc.",FLO,-43.34,0.323,1.094,Yes
9262,"Zillow Group, Inc.",ZG,-50.93,0.402,0.77,Yes
9263,Xylem Inc.,XYL,-25.23,0.167,0.101,Yes
9264,"Tokyo Lifestyle Co., Ltd.",TKLF,-54.58,0.443,1.007,Yes
9265,"Upland Software, Inc.",UPLD,-77.36,0.81,3.213,Yes
9266,Budweiser Brewing Company APAC Limited,BDWBF,-24.22,0.158,0.499,Yes
9267,Culpeo Minerals Limited,CPORF,-60.21,0.512,4.074,No
9268,Burford Capital Limited,BUR,-61.5,0.529,2.66,Yes
9269,Atlantic American Corporation,AAME,-50.94,0.398,1.075,Yes
9270,CFN Enterprises Inc.,CNFN,-77.75,0.812,0.625,No
9271,FuboTV Inc.,FUBO,-74.62,0.745,3.887,Yes
9272,Havana Roasters Coffee Companies Inc.,THRC,-66.68,0.602,0.578,No
9273,HomesToLife Ltd.,HTLM,-45.96,0.343,1.673,Yes
9274,"UBS Asset Management Income Fund, Inc.",CIK,-10.06,0.06,0.33,Yes
9275,iTonic Holdings Ltd.,ITOC,-60.15,0.506,0.51,Yes
9276,Weibo Corporation,WB,-41.33,0.298,0.421,Yes
9277,Bitcoin Treasury Corporation,BTCFF,-57.53,0.472,0.301,Yes
9278,Eason Technology Limited,DXF,-82.33,0.919,0.626,Yes
9279,Dometic Group AB (publ),DTCGF,-56.98,0.464,2.088,Yes
9280,Research Frontiers Incorporated,REFR,-67.62,0.612,1.443,Yes
9281,Michael Page Plc,MPGPF,-57.12,0.464,0.816,No
9282,"New Generation Consumer Group, Inc.",NGCG,-87.7,1.092,0.341,No
9283,Worksport Ltd.,WKSP,-78.79,0.824,0.685,Yes
9284,Shenguan Holdings (Group) Limited,SHGXY,-39.63,0.28,1.608,No
9285,SunPower Inc.,SPWR,-78.74,0.822,0.239,Yes
9286,Zepp Health Corporation,ZEPP,-84.67,0.981,3.748,Yes
9287,Abits Group Inc.,ABTS,-79.95,0.85,0.984,Yes
9288,Tencent Holdings Limited,TCEHY,-32.85,0.221,0.235,No
9289,"Filana Therapeutics, Inc.",FLNA,-66.13,0.584,1.005,Yes
9290,Bon Natural Life Limited,BON,-41.65,0.295,1.182,Yes
9291,Yeahka Limited,YHEKF,-53.33,0.414,0.759,No
9292,Sportradar Group AG,SRAD,-52.97,0.41,1.206,No
9293,Nouveau Monde Graphite Inc.,NMG,-47.98,0.356,0.502,Yes
9294,"Commerce.com, Inc.",CMRC,-51.03,0.388,0.811,Yes
9295,"Southland Holdings, Inc.",SLND,-80.13,0.846,0.388,Yes
9296,Federal Home Loan Mortgage Corporation,FREGP,-46.05,0.336,1.499,Yes
9297,Federal Home Loan Mortgage Corporation,FMCKJ,-40.44,0.284,0.868,Yes
9298,"AGNT, Inc",AGNT,-58.55,0.473,0.78,Yes
9299,Federal National Mortgage Association,FNMAS,-40.41,0.282,0.921,Yes
9300,HUTCHMED (China) Limited,HMDCF,-41.13,0.288,0.299,No
9301,SRX Global Inc.,SRXH,-83.75,0.936,0.542,Yes
9302,"Merlin, Inc.",MRLN,-68.01,0.603,2.936,Yes
9303,"Btab Ecommerce Group, Inc.",BBTT,-64.0,0.543,1.859,No
9304,Aspen Insurance Holdings Limited,AHL-PE,-18.49,0.112,0.333,Yes
9305,Nanoco Group plc,NNOCF,-73.6,0.699,1.077,No
9306,RecycLiCo Battery Materials Inc.,AMYZF,-60.6,0.496,1.569,Yes
9307,RLX Technology Inc.,RLX,-31.32,0.204,0.149,Yes
9308,Real REMAX Group Inc.,REAX,-53.93,0.414,0.484,No
9309,Federal Home Loan Mortgage Corporation,FMCC,-51.93,0.392,0.559,Yes
9310,Federal National Mortgage Association,FNMFO,-42.2,0.294,0.958,Yes
9311,Virax Biolabs Group Limited,VRAX,-77.95,0.779,0.19,Yes
9312,"Rollins, Inc.",ROL,-38.32,0.259,0.65,Yes
9313,Arimathea Catholic Bond Index ETF,SHRD,-7.77,0.044,,
9314,"Sintx Technologies, Inc.",SINT,-61.56,0.501,0.116,No
9315,Nanalysis Scientific Corp.,NSCIF,-35.37,0.233,0.322,Yes
9316,Senstar Technologies Corporation,SNT,-63.13,0.52,0.815,Yes
9317,Rail Vision Ltd.,RVSN,-87.4,1.034,0.686,Yes
9318,"Rooshine, Inc.",RSAU,-20.29,0.122,0.105,Yes
9319,"Saga Communications, Inc.",SGA,-25.35,0.157,0.506,No
9320,C&C Group plc,CGPZF,-30.43,0.192,0.107,No
9321,Armory Mining Corp.,RMRYF,-64.92,0.537,1.939,No
9322,Universal Music Group N.V.,UMGNF,-40.88,0.276,1.454,Yes
9323,Invesco Bulletshares 2036 Corporate Bond ETF,BSCA,-10.27,0.058,,
9324,Cytosorbents Corporation,CTSO,-62.07,0.498,1.156,Yes
9325,Boyd Group Services Inc.,BGSI,-54.73,0.409,0.619,Yes
9326,"Stereotaxis, Inc.",STXS,-53.2,0.392,1.569,Yes
9327,"America's Car-Mart, Inc.",CRMT,-85.01,0.936,2.132,Yes
9328,FRNT Financial Inc.,FRFLF,-75.09,0.699,0.528,No
9329,"Houlihan Lokey, Inc.",HLI,-35.17,0.226,0.9,Yes
9330,Impax Asset Management Group Plc,IPXAF,-42.36,0.286,0.172,Yes
9331,Tree Island Steel Ltd.,TWIRF,-18.79,0.11,0.0,Yes
9332,"Rain Enhancement Technologies Holdco, Inc.",RAIN,-78.43,0.764,0.894,No
9333,"Bioxytran, Inc.",BIXT,-67.92,0.574,1.527,No
9334,East Side Games Group Inc.,EAGRF,-74.67,0.684,2.958,No
9335,ImagineAR Inc.,IPNFF,-87.02,0.989,0.486,No
9336,Federal Home Loan Mortgage Corporation,FMCCO,-47.81,0.333,1.788,Yes
9337,Karbon-X Corp.,KARX,-69.39,0.593,0.834,No
9338,"Vycor Medical, Inc.",VYCO,-60.43,0.469,0.544,No
9339,Tetragon Financial Group Limited,TGONF,-26.57,0.16,0.033,Yes
9340,"Seres Therapeutics, Inc.",MCRB,-71.23,0.62,0.249,No
9341,"Beyond Air, Inc.",XAIR,-88.28,1.025,0.592,Yes
9342,"BioLargo, Inc.",BLGO,-41.82,0.276,0.04,No
9343,Manolete Partners Plc,MANOF,-57.04,0.425,1.949,No
9344,"Zillow Group, Inc.",Z,-54.02,0.392,0.778,Yes
9345,MediWound Ltd.,MDWD,-31.03,0.19,0.078,Yes
9346,Ohmyhome Limited,OMH,-89.23,1.056,0.536,No
9347,Sharp Corporation,SHCAY,-32.15,0.197,0.568,Yes
9348,NuGen Medical Devices Inc.,NGMDF,-73.2,0.643,0.393,No
9349,CEA Industries Inc.,BNC,-59.36,0.447,1.613,Yes
9350,"Empire State Realty OP, L.P.",ESBA,-40.64,0.263,1.46,Yes
9351,Brii Biosciences Limited,BRIBF,-46.17,0.311,0.011,Yes
9352,Naspers Limited,NPSNY,-33.84,0.209,0.526,Yes
9353,E-Home Household Service Holdings Limited,EJH,-86.5,0.948,2.484,Yes
9354,Alpha Technology Group Limited,ATGL,-69.54,0.581,0.616,Yes
9355,Flutter Entertainment plc,FLUT,-59.27,0.442,0.62,Yes
9356,"Ayala Land, Inc.",AYAAY,-65.44,0.519,2.332,No
9357,"EyeCity.com, Inc.",ICTY,-58.79,0.435,0.704,No
9358,"The OLB Group, Inc.",OLB,-72.16,0.615,1.882,Yes
9359,AECOM,ACM,-47.82,0.321,0.236,Yes
9360,"Getty Images Holdings, Inc.",GETY,-83.55,0.848,1.911,Yes
9361,Scheid Vineyards Inc.,SVIN,-73.99,0.644,0.306,No
9362,BriaCell Therapeutics Corp.,BCTX,-65.39,0.513,0.099,No
9363,Chinasoft International Limited,CFTLF,-34.92,0.213,0.663,Yes
9364,Fidelity Intermediate Municipal Income Fund ETF,FIMU,-7.44,0.039,,
9365,Nano-X Imaging Ltd.,NNOX,-75.31,0.667,0.023,No
9366,"Inter & Co, Inc.",INTR,-41.39,0.264,0.103,No
9367,Planet 13 Holdings Inc.,PLNH,-46.08,0.304,0.505,Yes
9368,Mesa Royalty Trust,MTR,-56.32,0.403,0.186,No
9369,FLUENT Corp.,CNTMF,-54.89,0.388,0.622,Yes
9370,Dune Oil Corp,TRLEF,-36.26,0.222,3.337,Yes
9371,Federal National Mortgage Association,FNMFN,-47.11,0.312,1.164,Yes
9372,Federal Home Loan Mortgage Corporation PFD,FMCKK,-45.63,0.298,1.334,Yes
9373,Federal Home Loan Mortgage Corporation,FREJN,-39.58,0.248,1.02,Yes
9374,"ZhongAn Online P & C Insurance Co., Ltd.",ZZHGY,-42.99,0.275,0.117,No
9375,"iQIYI, Inc.",IQ,-62.69,0.474,0.041,No
9376,Hugoton Royalty Trust,HGTXU,-70.31,0.576,0.527,No
9377,"Cadrenal Therapeutics, Inc.",CVKD,-84.06,0.849,3.691,Yes
9378,Fiverr International Ltd.,FVRR,-60.19,0.442,1.935,Yes
9379,Carlyle Credit Income Fund,CCIF,-42.6,0.27,0.813,Yes
9380,Colliers International Group Inc.,CIGI,-36.4,0.221,0.275,Yes
9381,"Aclarion, Inc.",ACON,-67.21,0.529,0.337,Yes
9382,AXIS Capital Holdings Limited,AXS-PE,-10.18,0.053,0.227,Yes
9383,EssilorLuxottica Société anonyme,ESLOF,-44.03,0.281,0.431,Yes
9384,SITE Centers Corp.,SITC,-44.41,0.283,0.513,Yes
9385,Ark Restaurants Corp.,ARKR,-24.06,0.134,0.302,Yes
9386,J.P. Morgan Exchange-Traded Fund Trust - JPMorgan California Tax Free Bond ETF,JCAL,-9.15,0.047,,
9387,Ontex Group NV,ONXYY,-62.31,0.462,2.002,Yes
9388,Global Uranium Corp.,GURFF,-78.85,0.713,0.226,Yes
9389,Global Uranium Corp.,GURFD,-78.85,0.713,0.226,Yes
9390,Canadian North Resources Inc.,CNRSF,-42.37,0.263,0.114,Yes
9391,"Energy Resource Abundance, Inc.",ERAO,-86.11,0.889,0.709,Yes
9392,Onward Medical N.V.,ONWRY,-55.63,0.383,0.005,Yes
9393,Laurion Mineral Exploration Inc.,LMEFF,-51.95,0.347,0.088,Yes
9394,Panamera Holdings Corporation,PHCI,-69.93,0.557,1.545,No
9395,SunCar Technology Group Inc.,SDA,-69.41,0.549,1.762,No
9396,Prairie Operating Co.,PROP,-72.04,0.588,3.298,No
9397,archTIS Limited,ARHLF,-60.94,0.439,0.912,Yes
9398,Universal Display Corporation,OLED,-42.06,0.259,0.87,Yes
9399,Federal National Mortgage Association,FNMAN,-43.8,0.272,1.139,Yes
9400,ACMAT Corporation,ACMTA,-33.79,0.196,0.271,No
9401,Endava plc,DAVA,-62.57,0.456,0.073,Yes
9402,Federal Home Loan Mortgage Corporation,FMCCM,-42.64,0.262,1.398,Yes
9403,Top Wealth Group Holding Limited,TWG,-87.33,0.915,0.845,No
9404,TechCreate Group Ltd.,TCGLF,-84.92,0.842,,
9405,Eastern International Ltd.,ELOG,-68.53,0.53,1.029,Yes
9406,Vertical Aerospace Ltd.,EVTL,-83.36,0.8,3.016,Yes
9407,Entain Plc,GMVHF,-43.88,0.27,0.738,Yes
9408,Top Ships Inc.,TOPS,-83.31,0.794,0.775,No
9409,Boston Scientific Corporation,BSX,-50.92,0.33,0.321,Yes
9410,Prosus N.V.,PROSF,-35.49,0.205,0.952,Yes
9411,Federal Home Loan Mortgage Corporation PFD 5.1% SAL,FREJO,-35.16,0.203,0.389,Yes
9412,Federal Home Loan Mortgage Corporation,FMCKM,-42.37,0.257,0.53,Yes
9413,Pluri Inc.,PLUR,-66.0,0.492,0.006,No
9414,BioNexus Gene Lab Corp.,BGLC,-70.97,0.56,1.832,Yes
9415,Federal Home Loan Mortgage Corporation,FMCKI,-45.95,0.286,1.022,Yes
9416,"X-Energy, Inc.",XE,-76.13,0.642,2.762,Yes
9417,Federal Home Loan Mortgage Corporation,FMCKP,-41.46,0.248,0.988,Yes
9418,Nemetschek SE,NEMTF,-61.21,0.431,0.007,Yes
9419,Helport AI Limited,HPAI,-85.76,0.852,1.201,Yes
9420,Tencent Holdings Limited,TCTZF,-35.82,0.206,0.203,No
9421,EssilorLuxottica Société anonyme,ESLOY,-42.73,0.257,0.419,Yes
9422,TH International Limited,THCH,-47.35,0.295,0.227,Yes
9423,Rank One Computing Corporation,ROC,-56.07,0.372,1.342,No
9424,"EVgo, Inc.",EVGO,-70.3,0.54,3.495,Yes
9425,Accord Financial Corp.,ACCFF,-72.68,0.574,1.931,No
9426,Lufax Holding Ltd,LU,-67.97,0.506,0.951,Yes
9427,Daqo New Energy Corp.,DQ,-54.58,0.355,0.245,Yes
9428,"Biotricity, Inc.",BTCY,-74.14,0.594,0.227,Yes
9429,Federal National Mortgage Association,FNMAJ,-45.71,0.277,0.891,Yes
9430,HelloFresh SE,HLFFF,-61.17,0.422,2.05,Yes
9431,Xtep International Holdings Limited,XTEPY,-37.95,0.217,0.383,Yes
9432,Federal Home Loan Mortgage Corporation,FMCCP,-48.33,0.297,1.522,Yes
9433,Tencent Music Entertainment Group,TME,-62.86,0.437,1.844,Yes
9434,Insulet Corporation,PODD,-52.37,0.33,0.912,No
9435,SJM Holdings Limited,SJMHF,-47.93,0.292,0.901,Yes
9436,Pearl Diver Credit Company Inc.,PDCC,-37.62,0.212,0.858,Yes
9437,"Veritone, Inc.",VERI,-81.36,0.719,2.706,Yes
9438,Sabio Holdings Inc.,SABOF,-71.21,0.542,0.976,Yes
9439,Summerset Group Holdings Limited,SMGRF,-49.63,0.305,0.459,No
9440,"GPO Plus, Inc.",GPOX,-73.24,0.568,1.1,Yes
9441,Angi Inc.,ANGI,-69.96,0.521,0.733,Yes
9442,Federal Home Loan Mortgage Corporation,FMCCJ,-42.11,0.243,1.063,Yes
9443,Federal National Mortgage Association,FNMAM,-47.52,0.284,0.887,Yes
9444,Zhongsheng Group Holdings Limited,ZSHGY,-68.25,0.495,0.595,Yes
9445,"Viomi Technology Co., Ltd",VIOT,-68.95,0.503,1.06,Yes
9446,Federal Home Loan Mortgage Corporation,FMCCT,-48.69,0.292,0.924,Yes
9447,Defiance KSM TipRanks Analyst ETF,RANK,-40.38,0.227,,
9448,DiDi Global Inc.,DIDIY,-42.42,0.242,0.182,No
9449,Federal National Mortgage Association,FNMAT,-46.87,0.276,0.909,Yes
9450,"Lument Finance Trust, Inc.",LFT,-59.92,0.394,0.001,No
9451,"Claros Mortgage Trust, Inc.",CMTG,-52.67,0.324,0.851,Yes
9452,"GenFlat Holdings, Inc.",GFLT,-65.76,0.456,1.033,No
9453,San Juan Basin Royalty Trust,SJT,-54.81,0.341,0.158,Yes
9454,Grab Holdings Limited,GRAB,-42.36,0.239,0.765,Yes
9455,Rolls-Royce Holdings plc,RLLCF,-67.36,0.472,1.49,No
9456,Future plc,FRNWF,-52.4,0.318,1.074,Yes
9457,Aptiv PLC,APTV,-48.99,0.289,0.117,No
9458,"Vital Farms, Inc.",VITL,-72.85,0.543,0.314,Yes
9459,Federal National Mortgage Association,FNMAL,-48.43,0.283,1.646,Yes
9460,Federal Home Loan Mortgage Corporation,FMCKN,-43.53,0.245,0.233,Yes
9461,Opendoor Technologies Inc.,OPEN,-60.06,0.387,1.579,Yes
9462,"Sunshine Biopharma, Inc.",SBFM,-87.85,0.848,0.618,No
9463,Federal National Mortgage Association,FNMAG,-48.62,0.284,1.296,Yes
9464,Doubleview Gold Corp.,DBLVF,-74.83,0.569,,
9465,Bystronic AG,BYSTF,-60.43,0.388,1.074,Yes
9466,"Mustang Bio, Inc.",MBIO,-64.15,0.428,1.27,Yes
9467,Federal Home Loan Mortgage Corporation,FMCCI,-43.14,0.24,1.134,Yes
9468,YieldMax(TM) RBLX Option Income Strategy ETF,RBLY,-67.09,0.461,0.211,Yes
9469,Brava Energia S.A.,BVENY,-31.27,0.16,0.766,No
9470,Mega Matrix Inc.,MPU,-81.75,0.688,1.771,No
9471,"Eco Science Solutions, Inc.",ESSI,-84.81,0.753,1.458,No
9472,"Arbor Realty Trust, Inc.",ABR,-53.78,0.322,0.274,No
9473,Conavi Medical Corp.,CNVIF,-73.01,0.527,0.432,Yes
9474,Frontier Nuclear and Minerals Inc.,FNUC,-64.4,0.42,0.012,Yes
9475,Ucommune International Ltd,UK,-77.91,0.602,0.222,No
9476,AsiaFIN Holdings Corp.,ASFH,-84.2,0.724,0.531,Yes
9477,Entain Plc,GMVHY,-41.17,0.22,0.088,No
9478,Great Wall Motor Company Limited,GWLLY,-49.34,0.279,0.264,Yes
9479,"Group 1 Automotive, Inc.",GPI,-39.49,0.208,0.267,Yes
9480,Digital China Holdings Limited,DCHIY,-38.38,0.2,0.825,No
9481,Federal Home Loan Mortgage Corporation,FMCCL,-42.56,0.228,0.822,Yes
9482,NOVONIX Limited,NVNXF,-76.14,0.567,3.172,Yes
9483,Bicycle Therapeutics plc,BCYC,-47.77,0.265,1.43,Yes
9484,Mach7 Technologies Limited,TDMMF,-60.16,0.37,1.226,Yes
9485,Clinch Resources Ltd.,CLCHF,-74.84,0.545,7.322,Yes
9486,OverActive Media Corp.,OAMCF,-63.72,0.405,0.106,Yes
9487,DouYu International Holdings Limited,DOYU,-43.71,0.234,0.547,Yes
9488,NOVONIX Limited,NVX,-74.92,0.544,2.297,Yes
9489,New Fortress Energy Inc.,NFE,-84.65,0.722,3.09,Yes
9490,Horizon Robotics,HRZRF,-72.28,0.502,1.502,Yes
9491,"NIKE, Inc.",NKE,-44.03,0.234,0.184,No
9492,Opendoor Technologies Inc.,OPENW,-85.86,0.741,3.009,Yes
9493,Birks Group Inc.,BGICF,-71.15,0.482,0.553,Yes
9494,Granite Point Mortgage Trust Inc.,GPMT,-61.07,0.37,1.058,Yes
9495,"Nippon Electric Glass Co., Ltd.",NPPEY,-57.61,0.338,,
9496,"Sakai Chemical Industry Co., Ltd.",SACIF,-26.44,0.124,,
9497,Pantheon Resources Plc,PTHRF,-49.64,0.272,,
9498,Standard Uranium Ltd.,STTDF,-58.91,0.35,,
9499,"Golden Valley Development, Inc",GVDI,-86.63,0.754,1.388,No
9500,SkinHealth Systems Inc.,SKIN,-65.87,0.418,0.573,Yes
9501,Jackpot Digital Inc.,JPOTF,-66.72,0.427,1.936,Yes
9502,Federal Home Loan Mortgage Corporation,FMCCK,-49.02,0.266,1.102,Yes
9503,Federal Home Loan Mortgage Corporation,FMCKO,-50.07,0.273,1.314,Yes
9504,Grayscale Litecoin Trust,LTCN,-59.52,0.352,0.665,Yes
9505,Federal National Mortgage Association,FNMAP,-46.96,0.249,0.154,Yes
9506,Zoomd Technologies Ltd.,ZMDTF,-76.53,0.55,1.289,No
9507,"Coupang, Inc.",CPNG,-51.24,0.28,0.244,Yes
9508,,SIKI,-83.91,0.682,0.457,Yes
9509,Avicanna Inc.,AVCNF,-50.28,0.273,0.048,Yes
9510,West Coast Silver Limited,ERWWF,-71.63,0.48,0.649,Yes
9511,Jinxin Technology Holding Company,NAMI,-88.63,0.798,2.453,No
9512,"loanDepot, Inc.",LDI,-68.96,0.447,2.056,Yes
9513,"Empire State Realty Trust, Inc.",ESRT,-41.26,0.208,1.218,Yes
9514,Federal National Mortgage Association,FNMAI,-47.11,0.248,0.983,Yes
9515,Ping An Healthcare and Technology Company Limited,PANHF,-64.91,0.4,0.208,Yes
9516,"Mobility Global, Inc.",MBGL,-37.47,0.183,,
9517,XPeng Inc.,XPNGF,-50.46,0.27,0.02,Yes
9518,Prosus N.V.,PROSY,-38.44,0.188,0.685,Yes
9519,Cirrus Aircraft Limited,CRRSF,-57.31,0.324,1.571,Yes
9520,EcoSynthetix Inc.,ECSNF,-48.03,0.251,0.828,Yes
9521,Jiayin Group Inc.,JFIN,-79.47,0.581,3.003,Yes
9522,"Elite Pharmaceuticals, Inc.",ELTP,-55.68,0.306,0.079,Yes
9523,RedCloud Holdings plc,RCT,-85.97,0.704,2.706,Yes
9524,"CoStar Group, Inc.",CSGP,-62.56,0.366,0.037,No
9525,iHuman Inc.,IH,-56.17,0.308,0.814,Yes
9526,Syntholene Energy Corp.,SYNTF,-84.01,0.656,9.823,Yes
9527,"Fold Holdings, Inc.",FLD,-85.1,0.678,1.766,Yes
9528,Pentair plc,PNR,-46.22,0.232,0.183,No
9529,Yieldmax Intc Option Income Strategy ETF,INYY,-85.31,0.678,,
9530,Addex Therapeutics Ltd,ADXN,-59.4,0.332,1.329,Yes
9531,"My Size, Inc.",MYSZ,-73.24,0.477,1.261,Yes
9532,BeLive Holdings,BLIV,-42.46,0.205,0.369,Yes
9533,"GrocerIQ Holdings, Inc.",GRIQ,-85.34,0.672,0.128,No
9534,Federal Home Loan Mortgage Corporation,FMCCH,-45.26,0.222,0.867,Yes
9535,Venu Holding Corporation,VENU,-83.73,0.635,3.447,Yes
9536,NTG Clarity Networks Inc.,NYWKF,-73.1,0.468,0.615,Yes
9537,HelloFresh SE,HELFY,-65.02,0.378,2.143,Yes
9538,uCloudlink Group Inc.,UCL,-80.78,0.573,0.729,No
9539,BAIC Motor Corporation Limited,BCCMY,-62.9,0.354,1.035,Yes
9540,Sino Biopharmaceutical Limited,SBHMY,-36.45,0.165,0.283,No
9541,"Cable One, Inc.",CABO,-83.43,0.617,1.017,No
9542,Scage Future,SCAG,-88.43,0.724,0.34,No
9543,"Catheter Precision, Inc.",VTAK,-89.0,0.738,2.044,Yes
9544,Alphabet Inc. Depositary Shares representing a 1/20th Interest in a Share of Series A Mandatory Convertible Preferred Stock,GOOGM,-19.54,0.078,,
9545,Federal Home Loan Mortgage Corporation,FMCCS,-50.56,0.245,1.249,Yes
9546,Quality Industrial Corp.,QIND,-79.03,0.525,0.225,Yes
9547,Nevis Brands Inc.,NEVIF,-74.98,0.469,0.533,No
9548,Federal Screw Works,FSCR,-35.79,0.156,0.686,No
9549,Federal Home Loan Mortgage Corporation,FMCKL,-49.68,0.239,0.853,Yes
9550,Studio City International Holdings Limited,MSC,-56.6,0.289,0.88,Yes
9551,"SolarMax Technology, Inc.",SMXT,-76.56,0.488,0.155,No
9552,MINISO Group Holding Limited,MNSO,-58.73,0.305,0.354,No
9553,"Dogecoin Cash, Inc.",DOGP,-76.99,0.491,0.802,Yes
9554,"SideChannel, Inc.",SDCH,-58.54,0.3,0.292,Yes
9555,"M2i Global, Inc.",MTWO,-87.67,0.677,2.133,Yes
9556,E-Power Inc.,EPOW,-67.13,0.372,0.399,Yes
9557,"Knightscope, Inc.",KSCP,-76.11,0.467,1.34,No
9558,Accuray Incorporated,ARAY,-83.94,0.586,3.182,Yes
9559,NagaCorp Ltd.,NGCRF,-44.28,0.195,0.483,Yes
9560,J.P. Morgan Exchange-Traded Fund Trust - JPMorgan New York Tax Free Bond ETF,JTNY,-10.0,0.036,,
9561,MEDIROM Healthcare Technologies Inc.,MRM,-57.01,0.278,1.258,Yes
9562,Federal National Mortgage Association,FNMAH,-47.38,0.213,0.881,Yes
9563,"Nu Skin Enterprises, Inc.",NUS,-61.44,0.31,0.48,Yes
9564,Here Group Limited,HERE,-79.23,0.495,0.292,Yes
9565,Canada Goose Holdings Inc.,GOOS,-42.07,0.179,0.545,Yes
9566,"Tenon Medical, Inc.",TNON,-87.7,0.642,1.862,Yes
9567,Clicks Group Limited,CLCGY,-40.66,0.168,0.019,Yes
9568,Barco NV,BCNAF,-43.84,0.184,0.159,Yes
9569,"Arcadia Biosciences, Inc.",RKDA,-84.48,0.555,0.551,Yes
9570,"Ollie's Bargain Outlet Holdings, Inc.",OLLI,-43.14,0.177,0.333,Yes
9571,"Purple Innovation, Inc.",PRPL,-82.2,0.515,1.862,No
9572,Woodbridge Liquidation Trust,WBQNL,-42.84,0.174,0.473,Yes
9573,EHang Holdings Limited,EH,-76.18,0.429,1.919,Yes
9574,Federal National Mortgage Association,FNMAO,-44.62,0.183,0.844,Yes
9575,"MicroVision, Inc.",MVIS,-89.01,0.634,1.428,Yes
9576,"SANUWAVE Health, Inc.",SNWV,-87.04,0.59,1.631,Yes
9577,BAIC Motor Corporation Limited,BMCLF,-63.54,0.303,1.615,No
9578,"FingerMotion, Inc.",FNGR,-85.22,0.547,1.386,Yes
9579,Total Metals Corp.,TTTMF,-81.89,0.492,0.596,Yes
9580,Tantech Holdings Ltd,TANH,-79.55,0.459,0.406,No
9581,UWM Holdings Corporation,UWMC,-74.77,0.399,0.822,Yes
9582,"Barfresh Food Group, Inc.",BRFH,-64.7,0.304,0.555,No
9583,InnoCan Pharma Corporation,INNPF,-85.84,0.55,0.303,No
9584,BitFuFu Inc.,FUFU,-65.93,0.314,1.511,Yes
9585,Vobile Group Limited,VOBIF,-66.0,0.313,0.839,Yes
9586,"Inuvo, Inc.",INUV,-80.7,0.466,0.006,No
9587,Cloudastructure Inc.,CSAI,-86.67,0.559,0.913,Yes
9588,Byrna Technologies Inc.,BYRN,-83.78,0.504,0.576,No
9589,"Intellinetics, Inc.",INLX,-54.11,0.224,0.08,No
9590,Grayscale Ethereum Classic Trust (ETC),ETCG,-62.83,0.281,0.879,Yes
9591,"Niagen Bioscience, Inc.",NAGE,-67.94,0.319,0.871,Yes
9592,"The Trade Desk, Inc.",TTD,-73.11,0.364,0.783,Yes
9593,XPeng Inc.,XPEV,-53.43,0.216,0.217,Yes
9594,Genius Group Limited,GNS,-82.38,0.466,1.123,Yes
9595,Foresight Autonomous Holdings Ltd.,FRSX,-82.84,0.471,0.121,Yes
9596,FinWise Bancorp,FINW,-30.08,0.101,0.085,Yes
9597,"Revelation Biosciences, Inc.",REVB,-82.74,0.456,0.907,Yes
9598,New England Realty Associates Limited Partnership,NEN,-22.38,0.07,0.288,Yes
9599,JW (Cayman) Therapeutics Co. Ltd,JWCTF,-63.39,0.268,0.418,No
9600,Metalpha Technology Holding Limited,MATH,-79.5,0.411,0.514,Yes
9601,Ynvisible Interactive Inc.,YNVYF,-58.74,0.235,0.294,No
9602,"Maruwa Co.,Ltd.",MRUWY,-81.82,0.439,,
9603,Capstone Holding Corp.,CAPS,-85.73,0.496,2.964,No
9604,Grandstand Limited,GRSD,-78.15,0.392,0.025,No
9605,Ascentage Pharma Group Internat,AAPG,-58.2,0.229,0.215,No
9606,Knorex Ltd.,KNRX,-87.73,0.516,2.124,No
9607,Mercer International Inc.,MERC,-86.86,0.487,0.568,No
9608,Seritage Growth Properties,SRG,-53.27,0.191,0.049,No
9609,GreenTree Hospitality Group Ltd.,GHG,-53.63,0.19,0.597,Yes
9610,State Street IG Public & Private ABS ETF,PRAB,-1.62,0.004,0.02,Yes
9611,"NEXGEL, Inc.",NXGL,-85.7,0.45,2.363,Yes
9612,Blackstone Digital Infrastructure Trust Inc.,BXDC,-25.88,0.074,0.741,No
9613,Apogee Acquisition Corp,AACPR,-32.76,0.098,1.068,No
9614,"Kardigan, Inc.",KARD,-62.93,0.234,,
9615,Amana Equity Income ETF,AMEI,-6.21,0.015,,
9616,Honeywell Aerospace Inc.,HONA,-85.78,0.417,,
9617,Great Wall Motor Company Limited,GWLLF,-52.63,0.164,0.213,Yes
9618,American Beacon Aberdeen Municipal High Income ETF,AMHI,-13.86,0.033,,
9619,"Kailera Therapeutics, Inc.",KLRA,-75.63,0.288,0.588,Yes
9620,,TPTS,-75.27,0.284,,
9621,"Imunon, Inc.",IMNN,-70.36,0.248,0.12,Yes
9622,Bitzero Holdings Inc.,AIBZ,-80.69,0.327,,
9623,"Gyrodyne, LLC",GYRO,-52.54,0.153,0.063,Yes
9624,Franklin Street Properties Corp.,FSP,-76.6,0.262,0.395,Yes
9625,Conexeu Sciences Inc.,CNXU,-85.37,0.297,0.555,No
9626,"Invech Holdings, Inc.",IVHI,-81.57,0.253,,
9627,"Liftoff Mobile, Inc.",LFTO,-78.26,0.214,,
9628,Glenstar Minerals Inc.,GSTRF,-83.46,0.213,2.31,Yes
9629,ARC Group Acquisition I Corp,ARCLR,-58.92,0.086,0.619,No
9630,Nuveen Global Infrastructure Fund ETF Class,NGIF,-17.45,0.018,,
9631,Cerebras Systems Inc.,CBRS,-63.42,0.062,0.119,Yes
9632,"FedEx Freight Holding Company, Inc.",FDXF,-51.61,0.036,0.385,Yes
9633,DPC Holdings PLC,DPC,-60.85,0.023,,
9634,Nuveen U.S. Infrastructure ETF,NUIF,-17.01,0.003,,
9635,Vaneck Industrials TruSector ETF,TRUI,-27.98,0.005,,
9636,Voyant International Corp.,VOYT,0.0,0.0,0.0,No
9637,"Vapor Group, Inc.",VPOR,0.0,0.0,0.0,No
9638,Viropro Inc.,VPRO,0.0,0.0,0.0,No
9639,"Vision Airships, Inc.",VPSN,0.0,0.0,0.0,No
9640,"VMS Rehab Systems, Inc.",VRSYF,0.0,0.0,0.0,No
9641,Indigenous Bloom Hemp Corp.,VRTHF,0.0,0.0,0.0,No
9642,"Verus International, Inc.",VRUS,0.0,0.0,0.0,No
9643,"Vasamed, Inc.",VSMD,0.0,0.0,0.0,No
9644,Vision Technology Corp.,VSTCQ,0.0,0.0,0.0,No
9645,"Viscount Systems, Inc.",VSYS,0.0,0.0,0.0,No
9646,Vantage Drilling Company,VTGDF,0.0,0.0,0.0,No
9647,"Vitamin Blue, Inc.",VTMB,0.0,0.0,0.0,No
9648,Vast Solutions Inc,VTON,0.0,0.0,0.0,No
9649,Vast Solutions Inc,VTTH,0.0,0.0,0.0,No
9650,Vortex Brands Co.,VTXB,0.0,0.0,0.0,No
9651,"Vydrotech, Inc.",VYDR,0.0,0.0,0.0,No
9652,WestAmerica Corporation,WACC,0.0,0.0,0.0,No
9653,"Cool Technologies, Inc.",WARM,0.0,0.0,0.0,No
9654,"World Access, Inc.",WAXS,0.0,0.0,0.0,No
9655,WestBond Enterprises Corporation,WBNEF,0.0,0.0,0.0,No
9656,"Wild Brush Energy, Inc.",WBRE,0.0,0.0,0.0,No
9657,Winchester Energy Limited,WCHEF,0.0,0.0,0.0,No
9658,"Wellness Center USA, Inc.",WCUI,0.0,0.0,0.0,No
9659,West Canyon Energy Corp.,WCYN,0.0,0.0,0.0,No
9660,"WeedHire International, Inc.",WDHR,0.0,0.0,0.0,No
9661,PANACHE BEVERAGE INC,WDKA,0.0,0.0,0.0,No
9662,Wisdom Education International Holdings Company Limited,WDMSF,0.0,0.0,0.0,No
9663,Web Blockchain Media Inc.,WEBB,0.0,0.0,0.0,No
9664,WebBeds Group Limited,WEBJF,0.0,0.0,0.0,No
9665,Wavefront Technology Solutions Inc.,WFTSF,0.0,0.0,0.0,No
9666,Wi-Fi Wireless ltd,WFWRF,0.0,0.0,0.0,No
9667,Western Gold Exploration Ltd.,WGELF,0.0,0.0,0.0,No
9668,"WGI Holdings, Inc.",WGIH,0.0,0.0,0.0,No
9669,Champion Gaming Group Inc.,WGRFF,0.0,0.0,0.0,No
9670,,WGSK,0.0,0.0,0.0,No
9671,The Warehouse Group Limited,WHGPF,0.0,0.0,0.0,No
9672,"Wearable Health Solutions, Inc.",WHSI,0.0,0.0,0.0,No
9673,West Island Brands Inc.,WIBFF,0.0,0.0,0.0,No
9674,Simplicity Esports and Gaming Company,WINR,0.0,0.0,0.0,No
9675,"Wireless Xcessories Group, Inc.",WIRX,0.0,0.0,0.0,No
9676,The Western Investment Company of Canada Limited,WIVCF,0.0,0.0,0.0,No
9677,Wildflower Brands Inc.,WLDFF,0.0,0.0,0.0,No
9678,Winland Ocean Shipping Corp.,WLOLQ,0.0,0.0,0.0,No
9679,"Wellstar International, Inc.",WLSI,0.0,0.0,0.0,No
9680,"WMD Holdings Group, Inc.",WMDH,0.0,0.0,0.0,No
9681,"Wellness Matrix Group, Inc.",WMGR,0.0,0.0,0.0,No
9682,"Wyncrest Group, Inc.",WNCG,0.0,0.0,0.0,No
9683,"Wineco Productions, Inc.",WNCP,0.0,0.0,0.0,No
9684,"World Am, Inc.",WOAM,0.0,0.0,0.0,No
9685,Wolf Energy Services Inc.,WOEN,0.0,0.0,0.0,No
9686,"WOWI, Inc.",WOWU,0.0,0.0,0.0,No
9687,Western Pacific Minerals Ltd.,WPMLF,0.0,0.0,0.0,No
9688,"WQN, Inc.",WQNI,0.0,0.0,0.0,No
9689,Decimus Oil Corp.,WSCBF,0.0,,,
9690,"WSB Financial Group, Inc.",WSFGQ,0.0,0.0,0.0,No
9691,"Wall Street Capital, Inc.",WSSE,0.0,0.0,0.0,No
9692,Wesizwe Platinum Limited,WSZWF,0.0,0.0,0.0,No
9693,Global Copper Corp.,WTCRF,0.0,0.0,0.0,No
9694,"World Of Wireless International Telecom, Inc.",WWII,0.0,0.0,0.0,No
9695,"Wowio, Inc.",WWIO,0.0,0.0,0.0,No
9696,"WW Energy, Inc.",WWNG,0.0,0.0,0.0,No
9697,Wind Works Power Corp.,WWPW,0.0,0.0,0.0,No
9698,Xaar plc,XAARF,0.0,0.0,0.0,No
9699,"Xtera Communications, Inc.",XCOMQ,0.0,0.0,0.0,No
9700,"Xcorporeal, Inc.",XCRP,0.0,0.0,0.0,No
9701,Xebec Adsorption Inc.,XEBEQ,0.0,0.0,0.0,No
9702,Xeno Transplants Corporation,XENO,0.0,0.0,0.0,No
9703,"Xtreme Fighting Championships, Inc.",XFCI,0.0,0.0,0.0,No
9704,Cycle Energy Industries Inc.,XFLS,0.0,0.0,0.0,No
9705,"Xiabuxiabu Catering Management (China) Holdings Co., Ltd.",XIAXF,0.0,0.0,0.0,No
9706,Xmet Inc.,XMTTF,0.0,0.0,0.0,No
9707,"Xtreme Motorsports International, Inc.",XTMM,0.0,0.0,0.0,No
9708,"Extreme Biodiesel, Inc.",XTRM,0.0,0.0,0.0,No
9709,"Xynergy Holdings, Inc.",XYNH,0.0,0.0,0.0,No
9710,Yadong Group Holdings Limited,YDGHF,0.0,0.0,0.0,No
9711,YH Entertainment Group,YHEGF,0.0,0.0,0.0,No
9712,Yunfeng Financial Group Limited,YNFGF,0.0,0.0,0.0,No
9713,YourWay Cannabis Brands Inc.,YOURF,0.0,0.0,0.0,No
9714,"Yield10 Bioscience, Inc.",YTENQ,0.0,0.0,0.0,No
9715,"Yuhe International, Inc.",YUII,0.0,0.0,0.0,No
9716,"Yuma Energy, Inc.",YUMAQ,0.0,0.0,0.0,No
9717,Zahav Inc.,ZAHA,0.0,0.0,0.0,No
9718,ZaZa Energy Corporation,ZAZA,0.0,0.0,0.0,No
9719,Zenovia Digital Exchange Corporation,ZDEC,0.0,0.0,0.0,No
9720,"Zenergy International, Inc.",ZENG,0.0,0.0,0.0,No
9721,Zeons Corporation,ZEON,0.0,0.0,0.0,No
9722,"Lightning eMotors, Inc.",ZEVY,0.0,0.0,0.0,No
9723,Zhengwei Group Holdings Company Limited,ZHGWF,0.0,0.0,0.0,No
9724,Zhixin Group Holding Limited,ZHIXF,0.0,0.0,0.0,No
9725,Zhaoheng Hydropower Ltd.,ZHYLF,0.0,0.0,0.0,No
9726,Zecotek Photonics Inc.,ZMSPF,0.0,0.0,0.0,No
9727,Zane Interactive Publishing Inc.,ZNAE,0.0,0.0,0.0,No
9728,"ZNext Mining Corp., Inc.",ZNXT,0.0,0.0,0.0,No
9729,"Zonzia Media, Inc.",ZONX,0.0,0.0,0.0,No
9730,"Zerify, Inc.",ZRFY,0.0,0.0,0.0,No
9731,ZURVITA HOLDINGS INC,ZRVT,0.0,0.0,0.0,No
9732,"ZST Digital Networks, Inc.",ZSTN,0.0,0.0,0.0,No
9733,"ZhongAn Online P & C Insurance Co., Ltd.",ZZHGF,0.0,0.0,0.0,No
9734,Timminco Limited,TIMNF,0.0,0.0,0.0,No
9735,"Tamino Minerals, Inc.",TINO,0.0,0.0,0.0,No
9736,Tix Corporation,TIXC,0.0,0.0,0.0,No
9737,"Taj Systems, Inc.",TJSS,0.0,0.0,0.0,No
9738,TrackX Holdings Inc.,TKXHF,0.0,0.0,0.0,No
9739,Telidyne Inc.,TLDN,0.0,0.0,0.0,No
9740,"Telpac Industries, Inc.",TLPC,0.0,0.0,0.0,No
9741,Temecula Valley Bancorp Inc.,TMCV,0.0,0.0,0.0,No
9742,"Terme Bancorp, Inc.",TMEB,0.0,0.0,0.0,No
9743,ThermoEnergy Corporation,TMEN,0.0,0.0,0.0,No
9744,"Terminus Energy, Inc.",TMGY,0.0,0.0,0.0,No
9745,"Tarsin Mobile, Inc.",TMIX,0.0,0.0,0.0,No
9746,Tele Group Corp.,TMLL,0.0,0.0,0.0,No
9747,"Trimol Group, Inc.",TMOL,0.0,0.0,0.0,No
9748,Times China Holdings Limited,TMPPF,0.0,0.0,0.0,No
9749,Temir Corp.,TMRR,0.0,0.0,0.0,No
9750,True North Energy Corp.,TNEN,0.0,0.0,0.0,No
9751,Jade Power Trust,TNSTF,0.0,0.0,0.0,No
9752,Tonopah Divide Mining Co.,TODM,0.0,0.0,0.0,No
9753,Todos Medical Ltd.,TOMDF,0.0,0.0,0.0,No
9754,Tower One Wireless Corp.,TOWTF,0.0,0.0,0.0,No
9755,"Toys""R""Us ANZ Limited",TOYRF,0.0,0.0,0.0,No
9756,"Triad Pro Innovators, Inc.",TPII,0.0,0.0,0.0,No
9757,"The Pulse Network, Inc.",TPNI,0.0,0.0,0.0,No
9758,Triple P N.V.,TPPPF,0.0,0.0,0.0,No
9759,"TPT Global Tech, Inc.",TPTW,0.0,0.0,0.0,No
9760,"Turbodyne Technologies, Inc.",TRBD,0.0,0.0,0.0,No
9761,"Turbo Global Partners, Inc.",TRBO,0.0,0.0,0.0,No
9762,Tri-Tech Holding Inc.,TRITF,0.0,0.0,0.0,No
9763,"Tracker Corporation of America, Inc. (The)",TRKR,0.0,0.0,0.0,No
9764,Maven Brands Inc.,TRLFF,0.0,0.0,0.0,No
9765,The Trendlines Group Ltd.,TRNGF,0.0,0.0,0.0,No
9766,Triumph Oil & Gas Corp.,TROG,0.0,0.0,0.0,No
9767,Triumph Apparel Corporation,TRUA,0.0,,,
9768,"Trulite, Inc.",TRUL,0.0,0.0,0.0,No
9769,Tuscany Energy Ltd.,TSCAF,0.0,0.0,0.0,No
9770,Technology Solutions Company,TSCC,0.0,0.0,0.0,No
9771,"Tradeshow Marketing Company, Ltd.",TSHO,0.0,0.0,0.0,No
9772,"Therapeutic Solutions International, Inc.",TSOI,0.0,0.0,0.0,No
9773,"That Marketing Solution, Inc.",TSTS,0.0,0.0,0.0,No
9774,"Terra Systems, Inc.",TSYI,0.0,0.0,0.0,No
9775,Tertiary Minerals plc,TTIRF,0.0,0.0,0.0,No
9776,Datable Technology Corporation,TTMZF,0.0,0.0,0.0,No
9777,TruTrace Technologies Inc.,TTTSF,0.0,0.0,0.0,No
9778,Tuesday Morning Corporation,TUEMQ,0.0,0.0,0.0,No
9779,TVA Group Inc.,TVAGF,0.0,0.0,0.0,No
9780,TVC Telecom Incorporated,TVCE,0.0,0.0,0.0,No
9781,"Towne Bancorp, Inc.",TWNE,0.0,0.0,0.0,No
9782,Quantum X Inc,TWOH,0.0,,,
9783,TranSwitch Corporation,TXCCQ,0.0,0.0,0.0,No
9784,"Texhoma Energy, Inc.",TXHE,0.0,0.0,0.0,No
9785,Tongxin International Ltd.,TXIC,0.0,0.0,0.0,No
9786,The Tirex Corporation,TXMC,0.0,0.0,0.0,No
9787,Tyhee Gold Corp.,TYHJF,0.0,0.0,0.0,No
9788,"United American Corp, Inc.",UAMA,0.0,0.0,0.0,No
9789,Urbanimmersive Inc.,UBMRF,0.0,0.0,0.0,No
9790,"UDS Group, Inc.",UDSG,0.0,0.0,0.0,No
9791,"Unique Fabricating, Inc.",UFABQ,0.0,0.0,0.0,No
9792,Universal Mfg. Co.,UFMG,0.0,0.0,0.0,No
9793,"Ultimate Sports Entertainment, Inc.",ULSP,0.0,0.0,0.0,No
9794,Ultrapetrol (Bahamas) Limited,ULTRF,0.0,0.0,0.0,No
9795,Umami Sustainable Seafood Inc.,UMAM,0.0,0.0,0.0,No
9796,EC Healthcare,UNHLF,0.0,0.0,0.0,No
9797,"Tritent International Agriculture, Inc.",UNMK,0.0,0.0,0.0,No
9798,UOMO Media Inc.,UOMO,0.0,0.0,0.0,No
9799,Urban Barns Foods Inc.,URBF,0.0,0.0,0.0,No
9800,DevEx Resources Limited,UREQF,0.0,0.0,0.0,No
9801,"United Resource Holdings Group, Inc.",URHG,0.0,0.0,0.0,No
9802,New Klondike Exploration Ltd.,URPLF,0.0,0.0,0.0,No
9803,United Royale Holdings Corp.,URYL,0.0,0.0,0.0,No
9804,U.S. Energy Initiatives Corporation Inc.,USEI,0.0,0.0,0.0,No
9805,"US Global Nanospace, Inc.",USGA,0.0,0.0,0.0,No
9806,"U.S. National Telecom, Inc.",USNL,0.0,0.0,0.0,No
9807,"U.S. Stem Cell, Inc.",USRM,0.0,0.0,0.0,No
9808,"U.S. Wind Farming, Inc.",USWF,0.0,0.0,0.0,No
9809,Unisync Corp.,USYNF,0.0,0.0,0.0,No
9810,Universal Energy Corp.,UVSE,0.0,0.0,0.0,No
9811,"Universal Systems, Inc.",UVSS,0.0,0.0,0.0,No
9812,Viabuilt Ventures Inc.,VBVT,0.0,0.0,0.0,No
9813,"ViviCells International, Inc.",VCII,0.0,0.0,0.0,No
9814,"Verecloud, Inc.",VCLD,0.0,0.0,0.0,No
9815,"ViewCast.com, Inc.",VCST,0.0,0.0,0.0,No
9816,"Rainmaker Systems, Inc.",VCTL,0.0,0.0,0.0,No
9817,"Videolocity International, Inc.",VCTY,0.0,0.0,0.0,No
9818,Velocity Energy Inc.,VCYE,0.0,0.0,0.0,No
9819,Canadian Overseas Petroleum Limited,VELXQ,0.0,0.0,0.0,No
9820,VIP Entertainment Technologies Inc.,VETIF,0.0,0.0,0.0,No
9821,Vicinity Motor Corp.,VEVMQ,0.0,0.0,0.0,No
9822,The Very Good Food Company Inc.,VGFCQ,0.0,0.0,0.0,No
9823,Boosh Plant-Based Brands Inc.,VGGIF,0.0,0.0,0.0,No
9824,"V Group, Inc.",VGID,0.0,0.0,0.0,No
9825,"Vector 21 Holdings, Inc.",VHLD,0.0,0.0,0.0,No
9826,"VIA Pharmaceuticals, Inc.",VIAP,0.0,0.0,0.0,No
9827,Vice Health and Wellness Inc.,VICFF,0.0,0.0,0.0,No
9828,"Victura Construction Group, Inc.",VICT,0.0,0.0,0.0,No
9829,"Viewtran Group, Inc.",VIEWF,0.0,0.0,0.0,No
9830,"Vie Financial Group, Inc.",VIFI,0.0,0.0,0.0,No
9831,"VIP ComLink, Inc.",VIPK,0.0,0.0,0.0,No
9832,VIPR Corp.,VIPV,0.0,0.0,0.0,No
9833,Avivagen Inc.,VIVXF,0.0,0.0,0.0,No
9834,VisionGlobal Corporation,VIZG,0.0,0.0,0.0,No
9835,"Valentine Beauty, Inc.",VLBI,0.0,0.0,0.0,No
9836,"Super Nova Resources, Inc.",SNRR,0.0,0.0,0.0,No
9837,"Sunrise Consulting Group, Inc.",SNRS,0.0,0.0,0.0,No
9838,"Sense Technologies, Inc.",SNSGF,0.0,0.0,0.0,No
9839,Savoy Energy Corporation,SNVP,0.0,0.0,0.0,No
9840,"Sunnylife Global, Inc.",SNYL,0.0,0.0,0.0,No
9841,Vital Energy Inc.,SNYXF,0.0,0.0,0.0,No
9842,"Sonic Foundry, Inc.",SOFO,0.0,0.0,0.0,No
9843,Strategic Oil & Gas Ltd.,SOGFF,0.0,0.0,0.0,No
9844,Solvbl Solutions Inc.,SOLBF,0.0,0.0,0.0,No
9845,Shui On Land Limited,SOLLF,0.0,0.0,0.0,No
9846,"Solutions Group, Inc.",SOLU,0.0,0.0,0.0,No
9847,Storage Computer Corporation,SOSO,0.0,0.0,0.0,No
9848,Speakeasy Cannabis Club Ltd.,SPBBF,0.0,0.0,0.0,No
9849,"Speed Commerce, Inc.",SPDC,0.0,0.0,0.0,No
9850,Speedus Corp.,SPDE,0.0,0.0,0.0,No
9851,Sentry Petroleum Ltd,SPLM,0.0,0.0,0.0,No
9852,"SpotLite360 IOT Solutions, Inc.",SPLTF,0.0,0.0,0.0,No
9853,"SocialPlay USA, Inc.",SPLY,0.0,0.0,0.0,No
9854,"Speedemissions, Inc.",SPMI,0.0,0.0,0.0,No
9855,Spectrum Technology Corporation,SPOC,0.0,0.0,0.0,No
9856,Spencer Pharmaceutical Inc.,SPPH,0.0,0.0,0.0,No
9857,"Strat Petroleum, Ltd.",SPRL,0.0,0.0,0.0,No
9858,"Supurva Healthcare Group, Inc.",SPRV,0.0,0.0,0.0,No
9859,"SpectrumDNA, Inc.",SPXA,0.0,0.0,0.0,No
9860,Square Chain Corp.,SQCC,0.0,0.0,0.0,No
9861,Sequana Medical NV,SQNMF,0.0,0.0,0.0,No
9862,Stonebridge Resources Explorations Ltd.,SRCX,0.0,0.0,0.0,No
9863,"Southridge Enterprises, Inc.",SRGE,0.0,0.0,0.0,No
9864,Sears Canada Inc.,SRSCQ,0.0,0.0,0.0,No
9865,"Strategic Resources International, Inc.",SRSN,0.0,0.0,0.0,No
9866,Sarissa Resources Inc.,SRSR,0.0,0.0,0.0,No
9867,Stratus Capital Corp.,SRUS,0.0,0.0,0.0,No
9868,Sproutly Canada Inc.,SRUTF,0.0,0.0,0.0,No
9869,Smartcool Systems Inc.,SSCFF,0.0,0.0,0.0,No
9870,SSH Group Limited,SSGLF,0.0,0.0,0.0,No
9871,Interactive Multi-Media Auction Corporation,SSGOF,0.0,0.0,0.0,No
9872,"Sentisearch, Inc.",SSRC,0.0,0.0,0.0,No
9873,Silverstar Holdings Ltd.,SSTRF,0.0,0.0,0.0,No
9874,"Sandy Steele Unlimited, Inc.",SSTU,0.0,0.0,0.0,No
9875,Sure Trace Security Corporation,SSTY,0.0,0.0,0.0,No
9876,SIGNA Sports United N.V.,SSUNF,0.0,0.0,0.0,No
9877,"Secured Services, Inc.",SSVC,0.0,0.0,0.0,No
9878,Sing Tao News Corporation Limited,STAOF,0.0,0.0,0.0,No
9879,"Strategic Global Investments, Inc.",STBV,0.0,0.0,0.0,No
9880,StratoComm Corporation,STCO,0.0,0.0,0.0,No
9881,Seertech Corporation,STCRQ,0.0,0.0,0.0,No
9882,MML Acquisition Corp.,STCXF,0.0,0.0,0.0,No
9883,Standard Energy Corporation,STDE,0.0,0.0,0.0,No
9884,Santaro Interactive Entertainment Company,STIE,0.0,0.0,0.0,No
9885,Sterling Business Solutions Inc.,STLB,0.0,0.0,0.0,No
9886,St Elmo Silver Mines Corp.,STLM,0.0,0.0,0.0,No
9887,StartMonday Technology Corp.,STMDF,0.0,0.0,0.0,No
9888,"StarTronix International, Inc.",STNX,0.0,0.0,0.0,No
9889,Splitit Payments Ltd,STTTF,0.0,0.0,0.0,No
9890,"STI Group, Inc.",STUO,0.0,0.0,0.0,No
9891,Starrex International Ltd.,STXMF,0.0,0.0,0.0,No
9892,"Styleclick, Inc.",STYLA,0.0,0.0,0.0,No
9893,"Stinger Systems, Inc.",STYS,0.0,0.0,0.0,No
9894,Sun Tzu Corporation,STZU,0.0,0.0,0.0,No
9895,Ophir Resources Co.,SUFF,0.0,0.0,0.0,No
9896,"Sunworks, Inc.",SUNWQ,0.0,0.0,0.0,No
9897,"SUTIMCo International, Inc.",SUTI,0.0,0.0,0.0,No
9898,"Suvanza Pharma, LLC",SUVZ,0.0,0.0,0.0,No
9899,"727 Communications, Inc.",SVNJ,0.0,0.0,0.0,No
9900,"Silver Star Energy, Inc.",SVSE,0.0,0.0,0.0,No
9901,"SheerVision, Inc.",SVSO,0.0,0.0,0.0,No
9902,Service Team Inc.,SVTE,0.0,0.0,0.0,No
9903,"Historic Discoveries, Inc.",SVXA,0.0,0.0,0.0,No
9904,Southwest Casino Corp.,SWCC,0.0,0.0,0.0,No
9905,"Seawright Holdings, Inc.",SWRI,0.0,0.0,0.0,No
9906,"Simon Worldwide, Inc.",SWWI,0.0,0.0,0.0,No
9907,Sybleu Inc.,SYBE,0.0,0.0,0.0,No
9908,"Day Tradexchange, Inc.",SYNJ,0.0,0.0,0.0,No
9909,"Liaoning Shuiyun Qinghe Rice Industry Co., Ltd.",SYQH,0.0,0.0,0.0,No
9910,"Synovics Pharmaceuticals, Inc.",SYVC,0.0,0.0,0.0,No
9911,"Sycamore Ventures, Inc.",SYVN,0.0,0.0,0.0,No
9912,Synodon Inc.,SYXXF,0.0,0.0,0.0,No
9913,High Performance Beverages Company,TBEV,0.0,0.0,0.0,No
9914,Tetra Bio-Pharma Inc.,TBPMQ,0.0,0.0,0.0,No
9915,TransCoastal Corporation,TCEC,0.0,0.0,0.0,No
9916,Technology General Corporation,TCGN,0.0,0.0,0.0,No
9917,"Tech Central, Inc.",TCHC,0.0,0.0,0.0,No
9918,"Trustcash Holdings, Inc.",TCHH,0.0,0.0,0.0,No
9919,TransCanna Holdings Inc.,TCNAF,0.0,0.0,0.0,No
9920,Thermodynetics Inc.,TDYT,0.0,0.0,0.0,No
9921,"Terra Energy & Resource Technologies, Inc.",TEGR,0.0,0.0,0.0,No
9922,TECHNOVATIVE GROUP INC,TEHG,0.0,0.0,0.0,No
9923,Tek Digitel Corp.,TEKI,0.0,0.0,0.0,No
9924,TeraForce Technology Corporation,TERA,0.0,0.0,0.0,No
9925,Tevano Systems Holdings Inc.,TEVNF,0.0,0.0,0.0,No
9926,TFN Football Network,TFBN,0.0,0.0,0.0,No
9927,Trans Global Group Inc.,TGGI,0.0,0.0,0.0,No
9928,"Touchpoint Group Holdings, Inc.",TGHI,0.0,0.0,0.0,No
9929,GCDI S.A.,TGLTY,0.0,0.0,0.0,No
9930,"Tiger Reef, Inc.",TGRR,0.0,0.0,0.0,No
9931,Targeted Microwave Solutions Inc.,TGTMF,0.0,0.0,0.0,No
9932,Third Bench Inc.,THBD,0.0,0.0,0.0,No
9933,THC Biomed Intl Ltd.,THCBF,0.0,0.0,0.0,No
9934,"Theralink Technologies, Inc.",THER,0.0,0.0,0.0,No
9935,THG Plc,THGHY,0.0,0.0,0.0,No
9936,THG Plc,THGPF,0.0,0.0,0.0,No
9937,"ThermoGenesis Holdings, Inc.",THMO,0.0,0.0,0.0,No
9938,"Therma-Med, Inc.",THRA,0.0,0.0,0.0,No
9939,"Thresher Industries, Inc.",THRR,0.0,0.0,0.0,No
9940,Intelligent Monitoring Group Limited,THRTF,0.0,,,
9941,ReNeuron Group plc,RNUGF,0.0,0.0,0.0,No
9942,"Rennova Health, Inc.",RNVA,0.0,0.0,0.0,No
9943,LGX Oil + Gas Inc.,ROAOF,0.0,0.0,0.0,No
9944,"Royal Olympic Cruise Lines, Inc.",ROCLF,0.0,0.0,0.0,No
9945,"RiskOn International, Inc.",ROII,0.0,0.0,0.0,No
9946,"Royal Energy Resources, Inc.",ROYE,0.0,0.0,0.0,No
9947,"Rapidtron, Inc.",RPDT,0.0,0.0,0.0,No
9948,Rainier Pacific Financial Group Inc.,RPFG,0.0,0.0,0.0,No
9949,,RPTLD,0.0,0.0,0.0,No
9950,Reliq Health Technologies Inc.,RQHTF,0.0,0.0,0.0,No
9951,R&Q Insurance Holdings Ltd.,RQIHF,0.0,0.0,0.0,No
9952,Reality Racing Inc.,RRGI,0.0,0.0,0.0,No
9953,Rainforest Resources Inc.,RRIF,0.0,0.0,0.0,No
9954,Polaris Northstar Capital Corp.,RSCZF,0.0,0.0,0.0,No
9955,Reservoir Capital Corp.,RSERF,0.0,0.0,0.0,No
9956,Baijiayun Group Ltd,RTCJF,0.0,0.0,0.0,No
9957,"root9B Holdings, Inc.",RTNB,0.0,0.0,0.0,No
9958,"Red Truck Entertainment, Inc.",RTRK,0.0,0.0,0.0,No
9959,"RTS Oil Holdings, Inc.",RTSO,0.0,0.0,0.0,No
9960,RVL Pharmaceuticals plc,RVLPQ,0.0,0.0,0.0,No
9961,Revitalist Lifestyle and Wellness Ltd.,RVLWF,0.0,0.0,0.0,No
9962,RavenQuest BioMed Inc.,RVVQF,0.0,0.0,0.0,No
9963,"RxElite, Inc.",RXEI,0.0,0.0,0.0,No
9964,RYU Apparel Inc.,RYPPF,0.0,0.0,0.0,No
9965,Rize Oncology Inc.,RZONF,0.0,0.0,0.0,No
9966,Starlight Energy Corp,SAEC,0.0,,,
9967,"Safer Shot, Inc.",SAFS,0.0,0.0,0.0,No
9968,Saudi American Holdings Corp.,SAHN,0.0,0.0,0.0,No
9969,"Santeon Group, Inc.",SANT,0.0,0.0,0.0,No
9970,"SavWatt USA, Inc.",SAVW,0.0,0.0,0.0,No
9971,"Subaye, Inc.",SBAY,0.0,0.0,0.0,No
9972,"The Seibels Bruce Group, Inc.",SBBG,0.0,0.0,0.0,No
9973,SBD Capital Corp.,SBDCF,0.0,0.0,0.0,No
9974,Dimerix Limited,SBMJF,0.0,0.0,0.0,No
9975,"Scoobeez Global, Inc.",SCBZ,0.0,0.0,0.0,No
9976,Spot Coffee (Canada) Ltd.,SCFFF,0.0,0.0,0.0,No
9977,"Suncliff, Inc.",SCLF,0.0,0.0,0.0,No
9978,"Scient, Inc.",SCNTQ,0.0,0.0,0.0,No
9979,"School Specialty, LLC",SCOO,0.0,0.0,0.0,No
9980,"ScripsAmerica, Inc.",SCRCQ,0.0,0.0,0.0,No
9981,Justera Health Ltd.,SCRSF,0.0,0.0,0.0,No
9982,"Suncast Solar Energy, Inc.",SCST,0.0,0.0,0.0,No
9983,"Schimatic Cash Transactions Network.com, Inc.",SCTN,0.0,0.0,0.0,No
9984,"Smart Decision, Inc.",SDEC,0.0,0.0,0.0,No
9985,"Scandia, Inc.",SDNI,0.0,0.0,0.0,No
9986,"Siderúrgica Venezolana ""Sivensa"", S.A.",SDNVY,0.0,0.0,0.0,No
9987,Sandston Corporation,SDON,0.0,0.0,0.0,No
9988,Suspect Detection Systems Inc.,SDSS,0.0,0.0,0.0,No
9989,"Signature Devices, Inc.",SDVI,0.0,0.0,0.0,No
9990,SDX Energy Limited,SDXEF,0.0,0.0,0.0,No
9991,"Sector 10, Inc.",SECI,0.0,0.0,0.0,No
9992,Secoo Holding Limited,SECOY,0.0,0.0,0.0,No
9993,"TheDirectory.com, Inc",SEEK,0.0,0.0,0.0,No
9994,"Seelos Therapeutics, Inc.",SEELQ,0.0,0.0,0.0,No
9995,SES Solar Inc.,SESI,0.0,0.0,0.0,No
9996,"SFSB, Inc.",SFBI,0.0,0.0,0.0,No
9997,"Safetek International, Inc.",SFIN,0.0,0.0,0.0,No
9998,SFLMaven Corp.,SFLM,0.0,0.0,0.0,No
9999,"Appreciate Holdings, Inc.",SFRT,0.0,0.0,0.0,No
10000,Sage Gold Inc.,SGGDF,0.0,0.0,0.0,No
10001,"SurgLine International, Inc.",SGLN,0.0,0.0,0.0,No
10002,"Signature Leisure, Inc.",SGLS,0.0,0.0,0.0,No
10003,"StemGen, Inc.",SGNI,0.0,0.0,0.0,No
10004,San Gold Corporation,SGRCF,0.0,0.0,0.0,No
10005,Stonepath Group Inc.,SGRZ,0.0,0.0,0.0,No
10006,Singulus Technologies AG,SGTSY,0.0,0.0,0.0,No
10007,Saguaro Holdings Corp.,SGUJ,0.0,0.0,0.0,No
10008,Strategy International Insurance Group Inc.,SGYI,0.0,0.0,0.0,No
10009,Shi Corporation,SHCC,0.0,0.0,0.0,No
10010,"SearchGuy.com, Inc.",SHGY,0.0,0.0,0.0,No
10011,ShiftCarbon Inc.,SHIFF,0.0,0.0,0.0,No
10012,Shimao Services Holdings Limited,SHMSF,0.0,0.0,0.0,No
10013,"Southern Home Medical, Inc.",SHOM,0.0,0.0,0.0,No
10014,"Sunset Island Group, Inc.",SIGO,0.0,0.0,0.0,No
10015,SIG plc,SIIGF,0.0,0.0,0.0,No
10016,Solar Integrated Roofing Corporation,SIRC,0.0,0.0,0.0,No
10017,Sixth Wave Innovations Inc.,SIXWF,0.0,0.0,0.0,No
10018,"SkyBridge Technology Group, Inc.",SKGO,0.0,0.0,0.0,No
10019,"SK3 Group, Inc.",SKTO,0.0,0.0,0.0,No
10020,Sentry Technology Corp.,SKVY,0.0,0.0,0.0,No
10021,"Spotlight Capital Holdings, Inc.",SLCH,0.0,0.0,0.0,No
10022,Future Mobility Solutions Limited,SLFFF,0.0,0.0,0.0,No
10023,SLANG Worldwide Inc.,SLGWQ,0.0,0.0,0.0,No
10024,Sulja Bros Building Supplies Ltd.,SLJB,0.0,0.0,0.0,No
10025,Silk Energy Limited,SLKEF,0.0,0.0,0.0,No
10026,Searchlight Solutions Ltd.,SLLN,0.0,0.0,0.0,No
10027,,SLRD,0.0,0.0,0.0,No
10028,Select Sands Corp.,SLSDF,0.0,0.0,0.0,No
10029,"Solucorp Industries, Ltd.",SLUP,0.0,0.0,0.0,No
10030,"Silver Star Properties REIT, Inc.",SLVSQ,0.0,0.0,,
10031,"SMA Alliance, Inc.",SMAA,0.0,0.0,0.0,No
10032,"Somatic Systems, Inc.",SMAS,0.0,0.0,0.0,No
10033,Simba Essel Energy Inc.,SMBZF,0.0,0.0,0.0,No
10034,U C Inc.,SMMR,0.0,0.0,0.0,No
10035,"Simtrol, Inc.",SMRL,0.0,0.0,0.0,No
10036,Sunac China Holdings Limited,SNCNF,0.0,,,
10037,Z Fin Limited,SNLKF,0.0,0.0,0.0,No
10038,Homestead Gold and Silver Ltd,SNLM,0.0,0.0,0.0,No
10039,Syntrol Corp.,SNLP,0.0,0.0,0.0,No
10040,"SNM Global Holdings, Inc.",SNMN,0.0,0.0,0.0,No
10041,"Sienna Biopharmaceuticals, Inc.",SNNAQ,0.0,0.0,0.0,No
10042,Poynt Corporation,PNYTF,0.0,0.0,0.0,No
10043,Poseidon Concepts Corp.,POOSF,0.0,0.0,0.0,No
10044,SOPerior Fertilizer Corp.,POTRF,0.0,0.0,0.0,No
10045,Coenzyme-A Inc.,PPII,0.0,0.0,0.0,No
10046,"Patient Portal Technologies, Inc.",PPRG,0.0,0.0,0.0,No
10047,Placer Creek Mining Co.,PRCK,0.0,0.0,0.0,No
10048,Pure Global Cannabis Inc.,PRCNF,0.0,0.0,0.0,No
10049,Phoenix Rising Companies,PRCX,0.0,0.0,0.0,No
10050,Prosperous Future Holdings Limited,PRFUF,0.0,0.0,0.0,No
10051,Paragon Shipping Inc.,PRGNF,0.0,0.0,0.0,No
10052,"Prologic Management Systems, Inc.",PRLO,0.0,0.0,0.0,No
10053,"Proteonomix, Inc.",PROT,0.0,0.0,0.0,No
10054,"ProTek Capital, Inc.",PRPM,0.0,0.0,0.0,No
10055,"Praetorian Property, Inc.",PRRE,0.0,0.0,0.0,No
10056,PRTS CAM Pte. Ltd.,PRTOF,0.0,0.0,0.0,No
10057,"Premier Exhibitions, Inc.",PRXIQ,0.0,0.0,0.0,No
10058,Proxim Wireless Corporation,PRXM,0.0,0.0,0.0,No
10059,Backstageplay Inc.,PRYNF,0.0,0.0,0.0,No
10060,Boundary Gold and Copper Mining Ltd.,PRZFF,0.0,0.0,0.0,No
10061,"Prism Technologies Group, Inc.",PRZM,0.0,0.0,0.0,No
10062,"Profile Solutions, Inc.",PSIQ,0.0,0.0,0.0,No
10063,PACIFIC SPORTS EXCHANGE INC.,PSPX,0.0,0.0,0.0,No
10064,PostRock Energy Corporation,PSTRQ,0.0,0.0,0.0,No
10065,"PTA Holdings, Inc.",PTAH,0.0,0.0,0.0,No
10066,"POET, LLC",PTBBU,0.0,0.0,0.0,No
10067,Pope & Talbot Inc.,PTBTQ,0.0,0.0,0.0,No
10068,PT Global Mediacom Tbk,PTGOF,0.0,0.0,0.0,No
10069,PINE Technology Holdings Limited,PTLYF,0.0,,,
10070,ParcelPal Logistics Inc.,PTNYF,0.0,0.0,0.0,No
10071,"Petrotech Oil and Gas, Inc.",PTOG,0.0,0.0,0.0,No
10072,Petro River Oil Corp.,PTRC,0.0,0.0,0.0,No
10073,Pointerra Limited,PTRRF,0.0,0.0,0.0,No
10074,"Patten Energy Solutions Group, Inc.",PTTN,0.0,0.0,0.0,No
10075,"Photozou Holdings, Inc.",PTZH,0.0,0.0,0.0,No
10076,"Puget Technologies, Inc.",PUGE,0.0,0.0,0.0,No
10077,"Pick-Ups Plus, Inc.",PUPS,0.0,0.0,0.0,No
10078,PURERAY CORPORATION,PURY,0.0,0.0,0.0,No
10079,"Pacific Vegas Global Strategies, Inc.",PVEG,0.0,0.0,0.0,No
10080,Pine Valley Mining Corporation,PVMCF,0.0,0.0,0.0,No
10081,"ProVision Operation Systems, Inc.",PVNO,0.0,0.0,0.0,No
10082,Pacific Wildcat Resources Corp.,PWCRF,0.0,0.0,0.0,No
10083,PacWest Equities Inc.,PWEI,0.0,0.0,0.0,No
10084,Powerlock International Corp.,PWLK,0.0,0.0,0.0,No
10085,Powerlinx Inc.,PWNX,0.0,0.0,0.0,No
10086,Cleantech Power Corp.,PWWRF,0.0,0.0,0.0,No
10087,"Phoenix Footwear Group, Inc.",PXFG,0.0,0.0,0.0,No
10088,PHAXIAM Therapeutics S.A.,PXMTF,0.0,0.0,0.0,No
10089,Phoenix Apps Inc.,PXPP,0.0,0.0,0.0,No
10090,Praxsyn Corporation,PXYN,0.0,0.0,0.0,No
10091,"PayChest, Inc.",PYCT,0.0,0.0,0.0,No
10092,Great Bear Exploration Ltd,PYMOF,0.0,0.0,0.0,No
10093,"Pazoo, Inc.",PZOO,0.0,0.0,0.0,No
10094,"PhaseRx, Inc.",PZRXQ,0.0,0.0,0.0,No
10095,Global PVQ SE,QCLSF,0.0,0.0,0.0,No
10096,"Qingling Motors Co., Ltd.",QGLHF,0.0,0.0,0.0,No
10097,Q2 Gold Resources Inc.,QGRSF,0.0,0.0,0.0,No
10098,Qiansui International Group Co. Ltd.,QIAN,0.0,0.0,0.0,No
10099,"Qingdao Footwear, Inc.",QING,0.0,0.0,0.0,No
10100,QKL Stores Inc.,QKLS,0.0,0.0,0.0,No
10101,"QENEX Communications, Inc.",QNXC,0.0,0.0,0.0,No
10102,Quality Online Education Group Inc.,QOEG,0.0,0.0,0.0,No
10103,Quest Oil Corporation,QOIL,0.0,0.0,0.0,No
10104,"Quality One Wireless, LLC",QOWI,0.0,0.0,0.0,No
10105,Quam Plus International Financial Limited,QPIFF,0.0,0.0,0.0,No
10106,Quantum Solar Power Corp.,QSPW,0.0,0.0,0.0,No
10107,"Radioio, Inc.",RAIO,0.0,0.0,0.0,No
10108,Cadence Minerals Plc,RARMF,0.0,0.0,0.0,No
10109,"RBID.com, Inc.",RBDC,0.0,0.0,0.0,No
10110,"Rising BioSciences, Inc.",RBII,0.0,0.0,0.0,No
10111,"Renewable Energy and Power, Inc.",RBNW,0.0,0.0,0.0,No
10112,"Rebus Holdings, Inc.",RBSH,0.0,0.0,0.0,No
10113,Roboserver Systems Corp.,RBSY,0.0,0.0,0.0,No
10114,"Red Branch Technologies, Inc.",RBTI,0.0,0.0,0.0,No
10115,"RenovaCare, Inc.",RCAR,0.0,0.0,0.0,No
10116,G.E.T.T. Gold Inc.,RCCMF,0.0,0.0,0.0,No
10117,"Rocket City Enterprises, Inc.",RCTY,0.0,0.0,0.0,No
10118,Gathid Ltd,RCWDF,0.0,0.0,0.0,No
10119,Radient Technologies Inc.,RDDTF,0.0,0.0,0.0,No
10120,Radiant Energy Corporation,RDEGF,0.0,0.0,0.0,No
10121,Red Eagle Mining Corporation,RDEMF,0.0,0.0,0.0,No
10122,Rodinia Oil Corp.,RDOIF,0.0,0.0,0.0,No
10123,RDARS Inc.,RDRSF,0.0,0.0,0.0,No
10124,RadView Software Ltd.,RDVWF,0.0,0.0,0.0,No
10125,"REAC Group, Inc.",REAC,0.0,0.0,0.0,No
10126,Recce Pharmaceuticals Ltd,RECEF,0.0,0.0,0.0,No
10127,Rediff.com India Limited,REDFY,0.0,0.0,0.0,No
10128,Resources & Energy Group Limited,REEGF,0.0,0.0,0.0,No
10129,RedFlow Limited,REFXF,0.0,0.0,0.0,No
10130,"Relm Holdings, Inc.",RELM,0.0,0.0,0.0,No
10131,"Renovare Environmental, Inc.",RENO,0.0,0.0,0.0,No
10132,RenuEn Corporation,RENU,0.0,0.0,0.0,No
10133,0913693 B.C. Ltd.,REPCF,0.0,0.0,0.0,No
10134,Romana Food Brands Corp.,RFBC,0.0,0.0,0.0,No
10135,"Rain Forest International, Inc.",RFII,0.0,0.0,0.0,No
10136,Reliant Financial Service Corp.,RFNS,0.0,0.0,0.0,No
10137,RDX Technologies Corporation,RGDEF,0.0,0.0,0.0,No
10138,"Response Genetics, Inc",RGDXQ,0.0,0.0,0.0,No
10139,ResGreen Group International Inc.,RGGI,0.0,0.0,0.0,No
10140,Regnum Corp.,RGMP,0.0,0.0,0.0,No
10141,"REGI U.S., Inc.",RGUS,0.0,0.0,0.0,No
10142,"Bud Genius, Inc.",RIGH,0.0,0.0,0.0,No
10143,RINO International Corporation,RINO,0.0,0.0,0.0,No
10144,RiT Technologies Ltd.,RITT,0.0,0.0,0.0,No
10145,Rivex Technology Corp.,RIVX,0.0,0.0,0.0,No
10146,"Reflectkote, Inc.",RKTE,0.0,0.0,0.0,No
10147,Relevium Technologies Inc.,RLLVF,0.0,0.0,0.0,No
10148,Rainy Mountain Royalty Corp.,RMNXF,0.0,0.0,0.0,No
10149,"Remote Dynamics, Inc.",RMTD,0.0,0.0,0.0,No
10150,"Rocky Mountain Ayre, Inc.",RMTN,0.0,0.0,0.0,No
10151,Rainbow International Corp.,RNBI,0.0,0.0,0.0,No
10152,North-West Oil Group Inc.,NWOL,0.0,0.0,0.0,No
10153,Nationwide Utilities Corporation,NWUC,0.0,0.0,0.0,No
10154,Mobico Group Plc,NXPGY,0.0,0.0,0.0,No
10155,"NXT Nutritionals Holdings, Inc.",NXTH,0.0,0.0,0.0,No
10156,Nexity Financial Corporation,NXTYQ,0.0,0.0,0.0,No
10157,Nyxio Technologies Corporation,NYXO,0.0,0.0,0.0,No
10158,Fort St. James Nickel Corp.,OARFF,0.0,0.0,0.0,No
10159,One Bullion Limited,OBULF,0.0,0.0,0.0,No
10160,"Oncologix Tech, Inc.",OCLG,0.0,0.0,0.0,No
10161,Ocumension Therapeutics,OCUTF,0.0,0.0,,
10162,Odyne Corporation,ODYC,0.0,0.0,0.0,No
10163,"Osage Exploration and Development, Inc.",OEDVQ,0.0,0.0,0.0,No
10164,"Omni Financial Services, Inc.",OFSI,0.0,0.0,0.0,No
10165,Oragin Foods Inc.,OGGFF,0.0,0.0,0.0,No
10166,Oracle Healthcare Acquisition Corp.,OHAQ,0.0,0.0,0.0,No
10167,Oasis Hotel Resort & Casino I,OHTR,0.0,0.0,0.0,No
10168,"OJsys, Inc.",OJSY,0.0,0.0,0.0,No
10169,EvokAI Creative Labs Inc.,OKAIF,0.0,0.0,0.0,No
10170,OneLink Corporation,OLNK,0.0,0.0,0.0,No
10171,Ormand Industries Inc,OMDD,0.0,0.0,0.0,No
10172,"Orthometrix, Inc.",OMRX,0.0,0.0,0.0,No
10173,Omnitek Engineering Corp.,OMTK,0.0,0.0,0.0,No
10174,Oneview Healthcare PLC,ONVVF,0.0,0.0,0.0,No
10175,"Options Media Group Holdings, Inc.",OPMG,0.0,0.0,0.0,No
10176,"1PM Industries, Inc.",OPMZ,0.0,0.0,0.0,No
10177,Optimum Interactive USA Ltd.,OPTL,0.0,0.0,0.0,No
10178,NanoFlex Power Corporation,OPVS,0.0,0.0,0.0,No
10179,Orea Mining Corp.,OREAF,0.0,0.0,0.0,No
10180,"OrgHarvest, Inc.",ORGH,0.0,0.0,0.0,No
10181,Ormet Corporation,ORMTQ,0.0,0.0,0.0,No
10182,OFX Group Limited,ORXXF,0.0,0.0,0.0,No
10183,Outfront Companies,OTFT,0.0,0.0,0.0,No
10184,"O2 Secure Wireless, Inc.",OTOW,0.0,0.0,0.0,No
10185,Viva Entertainment Group Inc.,OTTV,0.0,0.0,0.0,No
10186,Outback Oil & Mineral Exploration Corp.,OUTB,0.0,0.0,0.0,No
10187,OWC Pharmaceutical Research Corp.,OWCP,0.0,0.0,0.0,No
10188,"One World Ventures, Inc.",OWVI,0.0,0.0,0.0,No
10189,Oxford Investments Holdings Inc.,OXIHF,0.0,0.0,0.0,No
10190,PanAmerican BanCorp.,PABN,0.0,0.0,0.0,No
10191,"Pacific Ventures Group, Inc.",PACV,0.0,0.0,0.0,No
10192,Peace Arch Entertainment Group Inc.,PAEGF,0.0,0.0,0.0,No
10193,"Panacos Pharmaceuticals, Inc.",PANC,0.0,0.0,0.0,No
10194,"Patient Access Solutions, Inc.",PASO,0.0,0.0,0.0,No
10195,Shine Minerals Corp.,PAUFF,0.0,0.0,0.0,No
10196,,PAXH,0.0,0.0,0.0,No
10197,"Premium Beverage Group, Inc.",PBEV,0.0,0.0,0.0,No
10198,"PBS Holding, Inc.",PBHG,0.0,0.0,0.0,No
10199,PT Berlian Laju Tanker Tbk,PBLJF,0.0,0.0,0.0,No
10200,"PC Group, Inc.",PCGR,0.0,0.0,0.0,No
10201,Pure Capital Solutions Inc.,PCST,0.0,0.0,0.0,No
10202,PCT Ltd,PCTL,0.0,0.0,0.0,No
10203,Bravern Ventures Ltd.,PCTZF,0.0,0.0,0.0,No
10204,"Paradigm Medical Industries, Inc.",PDMI,0.0,0.0,0.0,No
10205,"Platinum Studios, Inc",PDOS,0.0,0.0,0.0,No
10206,Egetis Therapeutics AB (publ),PDPHF,0.0,0.0,0.0,No
10207,Marathon Group Corp.,PDPR,0.0,0.0,0.0,No
10208,"Pedro's List, Inc.",PDRO,0.0,0.0,0.0,No
10209,Peijia Medical Limited,PEJMF,0.0,0.0,0.0,No
10210,Thoughtful Brands Inc.,PEMTF,0.0,0.0,0.0,No
10211,Pool Safe Inc.,PFFEF,0.0,0.0,0.0,No
10212,"Pathfinder Cell Therapy, Inc.",PFND,0.0,0.0,0.0,No
10213,"Puradyn Filter Technologies, Inc.",PFTI,0.0,0.0,0.0,No
10214,PGI Incorporated,PGAI,0.0,0.0,0.0,No
10215,PIONEER GREEN FARMS INC,PGFF,0.0,0.0,0.0,No
10216,"PGI Energy, Inc.",PGIE,0.0,0.0,0.0,No
10217,PrimeGen Energy Corp.,PGNE,0.0,0.0,0.0,No
10218,Pilgrim Petroleum Corporation,PGPM,0.0,0.0,0.0,No
10219,Patriot Energy Corporation,PGYC,0.0,0.0,0.0,No
10220,"Puhui Wealth Investment Management Co., Ltd.",PHCFF,0.0,0.0,0.0,No
10221,Healius Limited,PHCRF,0.0,0.0,0.0,No
10222,Philux Global Group Inc.,PHIL,0.0,0.0,0.0,No
10223,"PharmaCom BioVet, Inc.",PHMB,0.0,0.0,0.0,No
10224,Phinergy Ltd.,PHNGF,0.0,0.0,0.0,No
10225,"Phosphate Holdings, Inc.",PHPS,0.0,0.0,0.0,No
10226,"Pharmagen, Inc.",PHRX,0.0,0.0,0.0,No
10227,Polaris International Holdings Inc.,PIHN,0.0,0.0,0.0,No
10228,"Piksel, Inc.",PIKL,0.0,0.0,0.0,No
10229,Paiute Oil & Mining Corp.,PIUTQ,0.0,0.0,0.0,No
10230,"Priority Aviation, Inc.",PJET,0.0,0.0,0.0,No
10231,PeakBirch Commerce Inc.,PKBFF,0.0,0.0,0.0,No
10232,Parkson Retail Group Limited,PKSGY,0.0,0.0,0.0,No
10233,"Proliance International, Inc.",PLNTQ,0.0,0.0,0.0,No
10234,Plant Veda Foods Ltd.,PLVFF,0.0,0.0,0.0,No
10235,Peoplesway.com Inc.,PLWY,0.0,0.0,0.0,No
10236,Plyzer Technologies Inc.,PLYZ,0.0,0.0,0.0,No
10237,"PlasmaTech, Inc.",PMAH,0.0,0.0,0.0,No
10238,"Plateau Mineral Development, Inc.",PMDP,0.0,0.0,0.0,No
10239,"PM&E, Inc.",PMEA,0.0,0.0,0.0,No
10240,"Primal Solutions, Inc.",PMSO,0.0,0.0,0.0,No
10241,Primix Corporation,PMXX,0.0,0.0,0.0,No
10242,"Princeton National Bancorp, Inc.",PNBC,0.0,0.0,0.0,No
10243,Pond Technologies Holdings Inc.,PNDHF,0.0,0.0,0.0,No
10244,"Panglobal Brands, Inc.",PNGB,0.0,0.0,0.0,No
10245,Porto Energy Corp.,PNRXF,0.0,0.0,0.0,No
10246,Pinstripes Holdings Inc.,PNSTQ,0.0,0.0,0.0,No
10247,Manulife US Real Estate Investment Trust,MNULF,0.0,0.0,0.0,No
10248,"Mondial Ventures, Inc.",MNVN,0.0,0.0,0.0,No
10249,Mountainview Energy Ltd.,MNVWF,0.0,0.0,0.0,No
10250,Bettermoo(d) Food Corporation,MOOOF,0.0,0.0,0.0,No
10251,Powertap Hydrogen Capital Corp.,MOTNF,0.0,0.0,0.0,No
10252,"Media Pal Holdings, Corp.",MPHD,0.0,0.0,0.0,No
10253,"MPM Technologies, Inc.",MPML,0.0,0.0,0.0,No
10254,"The Motion Picture Group, Inc.",MPRG,0.0,0.0,0.0,No
10255,"Marani Brands, Inc.",MRIB,0.0,0.0,0.0,No
10256,MicroPort CardioFlow Medtech Corporation,MROPF,0.0,0.0,0.0,No
10257,"Mera Pharmaceuticals, Inc.",MRPI,0.0,0.0,0.0,No
10258,Wayland Group Corp.,MRRCF,0.0,0.0,0.0,No
10259,"Marizyme, Inc.",MRZM,0.0,0.0,0.0,No
10260,Mission Ready Solutions Inc.,MSNVF,0.0,0.0,0.0,No
10261,"Metrospaces, Inc.",MSPC,0.0,0.0,0.0,No
10262,Masterbeat Corporation,MSTO,0.0,0.0,0.0,No
10263,"Meltronix, Inc.",MTNX,0.0,0.0,0.0,No
10264,"Mountain Top Properties, Inc.",MTPP,0.0,0.0,0.0,No
10265,"MetaPower International, Inc.",MTPR,0.0,0.0,0.0,No
10266,Matsa Resources Limited,MTRSF,0.0,0.0,0.0,No
10267,"APT MotoVox Group, Inc.",MTVX,0.0,0.0,0.0,No
10268,MVP Holdings Inc.,MVPT,0.0,0.0,0.0,No
10269,Moovly Media Inc.,MVVYF,0.0,0.0,0.0,No
10270,"myFreightWorld Technologies, Inc.",MYFT,0.0,0.0,0.0,No
10271,The Planting Hope Company Inc.,MYLKF,0.0,0.0,0.0,No
10272,Mymetics Corporation,MYMX,0.0,0.0,0.0,No
10273,"My Screen Mobile, Inc.",MYSL,0.0,0.0,0.0,No
10274,"American Environmental, Inc.",MZPS,0.0,0.0,0.0,No
10275,North American Tungsten Corporation Ltd.,NATUF,0.0,0.0,0.0,No
10276,"Navidea Biopharmaceuticals, Inc.",NAVBQ,0.0,0.0,0.0,No
10277,"No Borders, Inc.",NBDR,0.0,0.0,0.0,No
10278,Nationwide Beverage Bottling Corp.,NBVB,0.0,0.0,0.0,No
10279,"NutriPure Beverages, Inc.",NBVG,0.0,0.0,0.0,No
10280,"NuTech Energy Resources, Inc.",NERG,0.0,0.0,0.0,No
10281,"Neurogenesis, Inc.",NEUN,0.0,0.0,0.0,No
10282,Stable Infrastructure Inc.,NFTFF,0.0,0.0,0.0,No
10283,NGE Capital Limited,NGELF,0.0,0.0,0.0,No
10284,Nextgen Food Robotics Corp.,NGRBF,0.0,0.0,0.0,No
10285,New Guinea Gold Corporation,NGUGF,0.0,0.0,0.0,No
10286,Natural Health Farm Holdings Inc.,NHEL,0.0,0.0,0.0,No
10287,"Nouveau Holdings, Ltd.",NHLI,0.0,0.0,0.0,No
10288,NAHL Group Plc,NHLPF,0.0,0.0,0.0,No
10289,Nate's Food Co.,NHMD,0.0,0.0,0.0,No
10290,"Northeast Development Corp., Inc.",NHVP,0.0,0.0,0.0,No
10291,Nilam Resources Inc.,NILA,0.0,0.0,0.0,No
10292,Antares Metals Limited,NISLF,0.0,0.0,0.0,No
10293,Niko Resources Ltd.,NKRSF,0.0,0.0,0.0,No
10294,National Lampoon Inc.,NLMP,0.0,0.0,0.0,No
10295,"Namliong SkyCosmos, Inc.",NLSC,0.0,0.0,0.0,No
10296,New Leaf Ventures Inc,NLVVF,0.0,0.0,0.0,No
10297,"Nanobac Pharmaceuticals, Incorporated",NNBP,0.0,0.0,0.0,No
10298,"Nanoforce, Inc.",NNFC,0.0,0.0,0.0,No
10299,Tesoro Minerals Corp.,NNGVF,0.0,0.0,0.0,No
10300,"Nutranomics, Inc.",NNRX,0.0,0.0,0.0,No
10301,North Bud Farms Inc.,NOBDF,0.0,0.0,0.0,No
10302,Noble Group Limited,NOBGY,0.0,0.0,0.0,No
10303,New Oriental Energy & Chemical Corp,NOEC,0.0,0.0,0.0,No
10304,Noxel Corp.,NOXL,0.0,0.0,0.0,No
10305,NorthPoint Communications Group Inc.,NPNTQ,0.0,0.0,0.0,No
10306,NQ Minerals Plc,NQMLF,0.0,0.0,0.0,No
10307,Narrowstep Inc.,NRWS,0.0,0.0,0.0,No
10308,"National Storm Management, Inc.",NSMG,0.0,0.0,0.0,No
10309,Naturally Splendid Enterprises Ltd.,NSPDF,0.0,0.0,0.0,No
10310,Newron Sport,NSPT,0.0,0.0,0.0,No
10311,"Medcann Industries, Inc.",NSRS,0.0,0.0,0.0,No
10312,Nass Valley Gateway Ltd.,NSVGF,0.0,0.0,0.0,No
10313,N1 Technologies Inc.,NTCHF,0.0,0.0,0.0,No
10314,Natcore Technology Inc.,NTCXF,0.0,0.0,0.0,No
10315,"NanoTech Entertainment, Inc.",NTEK,0.0,0.0,0.0,No
10316,"Network 1 Financial Group, Inc.",NTFL,0.0,0.0,0.0,No
10317,"NanoTech Gaming, Inc.",NTGL,0.0,0.0,0.0,No
10318,"Neurobiological Technologies, Inc.",NTII,0.0,0.0,0.0,No
10319,"NetTalk.com, Inc.",NTLK,0.0,0.0,0.0,No
10320,NetCents Technology Inc.,NTTCF,0.0,0.0,0.0,No
10321,Nunzia Pharmaceutical Company,NUNZ,0.0,0.0,0.0,No
10322,"Rejuvel Bio-Sciences, Inc.",NUUU,0.0,0.0,0.0,No
10323,Nevaro Capital Corporation,NVPLF,0.0,0.0,0.0,No
10324,"Fifty 1 Labs, Inc.",NWAU,0.0,0.0,0.0,No
10325,"New World Brands, Inc.",NWBD,0.0,0.0,0.0,No
10326,Newborn Town Inc.,NWBTF,0.0,0.0,0.0,No
10327,"NewCardio, Inc.",NWCI,0.0,0.0,0.0,No
10328,New World Gold Corporation,NWGC,0.0,0.0,0.0,No
10329,Lexington Gold Ltd,LEXLF,0.0,0.0,0.0,No
10330,Lift & Co. Corp.,LFCOF,0.0,0.0,0.0,No
10331,LifeTech Scientific Corporation,LFTSF,0.0,0.0,0.0,No
10332,"Legends Business Group, Inc.",LGBS,0.0,0.0,0.0,No
10333,Green Block Mining Corp.,LGLOF,0.0,0.0,0.0,No
10334,"LIGATT Security International, Inc.",LGTT,0.0,0.0,0.0,No
10335,Li-Cycle Holdings Corp.,LICYQ,0.0,0.0,0.0,No
10336,LiNiu Technology Group,LINUF,0.0,0.0,0.0,No
10337,LKA Gold Incorporated,LKAI,0.0,0.0,0.0,No
10338,"Live Microsystems, Inc.",LMSC,0.0,0.0,0.0,No
10339,LMWW HOLDINGS INC,LMWW,0.0,0.0,0.0,No
10340,Landore Resources Limited,LNDLF,0.0,0.0,0.0,No
10341,"LianDi Clean Technology, Inc.",LNDT,0.0,0.0,0.0,No
10342,LeanLife Health Inc.,LNLHF,0.0,0.0,0.0,No
10343,Ion Video Ltd,LNNTF,0.0,0.0,0.0,No
10344,0187279 B.C. Ltd.,LNXGF,0.0,0.0,0.0,No
10345,Local Corporation,LOCM,0.0,0.0,0.0,No
10346,"Legend Oil and Gas, Ltd.",LOGL,0.0,0.0,0.0,No
10347,"Lot78, Inc.",LOTE,0.0,0.0,0.0,No
10348,"LEEP, Inc.",LPPI,0.0,0.0,0.0,No
10349,"Longport, Inc.",LPTI,0.0,0.0,0.0,No
10350,Liquid Avatar Technologies Inc.,LQAVF,0.0,0.0,0.0,No
10351,Lord Global Corporation,LRDG,0.0,0.0,0.0,No
10352,Lords & Company Worldwide Holdings Inc.,LRDSF,0.0,0.0,0.0,No
10353,Global Health Clinics Ltd.,LRSND,0.0,0.0,0.0,No
10354,Global Health Clinics Ltd.,LRSNF,0.0,0.0,0.0,No
10355,,LTDH,0.0,0.0,0.0,No
10356,LOUD Technologies Inc.,LTEC,0.0,0.0,0.0,No
10357,"Legacy Technology Holdings, Inc.",LTHO,0.0,0.0,0.0,No
10358,Lithium Technology Corporation,LTHUQ,0.0,0.0,0.0,No
10359,Real Luck Group Ltd.,LUKEF,0.0,0.0,0.0,No
10360,LuxUrban Hotels Inc.,LUXHQ,0.0,0.0,0.0,No
10361,LuxUrban Hotels Inc.,LUXPQ,0.0,0.0,0.0,No
10362,Lai Sun Development Company Limited,LVSDF,0.0,0.0,0.0,No
10363,LCTI Low Carbon Technologies International Inc.,LWCTF,0.0,0.0,0.0,No
10364,Lithium Energi Exploration Inc.,LXENF,0.0,0.0,0.0,No
10365,Registered Plan Private Investments Inc.,LXGTF,0.0,0.0,0.0,No
10366,"Lyric Jeans, Inc.",LYJN,0.0,0.0,0.0,No
10367,"Madison Systems, Inc.",MADI,0.0,0.0,0.0,No
10368,Many Bright Ideas Technologies Inc.,MBGNF,0.0,0.0,0.0,No
10369,MBH Corporation PLC,MBHCF,0.0,0.0,0.0,No
10370,"MobiVentures, Inc.",MBLV,0.0,0.0,0.0,No
10371,"KMA Holding, Inc.",MCDA,0.0,0.0,0.0,No
10372,"MultiCell Technologies, Inc.",MCET,0.0,0.0,0.0,No
10373,mCloud Technologies Corp.,MCLPF,0.0,0.0,0.0,No
10374,"Mucinno Holding, Inc.",MCNO,0.0,0.0,0.0,No
10375,"Marijuana Company of America, Inc.",MCOA,0.0,0.0,0.0,No
10376,Microart Inc.,MCRT,0.0,0.0,0.0,No
10377,"Medical Connections Holdings, Inc.",MCTH,0.0,0.0,0.0,No
10378,"Medican Enterprises, Inc.",MDCN,0.0,0.0,0.0,No
10379,"MediaG3, Inc.",MDGC,0.0,0.0,0.0,No
10380,"MedGen, Inc.",MDIN,0.0,0.0,0.0,No
10381,"Medite Cancer Diagnostics, Inc.",MDIT,0.0,0.0,0.0,No
10382,"Medical International Technology, Inc.",MDLH,0.0,0.0,0.0,No
10383,Midas Minerals Limited,MDMLF,0.0,0.0,0.0,No
10384,"Medinah Minerals, Inc.",MDMN,0.0,0.0,0.0,No
10385,Medra Corporation,MDRA,0.0,0.0,0.0,No
10386,"MedAvail Holdings, Inc.",MDVLQ,0.0,0.0,0.0,No
10387,Medies Inc.,MEDE,0.0,0.0,0.0,No
10388,Miracle Entertainment Inc.,MEMI,0.0,0.0,0.0,No
10389,"Mobilized Entertainment, Inc",MENI,0.0,0.0,0.0,No
10390,Memex Inc.,MENXF,0.0,0.0,0.0,No
10391,"Merriman Holdings, Inc.",MERR,0.0,0.0,0.0,No
10392,"Monarch Gulf Exploration, Inc.",MGFX,0.0,0.0,0.0,No
10393,"Magellan Energy, Ltd.",MGLG,0.0,0.0,0.0,No
10394,"Magellan Industries, Inc.",MGLI,0.0,0.0,0.0,No
10395,"MHHC Enterprises, Inc.",MHHC,0.0,0.0,0.0,No
10396,Montague International Holding Ltd.,MIHL,0.0,0.0,0.0,No
10397,"MJardin Group, Inc.",MJARF,0.0,0.0,0.0,No
10398,Majic Wheels Corp.,MJWL,0.0,0.0,0.0,No
10399,Manitok Energy Inc.,MKRYF,0.0,0.0,0.0,No
10400,"M Line Holdings, Inc.",MLHC,0.0,0.0,0.0,No
10401,"MedLink International, Inc.",MLKNA,0.0,0.0,0.0,No
10402,Montello Resources Ltd.,MLORF,0.0,0.0,0.0,No
10403,Meta Materials Inc.,MMATQ,0.0,0.0,0.0,No
10404,Marmion Industries Corp.,MMIO,0.0,0.0,0.0,No
10405,"Quad M Solutions, Inc.",MMMM,0.0,0.0,0.0,No
10406,"Micro Imaging Technology, Inc.",MMTC,0.0,0.0,0.0,No
10407,"Medical Media Television, Inc.",MMTV,0.0,0.0,0.0,No
10408,MNP Petroleum Corporation,MNAP,0.0,0.0,0.0,No
10409,Mining Global Inc.,MNGG,0.0,0.0,0.0,No
10410,International Housewares Retail Company Limited,IHSWF,0.0,0.0,0.0,No
10411,Imagin Medical Inc.,IMEXF,0.0,0.0,0.0,No
10412,Imagexpres Corp.,IMJX,0.0,0.0,0.0,No
10413,Immage Biotherapeutics Corp.,IMMG,0.0,0.0,0.0,No
10414,IMRIS Inc.,IMRSQ,0.0,0.0,0.0,No
10415,"Image Protect, Inc.",IMTL,0.0,0.0,0.0,No
10416,"InternetArray, Inc.",INAR,0.0,0.0,0.0,No
10417,"Infusion Brands International, Inc.",INBI,0.0,0.0,0.0,No
10418,Indico Resources Ltd.,INDCF,0.0,0.0,0.0,No
10419,Innolog Holdings Corporation,INHC,0.0,0.0,0.0,No
10420,IFinix Corporation,INIX,0.0,0.0,0.0,No
10421,Item 9 Labs Corp.,INLB,0.0,0.0,0.0,No
10422,"In Ovations Holdings, Inc.",INOH,0.0,0.0,0.0,No
10423,InfoNow Corporation,INOW,0.0,0.0,0.0,No
10424,INSPECS Group plc,INPEF,0.0,0.0,0.0,No
10425,"Industry Source Consulting, Inc.",INSO,0.0,0.0,0.0,No
10426,"Industrial Nanotech, Inc.",INTK,0.0,0.0,0.0,No
10427,Iona Energy Inc.,IONAF,0.0,0.0,0.0,No
10428,Ionic Brands Corp.,IONKF,0.0,0.0,0.0,No
10429,Intellipharmaceutics International Inc.,IPCIQ,0.0,0.0,0.0,No
10430,iPic Entertainment Inc.,IPIC,0.0,0.0,0.0,No
10431,"iPackets International, Inc.",IPKL,0.0,0.0,0.0,No
10432,Interplay Entertainment Corp.,IPLY,0.0,0.0,0.0,No
10433,"International Precious Minerals Group, Inc.",IPMG,0.0,0.0,0.0,No
10434,InRob Tech Ltd.,IRBL,0.0,0.0,0.0,No
10435,Intercede Group plc,IRCDF,0.0,0.0,0.0,No
10436,Integrated Drilling Equipment Holdings Corp.,IRIG,0.0,0.0,0.0,No
10437,International Ranger Corp.,IRNG,0.0,0.0,0.0,No
10438,"Ironstone Properties, Inc.",IRNS,0.0,0.0,0.0,No
10439,Isracann Biosciences Inc.,ISCNF,0.0,0.0,0.0,No
10440,"Islet Holdings, Inc.",ISHI,0.0,0.0,0.0,No
10441,"InfoSearch Media, Inc.",ISHM,0.0,0.0,0.0,No
10442,"International Silver, Inc.",ISLV,0.0,0.0,0.0,No
10443,Snow Rothschild Acquisition Corp,ISNRW,-86.53,,,
10444,"iSun, Inc.",ISUNQ,0.0,0.0,0.0,No
10445,Infinite Technology Corporation,ITCJ,0.0,0.0,0.0,No
10446,Airengy Tech Ltd,ITGMF,0.0,0.0,0.0,No
10447,"IntriEnergy, Inc.",ITRE,0.0,0.0,0.0,No
10448,Itronics Inc.,ITRO,0.0,0.0,0.0,No
10449,"Interups, Inc.",ITUP,0.0,0.0,0.0,No
10450,Innovation1 Biotech Inc.,IVBT,0.0,0.0,0.0,No
10451,Investco Corporation,IVCO,0.0,0.0,0.0,No
10452,Invert Graphite Limited,IVGPF,0.0,0.0,0.0,No
10453,Invion Limited,IVIXF,0.0,0.0,0.0,No
10454,"Irwin Naturals, Inc.",IWINQ,0.0,0.0,0.0,No
10455,"ImageWare Systems, Inc.",IWSY,0.0,0.0,0.0,No
10456,Index Oil and Gas Inc.,IXOG,0.0,0.0,0.0,No
10457,"Inyx, Inc.",IYXI,0.0,0.0,0.0,No
10458,Jaco Electronics Inc.,JACO,0.0,0.0,0.0,No
10459,Green Street Capital Corp.,JAGR,0.0,0.0,0.0,No
10460,Adams (JOHN) Life Corp.,JALC,0.0,0.0,0.0,No
10461,"JB&ZJMY Holding Company, Inc.",JBZY,0.0,0.0,0.0,No
10462,,JOCM,0.0,0.0,0.0,No
10463,"JPX Global, Inc.",JPEX,0.0,0.0,0.0,No
10464,"JRjr33, Inc.",JRJRQ,0.0,0.0,0.0,No
10465,Juma Technology Corp.,JUMT,0.0,0.0,0.0,No
10466,Juva Life Inc.,JUVAF,0.0,0.0,0.0,No
10467,James E. Wagner Cultivation Corporation,JWCAF,0.0,0.0,0.0,No
10468,Jaxon Mining Inc.,JXMNF,0.0,0.0,0.0,No
10469,"KAL Energy, Inc.",KALG,0.0,0.0,0.0,No
10470,Kaiser Reef Limited,KAURF,0.0,0.0,0.0,No
10471,Kingsoft Cloud Holdings Limited,KCLHF,0.0,0.0,0.0,No
10472,Key Capital Corporation,KCPC,0.0,0.0,0.0,No
10473,Kadestone Capital Corp.,KDCCF,0.0,0.0,0.0,No
10474,Kid Castle Educational Corporation,KDCE,0.0,0.0,0.0,No
10475,Kodiak Energy Inc.,KDKN,0.0,0.0,0.0,No
10476,"CaliPharms, Inc.",KGET,0.0,0.0,0.0,No
10477,"Kaiser Group Holdings, Inc.",KGHI,0.0,0.0,0.0,No
10478,"Kingold Jewelry, Inc.",KGJI,0.0,0.0,0.0,No
10479,"The Kiley Group, Inc.",KGRI,0.0,0.0,0.0,No
10480,Khiron Life Sciences Corp.,KHRNF,0.0,0.0,0.0,No
10481,"Kid Brands, Inc.",KIDBQ,0.0,0.0,0.0,No
10482,"Kimo, Inc.",KIMO,0.0,0.0,0.0,No
10483,"Kiwibox.Com, Inc.",KIWB,0.0,0.0,0.0,No
10484,KoKo Petroleum Inc.,KKPT,0.0,0.0,0.0,No
10485,"Kaleido Biosciences, Inc.",KLDO,0.0,0.0,0.0,No
10486,"Klegg Electronics, Inc.",KLGG,0.0,0.0,0.0,No
10487,Carbon Done Right Developments Inc.,KLXDF,0.0,0.0,0.0,No
10488,"Kolorfusion International, Inc.",KOLR,0.0,0.0,0.0,No
10489,Wellbeing Digital Sciences Inc.,KONEF,0.0,0.0,0.0,No
10490,Keras Resources Plc,KSRPF,0.0,0.0,0.0,No
10491,"Kelvin Medical, Inc.",KVMD,0.0,0.0,0.0,No
10492,Lentuo International Inc.,LASLY,0.0,0.0,0.0,No
10493,Lattice Biologics Ltd.,LBLTF,0.0,0.0,0.0,No
10494,Lotus Bio-Technology Development Corp.,LBTD,0.0,0.0,0.0,No
10495,Liberty Energy Corp.,LBYE,0.0,0.0,0.0,No
10496,Legible Inc.,LEBGF,0.0,0.0,0.0,No
10497,Grupo International Inc.,GRPI,0.0,0.0,0.0,No
10498,,GRRP,0.0,0.0,0.0,No
10499,"Grow Solutions Holdings, Inc.",GRSO,0.0,0.0,0.0,No
10500,Grupo Resilient International Inc.,GRUI,0.0,0.0,0.0,No
10501,"AU Min Africa PTY, LTD.",GRYEF,0.0,0.0,0.0,No
10502,"Green Energy Group, Inc.",GRYG,0.0,0.0,0.0,No
10503,Green Stream Holdings Inc.,GSFI,0.0,0.0,0.0,No
10504,"G&S Minerals, Inc.",GSML,0.0,0.0,0.0,No
10505,Global eScience Corp.,GSNC,0.0,0.0,0.0,No
10506,"GulfSlope Energy, Inc",GSPE,0.0,0.0,0.0,No
10507,Geospatial Corporation,GSPH,0.0,0.0,0.0,No
10508,GSRX Industries Inc.,GSRX,0.0,0.0,0.0,No
10509,GlobeStar Therapeutics Corporation,GSTC,0.0,0.0,0.0,No
10510,Cyphaira Corp.,GSTK,0.0,,,
10511,G2 Energy Corp.,GTGEF,0.0,0.0,0.0,No
10512,GT Legend Automotive Holdings Inc.,GTLA,0.0,0.0,0.0,No
10513,Gastem Inc.,GTMIF,0.0,0.0,0.0,No
10514,GetSwift Technologies Limited,GTSWF,0.0,0.0,0.0,No
10515,GuestLogix Inc.,GUESF,0.0,0.0,0.0,No
10516,"GEROVA Financial Group, Ltd.",GVFG,0.0,0.0,0.0,No
10517,"Global Vision Holdings, Inc.",GVHIB,0.0,0.0,0.0,No
10518,Greenvale Energy Ltd,GVLMY,0.0,0.0,0.0,No
10519,Great Western Minerals Group Ltd.,GWMGF,0.0,0.0,0.0,No
10520,"Green Energy Enterprises, Inc.",GYOG,0.0,0.0,0.0,No
10521,"Hamilton Bancorp, Inc.",HABK,0.0,0.0,0.0,No
10522,"Halitron, Inc.",HAON,0.0,0.0,0.0,No
10523,Havilah Resources Limited,HAVRF,0.0,0.0,0.0,No
10524,Hai Jia International Limited Company,HBIE,0.0,0.0,0.0,No
10525,Highbank Resources Ltd.,HBKRF,0.0,0.0,0.0,No
10526,Halo Collective Inc.,HCANF,0.0,0.0,0.0,No
10527,"Healthy Coffee International, Inc.",HCEI,0.0,0.0,0.0,No
10528,"Hypertension Diagnostics, Inc.",HDII,0.0,0.0,0.0,No
10529,Health Discovery Corporation,HDVY,0.0,0.0,0.0,No
10530,"Hemp, Inc",HEMP,0.0,0.0,0.0,No
10531,Hero Technologies Inc.,HENC,0.0,0.0,0.0,No
10532,H.E.R.C. Products Inc.,HERC,0.0,0.0,0.0,No
10533,Angel Wing Metals Inc.,HEXPF,0.0,0.0,0.0,No
10534,"hhgregg, Inc.",HGGG,0.0,0.0,0.0,No
10535,Huahui Education Group Limited,HHEGF,0.0,0.0,0.0,No
10536,"Hawaiian Hospitality Group, Inc.",HHGI,0.0,0.0,0.0,No
10537,"Hollund Industrial Marine, Inc.",HIMR,0.0,0.0,0.0,No
10538,"Hat Trick Beverage, Inc.",HKBV,0.0,0.0,0.0,No
10539,Holoco Inc.,HLCN,0.0,0.0,0.0,No
10540,Pontus Protein Ltd.,HLKKF,0.0,0.0,0.0,No
10541,Hellix Ventures Inc.,HLLXF,0.0,0.0,0.0,No
10542,Cue Health Inc.,HLTHQ,0.0,0.0,0.0,No
10543,"Human Unitec International, Inc.",HMNU,0.0,0.0,0.0,No
10544,"HempAmericana, Inc",HMPQ,0.0,0.0,0.0,No
10545,Hammer Metals Limited,HMRRF,0.0,0.0,0.0,No
10546,Hanna Capital Corp.,HNCCF,0.0,0.0,0.0,No
10547,Hofseth BioCare ASA,HOFBF,0.0,0.0,0.0,No
10548,Hunter Technology Corp.,HOILF,0.0,0.0,0.0,No
10549,Hopson Development Holdings Limited,HPDHF,0.0,0.0,0.0,No
10550,HPIL Holding,HPIL,0.0,0.0,0.0,No
10551,Here Media Inc.,HRDI,0.0,0.0,0.0,No
10552,Here Media Inc.,HRDIL,0.0,0.0,0.0,No
10553,Stans Energy Corp.,HREEF,0.0,0.0,0.0,No
10554,Horrison Resources Inc.,HRSR,0.0,0.0,0.0,No
10555,"Heart Tronics, Inc.",HRTT,0.0,0.0,0.0,No
10556,H-Source Holdings Ltd.,HSCHF,0.0,0.0,0.0,No
10557,Hi Score Corporation,HSCO,0.0,0.0,0.0,No
10558,"Healthcare Solutions Management Group, Inc.",HSMD,0.0,0.0,0.0,No
10559,"High Sierra Technologies, Inc.",HSTI,0.0,0.0,0.0,No
10560,Hard to Treat Diseases Inc.,HTDS,0.0,0.0,0.0,No
10561,"HTG Molecular Diagnostics, Inc.",HTGMQ,0.0,0.0,0.0,No
10562,Hunter Creek Mining Co.,HTRC,0.0,0.0,0.0,No
10563,"Stan Lee Media, Inc.",HULK,0.0,0.0,0.0,No
10564,Hony Media Group,HUYTF,0.0,0.0,0.0,No
10565,Harrison Vickers and Waterman Inc.,HVCW,0.0,0.0,0.0,No
10566,"Hawk Systems, Inc.",HWSY,0.0,0.0,0.0,No
10567,"Hybrid Energy Holdings, Inc.",HYBE,0.0,0.0,0.0,No
10568,HyperBlock Inc.,HYBOF,0.0,0.0,0.0,No
10569,Hyflux Ltd,HYFXF,0.0,0.0,0.0,No
10570,"Hypower Fuel, Inc.",HYPF,0.0,0.0,0.0,No
10571,HyreCar Inc.,HYREQ,0.0,0.0,0.0,No
10572,"Hollywood Intermediate, Inc.",HYWI,0.0,0.0,0.0,No
10573,"Horizons Holdings International, Corp.",HZHI,0.0,0.0,0.0,No
10574,IAHL Corp.,IAHL,0.0,0.0,0.0,No
10575,iBrands Corp.,IBRC,0.0,0.0,0.0,No
10576,"iBX Group, Inc.",IBXG,0.0,0.0,0.0,No
10577,IBITX Software Inc.,IBXS,0.0,0.0,0.0,No
10578,INCORDEX CORP,ICDX,0.0,0.0,0.0,No
10579,icetana Limited,ICETF,0.0,,,
10580,"ICOA, Inc.",ICOA,0.0,0.0,0.0,No
10581,Indocan Resources Inc.,IDCN,0.0,0.0,0.0,No
10582,"iExalt, Inc.",IEXA,0.0,0.0,0.0,No
10583,"IFAN Financial, Inc.",IFAN,0.0,0.0,0.0,No
10584,Independent Film Development Corporation,IFLM,0.0,0.0,0.0,No
10585,IGEN Networks Corp.,IGEN,0.0,0.0,0.0,No
10586,Infinito Gold Ltd.,IGFFF,0.0,0.0,0.0,No
10587,"Igene Biotechnology, Inc.",IGNE,0.0,0.0,0.0,No
10588,International Gold Resources Inc.,IGRU,0.0,0.0,0.0,No
10589,Interactive Health Network,IGRW,0.0,0.0,0.0,No
10590,Family Room Entertainment Corporation,FMYR,0.0,0.0,0.0,No
10591,"Evolutionary Genomics, Inc.",FNAM,0.0,0.0,0.0,No
10592,1st NRG Corp.,FNRC,0.0,0.0,0.0,No
10593,Forza Innovations Inc.,FORZ,0.0,0.0,0.0,No
10594,"First Pet Life, Inc.",FPLF,0.0,0.0,0.0,No
10595,FieldPoint Petroleum Corporation,FPPP,0.0,0.0,0.0,No
10596,"Fuquan Capital Management, Inc.",FQCC,0.0,0.0,0.0,No
10597,"Republic First Bancorp, Inc.",FRBKQ,0.0,0.0,0.0,No
10598,Firebird Metals Limited,FRBMF,0.0,0.0,0.0,No
10599,"Firemans Contractors, Inc.",FRCN,0.0,0.0,0.0,No
10600,Fritzy Tech Inc.,FRFR,0.0,0.0,0.0,No
10601,Frontier Energy Corporation,FRGY,0.0,0.0,0.0,No
10602,"Frélii, Inc.",FRLI,0.0,0.0,0.0,No
10603,"Forum Mobile, Inc.",FRMB,0.0,0.0,0.0,No
10604,Formcap Corp.,FRMC,0.0,0.0,0.0,No
10605,"Frontera Investment, Inc.",FRNV,0.0,0.0,0.0,No
10606,Forty Pillars Mining Corp.,FRPMF,0.0,0.0,0.0,No
10607,First Au Limited,FRSAF,0.0,0.0,0.0,No
10608,"FusionPharm, Inc.",FSPM,0.0,0.0,0.0,No
10609,FirsTime Design Limited,FTDL,0.0,0.0,0.0,No
10610,For The Earth Corp.,FTEG,0.0,0.0,0.0,No
10611,"Fit After Fifty, Inc.",FTFY,0.0,0.0,0.0,No
10612,"420 Property Management, Inc.",FTPM,0.0,0.0,0.0,No
10613,Flitways Technology Inc.,FTWS,0.0,0.0,0.0,No
10614,"Foothills Exploration, Inc.",FTXP,0.0,0.0,0.0,No
10615,"Fuego Enterprises, Inc.",FUGI,0.0,0.0,0.0,No
10616,Fusion Interactive Corp.,FUIG,0.0,0.0,0.0,No
10617,Fountainhall Capital Corp.,FUNTF,0.0,0.0,0.0,No
10618,"Arcimoto, Inc.",FUVV,0.0,0.0,0.0,No
10619,FutureWorld Corp.,FWDG,0.0,0.0,0.0,No
10620,Cadoux Limited,FYIRF,0.0,0.0,0.0,No
10621,Great American Financial Corporation,GAFL,0.0,0.0,0.0,No
10622,Global Arena Holding Inc.,GAHC,0.0,0.0,0.0,No
10623,Garb Oil & Power Corporation,GARB,0.0,0.0,0.0,No
10624,Gallery Resources Limited,GARQF,0.0,0.0,0.0,No
10625,Provaris Energy Ltd,GBBLF,0.0,0.0,0.0,No
10626,Global Bio-chem Technology Group Company Limited,GBCMF,0.0,0.0,0.0,No
10627,"Global Diamond Exchange, Inc.",GBDX,0.0,0.0,0.0,No
10628,"Global Resource Energy, Inc.",GBEN,0.0,0.0,0.0,No
10629,"GlobeImmune, Inc.",GBIM,0.0,0.0,0.0,No
10630,Global Energy Networks Corp.,GBNW,0.0,0.0,0.0,No
10631,Grand Baoxin Auto Group Limited,GBXXY,0.0,0.0,0.0,No
10632,"Granite City Food & Brewery, Ltd.",GCFB,0.0,0.0,0.0,No
10633,GreenChek Technology Inc.,GCHK,0.0,0.0,0.0,No
10634,"GreenCell, Inc.",GCLL,0.0,0.0,0.0,No
10635,"GainClients, Inc.",GCLT,0.0,0.0,0.0,No
10636,"GD Entertainment & Technology, Inc.",GDET,0.0,0.0,0.0,No
10637,Green Mining Innovation Inc.,GDMIF,0.0,0.0,0.0,No
10638,Resource Capital Gold Corp.,GDPEF,0.0,0.0,0.0,No
10639,"Global Digital Solutions, Inc.",GDSI,0.0,0.0,0.0,No
10640,"Global Development & Environmental Resources, Inc.",GDVE,0.0,0.0,0.0,No
10641,Radiko Holdings Corp.,GEATF,0.0,0.0,0.0,No
10642,G8 Education Limited,GEDUF,0.0,0.0,0.0,No
10643,"Genesis Electronics Group, Inc.",GEGI,0.0,0.0,0.0,No
10644,"Gaensel Energy Group, Inc.",GEGR,0.0,0.0,0.0,No
10645,Chatham Rock Phosphate Limited,GELGF,0.0,0.0,0.0,No
10646,"Green Energy Live, Inc.",GELV,0.0,0.0,0.0,No
10647,Infinity Stone Ventures Corp.,GEMSF,0.0,0.0,0.0,No
10648,Gersan Elektrik Ticaret ve Sanayi Anonim Sirketi,GERLF,-25.64,,,
10649,CleanTech Alpha Corporation,GERS,0.0,0.0,0.0,No
10650,Green EnviroTech Holdings Corp.,GETH,0.0,0.0,0.0,No
10651,"Grifco International, Inc.",GFCI,0.0,0.0,0.0,No
10652,"GetFugu, Inc.",GFGU,0.0,0.0,0.0,No
10653,Opus One Gold Corporation,GFKRF,0.0,0.0,0.0,No
10654,Green Growth Brands Inc.,GGBXF,0.0,0.0,0.0,No
10655,Green Giant Inc.,GGEI,0.0,0.0,0.0,No
10656,"Grand Havana, Inc.",GHAV,0.0,0.0,0.0,No
10657,GuanHua Corporation,GHGH,0.0,0.0,0.0,No
10658,"Green and Hill Industries, Inc",GHIL,0.0,0.0,0.0,No
10659,G-H-3 International Inc.,GHTI,0.0,0.0,0.0,No
10660,"Gresham Worldwide, Inc.",GIGAQ,0.0,0.0,0.0,No
10661,Global Quest Ltd.,GLBB,0.0,0.0,0.0,No
10662,Global Links Corp.,GLCO,0.0,0.0,0.0,No
10663,,GLCP,0.0,0.0,0.0,No
10664,Global Ecology Corporation,GLEC,0.0,0.0,0.0,No
10665,"PSH Group Holding, Inc.",GLHD,0.0,0.0,0.0,No
10666,Golden Harp Resources Inc.,GLHRF,0.0,0.0,0.0,No
10667,Great Lakes Graphite Inc.,GLKIF,0.0,0.0,0.0,No
10668,"Gelesis Holdings, Inc.",GLSHQ,0.0,0.0,0.0,No
10669,"Great Lakes Aviation, Ltd.",GLUX,0.0,0.0,0.0,No
10670,"Global Medical Products Holdings, Inc.",GMDP,0.0,0.0,0.0,No
10671,"GME Innotainment, Inc.",GMEV,0.0,0.0,0.0,No
10672,Genco Corporation,GNCC,0.0,0.0,0.0,No
10673,"GNCC Capital, Inc.",GNCP,0.0,0.0,0.0,No
10674,"Gunther Grant, Inc.",GNGR,0.0,0.0,0.0,No
10675,"GeneLink, Inc.",GNLKQ,0.0,0.0,0.0,No
10676,General Datacomm Industries Inc.,GNRD,0.0,0.0,0.0,No
10677,"Gooi Global, Inc.",GOOI,0.0,0.0,0.0,No
10678,P2Earn Inc.,GOOLF,0.0,0.0,0.0,No
10679,GeckoSystems International Corporation,GOSY,0.0,0.0,0.0,No
10680,Grounded People Apparel Inc.,GPAIF,0.0,0.0,0.0,No
10681,Grand Peak Capital Corp.,GPKUF,0.0,0.0,0.0,No
10682,Great Panther Mining Limited,GPLDQ,0.0,0.0,0.0,No
10683,"Grupo Pochteca, S.A.B. de C.V.",GPSDF,0.0,0.0,,
10684,Golden Patriot Corp.,GPTC,0.0,0.0,0.0,No
10685,"Golden Phoenix Minerals, Inc.",GPXM,0.0,0.0,0.0,No
10686,"Green Bridge Industries, Inc.",GRBG,0.0,0.0,0.0,No
10687,GOLDEN ROYAL DEVELOPMENT INC.,GRDV,0.0,0.0,0.0,No
10688,Greensmart Corp,GREN,0.0,0.0,0.0,No
10689,Greenrise Global Brands Inc.,GRGBF,0.0,0.0,0.0,No
10690,"Green Energy Resources, Inc.",GRGR,0.0,0.0,0.0,No
10691,Dynasty Fine Wines Group Limited,DYFWF,0.0,0.0,0.0,No
10692,Diamyd Medical AB (publ),DYMDF,0.0,0.0,0.0,No
10693,DZS Inc.,DZSIQ,0.0,0.0,0.0,No
10694,New Energy Exchange Ltd.,EBODF,0.0,0.0,0.0,No
10695,Ebiquity plc,EBQLF,0.0,0.0,0.0,No
10696,"Ecoloclean Industries, Inc.",ECCI,0.0,0.0,0.0,No
10697,"Ecosciences, Inc.",ECEZ,0.0,0.0,0.0,No
10698,"Envit Capital Group, Inc.",ECGP,0.0,0.0,0.0,No
10699,Ecometals Limited,ECMLF,0.0,0.0,0.0,No
10700,Central Costanera S.A.,EDCFF,0.0,0.0,0.0,No
10701,Education Management Corporation,EDMCQ,0.0,0.0,0.0,No
10702,Eden Research plc,EDNSF,0.0,0.0,0.0,No
10703,Exceed Company Ltd.,EDSFF,0.0,0.0,0.0,No
10704,E-data Corporation,EDTA,0.0,0.0,0.0,No
10705,"Enzyme Environmental Solutions, Inc.",EESO,0.0,0.0,0.0,No
10706,"EGPI Firecreek, Inc.",EFIR,0.0,0.0,0.0,No
10707,"eFUEL EFN, CORPORATION",EFLN,0.0,0.0,0.0,No
10708,"EarthFirst Technologies, Incorporated",EFTI,0.0,0.0,0.0,No
10709,"EF EnergyFunders Ventures, Inc.",EFVIF,0.0,0.0,0.0,No
10710,"Earth Gen-Biofuel, Inc.",EGBB,0.0,0.0,0.0,No
10711,Energold Drilling Corp.,EGDFF,0.0,0.0,0.0,No
10712,Next.e.GO N.V.,EGOXF,0.0,0.0,0.0,No
10713,China Evergrande Group,EGRNF,0.0,0.0,0.0,No
10714,"Energtek, Inc.",EGTK,0.0,0.0,0.0,No
10715,"Ehouse Global, Inc.",EHOS,0.0,0.0,0.0,No
10716,Enable IPC Corporation,EIPC,0.0,0.0,0.0,No
10717,Ekwan X Inc.,EKWX,0.0,0.0,0.0,No
10718,Elbit Medical Technologies Ltd,ELBDF,0.0,0.0,0.0,No
10719,"Electric Car Company, Inc.",ELCR,0.0,0.0,0.0,No
10720,Elinx Corp.,ELNX,0.0,0.0,0.0,No
10721,"Ecomax, Inc.",EMAX,0.0,0.0,0.0,No
10722,"El Maniel International, Inc.",EMLL,0.0,0.0,0.0,No
10723,EMP Solutions Inc.,EMPS,0.0,0.0,0.0,No
10724,Eros Media World Plc,EMWPF,0.0,0.0,0.0,No
10725,Easy Technologies Inc.,EMYSF,0.0,0.0,0.0,No
10726,"Ener-Core, Inc.",ENCR,0.0,0.0,0.0,No
10727,Enchanted World Inc.,ENCW,0.0,0.0,0.0,No
10728,Thermic Sciences International,ENDO,0.0,0.0,0.0,No
10729,enherent Corp.,ENHT,0.0,0.0,0.0,No
10730,Encounter Development Technologies Inc.,ENTI,0.0,0.0,0.0,No
10731,iOCO Limited,EOHHF,0.0,0.0,0.0,No
10732,EonX Technologies Inc.,EONXF,0.0,0.0,0.0,No
10733,Orbite Technologies Inc.,EORBF,0.0,0.0,0.0,No
10734,"EOS, Inc.",EOSS,0.0,0.0,0.0,No
10735,E'Prime Aerospace Corporation,EPEO,0.0,0.0,0.0,No
10736,Epic Corp. 5% PFD CNV SER A,EPORP,0.0,0.0,0.0,No
10737,"Environmental Packaging Technologies Holdings, Inc.",EPTI,0.0,0.0,0.0,No
10738,E-Play Digital Inc.,EPYFF,0.0,0.0,0.0,No
10739,Erin Energy Corporation,ERINQ,0.0,0.0,0.0,No
10740,"ERecord Management, Inc.",ERMG,0.0,0.0,0.0,No
10741,"Eco Safe Systems USA, Inc.",ESFS,0.0,0.0,0.0,No
10742,"Ensurge, Inc.",ESGI,0.0,0.0,0.0,No
10743,"Estre Ambiental, Inc.",ESTRF,0.0,0.0,0.0,No
10744,"Entertainment Arts, Inc.",ETAR,0.0,0.0,0.0,No
10745,"Eco-Tek Group, Inc.",ETEK,0.0,0.0,0.0,No
10746,"EnviroTechnologies International, Inc",ETII,0.0,0.0,0.0,No
10747,Evolution Technology Resources Inc.,ETKR,0.0,0.0,0.0,No
10748,AgriMinco Corp.,ETPHF,0.0,0.0,0.0,No
10749,"Eurotech, Ltd.",EUOT,0.0,0.0,0.0,No
10750,"Lombard Medical, Inc.",EVARF,0.0,0.0,0.0,No
10751,Evolution Blockchain Group Inc.,EVBC,0.0,0.0,0.0,No
10752,"Everock, Inc.",EVRN,0.0,0.0,0.0,No
10753,Molecule Holdings Inc.,EVRRF,0.0,0.0,0.0,No
10754,"Environmental Service Professionals, Inc.",EVSP,0.0,0.0,0.0,No
10755,"Evil Empire Designs, Inc.",EVVL,0.0,0.0,0.0,No
10756,"Earthworks Entertainment, Inc.",EWKS,0.0,0.0,0.0,No
10757,eWellness Healthcare Corporation,EWLL,0.0,0.0,0.0,No
10758,"Merion, Inc.",EWLU,0.0,0.0,0.0,No
10759,"Emerging World Pharma, Inc.",EWPI,0.0,0.0,0.0,No
10760,"eWorld Companies, Inc.",EWRC,0.0,0.0,0.0,No
10761,"Excellerant, Inc.",EXCL,0.0,0.0,0.0,No
10762,"Expo Holdings, Inc.",EXPH,0.0,0.0,0.0,No
10763,"EcoLogix Resource Group, Inc.",EXRG,0.0,0.0,0.0,No
10764,EZTD Inc.,EZTD,0.0,0.0,0.0,No
10765,FACB Industries Incorporated Berhad,FBBCF,0.0,0.0,0.0,No
10766,"FiberCore, Inc.",FBCE,0.0,0.0,0.0,No
10767,"FBEC Worldwide, Inc.",FBEC,0.0,0.0,0.0,No
10768,Fabled Silver Gold Corp.,FBSGF,0.0,0.0,0.0,No
10769,Forecastagility Corporation,FCGY,0.0,0.0,0.0,No
10770,"Fidelis Energy, Inc.",FDEI,0.0,0.0,0.0,No
10771,Foodfest International 2000 Inc.,FDFT,0.0,0.0,0.0,No
10772,"5E Advanced Materials, Inc.",FEAV,0.0,0.0,0.0,No
10773,Hybrid Kinetic Group Limited,FESTF,0.0,0.0,0.0,No
10774,Future Farm Technologies Inc.,FFRMF,0.0,0.0,0.0,No
10775,Fatfish Group Limited,FFTTF,0.0,0.0,0.0,No
10776,"FG Fitness & Media Group, Inc.",FGFT,0.0,0.0,0.0,No
10777,"Fernhill Beverage, Inc.",FHBC,0.0,0.0,0.0,No
10778,Finbar Group Limited,FINBF,0.0,0.0,0.0,No
10779,Fintech Scion Limited,FINR,0.0,0.0,0.0,No
10780,"Creative Edge Nutrition, Inc.",FITX,0.0,0.0,0.0,No
10781,"Auto Parts 4Less Group, Inc.",FLES,0.0,0.0,0.0,No
10782,Falken Industries Ltd.,FLKI,0.0,0.0,0.0,No
10783,Flower One Holdings Inc.,FLOOF,0.0,0.0,0.0,No
10784,"Flameret, Inc.",FLRE,0.0,0.0,0.0,No
10785,FluroTech Ltd.,FLRLF,0.0,0.0,0.0,No
10786,Forbes Energy Services Ltd.,FLSS,0.0,0.0,0.0,No
10787,The Flowr Corporation,FLWPF,0.0,0.0,0.0,No
10788,"Flexpoint Sensor Systems, Inc.",FLXT,0.0,0.0,0.0,No
10789,Contango Holdings plc,COHLF,0.0,0.0,0.0,No
10790,COMSovereign Holding Corp.,COMSP,0.0,0.0,0.0,No
10791,CO2 Solutions Inc.,COSLF,0.0,0.0,0.0,No
10792,Huicheng International Holdings Limited,COUTF,0.0,0.0,,
10793,"CarbonMeta Technologies, Inc.",COWI,0.0,0.0,0.0,No
10794,Canal Capital Corporation PFD EXCH $1.30,COWPP,0.0,0.0,0.0,No
10795,Cookpad Inc.,CPADF,0.0,0.0,0.0,No
10796,Capital Environment Holdings Limited,CPEVF,0.0,0.0,0.0,No
10797,Canadian Phosphate Limited,CPHOF,0.0,0.0,0.0,No
10798,Champion Technology Holdings Limited,CPIHF,0.0,0.0,0.0,No
10799,"China Power Equipment, Inc.",CPQQ,0.0,0.0,0.0,No
10800,Compliance Energy Corporation,CPYCF,0.0,0.0,0.0,No
10801,"CarePayment Technologies, Inc.",CPYT,0.0,0.0,0.0,No
10802,CONNEQT Health Limited,CQTHF,0.0,0.0,0.0,No
10803,"Carefree Group, Inc.",CRFU,0.0,0.0,0.0,No
10804,"Calissio Resources Group, Inc.",CRGP,0.0,0.0,0.0,No
10805,"Crédito Real, S.A.B. de C.V., Sociedad Financiera de Objeto Múltiple, Entidad No Regulada",CRQDQ,0.0,0.0,0.0,No
10806,CVR Medical Corp.,CRRVF,0.0,0.0,0.0,No
10807,Corsa Coal Corp.,CRSXQ,0.0,0.0,0.0,No
10808,CurveBeam AI Limited,CRVAF,0.0,0.0,0.0,No
10809,Vert Infrastructure Ltd.,CRXPF,0.0,0.0,0.0,No
10810,China SCE Group Holdings Limited,CSCNF,0.0,0.0,0.0,No
10811,California Science & Engineering Corporation,CSEC,0.0,0.0,0.0,No
10812,China Sun Group High-Tech Co.,CSGH,0.0,0.0,0.0,No
10813,Consolidated Sports Media Group,CSGU,0.0,0.0,0.0,No
10814,Classic Minerals Limited,CSMRF,0.0,0.0,0.0,No
10815,"Chicken Soup for the Soul Entertainment, Inc.",CSSEQ,0.0,0.0,0.0,No
10816,CuraScientific Corp.,CSTF,0.0,0.0,0.0,No
10817,China Star Entertainment Limited,CTAZF,0.0,0.0,0.0,No
10818,,CTBK,0.0,0.0,0.0,No
10819,City Capital Corporation,CTCC,0.0,0.0,0.0,No
10820,"Citron, Inc.",CTNI,0.0,0.0,0.0,No
10821,China Treasures New Materials Group Ltd.,CTNMF,0.0,0.0,0.0,No
10822,"Hepion Pharmaceuticals, Inc.",CTRVP,0.0,0.0,0.0,No
10823,Certive Solutions Inc.,CTVEF,0.0,0.0,0.0,No
10824,"CTX Virtual Technologies, Inc.",CTXV,0.0,0.0,0.0,No
10825,"Creative Vistas, Inc.",CVAS,0.0,0.0,0.0,No
10826,Ventura Cannabis & Wellness Corporation,CVHIF,0.0,0.0,0.0,No
10827,"Covista Communications, Inc.",CVST,0.0,0.0,0.0,No
10828,"Central Wireless, Inc.",CWIR,0.0,0.0,0.0,No
10829,Plant-Based Investment Corp.,CWWBF,0.0,0.0,0.0,No
10830,"Corix Bioscience, Inc.",CXBS,0.0,0.0,0.0,No
10831,"Cyber Digital, Inc.",CYBD,0.0,0.0,0.0,No
10832,Century Petroleum Corp.,CYPE,0.0,0.0,0.0,No
10833,EQ Inc.,CYPXF,0.0,0.0,0.0,No
10834,"CybeRecord, Inc.",CYRD,0.0,0.0,0.0,No
10835,China Yongda Automobiles Services Holdings Limited,CYYHF,0.0,0.0,0.0,No
10836,Cazoo Group Ltd,CZOOF,0.0,0.0,0.0,No
10837,"DAC Technologies Group International, Inc.",DAAT,0.0,0.0,0.0,No
10838,Dana Resources,DANR,0.0,0.0,0.0,No
10839,"Digital Asset Monetary Network, Inc.",DATI,0.0,0.0,0.0,No
10840,"Data Call Technologies, Inc.",DCLT,0.0,0.0,0.0,No
10841,Decision Diagnostics Corp.,DECN,0.0,0.0,0.0,No
10842,"Deer Consumer Products, Inc.",DEER,0.0,0.0,0.0,No
10843,"Dewmar International BMC, Inc.",DEWM,0.0,0.0,0.0,No
10844,Deltagen Inc.,DGEN,0.0,0.0,0.0,No
10845,D7 Enterprises Inc.,DGIF,0.0,0.0,0.0,No
10846,"Degama Software Solutions, Inc.",DGMA,0.0,0.0,0.0,No
10847,Digital Domain Holdings Limited,DGMDF,0.0,0.0,0.0,No
10848,"DigitalTown, Inc.",DGTW,0.0,0.0,0.0,No
10849,"Desarrolladora Homex, S.A.B. de C.V.",DHHXF,0.0,0.0,0.0,No
10850,Diamant Art Corp.,DIAAF,0.0,0.0,0.0,No
10851,"Diamond Holdings, Inc.",DIAH,0.0,0.0,0.0,No
10852,"digitiliti, Inc.",DIGI,0.0,0.0,0.0,No
10853,"DJSP Enterprises, Inc.",DJSP,0.0,0.0,0.0,No
10854,"Drinks Americas Holdings, Ltd.",DKAM,0.0,0.0,0.0,No
10855,Decklar Resources Inc.,DKLRF,0.0,0.0,0.0,No
10856,Top Shelf Brands Holdings Corp.,DKTS,0.0,0.0,0.0,No
10857,Cabal Communications Corporation,DLAD,0.0,0.0,0.0,No
10858,"Delta Apparel, Inc.",DLAPQ,0.0,0.0,0.0,No
10859,Datalex plc,DLEXY,0.0,0.0,0.0,No
10860,"Digital Locations, Inc.",DLOC,0.0,0.0,0.0,No
10861,Damon Inc.,DMNIF,0.0,0.0,0.0,No
10862,DNI Metals Inc.,DMNKF,0.0,0.0,0.0,No
10863,"Dermisonics, Inc.",DMSI,0.0,0.0,0.0,No
10864,"DNA Brands, Inc.",DNAX,0.0,0.0,0.0,No
10865,"DINE, S.A.B. de C.V.",DNSBF,0.0,0.0,0.0,No
10866,"Deep Blue Marine, Inc.",DPBE,0.0,0.0,0.0,No
10867,"Deep Earth Resources, Inc.",DPER,0.0,0.0,0.0,No
10868,"Dragon Capital Group, Corp.",DRGV,0.0,0.0,0.0,No
10869,"Quantum Medical Transport, Inc.",DRWN,0.0,0.0,0.0,No
10870,Discovery Minerals Ltd.,DSCR,0.0,0.0,0.0,No
10871,"Drone Services USA, Inc.",DSUS,0.0,0.0,0.0,No
10872,Ditem Explorations Inc.,DTEMF,0.0,0.0,0.0,No
10873,"Deltron, Inc.",DTRO,0.0,0.0,0.0,No
10874,"Delivery Technology Solutions, Inc.",DTSL,0.0,0.0,0.0,No
10875,Dish TV India Limited,DTTVY,0.0,0.0,0.0,No
10876,"Diversified Oil & Gas Holdings, Ltd.",DVFI,0.0,0.0,0.0,No
10877,Danavation Technologies Corp.,DVNCF,0.0,0.0,0.0,No
10878,Jeotex Inc.,DWDZF,0.0,0.0,0.0,No
10879,Bowen Coking Coal Limited,BWCCF,0.0,0.0,0.0,No
10880,Bang Holdings Corp.,BXNG,0.0,0.0,0.0,No
10881,"Beamz Interactive, Inc.",BZIC,0.0,0.0,0.0,No
10882,"BizRocket.com, Inc.",BZRT,0.0,0.0,0.0,No
10883,INDVR Brands Inc.,CAAOF,0.0,0.0,0.0,No
10884,California Business Bank,CABB,0.0,0.0,0.0,No
10885,"Cache, Inc.",CACH,0.0,0.0,0.0,No
10886,,CAGR,0.0,0.0,0.0,No
10887,"Carrier Alliance Holdings, Inc.",CAHI,0.0,0.0,0.0,No
10888,,CANL,0.0,0.0,0.0,No
10889,"Canadian Aerospace Group International, Inc.",CASG,0.0,0.0,0.0,No
10890,Catskill Litigation Trust,CATKU,0.0,0.0,0.0,No
10891,China Tontine Wines Group Limited,CATWF,0.0,0.0,0.0,No
10892,Crown Baus Capital Corp.,CBCA,0.0,0.0,0.0,No
10893,Hempfusion Wellness Inc.,CBDHF,0.0,0.0,0.0,No
10894,Cabo Drilling Corp.,CBEEF,0.0,0.0,0.0,No
10895,Cambex Corporation,CBEX,0.0,0.0,0.0,No
10896,"The CannaBusiness Group, Inc.",CBGI,0.0,0.0,0.0,No
10897,"Cannabis Global, Inc.",CBGL,0.0,0.0,0.0,No
10898,"Blue Heaven Coffee, Inc",CBIA,0.0,0.0,0.0,No
10899,Christopher & Banks Corporation,CBKCQ,0.0,0.0,0.0,No
10900,Campbell Resources Inc.,CBLRF,0.0,0.0,0.0,No
10901,CBM Asia Development Corp.,CBMDF,0.0,0.0,0.0,No
10902,C=Holdings B.V.,CBUIF,0.0,0.0,0.0,No
10903,"Cal Bay International, Inc.",CBYI,0.0,0.0,0.0,No
10904,"China Cable and Communication, Inc.",CCCI,0.0,0.0,0.0,No
10905,"China CGame, Inc.",CCGM,0.0,0.0,0.0,No
10906,China Clean Energy Inc.,CCGY,0.0,0.0,0.0,No
10907,C C Land Holdings Limited,CCLHF,0.0,0.0,0.0,No
10908,Coin Citadel,CCTL,0.0,0.0,0.0,No
10909,SoftMedx Healthcare Limited,CCWYF,0.0,0.0,0.0,No
10910,Quad Energy Corporation,CDID,0.0,0.0,0.0,No
10911,Code Rebel Corp,CDRBQ,0.0,0.0,0.0,No
10912,"Cardax, Inc.",CDXI,0.0,0.0,0.0,No
10913,Saltbae Capital Corp.,CECBF,0.0,0.0,0.0,No
10914,"UpSnap, Inc.",CEENQ,0.0,0.0,0.0,No
10915,China Education Group Holdings Limited,CEGHF,0.0,0.0,0.0,No
10916,"Celexpress, Inc.",CELX,0.0,0.0,0.0,No
10917,"CEN Biotech, Inc.",CENBF,0.0,0.0,0.0,No
10918,"CEO America, Inc.",CEOA,0.0,0.0,0.0,No
10919,"Colombia Energy Resources, Inc.",CERX,0.0,0.0,0.0,No
10920,Cache Exploration Inc.,CEXPF,0.0,0.0,0.0,No
10921,Clear Gold Resources Inc.,CFAGF,0.0,0.0,0.0,No
10922,"Capital Financial Global, Inc.",CFGX,0.0,0.0,0.0,No
10923,"Capital Group Holdings, Inc.",CGHC,0.0,0.0,0.0,No
10924,CardioGenics Holdings Inc,CGNH,0.0,0.0,0.0,No
10925,Cognetivity Neurosciences Ltd.,CGNSF,0.0,0.0,0.0,No
10926,Chalice Brands Ltd.,CHALF,0.0,0.0,0.0,No
10927,"Champion Investments, Inc.",CHAM,0.0,0.0,0.0,No
10928,China Boton Group Company Limited,CHBGF,0.0,0.0,0.0,No
10929,"CTGX Mining, Inc.",CHCX,0.0,0.0,0.0,No
10930,China Art Financial Holdings Limited,CHFHF,0.0,0.0,0.0,No
10931,"China Finance, Inc.",CHFI,0.0,0.0,0.0,No
10932,"China Carbon Graphite Group, Inc.",CHGI,0.0,0.0,0.0,No
10933,"China Gengsheng Minerals, Inc.",CHGS,0.0,0.0,0.0,No
10934,Cherubim Interests Inc.,CHIT,0.0,0.0,0.0,No
10935,"China Changjiang Mining & New Energy Company, Ltd.",CHJI,0.0,0.0,0.0,No
10936,Chimeric Therapeutics Limited,CHMMF,0.0,0.0,0.0,No
10937,China Media Inc.,CHND,0.0,0.0,0.0,No
10938,"ClassWorx, Inc.",CHNO,0.0,0.0,0.0,No
10939,Choom Holdings Inc.,CHOOF,0.0,0.0,0.0,No
10940,"China Shoe Holdings, Inc.",CHSH,0.0,0.0,0.0,No
10941,Chinawe.com Inc.,CHWE,0.0,0.0,0.0,No
10942,Chesswood Group Limited,CHWWQ,0.0,0.0,0.0,No
10943,China Zhong Qi Holdings Limited,CHZQ,0.0,0.0,0.0,No
10944,China Jinmao Holdings Group Limited,CJNHF,0.0,0.0,0.0,No
10945,"CyberKey Solutions, Inc.",CKYS,0.0,0.0,0.0,No
10946,"Claritas Pharmaceuticals, Inc.",CLAZF,0.0,0.0,0.0,No
10947,"Calcol, Inc.",CLCL,0.0,0.0,0.0,No
10948,Cleghorn Minerals Ltd.,CLGMF,0.0,0.0,0.0,No
10949,Clearford Water Systems Inc.,CLIRF,0.0,0.0,0.0,No
10950,CalciTech Ltd.,CLKTF,0.0,0.0,0.0,No
10951,Canadian Premium Sand Inc.,CLMPF,0.0,0.0,0.0,No
10952,Clarent Corporation,CLRN,0.0,0.0,0.0,No
10953,"Cleantech Biofuels, Inc.",CLTH,0.0,0.0,0.0,No
10954,Earth Life Sciences Inc.,CLTS,0.0,0.0,0.0,No
10955,Cassius Mining Limited,CMDLF,0.0,0.0,0.0,No
10956,"ComF5 International, Inc.",CMFV,0.0,0.0,0.0,No
10957,"CMARK International, Inc.",CMIT,0.0,0.0,0.0,No
10958,CaNickel Mining Limited,CMLGF,0.0,0.0,0.0,No
10959,"Commerce Energy Group, Inc.",CMNR,0.0,0.0,0.0,No
10960,"Comepay, Inc.",CMPY,0.0,0.0,0.0,No
10961,"Comera Life Sciences Holdings, Inc.",CMRA,0.0,0.0,0.0,No
10962,Connected Media Technologies Inc.,CNCM,0.0,0.0,0.0,No
10963,"Candlewood Hotel Company, Inc.",CNDL,0.0,0.0,0.0,No
10964,CanaFarma Hemp Products Corp.,CNFHF,0.0,0.0,0.0,No
10965,Change Financial Limited,CNGFF,0.0,0.0,0.0,No
10966,"Cannalink, Inc.",CNLK,0.0,0.0,0.0,No
10967,Central China Real Estate Limited,CNLLF,0.0,0.0,0.0,No
10968,CannAmerica Brands Corp.,CNNXF,0.0,0.0,0.0,No
10969,"Centor Energy, Inc.",CNTO,0.0,0.0,0.0,No
10970,"China Networks International Holdings, Ltd.",CNWHF,0.0,0.0,0.0,No
10971,Connexus Corporation,CNXS,0.0,0.0,0.0,No
10972,Comerton Corp.,COCM,0.0,0.0,0.0,No
10973,"Applied UV, Inc.",AUVIP,0.0,0.0,0.0,No
10974,Avecho Biotechnology Limited,AVEFF,0.0,0.0,0.0,No
10975,AVEW Holdings Inc.,AVEW,0.0,0.0,0.0,No
10976,"Avix Technologies, Inc.",AVIX,0.0,0.0,0.0,No
10977,"Aventura Equities, Inc.",AVNE,0.0,0.0,0.0,No
10978,Manaris (2010) Corp.,AVNY,0.0,0.0,0.0,No
10979,"Altavoz Entertainment, Inc.",AVOZ,0.0,0.0,0.0,No
10980,Innovation Nation Inc.,AVRI,0.0,0.0,0.0,No
10981,"Avitar, Inc.",AVTI,0.0,0.0,0.0,No
10982,All World Resources Corporation,AWRS,0.0,0.0,0.0,No
10983,"Alpha Wastewater, Inc.",AWWI,0.0,0.0,0.0,No
10984,"Eyes on the Go, Inc.",AXCG,0.0,0.0,0.0,No
10985,Axis Energy Corporation,AXGC,0.0,0.0,0.0,No
10986,"Axiologix, Inc.",AXLX,0.0,0.0,0.0,No
10987,AXMIN Inc.,AXMIF,0.0,0.0,0.0,No
10988,Axion Ventures Inc.,AXNVF,0.0,0.0,0.0,No
10989,Amexdrug Corporation,AXRX,0.0,0.0,0.0,No
10990,"Axis Technologies Group, Inc.",AXTG,0.0,0.0,0.0,No
10991,Alderon Iron Ore Corp.,AXXDF,0.0,0.0,0.0,No
10992,Azure Dynamics Corp.,AZDDQ,0.0,0.0,0.0,No
10993,"Amazonas Florestal, Ltd",AZFL,0.0,0.0,0.0,No
10994,Azteca Gold Corp.,AZGFF,0.0,0.0,0.0,No
10995,AZN Capital Corp.,AZNVF,0.0,0.0,0.0,No
10996,Bairong AI Inc.,BAIGF,0.0,0.0,0.0,No
10997,"Banneker, Inc.",BANI,0.0,0.0,0.0,No
10998,"Bantec, Inc.",BANT,0.0,0.0,0.0,No
10999,"Bayport International Holdings, Inc.",BAYP,0.0,0.0,0.0,No
11000,"New York Health Care, Inc.",BBAL,0.0,0.0,0.0,No
11001,"Black Bird Biotech, Inc.",BBBT,0.0,0.0,0.0,No
11002,Bebida Beverage Company,BBDA,0.0,0.0,0.0,No
11003,BrewBilt Manufacturing Inc.,BBRW,0.0,0.0,0.0,No
11004,"Baristas Coffee Company, Inc.",BCCI,0.0,0.0,0.0,No
11005,Beacon Redevelopment Industrial Corporation,BCND,0.0,0.0,0.0,No
11006,"Biocentric Energy Holdings, Inc.",BEHL,0.0,0.0,0.0,No
11007,Bettwork Industries Inc.,BETW,0.0,0.0,0.0,No
11008,"Science to Consumers, Inc.",BEUT,0.0,0.0,0.0,No
11009,BioNeutra Global Corporation,BGACF,0.0,0.0,0.0,No
11010,"BG Medicine, Inc.",BGMD,0.0,0.0,0.0,No
11011,Bright Green Corporation,BGXXQ,0.0,0.0,0.0,No
11012,Benchmark Holdings plc,BHCCF,0.0,0.0,0.0,No
11013,Bhang Inc.,BHNGF,0.0,0.0,0.0,No
11014,Biocure Technology Inc.,BICTF,0.0,0.0,0.0,No
11015,"Big Tree Group, Inc.",BIGG,0.0,0.0,0.0,No
11016,Bionovate Technologies Corp,BIIO,0.0,0.0,0.0,No
11017,Belle Isle Corp.,BILSU,0.0,0.0,0.0,No
11018,BIMI Holdings Inc.,BIMI,0.0,0.0,0.0,No
11019,Biome Grow Inc.,BIOIF,0.0,0.0,0.0,No
11020,BioNitrogen Holdings Corp.,BIONQ,0.0,0.0,0.0,No
11021,"Biora Therapeutics, Inc.",BIORQ,0.0,0.0,0.0,No
11022,Instinct Bio Technical Company Holdings Inc.,BIOT,-74.07,,,
11023,BIQI International Holding Corporation,BIQIF,0.0,0.0,0.0,No
11024,First Bitcoin Capital Corp.,BITCF,0.0,0.0,0.0,No
11025,Bonjour Holdings Ltd,BJURF,0.0,,,
11026,Bakken Energy Corp.,BKEN,0.0,0.0,0.0,No
11027,PT Bukalapak.com Tbk.,BKLPF,0.0,0.0,0.0,No
11028,,BKMM,0.0,0.0,0.0,No
11029,Blackout Media Corp.,BKMP,0.0,0.0,0.0,No
11030,Black Rock Petroleum Company,BKRP,0.0,0.0,0.0,No
11031,Banks Island Gold Ltd.,BKSLF,0.0,0.0,0.0,No
11032,BioLife Sciences Inc.,BLFE,0.0,0.0,0.0,No
11033,i3 Interactive Inc.,BLITF,0.0,0.0,0.0,No
11034,Global Gaming Technologies Corp.,BLKCF,0.0,0.0,0.0,No
11035,CO2 Gro Inc.,BLONF,0.0,0.0,0.0,No
11036,BLOK Technologies Inc.,BLPFF,0.0,0.0,0.0,No
11037,"Blue Water Global Group, Inc.",BLUU,0.0,0.0,0.0,No
11038,Biomagnetics Diagnostics Corp.,BMGP,0.0,0.0,0.0,No
11039,Bayan Mining and Minerals Limited,BMMKF,0.0,0.0,,
11040,Bangi Inc.,BNGI,0.0,0.0,0.0,No
11041,Beroni Group Limited,BNIGF,0.0,0.0,0.0,No
11042,Bionik Laboratories Corp.,BNKL,0.0,0.0,0.0,No
11043,Brinx Resources Ltd.,BNXR,0.0,0.0,0.0,No
11044,Banyan Corp.,BNYN,0.0,0.0,0.0,No
11045,BOL Bancshares Inc. PFD,BOLBP,0.0,0.0,0.0,No
11046,Bolivar Mining Corp.,BOLV,0.0,0.0,0.0,No
11047,"The Bon-Ton Stores, Inc.",BONTQ,0.0,0.0,0.0,No
11048,"BPI Energy Holdings, Inc",BPIGF,0.0,0.0,0.0,No
11049,"BlackPoll Fleet International, Inc.",BPOL,0.0,0.0,0.0,No
11050,BRAVADA International Ltd,BRAV,0.0,0.0,0.0,No
11051,BrewBilt Brewing Company,BRBL,0.0,0.0,0.0,No
11052,Beard Co. (The),BRCOQ,0.0,0.0,0.0,No
11053,"Bergio International, Inc.",BRGO,0.0,0.0,0.0,No
11054,Broke Out Inc.,BRKO,0.0,0.0,0.0,No
11055,Ballistic Recovery Systems Inc.,BRSI,0.0,0.0,0.0,No
11056,Blue River Resources Ltd.,BRVRF,0.0,0.0,0.0,No
11057,"Biostar Pharmaceuticals, Inc.",BSPM,0.0,0.0,0.0,No
11058,Biostax Corp.,BTAX,0.0,0.0,0.0,No
11059,"Better Therapeutics, Inc.",BTTX,0.0,0.0,0.0,No
11060,BlueRush Inc.,BTVRF,0.0,0.0,0.0,No
11061,"Bravatek Solutions, Inc.",BVTK,0.0,0.0,0.0,No
11062,All For One Media Corp.,AFOM,0.0,0.0,0.0,No
11063,AlumiFuel Power Corporation,AFPW,0.0,0.0,0.0,No
11064,Alphaform AG,AFRMF,0.0,0.0,0.0,No
11065,Absolutely Critical Resources Corp.,AFRRF,0.0,0.0,0.0,No
11066,"AfterMaster, Inc.",AFTM,0.0,0.0,0.0,No
11067,Antioquia Gold Inc.,AGDXF,0.0,0.0,0.0,No
11068,"Antilia Group, Corp.",AGGG,0.0,0.0,0.0,No
11069,Agrios Global Holdings Ltd.,AGGHF,0.0,0.0,0.0,No
11070,Orpheus Uranium Limited,AGREF,0.0,0.0,0.0,No
11071,"Agritek Holdings, Inc.",AGTK,0.0,0.0,0.0,No
11072,"Alpha Technologies Group, Inc.",AHAG,0.0,0.0,0.0,No
11073,Alternate Health Corp.,AHGIF,0.0,0.0,0.0,No
11074,"AIFarm, Ltd.",AIFM,0.0,0.0,0.0,No
11075,"Axia International Group, Inc.",AIGI,0.0,0.0,0.0,No
11076,Trenchant Technologies Capital Corp.,AITTF,0.0,0.0,0.0,No
11077,"American International Ventures, Inc.",AIVN,0.0,0.0,0.0,No
11078,Akobo Minerals AB (publ),AKOBF,0.0,0.0,0.0,No
11079,Arkanova Energy Corporation,AKVA,0.0,0.0,0.0,No
11080,Atlantic Central Enterprise Ltd.,ALCN,0.0,0.0,0.0,No
11081,Alliance Growers Corp.,ALGWF,0.0,0.0,0.0,No
11082,Alaska Hydro Corporation,ALKHF,0.0,0.0,0.0,No
11083,"Alkame Holdings, Inc.",ALKM,0.0,0.0,0.0,No
11084,"Alkane, Inc.",ALKN,0.0,0.0,0.0,No
11085,"Alchemy Creative, Inc.",ALMY,0.0,0.0,0.0,No
11086,"Atlas Resources International, Inc.",ALSI,0.0,0.0,0.0,No
11087,"Altitude International Holdings, Inc.",ALTD,0.0,0.0,0.0,No
11088,Alternus Energy Group Plc,ALTNF,0.0,0.0,0.0,No
11089,Alvarion Ltd.,ALVRQ,0.0,0.0,0.0,No
11090,American Mobile Dental Corp.,AMBD,0.0,0.0,0.0,No
11091,Andatee China Marine Fuel Services Corporation,AMCF,0.0,0.0,0.0,No
11092,"American Education Center, Inc.",AMCT,0.0,0.0,0.0,No
11093,"AnGes, Inc.",AMGXF,0.0,0.0,0.0,No
11094,"American Metal & Technology, Inc.",AMGY,0.0,0.0,0.0,No
11095,"HLK Biotech Holding Group, Inc.",AMHD,0.0,0.0,0.0,No
11096,"American Leisure Holdings, Inc.",AMLH,0.0,0.0,0.0,No
11097,"American Green Group, Inc.",AMNE,0.0,0.0,0.0,No
11098,ADSL Holdings Inc.,AMNNF,0.0,0.0,0.0,No
11099,Atomos Limited,AMOSF,0.0,0.0,0.0,No
11100,AMPD Ventures Inc.,AMPDF,0.0,0.0,0.0,No
11101,"AmeriStar Network, Inc.",AMWK,0.0,0.0,0.0,No
11102,Andiamo Corporation,ANDI,0.0,0.0,0.0,No
11103,"Antigenics, Inc.",ANTI,0.0,0.0,0.0,No
11104,Anvia Holdings Corporation,ANVV,0.0,0.0,0.0,No
11105,Australian Oil & Gas Corporation,AOGC,0.0,0.0,0.0,No
11106,"Aeolus Pharmaceuticals, Inc.",AOLS,0.0,0.0,0.0,No
11107,Andover Mining Corp.,AOVTF,0.0,0.0,0.0,No
11108,Applied Biosciences Corp.,APPB,0.0,0.0,0.0,No
11109,"Monster Arts, Inc.",APPZ,0.0,0.0,0.0,No
11110,Appliqate Inc.,APQT,0.0,0.0,0.0,No
11111,American Pacific Rim Commerce Group,APRM,0.0,0.0,0.0,No
11112,"Allegiant Professional Business Services, Inc.",APRO,0.0,0.0,0.0,No
11113,Appulse Corporation,APULF,0.0,0.0,0.0,No
11114,"Applied Visual Sciences, Inc.",APVS,0.0,0.0,0.0,No
11115,Aspyra Inc.,APYI,0.0,0.0,0.0,No
11116,Asiasec Properties Limited,APYLF,0.0,0.0,0.0,No
11117,"Diamond Energy Partners, Inc.",AQBN,0.0,0.0,0.0,No
11118,AQ Corp.,AQCP,0.0,0.0,0.0,No
11119,"Click To Raffle.Com, Inc.",AQFD,0.0,0.0,0.0,No
11120,"Golden Ally Lifetech Group, Inc.",AQPW,0.0,0.0,0.0,No
11121,Aquarius Surgical Technologies Inc.,AQQRF,0.0,0.0,0.0,No
11122,Arboreta Healthcare Inc.,ARBH,0.0,0.0,0.0,No
11123,American Business Corp.,ARBU,0.0,0.0,0.0,No
11124,Arcis Resources Corporation,ARCS,0.0,0.0,0.0,No
11125,"Arête Industries, Inc.",ARET,0.0,0.0,0.0,No
11126,Current Energy and Renewables Corp.,ARMM,0.0,0.0,0.0,No
11127,"Arma Services, Inc.",ARMV,0.0,0.0,0.0,No
11128,Arem Pacific Corporation,ARPC,0.0,0.0,0.0,No
11129,Bitcoin Crypto Currency Exchange Corporation,ARSC,0.0,0.0,0.0,No
11130,"AirTrona International, Inc.",ARTR,0.0,0.0,0.0,No
11131,"Arrow Resources Development, Inc.",ARWD,0.0,0.0,0.0,No
11132,Auscrete Corporation,ASCK,0.0,0.0,0.0,No
11133,Associates First Capital Corporation,ASFZ,0.0,0.0,0.0,No
11134,Asia Global Crossing Ltd.,ASGXF,0.0,0.0,0.0,No
11135,Avidus Management Group Inc.,ASNHF,0.0,0.0,0.0,No
11136,"Haber, Inc.",ASPT,0.0,0.0,0.0,No
11137,"ARI-ST-A Power Solutions, Inc.",ASPW,0.0,0.0,0.0,No
11138,YM Corporation,ATAR,0.0,0.0,0.0,No
11139,Accelerated Technologies Holding Corp.,ATHC,0.0,0.0,0.0,No
11140,"ATI Networks, Inc.",ATIW,0.0,0.0,0.0,No
11141,"Alternative Energy Technology, Inc.",ATNE,0.0,0.0,0.0,No
11142,Atlantis Technology Group,ATNPQ,0.0,0.0,0.0,No
11143,Antipa Minerals Limited,ATPMF,0.0,0.0,0.0,No
11144,Abattis Bioceuticals Corp.,ATTBF,0.0,0.0,0.0,No
11145,Advantex Marketing International Inc.,ATXMF,0.0,0.0,0.0,No
11146,"Saxon Capital Group, Inc.",ATYG,0.0,0.0,0.0,No
11147,"AuctionCities.com, Inc.",AUCM,0.0,0.0,0.0,No
11148,AusQuest Limited,AUQSF,0.0,0.0,0.0,No
11149,"Attune RTD, Inc",AURT,0.0,0.0,0.0,No
11150,"American Commerce Solutions, Inc.",AACS,0.0,0.0,0.0,No
11151,Silver47 Exploration Corp.,AAGAF,0.0,0.0,0.0,No
11152,"Alabama Aircraft Industries, Inc",AAIIQ,0.0,0.0,0.0,No
11153,"AAP, Inc.",AAPJ,0.0,0.0,0.0,No
11154,Ability Inc.,ABILF,0.0,0.0,0.0,No
11155,"Airborne Security & Protective Services, Inc.",ABPR,0.0,0.0,0.0,No
11156,"Affinity Beverage Group, Inc.",ABVG,0.0,0.0,0.0,No
11157,Airborne Wireless Network,ABWN,0.0,0.0,0.0,No
11158,"Accelera Innovations, Inc",ACNV,0.0,0.0,0.0,No
11159,"Asia Carbon Industries, Inc.",ACRB,0.0,0.0,0.0,No
11160,"Artec Global Media, Inc.",ACTL,0.0,0.0,0.0,No
11161,"Acusphere, Inc.",ACUS,0.0,0.0,0.0,No
11162,"Americana Distribution, Inc.",ADBN,0.0,0.0,0.0,No
11163,Adicon Holdings Limited,ADCNF,0.0,0.0,0.0,No
11164,"American Defense Systems, Inc.",ADFS,0.0,0.0,0.0,No
11165,American Medical Technologies Inc.,ADLI,0.0,0.0,0.0,No
11166,Adherium Limited,ADRMF,0.0,0.0,,
11167,"Allied Security Innovations, Inc.",ADSV,0.0,0.0,0.0,No
11168,"Advanced Deposition Technologies, Inc.",ADTC,0.0,0.0,0.0,No
11169,Advantis Corp.,ADVT,0.0,0.0,0.0,No
11170,"Adynxx, Inc.",ADYX,0.0,0.0,0.0,No
11171,Action Energy Inc.,AECFF,0.0,0.0,0.0,No
11172,"Alternative Energy Partners, Inc.",AEGY,0.0,0.0,0.0,No
11173,"Advanced Engine Technologies, Inc.",AENG,0.0,0.0,0.0,No
11174,"American Environmental Partners, Inc.",AEPT,0.0,0.0,0.0,No
11175,"AER Energy Resources, Inc",AERN,0.0,0.0,0.0,No
11176,Aim Exploration Inc.,AEXE,0.0,0.0,0.0,No
11177,"ADDvantage Technologies Group, Inc.",AEYGQ,0.0,0.0,0.0,No
11178,Retail Food Group Limited,RFGPF,0.0,0.0,0.0,No
11179,Shandong Molong Petroleum Machinery Company Limited,SHANY,0.0,0.0,0.0,No
11180,Solutions 30 SE,SLUNF,0.0,0.0,0.0,No
11181,Smoore International Holdings Limited,SMHRY,0.0,0.0,0.0,No
11182,Super Hi International Holding Ltd.,SPHIF,0.0,0.0,0.0,No
11183,Spirits Capital Corporation,SSCC,0.0,0.0,0.0,No
11184,Union Financial Corporation,UFCP,0.0,0.0,0.0,No
11185,Vartech Systems Inc.,VRTK,0.0,0.0,0.0,No
11186,XD Inc.,XDNCF,0.0,0.0,0.0,No
11187,Zhong Yuan Bio-Technology Holdings Limited,ZHYBF,0.0,0.0,0.0,No
11188,"Zhongyuan Bank Co., Ltd.",ZNNGY,0.0,0.0,0.0,No
11189,"Euglena Co., Ltd.",EGLNF,0.0,0.0,0.0,No
11190,Forvia SE,FAURY,0.0,0.0,0.0,No
11191,Freedom Internet Group Inc.,FIGI,0.0,0.0,0.0,No
11192,"Kuo, S.A.B. de C.V.",GKSDF,0.0,0.0,0.0,No
11193,"GREE Holdings, Inc.",GREZF,0.0,0.0,0.0,No
11194,Hemogenyx Pharmaceuticals Plc,HOPHF,0.0,0.0,0.0,No
11195,Hürriyet Gazetecilik ve Matbaacilik A.S.,HURRY,0.0,0.0,0.0,No
11196,"Hygeia Healthcare Holdings Co., Limited",HYHHF,0.0,0.0,0.0,No
11197,KHEOBA Limited,KHOBF,0.0,0.0,0.0,No
11198,Kinetic Group Inc.,KNIT,0.0,0.0,0.0,No
11199,LINK Mobility Group Holding ASA,LMGHF,0.0,0.0,0.0,No
11200,Napatech A/S,NPTSF,0.0,0.0,0.0,No
11201,Portmeirion Group PLC,POTMF,0.0,0.0,0.0,No
11202,Agility Capital Holding Inc.,AGLRF,0.0,0.0,0.0,No
11203,"Anvi Global Holdings, Inc.",ANVI,0.0,0.0,0.0,No
11204,Sphere 3D Corp.,ANY,-48.45,,,
11205,Awilco Drilling PLC,AWLCF,0.0,0.0,0.0,No
11206,Piermont Valley Acquisition Corp,CMCUF,0.0,0.0,0.0,No
11207,Zhonghe Brand Yunjigou Technology Inc.,CRGH,0.0,0.0,0.0,No
11208,Critical Resources Limited,CRRLF,0.0,0.0,,
11209,Cyfrowy Polsat S.A.,CYFWF,0.0,0.0,0.0,No
11210,Tuas Limited,TUALF,0.0,0.0,0.0,No
11211,Veri Medtech Holdings Inc.,VRHI,0.0,,,
11212,Digital Energy Reserve Inc,WCHS,0.0,0.0,0.0,No
11213,Medinotec Inc.,MDNC,0.0,0.0,0.0,No
11214,"Mie Kotsu Group Holdings, Inc.",MEKTF,0.0,,,
11215,Ceconomy AG,MTAGF,0.0,0.0,0.0,No
11216,Metro AG,MTTWF,0.0,0.0,,
11217,Aureka Ltd,NVMLF,0.0,,,
11218,Next 15 Group plc,NXFTY,0.0,0.0,0.0,No
11219,OPTiM Corporation,OTPMF,0.0,0.0,0.0,No
11220,PGE Polska Grupa Energetyczna S.A.,PPOEF,0.0,0.0,0.0,No
11221,Paxman AB (publ),PXMBF,0.0,0.0,0.0,No
11222,7C Solarparken AG,SCPKF,0.0,0.0,0.0,No
11223,Shimao Group Holdings Limited,SHMAY,0.0,0.0,0.0,No
11224,SanBio Company Limited,SNBOY,0.0,0.0,0.0,No
11225,"Bora Pharmaceuticals Co., Ltd.",BORAY,96.52,,,
11226,BioInvent International AB (publ),BOVNF,0.0,0.0,0.0,No
11227,BAUER Aktiengesellschaft,BRAGF,0.0,0.0,0.0,No
11228,California-Engels Mining Company,CAEN,0.0,0.0,0.0,No
11229,Cian PLC,CANPY,0.0,0.0,0.0,No
11230,Cyber App Solutions Corp.,CYRB,0.0,0.0,0.0,No
11231,Da Ai Zhi Shui International Holding Group Ltd,DAZSF,-83.78,,,
11232,Golden Growers Cooperative,GGROU,0.0,0.0,0.0,No
11233,Isracard Ltd.,ISCDF,0.0,0.0,0.0,No
11234,"Redox International Group, Corp.",ITOR,0.0,0.0,0.0,No
11235,Aberdeen Asia Focus PLC,AASCF,0.0,0.0,0.0,No
11236,Alpha One Inc.,AOAO,0.0,0.0,0.0,No
11237,Technology & Telecommunication Acquisition Corporation,TETEF,0.0,0.0,0.0,No
11238,Texas Ventures Acquisition IV Corp.,TVIV,2.45,,,
11239,United Arrows Ltd.,UTDAY,0.0,0.0,0.0,No
11240,Vicore Pharma Holding AB (publ),VCRE,-31.96,,,
11241,Viking Acquisition Corp. II,VII,0.0,,,
11242,Viking Acquisition Corp. II,VII-UN,1.21,,,
11243,Verusa Holding A.S.,VRSHF,0.0,0.0,0.0,No
11244,W-SCOPE Corporation,WSPCF,0.0,0.0,0.0,No
11245,Churchill Capital Corp XIII,XIIIU,17.48,,,
11246,Yorkville International Capital Corp.,YICC,-1.2,,,
11247,Zhanling International Limited,ZLME,0.0,0.0,0.0,No
11248,DocMorris AG,ZRSEF,0.0,0.0,0.0,No
11249,Olvi Oyj,OLVOY,0.0,,,
11250,Pyrophyte Acquisition Corp.,PHYUF,0.0,0.0,0.0,No
11251,Pekin Life Insurance Company,PKIN,0.0,0.0,0.0,No
11252,Pelican Acquisition II Corporation,PLCIU,6.2,,,
11253,Pender Growth Fund Inc.,PNDDF,0.0,0.0,0.0,No
11254,Papaya Growth Opportunity Corp. I,PPYAU,0.0,0.0,0.0,No
11255,Patriot Acquisition Corp.,PTAC,0.0,,,
11256,"QumulusAI, Inc.",QMLS,-81.62,,,
11257,"Cordyceps Sunshine Biotech Holdings Co., Ltd.",RAJAF,0.0,0.0,0.0,No
11258,Cartesian Growth Corporation II,REEUF,0.0,0.0,0.0,No
11259,Samos Energy Acquisition Corporation,SAMO-UN,-0.6,,,
11260,Securitize Corp.,SECZ,-31.88,,,
11261,RMG ML Sports Holdings,SHOT,6.3,,,
11262,Shinkin Central Bank,SKCBY,0.0,0.0,0.0,No
11263,Stevia Nutra Corp,STNT,0.0,0.0,0.0,No
11264,"InterPrivate Investment Partners V, Inc.",IPVV,5.01,,,
11265,Snow Rothschild Acquisition Corp,ISNR,2.46,,,
11266,"ITG, Inc.",ITG,-52.11,,,
11267,"Kotobuki Spirits Co., Ltd.",KBKIF,0.0,0.0,0.0,No
11268,"Kobe Bussan Co., Ltd.",KOBCY,0.0,0.0,0.0,No
11269,Lifestyle Communities Limited,LCOMF,0.0,0.0,0.0,No
11270,LACROIX Group SA,LCRXF,0.0,0.0,0.0,No
11271,LS telcom AG,LTELF,0.0,0.0,0.0,No
11272,Long Table Growth Corp.,LTGR,7.54,,,
11273,Meridian3 Industrials Acquisition Corp,MIACU,7.45,,,
11274,Malin Corporation plc,MLLNF,0.0,0.0,0.0,No
11275,"Money Forward, Inc.",MNFYY,0.0,0.0,0.0,No
11276,Mercator Acquisition Corp.,MRCOU,0.0,,,
11277,Market Technology Acquisition Corp,MTAKU,2.44,,,
11278,Southern Cross Acquisition I Corp.,NCO,7.56,,,
11279,Southern Cross Acquisition I Corp.,NCOOU,-5.81,,,
11280,East West Ave Acquisition Corp.,EWAVU,14.16,,,
11281,FutureTech II Acquisition Corp.,FTIIU,0.0,0.0,0.0,No
11282,FutureCorp Space Acquisition 1,FTRA,2.46,,,
11283,Futurewave Acquisition Corporation,FWAC,4.97,,,
11284,FortuneX Acquisition Corporation,FXAC,3.65,,,
11285,Gecoss Corporation,GCSSF,0.0,0.0,0.0,No
11286,NeuroMind AI Corp.,GGAUF,0.0,0.0,0.0,No
11287,GSR V Acquisition Corp.,GSRV,4.98,,,
11288,Berto Acquisition Corp. II,GUAC,0.0,,,
11289,Hold Me Ltd,HMELF,0.0,0.0,0.0,No
11290,Iron Dome Acquisition I Corp.,IDAC,2.43,,,
11291,"TPT Strategic, Inc.",INOQ,0.0,0.0,0.0,No
11292,Interroll Holding AG,INRNY,0.0,,,
11293,Aeon Acquisition I Corp.,AESP,7.5,,,
11294,Athens Water Supply and Sewerage Company S.A.,AHWSF,0.0,0.0,0.0,No
11295,Alpex Acquisition Corporation,ALPX,7.54,,,
11296,AMR Resources Acquisition Corp,AMACU,1.21,,,
11297,Arogo Capital Acquisition Corp.,AOGOU,0.0,0.0,0.0,No
11298,Aquaron Acquisition Corp.,AQUC,0.0,0.0,0.0,No
11299,"Asahi Group Holdings, Ltd.",ASBHY,0.0,0.0,,
11300,A SPAC II Acquisition Corp.,ASCBF,0.0,0.0,0.0,No
11301,Bleichroeder Acquisition Corp. III,BCCQU,42.08,,,
11302,Tribeca Strategic Acquisition Corp.,BID,6.27,,,
11303,Burtech Acquisition Corp II,BRKH,3.68,,,
11304,B&R Technology Merger Corp.,BRTMU,3.68,,,
11305,Boozt AB (publ),BZTAF,0.0,0.0,0.0,No
11306,Catalyst Acquisition Corp.,CATLU,-2.37,,,
11307,CAC Holdings Corporation,CAXCF,0.0,0.0,,
11308,Columbus Circle Capital Corp III,CCCT,2.47,,,
11309,Columbus Circle Capital Corp III,CCCTU,-4.7,,,
11310,China Literature Limited,CHLLY,0.0,0.0,0.0,No
11311,Corporate Travel Management Limited,CTMLF,0.0,0.0,0.0,No
11312,"Dai Nippon Toryo Company, Limited",DAIYF,0.0,0.0,0.0,No
11313,Disciplined Growth Acquisition Corporation,DGAC,7.49,,,
11314,PT DCI Indonesia Tbk,DITPF,0.0,0.0,0.0,No
11315,"Asia Air Survey Co., Ltd.",AASLF,0.0,0.0,0.0,No
11316,Vicat S.A.,VVCTY,70.17,,,
11317,WinVest Acquisition Corp.,WINV,0.0,0.0,0.0,No
11318,Wasatch Small/Mid Cap ETF,WSMD,5.45,,,
11319,WisdomTree Space Economy Fund,WSPC,103.9,,,
11320,"Toyoda Gosei Co., Ltd.",TGOSY,0.0,0.0,0.0,No
11321,Technoprobe S.p.A.,THNBY,14.02,,,
11322,Tikun Olam-Cannbit Pharmaceuticals Ltd,TKUND,0.0,0.0,0.0,No
11323,"Técnicas Reunidas, S.A.",TNISF,0.0,0.0,0.0,No
11324,"TOMY Company, Ltd.",TOMYY,0.0,0.0,0.0,No
11325,Tourmaline Oil Corp.,TRMOY,0.0,,,
11326,Vaneck Materials TruSector ETF,TRUM,90.45,,,
11327,Vaneck Energy TruSector ETF,TRUN,127.68,,,
11328,Vaneck Real Estate TruSector ETF,TRUR,-21.17,,,
11329,Vaneck Utilities TruSector ETF,TRUU,-44.44,,,
11330,TraWell Co S.p.A.,TRWAF,0.0,0.0,0.0,No
11331,Tsugami Corporation,TSGMY,0.0,0.0,0.0,No
11332,"Toyo Tanso Co., Ltd.",TYOTF,0.0,0.0,0.0,No
11333,Varia US Properties AG,VARNF,0.0,0.0,0.0,No
11334,Siouxland Energy Cooperative,SIXN,0.0,0.0,0.0,No
11335,SanBio Company Limited,SNBIF,0.0,0.0,0.0,No
11336,Qualivian Focus Fund ETF,QFF,-1.93,,,
11337,Columbia Research Enhanced Core Premium Income ETF Shares,RECI,36.85,,,
11338,Reformation Inc.,REF,-77.76,,,
11339,Renishaw plc,RNSHF,17.86,,,
11340,REST EZ INC,RTEZ,0.0,0.0,0.0,No
11341,Sumitomo Bakelite Company Limited,SBCLY,-45.11,,,
11342,Aristotle Short Term Income ETF,SDUR,4.65,,,
11343,Seneca Foods Corporation PFD CONV 2003,SENEL,0.0,0.0,0.0,No
11344,SEI QiM U.S. Equity Factor Allocation Active ETF,SEUS,34.15,,,
11345,Smartfit Escola de Ginástica e Dança S.A.,SFEGY,0.0,0.0,0.0,No
11346,SoFi Social 50 Income ETF,SFYI,131.09,,,
11347,emeis Société anonyme,ORPEF,0.0,0.0,0.0,No
11348,Strategic Partners A/S,OZYMF,0.0,0.0,0.0,No
11349,PKSHA Technology Inc.,PKSHF,0.0,0.0,0.0,No
11350,Public Storage,PSA-PT,-4.67,,,
11351,PSI Software SE,PSSWF,0.0,0.0,0.0,No
11352,Metall Zug AG,MTLZF,0.0,0.0,0.0,No
11353,Newbury Street Acquisition Corporation,NBSTU,0.0,,,
11354,GraniteShares 2x Long NTAP Daily ETF,NTAL,101.31,,,
11355,Nitta Corporation,NTTAF,20.62,,,
11356,J P MORGAN Exchange-Traded Fund Trust - Fundamental Data Science Large Growth ETF,LGDS,37.54,,,
11357,LEM Holding SA,LMHDF,0.0,0.0,0.0,No
11358,,LTUC,0.0,0.0,0.0,No
11359,"Little Sioux Corn Processors, L.L.C.",LTUUU,0.0,0.0,0.0,No
11360,LITTLE SIOUX CORN PROCESSORS LL,LTUX,0.0,0.0,0.0,No
11361,"Mitsubishi Gas Chemical Company, Inc.",MBSHY,0.0,0.0,,
11362,Medios AG,MEDOF,0.0,0.0,0.0,No
11363,"Musashi Seimitsu Industry Co., Ltd.",MHSMF,0.0,,,
11364,Millicom International Cellular S.A.,MLCMF,0.0,0.0,0.0,No
11365,Ionic Digital Inc.,IOND,35.84,,,
11366,iShares Nasdaq 100 ETF,IQQ,64.05,,,
11367,Libity,IVAUF,0.0,0.0,0.0,No
11368,JB Hi-Fi Limited,JBHHY,0.0,0.0,0.0,No
11369,Jersey Mike's Subs Inc.,JMKE,-56.71,,,
11370,Justiss Oil Co,JSTS,0.0,0.0,0.0,No
11371,JX Advanced Metals Corporation,JXAMY,-38.37,,,
11372,"Giant Group, Ltd.",GGLT,0.0,0.0,0.0,No
11373,Gunze Limited,GNZLF,0.0,,,
11374,Goldwin Inc.,GWNCF,0.0,0.0,,
11375,Hirata Corporation,HIRAF,0.0,0.0,,
11376,"H.I.S. Co., Ltd.",HISJF,0.0,,,
11377,HASEKO Corporation,HSSKY,0.0,0.0,0.0,No
11378,Hotchkis and Wiley International Value Fund ETF Class,HWIV,23.35,,,
11379,Hotchkis & Wiley Opportunities Fund ETF Class,HWO,72.93,,,
11380,ProShares Ultra QQQ Equal Weight,EQQQ,136.95,,,
11381,EvoAir Holdings Inc.,EVOH,0.0,0.0,0.0,No
11382,First Eagle Core Municipal ETF,FECM,2.4,,,
11383,First Eagle Small Cap Equity ET,FESC,1.54,,,
11384,Flughafen Wien Aktiengesellschaft,FGWLF,0.0,,,
11385,Fastned B.V.,FNEDF,0.0,0.0,0.0,No
11386,"Avem Health Partners, Inc.",FPCG,0.0,0.0,0.0,No
11387,Fixstars Corporation,FXSRF,0.0,0.0,0.0,No
11388,"General American Investors Company, Inc.",GAM-PB,-4.72,,,
11389,National Bank of Canada,CWESF,0.0,0.0,0.0,No
11390,"EDD Helms Group, Inc.",EDHD,0.0,0.0,0.0,No
11391,East Kansas Agri-Energy LLC,EKGRU,0.0,0.0,0.0,No
11392,AirTrip Corp.,EOVBF,0.0,0.0,0.0,No
11393,Columbia High Dividend Premium Income ETF Shares,CDPI,11.93,,,
11394,,CLUS,0.0,0.0,0.0,No
11395,"Csquare, Inc.",CSQR,-28.49,,,
11396,Capita plc,CTAGY,0.0,0.0,0.0,No
11397,"Badger State Ethanol, LLC",BADGA,0.0,0.0,0.0,No
11398,GraniteShares 2x Long BB Daily ETF,BBUL,-75.02,,,
11399,Biofrontera AG,BIFRF,0.0,0.0,,
11400,"Beijing Geekplus Technology Co., Ltd.",BJGPY,0.0,0.0,0.0,No
11401,The Bank of Southside Virginia Corporation,BSSC,0.0,0.0,0.0,No
11402,GraniteShares 2x Long BTDR Daily ETF,BTDL,-65.63,,,
11403,Bet Shemesh Engines Holdings (1997) Ltd,BTSEF,0.0,0.0,0.0,No
11404,Buck Hill Falls Company,BUHF,0.0,0.0,0.0,No
11405,Amadeus FiRe AG,AFGZF,0.0,0.0,0.0,No
11406,"Aica Kogyo Company, Limited",AIKCF,0.0,0.0,0.0,No
11407,"Apnimed, Inc.",APMD,79.59,,,
11408,Aristotle Core Plus Income ETF,ARCP,1.69,,,
11409,Aristotle Multi-Sector Income ETF,ARMS,5.61,,,
11410,Airport City Ltd.,ARPTF,0.0,0.0,0.0,No
11411,"Atec, Inc.",ATCN,0.0,0.0,0.0,No
11412,Alpha Architect US Equity 4 ETF,AAUB,31.65,,,
11413,Adtran Networks SE,ADVOF,0.0,0.0,0.0,No
