Rank,Name,Ticker,Return (%),Risk,Volatility,Follows Market Direction ?
1,Betashares Australian Cash Plus Active ETF,MMKT.AX,4.57,0.002,0.003,Yes
2,Morphic Ethical Equities Fund Limited,MEC.XA,33.68,0.046,,
3,Betashares Australian Credit Income Active ETF,HBRD.AX,5.57,0.01,0.028,Yes
4,Suncorp Group Ltd,SUNPJ.AX,5.64,0.016,0.023,No
5,Macquarie Bank Limited,MBLPC.AX,6.27,0.021,0.034,Yes
6,Rand Mining Limited,RND.XA,57.28,0.158,4.564,No
7,Macquarie Group Limited,MQGPE.AX,6.18,0.021,0.031,Yes
8,Ramsay Health Care Limited,RHCPA.AX,6.8,0.023,0.044,No
9,Cadence Opportunities Fund Limited,CDO.XA,20.41,0.069,0.069,No
10,WCM Global Growth Limited,WQG.XA,49.47,0.152,0.895,Yes
11,ANZ Group Holdings Limited,AN3PK.AX,6.98,0.026,0.003,No
12,Macquarie Income Opportunities Active ETF,MQIO.AX,6.18,0.023,0.141,Yes
13,ANZ Group Holdings Limited,AN3PJ.AX,6.27,0.024,0.03,Yes
14,National Australia Bank Limited,NABPI.AX,5.97,0.023,0.034,Yes
15,Macquarie Bank Limited,MBLPD.AX,6.9,0.027,0.058,Yes
16,Cadence Opportunities Fund Limited,CDO.AX,37.84,0.131,0.593,Yes
17,Insurance Australia Group Limited,IAGPE.AX,7.17,0.028,0.057,Yes
18,Westpac Banking Corporation,WBCPM.AX,7.18,0.028,0.004,No
19,Bank of Queensland Limited,BOQPF.AX,5.49,0.022,0.029,Yes
20,Franklin Australian Absolute Return Bd A ETF,FRAR.AX,5.37,0.022,0.068,Yes
21,Insurance Australia Group Limited,IAGPF.AX,8.57,0.034,0.108,Yes
22,Macquarie Group Limited,MQGPD.AX,5.92,0.024,0.118,Yes
23,Joyce Corporation Ltd,JYC.XA,50.6,0.174,0.295,No
24,Macquarie Group Limited,MQGPF.AX,7.23,0.029,0.09,Yes
25,VanEck Bentham Global Capital Securities Active ETF (Managed Fund),GCAP.AX,8.76,0.036,0.207,Yes
26,Commonwealth Bank of Australia,CBAPL.AX,5.68,0.024,0.002,Yes
27,National Australia Bank Limited,NABPJ.AX,6.49,0.027,0.009,No
28,Commonwealth Bank of Australia,CBAPM.AX,6.75,0.029,0.029,No
29,Gryphon Capital Income Trust,GCI.AX,9.44,0.04,0.127,Yes
30,National Australia Bank Limited,NABPH.AX,5.08,0.022,0.041,Yes
31,Dalrymple Bay Infrastructure Limited,DBI.AX,32.74,0.128,0.085,Yes
32,Westpac Banking Corp,WBCPK.AX,5.71,0.025,0.01,No
33,Schroder Real Return Active ETF,GROW.AX,10.76,0.047,0.313,Yes
34,Dalrymple Bay Infrastructure Limited,DBI.XA,33.21,0.132,0.009,Yes
35,GenusPlus Group Ltd,GNP.AX,111.84,0.36,1.14,Yes
36,Latitude Group Holdings Limited,LFSPA.AX,13.59,0.06,0.098,Yes
37,Macquarie Group Ltd,MQGPG.AX,6.39,0.03,0.032,Yes
38,Commonwealth Bank of Australia,CBAPJ.AX,4.2,0.02,0.017,Yes
39,Bank of Queensland Limited,BOQPG.AX,6.0,0.028,0.047,Yes
40,Antipodes Global Value Active ETF,AGX1.AX,18.81,0.085,0.38,Yes
41,Westpac Banking Corporation,WBCPJ.AX,4.36,0.021,0.025,Yes
42,Janus Henderson Sustainable Credit Active ETF,GOOD.AX,6.13,0.029,0.108,Yes
43,Westpac Banking Corporation,WBCPL.AX,5.37,0.026,0.011,Yes
44,Bendigo and Adelaide Bank Limited,BENPH.AX,5.29,0.025,0.073,Yes
45,GenusPlus Group Ltd,GNP.XA,110.25,0.378,1.226,Yes
46,Turners Automotive Group Limited,TRA.AX,37.32,0.16,0.108,Yes
47,Suncorp Group Limited,SUNPI.AX,5.58,0.027,0.051,Yes
48,Barrow Hanley Global Share Active ETF,GLOB.AX,15.36,0.072,0.371,Yes
49,Gryphon Capital Income Trust,GCI.XA,9.64,0.046,0.131,Yes
50,SHAPE Australia Corporation Limited,SHA.AX,87.74,0.326,0.159,No
51,Pengana Global Private Credit Trust,PCX.AX,11.3,0.054,0.136,Yes
52,Cuscal Limited,CCL.AX,70.05,0.279,1.353,Yes
53,ANZ Group Holdings Limited,AN3PI.AX,5.51,0.028,0.018,Yes
54,Cuscal Limited,CCL.XA,70.67,0.282,1.357,Yes
55,Dyno Nobel Limited,DNL.XA,55.48,0.233,0.742,Yes
56,Judo Capital Holdings Limited,JDOPA.AX,10.87,0.054,0.016,Yes
57,Po Valley Energy Limited,PVE.XA,109.05,0.406,1.386,No
58,Vanguard All-World ex-US Shares Index ETF,VEU.AX,18.21,0.09,0.508,Yes
59,Commonwealth Bank of Australia,CBAPI.AX,4.76,0.025,0.014,Yes
60,SRG Global Limited,SRG.AX,103.37,0.402,1.196,Yes
61,SRG Global Limited,SRG.XA,103.68,0.404,1.281,Yes
62,DPM Metals Inc.,DPM.AX,122.9,0.457,2.106,Yes
63,Commonwealth Bank of Australia,CBAPK.AX,5.91,0.032,0.001,Yes
64,DPM Metals Inc.,DPM.XA,124.66,0.467,1.959,Yes
65,Skinkandy Limited,SK1.AX,79.12,0.336,3.001,Yes
66,Dimensional Global Core Equity Hedged Active ETF,DFGH.AX,20.94,0.11,0.821,Yes
67,Dimensional Global Core Equity Trust (Unhedged Class) - Active ETF,DGCE.AX,17.79,0.096,0.537,Yes
68,JPMorgan Global Research Enhanced Index Equity (Hedged) Active ETF,JRHG.AX,21.09,0.113,0.721,Yes
69,Joyce Corporation Ltd,JYC.AX,39.55,0.199,0.345,No
70,Macmahon Holdings Limited,MAH.XA,103.28,0.432,0.646,Yes
71,SHAPE Australia Corporation Limited,SHA.XA,91.21,0.397,0.335,No
72,Aims Property Securities Fund,APW.AX,51.96,0.254,0.148,Yes
73,Kina Securities Limited,KSL.XA,27.27,0.145,0.095,Yes
74,Challenger Limited,CGFPD.AX,6.17,0.036,0.042,Yes
75,VanEck Emerging Income Opportunities Active ETF (Managed Fund),EBND.AX,9.31,0.053,0.295,Yes
76,Revolution Private Credit Income Trust,REV.AX,5.73,0.033,0.177,Yes
77,JPMorgan Global Research Enhanced Index Equity Active ETF,JREG.AX,18.05,0.101,0.37,Yes
78,MFF Capital Investments Limited,MFF.AX,28.89,0.156,0.691,Yes
79,Macmahon Holdings Limited,MAH.AX,105.66,0.454,0.8,Yes
80,Magellan Infrastructure Fund (Currency Hedged) - Active ETF,MICH.AX,18.13,0.103,0.668,Yes
81,Magellan Global Opportunities Fund - Active ETF,OPPT.AX,20.86,0.117,0.656,Yes
82,Vanguard Global Minimum Volatility Active ETF,VMIN.AX,13.69,0.079,0.542,Yes
83,MFF Capital Investments Limited,MFF.XA,29.22,0.161,0.71,Yes
84,Ryder Capital Limited,RYD.AX,41.13,0.217,0.816,Yes
85,Bendigo and Adelaide Bank Limited,BENPI.AX,5.85,0.036,0.027,Yes
86,Aspen Group,APZ.AX,56.67,0.289,1.339,Yes
87,Ma Credit Income Trust,MA1.XA,5.8,0.036,0.126,Yes
88,Staude Capital Global Value Fund Limited,GVF.AX,12.61,0.076,0.205,No
89,Betashares Managed Risk Global Shares Complex ETF,WRLD.AX,16.37,0.097,0.425,Yes
90,NRW Holdings Limited,NWH.XA,71.47,0.352,0.88,Yes
91,Aspen Group,APZ.XA,63.01,0.319,1.742,Yes
92,Service Stream Limited,SSM.XA,46.17,0.248,0.295,Yes
93,Service Stream Limited,SSM.AX,46.47,0.251,0.293,Yes
94,Vanguard International Equity Index Funds - Vanguard FTSE All-World ex-US ETF,VEU.XA,14.95,0.091,0.493,Yes
95,Codan Limited,CDA.AX,105.1,0.484,1.231,Yes
96,Codan Limited,CDA.XA,105.43,0.487,1.23,Yes
97,Munro Climate Change Leaders Fund Active ETF,MCCL.AX,52.57,0.283,0.78,Yes
98,Kina Securities Limited,KSL.AX,25.91,0.153,0.004,No
99,Supply Network Limited,SNL.AX,40.64,0.227,0.827,Yes
100,Global X Physical Gold Structured,GOLD.AX,31.28,0.181,0.167,No
101,L1 Long Short Fund Limited,LSF.AX,27.63,0.163,0.361,Yes
102,Bega Cheese Limited,BGA.XA,41.46,0.233,0.443,Yes
103,Perseus Mining Limited,PRU.XA,71.97,0.368,0.085,Yes
104,Bega Cheese Limited,BGA.AX,41.54,0.235,0.445,Yes
105,Vysarn Limited,VYS.AX,100.89,0.48,2.163,Yes
106,Perseus Mining Limited,PRU.AX,72.85,0.376,0.192,Yes
107,GBLX GOLD GBLX GOLD [GOLD],GOLD.XA,32.64,0.192,0.256,Yes
108,National Australia Bank Limited,NABPK.AX,4.8,0.032,0.021,No
109,SPDR ETFs Australia - State Stree SPDR S&P 500 ETF,SPY.AX,20.19,0.125,0.472,Yes
110,Genesis Minerals Limited,GMD.XA,105.12,0.5,1.049,Yes
111,Regis Resources Limited,RRL.XA,103.09,0.494,0.486,Yes
112,Morningstar International Shares Active ETF (Managed Fund),MSTR.AX,17.79,0.112,0.789,Yes
113,Sandfire Resources Limited,SFR.XA,65.39,0.349,1.41,Yes
114,Regis Resources Limited,RRL.AX,102.97,0.496,0.5,Yes
115,Revolution Private Credit Income Trust,REV.XA,4.7,0.031,0.056,Yes
116,Genesis Minerals Limited,GMD.AX,104.96,0.505,1.068,Yes
117,Nanuk New World Fund (Managed Fund),NNUK.AX,24.74,0.152,0.846,Yes
118,FSA Group Limited,FSA.XA,51.36,0.288,0.022,Yes
119,Newmont Corporation,NEM.XA,72.1,0.38,0.877,Yes
120,L1 Long Short Fund Limited,LSF.XA,27.57,0.168,0.385,Yes
121,Vanguard Global Value Equity Active ETF,VVLU.AX,19.95,0.126,0.7,Yes
122,Sandfire Resources Limited,SFR.AX,66.21,0.358,1.497,Yes
123,Evolution Mining Limited,EVN.XA,86.8,0.443,0.625,Yes
124,Evolution Mining Limited,EVN.AX,86.88,0.444,0.636,Yes
125,Firetrail S3 Global Opportunities Fund - Active ETF,S3GO.AX,19.6,0.125,0.638,Yes
126,Vanguard Morningstar US Total Market Shares Index ETF,VTS.AX,19.87,0.126,0.532,Yes
127,Argo Global Listed Infrastructure Limited,ALI.XA,17.85,0.114,0.521,Yes
128,Carindale Property Trust,CDP.AX,18.24,0.117,0.175,Yes
129,GR Engineering Services Limited,GNG.AX,65.48,0.36,1.076,Yes
130,WCM Quality Global Growth Fund-Active ETF,WCMQ.AX,25.55,0.161,0.657,Yes
131,Capricorn Metals Ltd,CMM.AX,72.4,0.391,0.711,Yes
132,Count Limited,CUP.AX,45.05,0.268,0.261,Yes
133,London City Equities Limited,LCE.AX,24.75,0.159,0.008,No
134,WCM Global Growth Limited,WQG.AX,28.94,0.183,0.778,Yes
135,Count Limited,CUP.XA,52.1,0.305,0.578,Yes
136,Future Generation Global Limited,FGG.AX,19.19,0.127,0.524,Yes
137,PM Capital Global Opportunities Fund Limited,PGF.AX,27.07,0.175,0.673,Yes
138,MyState Limited,MYS.XA,24.25,0.159,0.775,Yes
139,Capricorn Metals Ltd,CMM.XA,70.04,0.394,0.788,Yes
140,United Overseas Australia Ltd,UOS.XA,31.1,0.199,0.483,No
141,Mayfield Group Holdings Limited,MYG.AX,107.41,0.549,1.403,Yes
142,Tower Limited,TWR.XA,28.07,0.183,0.058,Yes
143,MyState Limited,MYS.AX,24.44,0.162,0.756,Yes
144,Munro Concentrated Global Growth Fund Active ETF,MCGG.AX,40.16,0.251,0.577,Yes
145,BMC Minerals Limited,BMC.XA,109.27,0.562,2.424,Yes
146,Wagners Holding Company Limited,WGN.XA,83.33,0.462,0.641,Yes
147,Westpac Banking Corporation,WBC.AX,26.59,0.178,1.013,Yes
148,Superloop Limited,SLC.XA,79.37,0.447,0.65,Yes
149,Bravura Solutions Limited,BVS.XA,101.12,0.538,0.11,Yes
150,Skinkandy Limited,SK1.XA,57.61,0.347,3.157,Yes
151,Monadelphous Group Limited,MND.AX,35.45,0.231,0.703,Yes
152,Vanguard US Total Market Shares Index ETF,VTS.XA,18.37,0.128,0.546,Yes
153,West African Resources Limited,WAF.XA,92.15,0.505,0.437,Yes
154,JPMorgan Nasdaq Equity Premium Income (Hedged) Complex ETF,JPHQ.AX,18.52,0.129,0.581,Yes
155,Fisher & Paykel Healthcare Corporation Limited,FPH.XA,27.41,0.185,0.735,Yes
156,Superloop Limited,SLC.AX,80.15,0.456,0.663,Yes
157,Supply Network Limited,SNL.XA,35.29,0.232,0.872,Yes
158,Westpac Banking Corporation,WBC.XA,26.72,0.181,0.986,Yes
159,PDI Gold Limited,PDI.XA,86.09,0.483,0.065,No
160,Monadelphous Group Limited,MND.XA,35.41,0.233,0.679,Yes
161,Dimensional Australia Core Equity Trust - Active ETF,DACE.AX,14.64,0.105,0.926,Yes
162,Servcorp Limited,SRV.AX,35.56,0.235,0.52,Yes
163,West African Resources Limited,WAF.AX,92.58,0.514,0.731,Yes
164,Future Generation Global Limited,FGG.XA,18.34,0.13,0.696,Yes
165,Wagners Holding Company Limited,WGN.AX,85.68,0.493,0.761,Yes
166,Horizon Gold Limited,HRN.XA,74.65,0.443,1.563,No
167,PDI Gold Limited,PDI.AX,85.46,0.494,0.093,Yes
168,Hejaz Equities Managed Fund,ISLM.AX,19.7,0.142,0.686,Yes
169,PointsBet Holdings Limited,PBH.XA,83.02,0.485,0.41,Yes
170,Tribeca Global Natural Resources Limited,TGF.XA,58.19,0.367,1.065,Yes
171,Bravura Solutions Limited,BVS.AX,96.14,0.545,0.085,Yes
172,Ardea Real Outcome Bond Complex ETF,XARO.AX,3.09,0.024,0.02,Yes
173,Servcorp Limited,SRV.XA,37.32,0.254,0.584,Yes
174,GR Engineering Services Limited,GNG.XA,54.61,0.351,0.862,Yes
175,Staude Capital Global Value Fund Limited,GVF.XA,11.98,0.09,0.263,No
176,Horizon Gold Limited,HRN.AX,65.62,0.409,0.589,Yes
177,Katana Capital Limited,KAT.AX,10.23,0.078,0.108,Yes
178,NRW Holdings Limited,NWH.AX,56.66,0.363,1.208,Yes
179,Energy One Limited,EOL.XA,59.68,0.381,1.161,Yes
180,Cavalier Resources Ltd,CVR.XA,120.38,0.653,1.896,Yes
181,Fisher & Paykel Healthcare Corporation Limited,FPH.AX,26.59,0.19,0.745,Yes
182,Ma Credit Income Trust,MA1.AX,3.6,0.028,0.059,Yes
183,Bisalloy Steel Group Limited,BIS.XA,67.46,0.423,0.303,No
184,PM Capital Global Opportunities Fund Limited,PGF.XA,24.55,0.179,0.763,Yes
185,Dominion Income Trust 1,DN1.AX,6.62,0.052,0.183,Yes
186,Lion Selection Group Limited,LSX.AX,38.87,0.269,0.271,Yes
187,ANZ Group Holdings Limited,ANZ.XA,21.88,0.161,1.07,Yes
188,ANZ Group Holdings Limited,ANZ.AX,21.72,0.16,1.089,Yes
189,AKORA Resources Limited,AKO.XA,54.24,0.358,1.934,Yes
190,APA Group,APA.AX,18.65,0.14,0.068,No
191,JPMorgan Equity Premium Income (Hedged) Complex ETF,JHPI.AX,8.93,0.07,0.448,Yes
192,Newmont Corporation,NEM.AX,58.1,0.381,0.608,Yes
193,Sigma Healthcare Limited,SIG.AX,77.05,0.478,2.017,Yes
194,Qualitas Real Estate Income Fund,QRI.AX,6.58,0.052,0.186,Yes
195,BSP Financial Group Limited,BFL.AX,27.76,0.203,0.227,Yes
196,Qualitas Real Estate Income Fund,QRI.XA,6.47,0.052,0.166,Yes
197,APA Group,APA.XA,18.19,0.138,0.099,No
198,Loftus Peak Global Disruption Fund (Managed Fund),LPGD.AX,31.74,0.231,0.665,Yes
199,Universal Store Holdings Limited,UNI.XA,48.56,0.336,1.395,Yes
200,Intelligent Investor Select Value Share Fd ETF,IISV.AX,14.14,0.111,0.705,Yes
201,Coles Group Limited,COL.AX,21.19,0.162,0.161,Yes
202,Korvest Ltd,KOV.AX,37.56,0.271,1.236,Yes
203,Black Cat Syndicate Limited,BC8.AX,113.34,0.657,0.894,Yes
204,Advanced Braking Technology Limited,ABV.XA,40.99,0.293,0.999,Yes
205,Barton Gold Holdings Limited,BGD.AX,110.43,0.645,0.561,Yes
206,Advanced Braking Technology Limited,ABV.AX,51.53,0.356,1.094,Yes
207,Universal Store Holdings Limited,UNI.AX,48.54,0.339,1.287,Yes
208,Imdex Limited,IMD.XA,38.11,0.276,0.538,Yes
209,Euroz Hartleys Group Limited,EZL.XA,52.77,0.365,1.094,Yes
210,Global X Ultra Long Nasdaq 100 Complex ETF,LNAS.AX,69.0,0.454,2.089,Yes
211,Betashares Geared US Equities Currency Hedged Complex ETF,GGUS.AX,46.38,0.328,1.936,Yes
212,Black Cat Syndicate Limited,BC8.XA,111.58,0.658,0.883,Yes
213,Coles Group Limited,COL.XA,21.01,0.164,0.185,Yes
214,Australian United Investment Company Limited,AUI.AX,11.77,0.096,0.623,Yes
215,Kingsgate Consolidated Limited,KCN.AX,102.09,0.626,0.907,Yes
216,Imdex Limited,IMD.AX,38.36,0.285,0.554,Yes
217,JPMorgan Nasdaq Equity Premium Income Complex ETF,JPEQ.AX,15.84,0.128,0.17,Yes
218,Kingsgate Consolidated Limited,KCN.XA,104.12,0.637,0.936,Yes
219,Munro Global Growth Fund Complex ETF,MAET.AX,38.42,0.286,0.645,Yes
220,Vault Minerals Limited,VAU.AX,80.1,0.523,0.364,Yes
221,Ricegrowers Limited,SGLLV.AX,47.14,0.341,0.103,Yes
222,Medibank Private Limited,MPL.AX,17.51,0.142,0.323,Yes
223,Tribune Resources Limited,TBR.XA,63.61,0.441,0.12,No
224,Ventia Services Group Limited,VNT.XA,36.22,0.275,1.1,Yes
225,ALS Limited,ALQ.XA,32.69,0.251,1.354,Yes
226,Vicinity Centres,VCX.XA,22.33,0.178,1.017,Yes
227,Beforepay Group Limited,B4P.XA,108.84,0.669,2.699,Yes
228,Westgold Resources Limited,WGX.XA,78.98,0.525,0.038,Yes
229,Platinum Asia Fund (Quoted Managed Hedge Fund),PAXX.AX,18.36,0.15,0.359,Yes
230,Westgold Resources Limited,WGX.AX,78.06,0.521,0.125,Yes
231,Stellar Resources Limited,SRZ.XA,109.43,0.673,1.234,Yes
232,Perpetual Credit Income Trust,PCI.AX,10.0,0.085,0.238,Yes
233,Solstice Minerals Limited,SLS.XA,126.7,0.749,0.041,No
234,Betashares Nasdaq 100 Yield Maximiser Complex ETF,QMAX.AX,16.86,0.139,0.285,Yes
235,Vicinity Centres,VCX.AX,22.13,0.179,0.992,Yes
236,Ventia Services Group Limited,VNT.AX,36.23,0.28,1.135,Yes
237,ALS Limited,ALQ.AX,32.71,0.256,1.391,Yes
238,Medibank Private Limited,MPL.XA,17.49,0.146,0.286,Yes
239,Helia Group Limited,HLI.AX,47.26,0.354,0.661,Yes
240,Horizon Oil Limited,HZN.AX,28.63,0.229,0.184,No
241,Helia Group Limited,HLI.XA,46.96,0.352,0.703,Yes
242,Origin Energy Limited,ORG.XA,21.2,0.175,0.027,No
243,Ricegrowers Limited,SGLLV.XA,50.12,0.374,0.204,Yes
244,"Imricor Medical Systems, Inc.",IMR.XA,101.71,0.657,0.952,Yes
245,Forte Energy Limited,FEL.XA,112.21,0.707,0.195,No
246,Future Generation Australia Limited,FGX.XA,12.28,0.106,0.632,Yes
247,Vault Minerals Limited,VAU.XA,77.12,0.536,0.442,Yes
248,Freightways Group Limited,FRW.AX,25.29,0.209,0.186,Yes
249,Qantas Airways Limited,QAN.XA,29.36,0.239,0.919,Yes
250,ECP Emerging Growth Limited,ECP.XA,36.28,0.289,10.793,No
251,Future Generation Australia Limited,FGX.AX,12.19,0.107,0.669,Yes
252,Aurum Resources Limited,AUE.AX,119.21,0.752,2.154,Yes
253,FireFly Metals Ltd,FFM.AX,79.79,0.561,1.458,Yes
254,Beforepay Group Limited,B4P.AX,121.14,0.768,0.601,No
255,Qantas Airways Limited,QAN.AX,29.52,0.245,0.937,Yes
256,Regis Healthcare Limited,REG.XA,44.87,0.353,1.282,Yes
257,Emerald Resources NL,EMR.XA,66.94,0.492,1.01,Yes
258,HUB24 Limited,HUB.XA,41.93,0.335,1.88,Yes
259,Energy One Limited,EOL.AX,58.28,0.442,0.234,No
260,Astral Resources NL,AAR.XA,101.47,0.683,0.888,Yes
261,Peet Limited,PPC.AX,23.81,0.204,0.649,Yes
262,WAM Active Limited,WAA.AX,23.9,0.205,0.705,Yes
263,HUB24 Limited,HUB.AX,41.9,0.337,1.903,Yes
264,Veris Limited,VRS.XA,41.88,0.338,0.145,No
265,Shaver Shop Group Limited,SSG.AX,19.95,0.175,0.71,Yes
266,Vaughan Nelson Global Equity SMID Fund (Quoted Managed Fund),VNGS.AX,13.63,0.123,0.737,Yes
267,Betashares Australian Top 20 Equities Yield Maximiser Complex ETF,YMAX.AX,8.9,0.082,0.703,Yes
268,Peet Limited,PPC.XA,23.77,0.206,0.598,Yes
269,Ramelius Resources Limited,RMS.XA,54.74,0.426,0.531,Yes
270,Regis Healthcare Limited,REG.AX,44.43,0.359,1.295,Yes
271,Shaver Shop Group Limited,SSG.XA,20.0,0.177,0.73,Yes
272,Ausgold Limited,AUC.AX,106.52,0.72,0.891,Yes
273,Carlton Investments Ltd.,CIN.AX,14.4,0.13,0.611,Yes
274,Ramelius Resources Limited,RMS.AX,55.49,0.434,0.537,Yes
275,Hearts and Minds Investments Limited,HM1.XA,17.54,0.158,0.869,Yes
276,Resolute Mining Limited,RSG.XA,100.07,0.692,0.19,Yes
277,Titan Minerals Limited,TTM.XA,97.73,0.68,0.782,Yes
278,BlinkLab Limited,BB1.XA,95.39,0.668,0.42,No
279,Macquarie Dynamic Bond Active ETF,MQDB.AX,4.05,0.039,0.219,Yes
280,FireFly Metals Ltd,FFM.XA,78.3,0.576,1.532,Yes
281,WT Financial Group Limited,WTL.AX,40.48,0.336,0.495,Yes
282,Resolute Mining Limited,RSG.AX,100.82,0.699,0.196,Yes
283,xReality Group Limited,XRG.XA,112.44,0.759,3.05,Yes
284,360 Capital Mortgage REIT,TCF.AX,12.35,0.115,0.172,Yes
285,Metro Mining Limited,MMI.AX,70.66,0.536,0.605,Yes
286,Ausgold Limited,AUC.XA,107.62,0.739,0.793,Yes
287,Bisalloy Steel Group Limited,BIS.AX,54.35,0.434,0.098,Yes
288,Aquirian Limited,AQN.XA,27.92,0.245,0.35,No
289,L1 Gold Fund Limited,LGF.AX,83.1,0.611,12.47,Yes
290,Alphinity Global Equity - Active ETF (Managed Fund),XALG.AX,17.44,0.16,0.619,Yes
291,Antipa Minerals Limited,AZY.AX,114.56,0.779,0.759,Yes
292,Commonwealth Bank of Australia,CBA.XA,24.21,0.217,1.161,Yes
293,Argo Global Listed Infrastructure Limited,ALI.AX,12.69,0.119,0.454,Yes
294,QuickFee Limited,QFE.AX,118.05,0.799,1.948,No
295,Spheria Emerging Companies Limited,SEC.XA,17.51,0.161,0.925,Yes
296,Charter Hall Group,CHC.AX,38.2,0.326,1.753,Yes
297,Charter Hall Group,CHC.XA,38.09,0.325,1.709,Yes
298,Pengana International Equities Limited,PIA.AX,11.74,0.111,0.246,Yes
299,Hearts and Minds Investments Limited,HM1.AX,17.32,0.161,0.831,Yes
300,Commonwealth Bank of Australia,CBA.AX,24.12,0.218,1.187,Yes
301,Fidelity Global Emerging Markets ETF,FEMX.AX,14.1,0.133,0.45,Yes
302,Golden Horse Minerals Limited,GHM.AX,99.01,0.711,1.457,Yes
303,Mayfield Group Holdings Limited,MYG.XA,80.1,0.606,2.905,Yes
304,Pantoro Gold Limited,PNR.AX,121.05,0.826,1.597,Yes
305,Perenti Limited,PRN.XA,42.27,0.36,0.346,Yes
306,Betashares Managed Risk Australian Shares Complex ETF,AUST.AX,9.37,0.091,0.81,Yes
307,Chilwa Minerals Limited,CHW.AX,106.75,0.754,0.501,No
308,"Imricor Medical Systems, Inc.",IMR.AX,83.63,0.628,1.112,Yes
309,St Barbara Limited,SBM.AX,119.69,0.821,1.088,Yes
310,L1 Global Long Short Fund Limited,GLS.AX,25.12,0.229,0.682,Yes
311,Perenti Limited,PRN.AX,42.45,0.364,0.339,Yes
312,Cue Energy Resources Limited,CUE.AX,57.08,0.468,1.147,No
313,Beacon Minerals Limited,BCN.AX,89.63,0.669,0.554,Yes
314,St Barbara Limited,SBM.XA,119.72,0.829,0.976,Yes
315,Equatorial Resources Limited,EQX.XA,97.83,0.716,2.937,Yes
316,Northern Star Resources Limited,NST.XA,45.49,0.389,1.103,Yes
317,Symal Group Limited,SYL.AX,59.36,0.485,0.92,Yes
318,Citigold Corporation Limited,CTO.AX,126.02,0.865,0.776,Yes
319,Northern Star Resources Limited,NST.AX,45.4,0.39,1.115,Yes
320,StepChange Holdings Limited,STH.XA,70.6,0.561,,
321,Greatland Resources Limited,GGP.XA,91.57,0.688,1.071,Yes
322,Asset Vision Co Limited,ASV.XA,89.83,0.678,1.176,No
323,Euroz Hartleys Group Limited,EZL.AX,31.14,0.283,1.184,Yes
324,Spheria Emerging Companies Limited,SEC.AX,15.72,0.151,0.604,Yes
325,Ansell Limited,ANN.AX,30.86,0.281,0.804,Yes
326,Perennial Income Generator Fund,EIGA.AX,9.81,0.097,0.814,Yes
327,IVE Group Limited,IGL.AX,20.71,0.196,0.538,Yes
328,Technology One Limited,TNE.XA,36.82,0.329,1.171,Yes
329,Ansell Limited,ANN.XA,30.34,0.278,0.805,Yes
330,Horizon Oil Limited,HZN.XA,24.01,0.225,0.392,No
331,Lion Selection Group Limited,LSX.XA,31.09,0.284,1.198,No
332,Technology One Limited,TNE.AX,36.72,0.329,1.153,Yes
333,Hejaz Sukuk Active ETF Class A,SKUK.AX,6.24,0.063,0.083,Yes
334,IVE Group Limited,IGL.XA,20.94,0.2,0.543,Yes
335,Catapult Sports Ltd,CAT.XA,66.42,0.543,2.528,Yes
336,Telstra Group Limited,TLS.AX,12.6,0.124,0.227,Yes
337,Flagship Investments Limited,FSI.XA,19.98,0.192,,
338,Scentre Group,SCG.AX,22.25,0.212,1.478,Yes
339,Smart Parking Limited,SPZ.XA,48.76,0.422,0.778,Yes
340,Dexus Convenience Retail REIT,DXC.XA,13.8,0.136,0.56,Yes
341,BetaShares Australian Small Companies Select ETF,SMLL.AX,16.34,0.159,0.984,Yes
342,Greatland Resources Limited,GGP.AX,89.44,0.689,1.066,Yes
343,Zuleika Gold Limited,ZAG.AX,87.06,0.676,0.183,No
344,Smart Parking Limited,SPZ.AX,48.25,0.422,0.945,Yes
345,Scentre Group,SCG.XA,21.86,0.21,1.467,Yes
346,Stellar Resources Limited,SRZ.AX,76.62,0.614,0.29,Yes
347,Starpharma Holdings Limited,SPL.XA,104.98,0.783,0.576,Yes
348,BlinkLab Limited,BB1.AX,85.63,0.673,0.336,No
349,Alkane Resources Ltd,ALK.AX,68.94,0.569,0.826,Yes
350,Sprintex Limited,SIX.AX,97.05,0.741,0.678,No
351,Challenger Limited,CGF.AX,21.22,0.206,1.037,Yes
352,WT Financial Group Limited,WTL.XA,31.23,0.293,0.562,No
353,Challenger Limited,CGF.XA,21.23,0.207,1.036,Yes
354,Saunders International Limited,SND.XA,46.72,0.416,0.152,Yes
355,GDI Property Group,GDI.AX,19.01,0.187,0.857,Yes
356,Alkane Resources Ltd,ALK.XA,68.42,0.57,0.714,Yes
357,Macquarie Group Limited,MQG.XA,21.43,0.21,1.331,Yes
358,Starpharma Holdings Limited,SPL.AX,107.43,0.808,0.65,Yes
359,Ellerston Asia Growth Fund Complex ETF,EAFZ.AX,22.62,0.221,0.239,Yes
360,Civmec Limited,CVL.AX,41.56,0.379,1.239,Yes
361,Solvar Limited,SVR.XA,32.96,0.31,0.339,Yes
362,Catapult Sports Ltd,CAT.AX,67.38,0.568,2.695,Yes
363,Epsilon Healthcare Limited,EPN.XA,47.56,0.427,0.982,No
364,Mitchell Services Limited,MSV.XA,40.89,0.376,1.369,Yes
365,Solvar Limited,SVR.AX,33.11,0.313,0.365,Yes
366,Macquarie Group Limited,MQG.AX,21.16,0.21,1.344,Yes
367,Charter Hall Retail REIT,CQR.XA,17.31,0.175,0.96,Yes
368,Cash Converters International Limited,CCV.AX,22.18,0.219,0.883,Yes
369,JPMorgan Climate Change Solutions Active ETF,T3MP.AX,15.15,0.154,0.512,Yes
370,QBE Insurance Group Limited,QBE.AX,20.55,0.205,0.365,Yes
371,Plato Income Maximiser Limited,PL8.AX,12.02,0.124,0.591,Yes
372,GDI Property Group,GDI.XA,19.12,0.193,0.878,Yes
373,BCI Minerals Limited,BCI.AX,30.93,0.299,0.553,Yes
374,Telstra Group Limited,TLS.XA,11.59,0.121,0.2,Yes
375,Osmond Resources Limited,OSM.XA,89.49,0.723,1.81,Yes
376,Havilah Resources Limited,HAV.AX,79.26,0.659,0.77,No
377,Charter Hall Retail REIT,CQR.AX,17.59,0.181,1.003,Yes
378,Pioneer Credit Limited,PNC.XA,36.98,0.353,1.837,Yes
379,Loomis Sayles Global Equity Quoted Managed Fund,LSGE.AX,15.55,0.161,0.733,Yes
380,QBE Insurance Group Limited,QBE.XA,20.41,0.208,0.366,Yes
381,Resolution Capital Global Property Securities - Active ETF,RCAP.AX,13.85,0.145,0.97,Yes
382,Emerald Resources NL,EMR.AX,54.25,0.489,1.28,Yes
383,Aurum Resources Limited,AUE.XA,81.14,0.676,1.375,Yes
384,Intelligent Investor Australian Equity Income ETF,INIF.AX,10.72,0.114,0.728,Yes
385,Pinnacle Investment Management Group Limited,PNI.AX,35.61,0.343,2.009,Yes
386,Wesfarmers Limited,WES.XA,21.38,0.218,1.023,Yes
387,Downer EDI Limited,DOW.AX,24.22,0.244,1.118,Yes
388,Tesoro Gold Ltd,TSO.AX,88.15,0.725,0.206,Yes
389,Ceryvyn Therapeutics Limited,CYV.XA,118.8,0.904,3.375,Yes
390,Shriro Holdings Limited,SHM.XA,41.46,0.394,1.746,Yes
391,Rand Mining Limited,RND.AX,35.84,0.347,0.408,Yes
392,Intelligent Monitoring Group Limited,IMB.AX,75.31,0.644,2.652,Yes
393,Downer EDI Limited,DOW.XA,24.23,0.245,1.079,Yes
394,NGE Capital Limited,NGE.AX,17.0,0.177,0.242,Yes
395,Broken Hill Gold Ltd.,BH6.XA,97.82,0.788,2.256,Yes
396,Perpetual Equity Investment Company Limited,PIC.XA,8.25,0.089,0.392,Yes
397,MC Mining Limited,MCM.XA,45.91,0.432,0.724,No
398,Antipa Minerals Limited,AZY.XA,101.84,0.814,1.584,Yes
399,Toubani Resources Limited,TRE.AX,85.31,0.712,0.847,No
400,Origin Energy Limited,ORG.AX,17.14,0.18,0.058,No
401,Aquirian Limited,AQN.AX,40.1,0.386,0.549,No
402,Saturn Metals Limited,STN.AX,82.82,0.699,1.326,Yes
403,Heavy Minerals Limited,HVY.AX,98.62,0.798,0.472,No
404,Horseshoe Metals Limited,HOR.AX,106.06,0.843,1.048,No
405,Cedar Woods Properties Limited,CWP.XA,24.92,0.254,1.209,Yes
406,Austal Limited,ASB.AX,41.01,0.395,0.992,Yes
407,Fat Prophets Global Contrarian Fund Ltd,FPC.AX,26.58,0.27,0.163,Yes
408,Cobram Estate Olives Limited,CBO.XA,43.52,0.416,0.74,Yes
409,Cobram Estate Olives Limited,CBO.AX,43.35,0.415,0.785,Yes
410,Washington H. Soul Pattinson and Company Limited,SOL.XA,15.84,0.168,0.158,Yes
411,Toubani Resources Limited,TRE.XA,91.01,0.755,0.568,No
412,Milford Australian Absolute Growth Complex ETF,MFOA.AX,7.36,0.081,0.619,Yes
413,Western Gold Resources Limited,WGR.XA,76.4,0.661,1.756,Yes
414,Washington H. Soul Pattinson and Company Limited,SOL.AX,15.92,0.169,0.172,Yes
415,Vita Life Sciences Limited,VLS.AX,28.68,0.29,0.16,Yes
416,Austal Limited,ASB.XA,41.32,0.401,0.976,Yes
417,Janus Henderson Global Sustainable Equity Active ETF,FUTR.AX,17.49,0.185,0.494,Yes
418,Fiducian Group Ltd,FID.AX,28.01,0.285,0.567,Yes
419,Tolu Minerals Limited,TOK.AX,44.84,0.431,1.053,No
420,Australian Agricultural Projects Ltd,AAP.AX,62.06,0.564,0.533,Yes
421,Metro Mining Limited,MMI.XA,61.19,0.559,1.18,Yes
422,Centrepoint Alliance Limited,CAF.AX,30.75,0.311,0.881,Yes
423,Cleo Diagnostics Ltd,COV.XA,90.4,0.76,1.186,No
424,West Wits Mining Limited,WWI.XA,81.75,0.704,1.016,Yes
425,Pinnacle Investment Management Group Limited,PNI.XA,34.34,0.344,1.994,Yes
426,Estrella Resources Limited,ESR.AX,123.71,0.961,1.936,Yes
427,Green360 Technologies LImited,GT3.XA,72.16,0.644,0.482,Yes
428,WAM Strategic Value Limited,WAR.AX,10.39,0.115,0.626,Yes
429,Metrics Master Income Trust,MXT.AX,6.56,0.074,0.222,Yes
430,S&P/ASX 200,^AXJO,9.67,0.107,1.0,Yes
431,Lynas Rare Earths Limited,LYC.AX,47.09,0.455,0.377,Yes
432,Navigator Global Investments Limited,NGI.AX,34.91,0.352,0.021,Yes
433,Tungsten Mining NL,TGN.AX,125.87,0.98,1.99,No
434,Delorean Corporation Limited,DEL.AX,123.45,0.968,0.234,Yes
435,Lynas Rare Earths Limited,LYC.XA,46.12,0.449,0.327,Yes
436,West Wits Mining Limited,WWI.AX,73.93,0.66,0.984,Yes
437,Pioneer Credit Limited,PNC.AX,34.9,0.354,1.578,Yes
438,Kincora Copper Limited,KCC.XA,104.0,0.86,3.961,Yes
439,Wesfarmers Limited,WES.AX,20.27,0.218,1.049,Yes
440,Cedar Woods Properties Limited,CWP.AX,24.8,0.263,1.222,Yes
441,Critica Limited,CRI.XA,108.68,0.893,1.506,Yes
442,Nexus Minerals Limited,NXM.XA,73.71,0.667,0.886,Yes
443,Powerhouse Ventures Limited,PVL.AX,70.73,0.647,0.755,Yes
444,BOA Resources Limited,BOA.XA,81.14,0.721,8.96,No
445,GWR Group Limited,GWR.XA,54.64,0.526,0.213,No
446,Little Green Pharma Ltd,LGP.XA,80.44,0.717,,
447,Estrella Resources Limited,ESR.XA,88.95,0.775,2.039,Yes
448,Rent.com.au Limited,RNT.AX,91.66,0.795,1.338,Yes
449,Dynamic Metals Limited,DYM.AX,58.24,0.559,0.07,No
450,Computershare Limited,CPU.XA,22.42,0.244,0.207,Yes
451,Castile Resources Limited,CST.XA,69.5,0.645,1.342,Yes
452,L1 Global Long Short Fund Limited,GLS.XA,23.29,0.253,0.809,Yes
453,Computershare Limited,CPU.AX,22.58,0.247,0.189,Yes
454,Aguia Resources Limited,AGR.XA,99.97,0.857,4.888,No
455,Regal Investment Fund,RF1.AX,17.29,0.193,0.565,Yes
456,Regal Asian Investments Limited,RG8.AX,22.18,0.244,0.701,Yes
457,PhosCo Ltd,PHO.XA,102.23,0.876,4.465,No
458,XRF Scientific Limited,XRF.AX,31.73,0.337,0.376,Yes
459,Global Masters Fund Limited,GFL.XA,5.41,0.064,0.967,Yes
460,Insurance Australia Group Limited,IAG.AX,18.9,0.211,0.252,Yes
461,PYC Therapeutics Limited,PYC.XA,63.56,0.608,0.502,Yes
462,Plato Income Maximiser Limited,PL8.XA,11.17,0.129,0.604,Yes
463,WAM Strategic Value Limited,WAR.XA,9.19,0.107,0.569,Yes
464,Pengana International Equities Limited,PIA.XA,10.13,0.118,0.098,No
465,Fiducian Group Ltd,FID.XA,26.88,0.292,0.552,Yes
466,Montaka Global Long Only Equities ETF (Managed Fund),MOGL.AX,17.66,0.199,1.06,Yes
467,Insurance Australia Group Limited,IAG.XA,18.78,0.211,0.232,Yes
468,Optiscan Imaging Limited,OIL.XA,108.57,0.925,1.125,No
469,Tivan Limited,TVN.AX,89.83,0.804,0.054,No
470,News Corporation,NWS.XA,18.11,0.205,0.168,Yes
471,Hyperion Global Growth Companies Fund-Active ETF,HYGG.AX,23.8,0.263,0.797,Yes
472,Pharmx Technologies Limited,PHX.AX,62.46,0.607,1.208,Yes
473,XRF Scientific Limited,XRF.XA,32.13,0.346,0.472,Yes
474,BCI Minerals Limited,BCI.XA,26.2,0.289,0.669,Yes
475,FSA Group Limited,FSA.AX,20.78,0.234,0.122,Yes
476,Tivan Limited,TVN.XA,96.29,0.853,0.162,No
477,Betmakers Technology Group Ltd,BET.AX,48.23,0.493,1.058,Yes
478,Civmec Limited,CVL.XA,38.13,0.404,1.588,Yes
479,News Corporation,NWS.AX,17.88,0.205,0.172,Yes
480,Navigator Global Investments Limited,NGI.XA,32.23,0.351,0.117,No
481,Emeco Holdings Limited,EHL.XA,28.62,0.316,0.781,Yes
482,Pepper Money Limited,PPM.XA,30.85,0.338,1.184,Yes
483,Symal Group Limited,SYL.XA,49.97,0.512,0.838,Yes
484,Capral Limited,CAA.AX,15.1,0.176,0.592,Yes
485,Golden Horse Minerals Limited,GHM.XA,69.5,0.673,0.866,Yes
486,Djerriwarrh Investments Limited,DJW.XA,8.8,0.106,0.635,Yes
487,Wrkr Ltd,WRK.AX,61.51,0.614,0.906,Yes
488,Many Peaks Minerals Limited,MPK.AX,114.96,0.991,1.052,Yes
489,Pepper Money Limited,PPM.AX,30.86,0.341,1.206,Yes
490,Meeka Metals Limited,MEK.AX,74.13,0.713,0.213,No
491,Cogstate Limited,CGS.AX,38.58,0.418,0.044,Yes
492,Suncorp Group Limited,SUN.XA,17.21,0.202,0.317,Yes
493,US Masters Residential Property Fund,URF.XA,14.91,0.177,0.72,Yes
494,Cryosite Limited,CTE.AX,44.65,0.475,0.774,No
495,Emperor Energy Limited,EMP.XA,65.25,0.65,2.251,Yes
496,National Australia Bank Limited,NAB.XA,18.65,0.218,1.533,Yes
497,Emeco Holdings Limited,EHL.AX,28.46,0.321,0.837,Yes
498,JB Hi-Fi Limited,JBH.XA,23.97,0.276,1.288,Yes
499,Rox Resources Limited,RXL.XA,63.66,0.643,1.288,No
500,National Australia Bank Limited,NAB.AX,18.36,0.217,1.54,Yes
501,Betmakers Technology Group Ltd,BET.XA,48.18,0.512,0.995,Yes
502,Locality Planning Energy Holdings Limited,LPE.AX,50.7,0.535,0.092,Yes
503,Entropy Neurodynamics Limited,ENP.AX,124.26,1.072,1.503,No
504,Generation Development Group Limited,GDG.AX,39.59,0.435,0.886,Yes
505,Rox Resources Limited,RXL.AX,63.22,0.643,1.228,No
506,SKY Network Television Limited,SKT.AX,19.64,0.233,0.027,No
507,JB Hi-Fi Limited,JBH.AX,23.88,0.279,1.312,Yes
508,L1 Capital International ETF,L1IF.AX,10.44,0.129,0.538,Yes
509,Swoop Holdings Limited,SWP.XA,74.15,0.733,2.77,Yes
510,Perpetual Credit Income Trust,PCI.XA,7.69,0.096,0.307,Yes
511,BKI Investment Company Limited,BKI.XA,7.41,0.093,0.614,Yes
512,PhosCo Ltd,PHO.AX,95.34,0.893,0.032,No
513,MAAS Group Holdings Limited,MGH.AX,23.21,0.273,0.887,Yes
514,Orica Limited,ORI.AX,19.11,0.229,1.162,Yes
515,Geopacific Resources Limited,GPR.AX,63.45,0.652,0.045,Yes
516,IperionX Limited,IPX.XA,74.97,0.746,2.514,Yes
517,Dalaroo Metals Ltd,DAL.XA,125.9,1.098,4.593,Yes
518,PointsBet Holdings Limited,PBH.AX,43.24,0.476,0.699,Yes
519,Berkeley Energia Limited,BKY.XA,53.46,0.569,1.7,No
520,Switzer Dividend Growth Fund-Active ETF,SWTZ.AX,6.89,0.087,0.711,Yes
521,Revolver Resources Holdings Ltd,RRR.XA,98.51,0.926,0.872,No
522,Astral Resources NL,AAR.AX,64.93,0.671,0.463,Yes
523,Orica Limited,ORI.XA,18.91,0.229,1.149,Yes
524,MAAS Group Holdings Limited,MGH.XA,23.39,0.279,0.868,Yes
525,Cash Converters International Limited,CCV.XA,17.48,0.214,0.925,Yes
526,Zeus Resources Limited,ZEU.XA,102.0,0.958,2.09,Yes
527,Yojee Limited,YOJ.AX,77.17,0.776,0.316,Yes
528,BWP Trust,BWP.XA,9.67,0.123,0.426,Yes
529,Morphic Ethical Equities Fund Limited,MEC.AX,10.63,0.135,0.672,Yes
530,Argo Investments Limited,ARG.XA,7.3,0.094,0.641,Yes
531,Lowell Resources Fund,LRT.AX,33.97,0.396,0.864,Yes
532,Aeris Resources Limited,AIS.AX,99.7,0.956,0.933,No
533,Citigold Corporation Limited,CTO.XA,84.32,0.842,1.377,Yes
534,Djerriwarrh Investments Limited,DJW.AX,8.1,0.105,0.592,Yes
535,Pro Medicus Limited,PME.XA,50.15,0.557,1.484,Yes
536,US Masters Residential Property Fund,URF.AX,13.16,0.168,0.678,Yes
537,Cyprium Metals Limited,CYM.XA,90.59,0.896,0.446,Yes
538,Pro Medicus Limited,PME.AX,50.3,0.562,1.495,Yes
539,Odyssey Gold Limited,ODY.XA,66.16,0.704,1.037,No
540,Biome Australia Limited,BIO.AX,77.63,0.801,2.44,Yes
541,Doctor Care Anywhere Group PLC,DOC.AX,43.94,0.503,1.394,Yes
542,BWP Trust,BWP.AX,9.6,0.125,0.49,Yes
543,NZME Limited,NZM.XA,21.91,0.273,0.798,Yes
544,Bank of Queensland Limited,BOQ.XA,13.25,0.171,1.061,Yes
545,Fleetwood Limited,FWD.XA,36.49,0.431,0.377,Yes
546,Biome Australia Limited,BIO.XA,76.36,0.795,2.59,Yes
547,Bank of Queensland Limited,BOQ.AX,13.51,0.174,1.069,Yes
548,Kincora Copper Limited,KCC.AX,85.28,0.867,3.941,Yes
549,Avira Resources Limited,AVW.XA,53.28,0.597,1.998,Yes
550,Gateway Mining Limited,GML.AX,107.85,1.038,3.256,Yes
551,Aeris Resources Limited,AIS.XA,96.34,0.956,0.852,No
552,Auric Mining Limited,AWJ.XA,48.46,0.556,0.038,No
553,Argo Investments Limited,ARG.AX,7.35,0.099,0.639,Yes
554,Ordell Minerals Limited,ORD.AX,90.69,0.928,0.659,No
555,American Rare Earths Limited,ARR.XA,63.55,0.703,0.748,Yes
556,BKI Investment Company Limited,BKI.AX,7.52,0.102,0.656,Yes
557,Western Gold Resources Limited,WGR.AX,96.89,0.983,1.013,Yes
558,Change Financial Limited,CCA.XA,42.84,0.511,3.253,Yes
559,Elementos Limited,ELT.AX,103.61,1.038,0.767,Yes
560,Energy Action Limited,EAX.AX,40.21,0.486,0.394,No
561,Tesoro Gold Ltd,TSO.XA,66.7,0.742,0.277,Yes
562,Transurban Group,TCL.AX,10.39,0.141,0.545,Yes
563,Nanoveu Limited,NVU.AX,126.06,1.201,2.087,Yes
564,Invex Therapeutics Ltd,IXC.AX,52.31,0.61,1.921,Yes
565,IperionX Limited,IPX.AX,66.12,0.74,2.576,Yes
566,Iltani Resources Limited,ILT.AX,103.26,1.043,1.258,No
567,Polymetals Resources Ltd,POL.AX,122.7,1.185,0.475,No
568,Cogstate Limited,CGS.XA,34.58,0.433,0.04,No
569,Fleetwood Limited,FWD.AX,34.13,0.428,0.389,Yes
570,Critica Limited,CRI.AX,76.42,0.838,1.295,Yes
571,WAM Global Limited,WGB.AX,9.38,0.13,0.529,Yes
572,Aristocrat Leisure Limited,ALL.AX,20.76,0.274,0.931,Yes
573,EcoGraf Limited,EGR.XA,118.23,1.167,4.836,No
574,Data#3 Limited,DTL.XA,27.83,0.36,0.953,Yes
575,Iron Bear Resources Ltd,IBR.AX,108.22,1.1,0.766,No
576,Etherstack plc,ESK.AX,56.47,0.663,1.74,Yes
577,Aurora Labs Limited,A3D.AX,60.02,0.699,0.107,Yes
578,Brisbane Broncos Limited,BBL.AX,26.86,0.351,0.472,No
579,Tribune Resources Limited,TBR.AX,36.32,0.458,0.685,Yes
580,Perpetual Equity Investment Company Limited,PIC.AX,7.54,0.107,0.469,Yes
581,Tribeca Global Natural Resources Limited,TGF.AX,26.47,0.347,0.941,Yes
582,American Rare Earths Limited,ARR.AX,63.54,0.734,1.015,Yes
583,Duratec Limited,DUR.XA,30.91,0.399,0.147,Yes
584,Data#3 Limited,DTL.AX,27.97,0.365,0.937,Yes
585,Aurora Labs Limited,A3D.XA,60.94,0.713,1.563,Yes
586,Verbrec Limited,VBC.AX,61.33,0.72,1.156,Yes
587,Motio Limited,MXO.AX,74.48,0.841,2.846,Yes
588,Aristocrat Leisure Limited,ALL.XA,20.19,0.274,0.928,Yes
589,Sandon Capital Investments Limited,SNC.AX,12.49,0.175,0.72,Yes
590,Senetas Corporation Limited,SEN.XA,57.31,0.684,1.504,Yes
591,Zicom Group Limited,ZGL.AX,53.41,0.647,0.299,Yes
592,Brightstar Resources Limited,BTR.AX,73.26,0.837,1.571,Yes
593,Eagers Automotive Limited,APE.XA,30.29,0.401,0.837,Yes
594,Transurban Group,TCL.XA,9.94,0.143,0.505,Yes
595,Region Group,RGN.AX,11.77,0.168,1.035,Yes
596,Duratec Limited,DUR.AX,30.26,0.402,0.224,Yes
597,Breville Group Limited,BRG.AX,19.45,0.27,1.557,Yes
598,Region Group,RGN.XA,11.64,0.167,0.981,Yes
599,JPMorgan Equity Premium Income Complex ETF,JEPI.AX,6.16,0.09,0.15,Yes
600,Avenira Limited,AEV.XA,90.64,1.002,0.433,Yes
601,Breville Group Limited,BRG.XA,19.13,0.268,1.506,Yes
602,Orthocell Limited,OCC.AX,49.11,0.62,0.026,No
603,Regal Investment Fund,RF1.XA,13.49,0.195,0.489,Yes
604,Tanami Gold NL,TAM.AX,40.75,0.532,0.68,Yes
605,dorsaVi Ltd,DVL.AX,96.02,1.069,3.374,Yes
606,Eagers Automotive Limited,APE.AX,30.13,0.411,0.897,Yes
607,Orpheus Uranium Limited,ORP.AX,70.05,0.838,2.269,Yes
608,Meeka Metals Limited,MEK.XA,56.03,0.701,0.106,Yes
609,Indiana Resources Limited,IDA.AX,31.67,0.431,1.553,Yes
610,Betashares Geared Short Australian Government Bond Complex ETF,BBAB.AX,9.67,0.144,0.491,No
611,EVT Limited,EVT.XA,18.77,0.269,0.512,Yes
612,Cyprium Metals Limited,CYM.AX,70.76,0.849,0.144,Yes
613,Waterco Limited,WAT.AX,19.16,0.274,0.311,Yes
614,PolarX Limited,PXX.AX,72.85,0.871,2.829,Yes
615,EcoGraf Limited,EGR.AX,109.3,1.189,4.731,No
616,D3 Energy Limited,D3E.AX,92.33,1.051,2.636,Yes
617,Intelicare Holdings Limited,ICR.AX,107.54,1.181,1.015,Yes
618,Parkway Corporate Limited,PWN.XA,53.68,0.687,0.488,Yes
619,Odessa Minerals Limited,ODE.XA,84.29,0.985,0.307,Yes
620,Aeris Environmental Ltd,AEI.AX,47.34,0.619,1.652,Yes
621,Farm Pride Foods Limited,FRM.AX,39.28,0.528,1.391,Yes
622,ResMed Inc.,RMD.XA,17.2,0.252,1.139,Yes
623,Horseshoe Metals Limited,HOR.XA,57.08,0.727,0.114,No
624,Finbar Group Limited,FRI.XA,17.8,0.261,0.196,Yes
625,Centrepoint Alliance Limited,CAF.XA,25.82,0.369,1.422,Yes
626,Minerals 260 Limited,MI6.XA,83.15,0.989,0.678,Yes
627,Vista Group International Limited,VGL.XA,36.41,0.502,1.026,Yes
628,L1 Group Limited,L1G.XA,34.33,0.478,2.404,Yes
629,Boresight Ltd,BST.AX,116.71,1.279,,
630,The GPT Group,GPT.XA,14.85,0.223,1.48,Yes
631,The Koala Company Limited,KOA.AX,54.85,0.713,7.589,No
632,Cavalier Resources Ltd,CVR.AX,87.24,1.034,0.265,No
633,MLG Oz Limited,MLG.XA,28.52,0.407,0.463,Yes
634,The GPT Group,GPT.AX,15.07,0.227,1.522,Yes
635,Optiscan Imaging Limited,OIL.AX,61.66,0.789,0.576,No
636,Alchemy Resources Limited,ALY.XA,40.28,0.554,1.087,Yes
637,L1 Group Limited,L1G.AX,34.93,0.491,2.515,Yes
638,EVT Limited,EVT.AX,18.93,0.283,0.505,Yes
639,IML Concentrated Australian Share Fund (Quoted Managed Fund),IMLC.AX,6.52,0.103,0.57,Yes
640,Brambles Limited,BXB.AX,18.79,0.282,0.998,Yes
641,Rural Funds Group,RFF.AX,10.91,0.17,0.561,Yes
642,Pacific Edge Limited,PEB.AX,83.85,1.021,1.122,No
643,The a2 Milk Company Limited,A2M.XA,33.25,0.475,0.167,Yes
644,Vertex Minerals Limited,VTX.XA,68.74,0.878,0.89,Yes
645,Resimac Group Limited,RMC.AX,21.42,0.322,1.433,Yes
646,Brambles Limited,BXB.XA,18.66,0.284,0.977,Yes
647,Urbanise.com Limited,UBN.AX,22.45,0.336,0.007,No
648,Kip McGrath Education Centres Limited,KME.XA,38.77,0.548,1.034,Yes
649,ResMed Inc.,RMD.AX,16.47,0.254,1.17,Yes
650,St George Mining Limited,SGQ.AX,110.58,1.27,1.351,Yes
651,Alcoa Corporation,AAI.AX,31.79,0.463,0.471,Yes
652,Vista Group International Limited,VGL.AX,34.13,0.493,0.769,Yes
653,Montaka Global Extension Fund (Quoted Managed Hedge Fund),MKAX.AX,16.91,0.261,1.037,Yes
654,MotorCycle Holdings Limited,MTO.AX,33.97,0.492,0.974,Yes
655,Rural Funds Group,RFF.XA,10.7,0.17,0.542,Yes
656,Raiz Invest Limited,RZI.XA,35.68,0.515,1.197,Yes
657,Beetaloo Energy Australia Limited,BTL.AX,31.06,0.457,0.444,Yes
658,News Corporation,NWSLV.AX,15.45,0.242,0.143,Yes
659,Alcoa Corporation,AAI.XA,31.48,0.464,0.451,Yes
660,Algorae Pharmaceuticals Limited,1AI.XA,67.53,0.887,0.764,No
661,Metrics Master Income Trust,MXT.XA,4.84,0.08,0.175,Yes
662,Resimac Group Limited,RMC.XA,20.73,0.32,1.404,Yes
663,The a2 Milk Company Limited,A2M.AX,32.53,0.481,0.205,Yes
664,Racura Oncology Ltd,RAC.AX,88.62,1.1,0.342,No
665,Racura Oncology Ltd,RAC.XA,90.31,1.116,0.099,No
666,Neuren Pharmaceuticals Limited,NEU.XA,41.49,0.597,2.886,Yes
667,Neuren Pharmaceuticals Limited,NEU.AX,41.53,0.598,2.869,Yes
668,Famien Resources Limited,FMN.AX,46.42,0.663,0.056,No
669,Develop Global Limited,DVP.XA,32.7,0.49,0.336,Yes
670,Odyssey Gold Limited,ODY.AX,53.66,0.751,1.572,No
671,MotorCycle Holdings Limited,MTO.XA,32.93,0.497,0.903,Yes
672,Syntara Limited,SNT.XA,55.24,0.774,0.275,No
673,Alterity Therapeutics Limited,ATH.XA,83.87,1.08,1.029,Yes
674,RocketDNA Ltd.,RKT.XA,50.58,0.721,2.775,Yes
675,MC Mining Limited,MCM.AX,44.75,0.651,0.185,Yes
676,Red Metal Limited,RDM.AX,34.6,0.526,0.354,Yes
677,Liberty Metals Ltd,LIB.AX,127.55,1.497,1.208,Yes
678,Pilbara Gold Limited,PGL.AX,40.37,0.605,0.309,Yes
679,Capstone Copper Corp.,CSC.XA,29.56,0.461,1.457,Yes
680,Capstone Copper Corp.,CSC.AX,29.48,0.46,1.509,Yes
681,Po Valley Energy Limited,PVE.AX,26.17,0.415,0.536,No
682,Netwealth Group Limited,NWL.AX,20.76,0.336,2.128,Yes
683,Sunshine Metals Limited,SHN.XA,112.53,1.376,3.265,Yes
684,Volt Group Limited,VPR.AX,78.67,1.053,0.74,No
685,K&S Corporation Limited,KSC.XA,12.71,0.213,1.032,Yes
686,Netwealth Group Limited,NWL.XA,20.47,0.333,2.106,Yes
687,ActivEX Limited,AIV.AX,69.13,0.956,1.29,Yes
688,Develop Global Limited,DVP.AX,31.27,0.492,0.332,Yes
689,Equus Energy Limited,EQU.AX,25.83,0.415,0.43,Yes
690,Orange Minerals NL,OMX.AX,55.63,0.809,0.766,Yes
691,Jupiter Mines Limited,JMS.XA,28.5,0.456,0.215,Yes
692,Jupiter Mines Limited,JMS.AX,28.85,0.461,0.059,Yes
693,ikeGPS Group Limited,IKE.AX,32.68,0.518,0.289,Yes
694,AML3D Limited,AL3.AX,52.02,0.773,0.571,Yes
695,NuEnergy Gas Limited,NGY.XA,39.04,0.607,3.176,No
696,Sports Entertainment Group Limited,SEG.AX,19.92,0.333,0.793,Yes
697,Raiz Invest Limited,RZI.AX,26.44,0.431,1.05,Yes
698,Suncorp Group Limited,SUN.AX,12.94,0.223,0.523,Yes
699,Finbar Group Limited,FRI.AX,16.24,0.277,0.162,Yes
700,Alterity Therapeutics Limited,ATH.AX,80.16,1.103,1.739,Yes
701,Pilbara Gold Limited,PGL.XA,41.94,0.651,0.925,Yes
702,Reef Casino Trust,RCT.AX,13.67,0.236,0.409,No
703,Charter Hall Long WALE REIT,CLW.XA,11.69,0.204,1.319,Yes
704,Mamba Exploration Limited,M24.XA,54.33,0.815,8.218,Yes
705,Nanollose Limited,NC6.AX,63.07,0.922,0.853,No
706,Zeotech Limited,ZEO.XA,51.81,0.785,1.446,Yes
707,Bannerman Energy Ltd,BMN.AX,42.81,0.669,1.392,Yes
708,Australian United Investment Company Limited,AUI.XA,5.33,0.096,0.517,Yes
709,Kalamazoo Resources Limited,KZR.XA,42.12,0.661,0.633,Yes
710,BSA Limited,BSA.AX,79.92,1.118,3.002,Yes
711,Environmental Clean Technologies Limited,ECT.AX,107.38,1.397,0.141,Yes
712,VBX Limited,VBX.AX,85.02,1.176,3.529,Yes
713,Charter Hall Long WALE REIT,CLW.AX,11.87,0.211,1.408,Yes
714,Metal Bank Limited,MBK.XA,56.06,0.852,2.589,No
715,Red Hill Minerals Limited,RHI.AX,18.62,0.324,0.295,Yes
716,Iltani Resources Limited,ILT.XA,79.89,1.141,1.82,No
717,Control Bionics Limited,CBL.XA,71.24,1.047,3.34,No
718,Aurizon Holdings Limited,AZJ.AX,8.41,0.154,0.566,Yes
719,Forrestania Resources Limited,FRS.XA,74.68,1.087,1.047,No
720,NexGen Energy Ltd.,NXG.AX,25.12,0.434,1.734,Yes
721,Bellevue Gold Limited,BGL.XA,31.14,0.527,0.336,Yes
722,Frontier Digital Ventures Limited,FDV.XA,46.19,0.743,0.629,No
723,Aurizon Holdings Limited,AZJ.XA,8.25,0.153,0.503,Yes
724,Bannerman Energy Ltd,BMN.XA,40.16,0.66,1.63,Yes
725,Chorus Limited,CNU.XA,7.65,0.143,0.474,Yes
726,DGR Global Limited,DGR.AX,68.52,1.037,0.385,Yes
727,Arika Resources Limited,ARI.AX,44.49,0.726,3.262,Yes
728,Culpeo Minerals Limited,CPO.XA,45.21,0.738,3.452,Yes
729,NuEnergy Gas Limited,NGY.AX,57.6,0.905,1.365,Yes
730,Ryder Capital Limited,RYD.XA,17.45,0.317,1.237,Yes
731,Atlas Pearls Limited,ATP.AX,53.51,0.854,2.357,Yes
732,Brightstar Resources Limited,BTR.XA,52.53,0.842,1.96,Yes
733,Generation Development Group Limited,GDG.XA,26.01,0.459,0.642,Yes
734,Heavy Rare Earths Limited,HRE.XA,20.41,0.369,1.716,Yes
735,Adrad Holdings Limited,AHL.AX,22.48,0.405,0.708,Yes
736,Catalina Resources Ltd,CTN.XA,42.1,0.709,4.367,Yes
737,Alcidion Group Limited,ALC.XA,31.93,0.558,0.515,Yes
738,Southern Hemisphere Mining Limited,SUH.AX,59.51,0.954,0.207,No
739,Wam Income Maximiser Limited,WMX.AX,5.69,0.112,0.424,Yes
740,Qualitas Limited,QAL.AX,17.5,0.327,0.7,Yes
741,Mount Hope Mining Limited,MHM.XA,63.34,1.01,3.659,Yes
742,SGH Limited,SGH.XA,13.53,0.257,1.298,Yes
743,MA Financial Group Limited,MAF.XA,20.49,0.379,1.181,Yes
744,Sarama Resources Ltd,SRR.AX,27.59,0.498,0.519,Yes
745,Stockland,SGP.AX,12.55,0.241,1.603,Yes
746,Waypoint REIT,WPR.AX,10.07,0.195,1.134,Yes
747,Oakajee Corporation Limited,OKJ.AX,88.49,1.32,0.037,Yes
748,RocketDNA Ltd.,RKT.AX,36.88,0.649,0.584,Yes
749,COG Financial Services Limited,COG.XA,22.27,0.415,0.189,Yes
750,Decidr AI Industries Ltd,DAI.XA,72.96,1.148,1.041,Yes
751,Stockland,SGP.XA,12.4,0.241,1.605,Yes
752,xReality Group Limited,XRG.AX,37.55,0.665,1.612,Yes
753,Ophir Asset Management Pty Ltd - Ophir High Conviction Fund,OPH.AX,10.93,0.215,0.841,Yes
754,Lovisa Holdings Limited,LOV.XA,24.71,0.459,1.947,Yes
755,SGH Limited,SGH.AX,13.31,0.259,1.307,Yes
756,MA Financial Group Limited,MAF.AX,20.42,0.387,1.124,Yes
757,Genesis Energy Limited,GNE.XA,7.41,0.148,0.699,Yes
758,Zeotech Limited,ZEO.AX,43.13,0.755,0.721,Yes
759,Lovisa Holdings Limited,LOV.AX,24.68,0.463,1.95,Yes
760,West Coast Silver Limited,WCE.AX,103.1,1.519,1.471,No
761,Besra Gold Inc.,BEZ.XA,65.12,1.066,0.965,Yes
762,Dalaroo Metals Ltd,DAL.AX,44.45,0.779,1.482,Yes
763,NZME Limited,NZM.AX,13.63,0.269,0.888,Yes
764,Gullewa Limited,GUL.AX,29.36,0.545,0.918,Yes
765,NexGen Energy Ltd.,NXG.XA,22.93,0.438,1.826,Yes
766,Anax Metals Limited,ANX.AX,66.6,1.1,0.983,Yes
767,Senetas Corporation Limited,SEN.AX,38.71,0.701,1.741,Yes
768,Centuria Industrial REIT,CIP.XA,7.29,0.15,0.934,Yes
769,Red Metal Limited,RDM.XA,28.06,0.532,0.414,Yes
770,Strickland Metals Limited,STK.AX,52.06,0.913,0.907,No
771,Megaport Limited,MP1.AX,37.72,0.695,1.228,Yes
772,Betashares Strong Australian Dollar Complex ETF,AUDS.AX,9.99,0.206,0.799,Yes
773,Wrkr Ltd,WRK.XA,30.14,0.574,0.732,Yes
774,GTN Limited,GTN.AX,20.83,0.411,0.334,Yes
775,Strickland Metals Limited,STK.XA,49.59,0.886,1.13,No
776,VanEck Geared Australian Equal Weight Fund (Hedge Fund),GMVW.AX,9.16,0.191,1.645,Yes
777,OncoSil Medical Limited,OSL.XA,123.95,1.811,5.828,Yes
778,High Peak Royalties Limited,HPR.AX,30.75,0.589,1.753,No
779,Megaport Limited,MP1.XA,37.22,0.698,1.175,Yes
780,Chorus Limited,CNU.AX,6.81,0.144,0.48,Yes
781,Harmoney Corp Limited,HMY.AX,28.2,0.551,2.207,Yes
782,Nordic Resources Limited,NNL.AX,54.03,0.967,1.295,Yes
783,US1 Critical Minerals Limited,USC.AX,103.8,1.613,3.88,Yes
784,Whitefield Income Limited,WHI.AX,6.23,0.133,0.781,Yes
785,Telix Pharmaceuticals Limited,TLX.XA,24.66,0.492,0.394,No
786,Atomos Limited,AMS.XA,106.12,1.652,1.787,Yes
787,DGR Global Limited,DGR.XA,107.1,1.664,5.994,Yes
788,Austco Healthcare Limited,AHC.AX,16.93,0.349,0.755,Yes
789,Telix Pharmaceuticals Limited,TLX.AX,25.2,0.503,0.418,No
790,Tanami Gold NL,TAM.XA,30.81,0.604,1.434,Yes
791,Storage King Group,SKG.AX,11.5,0.244,0.967,Yes
792,Astron Corporation Limited,ATR.XA,36.81,0.71,1.009,No
793,Theta Gold Mines Limited,TGM.XA,34.92,0.679,0.373,Yes
794,Alma Metals Limited,ALM.AX,50.92,0.938,2.898,Yes
795,Resolution Minerals Ltd,RML.AX,111.67,1.735,0.681,Yes
796,Challenger Gold Limited,CEL.XA,31.0,0.62,0.744,Yes
797,Decidr AI Industries Ltd,DAI.AX,62.01,1.121,1.315,Yes
798,Acrow Limited,ACF.AX,11.37,0.247,0.808,Yes
799,Waypoint REIT,WPR.XA,8.58,0.19,1.066,Yes
800,Regal Partners Limited,RPL.XA,22.86,0.477,2.602,Yes
801,Whitefield Income Limited,WHI.XA,5.65,0.127,0.509,Yes
802,Ridley Corporation Limited,RIC.XA,12.09,0.264,1.462,Yes
803,Regal Partners Limited,RPL.AX,23.24,0.486,2.57,Yes
804,GQG Partners Inc.,GQG.XA,15.34,0.331,0.517,Yes
805,BSP Financial Group Limited,BFL.XA,9.6,0.213,0.192,Yes
806,Amaero Inc.,3DA.AX,34.83,0.706,1.389,Yes
807,Ridley Corporation Limited,RIC.AX,12.42,0.275,1.526,Yes
808,Riversgold Limited,RGL.AX,68.51,1.246,1.464,Yes
809,EZZ Life Science Holdings Limited,EZZ.AX,53.59,1.023,1.631,Yes
810,WAM Microcap Limited,WMI.AX,5.63,0.129,0.587,Yes
811,Yandal Resources Limited,YRL.XA,34.36,0.703,0.658,Yes
812,Wam Alternative Assets Limited,WMA.AX,3.7,0.086,0.276,Yes
813,Eclipse Metals Limited,EPM.AX,79.06,1.412,1.026,No
814,Whitefield Industrials Limited,WHF.AX,3.56,0.083,0.443,Yes
815,oOh!media Limited,OML.AX,16.35,0.362,0.798,Yes
816,Ardea Resources Limited,ARL.XA,27.73,0.589,1.321,Yes
817,Amaero Inc.,3DA.XA,31.98,0.67,1.273,Yes
818,Acrow Limited,ACF.XA,11.39,0.259,0.845,Yes
819,oOh!media Limited,OML.XA,15.72,0.354,0.779,Yes
820,Elixir Energy Limited,EXR.XA,47.12,0.945,0.045,No
821,Ronin Resources Ltd,RON.AX,29.45,0.628,0.673,Yes
822,Xstate Resources Limited,XST.AX,49.99,0.993,0.813,Yes
823,RTG Mining Inc.,RTG.AX,33.11,0.699,1.553,Yes
824,FFI Holdings Limited,FFI.AX,8.68,0.202,0.275,No
825,The Lottery Corporation Limited,TLC.AX,6.75,0.158,0.69,Yes
826,GTN Limited,GTN.XA,21.39,0.473,0.947,Yes
827,Harmoney Corp Limited,HMY.XA,20.03,0.447,0.674,Yes
828,Lac Gold Limited,LAC.AX,40.97,0.848,1.468,Yes
829,Singular Health Group Ltd,SHG.XA,43.04,0.886,0.951,No
830,NAOS Emerging Opportunities Co Ltd,NCCGA.AX,3.36,0.081,0.252,Yes
831,Whitehaven Coal Limited,WHC.XA,14.91,0.342,0.195,No
832,Whitehaven Coal Limited,WHC.AX,14.9,0.342,0.179,No
833,Carbonxt Group Limited,CG1.AX,30.03,0.652,0.585,No
834,GemLife Communities Group,GLF.AX,11.02,0.259,1.743,Yes
835,The Lottery Corporation Limited,TLC.XA,6.38,0.153,0.701,Yes
836,TalonX Resources Limited,TXR.XA,86.21,1.581,2.139,Yes
837,Alfabs Australia Limited,AAL.AX,21.98,0.497,0.174,Yes
838,Patrys Limited,PAB.XA,77.5,1.462,2.536,Yes
839,TZ Limited,TZL.AX,112.27,1.939,2.838,No
840,Flagship Minerals Limited,FLG.AX,61.58,1.223,0.732,No
841,PLS Group Limited,PLS.XA,26.26,0.589,0.798,Yes
842,AnteoTech Limited,ADO.AX,104.1,1.842,0.767,Yes
843,Nexus Minerals Limited,NXM.AX,30.43,0.676,1.136,Yes
844,PLS Group Limited,PLS.AX,26.1,0.59,0.853,Yes
845,Sovereign Metals Limited,SVM.AX,18.06,0.422,1.249,Yes
846,Prescient Therapeutics Limited,PTX.AX,32.8,0.727,0.236,Yes
847,Challenger Gold Limited,CEL.AX,24.67,0.564,0.399,Yes
848,Sovereign Metals Limited,SVM.XA,18.17,0.427,1.181,Yes
849,High-Tech Metals Limited,HTM.AX,26.51,0.603,0.913,No
850,Paterson Resources Ltd,PSL.AX,35.22,0.778,1.277,Yes
851,Prime Financial Group Limited,PFG.AX,8.48,0.208,0.577,Yes
852,Amplitude Energy Limited,AEL.AX,22.59,0.524,1.847,Yes
853,Kantra Copper Ltd,KAN.AX,25.9,0.593,1.754,Yes
854,MRG Metals Ltd,MRQ.AX,57.81,1.192,0.457,No
855,Aguia Resources Limited,AGR.AX,39.04,0.862,2.805,No
856,Kantra Copper Ltd,KAN.XA,25.69,0.597,2.091,Yes
857,Amplitude Energy Limited,AEL.XA,22.48,0.53,1.853,Yes
858,Kip McGrath Education Centres Limited,KME.AX,22.61,0.533,0.915,Yes
859,Nickel Industries Limited,NIC.XA,14.0,0.342,0.898,Yes
860,Meteoric Resources Limited,MEI.XA,31.67,0.722,1.848,Yes
861,GoldArc Resources Limited,GA8.AX,48.58,1.044,0.169,Yes
862,GQG Partners Inc.,GQG.AX,13.68,0.335,0.517,Yes
863,Love Group Global Ltd,LVE.AX,11.4,0.283,0.267,No
864,Berkeley Energia Limited,BKY.AX,20.7,0.495,0.101,No
865,First Graphene Limited,FGR.AX,44.84,0.983,1.417,Yes
866,Athena Resources Limited,AHN.AX,93.08,1.768,3.699,Yes
867,Discovery Alaska Limited,DAF.AX,43.2,0.954,3.145,Yes
868,Vertex Minerals Limited,VTX.AX,36.79,0.835,0.482,Yes
869,Cromwell Property Group,CMW.AX,13.95,0.346,1.218,Yes
870,Ariadne Australia Limited,ARA.XA,6.14,0.157,1.259,Yes
871,Benjamin Hornigold Limited,BHD.AX,11.41,0.286,0.539,Yes
872,Nickel Industries Limited,NIC.AX,14.21,0.352,0.944,Yes
873,Gibb River Diamonds Limited,GIB.AX,25.99,0.616,1.927,No
874,Adveritas Limited,AV1.XA,15.84,0.391,0.163,No
875,Prescient Therapeutics Limited,PTX.XA,30.46,0.712,0.233,Yes
876,Koonenberry Gold Limited,KNB.AX,51.9,1.137,2.673,Yes
877,Praemium Limited,PPS.XA,14.89,0.373,0.535,Yes
878,NAOS Ex-50 Opportunities Company Ltd,NACGA.AX,2.0,0.053,0.056,Yes
879,GemLife Communities Group,GLF.XA,9.6,0.247,1.683,Yes
880,RTG Mining Inc.,RTG.XA,34.25,0.801,0.835,Yes
881,Heavy Minerals Limited,HVY.XA,30.41,0.722,0.782,No
882,HomeCo Daily Needs REIT,HDN.AX,6.44,0.168,0.995,Yes
883,Elders Limited,ELD.XA,12.14,0.31,0.766,Yes
884,Cromwell Property Group,CMW.XA,12.93,0.33,1.264,Yes
885,Canyon Resources Limited,CAY.AX,29.45,0.707,1.737,Yes
886,Santos Limited,STO.AX,9.9,0.258,0.088,Yes
887,Praemium Limited,PPS.AX,14.73,0.376,0.597,Yes
888,Elders Limited,ELD.AX,12.06,0.312,0.763,Yes
889,Mt Malcolm Mines NL,M2M.XA,35.63,0.843,1.878,Yes
890,Santos Limited,STO.XA,9.94,0.261,0.074,Yes
891,WAM Leaders Limited,WLE.XA,4.31,0.116,0.241,Yes
892,Woolworths Group Limited,WOW.XA,7.34,0.195,0.44,Yes
893,European Resources Limited,ERE.AX,61.87,1.355,3.955,Yes
894,Legacy Minerals Holdings Limited,LGM.XA,35.12,0.841,1.625,No
895,PTR Minerals Ltd,PTR.XA,40.78,0.958,3.207,Yes
896,Beetaloo Energy Australia Limited,BTL.XA,17.78,0.456,0.289,No
897,Comms Group Limited,CCG.AX,16.73,0.432,0.572,Yes
898,Cycliq Group Limited,CYQ.AX,64.04,1.403,1.996,Yes
899,Tuas Limited,TUA.XA,23.46,0.592,1.759,Yes
900,AnteoTech Limited,ADO.XA,92.39,1.875,0.529,Yes
901,Carnaby Resources Limited,CNB.XA,28.12,0.7,2.232,Yes
902,Zenith Minerals Limited,ZNC.AX,53.01,1.214,0.446,Yes
903,VEEM Ltd,VEE.XA,29.07,0.724,1.326,Yes
904,Wildcat Resources Limited,WC8.XA,38.77,0.933,0.825,No
905,HomeCo Daily Needs REIT,HDN.XA,6.13,0.168,0.998,Yes
906,Wildcat Resources Limited,WC8.AX,38.96,0.942,0.748,No
907,SciDev Limited,SDV.XA,33.03,0.816,0.831,No
908,Tuas Limited,TUA.AX,22.74,0.587,1.709,Yes
909,Mount Ridley Mines Limited,MRD.XA,26.67,0.684,0.361,No
910,OD6 Metals Limited,OD6.AX,54.69,1.274,2.162,No
911,Boresight Ltd,BST.XA,46.08,1.11,,
912,REA Group Limited,REA.AX,10.43,0.287,1.279,Yes
913,Global Gold Mining Limited,GGM.XA,29.02,0.744,0.228,No
914,Kalgoorlie Gold Mining Limited,KAL.AX,82.03,1.78,4.963,No
915,Bellevue Gold Limited,BGL.AX,19.95,0.531,0.199,Yes
916,Australian Finance Group Limited,AFG.XA,12.13,0.334,1.16,Yes
917,Adairs Limited,ADH.AX,21.05,0.559,2.651,Yes
918,Magellan Financial Group Limited,MFG.XA,15.67,0.427,1.63,Yes
919,Australian Finance Group Limited,AFG.AX,12.14,0.337,1.161,Yes
920,Straker Limited,STG.XA,14.73,0.406,1.134,Yes
921,Qualitas Limited,QAL.XA,11.98,0.334,0.677,Yes
922,Adairs Limited,ADH.XA,20.74,0.559,2.661,Yes
923,MinRex Resources Limited,MRR.XA,28.42,0.744,1.746,Yes
924,icetana Limited,ICE.XA,19.44,0.527,2.31,Yes
925,Pivotal Metals Limited,PVT.AX,55.05,1.317,2.162,Yes
926,REA Group Limited,REA.XA,10.01,0.282,1.269,Yes
927,DeSoto Resources Limited,DES.AX,20.67,0.559,0.417,Yes
928,hipages Group Holdings Limited,HPG.AX,19.88,0.542,0.646,Yes
929,Magellan Financial Group Limited,MFG.AX,15.31,0.427,1.651,Yes
930,Zinc of Ireland Limited,ZMI.AX,26.51,0.712,1.048,No
931,"Light & Wonder, Inc.",LNW.AX,15.24,0.431,0.047,No
932,WAM Leaders Limited,WLE.AX,4.11,0.123,0.267,Yes
933,Anteris Technologies Global Corp.,AVR.XA,28.73,0.778,2.813,Yes
934,Paladin Energy Ltd,PDN.XA,22.79,0.632,2.142,Yes
935,Paladin Energy Ltd,PDN.AX,22.6,0.628,2.197,Yes
936,New Frontier Minerals Limited,NFM.AX,43.74,1.126,1.126,Yes
937,Centuria Industrial REIT,CIP.AX,5.1,0.153,0.972,Yes
938,Genesis Energy Limited,GNE.AX,5.07,0.153,0.607,Yes
939,Korvest Ltd,KOV.XA,6.49,0.195,0.813,Yes
940,Shriro Holdings Limited,SHM.AX,5.48,0.166,0.117,No
941,ReadCloud Limited,RCL.AX,19.02,0.548,0.85,Yes
942,Beam Communications Holdings Limited,BCC.AX,24.67,0.697,1.649,Yes
943,Leeuwin Metals Ltd,LM1.AX,32.05,0.881,1.514,No
944,Lac Gold Limited,LAC.XA,29.74,0.825,4.355,Yes
945,VEEM Ltd,VEE.AX,25.51,0.724,1.441,Yes
946,Canyon Resources Limited,CAY.XA,25.48,0.723,2.069,Yes
947,Airtasker Limited,ART.AX,18.25,0.533,1.216,Yes
948,Storage King Group,SKG.XA,8.0,0.244,0.814,Yes
949,Terramin Australia Limited,TZN.AX,36.28,0.996,0.069,Yes
950,MinRex Resources Limited,MRR.AX,23.44,0.676,1.464,Yes
951,dorsaVi Ltd,DVL.XA,43.99,1.182,3.035,Yes
952,Pureprofile Ltd,PPL.AX,16.49,0.493,1.046,Yes
953,Caspin Resources Limited,CPN.AX,30.37,0.861,0.486,Yes
954,Vulcan Energy Resources Limited,VUL.AX,25.42,0.736,1.351,Yes
955,PolarX Limited,PXX.XA,26.24,0.769,1.772,Yes
956,Silver Mines Limited,SVL.AX,24.29,0.721,0.319,No
957,Beacon Lighting Group Limited,BLX.XA,11.33,0.354,0.831,Yes
958,Golden Deeps Limited,GED.AX,26.91,0.794,1.496,Yes
959,Core Lithium Ltd,CXO.AX,27.13,0.805,0.243,No
960,Anax Metals Limited,ANX.XA,29.54,0.875,1.589,Yes
961,Pure Resources Limited,PR1.XA,26.58,0.799,0.103,Yes
962,Select Harvests Limited,SHV.AX,12.61,0.401,0.434,No
963,Core Lithium Ltd,CXO.XA,26.74,0.806,0.157,No
964,Humm Group Limited,HUM.XA,17.54,0.551,0.729,Yes
965,Great Divide Mining Ltd,GDM.AX,16.97,0.535,0.601,Yes
966,Constellation Resources Limited,CR1.AX,25.27,0.772,1.229,Yes
967,Marvel Gold Limited,MVL.AX,16.89,0.533,0.49,Yes
968,Chrysos Corporation Limited,C79.AX,15.11,0.482,1.69,Yes
969,Select Harvests Limited,SHV.XA,12.19,0.395,0.426,No
970,Ai-Media Technologies Limited,AIM.XA,24.5,0.756,0.387,Yes
971,Meteoric Resources Limited,MEI.AX,23.2,0.721,2.376,Yes
972,Chrysos Corporation Limited,C79.XA,15.18,0.487,1.745,Yes
973,TalonX Resources Limited,TXR.AX,35.71,1.06,1.611,Yes
974,Savana US Small Caps Active ETF,SVNP.AX,4.83,0.162,0.5,Yes
975,Torque Metals Limited,TOR.XA,29.09,0.889,0.279,Yes
976,MetalsGrove Mining Limited,MGA.AX,32.52,0.984,0.228,Yes
977,Kelly Partners Group Holdings Limited,KPG.AX,11.08,0.365,1.096,Yes
978,Peregrine Gold Limited,PGD.XA,38.77,1.151,2.264,Yes
979,Ai-Media Technologies Limited,AIM.AX,23.0,0.725,0.472,Yes
980,FINEOS Corporation Holdings plc,FCL.AX,15.15,0.493,1.558,Yes
981,FINEOS Corporation Holdings plc,FCL.XA,15.48,0.503,1.501,Yes
982,Cassius Mining Limited,CMD.AX,29.01,0.905,0.869,No
983,Viva Energy Group Limited,VEA.AX,14.73,0.488,0.017,Yes
984,Torque Metals Limited,TOR.AX,27.76,0.88,0.332,Yes
985,Frontier Digital Ventures Limited,FDV.AX,22.96,0.742,0.662,No
986,Connected Minerals Limited,CML.AX,17.53,0.581,1.147,Yes
987,Australian Clinical Labs Limited,ACL.XA,10.77,0.368,0.767,Yes
988,SSH Group Limited,SSH.AX,14.38,0.49,0.843,Yes
989,Humm Group Limited,HUM.AX,16.23,0.549,0.562,Yes
990,Silver Mines Limited,SVL.XA,21.31,0.708,0.199,No
991,Viva Energy Group Limited,VEA.XA,13.93,0.477,0.002,No
992,HeraMED Limited,HMD.AX,42.14,1.298,1.43,No
993,TPG Telecom Limited,TPG.XA,5.24,0.187,0.08,Yes
994,Kelly Partners Group Holdings Limited,KPG.XA,10.31,0.359,1.039,Yes
995,Reliance Worldwide Corporation Limited,RWC.XA,10.46,0.364,1.409,Yes
996,Reliance Worldwide Corporation Limited,RWC.AX,10.47,0.365,1.448,Yes
997,Pinnacle Minerals Limited,PIM.XA,39.05,1.226,6.506,Yes
998,Alice Queen Limited,AQX.AX,35.52,1.131,0.221,Yes
999,Acorn Capital Investment Fund Limited,ACQ.AX,4.64,0.167,0.666,Yes
1000,AMCIL Limited,AMH.AX,3.17,0.115,0.526,Yes
1001,NEXTDC Limited,NXT.XA,9.49,0.336,1.763,Yes
1002,Ainsworth Game Technology Limited,AGI.AX,11.4,0.401,0.013,Yes
1003,Articore Group Limited,ATG.XA,22.56,0.759,0.496,Yes
1004,NEXTDC Limited,NXT.AX,9.67,0.343,1.771,Yes
1005,Besra Gold Inc.,BEZ.AX,34.11,1.101,0.005,No
1006,Beacon Lighting Group Limited,BLX.AX,9.55,0.34,0.852,Yes
1007,Airtasker Limited,ART.XA,15.27,0.531,1.164,Yes
1008,Global Gold Mining Limited,GGM.AX,22.23,0.754,0.066,Yes
1009,Koba Resources Limited,KOB.XA,35.38,1.147,0.264,Yes
1010,AdAlta Limited,1AD.XA,31.21,1.031,1.662,Yes
1011,Tabcorp Holdings Limited,TAH.AX,14.33,0.508,2.105,Yes
1012,Pureprofile Ltd,PPL.XA,13.91,0.494,1.254,Yes
1013,The Agency Group Australia Limited,AU1.AX,17.25,0.607,0.017,Yes
1014,Mayne Pharma Group Limited,MYX.AX,18.51,0.65,0.156,No
1015,Coast Entertainment Holdings Limited,CEH.AX,7.77,0.287,0.784,Yes
1016,Mayne Pharma Group Limited,MYX.XA,18.21,0.646,0.116,No
1017,Control Bionics Limited,CBL.AX,22.59,0.793,0.094,No
1018,Mineral Resources Limited,MIN.AX,15.66,0.565,1.869,Yes
1019,Coda Minerals Limited,COD.XA,19.75,0.71,1.046,Yes
1020,Tabcorp Holdings Limited,TAH.XA,13.69,0.505,2.069,Yes
1021,Everest Metals Corporation Ltd,EMC.AX,12.5,0.464,0.219,No
1022,Barys Resources Limited,BRY.XA,45.3,1.488,4.023,Yes
1023,Sarytogan Graphite Limited,SGA.XA,21.56,0.773,1.345,Yes
1024,Mineral Resources Limited,MIN.XA,15.28,0.562,1.836,Yes
1025,WAM Microcap Limited,WMI.XA,3.28,0.127,0.6,Yes
1026,Contact Energy Limited,CEN.AX,3.62,0.141,0.068,Yes
1027,Green360 Technologies LImited,GT3.AX,14.6,0.542,0.134,Yes
1028,GoldArc Resources Limited,GA8.XA,30.32,1.064,0.032,Yes
1029,Clime Capital Limited,CAM.AX,1.91,0.075,0.323,Yes
1030,Charter Hall Social Infrastructure REIT,CQE.AX,5.97,0.232,1.062,Yes
1031,Greenvale Energy Ltd,GRV.XA,34.82,1.21,2.144,No
1032,"Light & Wonder, Inc.",LNW.XA,11.81,0.449,0.072,No
1033,Mercury NZ Limited,MCY.AX,4.62,0.183,0.972,Yes
1034,Northern Minerals Limited,NTU.XA,15.77,0.597,0.387,Yes
1035,RAS Technology Holdings Limited,RTH.XA,13.77,0.527,0.669,Yes
1036,ASX Limited,ASX.AX,6.6,0.262,0.452,Yes
1037,Charter Hall Social Infrastructure REIT,CQE.XA,5.78,0.231,1.017,Yes
1038,Aussie Broadband Limited,ABB.XA,7.67,0.304,0.508,Yes
1039,Everest Metals Corporation Ltd,EMC.XA,11.8,0.46,1.292,No
1040,Anatara Lifesciences Ltd,ANR.AX,26.02,0.959,2.016,Yes
1041,Wam Alternative Assets Limited,WMA.XA,2.11,0.086,0.29,Yes
1042,Oneview Healthcare PLC,ONE.XA,17.24,0.658,0.419,No
1043,Judo Capital Holdings Limited,JDO.XA,10.37,0.411,1.479,Yes
1044,Judo Capital Holdings Limited,JDO.AX,10.42,0.413,1.497,Yes
1045,Aussie Broadband Limited,ABB.AX,7.77,0.313,0.54,Yes
1046,ASX Limited,ASX.XA,6.39,0.26,0.46,Yes
1047,Noronex Limited,NRX.AX,15.16,0.596,2.274,Yes
1048,Franklin Global Growth Fund (A Class) ETF,FRGG.AX,4.33,0.178,0.574,Yes
1049,PWR Holdings Limited,PWH.AX,8.72,0.354,1.263,Yes
1050,"AVITA Medical, Inc.",AVH.XA,25.49,0.967,2.434,Yes
1051,Broken Hill Gold Ltd.,BH6.AX,18.16,0.71,1.278,Yes
1052,Adrad Holdings Limited,AHL.XA,11.13,0.448,0.032,Yes
1053,FlexiRoam Limited,FRX.AX,22.31,0.859,0.726,No
1054,James Hardie Industries plc,JHX.XA,10.78,0.436,2.565,Yes
1055,OncoSil Medical Limited,OSL.AX,48.5,1.719,3.404,Yes
1056,"AVITA Medical, Inc.",AVH.AX,24.88,0.96,2.483,Yes
1057,Austco Healthcare Limited,AHC.XA,9.19,0.379,0.285,Yes
1058,James Hardie Industries plc,JHX.AX,10.67,0.438,2.538,Yes
1059,GBM Resources Limited,GBM.XA,28.18,1.082,1.057,Yes
1060,Guzman y Gomez Limited,GYG.AX,8.98,0.373,1.426,Yes
1061,PWR Holdings Limited,PWH.XA,8.49,0.354,1.256,Yes
1062,Earlypay Limited,EPY.XA,6.3,0.268,0.699,Yes
1063,Alligator Energy Limited,AGE.AX,19.59,0.792,0.898,Yes
1064,GreenX Metals Limited,GRX.AX,7.5,0.32,0.427,No
1065,Argenica Therapeutics Limited,AGN.XA,19.98,0.819,2.837,Yes
1066,Peregrine Gold Limited,PGD.AX,24.39,0.993,1.434,Yes
1067,Alligator Energy Limited,AGE.XA,18.47,0.774,1.135,Yes
1068,Beam Communications Holdings Limited,BCC.XA,13.23,0.571,2.649,Yes
1069,hipages Group Holdings Limited,HPG.XA,12.64,0.549,0.85,Yes
1070,Arovella Therapeutics Limited,ALA.XA,12.73,0.555,1.81,Yes
1071,Clover Corporation Limited,CLV.AX,12.21,0.534,1.924,No
1072,Guzman y Gomez Limited,GYG.XA,8.37,0.374,1.464,Yes
1073,Red Mountain Mining Limited,RMX.AX,56.04,2.105,1.247,No
1074,Great Bear Exploration Ltd,GBL.XA,40.22,1.61,,
1075,29Metals Limited,29M.XA,21.94,0.939,2.055,Yes
1076,Indiana Resources Limited,IDA.XA,7.9,0.359,0.556,Yes
1077,MaxiPARTS Limited,MXI.XA,6.25,0.29,0.523,Yes
1078,Arovella Therapeutics Limited,ALA.AX,12.42,0.562,2.112,Yes
1079,Perpetual Limited,PPT.XA,6.47,0.301,1.567,Yes
1080,Terrain Minerals Limited,TMX.XA,30.18,1.279,5.565,Yes
1081,Centaurus Metals Limited,CTM.XA,14.07,0.636,1.028,Yes
1082,Shine Justice Ltd,SHJ.AX,5.01,0.236,0.039,Yes
1083,GrainCorp Limited,GNC.XA,6.16,0.289,0.22,Yes
1084,Perpetual Limited,PPT.AX,6.45,0.304,1.592,Yes
1085,GrainCorp Limited,GNC.AX,6.22,0.295,0.233,Yes
1086,Equatorial Resources Limited,EQX.AX,12.25,0.568,1.383,Yes
1087,Ausmon Resources Limited,AOA.AX,26.42,1.159,1.728,Yes
1088,Catalina Resources Ltd,CTN.AX,26.84,1.181,2.11,Yes
1089,Resonance Health Limited,RHT.XA,9.68,0.458,2.384,Yes
1090,Motio Limited,MXO.XA,11.43,0.537,2.161,Yes
1091,Centaurus Metals Limited,CTM.AX,13.72,0.64,1.115,Yes
1092,29Metals Limited,29M.AX,20.34,0.925,1.67,Yes
1093,Ore Resources Limited,OR3.AX,16.05,0.744,0.956,Yes
1094,Nova Eye Medical Limited,EYE.XA,16.92,0.804,2.835,Yes
1095,Amcor plc,AMC.AX,4.38,0.22,0.752,Yes
1096,Regener8 Resources NL,R8R.AX,13.18,0.639,0.535,No
1097,Northern Minerals Limited,NTU.AX,11.84,0.582,0.342,Yes
1098,Sunstone Metals Limited,STM.XA,16.87,0.812,0.381,No
1099,CAR Group Limited,CAR.AX,5.2,0.263,1.553,Yes
1100,Gentrack Group Limited,GTK.XA,11.04,0.546,1.604,Yes
1101,Sagalio Energy Limited,SAN.AX,15.46,0.75,0.887,No
1102,CAR Group Limited,CAR.XA,5.11,0.259,1.524,Yes
1103,Morella Corporation Limited,1MC.XA,21.45,1.021,1.345,Yes
1104,Atomos Limited,AMS.AX,31.37,1.446,1.649,Yes
1105,Maggie Beer Holdings Limited,MBH.XA,13.24,0.656,0.118,Yes
1106,Gentrack Group Limited,GTK.AX,10.84,0.546,1.547,Yes
1107,Woodside Energy Group Ltd,WDS.XA,5.49,0.285,0.235,No
1108,Credit Clear Limited,CCR.XA,10.76,0.55,0.916,Yes
1109,DUG Technology Ltd,DUG.XA,12.12,0.616,0.763,Yes
1110,Avenira Limited,AEV.AX,19.53,0.964,1.47,Yes
1111,Oneview Healthcare PLC,ONE.AX,12.81,0.651,0.348,No
1112,Atlas Pearls Limited,ATP.XA,10.78,0.555,0.405,Yes
1113,Excite Technology Services Limited,EXT.AX,11.5,0.591,0.465,Yes
1114,Koba Resources Limited,KOB.AX,22.75,1.126,1.083,Yes
1115,Reedy Lagoon Corporation Limited,RLC.AX,26.12,1.28,1.856,Yes
1116,TrivarX Limited,TRI.XA,21.5,1.073,2.228,Yes
1117,Ramsay Health Care Limited,RHC.AX,5.45,0.291,0.785,Yes
1118,Ramsay Health Care Limited,RHC.XA,5.42,0.294,0.778,Yes
1119,Nexsen Limited,NXN.XA,12.37,0.651,0.315,Yes
1120,Galan Lithium Limited,GLN.XA,15.78,0.826,0.167,No
1121,Clover Corporation Limited,CLV.XA,9.0,0.485,2.113,No
1122,DUG Technology Ltd,DUG.AX,11.29,0.603,0.655,Yes
1123,Auckland International Airport Limited,AIA.XA,3.12,0.175,0.842,Yes
1124,Sparc Technologies Limited,SPN.AX,11.09,0.605,0.93,Yes
1125,Megado Minerals Limited,MEG.AX,18.54,0.986,1.83,Yes
1126,Credit Clear Limited,CCR.AX,9.88,0.546,0.92,Yes
1127,Saunders International Limited,SND.AX,5.74,0.326,0.489,No
1128,Ore Resources Limited,OR3.XA,14.98,0.829,0.507,Yes
1129,Codrus Minerals Limited,CDR.AX,15.19,0.843,1.56,Yes
1130,Vanadium Resources Limited,VR8.XA,16.92,0.933,3.557,Yes
1131,Glennon Small Companies Ltd,GC1.AX,3.52,0.206,0.228,Yes
1132,Simonds Group Limited,SIO.AX,8.15,0.471,0.429,Yes
1133,Alcidion Group Limited,ALC.AX,9.53,0.549,0.448,Yes
1134,Legacy Minerals Holdings Limited,LGM.AX,13.47,0.767,1.425,No
1135,Galan Lithium Limited,GLN.AX,14.64,0.831,0.403,No
1136,First Graphene Limited,FGR.XA,14.07,0.804,0.179,Yes
1137,TrivarX Limited,TRI.AX,18.19,1.026,2.655,Yes
1138,Fortescue Ltd,FMG.XA,4.97,0.3,0.789,Yes
1139,Solara Minerals Ltd,SLA.AX,17.61,1.009,2.203,Yes
1140,Fortescue Ltd,FMG.AX,4.92,0.302,0.845,Yes
1141,Antilles Gold Limited,AAU.AX,16.88,0.997,1.898,Yes
1142,Truscott Mining Corporation Limited,TRM.AX,9.04,0.554,0.59,No
1143,Temple & Webster Group Ltd,TPW.AX,9.69,0.593,1.39,Yes
1144,Myeco Group Ltd,MCO.XA,25.36,1.477,11.59,No
1145,Mammoth Minerals Limited,M79.AX,15.44,0.935,0.763,Yes
1146,Maverick Minerals Australia Ltd,M96.AX,18.43,1.106,0.104,Yes
1147,Coast Entertainment Holdings Limited,CEH.XA,4.47,0.285,0.575,Yes
1148,Far Northern Resources Limited,FNR.AX,8.41,0.53,1.399,Yes
1149,Peak Processing Limited,PKP.XA,12.29,0.767,0.821,No
1150,Argenica Therapeutics Limited,AGN.AX,12.39,0.789,2.542,Yes
1151,Hawthorn Resources Limited,HAW.AX,8.06,0.525,0.181,Yes
1152,Nagambie Resources Limited,NAG.AX,14.49,0.921,0.39,Yes
1153,Deterra Royalties Limited,DRR.XA,3.01,0.204,0.898,Yes
1154,Temple & Webster Group Ltd,TPW.XA,8.89,0.593,1.403,Yes
1155,Auckland International Airport Limited,AIA.AX,2.59,0.179,0.874,Yes
1156,Solaris Australian Equity Income Plus Ltd,SET.AX,0.62,0.044,1.199,Yes
1157,WestStar Industrial Limited,WSI.XA,4.0,0.28,0.627,Yes
1158,RemSense Technologies Limited,REM.AX,15.23,1.017,1.528,Yes
1159,Elevra Lithium Limited,ELV.XA,11.65,0.797,0.928,Yes
1160,Atlas Arteria Limited,ALX.XA,2.01,0.144,0.54,Yes
1161,RareX Limited,REE.XA,18.58,1.235,2.462,No
1162,Reece Limited,REH.XA,5.39,0.381,1.825,Yes
1163,Shine Justice Ltd,SHJ.XA,2.81,0.202,0.245,Yes
1164,Deterra Royalties Limited,DRR.AX,2.86,0.206,0.975,Yes
1165,BluGlass Limited,BLG.XA,7.79,0.557,1.337,No
1166,AJ Lucas Group Limited,AJL.XA,5.23,0.379,1.501,No
1167,Reece Limited,REH.AX,5.25,0.382,1.863,Yes
1168,Elevra Lithium Limited,ELV.AX,10.99,0.788,0.893,Yes
1169,Nova Eye Medical Limited,EYE.AX,9.62,0.696,2.408,Yes
1170,Wam Income Maximiser Limited,WMX.XA,1.09,0.082,0.088,No
1171,IDT Australia Limited,IDT.AX,8.86,0.651,1.416,Yes
1172,European Metals Holdings Limited,EMH.AX,13.35,0.966,3.008,No
1173,Mader Group Limited,MAD.XA,3.71,0.281,0.267,Yes
1174,Iluka Resources Limited,ILU.AX,5.68,0.428,0.736,Yes
1175,Terrain Minerals Limited,TMX.AX,10.77,0.797,2.065,Yes
1176,Mader Group Limited,MAD.AX,3.68,0.282,0.23,Yes
1177,Resources & Energy Group Limited,REZ.AX,10.27,0.769,2.023,Yes
1178,FOS Capital Limited,FOS.AX,7.55,0.573,0.723,Yes
1179,Iluka Resources Limited,ILU.XA,5.47,0.428,0.746,Yes
1180,Prime Financial Group Limited,PFG.XA,2.71,0.215,0.814,Yes
1181,Emyria Limited,EMD.XA,8.51,0.673,0.494,Yes
1182,Helix Resources Limited,HLX.AX,15.83,1.223,3.165,Yes
1183,Desert Minerals Limited,DSM.XA,6.03,0.488,3.01,Yes
1184,Betr Entertainment Limited,BBT.AX,5.08,0.417,0.831,Yes
1185,Talisman Mining Limited,TLM.XA,7.33,0.597,2.459,Yes
1186,DeSoto Resources Limited,DES.XA,6.7,0.554,1.371,Yes
1187,JCurve Solutions Limited,JCS.AX,6.52,0.547,0.612,Yes
1188,Ardea Resources Limited,ARL.AX,6.92,0.581,1.361,Yes
1189,Atlas Arteria Limited,ALX.AX,1.74,0.152,0.591,Yes
1190,Paragon Care Limited,PGC.AX,6.08,0.52,1.502,Yes
1191,Volt Group Limited,VPR.XA,17.66,1.457,0.239,Yes
1192,Mirrabooka Investments Limited,MIR.AX,1.49,0.132,0.476,Yes
1193,Centuria Office REIT,COF.AX,2.79,0.248,1.218,Yes
1194,Skin Elements Limited,SKN.AX,9.62,0.838,0.835,Yes
1195,Dundas Minerals Limited,DUN.AX,7.23,0.647,0.249,Yes
1196,Change Financial Limited,CCA.AX,5.75,0.52,1.072,Yes
1197,Corporate Travel Management Limited,CTD.XA,3.65,0.351,1.74,Yes
1198,Vital Metals Limited,VML.XA,10.72,1.007,0.606,Yes
1199,"6K Additive, Inc.",6KA.AX,5.52,0.534,1.422,Yes
1200,DevEx Resources Limited,DEV.XA,8.09,0.778,0.19,Yes
1201,Mirvac Group,MGR.AX,2.36,0.233,1.521,Yes
1202,Vinyl Group Ltd,VNL.AX,6.45,0.634,0.75,Yes
1203,Centuria Office REIT,COF.XA,2.47,0.247,1.217,Yes
1204,G11 Resources Limited,G11.AX,5.06,0.501,0.486,Yes
1205,Oceania Healthcare Limited,OCA.AX,3.83,0.389,1.122,Yes
1206,HMC Capital Limited,HMC.XA,5.5,0.554,1.374,Yes
1207,Red Hill Minerals Limited,RHI.XA,3.66,0.376,0.665,Yes
1208,HMC Capital Limited,HMC.AX,5.38,0.553,1.407,Yes
1209,Greenvale Energy Ltd,GRV.AX,10.83,1.115,2.16,No
1210,Myeco Group Ltd,MCO.AX,9.31,0.974,0.117,Yes
1211,Mirvac Group,MGR.XA,2.06,0.228,1.464,Yes
1212,Far East Gold Limited,FEG.AX,4.51,0.493,0.445,Yes
1213,Southern Cross Media Group Limited,SXL.XA,4.17,0.459,0.231,Yes
1214,Southern Cross Media Group Limited,SXL.AX,4.07,0.453,0.203,Yes
1215,Atlantic Lithium Limited,A11.AX,6.31,0.702,0.064,No
1216,Integral Diagnostics Limited,IDX.XA,3.19,0.367,0.157,Yes
1217,Legacy Iron Ore Limited,LCY.XA,3.59,0.417,1.156,Yes
1218,SomnoMed Limited,SOM.XA,4.57,0.53,1.444,Yes
1219,Albion Resources Limited,ALB.AX,4.87,0.59,0.651,Yes
1220,SKY Network Television Limited,SKT.XA,2.0,0.25,0.381,Yes
1221,Capral Limited,CAA.XA,1.48,0.187,0.291,Yes
1222,Memphasys Limited,MEM.AX,7.55,0.935,0.528,No
1223,Coda Minerals Limited,COD.AX,5.51,0.69,0.922,Yes
1224,Collins Foods Limited,CKF.XA,2.5,0.318,0.693,Yes
1225,SciDev Limited,SDV.AX,6.33,0.799,0.689,No
1226,Viva Leisure Limited,VVA.AX,2.03,0.262,0.42,Yes
1227,Whitefield Industrials Limited,WHF.XA,0.68,0.089,0.48,Yes
1228,Integral Diagnostics Limited,IDX.AX,2.78,0.366,0.208,Yes
1229,Collins Foods Limited,CKF.AX,2.35,0.316,0.721,Yes
1230,Yojee Limited,YOJ.XA,7.03,0.928,0.071,No
1231,Sandon Capital Investments Limited,SNC.XA,1.28,0.176,0.694,Yes
1232,Ovanti Limited,OVT.AX,27.21,3.383,3.023,No
1233,Doctor Care Anywhere Group PLC,DOC.XA,3.54,0.514,2.75,Yes
1234,Resonance Health Limited,RHT.AX,3.6,0.54,1.86,Yes
1235,Austral Resources Australia Ltd,AR1.AX,5.54,0.827,1.17,Yes
1236,Global Masters Fund Limited,GFL.AX,0.83,0.129,0.35,Yes
1237,RareX Limited,REE.AX,7.87,1.188,1.752,No
1238,Stanmore Resources Limited,SMR.AX,2.43,0.377,0.13,Yes
1239,DevEx Resources Limited,DEV.AX,4.66,0.752,0.085,No
1240,VHM Limited,VHM.XA,7.39,1.194,1.25,Yes
1241,Chalice Mining Limited,CHN.AX,4.21,0.708,0.671,Yes
1242,Nexsen Limited,NXN.AX,3.48,0.588,0.773,Yes
1243,Chalice Mining Limited,CHN.XA,4.16,0.707,0.635,Yes
1244,Tissue Repair Ltd,TRP.XA,4.37,0.743,1.938,Yes
1245,PolyNovo Limited,PNV.XA,2.7,0.471,2.29,Yes
1246,Ingenia Communities Group,INA.XA,1.58,0.288,1.537,Yes
1247,Pancontinental Energy NL,PCL.XA,3.5,0.641,0.238,Yes
1248,Scorpion Minerals Limited,SCN.AX,4.78,0.906,0.364,Yes
1249,PolyNovo Limited,PNV.AX,2.4,0.47,2.279,Yes
1250,Connexion Mobility Ltd,CXZ.AX,1.24,0.247,0.477,No
1251,Ionic Rare Earths Limited,IXR.AX,3.93,0.789,1.273,Yes
1252,Ingenia Communities Group,INA.AX,1.42,0.292,1.59,Yes
1253,Ionic Rare Earths Limited,IXR.XA,3.95,0.833,1.452,Yes
1254,Anteris Technologies Global Corp.,AVR.AX,3.21,0.68,1.311,Yes
1255,Stanmore Resources Limited,SMR.XA,1.63,0.363,0.095,Yes
1256,Amcor plc,AMC.XA,0.91,0.218,0.755,Yes
1257,Tennant Minerals Limited,TMS.XA,3.04,0.731,0.597,Yes
1258,Helix Resources Limited,HLX.XA,3.46,0.917,0.298,Yes
1259,Lodestar Minerals Limited,LSR.XA,4.9,1.388,3.153,No
1260,AGL Energy Limited,AGL.AX,0.82,0.238,0.229,No
1261,WAM Research Limited,WAX.AX,0.63,0.187,0.281,Yes
1262,Kelsian Group Limited,KLS.AX,1.33,0.406,1.832,Yes
1263,MGX Resources Limited,MGX.AX,1.23,0.401,0.468,Yes
1264,Sunstone Metals Limited,STM.AX,2.72,0.892,0.876,Yes
1265,Kelsian Group Limited,KLS.XA,1.16,0.4,1.849,Yes
1266,DEXUS,DXS.AX,0.64,0.226,1.504,Yes
1267,RLF AgTech Ltd,RLF.XA,1.93,0.686,4.155,No
1268,Alchemy Resources Limited,ALY.AX,1.55,0.555,0.115,Yes
1269,Flagship Minerals Limited,FLG.XA,1.84,0.669,2.699,Yes
1270,N1 Holdings Limited,N1H.AX,1.25,0.462,0.521,No
1271,Atomo Diagnostics Limited,AT1.AX,1.49,0.561,0.587,Yes
1272,Strata Minerals Limited,SMX.XA,1.9,0.723,0.594,Yes
1273,MGX Resources Limited,MGX.XA,0.88,0.378,0.317,Yes
1274,Culpeo Minerals Limited,CPO.AX,1.58,0.675,1.881,Yes
1275,AGL Energy Limited,AGL.XA,0.51,0.231,0.252,No
1276,DEXUS,DXS.XA,0.44,0.219,1.472,Yes
1277,Norwood Systems Limited,NOR.AX,1.89,0.939,0.255,No
1278,Betr Entertainment Limited,BBT.XA,0.79,0.409,1.229,Yes
1279,Cynata Therapeutics Limited,CYP.AX,1.62,0.833,0.274,Yes
1280,Azzuro Resources PLC,AZ9.AX,2.28,1.264,0.431,No
1281,GreenX Metals Limited,GRX.XA,0.53,0.302,0.236,No
1282,X2M Connect Limited,X2M.AX,2.33,1.341,0.105,No
1283,Orthocell Limited,OCC.XA,0.76,0.48,0.673,Yes
1284,VHM Limited,VHM.AX,1.46,0.964,1.03,Yes
1285,WAM Capital Limited,WAM.AX,0.27,0.2,0.402,Yes
1286,Stonehorse Energy Limited,SHE.AX,0.66,0.561,0.517,No
1287,Emyria Limited,EMD.AX,0.67,0.661,0.734,Yes
1288,Metrics Income Opportunities Trust,MOT.AX,0.08,0.102,0.299,Yes
1289,WAM Research Limited,WAX.XA,0.11,0.182,0.251,Yes
1290,Ragusa Minerals Limited,RAS.AX,0.36,0.807,0.043,Yes
1291,Golden Globe Resources Ltd,GGR.AX,0.34,0.915,2.454,Yes
1292,IGO Limited,IGO.AX,0.16,0.47,0.639,Yes
1293,Credit Corp Group Limited,CCP.AX,0.09,0.384,1.94,Yes
1294,Credit Corp Group Limited,CCP.XA,0.08,0.381,1.899,Yes
1295,Antilles Gold Limited,AAU.XA,0.22,1.101,1.378,Yes
1296,Macquarie Technology Group Limited,MAQ.XA,0.05,0.27,0.776,Yes
1297,K2 Asset Management Holdings Ltd,KAM.AX,0.07,0.45,0.581,Yes
1298,Macquarie Technology Group Limited,MAQ.AX,0.04,0.275,0.729,Yes
1299,IGO Limited,IGO.XA,0.07,0.47,0.611,Yes
1300,Iceni Gold Limited,ICL.AX,0.12,1.113,0.256,Yes
1301,Austin Engineering Limited,ANG.AX,-0.09,0.455,1.366,Yes
1302,HighCom Limited,HCL.AX,-0.22,0.793,1.416,No
1303,Knosys Limited,KNO.AX,-0.21,0.58,0.417,Yes
1304,Abacus Group,ABG.XA,-0.06,0.164,0.487,Yes
1305,Revolver Resources Holdings Ltd,RRR.AX,-0.33,0.716,0.013,Yes
1306,Virgin Australia Holdings Limited,VGN.AX,-0.23,0.453,1.914,Yes
1307,Piche Resources Limited,PR2.AX,-0.83,1.054,3.68,Yes
1308,Gold Mountain Limited,GMN.AX,-0.82,0.984,1.276,Yes
1309,Austin Engineering Limited,ANG.XA,-0.39,0.454,1.444,Yes
1310,Australian Rare Earths Limited,AR3.XA,-0.82,0.914,0.745,Yes
1311,Rivco Australia Ltd,RIV.XA,-0.14,0.158,0.029,Yes
1312,SomnoMed Limited,SOM.AX,-0.83,0.719,2.816,Yes
1313,Elevate Uranium Ltd,EL8.AX,-0.84,0.717,1.775,Yes
1314,Pacific Resources Limited,PXR.AX,-1.14,0.957,2.621,Yes
1315,OMG Group Limited,OMG.AX,-1.04,0.819,0.058,Yes
1316,Virgin Australia Holdings Limited,VGN.XA,-0.68,0.446,1.948,Yes
1317,Tempest Minerals Limited,TEM.AX,-1.42,0.774,0.555,Yes
1318,Elevate Uranium Ltd,EL8.XA,-1.4,0.702,2.02,Yes
1319,Teaminvest Private Group Limited,TIP.AX,-0.95,0.476,0.026,Yes
1320,NAOS Ex-50 Opportunities Company Limited,NAC.AX,-0.69,0.336,0.426,Yes
1321,Zimplats Holdings Limited,ZIM.XA,-0.93,0.438,0.918,Yes
1322,Orcoda Limited,ODA.AX,-2.91,1.227,0.601,Yes
1323,Moab Minerals Limited,MOM.AX,-2.98,1.169,1.217,Yes
1324,ACDC Metals Limited,ADC.AX,-1.42,0.546,0.307,Yes
1325,Felix Group Holdings Ltd,FLX.AX,-1.91,0.685,1.769,Yes
1326,Hyterra Ltd,HYT.XA,-1.5,0.518,0.106,No
1327,De.mem Limited,DEM.AX,-1.26,0.426,0.89,Yes
1328,Metrics Income Opportunities Trust,MOT.XA,-0.31,0.102,0.384,Yes
1329,Cazaly Resources Limited,CAZ.AX,-2.08,0.668,0.934,Yes
1330,Acrux Limited,ACR.XA,-1.89,0.597,6.139,No
1331,Botala Energy Limited,BTE.AX,-1.54,0.481,0.059,No
1332,Bailador Technology Investments Limited,BTI.AX,-0.63,0.192,0.94,Yes
1333,Orbit Resources Limited,OBT.AX,-2.82,0.755,0.844,Yes
1334,Alvo Minerals Limited,ALV.XA,-4.11,1.093,0.383,No
1335,Spacetalk Limited,SPA.AX,-2.87,0.759,0.53,No
1336,Tali Resources Ltd,TR2.AX,-2.63,0.69,2.219,Yes
1337,Galileo Mining Ltd,GAL.XA,-2.38,0.621,1.057,Yes
1338,Aldoro Resources Limited,ARN.XA,-2.98,0.777,2.29,No
1339,Hastings Technology Metals Limited,HAS.AX,-3.32,0.852,0.48,Yes
1340,NAOS Emerging Opportunities Company Limited,NCC.AX,-1.38,0.349,0.761,Yes
1341,Zimplats Holdings Limited,ZIM.AX,-1.74,0.433,0.544,Yes
1342,Sparc Technologies Limited,SPN.XA,-2.55,0.614,0.656,Yes
1343,Rubicon Water Limited,RWL.AX,-4.57,1.106,1.641,Yes
1344,MetalsGrove Mining Limited,MGA.XA,-5.16,1.241,3.296,Yes
1345,EVRESOURCE DEF SET [EVRDD],EVRDD.AX,-3.48,0.81,0.005,No
1346,EV Resources Limited,EVR.AX,-3.48,0.81,0.005,No
1347,AJ Lucas Group Limited,AJL.AX,-2.79,0.645,0.867,No
1348,SRJ Technologies Group Plc,SRJ.AX,-8.07,1.699,2.962,No
1349,Taiton Resources Limited,T88.AX,-4.33,0.881,0.408,No
1350,Hastings Technology Metals Limited,HAS.XA,-4.24,0.822,0.564,Yes
1351,PlaySide Studios Limited,PLY.XA,-2.85,0.542,0.924,Yes
1352,Lion Energy Limited,LIO.AX,-3.91,0.724,1.313,Yes
1353,Aroa Biosurgery Limited,ARX.AX,-2.36,0.427,1.182,Yes
1354,Camplify Holdings Limited,CHL.AX,-4.98,0.877,3.276,Yes
1355,Ophir Asset Management Pty Ltd - Ophir High Conviction Fund,OPH.XA,-1.21,0.204,0.713,Yes
1356,WAM Active Limited,WAA.XA,-1.72,0.289,1.104,Yes
1357,Fluence Corporation Limited,FLC.AX,-4.97,0.842,0.548,Yes
1358,Andromeda Metals Limited,ADN.XA,-5.59,0.87,1.34,Yes
1359,Bailador Technology Investments Limited,BTI.XA,-1.24,0.188,0.78,Yes
1360,AF Legal Group Limited,AFL.AX,-2.82,0.419,0.773,Yes
1361,SportsHero Limited,SHO.XA,-7.32,1.084,3.768,Yes
1362,Reckon Limited,RKN.AX,-1.66,0.236,0.425,Yes
1363,WAM Capital Limited,WAM.XA,-1.48,0.206,0.453,Yes
1364,Pancontinental Energy NL,PCL.AX,-4.81,0.668,0.517,Yes
1365,Hazer Group Limited,HZR.XA,-3.51,0.477,0.719,Yes
1366,RAS Technology Holdings Limited,RTH.AX,-3.1,0.407,0.901,Yes
1367,SiteMinder Limited,SDR.AX,-3.66,0.479,1.807,Yes
1368,VRX Silica Limited,VRX.AX,-6.03,0.792,2.738,Yes
1369,Microequities Asset Management Group Limited,MAM.AX,-2.26,0.273,0.788,Yes
1370,Antimony Resources Limited,EVR.XA,-6.15,0.756,1.691,Yes
1371,Salter Brothers Emerging Companies Limited,SB2.AX,-2.13,0.255,0.014,Yes
1372,SiteMinder Limited,SDR.XA,-3.98,0.475,1.785,Yes
1373,Argosy Minerals Limited,AGY.AX,-7.78,0.936,0.342,No
1374,Eminence Minerals Limited,EMA.XA,-7.57,0.901,2.998,Yes
1375,Lindsay Australia Limited,LAU.AX,-2.91,0.331,1.459,Yes
1376,Jatcorp Limited,JAT.AX,-6.59,0.757,1.149,No
1377,Haranga Resources Limited,HAR.AX,-6.97,0.797,0.326,Yes
1378,Lindsay Australia Limited,LAU.XA,-2.91,0.324,1.503,Yes
1379,Ariana Resources plc,AA2.AX,-2.88,0.32,1.221,Yes
1380,WiseTech Global Limited,WTC.AX,-4.36,0.485,1.977,Yes
1381,Sigma Healthcare Limited,SIG.XA,-1.77,0.195,0.823,Yes
1382,Minerals Exploration Limited,MEX.XA,-6.75,0.754,2.787,Yes
1383,The Star Entertainment Group Limited,SGR.XA,-7.18,0.768,0.459,Yes
1384,Brookside Energy Limited,BRK.XA,-4.38,0.459,0.426,No
1385,Adore Beauty Group Limited,ABY.XA,-6.05,0.632,0.508,No
1386,Critical Minerals Group Limited,CMG.AX,-8.96,0.947,0.222,No
1387,Perennial Better Future Fund,IMPQ.AX,-1.1,0.112,0.794,Yes
1388,WiseTech Global Limited,WTC.XA,-4.67,0.483,1.931,Yes
1389,Talisman Mining Limited,TLM.AX,-5.68,0.589,1.906,Yes
1390,Lion Energy Limited,LIO.XA,-8.06,0.844,1.544,No
1391,Equus Energy Limited,EQU.XA,-4.21,0.428,0.73,No
1392,Mt Malcolm Mines NL,M2M.AX,-8.33,0.851,1.845,Yes
1393,LE Minerals Limited,LEL.XA,-8.51,0.869,2.996,No
1394,CSL Limited,CSL.XA,-4.0,0.396,0.506,Yes
1395,Immuron Limited,IMC.AX,-6.21,0.615,1.352,Yes
1396,Cynata Therapeutics Limited,CYP.XA,-10.04,1.011,0.362,Yes
1397,Kingsrose Mining Limited,KRM.AX,-5.15,0.506,0.192,Yes
1398,ADX Energy Ltd,ADX.XA,-6.54,0.637,0.592,Yes
1399,Adore Beauty Group Limited,ABY.AX,-6.66,0.648,0.097,Yes
1400,Peak Processing Limited,PKP.AX,-7.21,0.704,0.177,Yes
1401,CSL Limited,CSL.AX,-4.1,0.393,0.514,Yes
1402,Xref Limited,XF1.AX,-8.04,0.773,0.849,Yes
1403,Strategic Elements Ltd,SOR.XA,-5.9,0.544,0.581,Yes
1404,Patrys Limited,PAB.AX,-9.4,0.879,4.243,Yes
1405,ClearVue Technologies Limited,CPV.XA,-10.02,0.934,0.892,Yes
1406,Mammoth Minerals Limited,M79.XA,-11.19,1.046,2.158,Yes
1407,Argosy Minerals Limited,AGY.XA,-10.03,0.927,0.51,No
1408,Andromeda Metals Limited,ADN.AX,-8.52,0.772,1.18,Yes
1409,WebBeds Group Limited,WEB.AX,-5.65,0.502,1.912,Yes
1410,Terra Critical Minerals Limited,T92.AX,-9.4,0.848,0.501,Yes
1411,Brookside Energy Limited,BRK.AX,-5.2,0.458,0.578,No
1412,Pengana Capital Group Limited,PCG.AX,-4.02,0.352,0.073,No
1413,StepChange Holdings Limited,STH.AX,-6.23,0.542,3.605,Yes
1414,Talius Group Limited,TAL.AX,-6.25,0.543,1.247,Yes
1415,Mirrabooka Investments Limited,MIR.XA,-1.59,0.134,0.579,Yes
1416,Cluey Ltd,CLU.AX,-12.44,1.095,0.553,Yes
1417,Kingston Resources Limited,KSN.AX,-6.61,0.564,0.459,Yes
1418,Nexalis Therapeutics Limited,NX1.AX,-11.34,0.961,0.701,Yes
1419,Norwest Minerals Limited,NWM.AX,-10.17,0.856,0.804,Yes
1420,Omnia Metals Group Ltd,OM1.AX,-9.03,0.755,2.563,Yes
1421,WebBeds Group Limited,WEB.XA,-6.06,0.499,1.91,Yes
1422,Betashares Strong US Dollar Complex ETF,YANK.AX,-2.72,0.22,0.82,No
1423,Strike Resources Limited,SRK.XA,-6.15,0.504,1.193,Yes
1424,Australian Oil Company Limited,AOK.XA,-9.49,0.785,3.447,Yes
1425,Medical Developments International Limited,MVP.AX,-6.92,0.561,1.82,Yes
1426,Swoop Holdings Limited,SWP.AX,-8.1,0.655,1.985,Yes
1427,Nufarm Limited,NUF.AX,-4.95,0.39,0.042,Yes
1428,Pentanet Limited,5GG.AX,-9.27,0.727,2.109,Yes
1429,Experience Co Limited,EXP.XA,-6.03,0.462,0.258,Yes
1430,Golden Dragon Mining Ltd,GDR.XA,-7.38,0.561,0.382,Yes
1431,Cazaly Resources Limited,CAZ.XA,-8.87,0.678,3.669,Yes
1432,Metrics Real Estate Multi-Strategy Fund,MRE.AX,-1.77,0.13,0.166,Yes
1433,360 Capital REIT,TOT.AX,-3.01,0.219,0.586,Yes
1434,Carnarvon Energy Limited,CVN.XA,-5.86,0.43,0.618,Yes
1435,Summerset Group Holdings Limited,SNZ.AX,-3.44,0.248,0.655,Yes
1436,Kingston Resources Limited,KSN.XA,-7.49,0.549,0.326,Yes
1437,Delta Lithium Limited,DLI.XA,-5.93,0.431,0.025,No
1438,Vulcan Steel Limited,VSL.AX,-4.05,0.284,0.813,Yes
1439,Nufarm Limited,NUF.XA,-5.56,0.384,0.026,Yes
1440,Medical Developments International Limited,MVP.XA,-7.8,0.545,1.608,Yes
1441,Nanosonics Limited,NAN.XA,-5.86,0.404,0.14,No
1442,Diatreme Resources Limited,DRX.AX,-7.14,0.485,0.695,Yes
1443,Embark Early Education Limited,EVO.XA,-3.61,0.234,0.845,Yes
1444,Conrad Asia Energy Ltd.,CRD.XA,-7.79,0.51,0.15,No
1445,Star Minerals Limited,SMS.XA,-14.41,0.972,2.82,Yes
1446,Nanosonics Limited,NAN.AX,-6.27,0.406,0.059,No
1447,Agrimin Limited,AMN.XA,-12.9,0.854,3.125,Yes
1448,Bubs Australia Limited,BUB.XA,-7.95,0.506,1.316,Yes
1449,Globe Metals & Mining Limited,GBE.XA,-10.62,0.684,4.134,No
1450,QEM Limited,QEM.AX,-19.88,1.341,2.709,Yes
1451,Magnum Mining and Exploration Limited,MGU.AX,-12.16,0.787,2.926,Yes
1452,Percheron Therapeutics Limited,PER.AX,-14.14,0.925,1.452,Yes
1453,OFX Group Limited,OFX.AX,-9.03,0.561,1.278,Yes
1454,Carnarvon Energy Limited,CVN.AX,-6.66,0.408,0.397,Yes
1455,LaserBond Limited,LBL.XA,-6.18,0.376,0.756,Yes
1456,Atlantic Lithium Limited,A11.XA,-10.52,0.646,0.299,Yes
1457,TPG Telecom Limited,TPG.AX,-4.42,0.263,0.447,Yes
1458,Brockman Mining Limited,BCK.XA,-8.92,0.542,6.298,Yes
1459,Cokal Limited,CKA.AX,-10.61,0.648,0.636,Yes
1460,Lord Resources Limited,LRD.AX,-15.36,0.96,0.325,No
1461,Ariana Resources plc,AA2.XA,-7.37,0.437,1.88,Yes
1462,Steamships Trading Company Limited,SST.AX,-3.94,0.228,0.014,Yes
1463,Golden Dragon Mining Ltd,GDR.AX,-6.1,0.356,1.221,Yes
1464,Canadian Phosphate Limited,CP8.XA,-18.14,1.117,8.259,Yes
1465,Embark Early Education Limited,EVO.AX,-4.11,0.236,0.851,Yes
1466,Fluence Corporation Limited,FLC.XA,-13.93,0.835,0.575,Yes
1467,Bio-Gene Technology Limited,BGT.AX,-13.84,0.829,0.989,Yes
1468,Spenda Limited,SPX.XA,-11.24,0.662,3.066,Yes
1469,Helloworld Travel Limited,HLO.AX,-6.11,0.348,1.719,Yes
1470,AdAlta Limited,1AD.AX,-16.27,0.967,1.334,Yes
1471,Verity Resources Limited,VRL.XA,-17.06,1.01,4.155,Yes
1472,Boss Energy Limited,BOE.XA,-12.38,0.713,1.529,Yes
1473,Boss Energy Limited,BOE.AX,-12.34,0.708,1.443,Yes
1474,OFX Group Limited,OFX.XA,-9.79,0.552,1.342,Yes
1475,Cadoux Limited,CCM.AX,-11.78,0.666,0.662,No
1476,Bubs Australia Limited,BUB.AX,-9.41,0.524,1.034,Yes
1477,Xero Limited,XRO.AX,-5.67,0.308,1.28,Yes
1478,Xero Limited,XRO.XA,-5.62,0.306,1.298,Yes
1479,Retail Food Group Limited,RFG.AX,-8.93,0.492,0.555,Yes
1480,Desane Group Holdings Limited,DGH.AX,-4.24,0.226,0.607,Yes
1481,Retail Food Group Limited,RFG.XA,-8.95,0.489,0.634,Yes
1482,Sarama Resources Ltd,SRR.XA,-6.38,0.343,0.528,No
1483,Tlou Energy Limited,TOU.AX,-18.02,1.025,0.727,No
1484,Phoslock Environmental Technologies Limited,PET.AX,-14.77,0.817,0.518,Yes
1485,EQT Holdings Limited,EQT.XA,-5.15,0.269,0.333,Yes
1486,Clime Capital Limited,CAM.XA,-1.43,0.073,0.377,Yes
1487,Cullen Resources Limited,CUL.AX,-8.29,0.431,1.354,Yes
1488,LARK Distilling Co. Ltd.,LRK.XA,-6.25,0.319,0.044,Yes
1489,Marvel Gold Limited,MVL.XA,-11.66,0.609,1.04,No
1490,McLaren Minerals Limited,MML.AX,-14.3,0.756,1.366,No
1491,INOVIQ Ltd,IIQ.AX,-12.95,0.678,0.307,Yes
1492,AKORA Resources Limited,AKO.AX,-10.08,0.519,1.254,Yes
1493,EQT Holdings Limited,EQT.AX,-5.52,0.271,0.293,Yes
1494,Tissue Repair Ltd,TRP.AX,-13.28,0.673,0.675,Yes
1495,"EBR Systems, Inc.",EBR.AX,-12.45,0.618,0.008,Yes
1496,Strategic Elements Ltd,SOR.AX,-10.69,0.526,0.394,Yes
1497,Grand Gulf Energy Limited,GGE.XA,-17.06,0.866,2.577,Yes
1498,ImExHS Limited,IME.AX,-8.87,0.43,1.158,No
1499,Pure One Corporation Limited,P1E.XA,-14.41,0.719,0.449,Yes
1500,Maggie Beer Holdings Limited,MBH.AX,-10.49,0.511,0.088,Yes
1501,4DS Memory Limited,4DS.XA,-19.34,0.984,1.866,Yes
1502,Claremont Global Fund (Managed Fund),CGUN.AX,-2.5,0.117,0.279,Yes
1503,Nine Entertainment Co. Holdings Limited,NEC.XA,-5.29,0.249,0.759,Yes
1504,Tyro Payments Limited,TYR.AX,-9.67,0.463,1.92,Yes
1505,Dome Gold Mines Ltd,DME.AX,-15.46,0.761,0.662,Yes
1506,Richmond Vanadium Technology Limited,RVT.AX,-14.92,0.729,0.261,Yes
1507,Galileo Mining Ltd,GAL.AX,-12.63,0.605,0.995,Yes
1508,"6K Additive, Inc.",6KA.XA,-12.91,0.615,1.701,Yes
1509,Propel Funeral Partners Limited,PFP.AX,-4.45,0.203,0.4,Yes
1510,Flagship Investments Limited,FSI.AX,-4.45,0.202,1.095,Yes
1511,Tyro Payments Limited,TYR.XA,-9.92,0.462,2.007,Yes
1512,C29 Metals Limited,C29.AX,-16.55,0.797,0.783,Yes
1513,Metal Hawk Limited,MHK.XA,-19.62,0.959,0.871,No
1514,Vulcan Steel Limited,VSL.XA,-5.53,0.25,0.659,Yes
1515,Sarytogan Graphite Limited,SGA.AX,-13.73,0.647,1.139,Yes
1516,Nine Entertainment Co. Holdings Limited,NEC.AX,-5.49,0.248,0.772,Yes
1517,Strike Resources Limited,SRK.AX,-13.98,0.656,0.627,Yes
1518,VBX Limited,VBX.XA,-21.52,1.039,2.414,Yes
1519,Alvo Minerals Limited,ALV.AX,-19.95,0.953,1.05,No
1520,Nuchev Limited,NUC.AX,-12.07,0.549,0.663,Yes
1521,"EBR Systems, Inc.",EBR.XA,-14.05,0.638,0.68,No
1522,BluGlass Limited,BLG.AX,-12.87,0.579,0.951,No
1523,Axel REE Limited,AXL.AX,-12.7,0.568,2.827,Yes
1524,Babylon Pump & Power Limited,BPP.AX,-10.39,0.46,0.142,No
1525,Veris Limited,VRS.AX,-8.35,0.365,0.101,No
1526,Eminence Minerals Limited,EMA.AX,-17.92,0.821,1.818,Yes
1527,Flight Centre Travel Group Limited,FLT.AX,-8.16,0.35,1.442,Yes
1528,Mandrake Resources Limited,MAN.XA,-7.67,0.327,1.275,Yes
1529,Accelerate Resources Limited,AX8.XA,-24.92,1.164,1.082,No
1530,Southern Hemisphere Mining Limited,SUH.XA,-17.67,0.789,0.27,Yes
1531,Haranga Resources Limited,HAR.XA,-18.46,0.828,1.293,Yes
1532,ClearVue Technologies Limited,CPV.AX,-18.4,0.824,0.828,Yes
1533,Flight Centre Travel Group Limited,FLT.XA,-8.16,0.345,1.413,Yes
1534,IODM Limited,IOD.AX,-14.51,0.632,0.019,No
1535,Memphasys Limited,MEM.XA,-23.07,1.052,2.563,No
1536,Mercury NZ Limited,MCY.XA,-3.19,0.13,0.515,Yes
1537,Propel Funeral Partners Limited,PFP.XA,-4.84,0.198,0.4,Yes
1538,Yari Resources Ltd,YAR.AX,-18.67,0.814,0.142,Yes
1539,Tartana Minerals Limited,TAT.AX,-13.93,0.592,1.453,No
1540,HeraMED Limited,HMD.XA,-16.2,0.694,2.875,No
1541,Solara Minerals Ltd,SLA.XA,-17.12,0.721,2.318,Yes
1542,Close the Loop Ltd,CLG.XA,-22.71,0.968,0.897,No
1543,Cokal Limited,CKA.XA,-15.78,0.645,0.544,Yes
1544,FMR Resources Limited,FMR.XA,-14.59,0.59,3.96,Yes
1545,FBR Limited,FBR.AX,-23.37,0.984,3.733,Yes
1546,Tasman Resources Ltd,TAS.XA,-20.96,0.869,3.262,Yes
1547,Pure One Corporation Limited,P1E.AX,-18.79,0.765,0.564,Yes
1548,New Frontier Minerals Limited,NFM.XA,-23.19,0.966,2.385,Yes
1549,Objective Corporation Limited,OCL.AX,-9.02,0.347,0.911,Yes
1550,Inghams Group Limited,ING.AX,-7.44,0.284,0.045,Yes
1551,ARB Corporation Limited,ARB.XA,-8.46,0.324,1.626,Yes
1552,Hawthorn Resources Limited,HAW.XA,-18.82,0.758,0.135,No
1553,ARB Corporation Limited,ARB.AX,-8.56,0.325,1.641,Yes
1554,Environmental Clean Technologies Limited,ECT.XA,-21.35,0.865,1.244,Yes
1555,Vanadium Resources Limited,VR8.AX,-18.72,0.741,2.189,Yes
1556,MaxiPARTS Limited,MXI.AX,-7.41,0.275,0.284,Yes
1557,Bentley Capital Limited,BEL.AX,-19.41,0.766,1.707,Yes
1558,Michael Hill International Limited,MHJ.XA,-10.83,0.407,1.21,Yes
1559,Clime Investment Management Limited,CIW.AX,-6.14,0.225,0.716,Yes
1560,49 Metals Limited,49M.AX,-22.99,0.92,4.606,Yes
1561,Alexium International Group Limited,AJX.AX,-14.0,0.532,0.928,Yes
1562,Bubalus Resources Limited,BUS.AX,-15.59,0.594,0.074,No
1563,Inghams Group Limited,ING.XA,-7.8,0.281,0.108,Yes
1564,S2 Resources Ltd,S2R.AX,-16.45,0.617,0.865,Yes
1565,Energy Technologies Limited,EGY.AX,-9.64,0.347,0.715,No
1566,Talius Group Limited,TAL.XA,-18.42,0.691,2.149,Yes
1567,Acorn Capital Investment Fund Limited,ACQ.XA,-5.35,0.187,0.893,Yes
1568,Hyterra Ltd,HYT.AX,-16.05,0.584,0.675,No
1569,Objective Corporation Limited,OCL.XA,-9.72,0.34,0.982,Yes
1570,Novatti Group Limited,NOV.XA,-20.15,0.742,2.529,Yes
1571,RMA Global Limited,RMY.AX,-18.85,0.677,2.855,Yes
1572,Comet Ridge Limited,COI.AX,-11.49,0.395,0.967,Yes
1573,Venari Minerals NL,VMS.AX,-21.57,0.775,0.122,No
1574,Kingsland Minerals Ltd,KNG.AX,-22.04,0.793,2.234,Yes
1575,TruScreen Group Limited,TRU.AX,-12.8,0.434,0.833,Yes
1576,Agrimin Limited,AMN.AX,-19.64,0.689,1.777,Yes
1577,Mach7 Technologies Limited,M7T.AX,-17.41,0.594,0.134,No
1578,Tennant Minerals Limited,TMS.AX,-18.46,0.632,1.041,Yes
1579,Morella Corporation Limited,1MC.AX,-22.95,0.805,0.6,Yes
1580,Latrobe Magnesium Limited,LMG.AX,-23.4,0.822,0.901,Yes
1581,First Au Limited,FAU.XA,-19.42,0.667,1.098,Yes
1582,Siren Gold Limited,SNG.XA,-17.53,0.594,0.414,No
1583,Raiden Resources Limited,RDN.XA,-25.98,0.909,0.035,Yes
1584,Myer Holdings Limited,MYR.AX,-16.3,0.539,1.024,Yes
1585,Betashares Geared Long Australian Government Bond Complex ETF,GGAB.AX,-4.09,0.127,0.593,Yes
1586,Orora Limited,ORA.AX,-10.53,0.337,1.011,Yes
1587,The Calmer Co International Limited,CCO.AX,-21.9,0.739,1.005,Yes
1588,Minbos Resources Limited,MNB.AX,-24.77,0.848,0.176,No
1589,Unith Ltd,UNT.XA,-21.83,0.73,1.246,Yes
1590,Orora Limited,ORA.XA,-10.42,0.327,0.968,Yes
1591,IDT Australia Limited,IDT.XA,-15.86,0.511,0.509,Yes
1592,Iceni Gold Limited,ICL.XA,-23.2,0.775,0.475,No
1593,Comms Group Limited,CCG.XA,-12.96,0.409,0.781,Yes
1594,Diatreme Resources Limited,DRX.XA,-16.75,0.539,0.091,No
1595,FBR Limited,FBR.XA,-27.63,0.93,3.665,Yes
1596,Oceana Metals Limited,OCN.XA,-24.78,0.819,0.902,Yes
1597,Blue Energy Limited,BLU.XA,-24.04,0.791,1.543,Yes
1598,RBR Group Limited,RBR.AX,-23.65,0.763,0.514,Yes
1599,4DS Memory Limited,4DS.AX,-29.85,0.987,2.126,Yes
1600,American West Metals Limited,AW1.AX,-21.48,0.676,1.04,Yes
1601,LinQ Minerals Limited,LNQ.XA,-19.12,0.59,3.502,Yes
1602,Kinetiko Energy Limited,KKO.AX,-16.68,0.507,0.315,Yes
1603,Coronado Global Resources Inc.,CRN.XA,-28.56,0.928,1.22,Yes
1604,Australian Critical Minerals Limited,ACM.XA,-25.17,0.797,2.792,Yes
1605,The Star Entertainment Group Limited,SGR.AX,-23.92,0.751,0.486,Yes
1606,Coronado Global Resources Inc.,CRN.AX,-28.52,0.919,1.238,Yes
1607,Mach7 Technologies Limited,M7T.XA,-18.61,0.566,0.223,No
1608,Beach Energy Limited,BPT.AX,-11.3,0.33,0.114,No
1609,MB Gold Limited,MBG.AX,-23.88,0.741,2.988,Yes
1610,Beach Energy Limited,BPT.XA,-11.34,0.329,0.126,No
1611,Killi Resources Limited,KLI.XA,-35.8,1.192,4.665,Yes
1612,S2 Resources Ltd,S2R.XA,-20.73,0.628,0.82,Yes
1613,Unith Ltd,UNT.AX,-22.63,0.686,1.428,Yes
1614,Peninsula Energy Limited,PEN.XA,-24.34,0.734,0.805,Yes
1615,Latrobe Magnesium Limited,LMG.XA,-25.9,0.786,0.859,Yes
1616,Little Green Pharma Ltd,LGP.AX,-17.54,0.506,0.337,No
1617,Oliver's Real Food Limited,OLI.AX,-23.49,0.689,2.122,Yes
1618,FirstWave Cloud Technology Limited,FCT.XA,-25.09,0.742,1.614,Yes
1619,Close the Loop Ltd,CLG.AX,-29.71,0.9,0.971,No
1620,Vita Life Sciences Limited,VLS.XA,-10.65,0.288,1.012,Yes
1621,Kinatico Ltd,KYP.XA,-18.21,0.511,1.435,Yes
1622,Raiden Resources Limited,RDN.AX,-30.51,0.914,0.845,No
1623,Aureka Limited,AKA.XA,-17.71,0.491,0.028,Yes
1624,Far East Gold Limited,FEG.XA,-18.26,0.505,0.019,Yes
1625,Infragreen Group Limited,IFN.XA,-23.84,0.68,1.239,Yes
1626,NGX Limited,NGX.AX,-17.21,0.471,0.987,Yes
1627,Monash IVF Group Limited,MVF.XA,-11.52,0.303,0.493,No
1628,Reckon Limited,RKN.XA,-10.24,0.267,0.757,Yes
1629,Micro-X Limited,MX1.AX,-25.77,0.727,0.125,Yes
1630,Sonic Healthcare Limited,SHL.XA,-8.14,0.209,1.008,Yes
1631,Sonic Healthcare Limited,SHL.AX,-8.37,0.212,1.024,Yes
1632,Domino's Pizza Enterprises Limited,DMP.AX,-17.44,0.456,0.843,Yes
1633,Resources & Energy Group Limited,REZ.XA,-22.57,0.603,1.448,Yes
1634,Domino's Pizza Enterprises Limited,DMP.XA,-17.55,0.455,0.825,Yes
1635,Champion Iron Limited,CIA.AX,-11.68,0.293,0.162,Yes
1636,Monash IVF Group Limited,MVF.AX,-11.94,0.299,0.48,No
1637,Range International Limited,RAN.AX,-23.25,0.618,2.415,Yes
1638,LARK Distilling Co. Ltd.,LRK.AX,-12.55,0.314,0.168,Yes
1639,Big River Industries Limited,BRI.XA,-12.88,0.322,1.0,Yes
1640,Babylon Pump & Power Limited,BPP.XA,-19.76,0.51,3.946,Yes
1641,Comet Ridge Limited,COI.XA,-16.27,0.409,1.216,Yes
1642,Arika Resources Limited,ARI.XA,-25.91,0.678,3.393,Yes
1643,ADX Energy Ltd,ADX.AX,-26.1,0.68,0.267,Yes
1644,Cann Group Limited,CAN.AX,-41.14,1.178,1.801,Yes
1645,Impact Minerals Limited,IPT.AX,-24.08,0.613,2.762,Yes
1646,RMA Global Limited,RMY.XA,-34.58,0.932,5.121,Yes
1647,American West Metals Limited,AW1.XA,-25.1,0.637,1.024,Yes
1648,Connexion Mobility Ltd,CXZ.XA,-7.28,0.166,0.751,No
1649,Skin Elements Limited,SKN.XA,-28.68,0.726,1.167,Yes
1650,Acrux Limited,ACR.AX,-24.67,0.609,0.04,No
1651,Impact Minerals Limited,IPT.XA,-23.64,0.58,2.839,Yes
1652,Austin Metals Limited,AYT.XA,-27.13,0.678,1.584,No
1653,Neurotech International Limited,NTI.XA,-27.79,0.696,0.6,Yes
1654,Champion Iron Limited,CIA.XA,-12.68,0.292,0.094,Yes
1655,Earlypay Limited,EPY.AX,-13.25,0.305,0.601,Yes
1656,BNK Banking Corporation Limited,BBC.AX,-10.39,0.234,0.456,Yes
1657,PlaySide Studios Limited,PLY.AX,-23.73,0.573,0.985,Yes
1658,Endeavour Group Limited,EDV.XA,-9.56,0.213,0.906,Yes
1659,Conrad Asia Energy Ltd.,CRD.AX,-18.45,0.429,0.161,Yes
1660,Experience Co Limited,EXP.AX,-18.1,0.417,0.03,No
1661,ReadyTech Holdings Limited,RDY.AX,-17.95,0.411,0.027,Yes
1662,Premier Investments Limited,PMV.XA,-14.83,0.334,0.78,Yes
1663,ReNerve Limited,RNV.XA,-20.01,0.463,0.445,Yes
1664,Complii FinTech Solutions Ltd,CF1.AX,-33.73,0.829,0.171,Yes
1665,Clinuvel Pharmaceuticals Limited,CUV.XA,-14.44,0.317,0.304,No
1666,Premier Investments Limited,PMV.AX,-15.04,0.331,0.827,Yes
1667,Clinuvel Pharmaceuticals Limited,CUV.AX,-14.5,0.318,0.27,No
1668,Botanix Pharmaceuticals Limited,BOT.AX,-28.72,0.676,0.045,No
1669,Worley Limited,WOR.XA,-11.39,0.243,0.26,Yes
1670,ReadyTech Holdings Limited,RDY.XA,-18.03,0.396,0.08,Yes
1671,Worley Limited,WOR.AX,-11.52,0.244,0.294,Yes
1672,Accent Group Limited,AX1.AX,-18.67,0.408,2.091,Yes
1673,Alfabs Australia Limited,AAL.XA,-27.81,0.632,0.196,Yes
1674,Provaris Energy Ltd,PV1.XA,-33.93,0.801,1.341,Yes
1675,Michael Hill International Limited,MHJ.AX,-18.54,0.398,1.201,Yes
1676,Golden Deeps Limited,GED.XA,-22.31,0.486,0.847,Yes
1677,Valiant Gold Limited,VAL.XA,-27.22,0.607,4.485,Yes
1678,Eagle Mountain Mining Limited,EM2.XA,-41.32,1.003,0.631,No
1679,Straker Limited,STG.AX,-18.37,0.387,0.805,Yes
1680,Accent Group Limited,AX1.XA,-18.92,0.398,2.002,Yes
1681,DataDot Technology Limited,DDT.XA,-39.99,0.957,4.645,No
1682,Latitude Group Holdings Limited,LFS.XA,-5.1,0.1,0.382,No
1683,State Gas Limited,GAS.XA,-20.07,0.424,1.352,Yes
1684,Winton Land Limited,WTN.AX,-18.02,0.376,0.021,No
1685,Step One Clothing Limited,STP.AX,-26.16,0.571,1.25,Yes
1686,Botanix Pharmaceuticals Limited,BOT.XA,-29.91,0.662,0.076,No
1687,M3 Mining Limited,M3M.AX,-23.65,0.504,1.383,Yes
1688,Step One Clothing Limited,STP.XA,-26.91,0.573,1.411,Yes
1689,CVC Limited,CVC.AX,-11.17,0.218,0.413,No
1690,Cyclopharm Limited,CYC.AX,-29.56,0.636,1.777,Yes
1691,Mayfield Childcare Limited,MFD.XA,-24.2,0.504,0.647,Yes
1692,Gowing Bros. Limited,GOW.XA,-5.3,0.1,0.18,No
1693,Endeavour Group Limited,EDV.AX,-10.93,0.21,0.963,Yes
1694,Neurotech International Limited,NTI.AX,-29.16,0.613,0.974,Yes
1695,ECS Botanics Holdings Ltd,ECS.AX,-25.7,0.527,0.702,Yes
1696,Dotz Nano Limited,DTZ.XA,-33.38,0.717,0.431,No
1697,Jumbo Interactive Limited,JIN.AX,-16.19,0.313,1.225,Yes
1698,Jumbo Interactive Limited,JIN.XA,-15.92,0.307,1.185,Yes
1699,La Trobe Private Credit Fund,LF1.AX,-3.94,0.071,0.285,Yes
1700,Imugene Limited,IMU.AX,-47.45,1.104,1.917,Yes
1701,NewPeak Metals Limited,NPM.XA,-47.54,1.095,0.988,Yes
1702,NobleOak Life Limited,NOL.XA,-8.98,0.163,0.4,Yes
1703,Eagle Mountain Mining Limited,EM2.AX,-37.23,0.783,0.666,Yes
1704,Legacy Iron Ore Limited,LCY.AX,-24.96,0.486,0.619,Yes
1705,Carbonxt Group Limited,CG1.XA,-34.74,0.704,,
1706,Powerhouse Ventures Limited,PVL.XA,-23.09,0.436,0.99,Yes
1707,Tyranna Resources Limited,TYX.XA,-43.02,0.918,2.496,No
1708,Treasury Wine Estates Limited,TWE.XA,-16.27,0.294,0.64,Yes
1709,Black Rock Mining Limited,BKT.AX,-33.58,0.67,0.966,Yes
1710,Valiant Gold Limited,VAL.AX,-29.0,0.56,7.979,Yes
1711,Amotiv Limited,AOV.AX,-12.96,0.228,1.129,Yes
1712,Amotiv Limited,AOV.XA,-12.93,0.227,1.088,Yes
1713,Surefire Resources NL,SRN.AX,-41.17,0.852,0.039,No
1714,NobleOak Life Limited,NOL.AX,-9.78,0.167,0.117,Yes
1715,IPH Limited,IPH.AX,-14.61,0.255,0.704,Yes
1716,EVE Health Group Limited,EVE.AX,-23.84,0.435,0.294,Yes
1717,INOVIQ Ltd,IIQ.XA,-19.32,0.342,0.62,Yes
1718,Genetic Signatures Limited,GSS.AX,-32.04,0.61,0.22,Yes
1719,ARN Media Limited,A1N.AX,-23.25,0.417,1.426,Yes
1720,3P Learning Limited,3PL.AX,-25.23,0.457,1.203,Yes
1721,IPH Limited,IPH.XA,-14.71,0.251,0.677,Yes
1722,HealthCo Healthcare and Wellness REIT,HCW.AX,-15.84,0.271,0.793,Yes
1723,Kingsrose Mining Limited,KRM.XA,-25.02,0.45,0.317,No
1724,Visionflex Group Limited,VFX.AX,-37.07,0.718,1.106,No
1725,Beonic Limited,BEO.AX,-29.9,0.551,1.14,Yes
1726,SPC Global Holdings Ltd,SPG.AX,-38.75,0.756,2.081,Yes
1727,Lifestyle Communities Limited,LIC.AX,-24.48,0.436,0.826,Yes
1728,Bapcor Limited,BAP.XA,-34.59,0.646,1.255,Yes
1729,WestStar Industrial Limited,WSI.AX,-20.49,0.352,1.217,Yes
1730,Microba Life Sciences Limited,MAP.XA,-30.77,0.559,1.177,Yes
1731,True North Copper Limited,TNC.XA,-44.44,0.882,0.075,No
1732,EBOS Group Limited,EBO.XA,-13.03,0.213,0.227,Yes
1733,Peninsula Energy Limited,PEN.AX,-39.01,0.743,0.12,No
1734,Lifestyle Communities Limited,LIC.XA,-24.93,0.43,0.796,Yes
1735,Microba Life Sciences Limited,MAP.AX,-33.68,0.613,1.532,Yes
1736,Proteomics International Laboratories Ltd,PIQ.XA,-36.98,0.685,0.11,Yes
1737,Identitii Limited,ID8.XA,-36.72,0.679,0.727,No
1738,HealthCo Healthcare and Wellness REIT,HCW.XA,-16.11,0.262,0.823,Yes
1739,Proteomics International Laboratories Ltd,PIQ.AX,-36.77,0.674,0.054,Yes
1740,Melbana Energy Limited,MAY.AX,-42.53,0.81,0.336,Yes
1741,Income Asset Management Group Limited,IAM.AX,-35.25,0.63,0.189,Yes
1742,WOTSO,WOT.AX,-17.44,0.281,0.497,Yes
1743,Infinity Metals Limited,INF.XA,-37.9,0.684,1.564,Yes
1744,EBOS Group Limited,EBO.AX,-13.85,0.217,0.241,Yes
1745,AXP Energy Limited,AXP.XA,-50.56,0.998,11.607,No
1746,Micro-X Limited,MX1.XA,-36.58,0.652,0.527,Yes
1747,Bathurst Resources Limited,BRL.XA,-15.3,0.239,0.636,Yes
1748,EML Payments Limited,EML.XA,-32.47,0.56,0.731,Yes
1749,Audinate Group Limited,AD8.XA,-34.0,0.589,1.154,Yes
1750,Infragreen Group Limited,IFN.AX,-36.95,0.652,1.56,Yes
1751,EML Payments Limited,EML.AX,-32.28,0.551,0.731,Yes
1752,Livium Ltd,LIT.AX,-30.64,0.514,1.643,Yes
1753,Coventry Group Ltd,CYG.AX,-23.24,0.37,0.477,Yes
1754,Teaminvest Private Group Limited,TIP.XA,-13.7,0.206,1.82,Yes
1755,Treasury Wine Estates Limited,TWE.AX,-18.72,0.289,0.499,Yes
1756,Iron Road Limited,IRD.XA,-47.4,0.878,3.366,Yes
1757,Savannah Goldfields Limited,SVG.XA,-35.07,0.591,0.199,Yes
1758,Audinate Group Limited,AD8.AX,-34.4,0.577,1.167,Yes
1759,Euro Manganese Inc.,EMN.XA,-42.17,0.742,0.087,No
1760,AVADA Group Limited,AVD.AX,-33.03,0.546,0.708,Yes
1761,Invion Limited,IVX.AX,-45.16,0.803,0.134,No
1762,Tolu Minerals Limited,TOK.XA,-18.89,0.28,1.715,Yes
1763,Helios Energy Limited,HE8.AX,-46.87,0.83,0.032,No
1764,Camplify Holdings Limited,CHL.XA,-41.38,0.699,2.426,Yes
1765,Invion Limited,IVX.XA,-48.81,0.861,0.769,No
1766,Cyclopharm Limited,CYC.XA,-37.12,0.601,1.447,Yes
1767,CONNEQT Health Limited,CQT.AX,-40.08,0.661,0.003,No
1768,Adheris Health Limited,AHE.XA,-44.42,0.753,0.94,Yes
1769,LGI Limited,LGI.XA,-17.9,0.255,0.282,No
1770,Iron Road Limited,IRD.AX,-43.43,0.724,0.338,Yes
1771,AVA Risk Group Limited,AVA.AX,-31.58,0.481,0.023,Yes
1772,Aurora Energy Metals Limited,1AE.XA,-54.65,0.984,1.38,Yes
1773,Webjet Group Limited,WJL.AX,-31.79,0.483,0.87,Yes
1774,Dotz Nano Limited,DTZ.AX,-42.38,0.691,0.137,No
1775,Octava Minerals Limited,OCT.XA,-53.56,0.943,0.841,Yes
1776,NOVONIX Limited,NVX.XA,-38.83,0.608,1.638,Yes
1777,Sheffield Resources Limited,SFX.XA,-43.77,0.71,0.994,No
1778,Biotron Limited,BIT.XA,-56.71,1.016,2.388,Yes
1779,Adheris Health Limited,AHE.AX,-47.28,0.777,1.9,Yes
1780,NOVONIX Limited,NVX.AX,-39.28,0.606,1.482,Yes
1781,Biotron Limited,BIT.AX,-51.96,0.88,0.925,Yes
1782,McPherson's Limited,MCP.AX,-27.74,0.395,1.78,Yes
1783,Carma Limited,CMA.AX,-45.23,0.717,1.13,Yes
1784,Webjet Group Limited,WJL.XA,-32.38,0.469,0.844,Yes
1785,CONNEQT Health Limited,CQT.XA,-44.58,0.699,0.746,Yes
1786,Bapcor Limited,BAP.AX,-41.41,0.634,1.368,Yes
1787,Aerometrex Limited,AMX.XA,-35.33,0.516,2.531,Yes
1788,Global Health Limited,GLH.AX,-24.97,0.34,0.285,Yes
1789,SkyCity Entertainment Group Limited,SKC.XA,-27.01,0.369,0.244,Yes
1790,SkyCity Entertainment Group Limited,SKC.AX,-27.46,0.372,0.334,Yes
1791,Spark New Zealand Limited,SPK.XA,-18.21,0.233,0.918,Yes
1792,Empire Resources Limited,ERL.XA,-59.22,1.011,4.051,Yes
1793,Butn Limited,BTN.AX,-45.75,0.695,0.42,Yes
1794,Kalgoorlie Gold Mining Limited,KAL.XA,-40.24,0.587,0.759,No
1795,AMCIL Limited,AMH.XA,-9.96,0.118,0.22,Yes
1796,Buru Energy Limited,BRU.AX,-38.44,0.538,0.549,Yes
1797,Sheffield Resources Limited,SFX.AX,-44.61,0.652,0.85,No
1798,Tempest Minerals Limited,TEM.XA,-46.45,0.688,1.614,Yes
1799,Scalare Partners Holdings Limited,SCP.AX,-48.92,0.737,2.456,No
1800,COSOL Limited,COS.AX,-32.41,0.434,0.78,Yes
1801,VRX Silica Limited,VRX.XA,-46.65,0.687,1.934,Yes
1802,Melbana Energy Limited,MAY.XA,-50.63,0.769,0.494,Yes
1803,Schoolblazer Limited,SBZ.AX,-18.46,0.227,0.663,Yes
1804,Serko Limited,SKO.AX,-28.18,0.364,0.422,No
1805,Green & Gold Minerals Limited,GG1.AX,-38.43,0.525,3.301,Yes
1806,Blaze Minerals Limited,BLZ.XA,-58.85,0.944,1.445,No
1807,ARN Media Limited,A1N.XA,-32.26,0.422,1.998,Yes
1808,Bhagwan Marine Limited,BWN.XA,-27.92,0.355,1.532,Yes
1809,Percheron Therapeutics Limited,PER.XA,-52.41,0.789,1.178,Yes
1810,Entropy Neurodynamics Limited,ENP.XA,-26.64,0.334,6.719,Yes
1811,Spacetalk Limited,SPA.XA,-45.39,0.643,0.547,Yes
1812,Alliance Aviation Services Limited,AQZ.XA,-33.15,0.431,0.674,Yes
1813,Spenda Limited,SPX.AX,-59.45,0.946,2.821,Yes
1814,Genmin Limited,GEN.AX,-52.73,0.787,0.866,No
1815,IODM Limited,IOD.XA,-40.94,0.555,0.989,Yes
1816,Buru Energy Limited,BRU.XA,-40.73,0.549,0.061,Yes
1817,Spark New Zealand Limited,SPK.AX,-19.67,0.231,0.891,Yes
1818,Alexium International Group Limited,AJX.XA,-42.6,0.577,1.91,Yes
1819,Wellnex Life Limited,WNX.AX,-53.62,0.79,0.608,Yes
1820,Bhagwan Marine Limited,BWN.AX,-26.95,0.326,0.702,Yes
1821,Black Rock Mining Limited,BKT.XA,-41.53,0.55,1.615,Yes
1822,Peter Warren Automotive Holdings Limited,PWR.AX,-25.27,0.301,1.181,Yes
1823,Alliance Aviation Services Limited,AQZ.AX,-34.79,0.423,0.641,Yes
1824,Cosmo Metals Limited,CMO.AX,-45.6,0.596,1.058,Yes
1825,OM Holdings Limited,OMH.AX,-20.82,0.231,0.627,No
1826,Bio-Gene Technology Limited,BGT.XA,-69.16,1.112,7.835,No
1827,E79 Gold Mines Limited,E79.XA,-50.95,0.686,0.201,Yes
1828,Mayfield Childcare Limited,MFD.AX,-37.97,0.463,0.766,Yes
1829,Peter Warren Automotive Holdings Limited,PWR.XA,-25.48,0.283,0.986,Yes
1830,NTAW Holdings Limited,NTD.XA,-42.98,0.534,0.283,No
1831,SQX Resources Limited,SQX.XA,-53.35,0.715,5.39,Yes
1832,IDP Education Limited,IEL.AX,-47.21,0.601,0.473,Yes
1833,Livium Ltd,LIT.XA,-37.77,0.448,1.388,Yes
1834,IDP Education Limited,IEL.XA,-47.25,0.594,0.494,Yes
1835,Dart Mining NL,DTM.AX,-56.46,0.765,0.347,No
1836,Surefire Resources NL,SRN.XA,-47.12,0.587,0.636,No
1837,Nido Education Limited,NDO.XA,-30.99,0.343,0.395,No
1838,Marimaca Copper Corp.,MC2.AX,-30.97,0.336,0.804,Yes
1839,Enero Group Limited,EGG.XA,-39.59,0.446,1.669,Yes
1840,Enero Group Limited,EGG.AX,-39.08,0.436,1.56,Yes
1841,Magnetite Mines Limited,MGT.AX,-51.75,0.633,0.62,No
1842,Eastern Resources Limited,EFE.XA,-46.54,0.546,0.278,Yes
1843,Bubalus Resources Limited,BUS.XA,-45.32,0.526,0.296,No
1844,Trajan Group Holdings Limited,TRJ.AX,-38.59,0.425,0.21,Yes
1845,G8 Education Limited,GEM.AX,-41.73,0.468,1.052,Yes
1846,Schoolblazer Limited,SBZ.XA,-18.08,0.173,0.107,Yes
1847,Lakes Blue Energy NL,LKO.XA,-63.53,0.844,2.751,Yes
1848,3P Learning Limited,3PL.XA,-83.92,1.461,,
1849,G8 Education Limited,GEM.XA,-42.61,0.463,1.015,Yes
1850,archTIS Limited,AR9.XA,-41.98,0.454,1.55,Yes
1851,Grange Resources Limited,GRR.AX,-30.44,0.302,1.186,Yes
1852,State Gas Limited,GAS.AX,-49.11,0.553,0.117,No
1853,AVA Risk Group Limited,AVA.XA,-42.28,0.45,0.31,No
1854,Nido Education Limited,NDO.AX,-30.97,0.305,0.319,No
1855,Altitude Minerals Ltd,ATT.AX,-58.44,0.704,0.179,Yes
1856,Altech Batteries Limited,ATC.AX,-59.02,0.715,0.063,Yes
1857,Carma Limited,CMA.XA,-66.44,0.863,15.417,No
1858,NAOS Small Cap Opportunities Company Limited,NSC.XA,-29.96,0.29,1.582,Yes
1859,Paragon Care Limited,PGC.XA,-38.51,0.391,0.968,Yes
1860,AF Legal Group Limited,AFL.XA,-45.76,0.488,2.769,Yes
1861,Sea Forest Limited,SEA.AX,-45.86,0.49,1.835,Yes
1862,KMD Brands Limited,KMD.AX,-45.3,0.478,0.265,Yes
1863,Magnetite Mines Limited,MGT.XA,-55.27,0.624,0.008,No
1864,Pentanet Limited,5GG.XA,-48.3,0.513,1.061,Yes
1865,Altech Batteries Limited,ATC.XA,-60.91,0.715,0.014,No
1866,Genetic Signatures Limited,GSS.XA,-51.17,0.547,0.416,Yes
1867,Red Mountain Mining Limited,RMX.XA,-61.58,0.716,0.507,Yes
1868,BlackWall Limited,BWF.AX,-37.85,0.356,1.168,Yes
1869,Grange Resources Limited,GRR.XA,-30.9,0.278,1.012,Yes
1870,Glennon Small Companies Ltd,GC1.XA,-32.69,0.294,0.194,No
1871,Touch Ventures Limited,TVL.AX,-27.83,0.24,1.05,Yes
1872,Myer Holdings Limited,MYR.XA,-51.02,0.51,1.072,Yes
1873,Cassius Mining Limited,CMD.XA,-66.42,0.767,0.276,No
1874,QEM Limited,QEM.XA,-61.86,0.679,0.345,Yes
1875,Sequoia Financial Group Limited,SEQ.XA,-42.19,0.389,0.312,Yes
1876,Infinity Metals Limited,INF.AX,-50.47,0.491,0.474,Yes
1877,Trajan Group Holdings Limited,TRJ.XA,-44.86,0.41,0.957,Yes
1878,Black Horse Mining Limited,BHL.AX,-58.12,0.589,2.097,Yes
1879,Prophecy International Holdings Limited,PRO.AX,-49.61,0.467,0.222,Yes
1880,Galilee Energy Limited,GLL.XA,-73.26,0.866,1.217,No
1881,Kuniko Limited,KNI.AX,-50.93,0.478,1.72,Yes
1882,Ryman Healthcare Limited,RYM.AX,-32.81,0.269,0.583,Yes
1883,Energy Metals Limited,EME.XA,-54.03,0.507,13.222,No
1884,Hydrix Limited,HYD.XA,-73.16,0.831,1.066,Yes
1885,BlackWall Limited,BWF.XA,-51.8,0.462,2.677,Yes
1886,FFI Holdings Limited,FFI.XA,-12.45,0.086,,
1887,Mont Royal Resources Limited,MRZ.AX,-68.77,0.706,1.034,Yes
1888,Dart Mining NL,DTM.XA,-61.29,0.569,0.313,No
1889,KTEK Aerosystems Ltd,KTK.AX,-76.78,0.817,26.657,No
1890,Wellnex Life Limited,WNX.XA,-65.06,0.59,1.631,Yes
1891,OM Holdings Limited,OMH.XA,-33.15,0.231,0.11,No
1892,Chimeric Therapeutics Limited,CHM.AX,-76.04,0.753,1.073,No
1893,KTEK Aerosystems Ltd,KTK.XA,-76.89,0.768,24.934,No
1894,COSOL Limited,COS.XA,-50.68,0.377,1.45,Yes
1895,Daly Resources Ltd,DLY.AX,-63.57,0.531,,
1896,"Saluda Medical, Inc.",SLD.AX,-75.34,0.72,0.647,Yes
1897,EVE Health Group Limited,EVE.XA,-49.43,0.355,1.498,No
1898,AXP Energy Limited,AXP.AX,-78.17,0.756,1.497,No
1899,McPherson's Limited,MCP.XA,-42.23,0.278,1.078,Yes
1900,Gratifii Limited,GTI.XA,-64.45,0.511,1.124,No
1901,Temas Resources Corp.,TIO.AX,-63.45,0.497,0.33,No
1902,Chimeric Therapeutics Limited,CHM.XA,-77.49,0.71,0.142,Yes
1903,Adherium Limited,ADR.XA,-84.21,0.865,7.406,No
1904,Marimaca Copper Corp.,MC2.XA,-74.21,0.586,,
1905,C29 Metals Limited,C29.XA,-77.66,0.643,4.361,No
1906,Epiminder Limited,EPI.AX,-76.64,0.6,2.592,Yes
1907,Advanced Engineered Materials Ltd,AEM.XA,-49.25,0.283,0.331,No
1908,Microequities Asset Management Group Limited,MAM.XA,-42.2,0.227,0.501,Yes
1909,Lightning Minerals Ltd,L1M.XA,-79.58,0.617,1.103,No
1910,Epiminder Limited,EPI.XA,-78.36,0.563,2.452,Yes
1911,Advanced Engineered Materials Ltd,AEM.AX,-49.72,0.248,0.292,No
1912,"Saluda Medical, Inc.",SLD.XA,-78.41,0.529,1.232,Yes
1913,McLaren Minerals Limited,MML.XA,-78.15,0.484,3.766,Yes
1914,Black Pearl Group Limited,BPG.AX,-75.28,0.434,0.515,Yes
1915,OMG Group Limited,OMG.XA,-72.11,0.386,0.007,No
1916,Kuniko Limited,KNI.XA,-76.08,0.42,0.186,Yes
1917,Kinetiko Energy Limited,KKO.XA,-67.8,0.331,0.561,No
1918,Charger Metals NL,CHRCB.AX,-83.51,0.501,0.525,No
1919,The Koala Company Limited,KOA.XA,-56.83,0.219,6.498,No
1920,Barkly Rare Earths Limited,BAK.XA,-55.47,0.128,0.716,Yes
1921,Carlton Investments Ltd.,CIN.XA,-26.99,0.04,0.177,No
1922,AVADA Group Limited,AVD.XA,-69.99,0.027,,
1923,TALi Digital Limited,TD1.XA,0.0,,,
1924,Urbanise.com Limited,UBN.XA,-60.57,,,
1925,Pioneer Minerals Limited,PMM.XA,-62.73,,,
1926,Piche Resources Limited,PR2.XA,-61.73,,,
1927,Regener8 Resources NL,R8R.XA,-38.73,,,
1928,Simonds Group Limited,SIO.XA,-32.53,,,
1929,Magontec Limited,MGL.XA,-79.32,,,
1930,Nutritional Growth Solutions Ltd.,NGS.XA,0.0,,,
1931,Neu Horizon Uranium Limited,NHU.AX,-25.64,,,
1932,Neu Horizon Uranium Limited,NHU.XA,-25.92,,,
1933,Insurance Australia Group Limited,IAGPF.XA,6.43,,,
1934,Kaoko Metals Limited,KAO.XA,-12.29,,,
1935,Lux Copper Corp. Ltd,LUX.AX,71.85,,,
1936,Lux Copper Corp. Ltd,LUX.XA,19.78,,,
1937,Clime Investment Management Limited,CIW.XA,0.0,,,
1938,Australian Bond Exchange Holdings Limited,ABE.XA,0.0,,,
1939,"Aura Consolidated Group, Inc.",AXQ.AX,11.85,,,
1940,"Aura Consolidated Group, Inc.",AXQ.XA,0.0,,,
