Rank,Name,Ticker,Return (%),Risk,Volatility,Follows Market Direction ?
1,TianHong CSI Livestock Breeding Inds ETF,561470.SS,33.17,0.006,,
2,HFT CSI Short Term Note ETF,511360.SS,1.83,0.002,0.001,No
3,Yinhua CSI AAA Sci-Tech Inno Corp Bd ETF,159112.SZ,2.52,0.004,0.01,Yes
4,Wanjia SZSE AAA Sci-Tech Inno Cor Bd ETF,159110.SZ,2.9,0.006,0.009,Yes
5,Huaan CSI AAA Sci-Tech Inno Corp Bd ETF,159115.SZ,2.72,0.006,0.013,Yes
6,Maxwealth SSE AAA Sci-Tech In Cor Bd ETF,511150.SS,2.76,0.006,0.007,Yes
7,China Universal CSI AAA Sci-Tc IC Bd ETF,551520.SS,2.58,0.005,0.007,Yes
8,DaCheng CSI AAA Sci-Tech Inno Cor Bd ETF,159113.SZ,2.7,0.006,0.012,Yes
9,TK CSI AAA Sci-Tech Inno Corp Bd ETF,551580.SS,2.51,0.006,0.004,Yes
10,Huatai-PB CSI AAA Sci-Tech Innovation Corporate Bond Index,551510.SS,2.83,0.006,0.009,Yes
11,ICBCCS CSI AAA Sci-Tech Inno Corp Bd ETF,159116.SZ,2.9,0.007,0.012,Yes
12,JPM SSE AAA Sci-Tech Inno Corp Bd ETF,551300.SS,2.74,0.006,0.014,Yes
13,Guotai CSI AAA Sci-Tech Inno Corp Bd ETF,551800.SS,2.63,0.006,0.007,Yes
14,TianHong CSI AAA Sci-Tech In Corp Bd ETF,159111.SZ,2.82,0.007,0.018,Yes
15,GUOTAI HAITONG SECURITIES CO LTD - CATHAY HAITONG SASSEUR GROUP REIT Fund,508602.SS,2.07,0.005,,
16,CIB CSI AAA Sci-Tech Inno Corp Bd ETF,551560.SS,2.47,0.006,0.004,Yes
17,BOC SSE AAA Sci-Tech Inno Corp Bd ETF,551060.SS,2.35,0.007,0.011,Yes
18,Penghua CSI 0-4Y Local Gover Debt ETF,159816.SZ,2.85,0.008,0.009,No
19,Bosera ChinaBond 0-3 Year CDB Bond ETF,159650.SZ,2.13,0.007,0.002,No
20,Ping An CDB Bond 0-3 ETF,159651.SZ,2.03,0.007,0.001,Yes
21,HuaAn ChinaBond 1-5 Year CDB Bond Index ETF,159649.SZ,2.57,0.009,0.004,No
22,"E Fund Management Co., Ltd - E Fund CSI AAA Sci-Tech Innovation Corporate ETF",551500.SS,2.22,0.008,0.001,Yes
23,HFT SSE Urban Construction Investment Bond Exchange Traded Index Fund,511220.SS,3.12,0.011,0.019,No
24,Fullgoal CSI AAA Sci-Tech Ino Crp Bd ETF,159200.SZ,2.05,0.007,0.004,No
25,Penghua CSI 5Y Local Gover Debt ETF,159972.SZ,4.02,0.015,0.012,No
26,Harvest CSI AAA Sci-Tech Inno Crp Bd ETF,159600.SZ,1.85,0.007,0.002,Yes
27,HFT SSE 5-Year Local Government Bond ETF,511060.SS,3.83,0.015,0.022,No
28,Guotai SSE Delivrb 5 Yr Trs Bd Idx ETF,511010.SS,3.23,0.013,0.021,No
29,CMF CSI AAA Sci-Tech Inno Corp Bd ETF,551900.SS,1.91,0.008,0.003,No
30,Gf Fund Management Co Ltd - GF SSE AAA Sci-Tech Innovation Corporate Bond Index ETF,511120.SS,1.85,0.008,0.015,No
31,DaCheng SZSE MM Credit Bond ETF,159395.SZ,2.18,0.009,0.016,No
32,Penghua SSE AAA Sci-Tech Inno Crp Bd ETF,551030.SS,1.95,0.009,0.004,No
33,Bosera SSE AAA Sci-Tech Inno Corp Bd ETF,551000.SS,2.1,0.01,0.003,No
34,HFT SSE 10-Year Local Government Bond ETF,511270.SS,5.57,0.026,0.054,No
35,ChinaAMC CSI AAA Sci-Tech Ino Crp Bd ETF,551550.SS,1.79,0.009,0.01,No
36,IGW SZSE AAA Sci-Tech Inno Corp Bd ETF,159400.SZ,2.28,0.011,0.005,No
37,TianHong SZSE MM Credit Bond ETF,159398.SZ,1.91,0.009,0.016,No
38,China Southern CSI AAA Sci-Tech ICB ETF,159700.SZ,1.88,0.009,0.005,No
39,"Guangdong Provincial Expressway Development Co., Ltd.",200429.SZ,24.97,0.112,0.005,Yes
40,Ping An CSI 5-10Y CGB ETF,511020.SS,4.13,0.02,0.034,No
41,Guotai SSE 10-Y Gov Bd ETF,511260.SS,4.63,0.023,0.039,No
42,Bosera SZSE MM Credit Bond ETF,159396.SZ,2.13,0.011,0.012,No
43,GF SZSE Market-Making Credit Bond ETF,159397.SZ,1.99,0.01,0.015,No
44,Fullgoal ChinaBond 7-10 Year Policy Bank Bond Index ETF,511520.SS,4.84,0.026,0.037,No
45,Tibet Eastmoney CSI 1-3Y Treasury Bd ETF,511160.SS,1.09,0.006,0.002,No
46,Fullgoal Huili Return Two-year Regular Open Bond Fund,161014.SZ,4.6,0.025,0.101,Yes
47,Guotai Haitong CSI Div Low Volatilty ETF,560730.SS,34.14,0.168,,
48,"China Merchants Port Group Co., Ltd.",201872.SZ,43.74,0.211,0.344,Yes
49,CMF CSI 2000 Enhanced Strategy ETF,159552.SZ,51.71,0.252,1.386,Yes
50,E Fund Everbright Bond Fund,161117.SZ,3.7,0.022,0.028,No
51,ICBCCS CSI A500 Enhanced Strategy ETF,159249.SZ,36.2,0.194,1.3,Yes
52,China Construction Bank Corporation,601939.SS,28.33,0.157,0.293,No
53,Bank of China Limited,601988.SS,27.69,0.157,0.245,No
54,ChinaAMC SSE Market-Making Corp Bond ETF,511200.SS,2.02,0.013,0.01,No
55,HFT SSE Market-Making Corp Bond ETF,511190.SS,2.1,0.013,0.011,No
56,Industrial and Commercial Bank of China Limited,601398.SS,27.69,0.16,0.319,No
57,E Fund SSE Market-Making Corporate Bond ETF,511110.SS,1.96,0.013,0.014,No
58,Guotai Gold ETF Fund,518800.SS,32.85,0.192,0.271,Yes
59,Bosera Fund Management Co. Ltd. - CSI 2000 Index ETF,159533.SZ,51.26,0.282,1.48,Yes
60,TianHong Shanghai Jin ETF,159830.SZ,32.92,0.194,0.234,Yes
61,IGW Nasdaq Tech Mkt Cap Wghtd ETF (QDII),159509.SZ,51.45,0.285,0.126,Yes
62,GF Shanghai Gold ETF,518600.SS,32.72,0.193,0.247,Yes
63,China Southern S&P 500 Index ETF(QDII),513650.SS,24.7,0.154,0.07,Yes
64,"Bank of Jiangsu Co., Ltd.",600919.SS,28.38,0.175,0.053,No
65,Fullgoal Shanghai Gold ETF,518680.SS,32.45,0.198,0.208,Yes
66,China Jinmao Shopping Center Closed Infrastructure Securities Investment Fund,508017.SS,25.31,0.16,0.134,No
67,Guotai CSI HK Mainland SOEs ETF (QDII),159519.SZ,22.68,0.145,0.343,Yes
68,CCB Principal Shanghai Gold ETF,518860.SS,30.73,0.193,0.213,Yes
69,Huaan Gold ETF Fund,518880.SS,30.31,0.192,0.222,Yes
70,ICBCCS Gold ETF,518660.SS,30.15,0.191,0.229,Yes
71,China Southern SSE MM Corp Bond ETF,511070.SS,1.81,0.013,0.016,No
72,E Fund Management Company - Gold Trade Oprn End Fund,159934.SZ,30.33,0.192,0.223,Yes
73,ChinaAMC CSI HK Mainland SOE ETF (QDII),513810.SS,22.17,0.145,0.359,Yes
74,Fullgoal Nasdaq 100 ETF (QDII),513870.SS,32.18,0.203,0.179,Yes
75,China Southern Shanghai Gold ETF,159834.SZ,30.45,0.193,0.224,Yes
76,ChinaAMC Gold ETF,518850.SS,30.4,0.194,0.234,Yes
77,Bosera Golden ETF,159937.SZ,30.21,0.193,0.218,Yes
78,Harvest Shanghai Gold ETF,159831.SZ,30.08,0.193,0.222,Yes
79,Agricultural Bank of China Limited,601288.SS,33.63,0.214,0.125,Yes
80,First Seafront Gold ETF,159812.SZ,29.96,0.193,0.225,Yes
81,BOC SHAU ETF,518890.SS,29.84,0.193,0.23,Yes
82,ChinaAMC SSE Bnchmk Mkt-Mkng Tsry Bd ETF,511100.SS,3.7,0.027,0.022,No
83,Guotai Junan Securities Asset Management - Guotai Junan city investment closed end fund,508031.SS,16.76,0.115,0.078,No
84,"E Fund Management Co., Ltd. - E Fund Msci Usa 50 Etf",513850.SS,26.64,0.177,0.023,No
85,Huaan Fund Management - Sci and Tech Innovation Theme 3 Years Fund,501073.SS,35.13,0.227,0.879,Yes
86,Guotai CSI A500 Enhanced Strategy ETF,159226.SZ,24.3,0.165,1.111,Yes
87,Harvest Nasdaq-100 Index Exchange Traded Fund (QDII),159501.SZ,31.12,0.206,0.213,Yes
88,E Fund Nasdaq 100 ETF (QDII),159696.SZ,30.47,0.202,0.193,Yes
89,Penghua Hang Seng China SOEs ETF (QDII),513170.SS,22.15,0.152,0.386,Yes
90,"Chongqing Rural Commercial Bank Co., Ltd.",601077.SS,28.74,0.193,0.152,No
91,CMF Nasdaq 100 ETF (QDII),159659.SZ,29.76,0.2,0.226,Yes
92,GF NASDAQ 100 ETF QDII,159941.SZ,29.87,0.201,0.14,Yes
93,Guotai NASDAQ 100 ETF(QDII-ETF),513100.SS,30.57,0.205,0.154,Yes
94,Orient Securities Asset Management Co. Ltd. – Orient Red 3 Years Mixed Fund,169106.SZ,6.07,0.045,0.253,Yes
95,Penghua CSI Telecom Theme ETF,560690.SS,43.57,0.28,1.34,Yes
96,Huatai-PB CSI HKC Fncl Srvc ETF(QDII),513140.SS,24.74,0.171,0.486,Yes
97,Bosera S&P 500 QDII Fund,513500.SS,25.12,0.174,0.056,Yes
98,ChinaAMC CSI All Share Software ETF,159068.SZ,13.89,0.101,,
99,Huatai-PB NASDAQ 100 ETF (QDII),513110.SS,29.32,0.202,0.219,Yes
100,China Universal Nasdaq 100 ETF (QDII),159660.SZ,30.67,0.213,0.237,Yes
101,ChinaAMC CSI HK Eq Cnn Mnlnd Fncl ETF,513190.SS,25.52,0.182,0.489,Yes
102,ChinaAMC NASDAQ 100 ETF(QDII),513300.SS,29.61,0.208,0.099,Yes
103,ChinaAMC S&P 500 ETF (QDII),159655.SZ,23.92,0.172,0.065,No
104,"China Universal Asset Management Co., Ltd. - CSI Telecom Thematic Index ETF",560300.SS,42.63,0.289,1.443,Yes
105,DaCheng Nasdaq 100 ETF (QDII),159513.SZ,28.44,0.204,0.212,Yes
106,"Loncin Motor Co., Ltd.",603766.SS,49.36,0.329,0.615,Yes
107,China Southern CSI Div Low Vol 100 ETF,515480.SS,51.77,0.342,,
108,Guotai S&P 500 ETF (QDII),159612.SZ,23.36,0.171,0.036,No
109,"Sieyuan Electric Co., Ltd.",002028.SZ,48.49,0.325,0.777,Yes
110,Bosera NASDAQ-100 Index Exchange Traded Fund (QDII),513390.SS,30.13,0.215,0.206,Yes
111,HuaAn Nasdaq 100 Index ETF,159632.SZ,29.11,0.21,0.224,Yes
112,"Bank of Shanghai Co., Ltd.",601229.SS,24.91,0.182,0.01,No
113,Huaan HS HK Cnn China Ctrl Etprs Div ETF,513920.SS,23.26,0.177,0.373,Yes
114,Huatai-PineBridge SSE 180 ETF,530300.SS,16.24,0.127,0.928,Yes
115,JPM S&P HK Equity Cnn Low Vlty Div ETF,513630.SS,19.92,0.154,0.284,Yes
116,"Qilu Bank Co., Ltd.",601665.SS,27.12,0.204,0.254,Yes
117,China Universal MSCI US 50 ETF (QDII),159577.SZ,23.24,0.18,0.165,Yes
118,Bosera Fund Management Co. Ltd. - Chinext 2 Years Regular Open Mixed CNY Fund,160529.SZ,48.47,0.344,1.662,Yes
119,Tibet Eastmoney A500 ETF,159380.SZ,22.13,0.173,1.238,Yes
120,CCB Principal SSE STAR Innovation Value Strategy Custom ETF,588910.SS,51.74,0.367,2.341,Yes
121,"Shanghai Allist Pharmaceuticals Co., Ltd.",688578.SS,54.11,0.381,0.824,Yes
122,"Midea Group Co., Ltd.",000333.SZ,25.24,0.197,0.429,Yes
123,Icbc Credit Suisse Asset Management Ltd. - ICBCCS Star 50  ETF,159370.SZ,53.41,0.378,2.308,Yes
124,China Asset Management Co. - China Beijing Affordable Housing Center Rental Housing - Fund,508068.SS,17.96,0.145,0.047,No
125,TianHong SSE 180 ETF,530080.SS,15.53,0.127,0.925,Yes
126,SWS CSI A500 ETF,560750.SS,22.09,0.177,1.305,Yes
127,China Southern Summit TOPIX ETF(QDII),513800.SS,17.6,0.144,0.234,Yes
128,E Fund CSI Telecom Thematic ETF,563010.SS,37.09,0.282,1.468,Yes
129,Harfor CSI A100 ETF,561880.SS,19.08,0.155,1.075,Yes
130,"Harvest Fund Management Co., Ltd - Harvest China Power Construction CL fund",508026.SS,18.46,0.151,0.192,No
131,ChinaAMC CSI HK Eq Cn Cntl Etprs Div ETF,513910.SS,24.1,0.194,0.432,Yes
132,HFT CSI 2000 Enhanced Strategy ETF,159553.SZ,33.67,0.262,1.5,Yes
133,"Haisco Pharmaceutical Group Co., Ltd.",002653.SZ,55.57,0.401,0.693,Yes
134,"Weifu High-Technology Group Co., Ltd.",200581.SZ,21.92,0.178,0.394,Yes
135,Harvest SZSE ChiNext 50 ETF,159373.SZ,51.58,0.377,2.299,Yes
136,"Grandblue Environment Co., Ltd.",600323.SS,28.28,0.225,0.346,Yes
137,"Shenzhen Batian Ecotypic Engineering Co., Ltd.",002170.SZ,40.83,0.311,0.742,Yes
138,Zheshang Huijin CSIZJ Phoenix Action ETF,512190.SS,23.11,0.188,1.058,Yes
139,"Huatai-Pinebridge Fund Management Co., Ltd. - SZSE Chinext 50 Index ETF",159383.SZ,52.68,0.387,2.309,Yes
140,Invesco Great Wall Fund Management Corporation Limited - Hkconnect Innovative Drug ETF,513780.SS,42.07,0.323,0.644,Yes
141,"Bank of Qingdao Co., Ltd.",002948.SZ,29.45,0.237,0.543,Yes
142,Huatai-PineBridge CSI Oil and Gas Industry Exchange Traded Open Index Securities Investment Fund,561570.SS,24.28,0.199,0.644,Yes
143,Zijin Mining Group Company Limited,601899.SS,56.84,0.417,0.706,Yes
144,China Asset Management Co Ltd - Credit Commercial Reit Fund,180601.SZ,18.37,0.154,0.145,No
145,Inner Mongolia Dian Tou Energy Corporation Limited,002128.SZ,42.1,0.324,0.626,Yes
146,China Southern CSI Cmunctn Srvcs ETF,159511.SZ,46.73,0.356,1.868,Yes
147,Invesco Great Wall Fund Management Co. Ltd - CNI HK Connect Dividend Low Volatility Index ETF,159569.SZ,24.31,0.201,0.103,Yes
148,Rongtong CSI CT C-SOEs ESG ETF,560810.SS,16.84,0.144,0.932,Yes
149,ChinaAMC SZSE ChiNext 50 ETF,159367.SZ,49.52,0.378,2.314,Yes
150,Fullgoal CSI 800 FCF ETF,563990.SS,22.29,0.188,0.288,Yes
151,Harvest Fund Management Co. Ltd. - Harvest Wumart Consumer Close-end Infrastructure Fund,508011.SS,26.91,0.223,0.059,No
152,Huatai-PB CSI All Shr Inv Bnk & Brk ETF,560400.SS,21.46,0.182,0.439,Yes
153,CICC CSI A500 ETF,512080.SS,20.43,0.174,1.284,Yes
154,CMF STAR 50-Component Enhcd Strategy ETF,588450.SS,55.99,0.422,2.021,Yes
155,Huatai-PB SSE STAR Composite ETF,589990.SS,52.66,0.404,2.561,Yes
156,HFT CSI A500 ETF,563860.SS,20.34,0.175,1.285,Yes
157,SPDB CSI A500 ETF,159376.SZ,20.33,0.175,1.256,Yes
158,PengYang Chinabond-30Y Treasury Bond ETF,511090.SS,7.73,0.07,0.08,No
159,"Yunnan Yuntianhua Co., Ltd.",600096.SS,35.17,0.287,0.987,Yes
160,Fullgoal SZSE ChiNext 50 ETF,159371.SZ,49.1,0.382,2.302,Yes
161,Rongtong CSI A500 ETF,159379.SZ,24.19,0.207,1.418,Yes
162,Rongtong CSI CT C-SOEs Tech Inno ETF,159335.SZ,26.75,0.228,1.239,Yes
163,Huaan Global Leading DAX ETF QDII,513030.SS,21.14,0.184,0.196,Yes
164,"Yutong Bus Co.,Ltd.",600066.SS,51.35,0.402,0.356,Yes
165,China Southern CSI All Share FCF ETF,159232.SZ,21.21,0.185,0.367,Yes
166,Orient Red Target Selected 3-year Regular Open Mixed Fund,501053.SS,4.5,0.042,0.113,Yes
167,Wanjia CSI HKC Central-SOEs High Div ETF,159333.SZ,21.62,0.189,0.42,Yes
168,Harvest SSE Conglomerates Enhanced Strategy ETF,562810.SS,13.82,0.125,0.894,Yes
169,Wanjia Social Responsibility 18-month Regular Open Mixed Fund,161912.SZ,46.92,0.375,1.726,Yes
170,ICBCCS CSI Nonferrous Metals Mining ETF,159049.SZ,45.48,0.366,,
171,CMF CSI Banks AH Price Select ETF,517900.SS,18.68,0.166,0.093,Yes
172,Fullgoal Fund management Co - FG SCI Tech Invt 3Y CLS MXD,501077.SS,38.86,0.321,1.422,Yes
173,"Guangdong Shunna Electric Co., Ltd",000533.SZ,56.9,0.443,0.488,Yes
174,DaCheng CSI All Share FCF ETF,159235.SZ,20.19,0.18,0.393,Yes
175,Yinhua SSE 180 ETF,530800.SS,13.73,0.125,0.923,Yes
176,Penghua SSE STAR 200 ETF,588240.SS,55.69,0.438,2.876,Yes
177,Bosera SSE Natural Resource Index ETF,510410.SS,25.6,0.225,1.082,Yes
178,"China Coal Xinji Energy Co.,Ltd",601918.SS,41.76,0.348,0.512,Yes
179,ChinaAMC CSI SSH Gold Industry Eq ETF,159562.SZ,54.14,0.434,0.878,Yes
180,E Fund Management Co. Ltd - E Fund Advantage Return One-Year Closed Operation Mixed FOF (FOF-LOF),161133.SZ,44.56,0.369,1.479,Yes
181,"Suzhou Zelgen Biopharmaceuticals Co., Ltd.",688266.SS,47.15,0.388,0.523,Yes
182,"Sundiro Holding Co., Ltd.",000571.SZ,46.33,0.382,1.01,Yes
183,E Fund SSE STAR Composite ETF,589800.SS,51.19,0.417,2.644,Yes
184,ICBCCS SSE STAR Composite PR ETF,589500.SS,51.58,0.421,2.683,Yes
185,ChinaAMC CSI Grid Equipment Thematic ETF,159326.SZ,34.98,0.302,1.382,Yes
186,China Southern CSI A100 ETF,560380.SS,16.47,0.153,1.071,Yes
187,Maxwealth CSI A500 ETF,159386.SZ,19.04,0.175,1.289,Yes
188,Tibet Eastmoney SSE 50 ETF,530050.SS,11.37,0.108,0.775,Yes
189,China Universal NASDAQ Bio-Tch ETF(QDII),513290.SS,22.03,0.201,0.017,No
190,Rongtong CSI CT C-SOEs Div ETF,159336.SZ,17.7,0.164,0.162,Yes
191,Huatai-PineBridge CSI All-Share Free Cash Flow ETF,563390.SS,19.88,0.183,0.346,Yes
192,CMF SSE STAR Composite ETF,589770.SS,50.51,0.417,2.649,Yes
193,"Jiangsu Boiln Plastics Co., Ltd.",301003.SZ,55.1,0.448,1.691,Yes
194,"Sichuan Biokin Pharmaceutical Co.,Ltd.",688506.SS,55.87,0.454,0.64,Yes
195,Founder Fubon CSI All Share FCF ETF,563780.SS,19.07,0.176,0.34,Yes
196,"COSCO SHIPPING Holdings Co., Ltd.",601919.SS,37.01,0.321,0.508,Yes
197,Penghua CSI 800 FCF ETF,516460.SS,20.32,0.188,0.316,Yes
198,TianHong SSE STAR Composite ETF,589860.SS,50.7,0.421,2.664,Yes
199,Ping An SSE 180 ETF,530280.SS,13.27,0.126,0.939,Yes
200,China Southern SSE STAR Composite ETF,589660.SS,50.54,0.421,2.669,Yes
201,Guotai CSI HK Connect High Div Yield ETF,159331.SZ,19.58,0.182,0.266,Yes
202,TianHong CSI A500 ETF,159360.SZ,18.16,0.17,1.295,Yes
203,CIB SSE 180 ETF,530680.SS,12.46,0.12,0.885,Yes
204,InnoCare Pharma Limited,688428.SS,54.76,0.452,0.624,Yes
205,Guizhou Chanhen Chemical Corporation,002895.SZ,37.94,0.331,0.959,Yes
206,Wanjia Science & Technology Innovation 3Y Fund,501075.SS,36.84,0.323,1.574,Yes
207,TianHong CSI SHS Cloud Cmptng Indst ETF,517390.SS,40.62,0.351,1.828,Yes
208,"Bank of Hangzhou Co., Ltd.",600926.SS,22.26,0.206,0.161,Yes
209,Bosera Hang seng HK Connect High Div ETF,513690.SS,19.08,0.179,0.452,Yes
210,ChinaAMC CSI 2000 ETF,562660.SS,29.36,0.265,1.396,Yes
211,CICC Fund Management Co Ltd - CICC Xiamen Affordable Rental Housing Infrastructure - Fund,508058.SS,18.33,0.173,0.008,No
212,Bosera SSE STAR Composite ETF,589900.SS,50.2,0.422,2.674,Yes
213,ICBCCS CSI A500 ETF,159362.SZ,18.41,0.174,1.32,Yes
214,"Ruitai Materials Technology Co., Ltd.",002066.SZ,34.36,0.306,0.946,Yes
215,IGW SSE STAR Composite PR ETF,589890.SS,49.02,0.416,2.647,Yes
216,ChinaAMC SSE STAR Composite ETF,589000.SS,49.5,0.42,2.665,Yes
217,ICBCCS SZSE Internet of Things 50 ETF,159709.SZ,38.55,0.34,1.759,Yes
218,"Chengtun Mining Group Co., Ltd.",600711.SS,52.41,0.443,1.32,Yes
219,"Sichuan Xunyou Network Technology Co., Ltd.",300467.SZ,48.27,0.414,1.678,Yes
220,DaCheng CSI A500 ETF,159358.SZ,17.95,0.172,1.315,Yes
221,ChinaAMC SSE Composite ETF,510140.SS,33.48,0.303,,
222,China Universal SSE STAR Composite ETF,589080.SS,48.51,0.417,2.639,Yes
223,Huatai-PB CSI SHS Cloud Cmptng Indst ETF,159738.SZ,40.24,0.357,1.905,Yes
224,Bosera CSI A500 ETF,159357.SZ,17.71,0.171,1.298,Yes
225,Jiangxi Copper Company Limited,600362.SS,54.79,0.464,1.571,Yes
226,E Fund CSI Bank ETF,516310.SS,16.43,0.16,0.097,Yes
227,Wanjia CSI A500 ETF,159356.SZ,17.74,0.172,1.293,Yes
228,CMF CSI Nonferrous Mtls Mng Thm ETF,159690.SZ,35.44,0.321,1.532,Yes
229,"E Fund Management Co., Ltd. - E Fund CSI Dividend Value ETF",563700.SS,12.62,0.125,0.148,No
230,CCB Principal SSE STAR Composite ETF,589880.SS,48.39,0.42,2.648,Yes
231,JPM CSI 300 Free Cash Flow ETF,563900.SS,18.13,0.176,0.034,Yes
232,"Wuxi Zhenhua Auto Parts Co.,Ltd.",605319.SS,46.47,0.406,0.994,Yes
233,China Southern Jin Li Periodic Open Bond Fund,160128.SZ,2.42,0.025,0.016,No
234,Fullgoal SSE STAR Composite PR ETF,589600.SS,48.74,0.423,2.663,Yes
235,"IFE Elevators Co., Ltd.",002774.SZ,38.78,0.349,0.914,Yes
236,"Guangdong Provincial Expressway Development Co., Ltd.",000429.SZ,25.63,0.243,0.157,No
237,"Bank of Nanjing Co., Ltd.",601009.SS,22.19,0.213,0.04,No
238,E Fund Shenzhen Expressway Closed Infrastructure Securities Investment Fund,508033.SS,7.56,0.077,0.046,No
239,E Fund SSE50 Index Enhanced Fund,563090.SS,21.65,0.209,1.145,Yes
240,ChinaAMC Hang Seng SCHK Chinese Mainland Companies High Dividend Yield ETF,159726.SZ,19.19,0.187,0.542,Yes
241,Maxwealth CSI300 ETF,563520.SS,13.96,0.139,1.045,Yes
242,Southern Fund Management Co - Science and Technology Innovation Board ETF,506000.SS,34.7,0.32,1.601,Yes
243,Penghua CSI A500 ETF,512020.SS,17.09,0.169,1.286,Yes
244,"Zhejiang ZUCH Technology Co., Ltd",301280.SZ,52.21,0.455,1.989,Yes
245,ChinaAMC SSE STAR Value 50 Stgy Cstm ETF,589550.SS,35.23,0.325,1.913,Yes
246,Penghua SSE STAR Composite ETF,589680.SS,46.52,0.413,2.613,Yes
247,Penghua CSI 800 ETF,159800.SZ,20.3,0.199,1.188,Yes
248,SZSE Electronic Info And Media Indus (TMT) 50 Exchange Trade Fund,159909.SZ,41.83,0.379,1.88,Yes
249,Hwabao WP CSI All Share Software Dev ETF,159036.SZ,8.86,0.091,,
250,ChinaAMC CSI Bank ETF,515020.SS,16.32,0.163,0.126,Yes
251,DaCheng Hang Seng Healthcare ETF (QDII),159303.SZ,34.21,0.319,0.996,Yes
252,"E Fund Management Co., Ltd - E Fund CNI Free Cash Flow Index ETF",159222.SZ,21.8,0.213,0.285,Yes
253,"AVIC Fund Management Co., Ltd. - Beijing Changbao Rental Housing Clo Reit",180503.SZ,16.48,0.165,0.751,No
254,"E Fund Management Co., Ltd. - E Fund SSE 180 ETF",530180.SS,13.07,0.133,0.988,Yes
255,TianHong CSI Bank ETF,515290.SS,15.9,0.16,0.1,Yes
256,"Jiangsu Financial Leasing Co., Ltd.",600901.SS,20.89,0.206,0.346,Yes
257,"Zhejiang Zhongxin Environmental Protection Technology Group Co., Ltd.",603091.SS,43.66,0.397,1.28,Yes
258,Huatai-PB CSI HK Cnt HDY Invst ETF(QDII),513530.SS,18.93,0.188,0.331,Yes
259,TK CSI A500 ETF,560510.SS,16.76,0.169,1.312,Yes
260,Huatai-PB CSI Technical 100 ETF,515580.SS,27.97,0.27,1.424,Yes
261,E Fund Management Co Ltd - Hang Seng HK Stock Connect High Dividend Low Volatility Index ETF,159545.SZ,18.17,0.182,0.275,Yes
262,"Shantui Construction Machinery Co., Ltd.",000680.SZ,41.91,0.385,0.693,Yes
263,Ping An CSI All Share FCF ETF,159233.SZ,18.65,0.187,0.329,Yes
264,E Fund CSI A500 ETF,159361.SZ,16.97,0.171,1.292,Yes
265,GF CSI A500 ETF,563800.SS,16.85,0.17,1.287,Yes
266,E Fund CSI 500 Quality and Growth ETF,159606.SZ,24.52,0.241,1.395,Yes
267,China Southern Asset Management CSOP FTSE Asia Pacific Low Carbon Selected ETF,159687.SZ,24.6,0.243,0.332,Yes
268,Shandong Hi-speed Company Limited,600350.SS,20.8,0.208,0.237,No
269,ChinaAMC CSI Non-ferrous Metal ETF,516650.SS,32.94,0.315,1.497,Yes
270,Penghua CSI Bank ETF,512730.SS,15.26,0.156,0.097,Yes
271,ChinaAMC CSI A500 ETF,512050.SS,16.85,0.172,1.296,Yes
272,Yinhua CSI 2000 Enhanced Strategy ETF,159555.SZ,30.53,0.295,1.519,Yes
273,CPIC SSE Bulk Stock Shares Exchange Trade Fund,510170.SS,23.95,0.237,1.237,Yes
274,"Suzhou Kingswood Education Technology Co., Ltd.",300192.SZ,56.45,0.5,1.544,Yes
275,"Zhongce Rubber Group Co., Ltd.",603049.SS,19.42,0.196,0.326,Yes
276,"Invesco Great Wall Fund Management Co., Ltd. - CSI A500 Index ETF",159353.SZ,16.18,0.166,1.277,Yes
277,Qingdao East Steel Tower Stock Co.Ltd,002545.SZ,55.9,0.497,1.001,Yes
278,Wanjia CSI HKC Innovative Drug ETF,520700.SS,35.0,0.334,0.733,Yes
279,Tibet Eastmoney CSI 300 ETF,159330.SZ,23.44,0.234,1.339,Yes
280,Harfor CSI All Share FCF ETF,561870.SS,17.85,0.182,0.357,Yes
281,DaCheng Color Metal Futures ETF,159980.SZ,13.17,0.137,0.366,Yes
282,China Southern CSI Banks ETF,512700.SS,15.84,0.164,0.132,Yes
283,CMF CSI A500 ETF,560610.SS,16.31,0.168,1.304,Yes
284,"Shanghai Rural Commercial Bank Co., Ltd.",601825.SS,24.07,0.241,0.041,Yes
285,ChinaAMC CSI A500 Enhanced Strategy ETF,512370.SS,15.23,0.158,1.159,Yes
286,China Universal CSI A500 ETF,563880.SS,16.82,0.173,1.314,Yes
287,China Southern CSI SWS Non-Ferrous Mtl ETF,512400.SS,33.37,0.323,1.598,Yes
288,"Wuhan Zhongyuan Huadian Science & Technology Co.,Ltd.",300018.SZ,33.03,0.32,1.179,Yes
289,ICBCCS Credit Suisse CSI A50 ETF,561230.SS,16.55,0.171,0.974,Yes
290,China CITIC Bank Corporation Limited,601998.SS,25.77,0.257,0.121,Yes
291,China Universal CSI Sub N-Frous Mtal ETF,159652.SZ,32.99,0.32,1.551,Yes
292,Yinhua CSI HK Connect HDY ETF,159302.SZ,17.84,0.184,0.242,Yes
293,Huaan CSI A500 ETF,159359.SZ,16.51,0.171,1.298,Yes
294,"Zhongshan Public Utilities Group Co.,Ltd",000685.SZ,22.81,0.231,1.014,Yes
295,Bosera CSI All Share FCF ETF,563830.SS,18.44,0.19,0.338,Yes
296,Fullgoal CSI A500 ETF,563220.SS,16.24,0.169,1.302,Yes
297,"Kunshan TopA Intelligent Equipment Co.,Ltd",300836.SZ,57.0,0.515,0.953,Yes
298,China Universal CSI Bank ETF,512820.SS,15.59,0.163,0.113,Yes
299,Guotai CSI A500 ETF,159338.SZ,15.96,0.167,1.291,Yes
300,PengYang CSI 500 Quality Growth ETF,560500.SS,22.98,0.235,1.34,Yes
301,GF CSI High Div Strategy Custom ETF,159207.SZ,17.08,0.179,0.027,Yes
302,"JiaoZuo WanFang Aluminum Manufacturing Co., Ltd",000612.SZ,45.82,0.431,1.502,Yes
303,JPM CSI A500 ETF,560530.SS,15.84,0.167,1.282,Yes
304,China Southern CSI A500 ETF,159352.SZ,16.03,0.169,1.302,Yes
305,"Beijing Lier High-temperature Materials Co.,Ltd.",002392.SZ,43.1,0.41,1.406,Yes
306,"Intco Medical Technology Co., Ltd.",300677.SZ,50.72,0.471,0.015,Yes
307,Yinhua CNI Free Cash Flow ETF,159225.SZ,20.0,0.208,0.267,Yes
308,Yinhua CSI HKC Medical Treatment Thm ETF,513620.SS,33.43,0.33,0.027,Yes
309,Wanjia CSI Industry Non-ferrous Metal Theme ETF,560860.SS,34.42,0.34,1.706,Yes
310,Fullgoal CSI 800 Bank ETF,159887.SZ,15.46,0.164,0.09,Yes
311,ICBCCS CSI All Share FCF ETF,159236.SZ,17.6,0.185,0.303,Yes
312,"Huatai-Pinebridge Fund Management Co., Ltd - A500 Fund",563360.SS,15.8,0.168,1.296,Yes
313,Yinhua CSI A500 ETF,159339.SZ,15.93,0.17,1.311,Yes
314,Penghua Dow Jones Idstrl Avrg ETF (QDII),513400.SS,13.45,0.145,0.209,Yes
315,E Fund Artificial Intelligence Theme ETF,159819.SZ,43.73,0.42,2.178,Yes
316,China Universal CSI 800 FCF ETF,563680.SS,17.35,0.184,0.308,Yes
317,Maxwealth CSI SHSZHK Gold Idsty Eq ETF,517520.SS,42.92,0.414,0.917,Yes
318,GF CSI 800 FCF ETF,159229.SZ,17.67,0.187,0.232,Yes
319,"Huaqin Co., Ltd.",603296.SS,48.46,0.46,1.538,Yes
320,Huaan CSI All Share FCF ETF,561080.SS,17.35,0.184,0.387,Yes
321,Semiconductor Manufacturing International Corporation,688981.SS,52.63,0.493,1.528,Yes
322,"Hangzhou Biotest Biotech Co.,Ltd.",688767.SS,35.28,0.351,0.879,Yes
323,Fullgoal Hang Seng SCHK High Dividend Low Volatility Index ETF (QDII),513950.SS,16.11,0.174,0.369,Yes
324,"Tianshan Aluminum Group Co.,Ltd",002532.SZ,45.43,0.441,0.97,Yes
325,Harvest CSI A50 ETF,562890.SS,16.11,0.174,0.983,Yes
326,"Smartsens Technology (Shanghai) Co., Ltd.",688213.SS,44.44,0.433,1.385,Yes
327,Penghua SSE 180 ETF,510040.SS,11.21,0.124,0.903,Yes
328,Huaan CSI Bank ETF,516210.SS,15.6,0.169,0.18,Yes
329,China Universal CSI Oil And Gas Rsc ETF,159309.SZ,20.04,0.214,0.542,Yes
330,"Bank of Chengdu Co., Ltd.",601838.SS,20.64,0.22,0.313,Yes
331,GF CSI STAR&CHINEXT 50 Enhanced ETF,588320.SS,39.81,0.398,2.054,Yes
332,Great Wall Science And Technology Innovation Board Fund,506008.SS,30.94,0.319,1.512,Yes
333,"Sunvim Group Co.,Ltd",002083.SZ,49.95,0.483,0.242,Yes
334,China Asset management Company - China Amc Chinext 2 Year Regular Open Mixed Fund,160325.SZ,32.55,0.334,1.788,Yes
335,Huatai-PB CSI Banks ETF,560670.SS,35.62,0.363,1.666,No
336,"Olympic Circuit Technology Co., Ltd",603920.SS,55.16,0.526,2.068,Yes
337,"Hangzhou TianMuShan Pharmaceutical Enterprise Co.,Ltd",600671.SS,46.7,0.458,0.112,Yes
338,Guotai CSI 300 Enhanced Strategy ETF,561300.SS,15.47,0.17,1.031,Yes
339,Tibet Eastmoney CSI 500 ETF,159337.SZ,22.8,0.244,1.836,Yes
340,Guotai CSI STAR&CHINEXT 50 ETF,588360.SS,40.97,0.411,2.127,Yes
341,Huatai-PB CSI Central Enterprise Div ETF,561580.SS,14.26,0.158,0.374,Yes
342,SPDB CSI ESG 120 Strategy ETF,516720.SS,14.21,0.158,0.942,Yes
343,Yinhua CSI SHS 500 ETF,517000.SS,14.15,0.157,0.882,Yes
344,Harvest S&P Biotech Slct Sctr ETF (QDII),159502.SZ,23.51,0.251,0.197,Yes
345,"Zhejiang Cfmoto Power Co.,Ltd",603129.SS,44.53,0.442,0.918,Yes
346,China Southern SSE 180 ETF,530580.SS,12.04,0.135,1.022,Yes
347,"Guodian Nanjing Automation Co., Ltd.",600268.SS,31.29,0.327,0.939,Yes
348,ChinaAMC Strategy New Comp Index ETF,512770.SS,34.72,0.358,1.805,Yes
349,Wanjia SSE STAR 50 ETF,588840.SS,49.32,0.484,2.809,Yes
350,"North Chemical Industries Co., Ltd.",002246.SZ,47.11,0.466,0.509,Yes
351,"Dynamic Electronics Co., Ltd.",603175.SS,46.04,0.458,1.796,Yes
352,Sumec Corporation Limited,600710.SS,20.33,0.222,0.424,Yes
353,China Southern MSCI China A 50 Cnct ETF,159602.SZ,17.43,0.193,1.077,Yes
354,E Fund CSI 500 Enhanced Strategy ETF,563030.SS,24.35,0.262,1.56,Yes
355,"Rising Nonferrous Metals Share Co.,Ltd.",600259.SS,54.74,0.53,2.058,Yes
356,"Tongling Nonferrous Metals Group Co.,Ltd.",000630.SZ,43.82,0.44,1.759,Yes
357,Ping An CSI SSH Gold Industry Equity ETF,159322.SZ,42.95,0.433,0.889,Yes
358,"Inspur Electronic Information Industry Co., Ltd.",000977.SZ,45.82,0.457,1.999,Yes
359,"GD Power Development Co.,Ltd",600795.SS,19.66,0.216,0.116,No
360,Fullgoal Msci China A50 Cn Enh Strgy ETF,563280.SS,16.51,0.184,0.985,Yes
361,CMF CSI All Share Dividend Quality ETF,159209.SZ,15.52,0.174,0.439,Yes
362,CICC Fund Management Company Limited - CICC Shangao Group Expressway,508007.SS,13.41,0.152,0.019,Yes
363,CMF CSI STAR&CHINEXT 50 ETF,588300.SS,40.32,0.412,2.129,Yes
364,Harvest CNI FCF ETF,159221.SZ,19.56,0.216,0.225,Yes
365,Harvest Emerging Tech 100 Strategy ETF,515860.SS,30.2,0.32,1.754,Yes
366,China Universal Shanghai Cmpst ETF,510980.SS,15.11,0.17,1.035,Yes
367,PengYang CSI Tech Inno Entrepre 50 ETF,588350.SS,40.17,0.413,2.12,Yes
368,"Shanghai Haoyuan Chemexpress Co., Ltd.",688131.SS,52.04,0.514,2.226,Yes
369,"Henan Zhongfu Industrial Co.,Ltd",600595.SS,45.88,0.463,1.261,Yes
370,Fullgoal CSI A50 ETF,159591.SZ,16.41,0.185,1.04,Yes
371,Guotai SSE Composite ETF,510760.SS,15.57,0.176,1.07,Yes
372,Penghua ChiNext New Energy ETF,159261.SZ,41.85,0.429,1.909,Yes
373,China Merchants Fund Management Co- CM Expressway Reit,180203.SZ,13.67,0.156,0.175,No
374,CICC SCPG Consumer Infrastructure Closed Infrastructure Securities Investment Fund,180602.SZ,11.89,0.137,0.062,No
375,"Jinneng Holding Shanxi Coal Industry Co.,ltd.",601001.SS,29.82,0.319,1.095,Yes
376,Harvest CSI STAR&CHINEXT 50 ETF,588400.SS,39.78,0.411,2.118,Yes
377,Hwabao WP CSI STAR&CHINEXT 50 ETF,588330.SS,39.73,0.411,2.119,Yes
378,BOC CSI All Share FCF ETF,563760.SS,16.79,0.189,0.328,Yes
379,E Fund MSCI China A 50 Connect ETF,563000.SS,16.9,0.191,1.065,Yes
380,"MYS Group Co., Ltd.",002303.SZ,38.98,0.405,1.351,Yes
381,"SDIC Zhonglu Fruit Juice Co.,Ltd.",600962.SS,46.27,0.47,0.976,Yes
382,GF CSI GX Cntrl Entprs Shrhdr Rtrn ETF,560700.SS,13.1,0.15,0.609,Yes
383,Yinhua CSI STAR&CHINEXT 50 ETF,159782.SZ,39.88,0.414,2.144,Yes
384,"Glarun Technology Co.,Ltd",600562.SS,38.19,0.399,1.087,Yes
385,ChinaAMC CSI STAR&CHINEXT 50 ETF,159783.SZ,39.86,0.415,2.129,Yes
386,Bosera CSI STAR&CHINEXT 50 ETF,588390.SS,39.35,0.41,2.083,Yes
387,"E Fund Management Co., Ltd - CSI A50 Index ETF",563080.SS,16.08,0.183,1.029,Yes
388,Fullgoal CSI STAR&CHINEXT 50 ETF,588380.SS,39.94,0.416,2.148,Yes
389,Fullgoal SSE Composite Index ETF,510210.SS,14.81,0.169,1.009,Yes
390,Yinhua CSI 500 Quality Growth ETF,562340.SS,19.76,0.222,1.224,Yes
391,Fullgoal CSI Technical 50 Strategy ETF,515750.SS,25.3,0.279,1.394,Yes
392,E Fund CSI STAR&CHINEXT 50 ETF,159781.SZ,40.29,0.421,2.178,Yes
393,"JCHX Mining Management Co.,Ltd.",603979.SS,47.51,0.485,1.346,Yes
394,Bosera CSI Smallcap 500 Index ETF,159678.SZ,23.91,0.266,1.592,Yes
395,Bosera CNI 2000 ETF,159505.SZ,26.63,0.293,1.629,Yes
396,"Zhongjin Gold Corp.,Ltd",600489.SS,55.21,0.551,0.818,Yes
397,TianHong CSI STAR&CHINEXT 50 ETF,159603.SZ,40.4,0.423,2.209,Yes
398,ICBCCS CSI SHSZHK Gold Idst Equity ETF,159315.SZ,41.54,0.433,0.866,Yes
399,Fullgoal CSI SHS 500 ETF,517100.SS,14.21,0.164,0.921,Yes
400,ChinaAMC GEM Comprehensive ETF,159563.SZ,30.16,0.328,1.982,Yes
401,"Jack Technology Co.,Ltd",603337.SS,31.59,0.342,0.906,Yes
402,China Universal CSI HKEqCn HghDv Inv ETF,513820.SS,15.87,0.183,0.288,Yes
403,China Southern CSI STAR&CHINEXT 50 ETF,159780.SZ,40.07,0.423,2.208,Yes
404,ChinaAMC MSCI China A50 interconnection ETF,159601.SZ,16.76,0.193,1.08,Yes
405,Yinhua HSI SCHK ETF,159318.SZ,17.28,0.199,0.499,Yes
406,"Guangxi Wuzhou Communications Co., Ltd.",600368.SS,21.16,0.24,0.301,Yes
407,China Southern SSE STAR 50 Enhanced Strategy ETF,588370.SS,36.8,0.394,1.969,Yes
408,"Xiamen Bank Co., Ltd.",601187.SS,17.92,0.206,0.266,Yes
409,"Teemsun Technology Co.,Ltd",301571.SZ,32.18,0.35,0.505,Yes
410,"Allwinner Technology Co.,Ltd.",300458.SZ,48.11,0.495,1.665,Yes
411,Fullgoal CSI Value ETF,512040.SS,15.33,0.178,0.853,Yes
412,Fullgoal SSE STAR AI ETF,589380.SS,53.39,0.543,3.395,Yes
413,Sanyou Corporation Limited,300932.SZ,32.03,0.351,1.433,Yes
414,Fullgoal CSI Central SOE Dividend ETF,159332.SZ,14.93,0.175,0.397,Yes
415,CMF CSI All Share FCF ETF,563770.SS,16.01,0.187,0.362,Yes
416,Huatai-PB CSI HK Connect 50 ETF,513550.SS,17.54,0.204,0.587,Yes
417,Yinhua CSI Oil & Gas Resources ETF,563150.SS,18.12,0.21,0.503,Yes
418,E Fund Management Co - Hang Seng China Enterprises Index Fund,513210.SS,18.33,0.212,0.625,Yes
419,"Tongling Jingda Special Magnet Wire Co., Ltd.",600577.SS,42.12,0.447,1.402,Yes
420,Penghua CSI All Share FCF ETF,512130.SS,16.05,0.188,0.383,Yes
421,ChinaAMC CSI Internet of things theme ETF,516260.SS,31.18,0.345,1.701,Yes
422,Harvest CSI HK Connect HDY ETF,513830.SS,16.4,0.192,0.123,No
423,Sichuan Expressway Group Company Limited,601107.SS,23.09,0.263,0.277,Yes
424,Harvest Hang Seng Healthcare ETF (QDII),159557.SZ,28.83,0.322,1.07,Yes
425,ICBCCS CSI A100 ETF,561200.SS,17.7,0.206,1.164,Yes
426,E Fund SSE Mid-Cap ETF,510130.SS,13.76,0.163,0.996,Yes
427,Maxwealth CNI Commercial Satellite ETF,159206.SZ,50.92,0.527,2.914,Yes
428,Founder Fubon CSI STAR&CHINEXT 50 ETF,588310.SS,36.75,0.401,2.058,Yes
429,"FIYTA Precision Technology Co., Ltd.",200026.SZ,11.93,0.144,0.393,Yes
430,E Fund CSI Rare Earth Industry ETF,159715.SZ,32.09,0.358,1.854,Yes
431,China Universal MSCI China A 50 Cnct ETF,560050.SS,15.98,0.19,1.054,Yes
432,E Fund Shenzhen Securities 50 ETF,159150.SZ,22.61,0.262,1.43,Yes
433,"China Rare Earth Resources And Technology Co., Ltd.",000831.SZ,44.02,0.472,2.33,Yes
434,DaCheng CSI A50 ETF,159595.SZ,15.82,0.188,1.052,Yes
435,China Universal CSI SHS 500 ETF,517080.SS,13.46,0.162,0.916,Yes
436,E Fund CSI Internet of Things ETF,159895.SZ,30.83,0.347,1.776,Yes
437,Guangdong Jinma Entertainment Corporation Limited,300756.SZ,54.58,0.567,2.162,Yes
438,"Xiamen Leading Optics Co., Ltd.",605118.SS,53.29,0.556,1.693,Yes
439,"Shanghai Mechanical & Electrical Industry Co.,Ltd.",900925.SS,19.8,0.233,0.659,Yes
440,GF CSI Raw materials ETF,159944.SZ,22.84,0.266,1.443,Yes
441,Anhui Expressway Company Limited,600012.SS,24.24,0.281,0.076,No
442,CMF CSI 1000 Enhanced Strategy ETF,159680.SZ,24.5,0.284,1.662,Yes
443,"Ningbo Zhongbai Co., Ltd.",600857.SS,44.85,0.484,1.497,Yes
444,"Himile Mechanical Science and Technology (Shandong) Co., Ltd",002595.SZ,32.56,0.367,1.002,Yes
445,"Gold cup Electric Apparatus Co.,Ltd.",002533.SZ,24.69,0.286,0.982,Yes
446,"Actions Technology Co., Ltd.",688049.SS,41.27,0.451,1.683,Yes
447,"Qingdao CHOHO Industrial Co.,Ltd.",003033.SZ,43.58,0.473,0.908,Yes
448,SPDB CNI Grain Industry ETF,159060.SZ,30.47,0.346,0.004,No
449,China Southern CSI Internet of Thing ETF,159896.SZ,30.74,0.349,1.785,Yes
450,"Wanxiang Qianchao Co.,Ltd.",000559.SZ,48.93,0.522,1.524,Yes
451,IGW CSI 500 Enhanced Strategy ETF,159610.SZ,21.3,0.252,1.489,Yes
452,GF CSI Rare Metals Industry ETF,159608.SZ,33.35,0.376,2.055,Yes
453,BeOne Medicines AG,688235.SS,33.28,0.376,1.195,Yes
454,CMF CSI GX Cntrl Entprs Shrhdr Rtrn ETF,561960.SS,11.96,0.147,0.6,Yes
455,Harvest CSI A100 ETF,159661.SZ,15.87,0.192,1.126,Yes
456,"Contemporary Amperex Technology Co., Limited",300750.SZ,32.74,0.372,1.26,Yes
457,Bosera CSI Oil And Gas Resources ETF,561760.SS,17.43,0.21,0.597,Yes
458,China Life AMP CSI SHS 300 ETF,517300.SS,13.77,0.169,0.989,Yes
459,"Zhejiang Sanmei Chemical Industry Co.,Ltd.",603379.SS,43.23,0.474,1.827,Yes
460,"Henan Pinggao Electric Co.,Ltd.",600312.SS,32.04,0.366,0.561,Yes
461,"Limin Group Co.,Ltd.",002734.SZ,42.25,0.467,1.325,Yes
462,E Fund CNI Value 100 ETF,159263.SZ,15.4,0.188,0.12,No
463,Hwabao WP Shenzhen 100 ETF,159716.SZ,21.78,0.259,1.463,Yes
464,"Jinhong Holding Group Co., Ltd.",000669.SZ,46.41,0.506,0.374,Yes
465,Yinhua CSI A50 ETF,159592.SZ,15.84,0.193,1.074,Yes
466,"Fuyao Glass Industry Group Co., Ltd.",600660.SS,23.74,0.282,0.694,Yes
467,UBS SDIC Ruili Alloc(LOF) A,161222.SZ,10.96,0.137,0.76,Yes
468,"E Fund Management Co., Ltd. - E Fund SSE Star Artificial Intelligence ETF",588730.SS,44.18,0.487,3.345,Yes
469,Guotai CSI SSH Gold Industry Equity ETF,517400.SS,37.96,0.428,0.883,Yes
470,Fullgoal CSI Rare Earth Industry ETF,159713.SZ,30.94,0.358,1.86,Yes
471,"Zhejiang Runyang New Material Technology Co., Ltd.",300920.SZ,49.18,0.534,0.806,Yes
472,HFT SSE Investment Grade Convertible Bond and Exchangeable Bond ETF,511180.SS,6.28,0.08,0.352,Yes
473,Huatai-PB CSI Internet of Things ETF,516330.SS,29.27,0.341,1.729,Yes
474,ICBCCS CSI Rare Metal Theme ETF,159671.SZ,32.84,0.378,2.078,Yes
475,Gf Fund Management Co. Ltd. - Chinext 2 Years Regular Open Mixed CNY Fund,162720.SZ,29.6,0.345,1.72,Yes
476,Huatai-PB SZSE ChiNext Technology ETF,159773.SZ,34.88,0.399,2.292,Yes
477,Huatai-PB CSI 500 Enhanced Strategy ETF,561550.SS,22.83,0.273,1.607,Yes
478,TianHong CSI 1000 Enhncd Strtgy ETF,159685.SZ,22.76,0.272,1.571,Yes
479,CMF CSI Internet of Things ETF,159701.SZ,29.78,0.349,1.775,Yes
480,"Eastern Air Logistics Co., Ltd.",601156.SS,25.51,0.304,0.616,Yes
481,Bosera Intelligent Consumption ETF,515920.SS,25.82,0.307,1.507,Yes
482,UBS SDIC CSI 300 Financial Property ETF Index Securities Investment Fund,159933.SZ,15.58,0.193,0.658,Yes
483,Fullgoal Chinext Enhanced Strategy ETF,159676.SZ,31.8,0.371,2.157,Yes
484,"Shanghai Zhonggu Logistics Co., Ltd.",603565.SS,22.1,0.267,0.561,Yes
485,"Zhejiang Yinlun Machinery Co.,Ltd.",002126.SZ,49.58,0.544,2.099,Yes
486,"Shanghai Stonehill Technology Co., Ltd.",002195.SZ,46.58,0.517,2.001,Yes
487,"Shanghai Zhezhong Group Co.,Ltd",002346.SZ,31.06,0.364,1.275,Yes
488,"Shenzhen Dawei Innovation Technology Co., Ltd.",002213.SZ,51.9,0.567,1.678,Yes
489,"Lootom Telcovideo Network (wuxi) Co., Ltd.",300555.SZ,33.0,0.385,0.876,Yes
490,E Fund CSI 2000 ETF,159532.SZ,23.47,0.284,1.571,Yes
491,Maxwealth CSI HKC Medical Treatment ETF,159366.SZ,25.89,0.31,0.855,Yes
492,"Lionhead Technology Development Co.,Ltd.",600539.SS,47.99,0.532,0.637,Yes
493,"Huafon Chemical Co.,Ltd",002064.SZ,28.66,0.34,1.093,Yes
494,Wanjia CSI 800 FCF ETF,563580.SS,16.84,0.209,0.269,Yes
495,"Guangdong Jiayuan Technology Co.,Ltd.",688388.SS,54.87,0.596,2.543,Yes
496,Ping An CSI A50 ETF,159593.SZ,14.79,0.186,1.029,Yes
497,ICBCCS CSI 1000 Enhanced Strategy ETF,561280.SS,22.36,0.272,1.531,Yes
498,Bosera SSE Super Large-Cap ETF,510020.SS,13.92,0.175,0.944,Yes
499,"Chengdu Wintrue Holding Co., Ltd.",002539.SZ,26.73,0.32,1.183,Yes
500,"Shanghai @hub Co.,Ltd.",603881.SS,52.71,0.577,1.688,Yes
501,TianHong CSI SHS Internet of Things ETF,517660.SS,23.71,0.288,1.458,Yes
502,China Universal Asset Management Co. Ltd. - Csi New Energy Automobile Industry Index ETF,501057.SS,25.8,0.311,1.45,Yes
503,GF CSI Construction Machinery ETF,560280.SS,18.84,0.234,1.069,Yes
504,Huaan CSI SSH Gold Industry Eq ETF,159321.SZ,38.6,0.445,0.89,Yes
505,CMF CSI 300 ETF,561930.SS,11.46,0.147,1.105,Yes
506,CMF CSI HKC IT Composite ETF,526050.SS,55.13,0.602,2.817,Yes
507,"E Fund Management Co., Ltd. - Cni New Energy Battery Index ETF",159566.SZ,28.26,0.338,1.613,Yes
508,ChinaAMC CSI Hong Kong stock connect 50 ETF,159711.SZ,16.7,0.209,0.648,Yes
509,"Zhejiang Chenfeng Technology Co., Ltd.",603685.SS,30.56,0.363,0.86,Yes
510,"Zhejiang Langdi Group Co., Ltd.",603726.SS,40.17,0.462,1.236,Yes
511,Huatai-PB CSI 1000 Enhanced Strategy ETF,561590.SS,21.75,0.268,1.557,Yes
512,Maxwealth Shenzhen 100 ETF,159721.SZ,20.22,0.25,1.413,Yes
513,E Fund CSI 800 ETF,515810.SS,16.82,0.211,1.305,Yes
514,Harvest CSI A500 ETF,159351.SZ,13.13,0.167,1.31,Yes
515,Guotai CSI HK Connect 50 ETF,159712.SZ,15.95,0.201,0.585,Yes
516,E Fund CSI SHS 300 ETF,517030.SS,13.19,0.168,0.971,Yes
517,Yinhua SSE STAR AI ETF,588930.SS,41.89,0.48,3.285,Yes
518,"Ningbo Jintian Copper (Group) Co., Ltd.",601609.SS,42.06,0.482,1.758,Yes
519,CMF SSE Composite Enhanced Strategy ETF,563930.SS,12.59,0.161,0.876,Yes
520,Huatai Tianjin Securities Asset Management Company Ltd. -  HTZJ Sci-Tech Investment 3 Year Class Mix,501202.SS,12.98,0.166,0.832,Yes
521,Harfor CSI Rare Metals Industry ETF,561800.SS,31.55,0.377,2.059,Yes
522,New China Life Insurance Company Ltd.,601336.SS,30.46,0.365,1.607,Yes
523,GF SZSE 100 ETF,159576.SZ,21.11,0.262,1.47,Yes
524,Harvest CSI Rare Metals Industry ETF,562800.SS,31.31,0.375,2.041,Yes
525,Bosera CSI 1000 Enhanced ETF,561780.SS,22.27,0.276,1.625,Yes
526,"Chahua Modern Housewares Co., Ltd.",603615.SS,47.13,0.535,1.468,Yes
527,Shenzhen EXC-LED Technology Co.Ltd,300889.SZ,52.49,0.587,1.76,Yes
528,"Yunnan Aluminium Co., Ltd.",000807.SZ,35.84,0.424,1.03,Yes
529,"NINGBO HENGSHUAI Co., LTD.",300969.SZ,52.77,0.592,2.216,Yes
530,"Silvery Dragon Group Co., Ltd. Tianjin",603969.SS,26.88,0.331,0.938,Yes
531,Bosera CSI Convert&Exch Bd ETF,511380.SS,7.44,0.099,0.499,Yes
532,GF CSI HK Cnn Nn-Bnk Fncl Thm ETF,513750.SS,25.25,0.312,1.335,Yes
533,ChinaAMC SSE Financials Sector ETF,510650.SS,13.79,0.179,0.519,Yes
534,"Guilin Seamild Foods Co., Ltd",002956.SZ,30.69,0.373,1.115,Yes
535,"Ningbo Donly Co.,Ltd",002164.SZ,40.13,0.472,1.475,Yes
536,"Jiangsu Yunyi Electric Co.,Ltd.",300304.SZ,49.31,0.563,2.174,Yes
537,Penghua ChiNext 50 ETF,159681.SZ,35.48,0.425,2.407,Yes
538,Invesco Great Wall Fund Management Co Ltd - Szse Chinext 50 Index ETF,159682.SZ,35.57,0.426,2.413,Yes
539,Fullgoal Shenzhen Securities 50 ETF,159350.SZ,21.35,0.27,1.494,Yes
540,"Bank of Suzhou Co., Ltd.",002966.SZ,17.4,0.224,0.119,Yes
541,Bosera CSI GX Cntrl-SOEs Mdrn Enrgy ETF,561790.SS,11.37,0.15,0.435,Yes
542,BOCOM Schroders CSI SSH Tech 50 Cstm ETF,517950.SS,31.78,0.387,1.876,Yes
543,WL ChiNext Large-Cap ETF,159814.SZ,35.31,0.424,2.383,Yes
544,"Shanghai Chlor-Alkali Chemical Co., Ltd.",900908.SS,15.89,0.206,0.539,Yes
545,Huaan ChiNext 50 ETF,159949.SZ,35.08,0.422,2.385,Yes
546,ICBCCS CSI 180 ESG ETF,510990.SS,10.48,0.139,0.836,Yes
547,China Universal CSI Ctrl-SOEs SH Rtn ETF,560070.SS,11.26,0.149,0.607,Yes
548,Harvest CSI Rare Earth Industry ETF,516150.SS,29.12,0.359,1.862,Yes
549,ChinaAMC MSCI China A ETF Fund,512990.SS,14.06,0.184,1.134,Yes
550,CMF ChiNext Large-Cap ETF,159991.SZ,37.4,0.448,2.545,Yes
551,ICBCCS SSE Central Enterprises 50 ETF,510060.SS,9.97,0.133,0.467,Yes
552,Harvest CSI GX Cntrl-SOEs Mdrn Enrgy ETF,562850.SS,11.39,0.151,0.455,Yes
553,"Bohai Leasing Co., Ltd.",000415.SZ,27.47,0.341,1.113,Yes
554,China Universal Asset Management Co. Ltd. - Csi New Energy Automobile Industry Index ETF,501058.SS,24.98,0.313,1.458,Yes
555,"Guangzhou Newlife New Material CO., LTD",301323.SZ,29.7,0.366,1.428,Yes
556,"MetaX Integrated Circuits (Shanghai) Co., Ltd.",688802.SS,46.15,0.537,1.204,Yes
557,Lingyi iTech (Guangdong) Company,002600.SZ,56.11,0.632,1.084,Yes
558,ICBCCS GD-HK-Mac Bay Area Innov 100 ETF,159976.SZ,13.86,0.182,1.058,Yes
559,Jp Morgan Asset Management (China) Co. Ltd - CSI A50 Index ETF,560350.SS,14.46,0.189,1.052,Yes
560,"Cofco Sugar Holding CO.,LTD.",600737.SS,41.74,0.494,1.786,Yes
561,"Zhejiang Yunzhongma Co.,Ltd.",603130.SS,34.22,0.417,1.591,Yes
562,China Southern MSCI ChinaA Inclusion ETF,512160.SS,14.25,0.187,1.162,Yes
563,"Techshine Electronics Co.,Ltd.",301379.SZ,43.04,0.51,1.739,Yes
564,GF CSI SHS Technical Lead ETF,517350.SS,21.73,0.278,1.397,Yes
565,"Aegon Industrial Fund Management Co., Ltd - Herun Mixed ETF",163406.SZ,23.09,0.295,1.529,Yes
566,FS China CSI A100 Enhanced Index (LOF),164508.SZ,14.61,0.193,1.002,Yes
567,CCB Principal SSE STAR 200 ETF,589820.SS,42.71,0.508,3.349,Yes
568,"Baotou Huazi Industry Co., Ltd",600191.SS,30.55,0.379,1.001,Yes
569,E Fund MSCI China A ETF,512090.SS,14.23,0.188,1.165,Yes
570,Fullgoal CSI 300 ESG ETF,516830.SS,12.59,0.168,1.008,Yes
571,CPIC SZSE ChiNext Technology ETF,159777.SZ,33.67,0.414,2.366,Yes
572,Ping An HK HS China co ETF,159960.SZ,14.47,0.192,0.552,Yes
573,HitGen Inc.,688222.SS,44.29,0.525,1.949,Yes
574,CMF CSI A100 ETF,159631.SZ,13.37,0.178,1.064,Yes
575,"Giant Network Group Co., Ltd.",002558.SZ,53.01,0.612,1.747,Yes
576,"Shanghai Hajime Advanced Material Technology Co., Ltd.",301000.SZ,50.55,0.588,1.286,Yes
577,ChinaAMC CNI Free Cash Flow ETF,159201.SZ,15.49,0.205,0.357,Yes
578,China Universal CSI SHS Tech Lead ETF,159723.SZ,22.59,0.29,1.516,Yes
579,"Luxshare Precision Industry Co., Ltd.",002475.SZ,40.26,0.485,1.168,Yes
580,"WuXi AppTec Co., Ltd.",603259.SS,36.84,0.45,1.673,Yes
581,Hony Horizon CNI Prt-ownEnterLead100 ETF,159973.SZ,20.42,0.265,1.473,Yes
582,CMF MSCI ChinaA Inte Com ETF,515160.SS,13.4,0.179,1.105,Yes
583,CMF CSI 500 Enhanced Strategy ETF,561950.SS,18.76,0.246,1.512,Yes
584,ZYNP Corporation,002448.SZ,30.63,0.383,1.54,Yes
585,"Western Region Gold Co., Ltd.",601069.SS,53.9,0.623,1.076,Yes
586,GF CSI A100 ETF,512910.SS,14.69,0.196,1.159,Yes
587,CMF CSI Cloud&Big Data Theme ETF,159890.SZ,30.21,0.379,2.043,Yes
588,"DongGuan YuTong Optical Technology Co.,Ltd.",300790.SZ,44.81,0.534,2.076,Yes
589,"Gifore Agricultural Science & Technology Service Co.,Ltd",300022.SZ,26.81,0.341,0.875,Yes
590,Huatai-Pinebridge Fund Management Co Ltd - CSI A shares Index Exchange Traded Fund,563330.SS,16.42,0.218,1.319,Yes
591,Founder Fubon CSI300 ETF,515360.SS,13.97,0.187,1.134,Yes
592,"Shandong Dawn Polymer Co.,Ltd.",002838.SZ,40.01,0.486,1.981,Yes
593,Bosera Shanghai Secs 30Y Trsry Bd ETF,511130.SS,4.84,0.067,0.096,No
594,"Anker Innovations Technology Co., Ltd.",300866.SZ,36.33,0.448,1.248,Yes
595,E Fund CSI HK Secs Invest Theme ETF,513090.SS,26.37,0.337,1.559,Yes
596,"Sunway Co., Ltd.",603333.SS,46.64,0.555,1.079,Yes
597,"China Merchants Bank Co., Ltd.",600036.SS,14.81,0.198,0.201,Yes
598,"Tibet Duo Rui Pharmaceutical Co., Ltd.",301075.SZ,52.24,0.611,1.886,Yes
599,"Advanced Technology & Materials Co., Ltd.",000969.SZ,42.52,0.514,1.758,Yes
600,Hotland Innovation Asset Management Co. Lt. - Hotland Innovation Shenzhen Talent Affordable Rental H,180501.SZ,13.12,0.177,0.01,Yes
601,"Shenzhen Kedali Industry Co., Ltd.",002850.SZ,37.51,0.462,1.474,Yes
602,PengYang CSI Digital Economy ETF,560800.SS,33.41,0.419,2.004,Yes
603,E Fund CSI Cloud Computing&Big Data ETF,516510.SS,29.66,0.377,1.99,Yes
604,"Youngor Fashion Co., Ltd.",600177.SS,12.97,0.176,0.476,Yes
605,ChinaAMC SSE STAR AI ETF,589010.SS,42.7,0.518,3.381,Yes
606,"Nanjing Kangni Mechanical & Electrical Co.,Ltd",603111.SS,19.93,0.263,0.879,Yes
607,IGW CNI Oil And Gas ETF,159588.SZ,14.13,0.191,0.509,Yes
608,"Tongyi Carbon Neutral Technology (Xinjiang) Co., Ltd",600506.SS,47.9,0.572,0.999,Yes
609,"Guangdong Aofei Data Technology Co., Ltd.",300738.SZ,54.22,0.634,1.688,Yes
610,ICBCCS CSI GX Cntrl-SOEs Mdrn Enrgy ETF,561260.SS,10.99,0.151,0.47,Yes
611,SWS MU CSI Innovation 100 ETF,515200.SS,23.35,0.305,1.605,Yes
612,"Stanley Agriculture Group Co.,Ltd.",002588.SZ,21.57,0.283,0.519,Yes
613,E Fund CSI All Shr Hlth Cr Dvc ETF,159051.SZ,14.41,0.195,0.618,No
614,"Innovative Medical Management Co.,Ltd.",002173.SZ,46.23,0.557,1.747,Yes
615,Hwabao WP ChiNext Composite Enh Strt ETF,159292.SZ,20.3,0.268,1.855,Yes
616,ChinaAMC ChiNext ETF,159957.SZ,29.46,0.377,2.149,Yes
617,ChinaAMC CSI cloud computing and big data theme ETF,516630.SS,29.56,0.378,2.002,Yes
618,China Universal CSI HKC Mdc Trtm Thm ETF,526010.SS,26.17,0.339,0.056,Yes
619,"Zhejiang Hongchang Electrical Technology Co., Ltd.",301008.SZ,43.65,0.532,0.389,Yes
620,"Kingfa Sci. & Tech. Co., Ltd.",600143.SS,32.97,0.417,1.258,Yes
621,CCB Principal ChiNext ETF,159956.SZ,30.09,0.386,2.205,Yes
622,Rongtong ChiNext ETF,159808.SZ,29.8,0.383,2.191,Yes
623,ICBCCS CNI 2000 ETF,159543.SZ,22.07,0.292,1.596,Yes
624,Bosera ChiNext ETF,159908.SZ,29.51,0.38,2.173,Yes
625,"AMSKY Technology Co., Ltd",300521.SZ,35.71,0.45,1.163,Yes
626,HuaAn CSI 300 Index Enhanced ETF,561000.SS,12.73,0.175,1.031,Yes
627,Yinhua CSI Virtual Reality ETF,159786.SZ,25.96,0.339,1.515,Yes
628,"Wuxi Hongsheng Heat Exchanger Manufacturing Co., Ltd.",603090.SS,49.3,0.593,2.058,Yes
629,Fullgoal CSI 500 ETF,159500.SZ,23.31,0.308,2.135,Yes
630,"Zhejiang Zoenn Design Co., Ltd.",300901.SZ,40.19,0.499,1.22,Yes
631,PetroChina Company Limited,601857.SS,24.01,0.317,0.189,No
632,ICBCCS ChiNext ETF,159958.SZ,30.2,0.389,2.23,Yes
633,Yinhua CSI 800 Enhanced Strategy ETF,159517.SZ,13.91,0.191,1.167,Yes
634,MotoMotion China Corporation,301061.SZ,35.68,0.452,0.395,Yes
635,"Shanghai Highly (Group) Co., Ltd.",600619.SS,56.85,0.67,2.996,Yes
636,ChinaAMC CSI SHS 500 ETF,517170.SS,13.09,0.181,1.017,Yes
637,GF SSE STAR 200 ETF,588140.SS,43.25,0.533,3.403,Yes
638,"Rendong Holdings Co., Ltd.",002647.SZ,55.04,0.654,2.161,Yes
639,Henan Shenhuo Coal Industry and Electricity Power Co. Ltd,000933.SZ,32.79,0.42,1.261,Yes
640,"Bank of Chongqing Co., Ltd.",601963.SS,20.79,0.279,0.217,Yes
641,E Fund CSI Yangtze River Protection ETF,517330.SS,13.66,0.189,1.128,Yes
642,ChinaAMC Hang Seng Index ETF-QDII,159920.SZ,15.09,0.207,0.688,Yes
643,GF ChiNext ETF,159952.SZ,29.78,0.387,2.218,Yes
644,CMF CSI Satellite Industry ETF,159218.SZ,44.56,0.55,2.68,Yes
645,"Quectel Wireless Solutions Co., Ltd.",603236.SS,43.94,0.544,1.404,Yes
646,"General Elevator Co., Ltd",300931.SZ,40.17,0.504,1.699,Yes
647,"Joinn Laboratories(China)Co.,Ltd.",603127.SS,46.28,0.569,1.898,Yes
648,Fullgoal CSI 2000 ETF,563200.SS,20.52,0.277,1.487,Yes
649,"Hengbo Holdings Co.,Ltd.",301225.SZ,54.89,0.657,1.594,Yes
650,China Life AMP CSI 500 ETF,510560.SS,20.58,0.278,1.651,Yes
651,"Qinghai Salt Lake Industry Co.,Ltd",000792.SZ,24.64,0.328,1.463,Yes
652,China Universal CSI 800 Value ETF,560030.SS,10.19,0.144,0.587,Yes
653,"Huangshan Novel Co.,Ltd",002014.SZ,17.11,0.235,0.797,Yes
654,E Fund ChiNext ETF,159915.SZ,30.17,0.394,2.262,Yes
655,E Fund CNI Robot Industry ETF,159530.SZ,23.96,0.321,1.607,Yes
656,Pan Asian Microvent Tech (Jiangsu) Corporation,688386.SS,40.75,0.513,1.978,Yes
657,Harvest ChiNext Enhanced Exchange Traded Fund,159675.SZ,29.56,0.387,2.197,Yes
658,Sinotrans Limited,601598.SS,23.36,0.313,0.43,Yes
659,CPIC CSI300 ETF,515660.SS,12.81,0.179,1.089,Yes
660,"Asia-potash International Investment (Guangzhou)Co.,Ltd.",000893.SZ,28.63,0.377,0.279,Yes
661,"Chengdu Haoneng Technology Co., Ltd.",603809.SS,33.29,0.431,0.649,Yes
662,"Jiangnan Mould & Plastic Technology Co., Ltd.",000700.SZ,37.35,0.477,1.704,Yes
663,"FIYTA Precision Technology Co., Ltd.",000026.SZ,36.54,0.468,1.425,Yes
664,"Shenzhen Best of Best Holdings Co.,Ltd.",001298.SZ,47.69,0.589,1.567,Yes
665,ICBCCS CSI 300 ETF,510350.SS,12.87,0.181,1.103,Yes
666,"HARBIN GLORIA PHARMACEUTICALS Co., LTD",002437.SZ,38.74,0.493,0.949,Yes
667,"Yangzhou Seashine New Materials Co., Ltd.",300885.SZ,48.21,0.595,1.189,Yes
668,Fullgoal SSE STAR 200 ETF,589780.SS,41.66,0.526,3.323,Yes
669,China Universal CSI SHS Cloud Comput ETF,159273.SZ,16.02,0.223,1.267,Yes
670,"Lianhe Chemical Technology Co.,Ltd.",002250.SZ,33.4,0.435,1.012,Yes
671,China Southern CSI 500 Enhanced Strategy ETF,560100.SS,18.9,0.26,1.57,Yes
672,Ping An ChiNext ETF,159964.SZ,31.09,0.409,2.351,Yes
673,"Zhejiang Jasan Holding Group Co., Ltd.",603558.SS,24.29,0.328,0.386,Yes
674,"Antong Holdings Co., Ltd.",600179.SS,24.32,0.329,1.035,Yes
675,Huaan Shanghai SSE180 Index Fund,510180.SS,11.22,0.16,0.98,Yes
676,GF CSI 2000 ETF,560220.SS,19.87,0.274,1.47,Yes
677,China Southern ChiNext ETF,159948.SZ,30.43,0.404,2.32,Yes
678,Penghua CSI500 ETF,159982.SZ,20.08,0.277,1.659,Yes
679,"Jiangyin Electrical Alloy Co.,Ltd",300697.SZ,42.69,0.543,1.406,Yes
680,E Fund CSI SOEs OBOR ETF,515110.SS,12.04,0.172,0.928,Yes
681,China Southern S&P CNA LC Vol Div 50 ETF,515450.SS,10.24,0.147,0.278,Yes
682,"Nanjing Xinlian Electronics Co., Ltd",002546.SZ,28.99,0.387,1.12,Yes
683,SPDB ChiNext ETF,159810.SZ,29.47,0.394,2.258,Yes
684,"Hainan Jinpan Smart Technology Co., Ltd.",688676.SS,49.95,0.622,2.226,Yes
685,Bosera CSI Smallcap 500 Index Exchange Traded Fund,159968.SZ,20.22,0.28,1.675,Yes
686,Winnovation Culturaltainment Development Limited,000620.SZ,45.51,0.576,1.448,Yes
687,China Southern Hangsheng Index ETF,513600.SS,15.35,0.217,0.733,Yes
688,"LUSTER LightTech Co., LTD.",688400.SS,53.62,0.661,2.538,Yes
689,"Hangzhou Greatstar Industrial Co., Ltd",002444.SZ,25.1,0.342,1.276,Yes
690,"Hangzhou Heshun Technology Co.,LTD.",301237.SZ,38.96,0.505,1.587,Yes
691,DaCheng CSI Construction Machinery ETF,159542.SZ,16.44,0.232,0.984,Yes
692,Huatai-PB CSI 500 ETF,512510.SS,20.29,0.282,1.69,Yes
693,"Hunan Airbluer Environmental Protection Technology Co., Ltd.",301259.SZ,55.63,0.683,1.109,Yes
694,"Shenzhen Injoinic Technology Co.,Ltd.",688209.SS,40.5,0.523,1.812,Yes
695,MinSheng CSI 300 ETF,515350.SS,12.35,0.178,1.086,Yes
696,"Shanghai Zhenhua Heavy Industries Co., Ltd.",900947.SS,11.69,0.169,0.678,Yes
697,ICBCCS SSE STAR 200 ETF,589200.SS,37.45,0.49,3.097,Yes
698,"Shenzhen Cheng Chung Design Co., Ltd.",002811.SZ,32.86,0.438,0.916,Yes
699,Fullgoal CSI SOE Reform ETF,159528.SZ,13.43,0.193,1.136,Yes
700,TianHong Chinext 300 ETF,159836.SZ,27.99,0.38,2.229,Yes
701,Harvest CSI Chemicals Sub-industry ETF,159129.SZ,25.23,0.346,1.914,Yes
702,"Jiangsu Hongtian Technology Co.,Ltd.",603800.SS,52.29,0.653,2.466,Yes
703,"Elec-Tech International Co., Ltd.",002005.SZ,30.12,0.407,0.799,Yes
704,China Southern Hang Seng ETF Feeder Fund,501302.SS,14.86,0.213,0.72,Yes
705,Shanghai Huayi Group Corporation Limited,900909.SS,15.16,0.217,0.786,Yes
706,"Sichuan Jinshi Technology Co.,Ltd",002951.SZ,56.14,0.694,0.696,Yes
707,Penghua CSI Industrial Intrnt Thmtc ETF,159778.SZ,23.21,0.322,1.721,Yes
708,"Shandong Link Science and Technology Co.,Ltd.",001207.SZ,24.23,0.335,0.492,Yes
709,"Bestechnic (Shanghai) Co., Ltd.",688608.SS,37.15,0.49,1.03,Yes
710,"GUILIN FUDA Co.,Ltd.",603166.SS,36.91,0.487,1.276,Yes
711,Ping An HS300 ETF,510390.SS,13.1,0.189,1.152,Yes
712,Yinhua CSI 1000 Enhance policies ETF,159677.SZ,18.46,0.261,1.496,Yes
713,"Keystone Electrical (Zhejiang) Co.,Ltd.",301448.SZ,43.69,0.564,1.703,Yes
714,Xiamen Hongxin Electronics Technology Group Inc.,300657.SZ,49.4,0.626,2.075,Yes
715,"Huizhou Speed Wireless Technology Co.,Ltd.",300322.SZ,57.03,0.705,2.217,Yes
716,China Universal CSI Y-Rivdel int dev ETF,512650.SS,15.49,0.223,1.314,Yes
717,HuaAn CSI Digital Economy Index ETF,159658.SZ,30.63,0.416,2.046,Yes
718,ICBCCS CSI 500 ETF,510530.SS,19.56,0.277,1.647,Yes
719,Bosera SSE 50 ETF,510710.SS,10.85,0.159,0.931,Yes
720,China Southern CSI Yangtze Rivr Prtc ETF,517160.SS,13.32,0.193,1.142,Yes
721,"Haoxiangni Health Food Co.,Ltd.",002582.SZ,40.42,0.53,1.191,Yes
722,CMF SSE HK ETF,513990.SS,16.18,0.233,0.888,Yes
723,"Hongrun Construction Group Co., Ltd.",002062.SZ,37.19,0.494,1.766,Yes
724,"Great-Sun Foods Co., Ltd.",603336.SS,36.87,0.491,0.979,Yes
725,"Shanghai Highly (Group) Co., Ltd.",900910.SS,45.69,0.59,1.848,Yes
726,Guotai SSE 180 Financial ETF,510230.SS,12.8,0.187,0.624,Yes
727,Changjiang Securities Company Limited,000783.SZ,28.99,0.397,2.152,Yes
728,"Fortior Technology (Shenzhen) Co., Ltd.",688279.SS,43.57,0.567,2.088,Yes
729,AVIC Chengdu Aircraft Company Limited,302132.SZ,27.06,0.374,0.79,Yes
730,China Universal CSI 500 Enhnc Strtgy ETF,560950.SS,16.2,0.234,1.433,Yes
731,"Xinfengming Group Co., Ltd.",603225.SS,28.44,0.391,1.531,Yes
732,"Jiangsu Hengli Hydraulic Co.,Ltd",601100.SS,26.56,0.368,1.331,Yes
733,"Datang Huayin Electric Power Co.,Ltd",600744.SS,39.86,0.527,0.762,Yes
734,"Fujian Funeng Co., Ltd.",600483.SS,15.75,0.228,0.121,Yes
735,"Zhejiang Busen Garments Co., Ltd.",002569.SZ,41.23,0.544,0.292,Yes
736,Harvest CSI 2000 ETF,159535.SZ,19.4,0.278,1.536,Yes
737,BOC Intl ChiNext ETF,159821.SZ,30.57,0.419,2.396,Yes
738,"Bohai Ferry Group Co., Ltd.",603167.SS,17.17,0.248,0.401,Yes
739,"Anhui Zhongding Sealing Parts Co., Ltd.",000887.SZ,36.25,0.488,1.641,Yes
740,Maxwealth CNI Free Cash Flow ETF,159223.SZ,15.59,0.227,0.265,Yes
741,"Wetown Electric Group Co., Ltd.",688226.SS,51.43,0.659,2.002,Yes
742,China Life AMP CSI 300 ETF,510380.SS,12.46,0.184,1.111,Yes
743,Hanwei Electronics Group Corporation,300007.SZ,46.59,0.608,1.415,Yes
744,SWS MU CSI 300 Value Index ETF,560330.SS,9.58,0.144,0.496,Yes
745,"Hunan Huasheng CO.,Ltd",600156.SS,39.75,0.532,1.546,Yes
746,"Argus (Shanghai) Textile Chemicals Co.,Ltd.",603790.SS,36.71,0.497,0.677,Yes
747,"Shanghai Yanpu Metal Products Co.,Ltd",605128.SS,29.43,0.409,1.627,Yes
748,Sinolink Railway Construction Chongqing Yusui Expressway Closed Infrastructure Securities REIT,508008.SS,6.58,0.1,0.135,Yes
749,TianHong CSI Chemicals Sub-industry ETF,159133.SZ,24.87,0.352,1.937,Yes
750,Shandong Molong Petroleum Machinery Company Limited,002490.SZ,52.75,0.678,0.234,Yes
751,E Fund CSI A100ETF,159686.SZ,12.39,0.185,1.096,Yes
752,"Wuhan Guide Infrared Co., Ltd.",002414.SZ,31.32,0.434,1.821,Yes
753,"SEC Electric Machinery Co., Ltd.",603988.SS,54.5,0.697,1.51,Yes
754,China Asset Management Company - Huaxia Shenzhen International Warehousing,180302.SZ,8.83,0.134,0.169,Yes
755,DaCheng SZ Exch Compnt ETF,159943.SZ,17.88,0.261,1.564,Yes
756,"Jiangsu Feymer Technology Co., Ltd.",688350.SS,29.29,0.41,1.431,Yes
757,"China Northern Rare Earth (Group) High-Tech Co.,Ltd",600111.SS,39.76,0.536,2.306,Yes
758,"Anhui Deli Household Glass Co., Ltd.",002571.SZ,34.13,0.469,0.694,Yes
759,BOC SSE State-owned Enterprises 100 ETF,510270.SS,9.21,0.14,0.677,Yes
760,"Shanghai Smith Adhesive New Material Co.,Ltd",603683.SS,44.29,0.588,1.471,Yes
761,"HAND Enterprise Solutions Co., Ltd.",300170.SZ,43.79,0.583,1.458,Yes
762,ChinaAMC CSI Smrt Slt 300 Vl Std Str ETF,159510.SZ,11.98,0.18,0.843,Yes
763,Ping An CSI 500 ETF,510590.SS,18.85,0.276,1.626,Yes
764,Aluminum Corporation of China Limited,601600.SS,29.2,0.41,1.173,Yes
765,E Fund CSI SH-HK-SZ ETF,517010.SS,14.56,0.217,1.161,Yes
766,China Universal CSI 800 ETF,515800.SS,13.79,0.206,1.274,Yes
767,"Hefei Gocom Information Technology Co.,Ltd.",688367.SS,33.81,0.468,1.133,Yes
768,"Beijing ZZNode Technologies Co., Ltd.",003007.SZ,23.37,0.337,0.818,Yes
769,Founder Fubon CSI SHS AI 50 ETF,517800.SS,24.39,0.351,1.905,Yes
770,Huatai-PB MSCI China A GJT ETF,512520.SS,12.11,0.183,1.131,Yes
771,"Jiangsu Jiangyin Rural Commercial Bank Co.,LTD.",002807.SZ,12.95,0.195,0.434,Yes
772,Sunwave Communications Co.Ltd,002115.SZ,37.0,0.509,1.764,Yes
773,E Fund CSI Petrochemical Industry ETF,516570.SS,15.01,0.225,1.108,Yes
774,Fullgoal CSI A100 Index ETF,561180.SS,12.28,0.186,1.105,Yes
775,"Kuang-Chi Technologies Co., Ltd.",002625.SZ,53.06,0.694,1.774,Yes
776,DaCheng A100 ETF,159923.SZ,12.28,0.187,1.115,Yes
777,Bosera CSI 300 ETF,515130.SS,13.29,0.201,1.215,Yes
778,"Hangzhou Huning Elevator Parts Co., Ltd.",300669.SZ,32.91,0.463,1.491,Yes
779,"Zhe Jiang Kangsheng Co.,Ltd.",002418.SZ,37.4,0.518,1.798,Yes
780,"Shenzhen Special Economic Zone Real Estate & Properties (Group) Co., Ltd.",000029.SZ,38.85,0.535,2.321,Yes
781,Guotai CSI500 ETF,561350.SS,18.64,0.277,1.65,Yes
782,"ZJBC Information Technology Co., Ltd",000889.SZ,43.89,0.595,0.74,Yes
783,Tai Kang CSI 300 ETF,515380.SS,12.87,0.196,1.184,Yes
784,CCB Principal CSI300 Dividend ETF,512530.SS,11.31,0.173,0.355,Yes
785,"E Fund Management Co., Ltd - E Fund Sse 580 ETF",530100.SS,26.9,0.388,2.518,Yes
786,TianHong CSI 500 ETF,159820.SZ,18.59,0.277,1.649,Yes
787,"Shanghai Sinotec Co., Ltd.",603121.SS,44.21,0.6,1.239,Yes
788,"Sichuan Chuanhuan Technology Co.,Ltd.",300547.SZ,44.91,0.608,2.133,Yes
789,Guolian CCTV 50 ETF,159965.SZ,9.33,0.145,0.838,Yes
790,"Primarius Technologies Co., Ltd.",688206.SS,39.77,0.549,2.324,Yes
791,Hwabao WP CSI 300 Enhanced Strategy ETF,562070.SS,8.33,0.13,0.704,Yes
792,ChinaAMC CSI Smart Selected 500 Growth Innovation Index ETF,159620.SZ,17.47,0.262,1.505,Yes
793,ICBCCS SSE 50 ETF,510850.SS,10.62,0.164,0.954,Yes
794,"Nanjing Iron & Steel Co., Ltd.",600282.SS,17.78,0.267,0.788,Yes
795,"Sichuan Kelun Pharmaceutical Co., Ltd.",002422.SZ,19.03,0.284,0.225,Yes
796,"ZheJiang AoKang Shoes Co.,Ltd.",603001.SS,44.71,0.608,1.586,Yes
797,"Hunan Friendship&Apollo Commercial Co.,Ltd.",002277.SZ,47.44,0.64,1.591,Yes
798,"Shenzhen Riland Industry Group Co., Ltd",300154.SZ,42.07,0.578,1.265,Yes
799,"Shijiazhuang Shangtai Technology Co., Ltd.",001301.SZ,37.1,0.519,2.033,Yes
800,SSE Composite Index,000001.SS,10.13,0.157,1.0,Yes
801,Guolian CSI500 ETF,515550.SS,17.73,0.267,1.512,Yes
802,Penghua CSI 300 ETF,159673.SZ,12.5,0.192,1.169,Yes
803,"Ligeance Aerospace Technology Co.,Ltd.",000697.SZ,31.78,0.454,1.461,Yes
804,"Shenzhen Chuangyitong Technology Co., Ltd.",300991.SZ,47.79,0.646,2.088,Yes
805,China Universal SHS Zhangjiang 50 ETF,517850.SS,24.07,0.354,1.536,Yes
806,GF CSI Central-SOEs Innov Drv ETF,515600.SS,9.58,0.149,0.837,Yes
807,"GF Securities Co., Ltd.",000776.SZ,24.59,0.361,1.818,Yes
808,GF CSI 300 ETF,510360.SS,12.36,0.191,1.157,Yes
809,"GuangDong GenSho Logistics Co.,LTD",603813.SS,46.05,0.629,1.698,Yes
810,Harvest FuShi China A50 ETF,512550.SS,12.21,0.189,1.024,Yes
811,GF CSI Hong Kong Brand Nm Drug ETF(QDII),513120.SS,24.32,0.359,1.258,Yes
812,ChinaAMC SZSE ChiNext AI ETF,159381.SZ,48.86,0.662,3.445,Yes
813,Orient Secs Ruifeng Dyn Asset Alloc(LOF),169101.SZ,24.42,0.361,1.713,Yes
814,Tai Kang CSI 500 ETF,515530.SS,18.0,0.273,1.613,Yes
815,"Huaxin Building Materials Group Co., Ltd.",600801.SS,34.12,0.487,0.842,Yes
816,"Zhejiang EV-Tech Co.,Ltd.",301607.SZ,34.94,0.497,2.81,Yes
817,China Southern CSI 2000 ETF,159531.SZ,19.3,0.292,1.6,Yes
818,Hwabao WP SSE 180 Value ETF,510030.SS,10.51,0.165,0.43,Yes
819,Gan & Lee Pharmaceuticals.,603087.SS,26.55,0.39,1.149,Yes
820,"Hongfa Technology Co., Ltd.",600885.SS,20.43,0.308,1.285,Yes
821,Changzhou Nrb Corporation,002708.SZ,34.73,0.496,1.371,Yes
822,"Shenzhen Pacific Union Precision Manufacturing Co., Ltd.",688210.SS,47.85,0.653,1.798,Yes
823,"Jiayou International Logistics Co.,Ltd",603871.SS,27.13,0.399,0.953,Yes
824,"Xi'an Manareco New Materials Co.,Ltd",688550.SS,33.76,0.484,1.604,Yes
825,"Shanghai Anoky Group Co., Ltd",300067.SZ,53.28,0.715,2.976,Yes
826,China Universal CSI A100 ETF,159630.SZ,12.45,0.194,1.153,Yes
827,Bosera CSI Dividend ETF,515890.SS,9.71,0.153,0.486,Yes
828,"Bank of Changsha Co., Ltd.",601577.SS,13.27,0.206,0.462,Yes
829,"Anhui Xinke New Materials Co.,Ltd",600255.SS,27.65,0.406,1.177,Yes
830,"Wuhan Xingtu Xinke Electronics Co.,Ltd.",688081.SS,43.6,0.606,1.987,Yes
831,ChinaAMC CSI Smart Selected 1000 Growth Innovation Index ETF,562520.SS,17.61,0.269,1.539,Yes
832,"China Zheshang Bank Co., Ltd",601916.SS,11.48,0.18,0.097,Yes
833,"BeijingABT Networks Co.,Ltd.",688168.SS,45.86,0.632,1.964,Yes
834,"Aurora Optoelectronics Co.,Ltd.",600666.SS,39.83,0.561,0.266,Yes
835,"Hainan Mining Co., Ltd.",601969.SS,22.6,0.339,1.213,Yes
836,"Nanjing Wondux Environmental Protection Technology Corp., Ltd.",688178.SS,29.54,0.432,0.954,Yes
837,"Fujian Septwolves Industry Co., Ltd.",002029.SZ,21.81,0.328,1.018,Yes
838,"Zhejiang Jiaao Enprotech Stock Co., Ltd",603822.SS,49.92,0.681,1.907,Yes
839,Harvest CSI Central-SOEs Innov Drv ETF,515680.SS,9.24,0.147,0.821,Yes
840,"Lubair Aviation Technology Co., Ltd.",001316.SZ,26.53,0.393,1.086,Yes
841,ChinaAMC China Secs 500 ETF,512500.SS,18.26,0.279,1.655,Yes
842,China Southern CSI 300 ESG Benchmark ETF,560180.SS,10.85,0.171,1.031,Yes
843,GF CSI 500 ETF,510510.SS,18.83,0.289,1.736,Yes
844,"Donglai Coating Technology (Shanghai) Co., Ltd.",688129.SS,24.29,0.365,1.179,Yes
845,ChinaAMC CSI petrochemical industry ETF,159731.SZ,14.43,0.226,1.121,Yes
846,Guotai CSI 1000 Enhanced Strategy ETF,159679.SZ,17.22,0.266,1.566,Yes
847,"Jiangsu JieJie Microelectronics Co., Ltd.",300623.SZ,53.5,0.727,2.206,Yes
848,TianHong CSI 300 ETF,515330.SS,12.19,0.193,1.173,Yes
849,"Hybio Pharmaceutical Co., Ltd.",300199.SZ,35.73,0.516,2.105,Yes
850,"Dizal (Jiangsu) Pharmaceutical Co., Ltd.",688192.SS,32.0,0.468,0.576,Yes
851,GF Selected Allocation 2-year Closed Operation Mixed Fund of Funds,501212.SS,7.02,0.113,0.638,Yes
852,"Guangdong Dowstone Technology Co., Ltd.",300409.SZ,39.11,0.558,2.202,Yes
853,"Nantong JiangTian Chemical Co., Ltd.",300927.SZ,47.97,0.665,2.199,Yes
854,ChinaAMC SSE 580 ETF,530530.SS,23.09,0.35,2.431,Yes
855,China Universal CNI FCF ETF,159276.SZ,14.96,0.234,0.275,Yes
856,"CITIC Metal Co., Ltd",601061.SS,24.63,0.371,1.196,Yes
857,"Hunan Aerospace Huanyu Communication Technology Co.,LTD.",688523.SS,41.04,0.582,1.452,Yes
858,CMF CSI 300 Enhanced Strategy ETF,561990.SS,11.61,0.184,1.125,Yes
859,"Longyan Kaolin Clay Co., Ltd.",605086.SS,42.55,0.601,1.326,Yes
860,SinoSun Technology Co. Ltd.,300333.SZ,44.17,0.621,1.681,Yes
861,Chengdu Olymvax Biopharmaceuticals Inc.,688319.SS,44.88,0.63,1.935,Yes
862,China Southern SZSE Component Index ETF,159903.SZ,16.73,0.261,1.557,Yes
863,"Suzhou Keda Technology Co.,Ltd",603660.SS,40.59,0.579,1.522,Yes
864,"YONFER Agricultural Technology Co., Ltd.",000902.SZ,17.03,0.265,0.502,Yes
865,"Zhejiang Zhengte Co., Ltd.",001238.SZ,25.59,0.386,1.368,Yes
866,ChinaAMC China SME 100 ETF,159902.SZ,15.82,0.248,1.448,Yes
867,Ping An GD-HK-Mac Bay Dev Theme ETF,512970.SS,14.95,0.235,1.322,Yes
868,Penghua CSI 1000 Enhanced Strategy ETF,560590.SS,18.81,0.292,1.729,Yes
869,ChinaAMC CSI 300 Exchange Traded Fund,510330.SS,12.46,0.198,1.197,Yes
870,Fullgoal CSI SOEs OBOR ETF,515150.SS,11.73,0.187,1.02,Yes
871,Caitong Fusheng Multi-strategy Mixed Launched Fund (LOF),501032.SS,32.75,0.482,1.864,Yes
872,"Shenzhen Special Economic Zone Real Estate & Properties (Group) Co., Ltd.",200029.SZ,26.5,0.399,1.452,Yes
873,"Shanghai V-Test Semiconductor Tech. Co., Ltd.",688372.SS,44.19,0.625,2.53,Yes
874,"Fujian Longxi Bearing (Group) Co., Ltd",600592.SS,33.16,0.487,1.068,Yes
875,"Zhejiang Dehong Automotive Electronic & Electrical Co., Ltd.",603701.SS,21.72,0.333,1.057,Yes
876,Ningbo PIA Automation Holding Corp.,688306.SS,28.82,0.431,1.483,Yes
877,"Beijing Relpow Technology Co., Ltd",300593.SZ,40.86,0.585,2.351,Yes
878,Huatai-PB CSI 2000 ETF,563300.SS,18.69,0.291,1.572,Yes
879,"Beijing Aerospace Shenzhou Intelligent Equipment Technology Co., Ltd.",300455.SZ,33.3,0.49,1.803,Yes
880,"Hailun Piano Co.,Ltd.",300329.SZ,36.76,0.535,1.958,Yes
881,"Genew Technologies Co.,Ltd.",688418.SS,40.7,0.584,1.822,Yes
882,Wanjia CSI 300 Growth ETF,159656.SZ,16.08,0.253,1.451,Yes
883,"MeiG Smart Technology Co., Ltd",002881.SZ,38.53,0.557,1.088,Yes
884,Fullgoal CSI National Brands Project of Xinhua Index ETF,561130.SS,14.8,0.234,1.323,Yes
885,CMF SZSE 100 ETF,159975.SZ,15.99,0.252,1.451,Yes
886,GF CSI Household Appliances ETF,560880.SS,13.13,0.209,1.181,Yes
887,Yinhua CSI 300 Value ETF,562320.SS,10.32,0.167,0.605,Yes
888,China Southern HS China Enterprises ETF,159954.SZ,14.69,0.233,0.698,Yes
889,Harvest CSI 300 ETF,159919.SZ,12.39,0.198,1.2,Yes
890,"Shenzhen Strongteam Decoration Engineering Co., Ltd.",002989.SZ,38.46,0.558,2.037,Yes
891,"Shanghai Pudong Development Bank Co., Ltd.",600000.SS,17.64,0.277,0.222,Yes
892,Huatai-PB CSI Div Volat ETF,512890.SS,9.14,0.148,0.245,Yes
893,BOCOM Schroders SSE 180 Corporate Governance ETF Securities Investment Fund,510010.SS,8.57,0.14,0.586,Yes
894,"Guangdong Ellington Electronics Technology Co.,Ltd",603328.SS,22.33,0.345,1.447,Yes
895,China Southern CSI 500 Index ETF,510500.SS,18.16,0.285,1.707,Yes
896,"Guangdong Mingzhu Group Co.,Ltd",600382.SS,23.07,0.355,1.084,Yes
897,"Xiamen Solex High-tech Industries Co., Ltd.",603992.SS,29.45,0.443,1.049,Yes
898,"Xinjiang Sailing Information Technology Co., Ltd.",300588.SZ,35.88,0.528,1.572,Yes
899,Yinhua China A ETF,512380.SS,11.31,0.183,1.134,Yes
900,ChinaAMC CSI 500 Free Cash Flow ETF,560120.SS,18.12,0.285,0.579,Yes
901,"Hualan Group Co., Ltd.",301027.SZ,36.08,0.531,0.354,Yes
902,Huatai-PB CSI 300 ETF,510300.SS,12.35,0.199,1.203,Yes
903,"Shenzhen Textile (Holdings) Co., Ltd.",200045.SZ,13.18,0.212,0.26,Yes
904,"China Security Co., Ltd.",600654.SS,28.71,0.435,0.953,Yes
905,"China Hi-Tech Group Co., Ltd.",600730.SS,38.83,0.568,1.093,Yes
906,China Southern SSE 380 Index ETF,510290.SS,14.77,0.237,1.416,Yes
907,Wanjia CNI 2000 ETF,159628.SZ,18.14,0.287,1.619,Yes
908,Chengdu Xiling Power Science & Technology Incorporated Company,300733.SZ,22.2,0.346,0.722,Yes
909,Bright Oceans Inter-Telecom Corporation,600289.SS,55.8,0.773,0.4,Yes
910,"Zhejiang Tongxing Technology CO., Ltd.",301252.SZ,35.45,0.526,1.819,Yes
911,"China Fund Management Co., Ltd.- China Fund State Power New Energy Close Fund",508028.SS,7.32,0.121,0.033,Yes
912,Founder Fubon SZSE 100 ETF,159961.SZ,15.62,0.25,1.44,Yes
913,CMF CSI 300 ESG ETF,561900.SS,10.34,0.169,1.026,Yes
914,"Guangdong Weide Information Technology CO,.Ltd.",688171.SS,33.84,0.505,1.793,Yes
915,Founder Fubon CSI 500 ETF,510550.SS,17.54,0.279,1.678,Yes
916,"Nanfang Pump Industry Co., Ltd.",300145.SZ,28.29,0.432,1.904,Yes
917,Wanjia SSE 50 Index ETF,510680.SS,9.75,0.16,0.931,Yes
918,Guotai MSCI China A ESG Universal ETF,159621.SZ,10.24,0.168,1.017,Yes
919,Harvest CSI Robot ETF,159526.SZ,20.44,0.322,1.642,Yes
920,"JL Mag Rare-Earth Co., Ltd.",300748.SZ,37.65,0.556,2.568,Yes
921,"Jiangsu Suzhou Rural Commercial Bank Co., Ltd",603323.SS,12.21,0.199,0.385,Yes
922,"Xinjiang Wanjing Energy Co., Ltd.",002700.SZ,24.04,0.374,0.306,No
923,ChinaAMC CSI A100 Index ETF,159627.SZ,12.08,0.197,1.173,Yes
924,"Qingdao Weflo Valve Co., Ltd.",002871.SZ,46.49,0.667,2.438,Yes
925,Wanjia ChiNext Composite ETF,159541.SZ,22.64,0.354,2.105,Yes
926,CCB Principal MSCI China A ETF,512180.SS,10.9,0.179,1.107,Yes
927,JPM MSCI China A ETF,515770.SS,11.11,0.182,1.118,Yes
928,"Sichuan Fulin Transportation Group Co., Ltd.",002357.SZ,32.58,0.492,1.049,Yes
929,"Anhui Guofeng New Materials Co., Ltd.",000859.SZ,32.21,0.487,0.672,Yes
930,"Shanghai Yahong Moulding Co., Ltd.",603159.SS,29.46,0.45,0.869,Yes
931,Invesco Great Wall CSI 500 Exchange Traded Fund,159935.SZ,16.97,0.272,1.619,Yes
932,"Zhejiang Founder Motor Co., Ltd.",002196.SZ,31.47,0.478,1.221,Yes
933,E Fund Hang Seng China Enterprise Index ETF(QDII),510900.SS,13.6,0.221,0.69,Yes
934,"DeHua TB New Decoration Material Co.,Ltd",002043.SZ,19.19,0.306,0.718,Yes
935,CIB CSI 500 ETF,510570.SS,17.35,0.279,1.661,Yes
936,"Ningbo Yunsheng Co., Ltd.",600366.SS,35.57,0.533,2.3,Yes
937,"Shanxi Huaxiang Group Co., Ltd.",603112.SS,23.34,0.366,1.368,Yes
938,"Hunan Tyen Machinery Co.,Ltd",600698.SS,38.98,0.578,1.565,Yes
939,ChinaAMC CSI Inf Tch Aplc Invtn Idsy ETF,562570.SS,22.01,0.347,1.685,Yes
940,"Brite Semiconductor (Shanghai) Co., Ltd.",688691.SS,54.54,0.769,2.72,Yes
941,BOC Intl CSI 500 ETF,515190.SS,18.63,0.299,1.796,Yes
942,"Shanghai Feilo Acoustics Co.,Ltd",600651.SS,27.61,0.428,1.569,Yes
943,"CITIC Offshore Helicopter Co., Ltd.",000099.SZ,38.94,0.58,1.074,Yes
944,"Shandong Bailong Chuangyuan Bio-Tech Co., Ltd.",605016.SS,22.01,0.349,1.129,Yes
945,CMF HS SCHK High Div Low Vol ETF,520550.SS,11.53,0.191,0.01,Yes
946,China Universal CSI 300 ETF,515310.SS,11.9,0.196,1.191,Yes
947,"Anhui Wanyi Science and Technology Co.,Ltd.",688600.SS,37.16,0.557,2.151,Yes
948,"Joyware Electronics Co.,Ltd",300270.SZ,27.89,0.433,1.718,Yes
949,"Keli Sensing Technology (Ningbo) Co.,Ltd.",603662.SS,40.23,0.597,2.032,Yes
950,"ShenZhen Consys Science&Technology Co., Ltd.",688788.SS,55.31,0.781,2.361,Yes
951,"Suzhou Etron Technologies Co.,Ltd.",603380.SS,33.17,0.505,2.112,Yes
952,Wuxi Chipown Micro-electronics limited,688508.SS,36.96,0.556,2.256,Yes
953,Guotai CSI 2000 ETF,561370.SS,17.6,0.285,1.567,Yes
954,"HCR Co., Ltd",688500.SS,38.77,0.58,1.032,Yes
955,"Guangdong Chj Industry Co.,Ltd.",002345.SZ,30.39,0.469,0.913,Yes
956,"Kuaijishan Shaoxing Rice Wine Co., Ltd.",601579.SS,42.12,0.624,1.345,Yes
957,Huaan CSI 300 ETF,515390.SS,12.84,0.212,1.272,Yes
958,Bosera CSI Central-SOEs Innov Drv ETF,515900.SS,8.91,0.15,0.846,Yes
959,"Hunan Warrant Pharmaceutical Co.,Ltd",688799.SS,34.86,0.53,0.932,Yes
960,Hwabao WP S&P US Cosm Eq (QDII-LOF)CNH A,162415.SZ,10.78,0.18,0.37,Yes
961,"Jiangxi Guoke Defence Group Co.,Ltd.",688543.SS,25.38,0.4,1.089,Yes
962,Tibet Eastmoney ChiNext Composite Eh ETF,159290.SZ,21.19,0.34,2.059,Yes
963,E Fund CSI HK Connect China 100 ETF,159788.SZ,13.34,0.221,0.718,Yes
964,Huatai-Pinebridge Fund Management Co. Limited - CSI HK Connect High Dividend ETF,520890.SS,10.83,0.181,0.036,Yes
965,"Jinglv Environment Science and Technology Co., Ltd",001230.SZ,25.39,0.401,0.912,Yes
966,E Fund CSI Dividend ETF,515180.SS,9.29,0.157,0.491,Yes
967,Shenyu Communication Technology Inc.,300563.SZ,43.58,0.645,0.764,Yes
968,"Jiangxi Sanxin Medtec Co.,Ltd.",300453.SZ,17.67,0.288,0.905,Yes
969,"Jiangsu Leili Motor Co., Ltd",300660.SZ,30.74,0.477,1.543,Yes
970,First Seafront CSI 500 Equal Weight ETF,515590.SS,14.76,0.244,1.469,Yes
971,"Kinco Automation (Shanghai) Co.,Ltd",688160.SS,40.39,0.606,1.542,Yes
972,"Cofoe Medical Technology Co.,Ltd.",301087.SZ,19.03,0.309,1.147,Yes
973,"Hunan Yuneng New Energy Battery Material Co.,Ltd.",301358.SZ,44.08,0.653,1.923,Yes
974,ChinaAMC SZSE ChiNext 200 ETF,159573.SZ,22.97,0.368,1.998,Yes
975,ChinaAMC China 50 ETF,510050.SS,9.25,0.157,0.915,Yes
976,"Youon Technology Co.,Ltd",603776.SS,29.77,0.465,1.246,Yes
977,CPIC ESG 300ETF,159653.SZ,10.16,0.172,1.038,Yes
978,GF CSI Financial Real Easte ETF,159940.SZ,10.89,0.183,0.769,Yes
979,Jiangsu Expressway Company Limited,600377.SS,13.02,0.217,0.12,No
980,"Fujian Nebula Electronics Co., Ltd.",300648.SZ,34.97,0.537,1.899,Yes
981,E Fund SZSE100 ETF,159901.SZ,15.67,0.259,1.498,Yes
982,E Fund SZSE ChiNext 200 ETF,159572.SZ,22.96,0.369,2.013,Yes
983,"Henan Thinker Automatic Equipment Co.,Ltd.",603508.SS,25.33,0.404,0.917,Yes
984,Sensteed Hi-Tech Group,000981.SZ,47.38,0.7,1.241,Yes
985,"Zhejiang Fuchunjiang Environmental Thermoelectric Co., Ltd.",002479.SZ,17.39,0.287,0.124,Yes
986,China Southern CSI 300 Index ETF,159925.SZ,12.03,0.203,1.208,Yes
987,"ASR Microelectronics Co., Ltd.",688220.SS,47.35,0.701,2.21,Yes
988,"MCC Meili Cloud Computing Industry Investment Co., Ltd",000815.SZ,30.58,0.48,1.326,Yes
989,CMF CSI SEEE Carbon Neutral ETF,159641.SZ,12.56,0.212,1.138,Yes
990,"Shanghai Zhongzhou Special Alloy Materials Co., Ltd.",300963.SZ,46.54,0.691,1.216,Yes
991,CICC CSI Technology Pioneer ETF,560990.SS,16.64,0.276,1.422,Yes
992,China Universal CSI 2000 ETF,159536.SZ,16.86,0.279,1.472,Yes
993,Nanjing Gaoke Company Limited,600064.SS,14.11,0.237,0.753,Yes
994,ICBCCS CSI HKC HDY Select ETF,159691.SZ,10.82,0.184,0.36,Yes
995,China Southern CSI Well-off Ids Idx ETF,510160.SS,8.8,0.151,0.541,Yes
996,Invesco Great Wall Fund Management Co. Ltd. - Hong Kong Connect High Dividend Etf,520990.SS,10.73,0.183,0.183,Yes
997,"TangShan Port Group Co.,Ltd",601000.SS,17.23,0.286,0.136,No
998,China Universal SZSE 300 Price Index ETF,159912.SZ,16.7,0.278,1.667,Yes
999,"Shenzhen Noposion Crop Science Co., Ltd.",002215.SZ,23.36,0.379,1.283,Yes
1000,"Tieliu Co,.Ltd",603926.SS,35.81,0.555,1.852,Yes
1001,Huaan Fund Management - Huaan Bailian Consumption REIT Fund,508002.SS,13.72,0.231,0.013,No
1002,"China Southern Power Grid Energy Storage Co., Ltd.",600995.SS,16.63,0.277,0.722,Yes
1003,ChinaAMC CSI 300 ESG Index ETF,159791.SZ,10.67,0.183,1.095,Yes
1004,"Xiamen Amoytop Biotech Co., Ltd.",688278.SS,21.52,0.352,0.616,Yes
1005,GF CSI SEEE Carbon Neutral ETF,560550.SS,12.27,0.209,1.109,Yes
1006,"Sichuan Jiuzhou Electronic Co., Ltd.",000801.SZ,32.32,0.509,1.172,Yes
1007,Ping An MSCI China A ETF,512360.SS,10.16,0.175,1.074,Yes
1008,ChinaAMC CSI ZJ State-own Innov Dev ETF,515760.SS,10.62,0.182,1.039,Yes
1009,"COSCO SHIPPING Energy Transportation Co., Ltd.",600026.SS,25.03,0.405,0.562,Yes
1010,"Jinhua Chunguang Technology Co.,Ltd",603657.SS,39.11,0.602,1.798,Yes
1011,Huaan Shenzhen 100 ETF,159706.SZ,15.03,0.253,1.462,Yes
1012,Yinhua CSI Modern Logistics ETF,516530.SS,9.73,0.168,0.713,Yes
1013,HORIZON Fushi ChinaA 50 ETF,512150.SS,10.82,0.186,1.002,Yes
1014,China Life AMP CNI ChiNext MC Slt 88 ETF,159804.SZ,20.75,0.342,1.972,Yes
1015,"Shanghai Prisemi Electronics Co.,Ltd.",688230.SS,28.62,0.458,1.648,Yes
1016,"Dongfang Electronics Co., Ltd.",000682.SZ,16.93,0.284,1.24,Yes
1017,Fullgoal CSI SEEE Carbon Neutral Index ETF,561190.SS,12.0,0.205,1.094,Yes
1018,China Universal CNI HK Eq Cn Innv Dg ETF,159570.SZ,22.08,0.363,1.156,Yes
1019,"Jiangsu Chint Power Technology Co., Ltd.",002150.SZ,35.44,0.554,0.953,Yes
1020,"Fujian Furi Electronics Co.,Ltd",600203.SS,50.88,0.755,1.724,Yes
1021,E Fund CSI SEEE CARBON NEUTRAL ETF,562990.SS,12.11,0.207,1.102,Yes
1022,"ChengDu ShengNuo Biotec Co.,Ltd.",688117.SS,30.5,0.486,1.282,Yes
1023,"Shanghai Yongmaotai Automotive Technology Co., Ltd.",605208.SS,30.44,0.486,1.502,Yes
1024,Yinhua SOE Struct Reform ETF,159959.SZ,9.17,0.159,0.961,Yes
1025,CCB Principal SSE 50 ETF,510800.SS,9.59,0.166,0.96,Yes
1026,"China Merchants Securities Co., Ltd.",600999.SS,17.93,0.301,1.339,Yes
1027,ChinaAMC CSI Smart Selected 500 Value Stable Index ETF,159617.SZ,10.65,0.184,0.902,Yes
1028,ChinaAMC CSI Dividend Low Volatility ETF,159547.SZ,8.31,0.145,0.211,Yes
1029,"Jiangsu Lianhuan Pharmaceutical Co., Ltd.",600513.SS,43.1,0.661,0.85,Yes
1030,"Henan Taloph Pharmaceutical Stock Co.,Ltd",600222.SS,20.39,0.34,0.771,Yes
1031,"China Master Logistics Co., Ltd.",603967.SS,15.8,0.269,0.553,Yes
1032,"Sino-High (China) Co., Ltd.",301076.SZ,55.62,0.821,2.178,Yes
1033,"Hangcha Group Co., Ltd",603298.SS,24.8,0.408,1.373,Yes
1034,Fullgoal CSI Modern Logistics ETF,516910.SS,9.84,0.172,0.754,Yes
1035,"Ningbo Runhe High-Tech Materials Co., Ltd.",300727.SZ,32.31,0.518,2.133,Yes
1036,"Hang Zhou Radical Energy-Saving Technology Co., Ltd.",300652.SZ,45.42,0.696,0.908,Yes
1037,"Henan Dayou Energy Co., Ltd",600403.SS,48.26,0.733,1.489,Yes
1038,"Damon Technology Group Co.,Ltd.",688360.SS,24.19,0.4,1.01,Yes
1039,Wanjia CSI Dividend ETF,159581.SZ,9.21,0.162,0.514,Yes
1040,"SanFeng Intelligent Equipment Group Co., Ltd.",300276.SZ,34.61,0.552,1.398,Yes
1041,Harvest SZSE SME-CHINEXT 400 ETF,159918.SZ,19.42,0.328,1.782,Yes
1042,"Kehua Holdings Co.,Ltd",603161.SS,17.8,0.303,1.157,Yes
1043,China Universal CSI SOEs OBOR ETF,515990.SS,9.84,0.173,0.931,Yes
1044,"Shenzhen Fortune Trend Technology Co., Ltd.",688318.SS,39.14,0.614,3.131,Yes
1045,"Guangdong Transtek Medical Electronics Co., Ltd",300562.SZ,36.62,0.58,0.254,Yes
1046,CMF CSI Dividend ETF,515080.SS,8.95,0.158,0.507,Yes
1047,"Postal Savings Bank of China Co., Ltd.",601658.SS,8.13,0.144,0.226,Yes
1048,"Inner Mongolia Junzheng Energy & Chemical Group Co.,Ltd.",601216.SS,17.07,0.292,0.881,Yes
1049,"Ningbo Fubang Jingye Group Co.,Ltd",600768.SS,21.81,0.366,1.127,Yes
1050,Ugreen Group Limited,301606.SZ,31.47,0.509,1.76,Yes
1051,"Hangzhou Dadi Haiyang Environmental Protection Co., Ltd.",301068.SZ,31.63,0.512,1.1,Yes
1052,"Sichuan Hexie Shuangma Co., Ltd.",000935.SZ,24.74,0.411,1.374,Yes
1053,Harvest Fundamental 50 ETF,512750.SS,8.55,0.152,0.37,Yes
1054,"Yimikang Tech.Group Co., Ltd.",300249.SZ,31.92,0.516,2.285,Yes
1055,YINHUA CSI 500 VALUE EXCHANGE TRADED FUND,562330.SS,11.32,0.199,1.068,Yes
1056,"Bank of Ningbo Co., Ltd.",002142.SZ,16.62,0.286,0.916,Yes
1057,"Acrobiosystems Co.,Ltd.",301080.SZ,33.92,0.546,1.901,Yes
1058,China Southern SZSE Main Board 50 ETF,159578.SZ,9.88,0.175,0.956,Yes
1059,"CoCreation Grass Co., Ltd",605099.SS,25.17,0.419,0.948,Yes
1060,Jiangsu Yangdian Science & Technology Co. Ltd.,301012.SZ,28.06,0.462,1.298,Yes
1061,Shenzhen China Bicycle Company (Holdings) Limited,200017.SZ,31.69,0.515,1.2,Yes
1062,Bosera Fund Management Co. Ltd - Bosera Jinkai Science and Technology Fund,508022.SS,12.42,0.218,0.456,Yes
1063,"Suzhou Xingye Materials Technology Co.,Ltd.",603928.SS,52.18,0.791,1.174,Yes
1064,Hootech Inc.,301026.SZ,25.54,0.425,1.787,Yes
1065,"Jiangxi Welgao Electronics Co., Ltd.",301251.SZ,51.72,0.785,2.68,Yes
1066,Fullgoal CSI AllShrHealthCareDevices ETF,159056.SZ,12.01,0.211,0.716,No
1067,Shanghai Huace Navigation Technology Ltd,300627.SZ,17.53,0.301,1.298,Yes
1068,"Zhejiang Yingfeng Technology Co., Ltd.",605055.SS,33.14,0.537,0.981,Yes
1069,3S Industry Group Inc.,605305.SS,21.39,0.362,1.023,Yes
1070,"Digiwin Co., Ltd.",300378.SZ,32.45,0.527,2.044,Yes
1071,Guotai CSI New Materials ETF,159761.SZ,19.17,0.328,1.686,Yes
1072,"Anhui Tuoshan Heavy Industry Co., Ltd.",001226.SZ,30.32,0.497,1.046,Yes
1073,"Zhejiang Chinastars New Materials Group Co., Ltd.",301077.SZ,29.78,0.489,1.134,Yes
1074,"Zhejiang Liming Intelligent Manufacturing Co.,Ltd.",603048.SS,19.53,0.334,1.117,Yes
1075,"Medprin Regenerative Medical Technologies Co., Ltd.",301033.SZ,23.25,0.392,0.525,Yes
1076,"Amlogic (Shanghai) Co.,Ltd.",688099.SS,32.22,0.526,2.118,Yes
1077,"Anhui Jianghuai Automobile Group Corp.,Ltd.",600418.SS,40.37,0.64,0.955,Yes
1078,"Suzhou Hailu Heavy Industry Co.,Ltd",002255.SZ,24.8,0.416,0.986,Yes
1079,TK CSI Dividend Low Volatility ETF,560150.SS,8.56,0.154,0.253,Yes
1080,"Zhejiang China Commodities City Group Co., Ltd.",600415.SS,24.09,0.406,0.662,Yes
1081,Bosera SOE Struct Reform ETF,512960.SS,8.61,0.155,0.927,Yes
1082,"Zhejiang Weixing Industrial Development Co., Ltd.",002003.SZ,15.51,0.271,0.378,Yes
1083,"Guangdong Hongda Holdings Group Co., Ltd.",002683.SZ,21.86,0.373,1.313,Yes
1084,"Xinya Electronic Co., Ltd.",605277.SS,35.13,0.571,1.137,Yes
1085,"Wuxi Huaguang Environment & Energy Group Co.,Ltd.",600475.SS,32.64,0.535,1.652,Yes
1086,"Nanjing Business & Tourism Corp.,Ltd.",600250.SS,32.43,0.533,0.502,Yes
1087,ChinaAMC Hang Seng China Entpr ETF(QDII),159850.SZ,13.97,0.247,0.863,Yes
1088,E Fund Management Co. Ltd. - SSE 380 ETF,530380.SS,14.65,0.258,1.714,Yes
1089,Huaan SSE 50 ETF,510190.SS,9.63,0.173,0.988,Yes
1090,"Beijing Topnew Info & Tech Co., Ltd.",300895.SZ,35.97,0.585,2.167,Yes
1091,"Tianshui Zhongxing Bio-technology Co.,Ltd.",002772.SZ,23.3,0.398,1.251,Yes
1092,China Southern CSI SEEE Carbon Neutral ETF,159639.SZ,11.86,0.212,1.143,Yes
1093,TianHong HSI SSH Innov Drug Sel 50 ETF,517380.SS,16.09,0.283,1.092,Yes
1094,"Fengzhushou Co., Ltd.",301382.SZ,50.83,0.789,2.812,Yes
1095,China Universal CSI Dividend ETF,560020.SS,8.83,0.16,0.51,Yes
1096,"Fuxin Dare Automotive Parts Co., Ltd.",300473.SZ,31.8,0.527,1.947,Yes
1097,"Shenzhen Jdd Tech New Material Co., Ltd",301538.SZ,38.31,0.621,1.681,Yes
1098,"Tianyu Digital Technology Group Co.,Ltd.",002354.SZ,31.7,0.527,2.025,Yes
1099,"Dalian Demaishi Precision Technology Co., Ltd.",301007.SZ,28.19,0.475,1.981,Yes
1100,Shanghai Huayi Group Corporation Limited,600623.SS,18.43,0.322,1.102,Yes
1101,"Shanghai Jiaoda Onlly Co.,Ltd",600530.SS,38.87,0.631,0.377,Yes
1102,China Universal HS Btch ETF(QDII),513280.SS,20.17,0.351,1.278,Yes
1103,"Shenzhen Urban Transport Technology Group Co., Ltd.",301091.SZ,52.97,0.822,1.496,Yes
1104,"San Yang Ma (Chongqing) Logistics Co.,Ltd.",001317.SZ,25.88,0.442,0.735,Yes
1105,"Harbin Sayyas Windows Co., Ltd.",301227.SZ,48.55,0.765,2.162,Yes
1106,"Henan Hengxing Science & Technology Co.,Ltd.",002132.SZ,23.67,0.408,1.653,Yes
1107,"Ningbo Shimao Energy Co.,Ltd",605028.SS,22.92,0.397,0.573,Yes
1108,Fullgoal SZSE ChiNext 200 ETF,159571.SZ,21.94,0.382,2.152,Yes
1109,CIB CSI 300 ETF,510370.SS,10.78,0.197,1.175,Yes
1110,Shandong Xinchao Energy Corporation Limited,600777.SS,27.76,0.473,0.366,No
1111,"Jiangxi Guotai Group Co.,Ltd.",603977.SS,20.78,0.364,0.692,Yes
1112,"Zhejiang Zhaofeng Mechanical and Electronic Co.,Ltd.",300695.SZ,27.9,0.476,1.425,Yes
1113,"Shanghai Juss Sports and Entertainment Group Co., Ltd.",600676.SS,35.92,0.595,1.269,Yes
1114,Haimo Technologies Group Corp.,300084.SZ,19.74,0.348,1.228,Yes
1115,Guotai CSI Household Appliances ETF,159996.SZ,11.61,0.212,1.192,Yes
1116,"Zhejiang Oceanking Development Co., Ltd.",603213.SS,17.86,0.317,1.177,Yes
1117,Fullgoal CSI Chemicals Sub-industry ETF,516120.SS,15.2,0.273,1.517,Yes
1118,China Universal CSI 500 ETF,563750.SS,19.63,0.347,2.227,Yes
1119,"Zhangjiagang Zhonghuan Hailu High-End Equipment Co., Ltd.",301040.SZ,42.08,0.685,1.925,Yes
1120,Guotai SZSE ChiNext AI ETF,159388.SZ,44.44,0.718,2.468,Yes
1121,"Innuovo Technology Co., Ltd.",000795.SZ,21.58,0.379,1.245,Yes
1122,"Jiangxi Fushine Pharmaceutical Co., Ltd.",300497.SZ,36.22,0.603,1.388,Yes
1123,"CSD Water Service Co., Ltd.",603903.SS,26.2,0.452,1.149,Yes
1124,"YLZ Information Technology Co.,Ltd",300096.SZ,34.12,0.572,1.97,Yes
1125,Voneseals Technology (Shanghai) Inc.,301161.SZ,28.72,0.492,2.041,Yes
1126,"Geovis Technology Co.,Ltd",688568.SS,32.86,0.554,2.075,Yes
1127,"Anhui Truchum Advanced Materials and Technology Co., Ltd.",002171.SZ,28.43,0.487,1.69,Yes
1128,"Tianjin Motor Dies Co.,Ltd.",002510.SZ,20.26,0.358,0.878,Yes
1129,"Zhejiang Zhengguang Industrial Co., Ltd.",301092.SZ,22.19,0.39,1.492,Yes
1130,Harvest CSI300 Dividend Volat ETF,515300.SS,8.13,0.151,0.264,Yes
1131,"Ningbo Huaxiang Electronic Co., Ltd.",002048.SZ,28.48,0.488,1.903,Yes
1132,"Northking Information Technology Co., Ltd.",002987.SZ,30.39,0.518,1.496,Yes
1133,Yinhua GEM Midcap 200 ETF,159575.SZ,20.41,0.361,1.971,Yes
1134,"China National Uranium Co., Ltd.",001280.SZ,47.43,0.762,2.69,Yes
1135,TianHong CSI Dividend Low Vlty 100 ETF,159549.SZ,8.48,0.158,0.395,Yes
1136,"Nanjing Railway New Technology Co.,Ltd.",301016.SZ,33.44,0.564,1.007,Yes
1137,"Beijing JCZ Technology Co.,Ltd.",688291.SS,30.06,0.515,2.174,Yes
1138,The People's Insurance Company (Group) of China Limited,601319.SS,15.55,0.282,0.79,Yes
1139,BOCOM Schroders SZSE 300 Value ETF Securities Investment Fund,159913.SZ,9.43,0.175,0.991,Yes
1140,Penghua CNI ESG 300 ETF,159717.SZ,9.6,0.179,1.087,Yes
1141,"Xinjiang Torch Gas Co., Ltd",603080.SS,14.03,0.256,0.842,Yes
1142,"Yuanli Chemical Group Co.,Ltd.",603217.SS,28.62,0.494,1.66,Yes
1143,Tibet AIM Pharm. Inc.,002826.SZ,27.52,0.478,0.708,Yes
1144,"Shenzhen Sosen Electronics Co.,Ltd.",301002.SZ,33.83,0.574,1.843,Yes
1145,"Guangdong Nedfon Air System Co., Ltd.",301043.SZ,26.55,0.463,1.09,Yes
1146,"Yunnan Jinggu Forestry Co.,Ltd",600265.SS,15.75,0.287,0.796,Yes
1147,"Gansu Guofang Industry & Trade (Group) Co., Ltd.",601086.SS,52.15,0.833,0.788,Yes
1148,Fullgoal CSI All Share Household Appliances Index ETF,561120.SS,12.05,0.223,1.264,Yes
1149,Essence Fund Co Ltd - Essence Val Dscvr 2Y Mxd Lof,167508.SZ,7.94,0.149,0.651,Yes
1150,"Chongqing YuXin Pingrui Electronic Co., Ltd.",301107.SZ,25.25,0.444,1.843,Yes
1151,E Fund CSI 1000 ETF,159633.SZ,15.79,0.288,1.684,Yes
1152,Ningbo Fuda Company Limited,600724.SS,22.86,0.406,0.909,Yes
1153,"Zhejiang Yongtai Technology Co.,Ltd.",002326.SZ,24.74,0.437,1.798,Yes
1154,"Gree Electric Appliances, Inc. of Zhuhai",000651.SZ,12.27,0.228,0.432,Yes
1155,"HIT Welding Industry Co.,Ltd",301137.SZ,39.67,0.664,1.915,Yes
1156,"Fulin Precision Co., Ltd.",300432.SZ,38.98,0.654,1.74,Yes
1157,SWS MU SSE 50 ETF,510600.SS,9.17,0.172,0.988,Yes
1158,"Nanfang Ventilator Co., Ltd.",300004.SZ,30.36,0.525,1.618,Yes
1159,"Foran Energy Group Co., Ltd.",002911.SZ,17.19,0.314,0.609,Yes
1160,"Jiangxi Selon Industrial Co., Ltd.",002748.SZ,24.16,0.429,0.38,Yes
1161,"Changzhou Langbo Sealing Technologies Co.,Ltd.",603655.SS,25.93,0.457,1.595,Yes
1162,Yinhua CSI High Dividend Yld Strtgy ETF,563180.SS,8.64,0.163,0.336,Yes
1163,"Zhejiang Jindao Technology Co., Ltd.",301279.SZ,26.78,0.471,1.172,Yes
1164,"Qingmu Tec Co., Ltd.",301110.SZ,28.83,0.504,1.553,Yes
1165,"Anbang Save-Guard Group Co.,Ltd.",603373.SS,31.14,0.541,1.42,Yes
1166,"Shanghai Fortune Techgroup Co., Ltd.",300493.SZ,42.55,0.711,1.481,Yes
1167,ChinaAMC Hang Seng biotechnology ETF (QDII),159892.SZ,19.23,0.35,1.292,Yes
1168,ChinaAMC SOE Struct Reform ETF,512950.SS,8.83,0.168,1.005,Yes
1169,Huitianfu Fund Management - Classic Growth Regulated Open Hybrid Securities Investment Fund,501065.SS,9.88,0.187,0.905,Yes
1170,"Henan Mingtai Al.Industrial Co.,Ltd.",601677.SS,15.48,0.287,1.359,Yes
1171,"Shenzhen Boshijie Technology Co., Ltd.",301608.SZ,24.53,0.438,1.973,Yes
1172,Huaan CSI 500 Indus Mid Volat ETF,512260.SS,9.98,0.189,1.103,Yes
1173,"Ningbo Henghe Precision Industry Co.,Ltd.",300539.SZ,49.52,0.812,1.938,Yes
1174,GF CSI Dividend ETF,159589.SZ,8.76,0.167,0.501,Yes
1175,"Suzhou New District Hi-Tech Industrial Co.,Ltd",600736.SS,19.7,0.36,1.334,Yes
1176,Harvest China Financial Real Easte ETF,512640.SS,11.13,0.211,0.856,Yes
1177,Hwabao WP CSI Chemicals Sub-industry ETF,516020.SS,14.73,0.275,1.531,Yes
1178,"Guangdong Greenway Technology Co.,Ltd",688345.SS,27.96,0.495,1.846,Yes
1179,Harvest German DAX ETF (QDII),159561.SZ,26.45,0.471,0.198,No
1180,Qingdao Copton Technology Company Limited,603798.SS,20.64,0.376,1.476,Yes
1181,"Jiangxi Guoguang Commercial Chains Co., Ltd.",605188.SS,41.29,0.698,1.369,Yes
1182,"ShaoYang Victor Hydraulics Co.,Ltd",301079.SZ,38.34,0.655,1.088,Yes
1183,"Kehua Data Co., Ltd.",002335.SZ,35.56,0.614,2.302,Yes
1184,"Jiangxi First Hydraulic Co., Ltd.",301446.SZ,23.5,0.424,1.484,Yes
1185,"Hangzhou Star Shuaier Electric Appliance Co., Ltd.",002860.SZ,15.72,0.293,0.824,Yes
1186,"Hangzhou Flariant Co.,Ltd",605566.SS,23.66,0.428,1.587,Yes
1187,"Shandong Hongyu Precision Machinery Co., Ltd.",002890.SZ,17.18,0.319,1.15,Yes
1188,"Kunshan GuoLi Electronic Technology Co., Ltd.",688103.SS,26.35,0.472,1.687,Yes
1189,Yinhua CSI 300 Growth ETF,562310.SS,13.68,0.258,1.487,Yes
1190,"Shenzhen Aisidi Co., Ltd.",002416.SZ,23.51,0.426,0.822,Yes
1191,"Electric Connector Technology Co., Ltd.",300679.SZ,33.1,0.579,2.354,Yes
1192,"Wuxi ETEK Microelectronics Co.,Ltd.",688601.SS,44.03,0.742,2.121,Yes
1193,ChinaAMC CSI Auto Parts Theme ETF,562700.SS,15.84,0.296,1.48,Yes
1194,"China Hainan Rubber Industry Group Co.,Ltd.",601118.SS,21.25,0.389,1.386,Yes
1195,"TES Touch Embedded Solutions (Xiamen) Co., Ltd.",003019.SZ,30.39,0.538,2.086,Yes
1196,"Jiangxi Hongdu Aviation Industry Co., Ltd.",600316.SS,28.57,0.509,1.144,Yes
1197,ICBCCS CSI SEEE Carbon Neutral ETF,159640.SZ,11.12,0.212,1.127,Yes
1198,"Jinlongyu Group Co., Ltd.",002882.SZ,33.7,0.59,1.043,Yes
1199,China Southern ChiNext 200 ETF,159270.SZ,17.75,0.33,2.111,Yes
1200,"Beijing Highlander Digital Technology Co., Ltd.",300065.SZ,34.17,0.597,2.527,Yes
1201,Guotai CSI Chemicals Sub-industry ETF,516220.SS,14.52,0.274,1.529,Yes
1202,"Shenzhen Zhenye (Group) Co.,Ltd.",000006.SZ,38.28,0.66,1.445,Yes
1203,"Guangzhou Kingteller Technology Co.,Ltd.",002177.SZ,34.77,0.607,1.873,Yes
1204,"Fujian Qingshan Paper Industry Co., Ltd.",600103.SS,28.92,0.516,1.427,Yes
1205,E Fund CSI Household Appliances Top ETF,159328.SZ,8.04,0.156,0.936,Yes
1206,"Suzhou Kelida Building& Decoration Co.,Ltd.",603828.SS,41.43,0.708,0.037,Yes
1207,Huaan CSI SOE Dividend ETF,561060.SS,8.41,0.163,0.497,Yes
1208,"Shenzhen Zhaowei Machinery & Electronics Co., Ltd.",003021.SZ,38.06,0.659,1.523,Yes
1209,E Fund CNI Grain Industry ETF,159038.SZ,21.85,0.402,0.108,No
1210,Bosera CSI Sustainable Develope 100 ETF,515090.SS,8.52,0.166,0.948,Yes
1211,"Bonree Data Technology Co., Ltd",688229.SS,31.04,0.552,1.872,Yes
1212,China Southern HS Btch ETF(QDII),159615.SZ,18.76,0.35,1.287,Yes
1213,E Fund CSI Satellite Industry ETF,563530.SS,39.44,0.682,3.115,Yes
1214,"Jiangsu Hoperun Software Co., Ltd.",300339.SZ,47.49,0.799,2.61,Yes
1215,CCB Principal ChiNext Cmpst Enh Stgy ETF,159293.SZ,18.88,0.353,1.938,Yes
1216,"Zhejiang Reclaim Construction Group Co., Ltd.",002586.SZ,26.47,0.481,0.841,Yes
1217,"Zhejiang Jiecang Linear Motion Technology Co.,Ltd.",603583.SS,24.26,0.445,1.013,Yes
1218,"Guangdong DP Co.,Ltd.",300808.SZ,26.67,0.484,1.238,Yes
1219,"Ping An Insurance (Group) Company of China, Ltd.",601318.SS,14.55,0.277,0.907,Yes
1220,"Zhejiang Liju Thermal Equipment Co., Ltd.",603391.SS,28.06,0.507,0.95,Yes
1221,"Hangzhou Toka Ink Co.,Ltd.",688571.SS,17.47,0.329,1.394,Yes
1222,"Kyland Technology Co., Ltd.",300353.SZ,36.17,0.635,1.941,Yes
1223,"ZETTA Group Co., Ltd.",002256.SZ,25.92,0.473,1.378,Yes
1224,IGW New Energy Vehicles Battery ETF,159757.SZ,18.59,0.35,1.648,Yes
1225,"Anhui Zhongfu Yuanchuang Technology Group Co., Ltd.",300692.SZ,17.69,0.334,1.193,Yes
1226,China Universal CSI 1000 ETF,560110.SS,14.77,0.282,1.626,Yes
1227,"Nanjing Sciyon Wisdom Technology Group Co., Ltd.",002380.SZ,21.17,0.395,1.441,Yes
1228,"Shandong Shuangyi Technology Co., Ltd.",300690.SZ,38.02,0.666,1.615,Yes
1229,"Shenzhen CDL Precision Technology Co., Ltd",300686.SZ,33.11,0.591,1.105,Yes
1230,"Guotai Haitong Securities Co., Ltd.",601211.SS,13.9,0.267,0.123,Yes
1231,"Luyin Investment Group Co.,Ltd.",600784.SS,11.55,0.224,0.679,Yes
1232,"Sany Heavy Industry Co.,Ltd",600031.SS,14.43,0.277,0.801,Yes
1233,"Jiajia Food Group Co.,Ltd",002650.SZ,31.11,0.559,0.116,Yes
1234,China Asset Management Co - Nanjing Transportation Expressway Closed,508069.SS,9.02,0.177,0.057,Yes
1235,Frontier Biotechnologies Inc.,688221.SS,48.39,0.819,1.499,Yes
1236,"Shenzhen Highpower Technology Co., Ltd.",001283.SZ,24.23,0.447,1.086,Yes
1237,"Kairuide Holding Co.,Ltd.",002072.SZ,26.89,0.492,0.732,Yes
1238,"Sungrow Power Supply Co., Ltd.",300274.SZ,34.71,0.616,1.545,Yes
1239,"Shenzhen SNC Opto Electronic Co.,Ltd",001326.SZ,31.72,0.57,1.862,Yes
1240,"Atlantic China Welding Consumables, Inc.",600558.SS,15.06,0.289,0.856,Yes
1241,"Shanghai Dazhong Public Utilities(Group) Co.,Ltd.",600635.SS,32.33,0.581,0.581,Yes
1242,"Tianjin Keyvia Electric Co.,Ltd",300407.SZ,21.13,0.396,1.165,Yes
1243,"Jiangsu Cai Qin Technology Co., Ltd",688182.SS,35.79,0.637,2.445,Yes
1244,ChinaAMC CSI Smt Slct 300 Grw Invt ETF,159523.SZ,11.47,0.224,1.332,Yes
1245,PengYang CSI SOE Dividend ETF,159515.SZ,8.86,0.175,0.523,Yes
1246,"Shandong Taihe Technologies Co., Ltd.",300801.SZ,35.02,0.625,1.945,Yes
1247,Huaan CES HK Sele 100 ETF,513900.SS,11.62,0.227,0.823,Yes
1248,"Shanghai Welltech Automation Co.,Ltd.",002058.SZ,39.57,0.696,2.067,Yes
1249,"Shijiazhuang Tonhe Electronics Technologies Co.,Ltd.",300491.SZ,44.1,0.765,3.03,Yes
1250,"Qinglong Pipes Industry Group Co., Ltd",002457.SZ,28.23,0.518,0.761,Yes
1251,ICBCCS CNI NEV Battery ETF,159840.SZ,18.58,0.354,1.672,Yes
1252,"Jiangxi Tianli Technology, INC.",300399.SZ,36.1,0.646,2.618,Yes
1253,China Universal CSI SEEE Carbon Ntrl ETF,560060.SS,10.46,0.207,1.087,Yes
1254,"Wankai New Materials Co., Ltd.",301216.SZ,25.58,0.476,1.549,Yes
1255,"Shandong Weida Machinery Co., Ltd.",002026.SZ,18.76,0.359,1.453,Yes
1256,"Changhong Huayi Compressor Co., Ltd.",000404.SZ,14.47,0.282,0.9,Yes
1257,"Vontron Technology Co., Ltd.",000920.SZ,20.09,0.383,1.445,Yes
1258,China Universal Asset Management - CSI Financials Fund,159931.SZ,10.13,0.201,0.855,Yes
1259,Huaan CSI HKC IT Composite ETF,513240.SS,28.61,0.528,2.796,Yes
1260,CITIC Securities Company Limited,600030.SS,16.33,0.316,1.469,Yes
1261,Dacheng CSI SEEE Carbon Neutral Index Exchange Trade Fund,159642.SZ,10.45,0.207,1.101,Yes
1262,"Zhejiang Zhongxin Fluoride Materials Co.,Ltd",002915.SZ,35.87,0.645,0.941,Yes
1263,"China Catalyst Holding Co., Ltd.",688267.SS,15.64,0.304,1.013,Yes
1264,"Jiangsu ChengXing Phosph-Chemicals Co., Ltd.",600078.SS,31.17,0.571,1.721,Yes
1265,Boai NKY Medical Holdings Ltd.,300109.SZ,21.46,0.408,2.049,Yes
1266,"YingTong Telecommunication Co.,Ltd.",002861.SZ,27.44,0.51,0.918,Yes
1267,"Xi'an Bright Laser Technologies Co.,Ltd.",688333.SS,34.68,0.627,1.979,Yes
1268,Huatai-Pinebridge Fund Management Co Ltd - CSI A50 Index ETF,563350.SS,5.77,0.117,0.534,Yes
1269,"Zhejiang Jinghua Laser Technology Co.,Ltd",603607.SS,29.72,0.548,1.398,Yes
1270,"Jianshe Industry Group (Yunnan) Co., Ltd.",002265.SZ,45.75,0.798,1.123,Yes
1271,"Xilong Scientific Co., Ltd.",002584.SZ,28.2,0.523,1.086,Yes
1272,APT Medical Inc.,688617.SS,17.21,0.333,0.442,Yes
1273,"Zhongshan Broad-Ocean Motor Co., Ltd.",002249.SZ,20.01,0.384,1.297,Yes
1274,"Shenzhen Anche Technologies Co., Ltd.",300572.SZ,30.35,0.56,1.66,Yes
1275,Fullgoal CSI 1000 Index ETF,159629.SZ,14.68,0.288,1.684,Yes
1276,"Shanghai Huitong Energy Co.,Ltd",600605.SS,21.44,0.409,0.844,Yes
1277,"Dongguan Golden Sun Abrasives Co.,Ltd",300606.SZ,28.7,0.533,1.643,Yes
1278,"Xiamen King Long Motor Group Co., Ltd.",600686.SS,44.18,0.777,0.062,No
1279,Fullgoal CSI All Shr Div Qual ETF,560250.SS,13.72,0.271,1.041,No
1280,"Modern Avenue Group Co., Ltd.",002656.SZ,33.05,0.605,0.52,No
1281,"EFORT Intelligent Equipment Co., Ltd.",688165.SS,40.53,0.723,1.59,Yes
1282,"Anji Foodstuff Co., Ltd",603696.SS,36.64,0.663,0.719,Yes
1283,"Harbin Electric Corporation Jiamusi Electric Machine CO.,Ltd",000922.SZ,19.16,0.37,1.341,Yes
1284,"Hangzhou Seck Intelligent Technology Co., Ltd.",300897.SZ,19.27,0.372,1.108,Yes
1285,"HCIG Energy Investment Co., Ltd.",000600.SZ,22.74,0.434,0.793,Yes
1286,GF China Securities 1000ETF,560010.SS,14.76,0.291,1.694,Yes
1287,"Jiangsu Rutong Petro-Machinery Co., Ltd",603036.SS,27.97,0.523,1.391,Yes
1288,"Chongqing Lummy Pharmaceutical Co., Ltd.",300006.SZ,29.57,0.55,1.468,Yes
1289,"Wuhan Hvsen Biotechnology Co.,Ltd.",300871.SZ,44.21,0.781,1.592,Yes
1290,ChinaAMC CSI Dividend quality ETF,159758.SZ,11.92,0.238,1.32,Yes
1291,"Longhorn Auto Co., Ltd.",301488.SZ,36.24,0.659,2.392,Yes
1292,"Changchun Zhiyuan New Energy Equipment Co., Ltd",300985.SZ,38.08,0.688,1.667,Yes
1293,"Nanjing Toua Hardware and Tools Co., Ltd.",301125.SZ,21.62,0.415,1.726,Yes
1294,"Bestway Marine & Energy Technology Co.,Ltd",300008.SZ,22.72,0.434,1.224,Yes
1295,"Eastern Communications Co.,Ltd.",900941.SS,12.48,0.249,1.025,Yes
1296,"iSoftStone Information Technology (Group) Co., Ltd.",301236.SZ,34.39,0.63,2.378,Yes
1297,"Guangdong TianYiMa Information Industry Co.,Ltd.",301178.SZ,26.67,0.503,1.858,Yes
1298,Shenke Slide Bearing Corporation,002633.SZ,29.68,0.554,0.813,Yes
1299,Yinhua HS SCHK China Tech ETF,513160.SS,16.2,0.319,1.257,Yes
1300,"China Nonferrous Metal Industry's Foreign Engineering and Construction Co.,Ltd.",000758.SZ,17.55,0.344,1.737,Yes
1301,"Hamaton Automotive Technology Co., Ltd",300643.SZ,27.57,0.52,1.565,Yes
1302,"Hunan Kaimeite Gases Co., Ltd.",002549.SZ,38.13,0.692,2.733,Yes
1303,Ping An CSI New Materials ETF,516890.SS,15.93,0.314,1.58,Yes
1304,"Jinyu Bio-technology Co., Ltd.",600201.SS,19.32,0.376,1.174,Yes
1305,IGW CSI All Share Invst Bnk & Brkrg ETF,159008.SZ,9.84,0.199,0.394,Yes
1306,GF New Energy Vehicles Battery ETF,159755.SZ,18.04,0.353,1.652,Yes
1307,"Chongqing Changjiang River Moulding Material (Group) Co., Ltd.",001296.SZ,16.4,0.324,1.195,Yes
1308,"AnHui Jinchun Nonwoven Co., Ltd.",300877.SZ,35.27,0.648,1.477,Yes
1309,Hangzhou Zhengqiang Corporation Limited,301119.SZ,26.33,0.5,1.579,Yes
1310,"Shanghai Zijiang Enterprise Group Co., Ltd.",600210.SS,14.18,0.283,1.082,Yes
1311,"SDIC Power Holdings Co., Ltd",600886.SS,11.8,0.238,0.045,No
1312,"E Fund Management Co., Ltd. - Csi Auto Components Thematic Index ETF",159565.SZ,14.23,0.284,1.469,Yes
1313,"Jiangsu Aidea Pharmaceutical Group Co., Ltd.",688488.SS,25.6,0.488,1.482,Yes
1314,"Hua Xia Bank Co., Limited",600015.SS,12.49,0.251,0.276,Yes
1315,"Wuhan Citms Technology CO.,LTD.",688038.SS,23.31,0.449,1.388,Yes
1316,Thalys Medical Technology Group Corporation,603716.SS,44.35,0.792,1.242,Yes
1317,"Zhejiang Xidamen New Material Co.,Ltd.",605155.SS,17.67,0.348,0.976,Yes
1318,"ChengDa Pharmaceuticals Co., Ltd.",301201.SZ,26.82,0.51,0.917,Yes
1319,"Nanhua Futures Co., Ltd.",603093.SS,28.56,0.54,1.617,Yes
1320,"YanTai LongYuan Power Technology Co., Ltd.",300105.SZ,17.46,0.345,1.232,Yes
1321,Eastcompeace Technology Co.Ltd,002017.SZ,32.73,0.609,2.043,Yes
1322,"Wuhan Golden Laser Co., Ltd",300220.SZ,44.95,0.802,1.158,Yes
1323,China Southern CSI 1000 Index ETF,512100.SS,14.75,0.295,1.73,Yes
1324,ChinaAMC CSI New Material Theme ETF,516710.SS,16.38,0.325,1.64,Yes
1325,ChinaAMC CSI 1000 ETF,159845.SZ,14.47,0.289,1.69,Yes
1326,"Qingdao Greensum Ecology Co., Ltd.",300948.SZ,30.77,0.578,1.697,Yes
1327,"Runjian Co., Ltd.",002929.SZ,36.15,0.666,2.282,Yes
1328,"Dajin Heavy Industry Co.,Ltd.",002487.SZ,25.63,0.491,1.386,Yes
1329,Xiamen Intretech Inc.,002925.SZ,20.31,0.397,1.631,Yes
1330,"RAISECOM TECHNOLOGY CO.,Ltd.",603803.SS,25.27,0.485,0.964,Yes
1331,"Hangzhou Jingye Intelligent Technology Co., Ltd.",688290.SS,22.26,0.432,1.351,Yes
1332,XINGYIN CNI NEV Battery ETF,159767.SZ,17.79,0.352,1.631,Yes
1333,"Angel Yeast Co., Ltd",600298.SS,12.7,0.256,0.624,Yes
1334,"OPT Machine Vision Tech Co., Ltd.",688686.SS,34.78,0.645,2.527,Yes
1335,"Zhejiang Haiyan Power System Resources Environmental Technology Co., Ltd.",688565.SS,19.94,0.391,1.147,Yes
1336,"Shenzhen Sinexcel Electric Co.,Ltd.",300693.SZ,22.58,0.439,2.017,Yes
1337,"Changzhou Aohong Electronics Co., Ltd.",605058.SS,21.48,0.419,1.215,Yes
1338,"Chengdu Galaxy Magnets Co.,Ltd.",300127.SZ,30.46,0.575,1.769,Yes
1339,Zhejiang Wecome Pharmaceutical Company Limited,300878.SZ,21.53,0.421,1.283,Yes
1340,"Shanghai Belling Co., Ltd.",600171.SS,42.18,0.765,1.0,Yes
1341,"Autel Intelligent Technology Corp., Ltd.",688208.SS,24.97,0.482,1.881,Yes
1342,"Wuxi Longsheng Technology Co.,Ltd",300680.SZ,28.85,0.549,1.237,Yes
1343,"Ningbo Color Master Batch Co., Ltd.",301019.SZ,16.49,0.329,1.059,Yes
1344,"Zhe Jiang Dayang Biotech Group Co., Ltd.",003017.SZ,16.79,0.335,1.115,Yes
1345,BOMESC Offshore Engineering Company Limited,603727.SS,16.07,0.322,0.677,Yes
1346,China Universal CSI Robot ETF,159213.SZ,15.41,0.31,1.935,Yes
1347,"Doctorglasses Chain Co.,Ltd.",300622.SZ,36.53,0.678,0.291,Yes
1348,Sangfor Technologies Inc.,300454.SZ,37.42,0.692,2.603,Yes
1349,"Industrial Bank Co., Ltd.",601166.SS,11.29,0.231,0.213,Yes
1350,CCB Principal CSI New Materials ETF,159763.SZ,15.55,0.313,1.556,Yes
1351,"Hengong Precision Equipment Co., Ltd.",301261.SZ,26.83,0.517,1.375,Yes
1352,Beken Corporation,603068.SS,26.63,0.514,1.415,Yes
1353,"Jilin Expressway Co., Ltd.",601518.SS,7.1,0.149,0.352,Yes
1354,"FULONGMA GROUP Co.,Ltd.",603686.SS,27.46,0.53,1.207,Yes
1355,"Shanghai Sanmao Enterprise (Group) Co., Ltd.",900922.SS,18.81,0.376,1.184,Yes
1356,"Hunan Junxin Environmental Protection Co., Ltd.",301109.SZ,12.24,0.251,0.654,Yes
1357,"Ping An Bank Co., Ltd.",000001.SZ,9.91,0.205,0.563,Yes
1358,"Guangzhou Tech-Long Packaging Machinery Co.,Ltd.",002209.SZ,20.4,0.405,1.129,Yes
1359,Penghua CSI Chemicals Sub-industry ETF,159870.SZ,13.84,0.282,1.586,Yes
1360,"Sicher Elevator Co., Ltd.",301056.SZ,25.62,0.499,1.215,Yes
1361,"Aerospace Hi-Tech Holding Group Co., Ltd.",000901.SZ,28.98,0.558,1.883,Yes
1362,"Harbin Dongan Auto Engine Co.,Ltd",600178.SS,42.89,0.786,1.249,Yes
1363,IGW S&P Consumer Select ETF (QDII),159529.SZ,12.78,0.263,0.225,Yes
1364,Rastar Group,300043.SZ,23.37,0.46,0.996,Yes
1365,"Jiangsu Changshu Rural Commercial Bank Co., Ltd.",601128.SS,10.42,0.217,0.381,Yes
1366,CCB Principal CNI NEV Battery ETF,159775.SZ,17.07,0.346,1.644,Yes
1367,"Talkweb Information System Co.,Ltd.",002261.SZ,45.76,0.836,2.014,Yes
1368,Shanghai SK Petroleum & Chemical Equipment Corporation Ltd.,002278.SZ,25.84,0.508,0.92,Yes
1369,"Sichuan Xichang Electric Power Co.,Ltd.",600505.SS,26.26,0.515,0.39,Yes
1370,CMF CSI Power Battery ETF,561910.SS,19.55,0.394,1.682,Yes
1371,"Fujian Forecam Optics Co., Ltd.",688010.SS,37.24,0.703,1.362,Yes
1372,Hwabao WP CSI New Materials ETF,516360.SS,16.02,0.328,1.72,Yes
1373,"Central China Land Media CO.,LTD",000719.SZ,14.25,0.294,0.401,Yes
1374,ICBCCS CNI HKC Innovative Drug ETF,159217.SZ,17.11,0.349,0.302,Yes
1375,Henan Zhongyuan Expressway Company Limited,600020.SS,8.19,0.173,0.284,Yes
1376,"Nanjing Wavelength Opto-Electronic Science & Technology Co.,Ltd.",301421.SZ,37.93,0.716,2.821,Yes
1377,Harvest Fund Management - Harvest Ruixi 3 Year Closed Mixed Fund,501091.SS,8.35,0.177,0.847,Yes
1378,"Suntak Technology Co.,Ltd.",002815.SZ,23.01,0.459,1.874,Yes
1379,"Crystal Clear Electronic Material Co.,Ltd",300655.SZ,30.46,0.591,2.43,Yes
1380,"Guangdong Zhongsheng Pharmaceutical Co., Ltd.",002317.SZ,25.97,0.513,1.448,Yes
1381,Ping An CNI 2000 ETF,159521.SZ,12.56,0.262,1.538,Yes
1382,CPIC SSE STAR Chip Design ETF,588780.SS,38.47,0.727,3.543,Yes
1383,Huatai-PB CSI SHS Brand Nm Drug Ind ETF,517120.SS,13.74,0.285,1.102,Yes
1384,"SUFA Technology Industry Co., Ltd., CNNC",000777.SZ,17.02,0.349,0.852,Yes
1385,"Hangzhou Advance Gearbox Group Co., Ltd.",601177.SS,33.4,0.643,1.035,Yes
1386,"Servyou Software Group Co., Ltd.",603171.SS,23.48,0.469,1.312,Yes
1387,"AVIC Fund Management Co., Ltd.- AVIC Jingneng Photovoltaic Close Fund",508096.SS,6.16,0.132,0.006,Yes
1388,"Huatai Securities Co., Ltd.",601688.SS,15.83,0.327,1.608,Yes
1389,"Fujian SBS Zipper Science&Technology Co., Ltd",002098.SZ,15.9,0.328,0.422,Yes
1390,China Southern CSI Robot ETF,159258.SZ,16.85,0.346,2.022,Yes
1391,"CSG Smart Science&Technology Co.,Ltd.",300222.SZ,30.88,0.601,1.856,Yes
1392,"XCMG Construction Machinery Co., Ltd.",000425.SZ,16.5,0.34,0.853,Yes
1393,"Hang Zhou Iron & Steel Co.,Ltd.",600126.SS,55.44,0.995,1.6,Yes
1394,Fullgoal CSI Battery Thematic Index ETF,561160.SS,19.18,0.392,1.644,Yes
1395,"Guangdong Leadyo IC Testing Co., Ltd.",688135.SS,36.03,0.691,2.597,Yes
1396,"Shenzhen Intellifusion Technologies Co., Ltd.",688343.SS,41.51,0.781,3.091,Yes
1397,"Shenzhen Division Co.,Ltd.",300167.SZ,30.88,0.604,0.781,Yes
1398,"Anhui ZhongDianXinLong Science and Technology Co., Ltd.",002298.SZ,34.65,0.669,1.73,Yes
1399,"Merit Interactive Co.,Ltd.",300766.SZ,52.61,0.957,1.754,Yes
1400,"Shenzhen Sunwin Intelligent Co., Ltd.",300044.SZ,37.0,0.71,1.71,Yes
1401,"Guangdong Hongming Intelligent Joint Stock Co., Ltd.",301105.SZ,15.54,0.324,0.397,Yes
1402,"SuZhou THVOW Technology. Co., Ltd.",002564.SZ,29.13,0.577,0.67,Yes
1403,"China Greatwall Technology Group Co., Ltd.",000066.SZ,27.98,0.556,2.128,Yes
1404,"Shanghai Shuixing Home Textile Co., Ltd.",603365.SS,19.35,0.398,0.697,Yes
1405,Yinhua Xinsheng Flexible Allocation Mixed Fund (LOF),501022.SS,9.89,0.211,1.142,Yes
1406,Greatoo Intelligent Equipment Inc.,002031.SZ,29.83,0.59,1.542,Yes
1407,Huaan CSI SHS Technical 100 ETF,517360.SS,10.76,0.229,1.039,Yes
1408,"Beijing Huayuan Xinhang Holding Co., Ltd.",600743.SS,17.16,0.357,1.171,Yes
1409,"Changzhou Qianhong Biopharma CO.,LTD",002550.SZ,17.15,0.357,0.649,Yes
1410,GF CSI Satellite Industry ETF,512630.SS,32.77,0.642,3.07,Yes
1411,"Hebei Huijin Group Co., Ltd.",300368.SZ,37.2,0.718,1.778,Yes
1412,"Suzhou Longjie Special Fiber Co., Ltd.",603332.SS,31.06,0.613,0.821,Yes
1413,"Guangzhou Tinci Materials Technology Co., Ltd.",002709.SZ,34.17,0.667,1.918,Yes
1414,"Hangzhou Innover Technology Co., Ltd.",002767.SZ,14.09,0.297,0.748,Yes
1415,"Capitalonline Data Service Co., Ltd.",300846.SZ,56.87,1.03,2.195,Yes
1416,"Zhefu Holding Group Co., Ltd.",002266.SZ,15.54,0.327,1.461,Yes
1417,"Zhejiang Zhaolong Interconnect Technology Co.,Ltd.",300913.SZ,36.67,0.711,2.372,Yes
1418,TianHong CSI New Material Theme ETF,159703.SZ,15.58,0.327,1.682,Yes
1419,"Shanghai Carthane Co.,Ltd.",603037.SS,31.6,0.624,1.286,Yes
1420,"Chengdu Rainbow Appliance (Group) Shares Co., Ltd.",003023.SZ,20.16,0.416,1.1,Yes
1421,Shenzhen H&T Intelligent Control Co.Ltd,002402.SZ,32.62,0.642,2.329,Yes
1422,Keeson Technology Corporation Limited,603610.SS,20.39,0.421,1.745,Yes
1423,"Lakala Payment Co., Ltd.",300773.SZ,27.3,0.548,1.816,Yes
1424,"Hengerda New Materials (Fujian) Co., Ltd.",300946.SZ,31.49,0.623,1.314,Yes
1425,Lontium Semiconductor Corporation,688486.SS,29.07,0.581,2.035,Yes
1426,"Gospell Digital Technology Co., Ltd.",002848.SZ,31.62,0.627,1.544,Yes
1427,"Nancal Technology Co.,Ltd",603859.SS,25.2,0.512,1.882,Yes
1428,"DBG Technology Co., Ltd.",300735.SZ,42.0,0.804,1.765,Yes
1429,"Chengdu Kanghong Pharmaceutical Group Co., Ltd",002773.SZ,21.37,0.442,0.77,Yes
1430,"Chengdu Dahongli Machinery Co.,Ltd.",300865.SZ,39.83,0.77,1.0,Yes
1431,"Zhejiang Orient Holdings Group Co., Ltd.",600120.SS,20.13,0.419,0.988,Yes
1432,"Cre8 Direct (NingBo) Co., Ltd.",300703.SZ,25.68,0.523,1.41,Yes
1433,Double Medical Technology Inc.,002901.SZ,18.94,0.396,1.348,Yes
1434,"Jiangsu Jingyuan Environmental Protection Co.,Ltd.",688096.SS,36.3,0.712,1.153,Yes
1435,"Shenzhen Kaizhong Precision Technology Co., Ltd.",002823.SZ,17.48,0.368,0.77,Yes
1436,"Shan Xi Hua Yang Group New Energy Co.,Ltd.",600348.SS,16.27,0.344,0.936,Yes
1437,E Fund Itau Brazil Ibovespa ETF (QDII),520870.SS,18.2,0.383,1.123,Yes
1438,"Danhua Chemical Technology Co.,Ltd",900921.SS,18.12,0.381,0.774,Yes
1439,"Dongguan Development (Holdings) Co., Ltd.",000828.SZ,12.89,0.277,1.052,Yes
1440,"Xiangyang Automobile Bearing Co., Ltd.",000678.SZ,25.49,0.521,1.326,Yes
1441,"Zhejiang Huace Film & TV Co., Ltd.",300133.SZ,31.02,0.623,1.863,Yes
1442,CPIC CSI Fully Semiconductor ETF,512480.SS,24.35,0.501,1.905,Yes
1443,Fullgoal HS SCHK Inno Drug & Hlthcr ETF,159506.SZ,17.01,0.361,1.28,Yes
1444,Harvest CSI Power Battery ETF,562880.SS,18.53,0.391,1.649,Yes
1445,Ping An CSI Auto Components Thematic ETF,159306.SZ,13.45,0.29,1.449,Yes
1446,"Zhewen Interactive Group Co., Ltd.",600986.SS,29.04,0.59,1.526,Yes
1447,"Shanghai Tongji Science&Technology Industrial Co.,Ltd",600846.SS,15.65,0.335,0.8,Yes
1448,E Fund CSI Equip Industry ETF,562910.SS,11.32,0.247,1.355,Yes
1449,"Dagang Holding Group Co.,Ltd.",300103.SZ,22.09,0.462,1.191,Yes
1450,"Shenzhen KSTAR Science and Technology Co., Ltd.",002518.SZ,28.3,0.578,2.588,Yes
1451,"Nanchang Sanrui Intelligence Technology Co., Ltd.",301696.SZ,39.39,0.773,0.732,Yes
1452,"Guangdong Haomei New Materials Co.,Ltd",002988.SZ,21.46,0.45,1.193,Yes
1453,"STO Express Co.,Ltd",002468.SZ,18.99,0.403,1.418,Yes
1454,"Ganzhou Tengyuan Cobalt New Material Co., Ltd.",301219.SZ,28.14,0.576,2.715,Yes
1455,Bosera CSI Dividend Low Vltlty 100 ETF,159307.SZ,7.08,0.158,0.4,Yes
1456,"Jointown Aesthetics Valley Co., Ltd.",000615.SZ,29.63,0.604,0.396,Yes
1457,Penghua SSE STAR New Energy ETF,588830.SS,19.21,0.408,2.03,Yes
1458,ChinaAMC CSI Artificial Intelligence ETF,515070.SS,26.94,0.555,1.736,Yes
1459,"Shandong Head Group Co.,Ltd.",002810.SZ,19.45,0.413,1.417,Yes
1460,"Xizi Clean Energy Equipment Manufacturing Co., Ltd.",002534.SZ,19.67,0.418,1.497,Yes
1461,"Hunan Sundy Science and Technology Co., Ltd",300515.SZ,19.54,0.416,0.899,Yes
1462,"Ningbo Techmation Co.,Ltd.",603015.SS,21.18,0.448,1.412,Yes
1463,"Beijing Interact Technology Co.,Ltd.",300419.SZ,28.36,0.584,2.156,Yes
1464,"Ruida Futures Co.,Ltd.",002961.SZ,20.16,0.429,1.82,Yes
1465,Guotai CSI Robot ETF,159551.SZ,15.71,0.34,1.769,Yes
1466,"Shenzhen SunXing Light Alloys Materials Co.,Ltd.",603978.SS,29.94,0.615,1.335,Yes
1467,"Aerospace Nanhu Electronic Information Technology Co., Ltd.",688552.SS,24.59,0.516,1.571,Yes
1468,Huatai-PB Hang Seng Biotech ETF,513930.SS,14.48,0.316,0.138,No
1469,China Universal CSI Power Battery ETF,159796.SZ,18.28,0.394,1.706,Yes
1470,Ping An CSI 2000 Enhanced Strategy ETF,159556.SZ,12.2,0.269,1.423,Yes
1471,ZCZL Industrial Technology Group Company Limited,601717.SS,18.18,0.392,1.045,Yes
1472,"Guangdong SACA Precision Manufacturing Co., Ltd.",300464.SZ,27.28,0.568,1.451,Yes
1473,E Fund HS SCHK Innovative Drug ETF,159316.SZ,15.18,0.333,0.198,Yes
1474,Zhongou Asset Management Co Ltd - Zhong Ou Hengli Three Years Regular Open Hybrid Fund,166024.SZ,10.99,0.245,1.344,Yes
1475,"Hangzhou Jizhi Mechatronic Co., Ltd.",300553.SZ,31.04,0.64,1.802,Yes
1476,"Zhejiang Entive Smart Kitchen Appliance Co., Ltd.",300911.SZ,29.41,0.61,1.617,Yes
1477,Wanjia CSI Robot ETF,560630.SS,13.83,0.305,1.942,Yes
1478,"Jiangnan Yifan Motor Co.,Ltd",301023.SZ,17.86,0.388,1.339,Yes
1479,"Guangzhou Sie Consulting Co., Ltd.",300687.SZ,28.82,0.602,2.574,Yes
1480,"Yingde Greatchem Chemicals Co., Ltd.",300804.SZ,29.64,0.617,0.867,Yes
1481,"Kingsignal Technology Co., Ltd.",300252.SZ,24.08,0.512,2.241,Yes
1482,"Guangzhou Anyka Microelectronics Co., Ltd.",688620.SS,22.37,0.48,1.683,Yes
1483,"XTC New Energy Materials(Xiamen) Co.,Ltd.",688778.SS,27.42,0.577,2.348,Yes
1484,"Shifeng Cultural Development Co., Ltd.",002862.SZ,41.47,0.83,0.999,Yes
1485,"Xiamen Zhongchuang Environmental Technology Co., Ltd",300056.SZ,31.99,0.663,2.464,Yes
1486,"Nanjing Hicin Pharmaceutical Co., Ltd.",300584.SZ,30.42,0.635,0.946,Yes
1487,"Fullink Technology Co.,Ltd",301067.SZ,21.35,0.461,0.833,Yes
1488,"Tianjin Jiuri New Materials Co., Ltd.",688199.SS,23.15,0.497,2.072,Yes
1489,Fullgoal CSI SHS Brand Nm Drug Ind ETF,159748.SZ,13.48,0.301,1.184,Yes
1490,"Phoenix Shipping (Wuhan) Co., Ltd.",000520.SZ,42.67,0.854,0.802,Yes
1491,"Bright Real Estate Group Co.,Limited",600708.SS,19.75,0.43,1.166,Yes
1492,"Nanning Department Store Co., Ltd.",600712.SS,21.15,0.459,0.789,Yes
1493,"Dong Yi Ri Sheng Home Decoration Group Co.,Ltd.",002713.SZ,42.95,0.863,1.616,Yes
1494,"EST Tools Co., Ltd",300488.SZ,25.64,0.549,1.917,Yes
1495,"Black Peony (Group) Co., Ltd.",600510.SS,23.61,0.509,2.418,Yes
1496,"Keda Industrial Group Co., Ltd.",600499.SS,17.86,0.394,1.09,Yes
1497,Fullgoal SZSE ChiNext AI ETF,159246.SZ,37.29,0.766,3.189,Yes
1498,"Huafon Microfibre (Shanghai) Co., Ltd.",300180.SZ,30.88,0.649,1.493,Yes
1499,TianHong SSE 50 ETF,530000.SS,5.15,0.12,0.835,Yes
1500,"Sichuan Discovery Dream Science & Technology Co.,Ltd",301213.SZ,21.08,0.461,1.559,Yes
1501,Shanghai Medicilon Inc.,688202.SS,35.02,0.728,2.583,Yes
1502,"Weifang Yaxing Chemical Co., Ltd.",600319.SS,18.25,0.404,1.441,Yes
1503,"Zhejiang Kan Specialities Material Co., Ltd.",002012.SZ,19.05,0.422,1.302,Yes
1504,"Hengbao Co.,Ltd.",002104.SZ,42.15,0.857,1.993,Yes
1505,"Dalian Zhiyun Automation Co., Ltd.",300097.SZ,27.51,0.59,1.791,Yes
1506,"Zhengzhou Jiean Hi-Tech Co.,Ltd.",300845.SZ,20.02,0.442,1.89,Yes
1507,"Nanxing Machinery Co., Ltd.",002757.SZ,16.28,0.365,1.293,Yes
1508,Guangxi Beitou Technology Company Limited,600936.SS,18.44,0.41,0.033,Yes
1509,"Sailun Group Co., Ltd.",601058.SS,15.18,0.342,1.124,Yes
1510,"Jahen Household Products Co., Ltd.",300955.SZ,21.93,0.482,1.375,Yes
1511,"Jiangxi Everbright Measurement And Control Technology Co.,Ltd.",300906.SZ,14.23,0.323,0.956,Yes
1512,"Hunan Development Group Co., Ltd.",000722.SZ,13.73,0.312,0.742,Yes
1513,"Hunan Zhongke Electric Co., Ltd.",300035.SZ,20.76,0.459,1.615,Yes
1514,"Jiangsu JIXIN Wind Energy Technology Co., Ltd.",601218.SS,15.71,0.355,0.796,Yes
1515,"Inner Mongolia First Machinery Group Co.,Ltd.",600967.SS,21.13,0.468,1.256,Yes
1516,"Xiangxue Pharmaceutical Co.,Ltd.",300147.SZ,41.95,0.861,0.743,Yes
1517,"Changshu Tongrun Auto Accessory Co., Ltd.",603201.SS,12.91,0.296,0.888,Yes
1518,"Leshan Electric Power Co.,Ltd",600644.SS,27.2,0.589,0.18,Yes
1519,Guotai CSI HK Connect Technology ETF,513020.SS,14.81,0.337,1.32,Yes
1520,"Sichuan Yahua Industrial Group Co., Ltd.",002497.SZ,22.65,0.499,1.958,Yes
1521,E Fund CSI HK Health Care Composite ETF,513200.SS,15.33,0.348,1.294,Yes
1522,"Weifu High-Technology Group Co., Ltd.",000581.SZ,13.13,0.301,1.012,Yes
1523,"Hangzhou Huasu Technology Co.,Ltd.",301157.SZ,17.9,0.402,1.194,Yes
1524,"Tonghua Golden-Horse Pharmaceutical Industry Co,Ltd",000766.SZ,20.04,0.446,0.861,Yes
1525,"Sunny Loan Top Co.,Ltd.",600830.SS,21.1,0.468,1.498,Yes
1526,"Tellhow Sci-Tech Co., Ltd.",600590.SS,37.98,0.792,2.312,Yes
1527,"Daqian Ecology&Environment Group Co.,Ltd.",603955.SS,45.36,0.924,1.175,Yes
1528,XINGYIN CSI HKC Technology ETF,513560.SS,13.97,0.32,1.253,Yes
1529,Rianlon Corporation,300596.SZ,18.95,0.425,2.012,Yes
1530,"Zhongyan Technology Co., Ltd.",003001.SZ,28.23,0.611,0.317,No
1531,"Zhejiang AngLiKang Pharmaceutical CO.,LTD.",002940.SZ,48.97,0.987,1.398,Yes
1532,"Shanghai Zhangjiang Hi-Tech Park Development Co., Ltd.",600895.SS,23.3,0.515,2.03,Yes
1533,"JiShi Media Co., Ltd.",601929.SS,45.55,0.929,2.798,Yes
1534,"Hangzhou Weiguang Electronic Co.,Ltd.",002801.SZ,17.07,0.387,1.56,Yes
1535,"Shanghai Mechanical & Electrical Industry Co.,Ltd.",600835.SS,19.42,0.436,1.449,Yes
1536,"China Post Technology Co., Ltd.",688648.SS,55.28,1.094,1.722,Yes
1537,"Zhejiang Weigang Technology Co., Ltd.",001256.SZ,20.05,0.45,1.052,Yes
1538,CEVIA Enviro Inc.,000885.SZ,7.38,0.174,0.576,Yes
1539,"Zhejiang XinNong Chemical Co.,Ltd.",002942.SZ,19.61,0.441,1.226,Yes
1540,Huatai-PB CSI HK Connect Technology ETF,513150.SS,14.0,0.322,1.267,Yes
1541,Bosera CSI New Energy Vehicles ETF,159824.SZ,14.57,0.335,1.627,Yes
1542,"Suzhou Alton Electrical & Mechanical Industry Co., Ltd.",301187.SZ,19.42,0.438,1.134,Yes
1543,"Kuangda Technology Group Co., Ltd.",002516.SZ,13.69,0.317,1.275,Yes
1544,Loongson Technology Corporation Limited,688047.SS,27.16,0.596,2.393,Yes
1545,"Nanjing Port Co., Ltd.",002040.SZ,18.72,0.425,0.888,Yes
1546,"ZOY Home Furnishing Co.,Ltd",603709.SS,16.1,0.369,0.897,Yes
1547,"Guangdong JingYi Metal CO.,Ltd",002295.SZ,20.25,0.457,1.017,Yes
1548,Ninebot Limited,689009.SS,16.73,0.383,0.941,Yes
1549,E Fund CSI China Main Low Carbon Eco ETF,516070.SS,9.69,0.229,1.035,Yes
1550,"Zhe Jiang Dali Technology Co.,Ltd",002214.SZ,19.98,0.452,1.452,Yes
1551,HFT CSI Hong Kong Connect Technology ETF,513860.SS,13.94,0.324,1.266,Yes
1552,ChinaAMC CSI Smart Selected 1000 Value Stable Index ETF,562530.SS,8.01,0.191,0.874,Yes
1553,Tibet Eastmoney CSI Nw Engy Vhcl Ind ETF,159637.SZ,14.67,0.34,1.685,Yes
1554,BS CSI Chengdu-Chongqing Economic Circle Component ETF,159623.SZ,10.15,0.24,1.379,Yes
1555,"Suzhou Veichi Electric Co., Ltd.",688698.SS,28.32,0.623,1.38,Yes
1556,"Guangdong Tianan New Material Co., Ltd.",603725.SS,15.88,0.367,1.261,Yes
1557,"Changchun Gas Co,.Ltd",600333.SS,18.81,0.43,0.83,Yes
1558,"Shanghai Holystar Information Technology Co., Ltd.",688330.SS,17.29,0.398,1.377,Yes
1559,"Shanghai Jinjiang Shipping (Group) Co., Ltd.",601083.SS,11.17,0.264,0.661,Yes
1560,"Suzhou West Deane New Power Electric Co.,Ltd.",603312.SS,12.07,0.284,1.017,Yes
1561,"Shanghai Electric Group Co., Ltd.",601727.SS,29.15,0.642,0.932,Yes
1562,"Guangdong Taienkang Pharmaceutical Co., Ltd.",301263.SZ,16.85,0.389,1.133,Yes
1563,"Chengdu New Tianfu Culture Tourism Development Co., Ltd.",000558.SZ,18.84,0.432,0.817,Yes
1564,Penghua CSI HK Connect Technology ETF,159751.SZ,14.1,0.33,1.329,Yes
1565,"Jiangsu Apon Medical Technology Co., Ltd.",300753.SZ,20.95,0.477,0.89,Yes
1566,Guotai CSI SHS Brand Nm Drug Ind ETF,517110.SS,12.54,0.295,1.137,Yes
1567,Xinjiang East Universe Gas Co.Ltd.,603706.SS,14.2,0.333,0.729,Yes
1568,"Wuxi Lead Intelligent Equipment CO.,LTD.",300450.SZ,31.31,0.687,2.524,Yes
1569,"Hunan TV & Broadcast Intermediary Co., Ltd.",000917.SZ,23.03,0.522,1.116,Yes
1570,ChinaAMC Bradesco Brazil IBOV ETF (QDII),159100.SZ,22.04,0.501,1.27,Yes
1571,"Changhong Meiling Co., Ltd.",200521.SZ,12.9,0.304,0.729,Yes
1572,"Hubei Yihua Chemical Industry Co., Ltd.",000422.SZ,15.63,0.365,1.157,Yes
1573,"Shenzhen Centralcon Investment Holding Co., Ltd.",000042.SZ,21.51,0.491,1.391,Yes
1574,"Fuchun Dye and Weave Group Co., Ltd.",605189.SS,17.12,0.397,0.685,Yes
1575,"Suzhou Shihua New Material Technology Co., Ltd.",688093.SS,19.71,0.453,1.425,Yes
1576,"Inner Mongolia Baotou Steel Union Co., Ltd.",600010.SS,18.71,0.432,1.409,Yes
1577,"Zhuhai Enpower Electric Co.,Ltd.",300681.SZ,25.96,0.583,1.718,Yes
1578,Penghua CSI HKC Health Care CompositeETF,513700.SS,14.19,0.335,1.247,Yes
1579,"Elite Color Environmental Resources Science & Technology Co., Ltd.",002998.SZ,14.99,0.353,0.996,Yes
1580,"Beijing Enlight Media Co., Ltd",300251.SZ,46.03,0.966,1.622,Yes
1581,"GHT Co.,Ltd",300711.SZ,22.57,0.516,2.027,Yes
1582,TianHong CSI Robot ETF,159770.SZ,14.38,0.34,1.816,Yes
1583,"Qingdao Kutesmart Co.,Ltd.",300840.SZ,26.28,0.592,0.778,Yes
1584,Ping An CSI New En Car Ind ETF,515700.SS,14.36,0.34,1.666,Yes
1585,"Anhui Estone Materials Technology Co.,Ltd",688733.SS,25.29,0.573,2.202,Yes
1586,"GuangDong Leary New Material Technology Co.,Ltd.",688683.SS,20.3,0.469,1.889,Yes
1587,"ENN Natural Gas Co., Ltd.",600803.SS,12.23,0.292,0.073,Yes
1588,"Beijing Zhongkehaixun Digital S&T Co., Ltd.",300810.SZ,29.89,0.667,1.507,Yes
1589,Guotai CSI New Energy Vehicles ETF,159806.SZ,14.5,0.344,1.686,Yes
1590,"Zijin Longking Co., Ltd.",600388.SS,14.51,0.344,0.823,Yes
1591,Tibet Eastmoney CSISHHKSZ In Drg Ids ETF,159622.SZ,12.52,0.299,1.179,Yes
1592,"Shanghai NAR Industrial Co., Ltd",002825.SZ,12.53,0.3,0.757,Yes
1593,"Baosheng Science and Technology Innovation Co.,Ltd.",600973.SS,21.04,0.487,1.568,Yes
1594,"BGRIMM Technology Co., Ltd.",600980.SS,19.52,0.455,1.493,Yes
1595,"Sichuan Shengda Forestry Industry Co., Ltd",002259.SZ,22.33,0.515,0.816,Yes
1596,"Shenzhen Sea Star Technology Co.,Ltd",002137.SZ,20.14,0.47,1.399,Yes
1597,"Oriental Pearl Group Co.,Ltd.",600637.SS,12.01,0.29,1.227,Yes
1598,"Zhuzhou Tianqiao Crane Co., Ltd.",002523.SZ,12.89,0.31,0.629,Yes
1599,"Hangzhou Shunwang Technology Co,Ltd",300113.SZ,17.97,0.424,1.463,Yes
1600,Ling Yun Industrial Corporation Limited,600480.SS,15.85,0.377,0.996,Yes
1601,"Guizhou Aviation Technical Development Co., Ltd",688239.SS,23.19,0.536,2.224,Yes
1602,"Tianjin LVYIN Landscape and Ecology Construction Co., Ltd",002887.SZ,12.16,0.294,0.801,Yes
1603,IGW CSI HK Connect Technology ETF,513980.SS,13.72,0.33,1.252,Yes
1604,"Beijing Sinnet Technology Co.,Ltd",300383.SZ,20.18,0.472,1.476,Yes
1605,"GRG Metrology & Test Group Co., Ltd.",002967.SZ,16.15,0.384,1.208,Yes
1606,"Impulse (Qingdao) Health Tech Co.,Ltd.",002899.SZ,20.1,0.471,1.978,Yes
1607,Ping An CSI HK Health Care Composite ETF,159718.SZ,14.3,0.343,1.283,Yes
1608,"Chongqing Fenghwa Group Co., Ltd.",600615.SS,16.83,0.4,1.042,Yes
1609,Shanghai Fudan Microelectronics Group Company Limited,688385.SS,24.37,0.563,2.528,Yes
1610,CCB Principal SSE Social Resp ETF,510090.SS,6.14,0.153,0.653,Yes
1611,"Zhejiang Shuanghuan Driveline Co.,Ltd.",002472.SZ,17.43,0.414,1.585,Yes
1612,"Rongcheer Industrial Technology (Suzhou) Co., Ltd.",301360.SZ,26.93,0.617,2.112,Yes
1613,"Hefei Taihe Intelligent Technology Group Co.,Ltd.",603656.SS,42.74,0.925,0.461,Yes
1614,"Hanyu Group Joint-Stock Co., Ltd.",300403.SZ,24.1,0.558,1.625,Yes
1615,"Shanghai Yaohua Pilkington Glass Group Co., Ltd.",900918.SS,9.83,0.241,0.831,Yes
1616,"Lanzhou GreatWall Electrical Co., Ltd",600192.SS,20.14,0.474,1.05,Yes
1617,"Zhejiang Sanhua Intelligent Controls Co.,Ltd",002050.SZ,24.25,0.562,2.085,Yes
1618,"Wuxi Best Precision Machinery Co., Ltd.",300580.SZ,23.99,0.557,1.954,Yes
1619,"Jiangsu Lihua Foods Group Co., Ltd",300761.SZ,13.06,0.317,0.859,Yes
1620,China Telecom Corporation Limited,601728.SS,9.43,0.232,0.126,Yes
1621,"Square Technology Group Co.,Ltd",603339.SS,13.39,0.324,1.357,Yes
1622,"HUNAN RESUN Co., Ltd.",001218.SZ,10.86,0.266,1.108,Yes
1623,"Guosen Securities Co., Ltd.",002736.SZ,11.09,0.271,1.195,Yes
1624,"Beijing Beilu Pharmaceutical Co., Ltd.",300016.SZ,18.5,0.44,1.121,Yes
1625,"Guangdong Mingyang Electric Co.,Ltd.",301291.SZ,20.15,0.476,1.242,Yes
1626,"Sijin Intelligent Forming Machinery Co., Ltd.",003025.SZ,12.73,0.31,1.061,Yes
1627,Harvest SZSE Fundamental 120 ETF,159910.SZ,7.36,0.183,1.047,Yes
1628,"Guangdong Yangshan United Precision Manufacturing Co., Ltd.",001268.SZ,22.96,0.537,1.855,Yes
1629,"HNA Technology Co.,Ltd.",900938.SS,13.42,0.326,0.972,Yes
1630,"Zhejiang Golden Eagle Co.,Ltd.",600232.SS,12.43,0.304,0.905,Yes
1631,Hwabao WP CSI 800 Div Low Vol ETF,159355.SZ,5.49,0.138,0.333,No
1632,"Shanghai CDXJ Digital Technology Co.,Ltd",603887.SS,53.93,1.134,0.55,Yes
1633,"ZHEJIANG DIBAY ELECTRIC CO.,Ltd.",603320.SS,15.75,0.38,1.197,Yes
1634,"Qinhuangdao Port Co., Ltd.",601326.SS,7.85,0.196,0.293,Yes
1635,JDM JingDaMachine (Ningbo) Co.Ltd,603088.SS,16.45,0.397,1.47,Yes
1636,Fullgoal CSI Satellite Industry ETF,563230.SS,26.57,0.616,2.96,Yes
1637,"Yibin Paper Industry Co., Ltd.",600793.SS,29.31,0.675,0.497,Yes
1638,Sichuan Chengfei Integration Technology Corp.Ltd,002190.SZ,32.18,0.733,1.911,Yes
1639,Chongqing Qin'an M&E PLC.,603758.SS,20.62,0.491,1.27,Yes
1640,"Ganfeng Lithium Group Co., Ltd.",002460.SZ,22.2,0.525,1.834,Yes
1641,Hubei Chaozhuo Aviation Technology Group Co. Ltd.,688237.SS,21.88,0.519,1.486,Yes
1642,China CSSC Holdings Limited,600150.SS,13.62,0.334,0.952,Yes
1643,Greattown Holdings Ltd.,600094.SS,21.29,0.507,1.401,Yes
1644,"Cashway Fintech Co.,Ltd.",603106.SS,35.52,0.802,2.565,Yes
1645,"Guangdong Advertising Group Co.,Ltd",002400.SZ,19.37,0.465,1.287,Yes
1646,ChinaAMC CSI New En Car Ind ETF,515030.SS,13.79,0.339,1.638,Yes
1647,"Changzhou Tronly New Electronic Materials Co., Ltd.",300429.SZ,27.11,0.632,2.114,Yes
1648,"Shanghai YongLi Belting Co., Ltd",300230.SZ,12.82,0.317,1.262,Yes
1649,ChinaAMC CSI Robot ETF,562500.SS,13.71,0.338,1.792,Yes
1650,"Dashang Co., Ltd.",600694.SS,12.33,0.306,0.729,Yes
1651,E Fund CSI Smart Electric Car ETF,516590.SS,11.73,0.293,1.424,Yes
1652,"Shandong Sunway Chemical Group Co., Ltd.",002469.SZ,17.78,0.433,0.745,Yes
1653,"Sichuan Road & Bridge Group Co.,Ltd",600039.SS,13.31,0.33,0.28,Yes
1654,ChinaAMC CSI Equip Industry ETF,516320.SS,9.82,0.247,1.357,Yes
1655,Jiayun Technology Inc.,300242.SZ,27.12,0.637,1.975,Yes
1656,"Touchstone International Medical Science Co., Ltd.",688013.SS,19.98,0.483,1.519,Yes
1657,"Digital China Group Co., Ltd.",000034.SZ,20.56,0.497,1.894,Yes
1658,"Sirio Pharma Co., Ltd.",300791.SZ,15.51,0.383,1.129,Yes
1659,"Guangdong Kitech New Material Holding Co.,Ltd.",300995.SZ,24.41,0.582,1.297,Yes
1660,CIB CSI All Share Free Cash Flow ETF,563620.SS,7.53,0.193,0.151,Yes
1661,"Hydsoft Technology Co.,Ltd.",301316.SZ,22.79,0.549,2.1,Yes
1662,Anhui XDLK Microsystem Corporation Limited,688582.SS,21.07,0.511,1.888,Yes
1663,"Anhui Sierte Fertilizer Industry Ltd.,Company",002538.SZ,12.0,0.302,0.97,Yes
1664,INESA Intelligent Tech Inc.,600602.SS,23.28,0.56,1.702,Yes
1665,NOVA Technology Corporation Limited,300921.SZ,16.91,0.417,1.674,Yes
1666,"Wuchan Zhongda Group Co.,Ltd.",600704.SS,8.49,0.217,0.908,Yes
1667,Shanghai Bloom Technology Inc,603325.SS,13.84,0.346,0.881,Yes
1668,"Wuxi Xinjie Electric Co., Ltd.",603416.SS,15.2,0.379,1.496,Yes
1669,"Shenzhen Rapoo Technology Co., Ltd.",002577.SZ,15.1,0.377,0.991,Yes
1670,"Zhejiang Huangma Technology Co.,Ltd",603181.SS,17.11,0.423,1.957,Yes
1671,"Jiangsu Guotai International Group Co., Ltd.",002091.SZ,9.66,0.247,0.833,Yes
1672,"Grand Industrial Holding Co.,Ltd",000626.SZ,16.65,0.414,0.854,Yes
1673,IGW CSI Dividend volatiy ETF,515100.SS,5.83,0.152,0.414,Yes
1674,"Zhejiang Jingxing Paper Joint Stock Co., Ltd.",002067.SZ,18.07,0.447,0.698,Yes
1675,"Gosuncn Technology Group Co., Ltd.",300098.SZ,18.77,0.463,1.573,Yes
1676,Hubei Xiangyuan New Material Technology Inc.,300980.SZ,19.86,0.488,0.95,Yes
1677,"Guizhou Zhongyida Co., Ltd",600610.SS,46.14,1.031,1.566,Yes
1678,"Yantai China Pet Foods Co., Ltd.",002891.SZ,16.87,0.42,0.236,Yes
1679,E Fund CSI 300 Non-bank Financial Exchange-Traded Open-end Index Fund,512070.SS,10.77,0.275,1.349,Yes
1680,"Beijing Navigation Control Technology Co.,Ltd.",688282.SS,20.7,0.509,1.301,Yes
1681,Penghua CNI Green Electricity ETF,159067.SZ,7.03,0.183,,
1682,"Xinjiang Machinery Research Institute Co., Ltd.",300159.SZ,29.55,0.703,1.761,Yes
1683,"ROPEOK Technology Group Co., Ltd.",688619.SS,19.1,0.473,1.837,Yes
1684,"Zhuzhou Times New Material Technology Co., Ltd.",600458.SS,18.19,0.452,1.627,Yes
1685,Focus Hotmelt Company Ltd.,301283.SZ,12.85,0.327,1.448,Yes
1686,"China Pacific Insurance (Group) Co., Ltd.",601601.SS,14.45,0.365,0.993,Yes
1687,"Shenzhen Cereals Holdings Co.,Ltd.",200019.SZ,3.67,0.097,0.226,Yes
1688,INESA Intelligent Tech Inc.,900901.SS,10.11,0.26,0.958,Yes
1689,"Jiangsu Rongtai Industry Co., Ltd.",605133.SS,21.66,0.533,2.058,Yes
1690,"Shang Gong Group Co., Ltd.",600843.SS,34.13,0.801,0.679,Yes
1691,"YouYou Foods Co., Ltd.",603697.SS,17.34,0.434,1.056,Yes
1692,"Yuan Cheng Cable Co.,Ltd.",002692.SZ,18.23,0.455,0.856,Yes
1693,"Zhejiang Medicine Co., Ltd.",600216.SS,13.04,0.332,0.65,Yes
1694,Hwabao WP CSI Smart Electric Car ETF,516380.SS,11.56,0.297,1.447,Yes
1695,IGW National Securities Robot Idsty ETF,159559.SZ,13.46,0.343,1.748,Yes
1696,"Guangzhou Yuexiu Capital Holdings Group Co., Ltd.",000987.SZ,14.1,0.359,1.654,Yes
1697,"Shanghai Phoenix Enterprise (Group) Co., Ltd.",600679.SS,12.87,0.33,0.516,Yes
1698,Jadard Technology Inc.,688252.SS,18.29,0.459,1.657,Yes
1699,"Markor International Home Furnishings Co., Ltd.",600337.SS,19.7,0.491,1.606,Yes
1700,"Chongqing VDL Electronics Co., Ltd.",301121.SZ,20.87,0.519,1.551,Yes
1701,"Luolai Lifestyle Technology Co., Ltd.",002293.SZ,11.61,0.3,0.744,Yes
1702,"Hangzhou Fortune Gas Cryogenic Group Co., Ltd.",603173.SS,17.38,0.439,1.573,Yes
1703,"Sichuan Mingxing Electric Power Co., Ltd.",600101.SS,21.77,0.54,0.647,Yes
1704,"Ningbo Gaofa Automotive Control System Co., Ltd.",603788.SS,13.96,0.358,0.752,Yes
1705,"QITIAN Technology Group Co., Ltd.",300061.SZ,44.69,1.023,3.094,Yes
1706,Yinhua CSI HK Health Care Composite ETF,159776.SZ,13.22,0.34,1.289,Yes
1707,"Liaoning Oxiranchem,Inc.",300082.SZ,17.24,0.437,1.482,Yes
1708,"Nanjing Putian Telecommunications Co., Ltd.",200468.SZ,23.24,0.576,0.698,Yes
1709,"Gem-Year Industrial Co.,Ltd.",601002.SS,12.49,0.323,0.725,Yes
1710,"NanJing Sanchao Advanced Materials Co.,Ltd.",300554.SZ,20.71,0.518,1.639,Yes
1711,Omnijoi Media Corporation,300528.SZ,36.24,0.856,1.426,Yes
1712,"Zhejiang Renzhi Co., Ltd.",002629.SZ,21.71,0.541,1.029,Yes
1713,China Universal CSI New En Car Ind ETF,516390.SS,13.31,0.344,1.698,Yes
1714,"Brother Enterprises Holding Co.,Ltd.",002562.SZ,14.82,0.38,1.203,Yes
1715,Shandong High Speed Renewable Energy Group Limited,000803.SZ,16.3,0.416,1.259,Yes
1716,Bosera CNI Top House Apps ETF,159730.SZ,8.03,0.213,1.055,Yes
1717,"Guangzhou Tongda Auto Electric Co., Ltd",603390.SS,24.42,0.605,1.37,Yes
1718,Yinhua CSI Robot ETF,562360.SS,12.75,0.331,1.738,Yes
1719,"Zhejiang Jindun Fans Co., Ltd",300411.SZ,56.8,1.258,1.084,Yes
1720,"Hefei Jingsong Intelligent Technology Co.,Ltd.",688251.SS,18.73,0.475,0.822,Yes
1721,"Qingdao Rural Commercial Bank Co., Ltd.",002958.SZ,8.24,0.218,0.455,Yes
1722,Huaan CSI New Energy Vehicles ETF,516660.SS,12.87,0.335,1.618,Yes
1723,"Xueda (Xiamen) Education Technology Group Co., Ltd",000526.SZ,20.38,0.515,0.656,Yes
1724,Beijing Hanbang Technology Corp.,300449.SZ,16.91,0.434,1.287,Yes
1725,"Guangdong Wanlima Industry Co. ,Ltd",300591.SZ,29.49,0.721,1.617,Yes
1726,"Suzhou Jinfu Technology Co., Ltd.",300128.SZ,22.14,0.557,2.133,Yes
1727,"Chutian Dragon Co., Ltd.",003040.SZ,29.19,0.715,1.594,Yes
1728,"Nanjing LES Information Technology Co., Ltd.",688631.SS,38.38,0.911,1.576,Yes
1729,"Shanghai Yaohua Pilkington Glass Group Co., Ltd.",600819.SS,11.38,0.299,0.882,Yes
1730,Runner (Xiamen) Corp.,603408.SS,12.34,0.324,0.882,Yes
1731,"Guangdong Jinming Machinery Co., Ltd.",300281.SZ,21.07,0.533,1.451,Yes
1732,"Ccoop Group Co., Ltd",000564.SZ,22.88,0.575,0.91,Yes
1733,"East Money Information Co.,Ltd.",300059.SZ,24.14,0.604,3.047,Yes
1734,"Jiangsu Wanlin Modern Logistics Co., Ltd.",603117.SS,19.81,0.505,0.103,Yes
1735,"Sunsea AIoT Technology Co., Ltd.",002313.SZ,20.14,0.513,1.503,Yes
1736,"Shenzhen Comix Group Co., Ltd.",002301.SZ,17.22,0.444,1.034,Yes
1737,"Huaxia Fund Management Co.,Ltd. - China Resources Youchao REIT",508077.SS,6.98,0.188,0.232,Yes
1738,Beijing Haitian Ruisheng Science Technology Ltd.,688787.SS,23.58,0.595,1.954,Yes
1739,"Sunyard Technology Co.,Ltd",600571.SS,20.94,0.534,1.672,Yes
1740,CICC MSCI China A Quality ETF,515910.SS,9.06,0.243,1.389,Yes
1741,"SPIC Industry-Finance Holdings Co., Ltd.",000958.SZ,35.32,0.855,0.229,Yes
1742,"Wolong New Energy Group Co., Ltd.",600173.SS,19.69,0.506,1.094,Yes
1743,"Fujian Raynen Technology Co., Ltd.",603933.SS,15.84,0.414,1.448,Yes
1744,"Ningxia Xiaoming Agriculture & Animal Husbandry Co.,Ltd",300967.SZ,18.71,0.483,1.132,Yes
1745,"Anhui Wanwei Updated High-Tech Material Industry Co.,Ltd",600063.SS,12.83,0.34,1.46,Yes
1746,"Fujian Expressway Development Co.,Ltd",600033.SS,7.45,0.202,0.09,Yes
1747,"Shenzhen Senior Technology Material Co., Ltd.",300568.SZ,18.91,0.489,1.883,Yes
1748,"Suzhou Victory Precision Manufacture Co., Ltd.",002426.SZ,19.3,0.499,1.168,Yes
1749,"Xianhe Co.,Ltd.",603733.SS,12.73,0.338,1.642,Yes
1750,Bosera Heng seng Health Care ETF(QDII),513060.SS,12.6,0.335,1.262,Yes
1751,"UniTTEC Co.,Ltd",000925.SZ,17.96,0.468,1.749,Yes
1752,"Zhejiang Cayi Vacuum Container Co., Ltd.",301004.SZ,16.16,0.424,0.079,Yes
1753,Guoyuan Securities Company Limited,000728.SZ,10.7,0.288,1.462,Yes
1754,"Xiangtan Electrochemical Scientific Co.,Ltd",002125.SZ,17.43,0.456,1.656,Yes
1755,"Invengo Information Technology Co.,Ltd.",002161.SZ,15.79,0.416,1.319,Yes
1756,"SYoung Group Co., Ltd.",300740.SZ,19.69,0.511,2.031,Yes
1757,Guotai CNI Grain Industry ETF,159033.SZ,16.01,0.421,0.161,No
1758,E Fund CSI National Defense Ind ETF,512560.SS,10.76,0.29,1.453,Yes
1759,"Zhonghong Pulin Medical Products Co., Ltd.",300981.SZ,18.68,0.487,0.776,Yes
1760,"Shanghai Karon Eco-Valve Manufacturing Co., Ltd.",301151.SZ,15.29,0.405,1.12,Yes
1761,"Xinjiang Tianfu Energy Co., Ltd.",600509.SS,14.71,0.391,0.61,Yes
1762,"Zhejiang Red Dragonfly Footwear Co., Ltd.",603116.SS,15.34,0.407,0.888,Yes
1763,"Ningbo BaoSi Energy Equipment Co., Ltd.",300441.SZ,12.42,0.334,0.923,Yes
1764,"Shenzhen Ampron Technology Co., Ltd.",301413.SZ,26.77,0.681,2.012,Yes
1765,"Shenzhen Tellus Holding Co., Ltd.",200025.SZ,8.47,0.232,0.333,Yes
1766,"Shanghai Chinafortune Co., Ltd.",600621.SS,11.31,0.306,1.296,Yes
1767,Shenzhen Fluence Technology PLC.,300647.SZ,19.95,0.522,1.456,Yes
1768,"Mudanjiang Hengfeng Paper Co.,Ltd",600356.SS,10.4,0.283,0.955,Yes
1769,"Shanghai Amarsoft Information & Technology Co.,Ltd",300380.SZ,29.24,0.739,2.987,Yes
1770,"Dnake (Xiamen) Intelligent Technology Co., Ltd.",300884.SZ,14.76,0.394,1.541,Yes
1771,"Chengdu Easton Biopharmaceuticals Co., Ltd.",688513.SS,18.67,0.491,0.911,Yes
1772,"Tianjin Benefo Tejing Electric Co., Ltd.",600468.SS,20.06,0.525,1.091,Yes
1773,"Anshan Hifichem Co., Ltd.",300758.SZ,18.05,0.476,1.726,Yes
1774,"Cedar Development Co.,Ltd.",002485.SZ,17.58,0.466,0.282,Yes
1775,"Sichuan Guangan Aaa Public Co.,Ltd",600979.SS,11.71,0.318,0.562,Yes
1776,"Zhengzhou Tiamaes Technology Co., Ltd.",300807.SZ,19.89,0.523,1.531,Yes
1777,"Shenzhen Mingdiao Decoration Co.,Ltd.",002830.SZ,14.99,0.402,1.248,Yes
1778,"Global Infotech Co., Ltd.",300465.SZ,21.22,0.556,1.857,Yes
1779,"Earth-Panda Advanced Magnetic Material Co.,Ltd.",688077.SS,20.01,0.528,2.119,Yes
1780,CMF CSI HK Tech ETF(QDII),159750.SZ,11.36,0.31,1.189,Yes
1781,"BlueSword Intelligent Technology Co., Ltd.",688557.SS,15.83,0.425,1.736,Yes
1782,"Urovo Technology Co., Ltd.",300531.SZ,15.55,0.418,0.706,Yes
1783,"Tiansheng Pharmaceutical Group Co., Ltd.",002872.SZ,11.22,0.307,0.415,Yes
1784,Fullgoal CSI Dividend Low Volatility ETF,159525.SZ,5.33,0.15,0.204,Yes
1785,"Shenzhen Minkave Technology Co., Ltd.",300506.SZ,33.9,0.852,1.625,Yes
1786,"Jiangsu Xiehe Electronic Co.,Ltd.",605258.SS,16.59,0.446,0.942,Yes
1787,"Shenzhen Feima International Supply Chain Co., Ltd.",002210.SZ,15.79,0.426,1.313,Yes
1788,China Universal CS SH Stated Owned ETF,510810.SS,6.53,0.183,0.909,Yes
1789,"YTO Express Group Co.,Ltd.",600233.SS,12.51,0.342,0.767,Yes
1790,"Nanjing Julong Science & Technology Co.,LTD",300644.SZ,14.39,0.391,1.338,Yes
1791,"Xinjiang Hongtong Natural Gas Co., Ltd.",605169.SS,14.05,0.383,1.158,Yes
1792,"Nanjing Canatal Data-Centre Environmental Tech Co., Ltd",603912.SS,15.74,0.426,1.586,Yes
1793,GF CNI Communications ETF,159507.SZ,21.18,0.561,2.0,Yes
1794,"Zhejiang Tiantai Xianghe Industrial Co.,Ltd.",603500.SS,14.06,0.384,1.46,Yes
1795,"Shandong Wohua Pharmaceutical Co., Ltd.",002107.SZ,11.84,0.327,0.998,Yes
1796,"Muyuan Foods Group Co., Ltd.",002714.SZ,10.74,0.298,1.138,Yes
1797,"Qinhuangdao Tianqin Equipment Manufacturing Co.,Ltd.",300922.SZ,18.23,0.491,0.761,Yes
1798,FS Development Investment Holdings,300071.SZ,21.77,0.579,1.353,Yes
1799,NANHUA CSI HZ ETF,512870.SS,9.59,0.268,1.551,Yes
1800,"Nanjing Public Utilities Development Co., Ltd.",000421.SZ,15.08,0.412,0.603,Yes
1801,"EVE Energy Co., Ltd.",300014.SZ,20.76,0.555,2.126,Yes
1802,Guotai CSI Computer Theme ETF,512720.SS,13.04,0.36,1.981,Yes
1803,Tianjin Pharmaceutical Da Ren Tang Group Corporation Limited,600329.SS,14.26,0.392,1.479,Yes
1804,Tibet Eastmoney CSI Scrts Cmpny 30 ETF,159692.SZ,10.57,0.295,1.551,Yes
1805,"Changchun UP Optotech Co.,Ltd.",002338.SZ,19.45,0.524,2.045,Yes
1806,"Lier Chemical Co.,LTD.",002258.SZ,14.47,0.399,0.918,Yes
1807,"Chongqing Sulian Plastic Co.,Ltd.",301397.SZ,21.23,0.57,1.974,Yes
1808,"Xiamen Jihong Co., Ltd",002803.SZ,19.15,0.519,2.173,Yes
1809,"Chengdu Qushui Science and Technology Co., Ltd.",301336.SZ,16.96,0.464,1.03,Yes
1810,GF Fund Management Co. Ltd - CSI All Shares Index Fund,159936.SZ,7.3,0.208,1.079,Yes
1811,"Anhui Annada Titanium Industry Co., Ltd.",002136.SZ,12.37,0.345,1.219,Yes
1812,Zhejiang Great Southeast Corp.Ltd,002263.SZ,16.58,0.455,0.849,Yes
1813,"Beijing Yanjing Brewery Co.,Ltd.",000729.SZ,11.58,0.325,0.288,Yes
1814,ChinaAMC ChiNext Low Volatility Val ETF,159966.SZ,11.6,0.326,1.893,Yes
1815,Shanghai Porigine Chemical Material Group Co. Ltd.,603196.SS,22.14,0.596,2.025,Yes
1816,"Wutong Holding Group Co., Ltd.",300292.SZ,15.14,0.419,1.363,Yes
1817,"Zhejiang Yueling Co., Ltd.",002725.SZ,23.1,0.62,0.79,Yes
1818,"Shanghai Huili Building Materials Co., Ltd.",900939.SS,22.5,0.605,0.477,Yes
1819,"G-bits Network Technology (Xiamen) Co., Ltd.",603444.SS,18.49,0.505,2.036,Yes
1820,"Xiamen Sunrise Group Co., Ltd.",002593.SZ,13.69,0.382,0.962,Yes
1821,"Mabwell (Shanghai) Bioscience Co., Ltd.",688062.SS,19.2,0.524,1.913,Yes
1822,"Caitong Securities Co.,Ltd.",601108.SS,9.89,0.281,1.523,Yes
1823,"Tianjin Yiyi Hygiene Products Co.,Ltd",001206.SZ,14.05,0.393,0.842,Yes
1824,"Kangxin New Materials Co., Ltd",600076.SS,15.1,0.42,1.731,Yes
1825,"Zhejiang Chint Electrics Co., Ltd.",601877.SS,10.62,0.301,1.401,Yes
1826,"Bank of Guiyang Co.,Ltd.",601997.SS,6.68,0.193,0.505,Yes
1827,"New JCM Group Co.,Ltd",300157.SZ,19.21,0.527,1.373,Yes
1828,"Jiangyin Haida Rubber And Plastic Co., Ltd.",300320.SZ,15.87,0.441,1.67,Yes
1829,"Wuxi Chemical Equipment Co., Ltd.",001332.SZ,20.65,0.564,1.342,Yes
1830,Fullgoal CSI Security Agency ETF,515850.SS,9.81,0.28,1.459,Yes
1831,China Mobile Limited,600941.SS,6.33,0.183,0.047,No
1832,CRRC Corporation Limited,601766.SS,8.09,0.233,0.308,Yes
1833,"Shandong Lukang Pharmaceutical Co.,Ltd.",600789.SS,10.51,0.299,0.758,Yes
1834,"PharmaResources (Shanghai) Co., Ltd.",301230.SZ,22.55,0.612,1.938,Yes
1835,"Shanghai Jin Jiang Online Network Service Co., Ltd.",600650.SS,27.97,0.744,0.4,Yes
1836,"Zhejiang Tianzhen Technology Co., Ltd.",301356.SZ,16.93,0.47,1.913,Yes
1837,"China Galaxy Securities Co., Ltd.",601881.SS,10.9,0.31,1.346,Yes
1838,"Chengdu Xinzhu Road & Bridge Machinery Co., Ltd.",002480.SZ,12.22,0.347,0.863,Yes
1839,"Apple Flavor & Fragrance Group Co.,Ltd.",603020.SS,15.23,0.427,1.35,Yes
1840,"Senci Electric Machinery Co.,Ltd.",603109.SS,18.03,0.5,1.789,Yes
1841,"Infotmic Co.,Ltd",000670.SZ,15.24,0.428,1.478,Yes
1842,Huatai-PB CSI Entprs Core Cmptvns 50 ETF,561500.SS,7.39,0.215,1.239,Yes
1843,"Hunan Lead Power Technology Group Co., Ltd.",300530.SZ,29.16,0.777,1.637,Yes
1844,"Kunshan Asia Aroma Corp., Ltd.",301220.SZ,18.4,0.511,0.84,Yes
1845,"Zhejiang Yatai Pharmaceutical Co., Ltd.",002370.SZ,22.25,0.609,0.815,Yes
1846,TianHong CSI Computer Theme ETF,159998.SZ,12.84,0.365,2.035,Yes
1847,"Jiangsu NanFang Precision Co.,Ltd.",002553.SZ,17.43,0.487,1.531,Yes
1848,Aerosun Corporation,600501.SS,23.21,0.633,1.541,Yes
1849,Penghua CSI 800 Ensurance ETF,515630.SS,9.86,0.284,1.456,Yes
1850,"Wuxi Jinyang Precision Manufacturing Co., Ltd.",301210.SZ,22.02,0.604,1.705,Yes
1851,"Beijing Watertek Information Technology Co., Ltd.",300324.SZ,21.73,0.597,2.124,Yes
1852,"Jiangsu Rijiu Optoelectronics Jointstock Co., Ltd",003015.SZ,18.6,0.518,0.924,Yes
1853,"Guangxi Chisage Fine Chemical Technology Co., Ltd.",000953.SZ,21.72,0.598,0.652,Yes
1854,"Shenzhen Farben Information Technology Co.,Ltd.",300925.SZ,28.93,0.776,3.238,Yes
1855,"Vanjee Technology Co., Ltd.",300552.SZ,28.46,0.765,1.732,Yes
1856,China Asset Management - Camc Xiangyang 2 Year Mixed Fund,501093.SS,9.04,0.263,1.13,Yes
1857,TECON BIOLOGY Co.LTD,002100.SZ,9.15,0.266,0.555,Yes
1858,"Guangxi Liugong Machinery Co., Ltd.",000528.SZ,12.83,0.367,1.064,Yes
1859,Dacheng ChiNext 2-year Regular Open Mixed Fund,160926.SZ,6.92,0.203,1.139,Yes
1860,"Shanghai Menon Animal Nutrition Technology Co., Ltd.",301156.SZ,13.84,0.395,1.008,Yes
1861,Semitronix Corporation,301095.SZ,23.03,0.636,2.977,Yes
1862,"Wuxi Double Elephant Micro Fibre Material Co.,Ltd",002395.SZ,20.04,0.56,0.833,Yes
1863,"Jilin Aodong Pharmaceutical Group Co., Ltd.",000623.SZ,10.34,0.301,1.513,Yes
1864,Shanxi Guoxin Energy Corporation Limited,600617.SS,11.25,0.326,0.305,Yes
1865,Guotai SSE STAR Composite ETF,589630.SS,24.61,0.676,3.81,Yes
1866,"Nantong Guosheng Intelligence Technology Group Co., Ltd.",688558.SS,14.29,0.409,2.064,Yes
1867,"Jinfa Labi Maternity & Baby Articles Co., Ltd",002762.SZ,17.49,0.495,1.311,Yes
1868,"Tianfeng Securities Co., Ltd.",601162.SS,23.76,0.656,2.373,Yes
1869,"Shandong Kehui Power Automation Co.,Ltd.",688681.SS,12.84,0.371,1.226,Yes
1870,"Whirlpool China Co., Ltd.",600983.SS,9.81,0.287,0.654,Yes
1871,"Anhui Genuine NewMaterials Co.,Ltd.",603429.SS,24.44,0.674,0.96,Yes
1872,CCB Principal SZSE Fundamental 60 Exchange Trade Fund,159916.SZ,6.61,0.196,1.036,Yes
1873,Penghua CNI Security Leader ETF,159993.SZ,9.85,0.288,1.519,Yes
1874,"Changhua Holding Group Co., Ltd.",605018.SS,15.95,0.456,1.067,Yes
1875,"OK Science and Technology Co., Ltd.",001223.SZ,18.18,0.515,2.117,Yes
1876,"Zhejiang Dingli Machinery Co.,Ltd",603338.SS,15.21,0.436,0.91,Yes
1877,"Siasun Robot&Automation Co.,Ltd.",300024.SZ,18.03,0.511,2.01,Yes
1878,"Jiangsu Xinquan Automotive Trim Co.,Ltd.",603179.SS,21.03,0.59,1.862,Yes
1879,Huaxia Fund Management Co Ltd- China Communications Construction REIT,508018.SS,5.18,0.155,0.272,Yes
1880,"Chongqing Wanli New Energy Co., Ltd.",600847.SS,13.77,0.399,1.256,Yes
1881,"5i5j Holding Group Co., Ltd.",000560.SZ,20.09,0.568,1.692,Yes
1882,"Shanghai Zhenhua Heavy Industries Co., Ltd.",600320.SS,9.01,0.266,0.776,Yes
1883,"Grandtop Yongxing Group Co.,Ltd",601033.SS,7.31,0.218,0.528,Yes
1884,"State Power Rixin Technology Co., Ltd.",301162.SZ,16.36,0.47,1.465,Yes
1885,"Shenzhen SDG Service Co.,Ltd.",300917.SZ,25.86,0.716,2.915,Yes
1886,"Shanghai HYP-ARCH Architectural Design Consultant Co.,Ltd.",301024.SZ,22.14,0.622,1.411,Yes
1887,Anhui Shiny Electronic Technology Company Limited,300956.SZ,44.49,1.154,1.156,Yes
1888,"Sichuan Golden Summit (group) Joint-Stock Co., Ltd.",600678.SS,21.03,0.594,1.222,Yes
1889,"Ningbo Bohui Chemical Technology Co.,Ltd",300839.SZ,14.9,0.432,1.422,Yes
1890,"Jiangsu Zongyi Co.,LTD",600770.SS,28.94,0.794,2.087,Yes
1891,"Feitian Technologies Co., Ltd.",300386.SZ,22.13,0.623,2.124,Yes
1892,DaCheng CSI Dividend Low Vltlty 100 ETF,560520.SS,5.26,0.159,0.39,Yes
1893,"Rongxin Education and Culture Industry Development Co., Ltd.",301231.SZ,21.97,0.62,1.291,Yes
1894,"Beihai Gofar Chuanshan Biological Co., Ltd.",600538.SS,12.6,0.37,0.996,Yes
1895,CCB Principal CSI Security Agency ETF,515560.SS,9.12,0.272,1.406,Yes
1896,"Zhejiang Juli Culture Development Co.,Ltd.",002247.SZ,15.03,0.438,0.545,Yes
1897,"Jilin Chemical Fibre Stock Co.,Ltd",000420.SZ,12.89,0.379,1.07,Yes
1898,SPDB CSI Securities House 30 ETF,516730.SS,9.75,0.29,1.53,Yes
1899,"Qingdao Daneng Environmental Protection Equipment Co., Ltd.",688501.SS,15.52,0.452,1.647,Yes
1900,"Shanxi Huayang New Material Co.,Ltd.",600281.SS,18.07,0.521,1.118,Yes
1901,"Eastroc Beverage (Group) Co., Ltd.",605499.SS,10.83,0.321,0.67,Yes
1902,Bosera HK Equity Connect Internet ETF,159568.SZ,12.17,0.36,1.11,Yes
1903,"Hubei Mailyard Share Co.,Ltd",600107.SS,20.5,0.587,2.182,Yes
1904,"Western Superconducting Technologies Co., Ltd.",688122.SS,14.51,0.425,1.86,Yes
1905,"Shanghai OPM Biosciences Co., Ltd.",688293.SS,17.96,0.519,1.377,Yes
1906,E Fund HSSCNE ETF,513320.SS,10.52,0.314,1.15,Yes
1907,JPM Hangsheng Tech ETF (QDII),513890.SS,10.85,0.323,1.351,Yes
1908,"Tongling Jieya Biologic Technology Co., Ltd.",301108.SZ,15.23,0.445,0.543,Yes
1909,"UE Furniture Co., Ltd.",603600.SS,10.68,0.318,1.086,Yes
1910,"Sichuan Haite High-tech Co.,Ltd",002023.SZ,14.62,0.429,1.665,Yes
1911,"Jiangsu Zhongsheng Gaoke Environmental Co.,Ltd.",002778.SZ,14.48,0.425,0.908,Yes
1912,"China National Electric Apparatus Research Institute Co., Ltd.",688128.SS,8.99,0.27,1.283,Yes
1913,"Shenzhen Zowee Technology Co., Ltd.",002369.SZ,29.62,0.821,1.626,Yes
1914,"XJ Electric Co., Ltd.",000400.SZ,12.33,0.366,0.86,Yes
1915,Tai Kang CSI Smart Electric Car ETF,159720.SZ,9.65,0.29,1.418,Yes
1916,"Newland Digital Technology Co.,Ltd.",000997.SZ,15.43,0.453,1.404,Yes
1917,"Shenzhen Salubris Pharmaceuticals Co., Ltd.",002294.SZ,14.79,0.436,0.258,Yes
1918,"Shaanxi Provincial Natural Gas Co.,Ltd",002267.SZ,7.31,0.222,0.555,Yes
1919,"Jiangsu Jiangnan Water Co., Ltd.",601199.SS,6.38,0.195,0.607,Yes
1920,"Jiangsu Olive Sensors High-Tech Co., Ltd.",300507.SZ,11.56,0.345,1.421,Yes
1921,"Fujian Yuanxiang New Materials Co.,Ltd",301300.SZ,11.15,0.334,1.236,Yes
1922,ChinaAMC CSI financial technology theme ETF,516100.SS,15.29,0.45,2.093,Yes
1923,"Zhejiang Zhongke Magnetic Industry Co., Ltd.",301141.SZ,20.05,0.579,1.431,Yes
1924,BOCOM Schroders Ruifeng 3-year Closed Operation Mixed Fund,501087.SS,6.15,0.188,0.631,Yes
1925,"Chipsea Technologies (Shenzhen) Corp., Ltd.",688595.SS,20.07,0.58,1.964,Yes
1926,"Zhejiang Extek Technology Co., Ltd.",301399.SZ,17.44,0.511,1.39,Yes
1927,"Shenzhen Tianyuan DIC Information Technology Co., Ltd.",300047.SZ,20.6,0.597,2.205,Yes
1928,"KTK Group Co., Ltd.",603680.SS,14.04,0.418,1.101,Yes
1929,Sichuan Chuantou Energy Co.Ltd,600674.SS,6.36,0.195,0.001,Yes
1930,E Fund CSI Security Agency ETF,512570.SS,9.22,0.28,1.462,Yes
1931,CNPC Capital Company Limited,000617.SZ,16.7,0.492,1.285,Yes
1932,China Universal ChiNext ETF,159247.SZ,14.1,0.42,1.871,Yes
1933,China Southern CSI HK Tech ETF(QDII),159747.SZ,10.17,0.308,1.192,Yes
1934,"Hynar Water Group Co., Ltd.",300961.SZ,18.06,0.529,1.133,Yes
1935,"Focus Technology Co., Ltd.",002315.SZ,16.12,0.476,1.157,Yes
1936,"Shanghai Bailian (Group) Co., Ltd.",900923.SS,9.16,0.279,0.756,Yes
1937,"Ningbo Fangzheng Automobile Mould Co.,Ltd.",300998.SZ,17.26,0.508,2.204,Yes
1938,"Suzhou Longway Electronic Machinery Co., Ltd.",301202.SZ,19.72,0.575,2.56,Yes
1939,"Yutong Heavy Industries Co.,Ltd.",600817.SS,10.73,0.326,1.019,Yes
1940,"Shenzhen Easttop Supply Chain Management Co., Ltd.",002889.SZ,13.83,0.415,0.835,Yes
1941,"Beijing Dahao Technology Corp.,Ltd",603025.SS,13.0,0.391,1.74,Yes
1942,Daheng New Epoch Technology Inc.,600288.SS,15.47,0.461,1.82,Yes
1943,"Anhui Hengyuan Coal Industry and Electricity Power Co.,Ltd",600971.SS,10.0,0.305,0.87,Yes
1944,"Sunyes Manufacturing (Zhejiang) Holding Co., Ltd.",002388.SZ,19.13,0.562,1.211,Yes
1945,DongGuan Winnerway Industry Zone LTD.,000573.SZ,19.51,0.573,0.621,Yes
1946,Zhejiang Jingu Company Limited,002488.SZ,18.44,0.544,0.833,Yes
1947,Leysen Jewellery Inc.,603900.SS,19.38,0.571,1.142,Yes
1948,ChinaAMC CSI Security Agency ETF,515010.SS,9.77,0.299,1.575,Yes
1949,"Shanghai Lianming Machinery Co., Ltd.",603006.SS,18.13,0.537,1.409,Yes
1950,"Hangzhou Xili Intelligent Technology Co.,Ltd",688616.SS,10.29,0.315,0.916,Yes
1951,"Shanghai International Port (Group) Co., Ltd.",600018.SS,6.03,0.188,0.028,No
1952,"Zhejiang Huayou Cobalt Co., Ltd",603799.SS,15.56,0.467,2.003,Yes
1953,Harfor CSI Security Pioneer Strategy ETF,516980.SS,8.97,0.276,1.398,Yes
1954,"Gotion High-tech Co.,Ltd.",002074.SZ,13.65,0.413,1.282,Yes
1955,Nanjing Pharmaceutical Group Company Limited,600713.SS,5.35,0.168,0.706,Yes
1956,Bosera CNI Grain Industry ETF,159031.SZ,13.47,0.408,0.179,No
1957,"Sichuan Guoguang Agrochemical Co., Ltd.",002749.SZ,9.18,0.284,0.362,Yes
1958,Guotai CSI Security Agency ETF,512880.SS,9.11,0.282,1.457,Yes
1959,Lombarda China Chinext 2-Year Regular Open Mixed Fund,166027.SZ,9.77,0.301,1.651,Yes
1960,"Xinjiang Western Animal Husbandry Co., Ltd",300106.SZ,14.96,0.452,1.025,Yes
1961,Huatai-PB CSI Smart Car Theme ETF,516520.SS,9.98,0.308,1.546,Yes
1962,"China Merchants Expressway Network & Technology Holdings Co.,Ltd.",001965.SZ,7.07,0.221,0.226,No
1963,"Tinavi Medical Technologies Co., Ltd.",688277.SS,17.78,0.532,1.347,Yes
1964,"Wuzhou Special Paper Group Co., Ltd.",605007.SS,10.61,0.328,1.145,Yes
1965,"Yong Jie New Material Co.,Ltd.",603271.SS,9.71,0.301,1.697,Yes
1966,Fullgoal SSE STAR New Energy ETF,588960.SS,12.63,0.387,2.52,Yes
1967,"Shanghai Milkground Food Tech Co., Ltd",600882.SS,15.36,0.466,0.752,Yes
1968,"Qingdao Huijintong Power Equipment Co.,Ltd.",603577.SS,14.26,0.434,1.095,Yes
1969,"QiaoYin City Management Co., Ltd.",002973.SZ,14.37,0.438,0.861,Yes
1970,"Zhongzhu Healthcare Holding Co.,Ltd",600568.SS,10.85,0.336,0.48,Yes
1971,"Shandong Meichen Technology Group Co., Ltd.",300237.SZ,19.17,0.573,1.534,Yes
1972,E Fund CSI HK Connect Consu Theme ETF,513070.SS,9.65,0.301,1.182,Yes
1973,Fujian Minfa Aluminium Inc.,002578.SZ,13.6,0.417,0.948,Yes
1974,"Wanjia Asset Management Co.,Ltd. - Wjnb Fund",161914.SZ,10.72,0.334,1.75,Yes
1975,"Focus Lightings Tech Co., Ltd.",300708.SZ,10.09,0.315,1.243,Yes
1976,"Xi'an Tianhe Defense Technology Co., Ltd.",300397.SZ,17.62,0.533,1.781,Yes
1977,"V V Food & Beverage Co.,Ltd",600300.SS,7.2,0.228,0.581,Yes
1978,"Zhejiang Xinchai Co.,Ltd",301032.SZ,16.34,0.498,1.026,Yes
1979,"Visual China Group Co.,Ltd.",000681.SZ,12.65,0.392,1.333,Yes
1980,Bosera CSI Fintech Theme ETF,516860.SS,14.79,0.455,2.07,Yes
1981,China Southern CSI Security Age ETF,512900.SS,8.93,0.281,1.467,Yes
1982,Nanjing Panda Electronics Company Limited,600775.SS,20.53,0.617,1.653,Yes
1983,China Everbright Bank Company Limited,601818.SS,6.25,0.199,0.124,Yes
1984,"Hangzhou Arcvideo Technology Co., Ltd.",688039.SS,22.05,0.66,2.86,Yes
1985,"AUCMA Co.,Ltd.",600336.SS,15.21,0.468,1.426,Yes
1986,"Shenzhen Tongye Technology Co.,Ltd.",300960.SZ,14.97,0.461,1.026,Yes
1987,"Shandong Teamgene Technology Co., Ltd.",603151.SS,16.77,0.513,1.18,Yes
1988,"Shanghai Xinhua Media Co., Ltd.",600825.SS,13.85,0.429,0.557,Yes
1989,"Guangzhou Jet Bio-Filtration Co., Ltd.",688026.SS,14.58,0.451,1.431,Yes
1990,Guangzhou Lingnan Group Holdings Company Limited,000524.SZ,10.5,0.331,1.068,Yes
1991,"Shang Hai Ya Tong Co.,Ltd.",600692.SS,15.05,0.465,0.916,Yes
1992,"Shenzhen Zhongheng Huafa Co., Ltd.",200020.SZ,11.83,0.371,0.638,Yes
1993,Guotai FTSE China A Free Cash Flow Focus ETF,159399.SZ,6.5,0.208,0.316,Yes
1994,"Beijing Zhong Ke San Huan High-Tech Co., Ltd.",000970.SZ,13.38,0.417,1.691,Yes
1995,"Zhejiang Shuangyuan Technology Co., Ltd.",688623.SS,10.18,0.322,1.324,Yes
1996,"Zhong Fu Tong Group Co., Ltd.",300560.SZ,18.11,0.555,1.882,Yes
1997,"Qingdao Doublestar Co.,Ltd",000599.SZ,18.17,0.557,1.233,Yes
1998,"Time Publishing and Media Co., Ltd.",600551.SS,9.8,0.312,0.771,Yes
1999,Guangshen Railway Company Limited,601333.SS,6.9,0.222,0.4,Yes
2000,Zuming Bean Products Group Corp.,003030.SZ,9.59,0.306,1.069,Yes
2001,"Lucky Harvest Co., Ltd.",002965.SZ,18.45,0.568,1.488,Yes
2002,Yinhua CSI Security Enterprise ETF,159842.SZ,9.18,0.294,1.546,Yes
2003,"Eurocrane (China) Co., Ltd.",603966.SS,9.67,0.309,1.263,Yes
2004,"Yangfan New Materials (Zhejiang) Co., Ltd.",300637.SZ,21.9,0.667,2.132,Yes
2005,TianJin JinRong TianYu Precision Machinery Inc.,300988.SZ,22.04,0.671,1.324,Yes
2006,Lanpec Technologies Limited,601798.SS,15.01,0.47,1.737,Yes
2007,"Beijing Haixin Energy Technology Co.,Ltd.",300072.SZ,26.57,0.795,3.201,Yes
2008,"Shandong Huapeng Glass Co.,Ltd.",603021.SS,23.49,0.711,1.115,Yes
2009,BYD Company Limited,002594.SZ,11.66,0.371,0.475,Yes
2010,"First Capital Securities Co., Ltd.",002797.SZ,10.0,0.32,1.432,Yes
2011,"Guangdong Lingxiao Pump Industry Co.,Ltd.",002884.SZ,6.92,0.225,0.606,Yes
2012,"SMARTGEN (Zhengzhou) Technology Co., Ltd.",301361.SZ,17.24,0.537,1.271,Yes
2013,"Shaanxi Meibang Pharmaceutical Group Co., Ltd.",605033.SS,16.11,0.505,0.61,Yes
2014,Huaan CSI Security Enterprise ETF,516200.SS,8.5,0.275,1.428,Yes
2015,"Hefei Department Store Group Co.,Ltd",000417.SZ,11.71,0.374,1.389,Yes
2016,"Shenzhen Prince New Materials Co.,Ltd.",002735.SZ,27.49,0.825,2.118,Yes
2017,"Sichuan Tianwei Electronic Co.,Ltd.",688511.SS,23.71,0.722,1.441,Yes
2018,"Xinjiang Winka Times Department Store Co.,Ltd.",603101.SS,16.16,0.507,1.216,Yes
2019,"Xiamen Annie Co., Ltd.",002235.SZ,23.22,0.709,1.421,Yes
2020,China Universal Hangsheng Tech ETF(QDII),513260.SS,10.0,0.323,1.36,Yes
2021,"Shenzhen V&T Technologies Co., Ltd.",300484.SZ,19.77,0.613,1.325,Yes
2022,"Guangdong Southern New Media Co.,Ltd.",300770.SZ,8.46,0.275,1.167,Yes
2023,"Shanghai Huaming Intelligent Terminal Equipment Co., Ltd.",300462.SZ,17.08,0.536,0.246,Yes
2024,"Jushen Logistics Group Co., Ltd.",001202.SZ,8.63,0.281,1.181,Yes
2025,TianHong CSI Security Agency ETF,159841.SZ,9.29,0.302,1.587,Yes
2026,Shenzhen King Explorer Science and Technology Corporation,002917.SZ,16.26,0.514,0.34,Yes
2027,Guotai CSI National Defense Ind ETF,512660.SS,8.92,0.291,1.494,Yes
2028,"New Hope Dairy Co., Ltd.",002946.SZ,13.85,0.442,1.236,Yes
2029,"Jiangsu Huaxin New Material Co.,Ltd.",300717.SZ,11.22,0.362,1.33,Yes
2030,"Chengdu Leejun Industrial Co., Ltd.",002651.SZ,17.67,0.556,1.538,Yes
2031,"Sunlour Pigment Co., Ltd.",301036.SZ,15.51,0.492,0.707,Yes
2032,GF National Defense Ind ETF,512680.SS,8.92,0.291,1.46,Yes
2033,"Dalian Huarui Heavy Industry Group Co., LTD.",002204.SZ,8.72,0.285,0.988,Yes
2034,"Cangzhou Mingzhu Plastic Co.,Ltd.",002108.SZ,8.34,0.273,0.988,Yes
2035,"Zhejiang Hisun Pharmaceutical Co., Ltd.",600267.SS,8.3,0.272,0.757,Yes
2036,"Shanghai Sanmao Enterprise (Group) Co., Ltd.",600689.SS,11.33,0.367,0.649,Yes
2037,"Wintime Energy Group Co.,Ltd.",600157.SS,7.09,0.234,0.832,Yes
2038,"Ningxia Zhongke Biotechnology Co., Ltd",600165.SS,26.1,0.799,0.226,No
2039,"Beijing Sanfo Outdoor Products Co., Ltd",002780.SZ,10.37,0.339,0.873,Yes
2040,Guotai SSE STAR Chip ETF,589100.SS,23.66,0.733,3.703,Yes
2041,Fibocom Wireless Inc.,300638.SZ,17.13,0.545,1.412,Yes
2042,CPIC CSI Securities Company ETF,159848.SZ,8.79,0.29,1.521,Yes
2043,"Edan Instruments, Inc.",300206.SZ,10.84,0.355,1.47,Yes
2044,"Beijing Capital Eco-Environment Protection Group Co., Ltd.",600008.SS,5.31,0.178,0.435,Yes
2045,"Chongqing Sanxia Paints Co., Ltd",000565.SZ,13.89,0.45,1.007,Yes
2046,"Pingdingshan Tianan Coal. Mining Co., Ltd.",601666.SS,10.23,0.337,1.155,Yes
2047,"Chengdu Shengbang Seals Co.,Ltd.",301233.SZ,11.52,0.378,1.205,Yes
2048,"Wuxi Rural Commercial Bank Co.,Ltd",600908.SS,5.77,0.194,0.515,Yes
2049,"Zhubo Design Co., Ltd",300564.SZ,14.53,0.471,0.985,Yes
2050,"Genimous Technology Co., Ltd.",000676.SZ,18.54,0.591,0.771,Yes
2051,ChinaAMC CSI Big Data Industry ETF,516000.SS,11.1,0.365,1.865,Yes
2052,"Chengdu Sino-Microelectronics Tech. Co., Ltd.",688709.SS,16.91,0.543,2.032,Yes
2053,"Jiusheng Electric Co., Ltd.",301082.SZ,18.43,0.589,1.029,Yes
2054,Jiangsu Aoyang Health Industry Co.ltd.,002172.SZ,11.11,0.366,1.104,Yes
2055,"Jiangsu Tongli Tianqi Technology Co., Ltd.",605286.SS,12.95,0.424,1.002,Yes
2056,China Universal CSI Security Company ETF,560090.SS,9.14,0.304,1.606,Yes
2057,"Beijing Philisense Technology Co., Ltd.",300287.SZ,25.56,0.799,2.021,Yes
2058,"Beingmate Co., Ltd.",002570.SZ,17.77,0.573,1.003,Yes
2059,"Bohai Automotive Systems CO., LTD.",600960.SS,13.22,0.435,1.394,Yes
2060,"Shenzhen Zhilai Sci and Tech Co., Ltd.",300771.SZ,12.47,0.411,1.113,Yes
2061,Chengdu ALD Aviation Manufacturing Corporation,300696.SZ,17.91,0.578,2.512,Yes
2062,Huatai-PB CSI SHS Internet ETF,517050.SS,9.79,0.327,1.416,Yes
2063,"Huatai-Pinebridge Fund Management Co., Ltd. - Csop Iedge Southeast Asia+ Tech ETF",513730.SS,5.27,0.179,0.344,Yes
2064,"Shenzhen Chipscreen Biosciences Co., Ltd.",688321.SS,15.41,0.503,1.627,Yes
2065,"Yunding Technology Co.,Ltd.",000409.SZ,10.62,0.354,0.993,Yes
2066,"Shanxi Hi-speed Group Co., Ltd.",000755.SZ,5.72,0.195,0.452,Yes
2067,"Landai Technology Group Corp., Ltd.",002765.SZ,13.72,0.453,0.915,Yes
2068,ChinaAMC CSI mainland low carbon economy theme ETF,159790.SZ,6.96,0.237,1.093,Yes
2069,"Zhuzhou Feilu High-Tech Materials Co., Ltd.",300665.SZ,10.97,0.367,1.118,Yes
2070,Chongqing Changan Automobile Company Limited,200625.SZ,7.76,0.263,0.511,Yes
2071,"Dong-E-E-Jiao Co., Ltd.",000423.SZ,9.24,0.312,0.562,Yes
2072,"Guangzhou Hangxin Aviation Technology Co., Ltd.",300424.SZ,16.06,0.527,1.403,Yes
2073,"Ningbo Bird Co.,Ltd.",600130.SS,17.92,0.584,1.575,Yes
2074,"ChemPartner PharmaTech Co.,Ltd.",300149.SZ,19.92,0.644,2.019,Yes
2075,"Jilin Joinature Polymer Co.,Ltd.",688716.SS,16.34,0.536,1.677,Yes
2076,"Guangdong Zhengye Technology Co.,Ltd.",300410.SZ,16.15,0.531,1.938,Yes
2077,Shanghai Shen Lian Biomedical Corporation,688098.SS,16.66,0.551,1.98,Yes
2078,"Shandong Weifang Rainbow Chemical Co., Ltd",301035.SZ,13.59,0.455,1.966,Yes
2079,"Yizumi Holdings Co., Ltd.",300415.SZ,10.91,0.37,1.69,Yes
2080,ChinaAMC CSI HK Stock Connect Consumer Thematic Index ETF,513230.SS,9.83,0.335,1.399,Yes
2081,"Yantai Ishikawa Sealing Technology Co., Ltd.",301020.SZ,10.6,0.36,1.663,Yes
2082,"Canature Health Technology Co., Ltd.",300272.SZ,9.53,0.326,0.749,Yes
2083,"Shanghai Yanhua Smartech Group Co., Ltd.",002178.SZ,16.47,0.547,0.566,Yes
2084,"DHC Software Co.,Ltd.",002065.SZ,15.67,0.522,1.559,Yes
2085,"Chengdu Zhimingda Electronics Co., Ltd.",688636.SS,17.3,0.574,2.343,Yes
2086,China Southern CSI All Index Cmptr ETF,159586.SZ,10.52,0.36,1.661,Yes
2087,"Zhengzhou Coal Industry & Electric Power Co., Ltd.",600121.SS,10.83,0.37,0.834,Yes
2088,"Ways Electron Co.,Ltd.",605218.SS,17.18,0.572,1.787,Yes
2089,"Hangzhou Yitong New Material Co., LTD",300930.SZ,15.89,0.533,1.144,Yes
2090,"RongFa Nuclear Equipment Co., Ltd.",002366.SZ,14.5,0.489,1.257,Yes
2091,"Beijing Orient EcoEnergy Co., Ltd.",002310.SZ,19.43,0.645,0.47,No
2092,"Shanghai Rendu Biotechnology Co., Ltd.",688193.SS,13.18,0.449,1.385,Yes
2093,"NARI Technology Co., Ltd.",600406.SS,6.01,0.211,0.476,Yes
2094,Harvest Hang Seng Technology ETF(QDII),159741.SZ,9.37,0.325,1.359,Yes
2095,"Insigma Technology Co., Ltd.",600797.SS,13.45,0.459,1.379,Yes
2096,Penghua CSI HK Consumption Theme ETF,513590.SS,8.16,0.285,1.104,Yes
2097,Hwaway Technology Corporation Limited,001380.SZ,11.58,0.399,0.797,Yes
2098,E Fund Hangsheng Technology ETF(QDII),513010.SS,9.3,0.324,1.369,Yes
2099,"Guangdong Enpack Packaging Co., Ltd.",002846.SZ,21.0,0.698,1.233,Yes
2100,DaCheng Hang Seng Technology ETF(QDII),159740.SZ,9.42,0.329,1.392,Yes
2101,ZTE Corporation,000063.SZ,12.88,0.444,2.001,Yes
2102,"Yeal Electric Co., Ltd.",300923.SZ,11.03,0.383,1.04,Yes
2103,"Fujian Zhangzhou Development Co.,LTD.",000753.SZ,13.59,0.467,1.076,Yes
2104,"Guangzhou KDT Machinery Group Co., Ltd.",002833.SZ,7.8,0.275,1.424,Yes
2105,"Caissa Tourism Group Co., Ltd.",000796.SZ,13.33,0.459,0.681,Yes
2106,"Yusys Technologies Co., Ltd.",300674.SZ,18.05,0.611,1.638,Yes
2107,E Fund CSI A500 Enh Stgy ETF,563600.SS,4.69,0.168,1.147,Yes
2108,"Shandong Yisheng Livestock & Poultry Breeding Co., Ltd.",002458.SZ,8.37,0.296,1.077,Yes
2109,"Shenwu Energy Saving Co., Ltd.",000820.SZ,17.41,0.593,0.469,Yes
2110,"SMS Electric Co.,Ltd.Zhengzhou",002857.SZ,15.36,0.528,1.369,Yes
2111,"Sunresin New Materials Co.,Ltd",300487.SZ,11.0,0.385,1.822,Yes
2112,Zhejiang Xinao Textiles Inc.,603889.SS,8.82,0.312,0.858,Yes
2113,ChinaAMC CSI All Index Cnsmr Optnl ETF,562580.SS,5.5,0.197,0.974,Yes
2114,China TBEA New Energy Close-end Infrastructure Fund,508089.SS,4.17,0.151,0.012,Yes
2115,Harvest CSI Grand Agriculture ETF,516550.SS,5.81,0.21,1.001,Yes
2116,"Saimo Technology Co.,Ltd.",300466.SZ,15.51,0.538,1.672,Yes
2117,"Perfect Group Corp., Ltd",603059.SS,10.67,0.378,0.817,Yes
2118,Hangzhou SDIC Microelectronics Inc.,688130.SS,15.42,0.535,2.038,Yes
2119,"Tianjin Guifaxiang 18th Street Mahua Food Co.,Ltd.",002820.SZ,19.46,0.665,1.224,Yes
2120,"CECEP Guozhen Environmental Protection Technology Co., Ltd.",300388.SZ,9.55,0.34,0.761,Yes
2121,"Sinosteel New Materials Co., Ltd.",002057.SZ,12.15,0.429,1.726,Yes
2122,"Soochow Securities Co., Ltd.",601555.SS,8.1,0.291,1.518,Yes
2123,GF CSI China Rfm HKC C-SOEs HiDiv ETF,520900.SS,5.31,0.193,0.205,Yes
2124,"Ningbo Daye Garden Machinery Co.,Ltd.",300879.SZ,16.83,0.584,0.68,Yes
2125,"Beijing Bohui Science & Technology Co., Ltd",688004.SS,14.63,0.513,1.052,Yes
2126,"Profit Cultural and Creative Group Co., Ltd.",300640.SZ,9.9,0.354,0.858,Yes
2127,"Northeast Securities Co., Ltd.",000686.SZ,8.27,0.298,1.536,Yes
2128,Hwabao WP CSI Green Energy ETF,562010.SS,7.13,0.258,1.256,Yes
2129,"Bichamp Cutting Technology (Hunan) Co., Ltd.",002843.SZ,17.16,0.597,1.226,Yes
2130,"Pinlive Foods Co., Ltd.",300892.SZ,22.81,0.776,2.703,Yes
2131,China Life Insurance Company Limited,601628.SS,8.26,0.299,1.079,Yes
2132,"NanJing AoLian AE&EA Co.,Ltd",300585.SZ,15.17,0.534,1.459,Yes
2133,ChinaAMC CSI All-Refers To Transport ETF,159666.SZ,4.2,0.155,0.571,Yes
2134,"Foshan Golden Milky Way Intelligent Equipment Co., Ltd.",300619.SZ,18.75,0.653,2.676,Yes
2135,"Yantai Eddie Precision Machinery Co., Ltd.",603638.SS,9.73,0.352,1.417,Yes
2136,"Queclink Wireless Solutions Co., Ltd.",300590.SZ,13.36,0.476,2.43,Yes
2137,"Jiangsu Zhangjiagang Rural Commercial Bank Co., Ltd",002839.SZ,5.6,0.206,0.463,Yes
2138,"Shenzhen Genvict Technologies Co., Ltd.",002869.SZ,18.21,0.638,0.485,Yes
2139,"Zhuhai Kles Technologyco.,Ltd",301314.SZ,13.33,0.477,1.258,Yes
2140,"E Fund Management Co., Ltd. - Csi A50 Enhanced Fund",512030.SS,3.28,0.122,0.426,Yes
2141,Bosera Hangsheng Technology ETF(QDII),159742.SZ,8.92,0.326,1.383,Yes
2142,Bluestar Adisseo Company,600299.SS,9.76,0.356,0.572,Yes
2143,"Lutian Machinery Co., Ltd.",605259.SS,8.08,0.296,0.829,Yes
2144,"Kingclean Electric Co.,Ltd",603355.SS,9.48,0.346,1.156,Yes
2145,"QuakeSafe Technologies Co., Ltd.",300767.SZ,17.7,0.626,2.664,Yes
2146,CMF CSI 800 Free Cash Flow ETF,159119.SZ,6.15,0.228,0.045,Yes
2147,"ADD Industry (Zhejiang) CO., LTD",603089.SS,9.73,0.355,0.986,Yes
2148,"Changjiang Publishing & Media Co.,Ltd",600757.SS,5.85,0.218,0.194,Yes
2149,Tibet Rhodiola Pharmaceutical Holding Co.,600211.SS,6.87,0.255,1.081,Yes
2150,ChinaAMC Hangsheng Tech ETF (QDII),513180.SS,8.86,0.326,1.374,Yes
2151,"E Fund Management Co., Ltd. - E Fund Huawei Farmers Market Close-end Infrastructure Fund",180605.SZ,4.7,0.176,0.158,Yes
2152,"Zhejiang Asia-Pacific Mechanical & Electronic Co.,Ltd",002284.SZ,10.69,0.39,1.469,Yes
2153,"Beijing Sun-Novo Pharmaceutical Research Co., Ltd.",688621.SS,12.02,0.437,1.397,Yes
2154,"Keli Motor Group Co., Ltd.",002892.SZ,12.47,0.452,1.612,Yes
2155,"Shanghai Awinic Technology Co.,Ltd.",688798.SS,13.38,0.484,1.774,Yes
2156,"Zhejiang Yilida Ventilator Co.,Ltd.",002686.SZ,10.89,0.398,0.945,Yes
2157,"Jiangsu Huifeng Bio Agriculture Co., Ltd.",002496.SZ,13.74,0.496,1.165,Yes
2158,"Chengdu JOUAV Automation Tech Co.,Ltd.",688070.SS,21.56,0.757,1.605,Yes
2159,"Ningbo Fujia Industrial Co., Ltd.",603219.SS,9.42,0.348,0.865,Yes
2160,"Shenzhen Zhongheng Huafa Co., Ltd.",000020.SZ,11.87,0.434,0.947,Yes
2161,"Baolingbao Biology Co.,Ltd.",002286.SZ,9.44,0.349,0.967,Yes
2162,"Shenwan Hongyuan Group Co., Ltd.",000166.SZ,5.62,0.211,0.927,Yes
2163,NET263 Ltd.,002467.SZ,18.92,0.673,1.339,Yes
2164,Sichuan Langsha Holding Ltd.,600137.SS,8.49,0.316,0.67,Yes
2165,"Shenzhen Emperor Technology Co., Ltd.",300546.SZ,16.58,0.597,1.747,Yes
2166,"Jiangsu Kangliyuan Sports Tech. Co., Ltd.",301287.SZ,9.54,0.354,1.239,Yes
2167,"Beijing Yupont Electric Power Technology Co., Ltd.",688597.SS,8.53,0.318,1.246,Yes
2168,"Jiiangsu Times Textile Technology Co.,LTD",001234.SZ,9.57,0.355,0.939,Yes
2169,"Shandong Cynda Chemical Co.,Ltd.",603086.SS,14.53,0.53,0.837,Yes
2170,China Southern CNRfm HKC C-SOE HiDiv ETF,520660.SS,4.95,0.188,0.16,Yes
2171,"Hubei Goto Biopharm Group Co., Ltd.",300966.SZ,11.22,0.415,1.306,Yes
2172,Huaan Hangsheng Technology ETF(QDII),513580.SS,9.32,0.348,1.569,Yes
2173,"Shanghai Tianyong Engineering Co., Ltd.",603895.SS,13.83,0.508,1.548,Yes
2174,"Anhui Coreach Technology Co.,Ltd",002983.SZ,10.35,0.386,1.641,Yes
2175,Huatai-PB CSOP HS Tech Id ETF(QDII),513130.SS,8.59,0.323,1.342,Yes
2176,GF CSI Cloud Computing And Big Data ETF,159527.SZ,15.5,0.566,2.619,Yes
2177,Fullgoal CSI Smart Car Theme ETF,515250.SS,8.36,0.315,1.616,Yes
2178,"Jinhe Biotechnology CO., LTD.",002688.SZ,8.67,0.326,0.632,Yes
2179,"Liuzhou Iron&Steel Co., Ltd",601003.SS,15.75,0.576,1.064,Yes
2180,Fullgoal CSI Big data Industry ETF,515400.SS,9.7,0.364,1.864,Yes
2181,Penghua CSI Medium ETF,159805.SZ,8.18,0.309,1.487,Yes
2182,GF CSI Envirnmt Protect Inds ETF,512580.SS,6.29,0.239,1.144,Yes
2183,Guotai CSI Machinery Sub-industry ETF,516960.SS,6.25,0.238,1.233,Yes
2184,Sino Wealth Electronic Ltd.,300327.SZ,12.38,0.461,2.257,Yes
2185,"West Shanghai Automotive Service Co.,Ltd.",605151.SS,8.94,0.338,1.336,Yes
2186,"Shenzhen Sunline Tech Co., Ltd.",300348.SZ,15.98,0.587,1.66,Yes
2187,"SF Oilless Bearing Group Co., Ltd.",300817.SZ,14.36,0.532,0.843,Yes
2188,Yinhua CSI HK Connect ConsuTheme ETF,159735.SZ,7.45,0.284,1.106,Yes
2189,"Jiangsu Yahong Meditech Co., Ltd.",688176.SS,11.35,0.426,0.96,Yes
2190,"Shanghai New Centurion Network Information Technology Co., Ltd.",605398.SS,14.49,0.537,1.229,Yes
2191,"Eastone Century Technology Co.,Ltd.",300310.SZ,15.25,0.563,2.151,Yes
2192,QingCloud Technologies Corp.,688316.SS,27.16,0.959,2.117,Yes
2193,"Shengyuan Environmental Protection Co.,Ltd.",300867.SZ,9.24,0.35,0.784,Yes
2194,"Guanghui Energy Co., Ltd.",600256.SS,7.98,0.305,0.649,Yes
2195,"Shenzhen Longli Technology Co.,Ltd",300752.SZ,13.39,0.5,1.799,Yes
2196,"Beijing YJK Building Software Co.,Ltd.",300935.SZ,11.7,0.44,1.633,Yes
2197,"Longxing Technology Group Co., Ltd.",002442.SZ,8.99,0.343,0.929,Yes
2198,"Shanghai Hongda New Material Co., Ltd.",002211.SZ,12.61,0.473,1.174,Yes
2199,"Guangdong Naruida Technology Co., Ltd.",688522.SS,16.64,0.615,1.553,Yes
2200,"Jiangsu chunlan refrigerating equipment stock co.,ltd.",600854.SS,7.29,0.28,0.789,Yes
2201,"Shenzhen United Winners Laser Co., Ltd.",688518.SS,15.3,0.569,2.429,Yes
2202,"Global Top E-Commerce Co., Ltd.",002640.SZ,19.84,0.725,2.338,Yes
2203,"Shanxi Huhua Group Co., Ltd.",003002.SZ,12.77,0.48,1.701,Yes
2204,China National Accord Medicines Corporation Ltd.,200028.SZ,4.4,0.172,0.623,Yes
2205,"Hunan Fangsheng Pharmaceutical Co., Ltd.",603998.SS,7.73,0.297,0.866,Yes
2206,"Changshu Guorui Technology Co.,Ltd.",300600.SZ,16.26,0.604,1.528,Yes
2207,Zhejiang Hisun Biomaterials Co.Ltd.,688203.SS,11.84,0.448,1.451,Yes
2208,"Hubei Forbon Technology Co.,Ltd.",300387.SZ,8.35,0.321,0.956,Yes
2209,"Qingdao Yunlu Advanced Materials Technology Co., Ltd.",688190.SS,14.07,0.528,1.65,Yes
2210,"Beijing Andawell Science & Technology Co., Ltd.",300719.SZ,13.14,0.495,1.387,Yes
2211,"Yibin Tianyuan Group Co., Ltd.",002386.SZ,7.39,0.286,1.272,Yes
2212,"Micro-Tech (Nanjing) Co.,Ltd",688029.SS,9.64,0.37,1.346,Yes
2213,"Hunan Zhenghong Science and Technology Develop Co.,Ltd.",000702.SZ,14.05,0.529,0.995,Yes
2214,Penghua CNI Non-ferrous Metal Indtry ETF,159880.SZ,11.2,0.427,1.371,Yes
2215,ChangYuan Technology Group Ltd.,600525.SS,9.69,0.372,0.696,Yes
2216,Tai Kang CSI China Main Low Crbn Eco ETF,560560.SS,5.84,0.228,1.007,Yes
2217,"LiJiang YuLong Tourism Co., LTD.",002033.SZ,5.06,0.198,0.689,Yes
2218,"Jiangsu Skyray Instrument Co., Ltd.",300165.SZ,16.2,0.606,2.374,Yes
2219,ICBCCS CSI SHS Internet ETF,159856.SZ,8.96,0.346,1.545,Yes
2220,CMF iEdge Emerging Asia Select 50 ETF (QDII),520580.SS,3.06,0.121,0.264,Yes
2221,Penghua CSI CN Main Low Carbon Eco ETF,159885.SZ,6.03,0.237,1.088,Yes
2222,"Sinomach General Machinery Science & Technology Co.,Ltd.",600444.SS,7.81,0.304,1.112,Yes
2223,"Qijing Machinery Co., Ltd.",603677.SS,11.85,0.454,0.971,Yes
2224,"Zhejiang Zone-King Environmental Sci&Tech Co., Ltd.",688701.SS,12.35,0.472,0.936,Yes
2225,"Jiujiang Shanshui Technology Co.,Ltd",301190.SZ,10.8,0.416,1.213,Yes
2226,"Fujian Fynex Textile Science & Technology Co., Ltd.",600493.SS,8.12,0.316,0.47,Yes
2227,"Western Regions Tourism Development Co.,Ltd",300859.SZ,10.55,0.407,1.779,Yes
2228,"Hainan Expressway Co., Ltd.",000886.SZ,9.31,0.362,0.837,Yes
2229,Heilongjiang Agriculture Company Limited,600598.SS,6.63,0.261,0.483,Yes
2230,"EIT Environmental Development Group Co.,Ltd",300815.SZ,12.7,0.487,1.608,Yes
2231,Harvest CSI Information Security ETF,159613.SZ,8.92,0.348,1.81,Yes
2232,CCB Principal CSI Agriculture and Animal Husbandry Thematic Index ETF,159616.SZ,5.36,0.212,1.005,Yes
2233,"Beijing UniStrong Science&Technology Co.,Ltd.",002383.SZ,13.39,0.513,1.599,Yes
2234,"Friend Co.,Ltd.",605050.SS,9.87,0.384,0.591,Yes
2235,China Asset Management Co. - CNNC Clean Energy Closed Infrastructure Fund,508050.SS,1.32,0.054,0.015,No
2236,"But'one Information Corporation,Xi'an",600455.SS,9.28,0.363,0.819,Yes
2237,"Wuxi Honghui New Materials Technology Co., Ltd.",002802.SZ,9.7,0.379,0.73,Yes
2238,"Shanghai Shine-Link International Logistics Co., Ltd.",603648.SS,6.68,0.264,0.364,Yes
2239,Beijing Tongyizhong New Material Technology Corporation,688722.SS,9.64,0.377,1.274,Yes
2240,"Bingshan Refrigeration & Heat Transfer Technologies Co., Ltd.",200530.SZ,4.32,0.173,0.682,Yes
2241,"Western Securities Co.,Ltd.",002673.SZ,8.84,0.347,1.607,Yes
2242,"PharmaBlock Sciences (Nanjing), Inc.",300725.SZ,12.92,0.499,2.094,Yes
2243,WL SZSE Dividend ETF,159708.SZ,4.83,0.194,0.997,Yes
2244,Fullgoal CSI Machinery Sub-industry ETF,159886.SZ,6.09,0.243,1.272,Yes
2245,"Vcanbio Cell & Gene Engineering Corp., Ltd",600645.SS,10.06,0.395,0.863,Yes
2246,"Dongnan Electronics Co.,Ltd",301359.SZ,9.82,0.386,0.973,Yes
2247,China Universal CSI SHS Internet ETF,159729.SZ,8.36,0.331,1.468,Yes
2248,Penghua SSE STAR Biology and Medicine ETF,588250.SS,4.13,0.167,0.617,Yes
2249,"HNA Technology Co.,Ltd.",600751.SS,7.53,0.3,0.991,Yes
2250,"Guang Dong Qun Xing Toys Joint-Stockco.,Ltd.",002575.SZ,15.6,0.601,1.097,Yes
2251,"Changchun Yidong Clutch CO.,LTD",600148.SS,12.7,0.495,1.268,Yes
2252,GF Fund Management Co Ltd -GF CSI A50 Index Etf,159136.SZ,2.83,0.115,0.471,Yes
2253,"Puyang Refractories Group Co., Ltd.",002225.SZ,13.17,0.514,1.411,Yes
2254,Alpha Group,002292.SZ,10.27,0.406,0.906,Yes
2255,"Tianjin Tianyao Pharmaceuticals Co., Ltd.",600488.SS,6.92,0.277,0.439,Yes
2256,"Beijing Kaiwen Education Technology Co., Ltd",002659.SZ,10.04,0.397,1.139,Yes
2257,"Guangxi Fenglin Wood Industry Group Co.,Ltd",601996.SS,10.18,0.403,0.727,Yes
2258,Hwabao WP CSI Big Data Industry ETF,516700.SS,9.09,0.361,1.898,Yes
2259,"Anhui Xinli Finance Co., Ltd.",600318.SS,12.52,0.491,1.956,Yes
2260,"Hangzhou Kaierda Welding Robot Co.,Ltd.",688255.SS,13.4,0.524,1.637,Yes
2261,E Fund CSI New Energy ETF,516090.SS,7.67,0.307,1.488,Yes
2262,"United Faith Auto-Engineering Co.,Ltd.",301112.SZ,12.52,0.492,1.491,Yes
2263,"Shandong Yanggu Huatai Chemical Co., Ltd.",300121.SZ,10.96,0.434,1.843,Yes
2264,"Shenzhen Jasic Technology Co.,Ltd.",300193.SZ,8.08,0.324,1.467,Yes
2265,"Petpal Pet Nutrition Technology Co., Ltd.",300673.SZ,8.19,0.328,0.943,Yes
2266,"Jiangxi Xinyu Guoke Technology Co., Ltd",300722.SZ,12.04,0.476,1.189,Yes
2267,Sichuan Dowell Science and Technology Inc.,300535.SZ,9.59,0.383,1.241,Yes
2268,"Caina Technology Co., Ltd.",301122.SZ,11.18,0.444,1.553,Yes
2269,"Ningbo Tianyi Medical Appliance Co., Ltd.",301097.SZ,11.75,0.466,1.535,Yes
2270,CMF CSI Global China Internet ETF(QDII),513220.SS,8.77,0.353,1.372,Yes
2271,"Shandong Newleaf Chemical Co., Ltd.",002476.SZ,8.9,0.358,0.903,Yes
2272,"Sichuan Zhongguang Lightning Protection Technologies Co., Ltd.",300414.SZ,16.31,0.636,1.612,Yes
2273,ChinaAMC CSI Smart Car Theme ETF,159888.SZ,7.78,0.314,1.606,Yes
2274,Sichuan Lutianhua Company Limited By Shares,000912.SZ,8.3,0.335,0.547,Yes
2275,"Jiangxi Hengda Hi-Tech Co.,Ltd.",002591.SZ,9.85,0.395,1.153,Yes
2276,"Shandong Hiking International Co.,Ltd",600735.SS,13.05,0.517,0.948,Yes
2277,"North Navigation Control Technology Co.,Ltd.",600435.SS,10.43,0.417,1.388,Yes
2278,"Shenzhen Capol International & Associatesco.,Ltd",002949.SZ,12.09,0.481,1.17,Yes
2279,"Baoshan Iron & Steel Co., Ltd.",600019.SS,5.32,0.218,0.56,Yes
2280,E Fund CSI Security Theme ETF,562920.SS,8.08,0.327,1.657,Yes
2281,Soho Holly Corporation,600128.SS,8.48,0.343,0.939,Yes
2282,Bosera CNI Industrial Software ETF,159108.SZ,9.86,0.397,2.413,Yes
2283,"Xinling Electrical CO., LTD.",301388.SZ,9.89,0.399,1.205,Yes
2284,"Chalkis Health Industry Co., Ltd",000972.SZ,10.39,0.419,1.183,Yes
2285,"Zhejiang Hailide New Material Co.,Ltd",002206.SZ,7.8,0.318,1.242,Yes
2286,"Shanxi Lu'an Chemical Technology Co., Ltd.",600691.SS,12.48,0.499,1.787,Yes
2287,Hua An Fund Management Co -  Waigaoqiao Warehouse and Logistics REIT Fund,508048.SS,4.44,0.184,0.166,Yes
2288,"Shanghai Model Organisms Center, Inc.",688265.SS,14.77,0.586,2.514,Yes
2289,"Tianjin Pengling Group Co.,Ltd",300375.SZ,10.41,0.422,1.272,Yes
2290,"Hangzhou DPtech Technologies Co.,Ltd.",300768.SZ,12.53,0.503,1.479,Yes
2291,Dlg Exhibitions & Events Corporation Limited,600826.SS,10.29,0.417,1.592,Yes
2292,"Guhan Pharmaceutical Group Co., Ltd.",000590.SZ,8.96,0.366,0.895,Yes
2293,Harvest CSI SHS Internet ETF,517200.SS,8.32,0.341,1.519,Yes
2294,"Guangdong Green Precision Components Co., Ltd",300968.SZ,14.91,0.595,0.696,Yes
2295,"Aishida Co., Ltd",002403.SZ,12.93,0.521,1.319,Yes
2296,Guotai CSI Envirnmt Protect Inds 50 ETF,159861.SZ,6.15,0.255,1.211,Yes
2297,"East China Engineering Science and Technology Co., Ltd.",002140.SZ,7.89,0.325,0.97,Yes
2298,"Senba Sensing Technology Co.,Ltd.",300701.SZ,7.65,0.316,1.26,Yes
2299,"New Universal Science and Technology Co., Ltd.",300472.SZ,17.93,0.713,1.323,Yes
2300,Eternal Asia Supply Chain Management Ltd.,002183.SZ,13.14,0.533,1.17,Yes
2301,"Guangdong Kingstrong Technology Co., Ltd.",300629.SZ,10.46,0.43,1.725,Yes
2302,"Guangdong Haid Group Co., Limited",002311.SZ,6.93,0.289,1.059,Yes
2303,"Liaoning Shidai Wanheng Co.,Ltd.",600241.SS,13.3,0.541,1.376,Yes
2304,"Zhejiang Songyuan Automotive Safety Systems Co.,Ltd.",300893.SZ,8.93,0.37,1.378,Yes
2305,"Orinko Advanced Plastics Co.,LTD",688219.SS,8.64,0.359,1.406,Yes
2306,"Zhongxing Shenyang Commercial Building Group Co.,Ltd",000715.SZ,8.24,0.343,0.949,Yes
2307,Levima Advanced Materials Corporation,003022.SZ,9.78,0.405,2.133,Yes
2308,Shanghai STEP Electric Corporation,002527.SZ,16.74,0.674,1.625,Yes
2309,"Shenzhen Textile (Holdings) Co., Ltd.",000045.SZ,10.24,0.423,0.21,Yes
2310,China Universal CSI Smart Car Theme ETF,159795.SZ,7.46,0.312,1.597,Yes
2311,"Tongyu Heavy Industry Co., Ltd.",300185.SZ,7.63,0.319,0.941,Yes
2312,Guotai CSI Mainland Transportation ETF,561320.SS,3.54,0.151,0.444,Yes
2313,"CNFC Overseas Fisheries Co.,Ltd",000798.SZ,11.02,0.455,0.206,Yes
2314,GF CSI Overses China Intrnt 30 ETF(QDII),159605.SZ,7.72,0.324,1.106,Yes
2315,"China Tourism And Culture Investment Group Co.,Ltd",600358.SS,9.49,0.396,0.983,Yes
2316,"Yunnan Coal & Energy Co.,Ltd.",600792.SS,8.87,0.371,0.964,Yes
2317,Guobang Pharma Ltd.,605507.SS,6.45,0.273,0.758,Yes
2318,"Shenzhen Das Intellitech Co., Ltd.",002421.SZ,10.18,0.425,1.397,Yes
2319,HORIZON SSE Securities ETF,510200.SS,6.39,0.272,1.406,Yes
2320,"Tecnon Electronics Co., Ltd.",300650.SZ,12.21,0.507,1.364,Yes
2321,"Jiangsu General Science Technology Co., Ltd.",601500.SS,7.55,0.32,0.939,Yes
2322,"Sunstone Development Co., Ltd.",603612.SS,10.74,0.449,1.676,Yes
2323,E Fund CSI China Ovsea Net 50 QDII-ETF,513050.SS,7.38,0.313,0.933,Yes
2324,"Xiamen Xiangyu Co., Ltd.",600057.SS,7.79,0.33,0.617,Yes
2325,"Harbin Jiuzhou Group Co.,Ltd.",300040.SZ,10.93,0.458,0.72,Yes
2326,"Nanhua Instruments Co., Ltd.",300417.SZ,11.04,0.463,0.685,Yes
2327,"Anhui Wantong Technology Co.,Ltd.",002331.SZ,9.59,0.405,1.011,Yes
2328,"Ningbo Tuopu Group Co.,Ltd.",601689.SS,13.66,0.568,2.254,Yes
2329,"Hunan Mendale Hometextile Co.,Ltd",002397.SZ,10.44,0.441,1.443,Yes
2330,Ping An Fynd Management Co. Ltd. - Ping An Ningbo Transport Hangzhou REIT Fund,508036.SS,3.3,0.144,0.196,No
2331,"Wangli Security & Surveillance Product Co., Ltd",605268.SS,7.27,0.313,0.792,Yes
2332,"Shandong Nanshan Fashion Sci-Tech Co., Ltd.",300918.SZ,14.13,0.591,1.354,Yes
2333,"Nanjing Well Pharmaceutical Group Co.,Ltd.",603351.SS,5.76,0.25,0.694,Yes
2334,"Shenzhen Fenda Technology Co., Ltd.",002681.SZ,9.82,0.418,0.494,Yes
2335,"Sanchuan Wisdom Technology Co., Ltd.",300066.SZ,11.83,0.502,2.233,Yes
2336,GF CSI Nonferrous Metal Mining ETF,159029.SZ,6.86,0.297,1.242,Yes
2337,Harvest CSI Ovrs China Intr 30 ETF(QDII),159607.SZ,7.48,0.323,1.111,Yes
2338,"Zhejiang Xinhua Chemical Co.,Ltd",603867.SS,9.81,0.42,1.67,Yes
2339,"Jiangsu Zijin Rural Commercial Bank Co.,Ltd",601860.SS,3.99,0.175,0.542,Yes
2340,E Fund CSI Brand Name Drug Industry ETF,516080.SS,6.05,0.263,1.102,Yes
2341,Guotai CSI Smart Car Theme ETF,159889.SZ,7.18,0.312,1.594,Yes
2342,"GSP Automotive Group Wenzhou Co.,Ltd.",605088.SS,10.72,0.459,1.401,Yes
2343,Yinhua CSI China Mainland L-C Ecnm ETF,562300.SS,5.22,0.229,1.024,Yes
2344,"CSC Financial Co., Ltd.",601066.SS,7.73,0.335,1.637,Yes
2345,"Telink Semiconductor(Shanghai)Co.,Ltd.",688591.SS,12.42,0.529,1.692,Yes
2346,"NanJing Research Institute of Surveying, Mapping & Geotechnical Investigation,Co.Ltd.",300826.SZ,8.19,0.355,1.193,Yes
2347,"Jiangxi Firstar Panel Technology Co.,Ltd.",300256.SZ,13.32,0.565,0.965,Yes
2348,"Shandong Gold Phoenix Co.,Ltd",603586.SS,8.77,0.381,0.451,Yes
2349,"Chengdu Hongming Electronics Co., Ltd.",301682.SZ,19.41,0.813,1.587,Yes
2350,"Yunnan Baiyao Group Co.,Ltd",000538.SZ,3.93,0.176,0.421,Yes
2351,"Hangzhou Tianyuan Pet Products CO., LTD",301335.SZ,9.65,0.421,1.166,Yes
2352,"AVE Science&Technology CO.,LTD",688067.SS,8.29,0.364,1.072,Yes
2353,"Shanghai Challenge Textile Co.,Ltd.",002486.SZ,9.71,0.424,1.322,Yes
2354,"TangshanJidong Equipment and Engineering Co.,Ltd.",000856.SZ,14.29,0.613,0.268,Yes
2355,"Liaoning Kelong Fine Chemical, Inc.",300405.SZ,9.0,0.395,1.162,Yes
2356,"Zhuhai CosMX Battery Co., Ltd.",688772.SS,13.91,0.598,2.016,Yes
2357,"LD Intelligent Technology CO., Ltd",300883.SZ,8.99,0.395,1.323,Yes
2358,"Guangzhou Huayan Precision Machinery Co.,Ltd.",301138.SZ,12.04,0.522,1.84,Yes
2359,"Guangdong Tengen Industrial Group Co.,Ltd.",003003.SZ,7.17,0.317,0.665,Yes
2360,"Shanghai Tunnel Engineering Co., Ltd.",600820.SS,4.77,0.215,0.497,Yes
2361,"Shanghai Nenghui Technology Co.,Ltd.",301046.SZ,10.93,0.479,1.27,Yes
2362,"Fujian Haiqin Energy Group Co., Ltd.",600753.SS,11.08,0.485,1.096,Yes
2363,"Zhuhai Huajin Capital Co., Ltd.",000532.SZ,7.14,0.318,0.959,Yes
2364,Fullgoal CSI STAR&CHINEXT AI ETF,159022.SZ,14.41,0.623,2.824,Yes
2365,"Winning Health Technology Group Co., Ltd.",300253.SZ,13.25,0.577,1.755,Yes
2366,CanSino Biologics Inc.,688185.SS,12.13,0.531,2.024,Yes
2367,"Newcapec Electronics Co., Ltd.",300248.SZ,11.08,0.488,1.348,Yes
2368,"Richinfo Technology Co., Ltd.",300634.SZ,11.25,0.495,1.673,Yes
2369,"Luoyang Xinqianglian Slewing Bearing Co., Ltd.",300850.SZ,12.35,0.542,1.453,Yes
2370,"Xiangyu Medical Co.,Ltd",688626.SS,9.95,0.442,1.735,Yes
2371,"Songz Automobile Air Conditioning Co., Ltd",002454.SZ,6.3,0.285,1.022,Yes
2372,"Dark Horse Technology Group Co., Ltd.",300688.SZ,8.19,0.368,1.204,Yes
2373,Suzhou Oriental Semiconductor Company Limited,688261.SS,15.12,0.66,2.875,Yes
2374,"Xuchang KETOP Testing Research Institute Co.,Ltd",003008.SZ,6.0,0.273,0.708,Yes
2375,"Sichuan Haowu Electromechanical Co., Ltd.",000757.SZ,9.2,0.413,1.077,Yes
2376,"Central China Securities Co., Ltd.",601375.SS,5.95,0.271,1.382,Yes
2377,"Shaanxi Meineng Clean Energy Corp.,Ltd.",001299.SZ,6.99,0.317,0.65,Yes
2378,"Guangzhou S.P.I Design Co., Ltd.",300844.SZ,13.52,0.596,1.508,Yes
2379,"YAPP Automotive Systems Co., Ltd.",603013.SS,7.81,0.354,1.275,Yes
2380,"Jiangxi Changyun Co., Ltd.",600561.SS,8.4,0.38,0.722,Yes
2381,"Seres Group Co.,Ltd",601127.SS,14.06,0.622,1.115,Yes
2382,"Nanjing Huamai Technology Co., Ltd.",603042.SS,9.04,0.409,1.13,Yes
2383,"Hexing Electrical Co.,Ltd.",603556.SS,9.34,0.424,0.294,Yes
2384,"Suli Co., Ltd.",603585.SS,7.85,0.358,0.787,Yes
2385,"Suzhou Cheersson Precision Industry Group Co., Ltd.",002976.SZ,9.73,0.441,1.53,Yes
2386,SWS CSI CN Mainland New Energy ETF,159752.SZ,6.88,0.315,1.45,Yes
2387,"Lu Thai Textile Co., Ltd.",200726.SZ,3.28,0.153,0.139,Yes
2388,"Lionco Pharmaceutical Group Co.,Ltd.",603669.SS,8.58,0.391,0.438,Yes
2389,Huatai-PB CSI Anime Comic & Game ETF,516770.SS,7.28,0.334,1.499,Yes
2390,"Sealand Securities Co., Ltd.",000750.SZ,9.3,0.425,2.084,Yes
2391,Huatai Tianjin Huatai Securities Assets Management- Jiangsu Traffic Control Reit,508066.SS,2.81,0.132,0.011,Yes
2392,"Beijing Asiacom Information Technology Co,.Ltd",301085.SZ,10.43,0.476,1.874,Yes
2393,ChinaAMC CSI agriculture theme ETF,516810.SS,4.58,0.215,0.9,Yes
2394,"Uroica Precision Information Engineering Co.,Ltd",300099.SZ,7.05,0.327,1.32,Yes
2395,"Shaanxi International Trust Co.,Ltd.",000563.SZ,5.6,0.262,0.943,Yes
2396,Guotai Junan Dongjiu New Economic Industrial Park Closed Infrastructure Securities Investment Fund,508088.SS,3.99,0.188,0.32,Yes
2397,Penghua CSI National Defense ETF,512670.SS,6.41,0.299,1.484,Yes
2398,HL Corp (Shenzhen),002105.SZ,10.6,0.487,0.826,Yes
2399,"Harbin VITI Electronics Co., Ltd.",603023.SS,11.13,0.511,0.674,Yes
2400,"Everyday Network Co.,Ltd.",300295.SZ,12.82,0.585,2.003,Yes
2401,"Mayinglong Pharmaceutical Group Co., Ltd.",600993.SS,5.74,0.271,0.558,Yes
2402,"Guangzhou Zhujiang Brewery Co., Ltd",002461.SZ,5.73,0.271,0.437,Yes
2403,ChinaAMC CSI New Energy ETF,516850.SS,6.71,0.316,1.578,Yes
2404,"Tianjin Jieqiang Power Equipment Co.,Ltd.",300875.SZ,12.94,0.595,0.995,Yes
2405,"Hangzhou Todaytec Digital Co., Ltd",300743.SZ,7.57,0.356,1.094,Yes
2406,"COSCO SHIPPING Development Co., Ltd.",601866.SS,4.17,0.199,0.453,Yes
2407,"Hangzhou Wensli Silk Culture Co., Ltd.",301066.SZ,15.21,0.694,1.103,Yes
2408,"Shandong Longji Machinery Co.,Ltd",002363.SZ,7.51,0.354,0.983,Yes
2409,"Zhejiang Shengda Bio-Pharm Co., Ltd.",603079.SS,8.93,0.419,0.734,Yes
2410,"Tatwah Smartech Co.,Ltd.",002512.SZ,12.28,0.569,1.267,Yes
2411,"Ningbo Ronbay New Energy Technology Co.,Ltd.",688005.SS,11.17,0.521,2.006,Yes
2412,"Zhejiang Wanma Co., Ltd.",002276.SZ,11.43,0.533,1.514,Yes
2413,"Beijing InHand Networks Technology Co., Ltd.",688080.SS,10.03,0.472,2.01,Yes
2414,"Shenzhen Cereals Holdings Co.,Ltd.",000019.SZ,4.87,0.235,0.525,Yes
2415,"Norsyn Crop Technology Co., Ltd.",001231.SZ,6.29,0.302,0.849,Yes
2416,GF HS China A Power Grid Equipment ETF,159320.SZ,14.3,0.665,3.696,Yes
2417,China Southern CNI Transportation ETF,159662.SZ,3.23,0.158,0.551,Yes
2418,GF CSI HKC Automobile ETF,520600.SS,5.35,0.259,0.296,Yes
2419,"Jiangxi Huawu Brake Co.,Ltd.",300095.SZ,8.95,0.427,1.503,Yes
2420,"Winner Technology Co., Inc.",300609.SZ,11.5,0.544,1.921,Yes
2421,"Cubic Sensor and Instrument Co.,Ltd.",688665.SS,11.15,0.529,2.504,Yes
2422,"Jiangsu Yueda Investment Co., Ltd.",600805.SS,6.51,0.316,1.093,Yes
2423,"Sun Create Electronics Co., Ltd",600990.SS,12.86,0.607,1.733,Yes
2424,"Sobute New Materials Co., Ltd",603916.SS,9.0,0.432,1.373,Yes
2425,Three Squirrels Inc.,300783.SZ,8.98,0.431,1.361,Yes
2426,Chengdu Qinchuan IoT Technology Co.Ltd.,688528.SS,11.58,0.55,2.546,Yes
2427,Guotai CSI All Shr Intgrtd Circuits ETF,159546.SZ,12.64,0.598,2.021,Yes
2428,"Minfeng Special Paper Co.,Ltd.",600235.SS,5.68,0.278,0.719,Yes
2429,"Yongyue Science&Technology Co.,Ltd",603879.SS,14.8,0.7,0.449,Yes
2430,"Hunan Huamin Holdings Co., Ltd.",300345.SZ,12.57,0.601,1.084,Yes
2431,"Anhui Jiangnan Chemical Industry Co.,Ltd.",002226.SZ,5.21,0.258,0.717,Yes
2432,"Linhai Co.,Ltd.",600099.SS,6.22,0.307,0.786,Yes
2433,"Jiang Su Suyan Jingshen Co.,Ltd",603299.SS,4.64,0.23,0.74,Yes
2434,"Hunan Er-Kang Pharmaceutical Co., Ltd",300267.SZ,9.89,0.48,1.378,Yes
2435,"Chongqing Baiya Sanitary Products Co., Ltd.",003006.SZ,8.58,0.42,0.947,Yes
2436,"Tian Jin Bohai Chemical Co.,Ltd.",600800.SS,9.72,0.475,1.146,Yes
2437,"Anhui Hyea Aromas Co., Ltd.",300886.SZ,7.56,0.373,1.006,Yes
2438,"Dezhou United Petroleum Technology Co.,Ltd.",301158.SZ,8.01,0.394,1.13,Yes
2439,Guotai CSI 800 Automobile&Component ETF,516110.SS,5.25,0.262,1.164,Yes
2440,"Ningbo Construction Co., Ltd.",601789.SS,7.48,0.37,0.748,Yes
2441,Harvest CSI New Energy ETF,159875.SZ,6.31,0.314,1.558,Yes
2442,Guangzhou Shiyuan Electronic Technology Company Limited,002841.SZ,7.88,0.389,1.286,Yes
2443,"Anhui Huaertai Chemical Co., Ltd.",001217.SZ,9.1,0.448,0.823,Yes
2444,"CHTC Helon Co., Ltd.",000677.SZ,19.95,0.939,0.158,No
2445,"North Industries Group Red Arrow Co., Ltd",000519.SZ,8.61,0.425,1.633,Yes
2446,Shanghai DOBE Cultural & Creative Industry Development (Group)Co. LTD.,300947.SZ,9.78,0.482,1.605,Yes
2447,"Weaver Network Technology Co., Ltd.",603039.SS,9.06,0.449,1.328,Yes
2448,"Huachangda Intelligent Equipment Group Co.,Ltd.",300278.SZ,10.83,0.534,1.454,Yes
2449,Visionox Technology Inc.,002387.SZ,10.16,0.503,1.179,Yes
2450,Huaan CSI CN Mainland New Energy ETF,516270.SS,6.18,0.311,1.391,Yes
2451,Tianqi Lithium Corporation,002466.SZ,10.17,0.504,2.273,Yes
2452,"HangZhou Nbond Nonwovens Co., Ltd.",603238.SS,7.7,0.386,1.138,Yes
2453,"Tianjin Lisheng Pharmaceutical Co.,Ltd.",002393.SZ,6.01,0.304,0.74,Yes
2454,Xuchang Yuandong Drive Shaft Co.Ltd,002406.SZ,8.7,0.435,1.227,Yes
2455,"Liuzhou Liangmianzhen Co., Ltd.",600249.SS,6.9,0.348,0.564,Yes
2456,360 Security Technology Inc.,601360.SS,8.98,0.449,1.402,Yes
2457,"Halo Microelectronics Co., Ltd.",688173.SS,10.16,0.506,2.058,Yes
2458,"Delixi New Energy Technology Co., Ltd.",603032.SS,11.76,0.582,2.553,Yes
2459,"Ningbo Solartron Technology Co.,Ltd.",688299.SS,10.72,0.533,2.026,Yes
2460,"Ken Holding Co., Ltd.",300126.SZ,9.66,0.483,1.089,Yes
2461,"Zhejiang FORE Intelligent Technology Co.,Ltd",301368.SZ,11.42,0.568,1.996,Yes
2462,"Yonghui Superstores Co., Ltd.",601933.SS,10.07,0.505,1.641,Yes
2463,"Primeton Information Technologies, Inc.",688118.SS,10.57,0.529,1.662,Yes
2464,AUPU Intelligent Technology Corporation Limited,603551.SS,4.81,0.247,0.787,Yes
2465,"Hainan Airlines Holding Co., Ltd.",900945.SS,7.29,0.371,1.169,Yes
2466,"Lanzhou Zhuangyuan Pasture Co., Ltd.",002910.SZ,10.7,0.538,1.423,Yes
2467,Guotai SSE Tchnlgy Invtn Board 100 ETF,588120.SS,9.29,0.47,2.289,Yes
2468,"Wenzhou Yuanfei pet toy products Co., Ltd.",001222.SZ,7.17,0.367,1.133,Yes
2469,"Anhui Zhongyuan New Materials Co., Ltd.",603527.SS,7.58,0.388,1.451,Yes
2470,Jiangsu SOPO Chemical Co. Ltd.,600746.SS,6.51,0.335,0.304,Yes
2471,"Emei Shan Tourism Co.,Ltd",000888.SZ,5.46,0.282,0.695,Yes
2472,"Tianjin Ringpu Bio-Technology Co.,Ltd.",300119.SZ,7.68,0.393,1.089,Yes
2473,"Tongda Smart Tech (Xiamen) Co., Ltd.",001368.SZ,7.3,0.374,1.354,Yes
2474,"Citic Pacific Special Steel Group Co., Ltd",000708.SZ,4.98,0.258,0.635,Yes
2475,"Shenzhen Yinghe Technology Co., Ltd",300457.SZ,10.29,0.521,1.938,Yes
2476,ICBCCS CSI Online Consump Theme ETF,159725.SZ,6.4,0.33,1.597,Yes
2477,"Hunan Hengguang Technology Co., Ltd.",301118.SZ,8.56,0.438,1.502,Yes
2478,"China High-Speed Railway Technology Co., Ltd.",000008.SZ,5.87,0.304,0.566,Yes
2479,"Hubei Chutian Smart Communication Co.,Ltd.",600035.SS,3.16,0.166,0.307,Yes
2480,"Jiangxi Huangshanghuang Group Food Co., Ltd.",002695.SZ,7.86,0.405,1.244,Yes
2481,"Aotecar New Energy Technology Co., Ltd.",002239.SZ,5.77,0.3,1.05,Yes
2482,"Hi-Target Navigation Tech Co.,Ltd",300177.SZ,11.48,0.583,2.434,Yes
2483,"Jiangxi ZhengBang Technology Co., Ltd.",002157.SZ,5.32,0.277,0.896,Yes
2484,"Guangdong Modern High-tech Fiber Co., Ltd",300876.SZ,9.03,0.465,1.396,Yes
2485,"Baiyang Investment Group, Inc.",002696.SZ,6.96,0.362,0.933,Yes
2486,"Southwest Securities Co., Ltd.",600369.SS,5.04,0.264,1.325,Yes
2487,"Dian Diagnostics Group Co.,Ltd.",300244.SZ,12.2,0.62,2.396,Yes
2488,"Jiangsu Ruitai New Energy Materials Co., Ltd.",301238.SZ,9.5,0.49,2.011,Yes
2489,"Beijing Foyou Pharma CO.,LTD",601089.SS,7.21,0.376,0.841,Yes
2490,"Shanghai Kaichuang Marine International Co., Ltd.",600097.SS,5.72,0.301,0.389,Yes
2491,"Inventronics (Hangzhou), Inc.",300582.SZ,7.89,0.412,1.804,Yes
2492,Bosera CSI New Energy ETF,516580.SS,5.74,0.303,1.463,Yes
2493,"Zhejiang Hechuan Technology Co., Ltd.",688320.SS,10.59,0.548,1.814,Yes
2494,"Shang Gong Group Co., Ltd.",900924.SS,6.23,0.329,0.834,Yes
2495,Jinxi Axle Company Limited,600495.SS,6.02,0.32,0.733,Yes
2496,"Anzheng Fashion Group Co., Ltd.",603839.SS,8.41,0.442,0.7,Yes
2497,"Shenzhen Tellus Holding Co., Ltd.",000025.SZ,5.58,0.297,0.387,Yes
2498,"Empyrean Technology Co., Ltd.",301269.SZ,8.5,0.447,1.767,Yes
2499,Tianjin Capital Environmental Protection Group Company Limited,600874.SS,3.38,0.182,0.66,Yes
2500,"Dazhong Transportation (Group) Co., Ltd.",900903.SS,5.91,0.315,0.502,Yes
2501,"Harbin Medisan Pharmaceutical Co., Ltd.",002900.SZ,7.78,0.413,0.457,Yes
2502,"Harbin Hatou Investment Co.,Ltd",600864.SS,6.47,0.345,0.876,Yes
2503,"ArcherMind Technology Co., Ltd.",300598.SZ,10.13,0.536,2.255,Yes
2504,"Nanjing Medlander Medical Technology Co.,Ltd.",688273.SS,8.5,0.453,2.151,Yes
2505,"Jiangsu Yitong High-Tech Co., Ltd.",300211.SZ,10.77,0.569,1.708,Yes
2506,Guotai CNI Information Tech Invtn ETF,159537.SZ,8.93,0.475,2.147,Yes
2507,"Beiken Energy Group Co., Ltd.",002828.SZ,7.02,0.377,0.671,Yes
2508,"Nanfang Black Sesame Group Co.,Ltd.",000716.SZ,11.73,0.617,1.092,Yes
2509,"Jiangsu TongLin Electric Co.,Ltd.",301168.SZ,7.3,0.392,1.412,Yes
2510,Southern CSI Brand Name Drug ETF,159858.SZ,4.99,0.271,1.145,Yes
2511,Harvest Ruihong 3-year Regular Open Mixed Fund,501088.SS,3.15,0.173,0.929,Yes
2512,"HPF Co.,Ltd",300350.SZ,6.79,0.366,0.982,Yes
2513,"Star Lake Bioscience Co., Inc.Zhaoqing Guangdong",600866.SS,6.75,0.365,0.736,Yes
2514,"Tianjin Tianbao Infrastructure Co., Ltd.",000965.SZ,7.26,0.392,1.357,Yes
2515,"Beijing Shengtong Printing Co., Ltd",002599.SZ,9.85,0.527,0.752,Yes
2516,"Youngy Health Co., Ltd.",300247.SZ,7.37,0.399,0.827,Yes
2517,"Yunnan Bowin Technology Industry Co.,Ltd",600883.SS,5.23,0.287,0.745,Yes
2518,"Lanzhou LS Heavy Equipment Co., Ltd",603169.SS,7.37,0.4,0.972,Yes
2519,"Liaoning HeZhan Energy Group Co., Ltd.",000809.SZ,7.48,0.407,0.136,No
2520,"Yunnan Energy New Material (Group) Co., Ltd.",002812.SZ,9.28,0.501,1.601,Yes
2521,"Bohai Water Industry Co.,Ltd",000605.SZ,8.29,0.449,0.756,Yes
2522,"Shanghai DragonNet Technology Co.,Ltd.",300245.SZ,15.86,0.837,1.862,Yes
2523,"Beijing Leadman Biochemistry Co.,Ltd.",300289.SZ,6.75,0.371,1.328,Yes
2524,ICBCCS SZSE Dividend ETF,159905.SZ,3.34,0.187,0.961,Yes
2525,"Zhejiang Unifull Industrial Fibre Co., Ltd.",002427.SZ,10.76,0.583,1.375,Yes
2526,"Shentong Technology Group Co., Ltd",605228.SS,8.12,0.446,1.791,Yes
2527,"Jiangsu Fengshan Group Co.,Ltd",603810.SS,7.59,0.418,0.662,Yes
2528,"Shanghai Hollywave Electronic System Co., Ltd.",688682.SS,9.31,0.51,1.696,Yes
2529,Ping An CSI SHS Online Consumption ETF,159793.SZ,5.97,0.332,1.562,Yes
2530,"Nacity Property Service Group Co.,Ltd.",603506.SS,6.76,0.375,1.419,Yes
2531,"XinJiang GuoTong Pipeline CO.,Ltd",002205.SZ,6.06,0.337,0.924,Yes
2532,Xiamen C&D Inc.,600153.SS,6.05,0.337,1.345,Yes
2533,"Lafang China Co.,Ltd",603630.SS,7.75,0.429,0.777,Yes
2534,"Henan Shuanghui Investment & Development Co.,Ltd.",000895.SZ,4.03,0.228,0.31,Yes
2535,"Tsinghua Tongfang Co., Ltd.",600100.SS,7.68,0.428,1.429,Yes
2536,Guotai CSI Anime Comic & Game ETF,516010.SS,6.14,0.344,1.584,Yes
2537,Risuntek Inc.,002981.SZ,8.38,0.466,0.767,Yes
2538,Yinhua CSI Agriculture Theme ETF,159827.SZ,3.82,0.217,0.929,Yes
2539,"Jiangsu Chuanzhiboke Education Technology Co., LTD.",003032.SZ,11.1,0.611,0.759,Yes
2540,Penghua CSI Cloud&Big Data Theme ETF,159739.SZ,8.66,0.481,1.837,Yes
2541,Maxwealth CNI GAI ETF,159378.SZ,5.03,0.284,1.812,Yes
2542,"Zhejiang Mustang Battery Co.,Ltd",605378.SS,7.97,0.445,1.253,Yes
2543,"Guangdong Tapai Group Co., Ltd.",002233.SZ,3.72,0.212,0.584,Yes
2544,Zhejiang HangKe Technology Incorporated Company,688006.SS,9.53,0.531,2.15,Yes
2545,"Huapont Life Sciences Co.,Ltd.",002004.SZ,4.54,0.259,0.899,Yes
2546,"Jiangsu Jingxue Insulation Technology Co., Ltd.",301010.SZ,9.05,0.505,1.079,Yes
2547,"Shenzhen Clou Electronics Co., Ltd.",002121.SZ,8.77,0.491,1.632,Yes
2548,ChinaAMC CSI Anime Comic & Game ETF,159869.SZ,6.07,0.344,1.586,Yes
2549,GF CSI All Share Auto ETF,159512.SZ,4.76,0.272,0.966,Yes
2550,"Shanxi Yongdong Chemistry Industry Co., Ltd.",002753.SZ,5.03,0.287,0.688,Yes
2551,"Zhejiang Guanghua Technology Co.,Ltd.",001333.SZ,7.03,0.399,0.962,Yes
2552,"Maoming Petro-Chemical Shihua Co., Ltd",000637.SZ,5.13,0.294,0.799,Yes
2553,"Tianjin Port Holdings Co., Ltd.",600717.SS,3.67,0.212,0.623,Yes
2554,"Shanghai Fudan Forward S&T Co., Ltd",600624.SS,13.24,0.734,1.13,Yes
2555,"Zhejiang Yayi Metal Technology Co.,Ltd",301113.SZ,5.87,0.336,0.928,Yes
2556,"Shanxi Zhendong Pharmaceutical Co.,Ltd",300158.SZ,12.12,0.676,1.183,Yes
2557,ADAMA Ltd.,200553.SZ,6.26,0.36,0.608,Yes
2558,"SinoDaan Co., Ltd.",300635.SZ,7.98,0.457,1.389,Yes
2559,TianHong CNI Green Electricity ETF,159046.SZ,2.58,0.151,,
2560,"MGI Tech Co., Ltd.",688114.SS,12.98,0.728,1.738,Yes
2561,"China Zhonghua Geotechnical Engineering Group Co., Ltd.",002542.SZ,16.64,0.922,0.103,Yes
2562,"ORG Technology Co., Ltd.",002701.SZ,4.65,0.271,0.739,Yes
2563,"Shenyang Blue Silver Industry Automation Equipment Co., Ltd",300293.SZ,10.31,0.588,2.155,Yes
2564,"Guangdong Lyric Robot Automation Co.,Ltd.",688499.SS,11.39,0.648,2.454,Yes
2565,"Shandong Sinoglory Health Food Co., Ltd",603182.SS,4.37,0.257,0.668,Yes
2566,"HaiXin Foods Co.,Ltd",002702.SZ,7.95,0.46,0.66,Yes
2567,"Guizhou Panjiang Refined Coal Co.,Ltd.",600395.SS,4.55,0.268,0.621,Yes
2568,"Beijing Hengyu Datacom Aviation Equipment Co., Ltd.",300965.SZ,11.05,0.633,1.536,Yes
2569,"Yili Chuanning Biotechnology Co.,Ltd.",301301.SZ,6.27,0.366,0.87,Yes
2570,Daqing Huake Company Limited,000985.SZ,5.29,0.311,0.88,Yes
2571,"Fujian Jinsen Forestry Co.,Ltd",002679.SZ,7.34,0.428,0.986,Yes
2572,"Shanghai United Imaging Healthcare Co., Ltd.",688271.SS,5.53,0.325,0.66,Yes
2573,"Jiangsu Lianyungang Port Co., Ltd.",601008.SS,6.11,0.358,0.544,Yes
2574,"Shenzhen SEG Co.,Ltd",000058.SZ,6.9,0.405,0.578,Yes
2575,Sichuan Hebang Biotechnology Corporation Limited,603077.SS,4.64,0.276,1.067,Yes
2576,Minmetals Capital Company Limited,600390.SS,7.32,0.429,1.668,Yes
2577,"Jilin University Zhengyuan Information Technologies Co., Ltd.",003029.SZ,11.81,0.681,1.927,Yes
2578,"Shenzhen Sine Electric Co.,Ltd.",688395.SS,5.95,0.352,1.377,Yes
2579,"Zhuhai Winbase International Chemical Tank Terminal Co.,Ltd",002492.SZ,5.43,0.323,1.108,Yes
2580,"Zhejiang Jianye Chemical Co., Ltd.",603948.SS,6.85,0.406,1.759,Yes
2581,"Joyvio Food Co., Ltd",300268.SZ,8.13,0.48,0.77,Yes
2582,"Hua Ying Technology (Group) Co.,Ltd.",000536.SZ,12.28,0.714,2.245,Yes
2583,"Hubei Kailong Chemical Group Co., Ltd.",002783.SZ,5.72,0.342,1.032,Yes
2584,Guotai CSI Steel ETF,515210.SS,4.02,0.242,1.112,Yes
2585,Tiandi Science & Technology Co.Ltd,600582.SS,3.89,0.236,0.668,Yes
2586,"Chongqing road & bridge co.,ltd",600106.SS,8.05,0.48,1.949,Yes
2587,"ZheJiang Haers Vacuum Containers Co.,Ltd.",002615.SZ,4.91,0.297,0.872,Yes
2588,"Zhongyuan Environmental Protection Co., Ltd.",000544.SZ,3.19,0.195,0.691,Yes
2589,"Chongqing Port Co.,Ltd.",600279.SS,4.89,0.296,0.388,Yes
2590,"Bide Pharmatech Co., Ltd.",688073.SS,8.18,0.49,1.896,Yes
2591,"Guizhou Guihang Automotive Components Co.,Ltd",600523.SS,7.05,0.426,1.253,Yes
2592,"Kunshan Huguang Auto Harness Co.,Ltd.",605333.SS,6.71,0.407,1.144,Yes
2593,"37 Interactive Entertainment Network Technology Group Co., Ltd.",002555.SZ,5.98,0.364,1.551,Yes
2594,"Suzhou Sushi Testing Group Co.,Ltd.",300416.SZ,7.8,0.472,1.707,Yes
2595,"Zhejiang Jiaxin Silk Corp.,Ltd.",002404.SZ,3.86,0.238,0.905,Yes
2596,"Beijing Airport High-Tech Park Co., Ltd.",600463.SS,8.13,0.492,1.742,Yes
2597,"Nantong Jiangshan Agrochemical & Chemicals Co.,Ltd.",600389.SS,6.92,0.421,1.181,Yes
2598,"INKON Life Technology Co., Ltd.",300143.SZ,5.32,0.326,0.97,Yes
2599,"Shanghai Xuerong Biotechnology Co., Ltd.",300511.SZ,8.6,0.523,1.439,Yes
2600,"Shanghai Kinetic Medical Co., Ltd",300326.SZ,6.59,0.405,1.436,Yes
2601,"ZheJiang KangLongDa Special Protection Technology Co., Ltd",603665.SS,8.72,0.531,1.275,Yes
2602,Yinhua ICBC CSOP SP New CN Sec ETF(QDII),159822.SZ,5.42,0.335,1.08,Yes
2603,"Langfang Development Co., Ltd.",600149.SS,6.33,0.391,0.566,Yes
2604,"Zhejiang Yankon Group Co., Ltd.",600261.SS,3.51,0.219,0.844,Yes
2605,"North Huajin Chemical Industries Co.,Ltd",000059.SZ,5.75,0.356,0.828,Yes
2606,"Heren Health Co.,Ltd.",300550.SZ,6.29,0.39,1.648,Yes
2607,Tungkong Inc.,002117.SZ,5.77,0.361,0.967,Yes
2608,"Xinjiang Xuefeng Sci-Tech(Group)Co.,Ltd",603227.SS,4.45,0.28,0.415,Yes
2609,"Forest Packaging Group Co.,Ltd.",605500.SS,5.61,0.351,0.763,Yes
2610,China Railway Signal & Communication Corporation Limited,688009.SS,3.88,0.245,0.558,Yes
2611,"MCLON JEWELLERY Co.,Ltd.",300945.SZ,7.61,0.473,1.164,Yes
2612,"Xingmin Intelligent Transportation Systems (Group) Co., Ltd.",002355.SZ,7.8,0.485,1.052,Yes
2613,"Beijing Yuanliu Hongyuan Electronic Technology Co., Ltd.",603267.SS,8.84,0.548,1.743,Yes
2614,"Hefei Lifeon Pharmaceutical Co., Ltd.",003020.SZ,5.97,0.376,0.91,Yes
2615,"Beijing Comens New Materials Co.,Ltd.",300200.SZ,7.92,0.494,1.854,Yes
2616,China Southern CNI Online Consumption ETF,159728.SZ,4.76,0.301,1.424,Yes
2617,"Beijing Waluer Information Technology Co., Ltd.",301380.SZ,5.88,0.37,1.376,Yes
2618,"Bingshan Refrigeration & Heat Transfer Technologies Co., Ltd.",000530.SZ,5.2,0.328,1.092,Yes
2619,"Improve Medical Instruments Co., Ltd.",300030.SZ,8.2,0.512,1.787,Yes
2620,"Zhejiang Xinguang Pharmaceutical Co., Ltd.",300519.SZ,5.23,0.331,0.893,Yes
2621,"Huafang Co.,Ltd",600448.SS,6.02,0.379,0.872,Yes
2622,Anhui Ronds Science & Technology Incorporated Company,688768.SS,8.8,0.548,2.198,Yes
2623,"Jin Tong Ling Technology Group Co., Ltd.",300091.SZ,8.57,0.535,1.74,Yes
2624,"Perfect World Co., Ltd.",002624.SZ,7.51,0.472,1.726,Yes
2625,"Traffic Control Technology Co., Ltd.",688015.SS,5.39,0.342,1.141,Yes
2626,"Shandong Mining Machinery Group Co., Ltd.",002526.SZ,5.49,0.349,1.051,Yes
2627,ICBCCS CSI Brand Name Drug Industry ETF,516060.SS,4.05,0.259,1.054,Yes
2628,"Shanghai Shibei Hi-Tech Co.,Ltd.",600604.SS,5.51,0.351,1.124,Yes
2629,"Chengdu Guibao Science & Technology Co.,Ltd.",300019.SZ,6.01,0.382,1.728,Yes
2630,"Sichuan Tianyi Comheart Telecom Co., Ltd.",300504.SZ,6.38,0.405,1.171,Yes
2631,"FuJian YanJing HuiQuan Brewery Co.,Ltd",600573.SS,4.4,0.282,0.609,Yes
2632,Orient Securities Company Limited,600958.SS,4.16,0.267,1.251,Yes
2633,"YanKer shop Food Co.,Ltd",002847.SZ,7.65,0.484,1.127,Yes
2634,DongFeng Automobile Co. LTD,600006.SS,6.03,0.386,0.797,Yes
2635,Jiangsu Feiliks International Logistics Inc.,300240.SZ,6.6,0.422,0.843,Yes
2636,Harvest Fund Management - Jingdong Warehouse Logistic Fund,508098.SS,4.28,0.277,0.655,Yes
2637,Sansure Biotech Inc.,688289.SS,4.37,0.283,0.896,Yes
2638,"Qingdao Foods Co., Ltd.",001219.SZ,4.11,0.266,0.246,Yes
2639,"Jinzai Food Group Co.,Ltd.",003000.SZ,4.52,0.292,0.87,Yes
2640,Colorlight Cloud Tech Ltd,301391.SZ,8.93,0.569,2.17,Yes
2641,"Shanghai Kaytune Industrial Co.,Ltd",301001.SZ,6.27,0.405,1.005,Yes
2642,"Lifecome Biochemistry Co.,Ltd.",002868.SZ,9.0,0.575,1.386,Yes
2643,"Sichuan Huiyuan Optical Communication Co., Ltd.",000586.SZ,6.99,0.451,1.916,Yes
2644,GF Hang Seng Biotech ETF,159169.SZ,4.52,0.295,0.104,Yes
2645,"Minmetals New Energy Materials(Hunan)Co.,Ltd.",688779.SS,6.64,0.43,1.8,Yes
2646,"Yangzhou Chenhua New Material Co., Ltd.",300610.SZ,4.13,0.271,0.998,Yes
2647,"Haier Smart Home Co., Ltd.",600690.SS,4.51,0.297,1.033,Yes
2648,"Guangzhou LBP Medicine Science & Technology Co., Ltd.",688393.SS,9.29,0.6,1.217,Yes
2649,"Shanghai Yimin Commercial Group Co., Ltd.",600824.SS,3.74,0.248,0.676,Yes
2650,"Guomai Technologies, Inc.",002093.SZ,6.4,0.42,0.875,Yes
2651,"Lanzhou Huanghe Enterprise Co., Ltd",000929.SZ,6.46,0.425,1.32,Yes
2652,"Chongqing Yukaifa Co., Ltd",000514.SZ,6.07,0.4,1.257,Yes
2653,"Milkyway Intelligent Supply Chain Service GroupCo., Ltd.",603713.SS,7.69,0.504,2.328,Yes
2654,Fullgoal CSI Agriculture Thematic ETF,159825.SZ,3.32,0.222,0.968,Yes
2655,"Xinjiang Youhao(Group)Co.,Ltd",600778.SS,7.66,0.504,0.866,Yes
2656,"Ningbo Shanshan Co.,Ltd.",600884.SS,7.77,0.511,2.113,Yes
2657,"Suzhou Institute of Building Science Group Co.,Ltd",603183.SS,4.09,0.273,0.442,Yes
2658,"HyUnion Holding Co.,Ltd",002537.SZ,6.44,0.426,1.112,Yes
2659,"Jiangsu Daybright Intelligent Electric Co.,LTD.",300670.SZ,7.17,0.473,1.541,Yes
2660,HENGHUI Technology Corporation Limited,301678.SZ,12.31,0.796,4.117,Yes
2661,"Jilin Province Xidian Pharmaceutical Sci-Tech Development Co.,Ltd",301130.SZ,5.13,0.343,0.925,Yes
2662,"Well Lead Medical Co., Ltd.",603309.SS,4.14,0.278,0.675,Yes
2663,Penghua SSE STAR AI ETF,589090.SS,7.06,0.47,3.065,Yes
2664,Maanshan Iron & Steel Company Limited,600808.SS,5.12,0.344,0.974,Yes
2665,"Wuxi Paike New Materials Technology Co.,Ltd.",605123.SS,7.72,0.513,1.968,Yes
2666,"Guangxi Oriental Intelligent Manufacturing Technology Co., Ltd.",002175.SZ,8.27,0.549,1.091,Yes
2667,Hwabao WP SSE STAR Compst Enh Strtg ETF,589280.SS,10.69,0.703,3.386,Yes
2668,"Shanghai Lingang Holdings Co.,Ltd.",900928.SS,3.75,0.254,0.55,Yes
2669,Ningbo Changhong Polymer Scientific and Technical Inc.,605008.SS,5.37,0.362,0.884,Yes
2670,"Fengjing New Energy Technology Co., Ltd.",002662.SZ,3.88,0.263,1.139,Yes
2671,"DO and Shuihua Group Co., Ltd.",002798.SZ,6.92,0.464,1.276,Yes
2672,"RoadMainT Co.,Ltd.",603860.SS,4.38,0.297,0.336,Yes
2673,"Kangda New Materials (Group) Co., Ltd.",002669.SZ,6.08,0.409,1.736,Yes
2674,"Hangzhou Binjiang Real Estate Group Co.,Ltd",002244.SZ,6.91,0.465,1.141,Yes
2675,"Jiangsu Rainbow Heavy Industries Co., Ltd.",002483.SZ,4.81,0.327,1.145,Yes
2676,"Wuhan Fingu Electronic Technology Co., LTD.",002194.SZ,6.07,0.41,1.433,Yes
2677,"Orient International Enterprise, Ltd.",600278.SS,4.78,0.326,0.902,Yes
2678,"Berry Genomics Co.,Ltd",000710.SZ,7.91,0.532,1.229,Yes
2679,"Shanghai Lily&Beauty Cosmetics Co.,Ltd.",605136.SS,10.29,0.686,0.868,Yes
2680,"Zhongjing Food Co., Ltd.",300908.SZ,4.4,0.301,1.187,Yes
2681,"Hiecise Precision Equipment Co.,Ltd.",300809.SZ,8.46,0.571,1.711,Yes
2682,"Wuchan Zhongda Geron Co.,Ltd.",002722.SZ,5.14,0.352,1.543,Yes
2683,"Zhejiang Haisen Pharmaceutical Co., Ltd.",001367.SZ,4.73,0.325,1.018,Yes
2684,"Hla Group Corp., Ltd.",600398.SS,5.95,0.407,0.74,Yes
2685,"Gambol Pet Group Co., Ltd.",301498.SZ,6.8,0.464,0.823,Yes
2686,"Shenzhen Leaguer Co., Ltd.",002243.SZ,6.78,0.463,1.213,Yes
2687,"Zhejiang Shengyang Science and Technology Co., Ltd.",603703.SS,5.86,0.402,1.382,Yes
2688,CMF CSI SH-HK-SZ 500 Health Care ETF,517990.SS,3.89,0.269,1.092,Yes
2689,GF CSI Brand Name Drug Industry ETF,515120.SS,3.91,0.271,1.137,Yes
2690,Dook Media Group Limited,301025.SZ,7.98,0.545,0.983,Yes
2691,"HangZhou Everfine Photo-e-info Co., Ltd.",300306.SZ,4.34,0.301,1.114,Yes
2692,"Anhui Tatfook Technology Co., Ltd",300134.SZ,8.88,0.607,2.499,Yes
2693,"Roshow Technology Co., Ltd.",002617.SZ,6.04,0.419,1.542,Yes
2694,"Jiangsu Shagang Co., Ltd.",002075.SZ,5.35,0.375,1.056,Yes
2695,MeHow Innovative Ltd.,301363.SZ,6.0,0.419,1.621,Yes
2696,"Guangdong Shenglu Telecommunication Tech. Co., Ltd.",002446.SZ,6.18,0.432,2.02,Yes
2697,Fullgoal CSI-HK Connect Internet ETF,159792.SZ,5.31,0.374,1.294,Yes
2698,"DuZhe Publish&Media Co.,Ltd",603999.SS,4.65,0.329,0.565,Yes
2699,Guotai Asset Management Co Ltd - Guotai Junan Jinan Enery Heating Fund,508087.SS,2.34,0.167,0.214,Yes
2700,"SZZT Electronics CO.,LTD",002197.SZ,8.79,0.61,1.084,Yes
2701,"Zhejiang VIE Science & Technology Co., Ltd.",002590.SZ,6.19,0.435,1.612,Yes
2702,"Yiwu Huading Nylon Co.,Ltd.",601113.SS,3.7,0.265,0.678,Yes
2703,"Changchun FAWAY Group Automobile Components Co., Ltd.",600742.SS,4.51,0.322,0.922,Yes
2704,"Shanghai Film Co., Ltd.",601595.SS,7.32,0.517,1.46,Yes
2705,Thinkingdom Media Group Ltd.,603096.SS,4.69,0.335,0.865,Yes
2706,"Yantai Shuangta Food Co., Ltd.",002481.SZ,4.17,0.299,0.95,Yes
2707,"Yorhe Fluid Intelligent Control Co., Ltd.",002795.SZ,7.23,0.512,0.977,Yes
2708,Yinhua CSI Brand Name Drug Industry ETF,159992.SZ,3.77,0.272,1.155,Yes
2709,JPM CSI Brand Name Drug Industry ETF,560900.SS,3.81,0.276,1.195,Yes
2710,"Jiangsu Guomao Reducer Co., Ltd.",603915.SS,6.85,0.491,1.941,Yes
2711,"Qinghai Huading Industrial Co., Ltd.",600243.SS,9.1,0.646,1.928,Yes
2712,"Jiangsu Hongdou Industrial Co.,LTD",600400.SS,5.38,0.389,1.236,Yes
2713,"Guangdong Real-Design Intelligent Technology Co., Ltd",301135.SZ,4.86,0.353,1.346,Yes
2714,Northern United Publishing & Media (Group) Company Limited,601999.SS,3.59,0.262,0.44,Yes
2715,"Shenzhen Maxonic Automation Control Co., Ltd.",300112.SZ,5.78,0.418,1.412,Yes
2716,"Beijing Hanjian Heshan Pipeline Co.,Ltd",603616.SS,7.93,0.569,1.133,Yes
2717,"Shanghai Liangxin Electrical Co.,LTD.",002706.SZ,6.2,0.449,2.006,Yes
2718,"Zhejiang Shaoxing RuiFeng Rural Commercial Bank Co.,Ltd",601528.SS,2.88,0.212,0.456,Yes
2719,"Jinhong Fashion Group Co.,Ltd.",603518.SS,5.1,0.371,0.82,Yes
2720,Yinhua ChiNext Composite ETF,159288.SZ,4.06,0.297,1.934,Yes
2721,"Sineng Electric Co.,Ltd.",300827.SZ,7.47,0.539,0.806,Yes
2722,"Guangdong Anjubao Digital Technology Co., Ltd.",300155.SZ,7.44,0.537,1.861,Yes
2723,"Singatron Electronic (China) Co., Ltd.",301329.SZ,5.84,0.425,1.51,Yes
2724,"Wasu Media Holding Co.,Ltd",000156.SZ,3.65,0.269,0.949,Yes
2725,Qingdao Vland Biotech INC.,603739.SS,4.94,0.363,1.191,Yes
2726,"Wanma Technology Co., Ltd.",300698.SZ,6.37,0.465,1.444,Yes
2727,"TianYu Bio-Technology Co., Ltd.",603717.SS,4.88,0.359,0.831,Yes
2728,XDC Industries (Shenzhen) Limited,300615.SZ,7.54,0.549,1.751,Yes
2729,"Shandong Ruyi Woolen Garment Group Co., Ltd.",002193.SZ,7.23,0.527,1.25,Yes
2730,E Fund CSI HK Eq Cnn Intrnt ETF,513040.SS,5.06,0.372,1.348,Yes
2731,"Ningbo Dechang Electrical Machinery Made Co., Ltd.",605555.SS,5.13,0.379,1.383,Yes
2732,"Guangzhou Pearl River Piano Group Co.,Ltd",002678.SZ,4.97,0.368,1.07,Yes
2733,"Fangda Special Steel Technology Co., Ltd.",600507.SS,4.65,0.348,0.833,Yes
2734,"Dasheng Times Cultural Investment Co., Ltd.",600892.SS,6.56,0.489,1.214,Yes
2735,"Shaanxi Fenghuo Electronics Co., Ltd.",000561.SZ,6.42,0.48,1.625,Yes
2736,"Dong Feng Electronic Technology Co.,Ltd.",600081.SS,4.85,0.366,1.087,Yes
2737,"Baotou Tianhe Magnetics Technology Co., Ltd.",603072.SS,5.05,0.381,1.806,Yes
2738,"Hangzhou Oxygen Plant Group Co., Ltd.",002430.SZ,5.84,0.44,2.151,Yes
2739,Hangzhou Chuhuan Science & Technology Company Limited,001336.SZ,4.88,0.371,0.89,Yes
2740,"Beijing Century Real Technology Co.,Ltd",300150.SZ,4.91,0.376,1.219,Yes
2741,Sichuan Goldstone Asia Pharmaceutical Inc.,300434.SZ,5.32,0.407,1.313,Yes
2742,"Suzhou Iron Technology CO.,LTD",688329.SS,5.74,0.439,1.507,Yes
2743,"Wangneng Environment Co.,Ltd",002034.SZ,3.24,0.251,0.817,Yes
2744,"Jiangxi Ganyue Expressway CO.,LTD.",600269.SS,2.55,0.199,0.42,Yes
2745,"Shenzhen Kingdom Sci-Tech Co., Ltd",600446.SS,6.3,0.484,2.145,Yes
2746,"Guangdong Prolto Supply Chain Management Co., Ltd.",002769.SZ,6.7,0.514,0.93,Yes
2747,"Soho Fashion Group Co., Ltd.",600287.SS,5.29,0.409,0.968,Yes
2748,"Beijing-Shanghai High-Speed Railway Co., Ltd.",601816.SS,2.33,0.183,0.072,Yes
2749,"Beijing Bashi Media Co., Ltd.",600386.SS,5.98,0.463,0.832,Yes
2750,"Hangzhou Hopechart IoT Technology Co.,Ltd",688288.SS,7.75,0.596,0.786,Yes
2751,"Shanghai Moons' Electric Co., Ltd.",603728.SS,7.96,0.613,2.594,Yes
2752,"Zhejiang E-P Equipment Co., Ltd.",603194.SS,4.42,0.346,1.167,Yes
2753,"Zhejiang Tuna Environmental Science & TechnologyCo.,Ltd.",603177.SS,6.69,0.52,1.664,Yes
2754,"Whole Shine Medical Technology Co., Ltd.",002622.SZ,6.46,0.503,1.427,Yes
2755,"Juheshun Advanced Material Co., Ltd.",605166.SS,4.15,0.327,1.338,Yes
2756,CCB Principal CSI New Drug Industry ETF,159835.SZ,3.31,0.262,1.071,Yes
2757,Guotai HS China A Power Grid Equip ETF,561380.SS,7.58,0.588,2.225,Yes
2758,"Zhejiang Walrus New Material Co., Ltd.",003011.SZ,4.91,0.388,0.964,Yes
2759,"SDIC Capital Co.,Ltd",600061.SS,3.56,0.284,1.337,Yes
2760,"Chengdu Screen Micro Electronics Co.,Ltd.",688053.SS,7.26,0.573,2.173,Yes
2761,Shenzhen Worldunion Group Incorporated,002285.SZ,5.83,0.463,1.39,Yes
2762,"Tederic Machinery Co., LTD",603289.SS,4.02,0.324,0.923,Yes
2763,"Jiangsu Maysta Chemical Co., Ltd.",603041.SS,3.34,0.27,0.867,Yes
2764,China Universal SSE STAR AI ETF,589560.SS,5.94,0.475,3.105,Yes
2765,"Beijing Dalong Weiye Real Estate Development Co.,Ltd",600159.SS,5.15,0.413,1.192,Yes
2766,"Gansu Jiu Steel Group Hongxing Iron & Steel Co.,Ltd.",600307.SS,4.6,0.37,0.641,Yes
2767,"Shiyan Taixiang Industry Co.,Ltd.",301192.SZ,5.42,0.435,1.271,Yes
2768,"Mingyue Optical Lens Co.,Ltd.",301101.SZ,6.72,0.537,0.86,Yes
2769,"Shenzhen Airport Co., Ltd.",000089.SZ,2.27,0.185,0.629,Yes
2770,"Shanghai No.1 Pharmacy Co.,Ltd.",600833.SS,3.26,0.264,0.689,Yes
2771,"Snowsky Salt Industry Group CO.,LTD",600929.SS,3.9,0.316,1.082,Yes
2772,"Three's Company Future Technology Group Co., Ltd.",605168.SS,7.04,0.565,2.282,Yes
2773,Panda Dairy Corporation,300898.SZ,4.53,0.369,1.315,Yes
2774,"Aerospace CH UAV Co.,Ltd",002389.SZ,4.49,0.366,1.265,Yes
2775,"Zhejiang Tianyu Pharmaceutical Co., Ltd.",300702.SZ,3.8,0.311,1.033,Yes
2776,Harvest STAR Biopharmaceutical ETF,588700.SS,3.49,0.287,1.382,Yes
2777,"Zhang Jia Jie Tourism Group Co., Ltd",000430.SZ,4.23,0.347,1.502,Yes
2778,"Reach Machinery Co., Ltd.",301596.SZ,6.49,0.527,1.872,Yes
2779,"Xinjiang Baodi Mining Co., Ltd.",601121.SS,3.66,0.303,0.962,Yes
2780,"Shandong Wit Dyne Health Co.,Ltd.",000915.SZ,3.83,0.317,1.086,Yes
2781,ICBCCS CSI Leading Csmpt Services ETF,516600.SS,2.36,0.197,1.036,Yes
2782,China National Software & Service Company Limited,600536.SS,5.24,0.431,1.684,Yes
2783,"Rizhao Port Co.,Ltd",600017.SS,2.06,0.172,0.533,Yes
2784,"Zhejiang Qianjiang Motorcycle Co., Ltd.",000913.SZ,4.55,0.376,0.714,Yes
2785,"Shandong New Beiyang Information Technology Co., Ltd.",002376.SZ,3.59,0.3,1.234,Yes
2786,Huasi Holding Company Limited,002494.SZ,4.01,0.335,0.9,Yes
2787,"Ziel Home Furnishing Technology Co., Ltd.",301376.SZ,3.34,0.28,1.049,Yes
2788,"Ningbo Jansen Superconducting Technologies Co., Ltd.",688805.SS,4.9,0.409,2.088,Yes
2789,"Beijing Emerging Eastern Aviation Equipment Co., Ltd.",002933.SZ,4.29,0.359,0.871,Yes
2790,"Beijing Global Safety Technology Co., Ltd.",300523.SZ,4.58,0.383,1.254,Yes
2791,"Bank of Xi'an Co.,Ltd.",600928.SS,2.34,0.199,0.577,Yes
2792,Guangdong Chant Group Inc.,002616.SZ,3.89,0.329,0.411,Yes
2793,"ENC Digital Technology Co., Ltd",603869.SS,4.65,0.393,1.045,Yes
2794,"Wuhu Sanlian Forging Co., Ltd.",001282.SZ,5.05,0.426,1.676,Yes
2795,"Shanghai Baolijia Chemical Co., Ltd.",301037.SZ,4.34,0.368,1.072,Yes
2796,Huadian Power International Corporation Limited,600027.SS,2.94,0.251,0.136,Yes
2797,"Zhejiang Cheng Yi Pharmaceutical Co., Ltd.",603811.SS,4.24,0.36,1.246,Yes
2798,"Shanxi Securities Co., Ltd.",002500.SZ,3.03,0.259,1.325,Yes
2799,"Zhuhai Rundu Pharmaceutical Co., Ltd.",002923.SZ,5.63,0.477,0.679,Yes
2800,"Hillstone Networks Co.,Ltd.",688030.SS,4.83,0.411,1.797,Yes
2801,"Jiangsu Canopus Wisdom Medical Technology Co.,Ltd.",301290.SZ,3.81,0.326,1.301,Yes
2802,Harvest CSI Construction Machnry Thm ETF,159070.SZ,2.24,0.194,,
2803,"Shanghai Shentong Metro Co.,Ltd.",600834.SS,3.98,0.343,0.403,Yes
2804,"Jilin Liyuan Precision Manufacturing Co., Ltd.",002501.SZ,5.33,0.457,1.199,Yes
2805,"Lecron Industrial Development Group Co., Ltd.",300343.SZ,5.66,0.485,1.547,Yes
2806,Xiamen Kingdomway Group Company,002626.SZ,3.48,0.302,0.862,Yes
2807,"Shanghai Aiyingshi Co.,Ltd",603214.SS,4.83,0.418,1.501,Yes
2808,"Shanghai Xintonglian Packaging Co., Ltd.",603022.SS,3.86,0.336,1.052,Yes
2809,"Beijing Electronic Zone High-tech Group Co., Ltd.",600658.SS,5.87,0.507,2.208,Yes
2810,"Lao Feng Xiang Co., Ltd.",900905.SS,1.8,0.16,0.367,Yes
2811,"Shanghai Chengtou Holding Co., Ltd.",600649.SS,4.77,0.417,1.771,Yes
2812,"Beijing Dynamic Power Co.,LTD",600405.SS,4.55,0.4,1.378,Yes
2813,"Transfar Zhilian Co., Ltd.",002010.SZ,3.34,0.296,1.18,Yes
2814,"Linkage Software Co., LTD",688588.SS,6.78,0.592,2.423,Yes
2815,"Cosmos Group Co., Ltd.",002133.SZ,4.08,0.362,1.222,Yes
2816,"Zhejiang Haikong Nanke Huatie Digital Intelligence and Technology Co., Ltd.",603300.SS,7.33,0.643,0.988,Yes
2817,"Wuhan Sanzhen Industry Holding Co.,Ltd",600168.SS,2.69,0.242,0.74,Yes
2818,Guotai SZSE ChiNext Healthcare ETF,159377.SZ,2.37,0.213,0.686,Yes
2819,"CWB Automotive Electronics Co., Ltd.",605005.SS,3.35,0.301,0.81,Yes
2820,"Puyang Huicheng Electronic Material Co., Ltd.",300481.SZ,4.92,0.439,1.765,Yes
2821,"Zhejiang Prulde Electric Appliance Co., Ltd.",301353.SZ,3.32,0.299,1.126,Yes
2822,"Hainan Haide Capital Management Co., Ltd.",000567.SZ,4.82,0.432,1.719,Yes
2823,Sinoma Energy Conservation Ltd.,603126.SS,4.55,0.408,0.945,Yes
2824,Zhejiang Natural Outdoor Goods Inc.,605080.SS,4.26,0.383,1.02,Yes
2825,Shenzhen Gas Corporation Ltd.,601139.SS,2.14,0.195,0.541,Yes
2826,"Tianjin Hi-Tech Development Co., Ltd.",600082.SS,4.66,0.419,1.0,Yes
2827,"Kidswant Digital Technology Co., Ltd.",301078.SZ,6.88,0.615,2.364,Yes
2828,"Xinxiang Richful Lube Additive Co.,Ltd.",300910.SZ,4.03,0.365,1.199,Yes
2829,"Shanghai Putailai New Energy Technology Group Co.,Ltd.",603659.SS,5.73,0.516,1.951,Yes
2830,"Client Service International, Inc.",300663.SZ,8.66,0.773,1.756,Yes
2831,Foryou Corporation,002906.SZ,4.41,0.4,1.704,Yes
2832,"Liaoning Dingjide Petrochemical Co., Ltd.",603255.SS,4.9,0.446,1.735,Yes
2833,"Shenzhen Wongtee International Enterprise Co., Ltd.",000056.SZ,7.05,0.637,1.276,Yes
2834,"Chongqing Hifuture Information Technology Co., Ltd.",002168.SZ,5.3,0.482,0.615,Yes
2835,"Shenzhen VMAX New Energy Co., Ltd.",688612.SS,5.19,0.475,2.246,Yes
2836,Beijing Succeeder Technology Inc.,688338.SS,3.72,0.346,1.382,Yes
2837,"ChinaEtek Service & Technology Co., Ltd.",301208.SZ,4.22,0.392,1.878,Yes
2838,AVIC Xi'an Aircraft Industry Group Company Ltd.,000768.SZ,2.74,0.257,0.893,Yes
2839,"Lizhong Sitong Light Alloys Group Co., Ltd.",300428.SZ,3.98,0.372,1.72,Yes
2840,"Guangzhou Lushan New Materials Co., Ltd.",603051.SS,3.82,0.358,1.279,Yes
2841,GF SSE 50ETF,510950.SS,2.33,0.22,0.848,Yes
2842,"Shandong Tengda Fasten Tech. Co., Ltd.",001379.SZ,7.31,0.678,0.409,Yes
2843,"Anhui Heli Co.,Ltd.",600761.SS,4.31,0.405,1.431,Yes
2844,"Dencare (Chongqing) Oral Care Co., Ltd.",001328.SZ,3.52,0.333,0.265,Yes
2845,"Shaanxi Construction Machinery Co.,Ltd",600984.SS,4.76,0.45,1.059,Yes
2846,"Betta Pharmaceuticals Co., Ltd.",300558.SZ,4.35,0.415,1.617,Yes
2847,GF CSI Photovoltaic Leading 30 ETF,560980.SS,3.63,0.348,1.576,Yes
2848,ChinaAMC SSE Health Care Sector ETF,510660.SS,2.35,0.227,1.012,Yes
2849,"Masterwork Group Co.,Ltd.",300195.SZ,3.76,0.363,1.411,Yes
2850,"Jilin Asia Link Technology Development Co.,Ltd.",002316.SZ,4.41,0.426,1.092,Yes
2851,"Foshan Electrical and Lighting Co.,Ltd",000541.SZ,3.65,0.355,1.028,Yes
2852,"Wave Cyber (Shanghai) Co., Ltd.",688718.SS,3.76,0.366,1.639,Yes
2853,JC Finance & Tax Interconnect Holdings Ltd.,002530.SZ,4.13,0.403,1.311,Yes
2854,"Shanghai Conglin Environmental Protection Technology Co., Ltd.",688370.SS,3.53,0.346,1.467,Yes
2855,"Trust Chem Co., Ltd.",001335.SZ,4.83,0.471,2.695,Yes
2856,"C.Q. Pharmaceutical Holding Co., Ltd.",000950.SZ,2.5,0.247,0.958,Yes
2857,"Fuchun Technology Co., Ltd.",300299.SZ,4.09,0.401,1.035,Yes
2858,GuangZhou Wahlap Technology Corporation Limited,301011.SZ,6.63,0.647,0.428,Yes
2859,"Hunan Corun New Energy Co., Ltd.",600478.SS,4.14,0.41,1.55,Yes
2860,"Zhejiang Fengmao Technology Co., Ltd.",301459.SZ,4.07,0.405,1.164,Yes
2861,"Guangdong Vanward New Electric Co., Ltd.",002543.SZ,2.6,0.261,0.776,Yes
2862,"Anhui Yuanchen Environmental Protection Science&Technology Co.,Ltd.",688659.SS,4.22,0.422,1.688,Yes
2863,ChinaAMC Hang Seng Int&InfoTech ETF QDII,513330.SS,3.48,0.351,1.321,Yes
2864,"Beijing Kingee Culture Development Co., Ltd.",002721.SZ,4.02,0.405,1.003,Yes
2865,Huaan CSI All-Inclsv Sftwr Dvlpmnt ETF,561010.SS,3.75,0.379,1.806,Yes
2866,CMF CSI Software ETF,159899.SZ,3.75,0.379,1.881,Yes
2867,Giti Tire Corporation,600182.SS,1.99,0.204,0.464,Yes
2868,"Jiangsu Lidao New Materials Co., Ltd.",603937.SS,3.13,0.321,1.189,Yes
2869,"Qingyan Environmental Technology Co., Ltd.",301288.SZ,4.48,0.456,1.186,Yes
2870,"Gresgying Digital Energy Technology Co.,Ltd",600212.SS,4.37,0.446,0.67,Yes
2871,"Ningbo GQY Video & Telecom Joint-Stock Co., Ltd.",300076.SZ,4.35,0.449,1.394,Yes
2872,ChinaAMC Feed&Soybean Meal Futures ETF,159985.SZ,1.4,0.147,0.322,Yes
2873,"New Trend International Logis-Tech Co.,Ltd.",300532.SZ,3.82,0.397,1.502,Yes
2874,"Tangel Culture Co., Ltd.",300148.SZ,4.24,0.44,1.245,Yes
2875,"Weihai Guangwei Composites Co., Ltd.",300699.SZ,3.48,0.363,1.13,Yes
2876,"Aofu Environmental Technology Co.,Ltd.",688021.SS,4.31,0.449,1.582,Yes
2877,"Founder Securities Co., Ltd.",601901.SS,2.88,0.303,1.579,Yes
2878,"Windey Energy Technology Group Co., Ltd.",300772.SZ,4.12,0.432,1.246,Yes
2879,"Hangzhou Tigermed Consulting Co., Ltd",300347.SZ,4.73,0.497,1.929,Yes
2880,Huaan Hang Seng Internet and Information Technology Index ETF,159688.SZ,3.29,0.35,1.366,Yes
2881,"Everjoy Health Group Co.,Ltd.",002162.SZ,3.25,0.347,0.998,Yes
2882,"CloudWalk Technology Co., Ltd.",688327.SS,5.92,0.627,2.543,Yes
2883,"Shanghai XFH Technology Co., Ltd",300890.SZ,4.76,0.508,1.711,Yes
2884,"Industrial Securities Co.,Ltd.",601377.SS,2.41,0.261,1.277,Yes
2885,"Beijing Jiaoda Signal Technology Co., Ltd.",300851.SZ,2.76,0.3,0.895,Yes
2886,"Zhongyin Babi Food Co., Ltd.",605338.SS,3.01,0.329,0.921,Yes
2887,"China-Singapore Suzhou Industrial Park Development Group Co., Ltd.",601512.SS,2.31,0.255,1.012,Yes
2888,"Guangdong Redwall New Materials Co., Ltd.",002809.SZ,4.29,0.469,0.928,Yes
2889,"Sinolink Securities Co., Ltd.",600109.SS,2.46,0.271,1.478,Yes
2890,"Liuzhou Chemical Industry Co., Ltd.",600423.SS,2.98,0.328,0.321,Yes
2891,Fujian Cement Inc.,600802.SS,3.38,0.373,0.781,Yes
2892,"Zhejiang Tiantie Science and Technology Co., Ltd.",300587.SZ,4.48,0.493,1.877,Yes
2893,"Keystone Technology Co.,Ltd.",605588.SS,4.63,0.511,1.805,Yes
2894,"Yunnan Nantian Electronics Information Co.,Ltd.",000948.SZ,4.2,0.465,1.328,Yes
2895,"Seazen Holdings Co., Ltd",601155.SS,4.01,0.444,1.576,Yes
2896,"Suzhou Mingzhi Technology Co., Ltd.",688355.SS,3.21,0.358,1.607,Yes
2897,"Valiant Co.,Ltd",002643.SZ,4.31,0.479,1.98,Yes
2898,"Jenkem Technology Co., Ltd.",688356.SS,4.99,0.555,2.172,Yes
2899,"Beijing StarNeto Technology Co., Ltd.",002829.SZ,5.05,0.562,0.961,Yes
2900,CCB Principal Yisheng ZS Engy&Chem ETF,159981.SZ,2.19,0.247,0.288,No
2901,"OmniVision Integrated Circuits Group, Inc.",603501.SS,3.39,0.381,1.233,Yes
2902,"Tongxing Environmental Protection Technology Co.,Ltd",003027.SZ,2.68,0.302,0.921,Yes
2903,"Wanhua Chemical Group Co., Ltd.",600309.SS,3.17,0.359,1.577,Yes
2904,"Gstarsoft Co., Ltd.",688657.SS,3.33,0.387,1.827,Yes
2905,"Xiangyang BOYA Precision Industrial Equipments Co., Ltd",300971.SZ,2.95,0.343,1.394,Yes
2906,"Zhejiang Tengen Electrics Co.,Ltd.",605066.SS,2.84,0.332,1.075,Yes
2907,"Beijing Hanyi Innovation Technology Co., Ltd.",301270.SZ,3.82,0.445,1.366,Yes
2908,ICBCCS CSI HKC Medical Treatment Thm ETF,159167.SZ,2.6,0.305,0.497,Yes
2909,"Nanjing Red Sun Co.,Ltd.",000525.SZ,4.04,0.472,0.162,No
2910,"R&G PharmaStudies Co., Ltd.",301333.SZ,4.56,0.538,1.59,Yes
2911,"Nanjing Vishee Medical Technology Co., Ltd",688580.SS,4.83,0.571,2.095,Yes
2912,"Explosive Co., Ltd.",002096.SZ,2.51,0.3,0.571,Yes
2913,"Changchai Company, Limited",000570.SZ,2.72,0.326,0.77,Yes
2914,"Baotailong New Materials Co., Ltd.",601011.SS,3.6,0.429,1.535,Yes
2915,"Beijing Jingneng Thermal Co., Ltd.",002893.SZ,2.78,0.342,0.515,Yes
2916,Guotai SSE STAR AI ETF,589110.SS,4.0,0.489,3.046,Yes
2917,"Xiandai Investment Co.,Ltd",000900.SZ,1.59,0.198,0.673,Yes
2918,"Zhejiang Qianjiang Biochemical Co., Ltd",600796.SS,1.97,0.246,0.584,Yes
2919,"Jiangsu Wujin Stainless Steel Pipe Group CO.,LTD.",603878.SS,5.35,0.661,1.574,Yes
2920,"Ocean's King Lighting Science & Technology Co., Ltd.",002724.SZ,3.43,0.43,1.305,Yes
2921,"Shandong Kaisheng New Materials Co.,Ltd.",301069.SZ,3.64,0.458,2.168,Yes
2922,"Tibet Weixinkang Medicine Co., Ltd.",603676.SS,2.54,0.324,0.71,Yes
2923,Yinhua CSI Infrastructure ETF,516950.SS,1.33,0.172,0.722,Yes
2924,"Guangdong Tianhe Agricultural Means of Production Co., Ltd.",002999.SZ,2.91,0.375,0.942,Yes
2925,"Grinm Metal Composites (Beijing) Technolgy Co., Ltd.",688811.SS,6.82,0.865,4.467,Yes
2926,"Haining China Leather Market Co.,Ltd",002344.SZ,2.32,0.3,1.021,Yes
2927,"Beijing Jiaman Dress Co.,Ltd.",301276.SZ,3.21,0.419,1.33,Yes
2928,Guilin Layn Natural Ingredients Corp.,002166.SZ,2.24,0.294,0.987,Yes
2929,"FangDa Carbon New Material Co.,Ltd",600516.SS,2.49,0.328,1.326,Yes
2930,"Shanghai Daimay Automotive Interior Co., Ltd",603730.SS,3.25,0.428,1.418,Yes
2931,Guangzhou Port Company Limited,601228.SS,1.42,0.189,0.545,Yes
2932,"Yabao Pharmaceutical Group Co., Ltd",600351.SS,2.09,0.278,0.807,Yes
2933,"Beijing Trust & Far Technology Co.,Ltd",300231.SZ,3.76,0.498,2.028,Yes
2934,"Shanghai Junshi Biosciences Co., Ltd.",688180.SS,3.04,0.404,1.267,Yes
2935,"Ciwen Media Co.,Ltd.",002343.SZ,3.54,0.474,1.246,Yes
2936,"Zhongtian Service Co., Ltd.",002188.SZ,2.57,0.35,1.065,Yes
2937,"Pubang Landscape Architecture Co., Ltd",002663.SZ,2.54,0.347,0.988,Yes
2938,Zhejiang Canaan Technology Limited,300412.SZ,2.61,0.36,1.346,Yes
2939,"Shenzhen Topband Co., Ltd.",002139.SZ,2.35,0.326,0.94,Yes
2940,"Shenzhen Absen Optoelectronic Co.,Ltd.",300389.SZ,3.0,0.419,1.74,Yes
2941,Guotai SZSE ChiNext 50 ETF,159375.SZ,4.29,0.597,2.231,Yes
2942,"Zhejiang Benli Technology Co., Ltd.",301065.SZ,2.35,0.33,1.152,Yes
2943,"Zhejiang Dun'an Artificial Environment Co., Ltd",002011.SZ,2.2,0.309,1.063,Yes
2944,"Anhui Quanchai Engine Co., Ltd.",600218.SS,2.26,0.319,1.157,Yes
2945,"NSFOCUS Technologies Group Co., Ltd.",300369.SZ,3.81,0.534,1.637,Yes
2946,"Kailuan Energy Chemical Co.,Ltd.",600997.SS,1.97,0.279,0.69,Yes
2947,Harvest CSI Medical&Health 100 Str ETF,515960.SS,1.51,0.218,0.997,Yes
2948,"China South Publishing & Media Group Co., Ltd",601098.SS,1.77,0.256,0.196,Yes
2949,"Hubei Donper Electromechanical Group Co., Ltd.",601956.SS,2.08,0.305,0.676,Yes
2950,"Shanxi Coal International Energy Group Co.,Ltd",600546.SS,2.65,0.388,1.121,Yes
2951,"Landfar Bio-medicine Co., Ltd",000504.SZ,3.44,0.504,0.672,Yes
2952,"Liaoning Port Co., Ltd.",601880.SS,1.57,0.231,0.85,Yes
2953,Guotai CSI Infrastructure ETF,159619.SZ,1.14,0.169,0.712,Yes
2954,"Huitong Construction Group Co.,Ltd.",603176.SS,2.92,0.43,0.811,Yes
2955,"The Pacific Securities Co., Ltd",601099.SS,2.38,0.351,1.771,Yes
2956,"Jiangsu Bojun Industrial Technology Co., Ltd",300926.SZ,2.82,0.416,1.553,Yes
2957,Ningbo Marine Company Limited,600798.SS,2.19,0.325,0.679,Yes
2958,"Zhejiang Jinggong Integration Technology Co., Ltd.",002006.SZ,3.12,0.461,1.464,Yes
2959,"Beijing Yuanlong Yato Culture Dissemination Co.,Ltd.",002878.SZ,3.15,0.468,0.98,Yes
2960,"Hubei Huaqiang High-Tech Co., Ltd.",688151.SS,3.33,0.504,1.133,Yes
2961,"Fuan Pharmaceutical (Group) Co., Ltd.",300194.SZ,1.77,0.27,0.852,Yes
2962,"Changzhou Tiansheng New Materials Group Co., Ltd.",300169.SZ,3.86,0.586,2.263,Yes
2963,"Jiangsu Dagang Co., Ltd.",002077.SZ,2.46,0.381,1.388,Yes
2964,"Monalisa Group CO.,Ltd",002918.SZ,3.62,0.557,2.149,Yes
2965,"YCIC Eco-Technology Co.,Ltd.",002200.SZ,2.39,0.37,0.266,Yes
2966,E Fund CSI Software Services ETF,562930.SS,2.47,0.383,1.902,Yes
2967,HUAYU Automotive Systems Company Limited,600741.SS,1.63,0.255,0.714,Yes
2968,"Haibo Heavy Engineering Science and Technology Co., Ltd.",300517.SZ,2.56,0.4,1.013,Yes
2969,"MeiHua Holdings Group Co.,Ltd",600873.SS,1.82,0.286,0.296,Yes
2970,"Shanghai Ace Investment&Development Co.,Ltd",603329.SS,1.63,0.257,0.791,Yes
2971,"Weihai Baihe Biology Technological Co., Ltd.",603102.SS,1.75,0.275,0.81,Yes
2972,"Hangzhou Freely Communication Co., Ltd.",603602.SS,2.46,0.386,0.916,Yes
2973,ChinaAMC CSI Infrastructure Index ETF,159635.SZ,1.08,0.171,0.722,Yes
2974,Phenix Optical Company Limited,600071.SS,2.3,0.368,1.14,Yes
2975,"Y.U.D.Yangtze River Investment Industry Co.,Ltd.",600119.SS,3.05,0.488,0.094,Yes
2976,"Runa Smart Equipment Co., Ltd.",301129.SZ,2.82,0.452,1.322,Yes
2977,China United Network Communications Limited,600050.SS,1.56,0.253,0.617,Yes
2978,"MH Robot & Automation Co., Ltd.",301199.SZ,1.86,0.303,1.04,Yes
2979,"Jiayuan Science and Technology Co.,Ltd.",301117.SZ,4.38,0.708,2.309,Yes
2980,"HuiZhou Intelligence Technology Group Co., Ltd",002122.SZ,2.81,0.458,1.21,Yes
2981,"Hunan Haili Chemical Industry Co.,Ltd.",600731.SS,1.77,0.29,0.852,Yes
2982,"Nanjing Develop Advanced Manufacturing Co., Ltd.",688377.SS,3.03,0.498,2.047,Yes
2983,"Beijing Bohui Innovation Biotechnology Group Co., Ltd.",300318.SZ,2.06,0.34,0.5,Yes
2984,"Sichuan Newsnet Media (Group) Co., Ltd.",300987.SZ,2.41,0.4,0.863,Yes
2985,"Jiangsu CoWin Biotech Co., Ltd.",688426.SS,3.54,0.6,1.947,Yes
2986,"Rumere Co.,Ltd.",301088.SZ,2.02,0.346,1.132,Yes
2987,"Chimin Health Management Co., Ltd.",603222.SS,2.97,0.508,1.91,Yes
2988,"Xinjiang Talimu Agriculture Development Co., Ltd.",600359.SS,1.64,0.283,0.839,Yes
2989,"Hunan Baili Engineering Sci&Tech Co.,Ltd",603959.SS,4.25,0.724,0.349,Yes
2990,"Ningbo Sanxing Medical Electric Co.,Ltd.",601567.SS,2.31,0.397,0.257,Yes
2991,"ZRP Printing Group Co., Ltd",301223.SZ,1.27,0.222,1.046,Yes
2992,CMF CSI Robot ETF,560770.SS,1.85,0.322,1.996,Yes
2993,"Mesnac Co., Ltd.",002073.SZ,2.13,0.375,1.166,Yes
2994,"Yonker Environmental Protection Co.,Ltd",300187.SZ,1.85,0.335,1.266,Yes
2995,"Hangzhou Century Co., Ltd",300078.SZ,3.06,0.55,1.706,Yes
2996,"Qingdao Victall Railway Co., Ltd.",605001.SS,1.6,0.292,0.972,Yes
2997,"Foshan Electrical and Lighting Co.,Ltd",200541.SZ,0.81,0.151,0.398,Yes
2998,"Zhejiang Supor Co., Ltd.",002032.SZ,1.2,0.224,0.485,Yes
2999,Eastmoney SSE STAR 200 ETF,589330.SS,5.45,1.001,5.172,Yes
3000,Joy Kie Corporation Limited,300994.SZ,1.93,0.362,1.059,Yes
3001,Changsha Tongcheng Holdings Co.Ltd,000419.SZ,1.38,0.261,0.865,Yes
3002,JPM Hang Seng Biotech ETF,520760.SS,1.56,0.297,0.193,Yes
3003,"Tande Co., Ltd.",600665.SS,1.92,0.364,1.241,Yes
3004,"Shenzhen TXD Technology Co.,Ltd.",002845.SZ,1.81,0.352,1.173,Yes
3005,"Mubang High-Tech Co.,Ltd.",603398.SS,3.61,0.699,1.771,Yes
3006,"Guangdong Ganhua Science & Industry Co.,Ltd.",000576.SZ,2.09,0.41,1.535,Yes
3007,"Better Life Commercial Chain Share Co.,Ltd",002251.SZ,2.6,0.511,0.459,Yes
3008,"Zhengyuan Geomatics Group Co.,Ltd.",688509.SS,1.72,0.343,1.353,Yes
3009,"GreenTech Environmental Co., Ltd.",688466.SS,1.87,0.377,1.188,Yes
3010,"Henan Yicheng New Energy Co., Ltd.",300080.SZ,2.74,0.554,2.236,Yes
3011,"Bethel Automotive Safety Systems Co., Ltd",603596.SS,2.18,0.441,1.552,Yes
3012,"Chengdu Hongqi Chain Co.,Ltd.",002697.SZ,1.45,0.298,0.795,Yes
3013,"Bona Film Group Co., Ltd.",001330.SZ,2.42,0.498,1.669,Yes
3014,"Beijing Advanced Digital Technology Co., Ltd",300541.SZ,1.99,0.41,1.545,Yes
3015,Topsec Technologies Group Inc.,002212.SZ,2.61,0.547,1.826,Yes
3016,"Hi-Trend Technology (Shanghai) Co., Ltd.",688391.SS,2.19,0.465,2.416,Yes
3017,"Boen Group Co., Ltd.",001366.SZ,1.81,0.385,0.909,Yes
3018,"Harbin Air Conditioning Co.,Ltd.",600202.SS,1.66,0.354,1.034,Yes
3019,"Beijing Kawin Technology Share-Holding Co., Ltd.",688687.SS,2.33,0.494,1.539,Yes
3020,"Chongqing Pharscin Pharmaceutical Co., Ltd.",002907.SZ,1.87,0.4,0.994,Yes
3021,YGSOFT Inc.,002063.SZ,1.48,0.316,1.255,Yes
3022,Jiangsu Phoenix Publishing & Media Corporation Limited,601928.SS,1.11,0.24,0.206,Yes
3023,"Qinchuan Machine Tool & Tool Group Share Co., Ltd.",000837.SZ,1.95,0.425,1.808,Yes
3024,"Nanjing TDH Technology Co.,Ltd.",301378.SZ,2.66,0.583,2.696,Yes
3025,"Hongta Securities Co., Ltd.",601236.SS,1.19,0.264,1.167,Yes
3026,"Zhejiang Taihua New Material Group Co., Ltd.",603055.SS,1.31,0.291,0.771,Yes
3027,Huaan CSI Medican Segmentation Index ETF Fund,512120.SS,1.03,0.231,0.962,Yes
3028,"Shandong Swan CottonIndustrial Machinery Stock Co.,Ltd.",603029.SS,1.56,0.351,1.056,Yes
3029,"Fujian Nanping Sun Cable Co., Ltd.",002300.SZ,1.67,0.377,0.811,Yes
3030,"Shenzhen SEG Co.,Ltd",200058.SZ,0.94,0.213,0.58,Yes
3031,"Fujian Sunner Development Co., Ltd.",002299.SZ,1.18,0.269,0.934,Yes
3032,"Sinolong New Materials Co., Ltd.",301565.SZ,2.28,0.524,1.263,Yes
3033,Shenma Industry Co.Ltd,600810.SS,1.34,0.31,1.051,Yes
3034,Harvest CSI Software Service ETF,159852.SZ,1.67,0.389,1.929,Yes
3035,E Fund CSI Bio-Tech Them ETF,159837.SZ,1.11,0.26,1.177,Yes
3036,"Realcan Pharmaceutical Group Co., Ltd.",002589.SZ,1.28,0.305,0.701,Yes
3037,"Changhong Meiling Co., Ltd.",000521.SZ,1.5,0.358,0.994,Yes
3038,"CATARC Automotive Proving Ground Co.,Ltd.",301215.SZ,1.08,0.26,0.75,Yes
3039,"Hangzhou Youngsun Intelligent Equipment Co., Ltd.",603901.SS,1.75,0.422,1.646,Yes
3040,"Guangdong Yuehai Feeds Group Co.,Ltd.",001313.SZ,1.18,0.286,0.735,Yes
3041,China Southern CNI Green Electricity ETF,159061.SZ,0.66,0.162,,
3042,Guotai CSI Software ETF,515230.SS,1.55,0.38,1.893,Yes
3043,ComNav Technology Ltd.,688592.SS,1.88,0.476,2.013,Yes
3044,"Hangzhou EZVIZ Network Co., Ltd.",688475.SS,1.42,0.361,1.463,Yes
3045,Beijing Dinghan Technology Group Co.Ltd,300011.SZ,1.46,0.372,1.322,Yes
3046,Hinova Pharmaceuticals Inc.,688302.SS,2.01,0.513,1.672,Yes
3047,"Xinhua Winshare Publishing and Media Co., Ltd.",601811.SS,1.03,0.265,0.365,Yes
3048,GF CSI Infras Engineering ETF,516970.SS,0.59,0.159,0.787,Yes
3049,ChinaAMC ChiNext New Energy ETF,159368.SZ,2.4,0.64,3.261,Yes
3050,"Anhui Huaren Health Pharmaceutical Co., Ltd.",301408.SZ,1.56,0.416,1.42,Yes
3051,"Ourpalm Co., Ltd.",300315.SZ,1.49,0.402,1.444,Yes
3052,"Shen Zhen Australis Electronic Technology Co.,Ltd.",300940.SZ,1.59,0.429,1.107,Yes
3053,"Chengdu Kanghua Biological Products Co., Ltd.",300841.SZ,1.49,0.408,1.63,Yes
3054,Beyondsoft Corporation,002649.SZ,1.43,0.397,1.33,Yes
3055,"Beijing Career International Co., Ltd",300662.SZ,2.19,0.608,2.254,Yes
3056,"Fengxing Co., Ltd.",002760.SZ,1.43,0.403,1.006,Yes
3057,"Beijing Ultrapower Software Co., Ltd.",300002.SZ,1.43,0.402,1.505,Yes
3058,"Jiangsu Jibeier Pharmaceutical Co., Ltd.",688566.SS,1.17,0.334,1.234,Yes
3059,IGW Hang Seng Consumer ETF (QDII),513970.SS,0.86,0.248,1.078,Yes
3060,"GRG Banking Equipment Co., Ltd.",002152.SZ,1.28,0.372,1.436,Yes
3061,"Zhejiang Dongwang Times Technology Co., Ltd.",600052.SS,1.26,0.367,1.082,Yes
3062,"Zhejiang Cady Industry Co., Ltd.",603073.SS,1.03,0.308,0.827,Yes
3063,"Yingkou Fengguang Advanced Material Co.,Ltd",301100.SZ,1.42,0.424,0.985,Yes
3064,"LianChuang Electronic Technology Co.,Ltd",002036.SZ,1.6,0.487,1.832,Yes
3065,"Guangzhou Grandbuy Co., Ltd.",002187.SZ,1.27,0.389,0.955,Yes
3066,"Noblelift Intelligent Equipment Co.,Ltd.",603611.SS,1.07,0.336,1.399,Yes
3067,"Sublime China Information Co., Ltd.",301299.SZ,1.59,0.5,1.788,Yes
3068,"Jonhon Optronic Technology Co., Ltd.",002179.SZ,1.04,0.334,1.198,Yes
3069,"Chengdu CORPRO Technology Co.,Ltd.",300101.SZ,1.7,0.542,2.404,Yes
3070,Sinopec Shanghai Petrochemical Company Limited,600688.SS,0.68,0.223,0.904,Yes
3071,"Shandong Chiway Industry Development Co.,Ltd",002374.SZ,1.2,0.398,1.356,Yes
3072,Xiamen Xindeco Ltd.,000701.SZ,1.33,0.445,0.818,Yes
3073,DuoLun Technology Corporation Ltd.,603528.SS,1.06,0.357,0.942,Yes
3074,"Cicc Fund Management Co.,Ltd - CICC Liandong Science & Technology Innovation",508010.SS,0.83,0.285,0.265,Yes
3075,"Beijing Cuiwei Tower Co., Ltd.",603123.SS,1.91,0.657,1.803,Yes
3076,"Xingtong Shipping Co., Ltd.",603209.SS,0.79,0.277,1.086,Yes
3077,"Hangzhou Alltest Biotech Co., Ltd.",688606.SS,1.09,0.383,1.009,Yes
3078,"TRS Information Technology Co., Ltd.",300229.SZ,1.53,0.549,2.277,Yes
3079,"JiangSu JiuWu Hi-Tech Co., Ltd.",300631.SZ,1.11,0.399,1.931,Yes
3080,"Nanjing OLO Home Furnishing Co.,Ltd",603326.SS,1.15,0.415,1.343,Yes
3081,"Guoanda Co., Ltd.",300902.SZ,1.15,0.433,1.594,Yes
3082,"Gpro Titanium Industry Co., Ltd.",000545.SZ,1.11,0.419,1.035,Yes
3083,"Wuhan Kotei Informatics Co.,Ltd.",301221.SZ,1.41,0.534,2.682,Yes
3084,"Guangdong Delian Group Co., Ltd.",002666.SZ,0.74,0.284,0.969,Yes
3085,"Tofflon Science and Technology Group Co., Ltd.",300171.SZ,1.06,0.406,1.645,Yes
3086,"Ningbo United Group Co.,Ltd.",600051.SS,0.64,0.255,0.843,Yes
3087,Everbright Securities Company Limited,601788.SS,0.68,0.271,1.238,Yes
3088,"Shenzhen Institute of Building Research Co., Ltd.",300675.SZ,0.81,0.325,0.941,Yes
3089,LAY-OUT Planning Consultants Co. Ltd.,300989.SZ,1.17,0.471,1.397,Yes
3090,"WELLE Group Co., Ltd.",300190.SZ,0.76,0.305,1.383,Yes
3091,"Jiangsu Tongda Power Technology Co.,Ltd.",002576.SZ,0.87,0.355,1.409,Yes
3092,"Shenzhen Soling Industrial Co.,Ltd",002766.SZ,0.95,0.397,0.802,Yes
3093,Harvest SSE STAR 200 ETF,589320.SS,2.35,0.987,5.109,Yes
3094,"Chengdu M&S Electronics Technology Co.,Ltd.",688311.SS,1.46,0.633,2.318,Yes
3095,"Focused Photonics (Hangzhou), Inc.",300203.SZ,1.0,0.441,1.333,Yes
3096,"Shenzhen Goodix Technology Co., Ltd.",603160.SS,0.8,0.353,0.955,Yes
3097,ArcSoft Corporation Limited,688088.SS,0.99,0.44,1.871,Yes
3098,"Anhui Sunhere Pharmaceutical Excipients Co.,Ltd.",300452.SZ,0.62,0.288,0.984,Yes
3099,"Guangdong Fangyuan New Materials Group Co., Ltd.",688148.SS,1.1,0.515,1.981,Yes
3100,"Beijing Jiaxun Feihong Electrical Co., Ltd.",300213.SZ,0.86,0.405,1.642,Yes
3101,"Zhejiang Daily Digital Culture Group Co.,Ltd",600633.SS,0.88,0.418,1.565,Yes
3102,Huaan Zhizeng Selection Flx Alloc (LOF),160421.SZ,0.72,0.342,1.936,Yes
3103,"TPV Technology Co., Ltd.",000727.SZ,0.6,0.292,1.081,Yes
3104,"Hunan Investment Group Co.,Ltd.",000548.SZ,0.58,0.282,0.725,Yes
3105,"Guangdong Faith Long Crystal Technology Co.,LTD.",300460.SZ,0.95,0.473,0.632,Yes
3106,Dezhan Healthcare Company Limited,000813.SZ,0.93,0.47,1.221,Yes
3107,"Yongtaiyun Chemical Logistics Co.,Ltd",001228.SZ,0.72,0.371,1.251,Yes
3108,"Jiangsu Yangnong Chemical Co., Ltd.",600486.SS,0.71,0.371,1.345,Yes
3109,"CETC Digital Technology Co.,Ltd.",600850.SS,0.81,0.423,1.285,Yes
3110,GF Hang Seng Consumer ETF (QDII),159699.SZ,0.47,0.25,1.101,Yes
3111,"Jiangsu Liance Electromechanical Technology Co., Ltd.",688113.SS,0.7,0.384,1.748,Yes
3112,"AVIC (Chengdu)UAS Co., Ltd.",688297.SS,0.67,0.379,1.059,Yes
3113,Hwabao WP Pension ETF,516560.SS,0.37,0.21,0.957,Yes
3114,"Shanghai Wisdom Information Technology Co., Ltd.",301315.SZ,1.05,0.594,2.759,Yes
3115,"Super-Dragon Engineering Plastics Co., Ltd",301131.SZ,0.62,0.349,1.009,Yes
3116,"Nanjing Inform Storage Equipment (Group) Co., Ltd.",603066.SS,0.48,0.278,0.811,Yes
3117,"Shenyang Chemical Co., Ltd",000698.SZ,0.48,0.285,0.932,Yes
3118,Porton Pharma Solutions Ltd.,300363.SZ,0.86,0.517,2.201,Yes
3119,"Tianli Lithium Energy Group Co., Ltd.",301152.SZ,0.78,0.472,1.603,Yes
3120,"China Bester Group Telecom Co., Ltd.",603220.SS,0.8,0.489,1.912,Yes
3121,"AVCON Information Technology Co., Ltd.",300074.SZ,0.63,0.396,1.261,Yes
3122,"Henan Huaying Agricultural Development Co., Ltd.",002321.SZ,0.52,0.337,0.942,Yes
3123,"ChenGuang Biotech Group Co., Ltd.",300138.SZ,0.63,0.405,1.195,Yes
3124,"Unilumin Group Co., Ltd",300232.SZ,0.66,0.433,1.627,Yes
3125,"Union Optech Co.,Ltd.",300691.SZ,0.56,0.389,1.739,Yes
3126,"Rongan Property Co.,Ltd.",000517.SZ,0.45,0.324,0.84,Yes
3127,"Shanxi Lanhua Sci-Tech Venture Co.,Ltd",600123.SS,0.5,0.365,0.606,Yes
3128,"ZYF Lopsking Material Technology Co., Ltd.",002333.SZ,0.31,0.226,0.381,Yes
3129,"BIEM.L.FDLKK Garment Co.,Ltd.",002832.SZ,0.48,0.36,1.035,Yes
3130,ChinaAMC CSI Biotechnology Thematic ETF,516500.SS,0.32,0.251,1.109,Yes
3131,Vatti Corporation Limited,002035.SZ,0.37,0.309,0.901,Yes
3132,ChinaAMC CNI General Aviation ETF,159230.SZ,0.36,0.302,1.763,Yes
3133,China Tianying Inc.,000035.SZ,0.35,0.321,0.993,Yes
3134,Hefei Meyer Optoelectronic Technology Inc.,002690.SZ,0.37,0.337,1.496,Yes
3135,"Jiangsu Hongde Special Parts Co.,Ltd.",301163.SZ,0.38,0.358,1.516,Yes
3136,"DongHua Testing Technology Co. , Ltd.",300354.SZ,0.48,0.481,1.774,Yes
3137,"Hainan Airlines Holding Co., Ltd.",600221.SS,0.31,0.313,1.06,Yes
3138,GF CNI 2000 ETF,159907.SZ,0.39,0.406,1.483,Yes
3139,"Shaanxi Heimao Coking Co., Ltd.",601015.SS,0.36,0.392,1.243,Yes
3140,"Beijing Kingsoft Office Software, Inc.",688111.SS,0.48,0.535,2.227,Yes
3141,"Hunan Kylinsec Technology Co., Ltd.",688152.SS,0.51,0.611,2.456,Yes
3142,"Guangdong Liantai Environmental Protection Co.,Ltd.",603797.SS,0.24,0.31,0.919,Yes
3143,"Beijing Thunisoft Co., Ltd.",300271.SZ,0.45,0.593,1.46,Yes
3144,"Zhejiang Realsun Chemical Co.,Ltd.",301212.SZ,0.25,0.372,1.263,Yes
3145,"Road Biology Environmental Protection Technology Co., Ltd.",688156.SS,0.31,0.478,1.603,Yes
3146,"Caida Securities Co., Ltd.",600906.SS,0.2,0.318,1.599,Yes
3147,Yinhua Fund Management Company Limited - Yinhua Large Cap Selected 2-year Regular Open Mixed Fund,161837.SZ,0.09,0.138,0.714,Yes
3148,"Suzhou Future Electrical Co., Ltd.",301386.SZ,0.18,0.297,1.406,Yes
3149,"Anyang Iron and Steel Co.,Ltd.",600569.SS,0.21,0.344,0.992,Yes
3150,"Zhejiang Zhenyuan Share Co.,Ltd.",000705.SZ,0.19,0.333,0.825,Yes
3151,"Yijiahe Technology Co., Ltd.",603666.SS,0.23,0.43,0.734,Yes
3152,Anfu CE LINK Limited,300787.SZ,0.18,0.325,1.139,Yes
3153,"Zhejiang Linuo Flow Control Technology Co.,Ltd",300838.SZ,0.18,0.346,1.193,Yes
3154,"ZJMI Environmental Energy Co., Ltd.",603071.SS,0.08,0.211,0.633,Yes
3155,"Shaoxing Xingxin New Material Co.,Ltd",001358.SZ,0.15,0.399,1.352,Yes
3156,Beijing Baolande Software Corporation,688058.SS,0.17,0.538,1.488,Yes
3157,"Shandong Jincheng Pharmaceutical Group Co., Ltd",300233.SZ,0.13,0.482,1.536,Yes
3158,"Cachet Pharmaceutical Co., Ltd.",002462.SZ,0.07,0.272,0.675,Yes
3159,"China Railway Tielong Container Logistics Co., Ltd",600125.SS,0.06,0.222,0.453,Yes
3160,"Lepu Medical Technology (Beijing) Co., Ltd.",300003.SZ,0.1,0.429,1.834,Yes
3161,"Ningbo Ocean Shipping Co., Ltd.",601022.SS,0.07,0.316,0.913,Yes
3162,"Guanhao Biotech Co.,Ltd.",300238.SZ,0.06,0.361,1.38,Yes
3163,"Zhangjiagang Guangda Special Material Co., Ltd.",688186.SS,0.06,0.508,1.635,Yes
3164,"Tianjin Saixiang Technology Co.,Ltd",002337.SZ,0.02,0.305,1.204,Yes
3165,"Shenzhen Hepalink Pharmaceutical Group Co., Ltd.",002399.SZ,0.03,0.338,1.074,Yes
3166,Fullgoal CNI General Aviation ETF,159392.SZ,0.01,0.289,1.72,Yes
3167,"Cscec Scimee Sci.&Tech. Co.,Ltd",300425.SZ,0.0,0.345,0.335,Yes
3168,"Zhejiang Wolwo Bio-Pharmaceutical Co., Ltd.",300357.SZ,-0.02,0.437,2.103,Yes
3169,"Hubei Biocause Heilen Pharmaceutical Co., Ltd.",301211.SZ,-0.03,0.395,1.135,Yes
3170,"Hainan Drinda New Energy Technology Co., Ltd.",002865.SZ,-0.07,0.848,2.266,Yes
3171,"Jiuzhitang Co., Ltd.",000989.SZ,-0.03,0.318,0.592,Yes
3172,"Hylink Digital Solutions Co.,Ltd",603825.SS,-0.06,0.464,1.342,Yes
3173,"Shandong Kuntai New Material Technology Co., Ltd.",001260.SZ,-0.04,0.29,0.784,Yes
3174,"Qian Jiang Water Resources Development Co.,Ltd",600283.SS,-0.03,0.209,0.64,Yes
3175,"Shenzhen New Industries Biomedical Engineering Co., Ltd.",300832.SZ,-0.07,0.356,0.986,Yes
3176,"Rayhoo Motor Dies Co.,Ltd.",002997.SZ,-0.08,0.387,1.251,Yes
3177,Fullgoal CSI Medical 50 ETF,515950.SS,-0.06,0.227,0.994,Yes
3178,"Shanghai Pret Composites Co., Ltd.",002324.SZ,-0.13,0.439,1.95,Yes
3179,"Gansu Mogao Industrial Development Co.,Ltd",600543.SS,-0.13,0.445,0.714,Yes
3180,"Zhongzhong Science & Technology (Tianjin) Co., Ltd.",603135.SS,-0.15,0.438,1.946,Yes
3181,"Shenzhen Crastal Technology Co.,Ltd",300824.SZ,-0.13,0.341,1.152,Yes
3182,Bosera CSI Banks ETF,159253.SZ,-0.08,0.199,0.946,No
3183,"Sinostar Cable Co., Ltd",300933.SZ,-0.16,0.386,1.501,Yes
3184,"Chison Medical Technologies Co., Ltd.",688358.SS,-0.2,0.439,1.854,Yes
3185,Guotai CSI Photovoltaic Industry ETF,159864.SZ,-0.15,0.324,1.57,Yes
3186,"Huatu Cendes CO., LTD",300492.SZ,-0.24,0.422,0.58,Yes
3187,"Shenzhen Jianyi Decoration Group Co., Ltd.",002789.SZ,-0.26,0.44,0.973,Yes
3188,GF SSE STAR AI ETF,588760.SS,-0.36,0.592,3.095,Yes
3189,Neusoft Corporation,600718.SS,-0.19,0.303,1.099,Yes
3190,Huatai-PB SHS Consumer Brand 50 ETF,517880.SS,-0.14,0.219,0.936,Yes
3191,China Marine Information Electronics Company Limited,600764.SS,-0.28,0.399,1.106,Yes
3192,"Jiangsu Transimage Technology Co., Ltd.",002866.SZ,-0.31,0.445,1.39,Yes
3193,"Beijing Certificate Authority Co.,Ltd.",300579.SZ,-0.3,0.418,1.76,Yes
3194,"Winstech Precision Holding Co., LTD.",001319.SZ,-0.26,0.328,1.359,Yes
3195,"Dahu Health Industry Co., Ltd.",600257.SS,-0.38,0.452,1.005,Yes
3196,"Unigroup Guoxin Microelectronics Co., Ltd.",002049.SZ,-0.39,0.452,2.362,Yes
3197,"Xinjiang International Industry Co.,Ltd",000159.SZ,-0.29,0.304,0.922,Yes
3198,"Zhejiang Ming Jewelry Co., Ltd.",002574.SZ,-0.4,0.414,0.914,Yes
3199,"AIMA Technology Group CO., LTD",603529.SS,-0.41,0.381,0.623,Yes
3200,"Sumavision Technologies Co.,Ltd.",300079.SZ,-0.41,0.367,1.59,Yes
3201,"PKU HealthCare Corp.,Ltd.",000788.SZ,-0.33,0.29,0.564,Yes
3202,"Sanquan Food Co., Ltd.",002216.SZ,-0.32,0.259,0.768,Yes
3203,"Dazzle Fashion Co., Ltd",603587.SS,-0.25,0.2,0.741,Yes
3204,"Zhangjiagang Haiguo New Energy Equipment Manufacturing Co., Ltd.",301063.SZ,-0.59,0.464,1.166,Yes
3205,"Shandong Sino-Agri United Biotechnology Co.,Ltd",003042.SZ,-0.52,0.405,0.775,Yes
3206,"Sichuan Hezong Medicine Easy-to-buy Pharmaceutical Co., Ltd.",300937.SZ,-0.66,0.454,0.985,Yes
3207,"Ningbo David Medical Device Co., Ltd.",300314.SZ,-0.55,0.379,1.688,Yes
3208,"Shandong Longquan Pipe Industry Co.,Ltd",002671.SZ,-0.5,0.337,0.679,Yes
3209,Hotland Yantian Port Warehouse Logistics,180301.SZ,-0.31,0.19,0.435,Yes
3210,"Shenzhen Longood Intelligent Electric Co.,Ltd",300543.SZ,-0.6,0.362,1.184,Yes
3211,"Hefei Hengxin Life Science and Technology Co., Ltd.",301501.SZ,-1.1,0.658,0.542,Yes
3212,"Zhuhai Port Co.,Ltd.",000507.SZ,-0.31,0.18,0.582,Yes
3213,North China Pharmaceutical Company.Ltd,600812.SS,-0.54,0.309,0.713,Yes
3214,"Hangzhou Jiebai Group Co., Limited",600814.SS,-0.54,0.307,1.016,Yes
3215,DR Corporation Limited,301177.SZ,-0.69,0.389,1.851,Yes
3216,"Sunfly Intelligent Technology Co., LTD",300423.SZ,-0.92,0.515,1.788,Yes
3217,"DaShenLin Pharmaceutical Group Co., Ltd.",603233.SS,-0.64,0.356,0.823,Yes
3218,China National Complete Plant Import & Export Corporation Limited,000151.SZ,-0.76,0.419,0.783,Yes
3219,"Zhejiang Dafeng Industry Co., Ltd",603081.SS,-0.76,0.416,1.125,Yes
3220,Yinhua CSI Photovoltaic Industry ETF,516880.SS,-0.6,0.317,1.534,Yes
3221,"Hunan Xiangjia Animal Husbandry Co.,Ltd",002982.SZ,-0.61,0.321,0.572,Yes
3222,Guotai ChiNext New Energy ETF,159387.SZ,-1.24,0.636,3.599,Yes
3223,"Penyao Environmental Protection Co., Ltd.",300664.SZ,-0.59,0.297,0.953,Yes
3224,"Houpu Clean Energy Group Co., Ltd.",300471.SZ,-0.83,0.416,1.291,Yes
3225,Hollyland (China) Electronics Technology Corporation Limited,002729.SZ,-0.78,0.385,0.915,Yes
3226,"Zhejiang Bofay Electric Co., Ltd.",001255.SZ,-0.81,0.391,1.127,Yes
3227,"Hubei Hongyuan Pharmaceutical Technology Co., Ltd.",301246.SZ,-1.03,0.493,1.537,Yes
3228,Yinhua CNI Industrial Software ETF,159180.SZ,-0.97,0.461,2.709,Yes
3229,China Universal Asset Management Company Ltd - Shanghai Real Estate Rental Closed REIT Fund,508055.SS,-0.33,0.152,0.049,No
3230,"Bosun Co., Ltd.",002282.SZ,-0.49,0.23,0.669,Yes
3231,"Guangdong Huiyun Titanium Industry Co., Ltd.",300891.SZ,-0.76,0.348,1.233,Yes
3232,CMF CSI SHS Cnsmr Top ETF,517550.SS,-0.62,0.28,1.149,Yes
3233,"Shanxi Coking Coal Energy Group Co., Ltd.",000983.SZ,-0.72,0.324,1.008,Yes
3234,"Shanghai Hi-Road Food Technology Co., Ltd.",300915.SZ,-0.84,0.379,1.413,Yes
3235,Chongqing Construction Engineering Group Corporation Limited,600939.SS,-0.96,0.424,0.327,Yes
3236,"Googol Technology Co., Ltd.",301510.SZ,-1.4,0.617,2.509,Yes
3237,"Shijihengtong Technology Co., Ltd.",301428.SZ,-1.03,0.449,1.582,Yes
3238,"BGI Genomics Co., Ltd.",300676.SZ,-1.09,0.456,1.691,Yes
3239,"China Resources Sanjiu Medical & Pharmaceutical Co., Ltd.",000999.SZ,-0.55,0.228,0.038,Yes
3240,"Ning Xia Yin Xing Energy Co.,Ltd",000862.SZ,-0.85,0.342,0.475,Yes
3241,"Shanghai Construction Group Co., Ltd.",600170.SS,-0.69,0.278,0.886,Yes
3242,"Harbin Boshi Automation Co., Ltd.",002698.SZ,-0.86,0.344,1.191,Yes
3243,"Southern Publishing and Media Co.,Ltd.",601900.SS,-0.79,0.315,0.966,Yes
3244,"Triangle Tyre Co.,Ltd",601163.SS,-0.53,0.211,0.796,Yes
3245,Leaguer (Shenzhen) Microelectronics Corp.,688589.SS,-1.04,0.407,1.896,Yes
3246,"LingNan Eco&Culture-Tourism Co.,Ltd.",002717.SZ,-2.65,1.037,3.669,Yes
3247,Beijing VRV Software Corporation Limited,300352.SZ,-1.48,0.575,2.327,Yes
3248,"Sunrise Manufacture Group Co., Ltd.",605138.SS,-0.9,0.347,1.092,Yes
3249,"Chengdu Tianjian Technology Co., Ltd.",002977.SZ,-1.27,0.487,0.911,Yes
3250,TianHong CSI Photovoltaic Industry ETF,159857.SZ,-0.86,0.325,1.624,Yes
3251,"Tianjin TEDA Resources Recycling Group Co., Ltd.",000652.SZ,-0.82,0.305,1.077,Yes
3252,"Sinofibers Technology Co., Ltd.",300777.SZ,-1.37,0.509,2.001,Yes
3253,"ICkey (Shanghai) Internet and Technology Co.,Ltd.",301563.SZ,-2.0,0.731,3.148,Yes
3254,"Jiangsu Linyang Energy Co., Ltd.",601222.SS,-0.67,0.241,0.58,Yes
3255,"HG Technologies Co., Ltd.",300847.SZ,-0.81,0.289,0.991,Yes
3256,"Jiangsu Xinri E-Vehicle Co., Ltd.",603787.SS,-1.08,0.381,0.579,Yes
3257,"Chase Science Co., Ltd",300941.SZ,-1.46,0.512,1.766,Yes
3258,"Shandong Publishing&Media Co.,Ltd",601019.SS,-0.91,0.313,0.029,Yes
3259,"Shanghai General Healthy Information and Technology Co., Ltd.",605186.SS,-1.41,0.485,1.904,Yes
3260,"Asiainfo Security Technologies Co.,Ltd.",688225.SS,-1.42,0.488,1.819,Yes
3261,G.Tech Technology Ltd.,301503.SZ,-0.87,0.294,1.096,Yes
3262,"Chongqing Genrix Biopharmaceutical Co., Ltd.",688443.SS,-1.17,0.397,1.329,Yes
3263,"Shanghai ZJ Bio-Tech Co., Ltd",688317.SS,-1.2,0.408,1.329,Yes
3264,"Beijing Jingyeda Technology Co.,Ltd.",003005.SZ,-1.25,0.418,1.307,Yes
3265,Jiangxi Chenguang New Materials Company Limited,605399.SS,-1.19,0.394,1.491,Yes
3266,"Zhejiang Ausun Pharmaceutical Co., Ltd.",603229.SS,-1.16,0.385,1.068,Yes
3267,"Zhenjiang Dongfang Electric Heating Technology Co.,Ltd",300217.SZ,-1.22,0.403,1.485,Yes
3268,"Shanghai Vico Precision Mold &Plastics Co,. Ltd.",301499.SZ,-1.42,0.464,2.288,Yes
3269,"Beijing Sanlian Hope Shin-Gosen Technical Service Co., Ltd.",300384.SZ,-1.06,0.34,1.301,Yes
3270,CMF CSI Biotechnology Thematic ETF,159849.SZ,-0.8,0.255,1.158,Yes
3271,"Jilin Jlu Communication Design Institute Co.,Ltd.",300597.SZ,-0.97,0.307,1.181,Yes
3272,Penghua CSI Photovoltaic Industry ETF,159863.SZ,-1.02,0.323,1.607,Yes
3273,ICBCCS CNI HK Connect Technology ETF,159636.SZ,-1.49,0.464,1.14,Yes
3274,"Shandong Sanyuan Biotechnology Co.,Ltd.",301206.SZ,-0.8,0.247,0.908,Yes
3275,"Baoding Dongli Machinery Co.,Ltd.",301298.SZ,-0.95,0.296,1.016,Yes
3276,"Shenzhen Glory Medical Co.,Ltd.",002551.SZ,-1.11,0.341,1.063,Yes
3277,"Shanghai Newtouch Software Co., Ltd.",688590.SS,-1.58,0.487,1.9,Yes
3278,"Qtone Education Group (Guangdong) Co.,Ltd",300359.SZ,-1.47,0.452,1.312,Yes
3279,MinSheng CSI Biotechnology Thematic ETF,516930.SS,-0.84,0.258,1.176,Yes
3280,"Jikai Equipment Manufacturing Co., Ltd.",002691.SZ,-1.92,0.584,0.781,Yes
3281,"Shanghai Wondertek Software Co., Ltd",603189.SS,-1.61,0.487,1.763,Yes
3282,"Hangzhou Bio-Sincerity Pharma-Tech Co.,Ltd.",301096.SZ,-1.62,0.487,1.925,Yes
3283,"Daodaoquan Grain and Oil Co.,Ltd.",002852.SZ,-1.15,0.337,0.936,Yes
3284,"Bafang Electric (Suzhou) Co.,Ltd.",603489.SS,-1.45,0.424,1.206,Yes
3285,"Shanghai Ailu Package Co., Ltd.",301062.SZ,-1.47,0.417,1.562,Yes
3286,"Shenzhen Zqgame Co., Ltd",300052.SZ,-1.88,0.535,1.564,Yes
3287,"Xinjiang Qingsong Building Materials and Chemicals Group Co., Ltd.",600425.SS,-0.91,0.258,1.117,Yes
3288,"Opple Lighting Co.,LTD",603515.SS,-1.01,0.285,1.043,Yes
3289,"Shenyang Yuanda Intellectual Industry Group Co.,Ltd",002689.SZ,-1.73,0.486,1.584,Yes
3290,"Shanghai Jinqiao Export Processing Zone Development Co.,Ltd",900911.SS,-0.54,0.146,0.291,Yes
3291,"Chengdu KSW Technologies Co.,Ltd.",688283.SS,-2.05,0.538,2.511,Yes
3292,"Zhejiang Meilun Elevator Co., Ltd.",603321.SS,-1.04,0.272,0.784,Yes
3293,"Jiangsu Sanfame Polyester Material Co.,Ltd.",600370.SS,-2.08,0.538,1.444,Yes
3294,"Ningbo Jifeng Auto Parts Co., Ltd.",603997.SS,-1.48,0.377,1.179,Yes
3295,"Jiangsu Haili Wind Power Equipment Technology Co., Ltd.",301155.SZ,-1.91,0.487,1.146,Yes
3296,"Jinneng Science&Technology Co.,Ltd",603113.SS,-1.51,0.381,1.168,Yes
3297,ChinaAMC SSE STAR Bio & Medi ETF,588130.SS,-0.73,0.185,0.68,Yes
3298,"Mingchen Health Co.,Ltd.",002919.SZ,-1.86,0.469,1.668,Yes
3299,"Beijing Science Sun Pharmaceutical Co., Ltd.",300485.SZ,-1.62,0.404,1.039,Yes
3300,"Anhui Provincial Architectural Design and Research Institute Co.,Ltd.",301167.SZ,-1.25,0.31,0.826,Yes
3301,"Yotrio Group Co., Ltd.",002489.SZ,-1.14,0.279,0.597,Yes
3302,Fullgoal Hang Seng Biotech ETF,159132.SZ,-1.05,0.254,0.112,Yes
3303,"Guoguang Electric Co.,Ltd.Chengdu",688776.SS,-2.43,0.586,1.85,Yes
3304,SPDB CSI Photovoltaic Industry ETF,159609.SZ,-1.36,0.325,1.634,Yes
3305,"Jinyuan EP Co., Ltd.",000546.SZ,-2.02,0.473,1.505,Yes
3306,GF CSI Medical ETF,159938.SZ,-1.02,0.235,1.085,Yes
3307,Yantai Changyu Pioneer Wine Company Limited,200869.SZ,-0.89,0.205,0.629,Yes
3308,"Chengdu Tangyuan Electric Co.,Ltd.",300789.SZ,-1.83,0.421,0.797,Yes
3309,Huatai-PB CSI Photovoltaic Industry ETF,515790.SS,-1.42,0.325,1.61,Yes
3310,"Shanghai Sanyou Medical Co., Ltd",688085.SS,-1.71,0.389,1.464,Yes
3311,E Fund CSI Modern Agriculture ETF,562900.SS,-0.94,0.214,0.847,Yes
3312,"Guangzhou Jointas Chemical Co., Ltd.",002909.SZ,-1.65,0.374,1.39,Yes
3313,"Shenzhen Fuanna Bedding and Furnishing Co.,Ltd",002327.SZ,-1.23,0.278,0.883,Yes
3314,"Qingdao Richen Food Co.,Ltd.",603755.SS,-1.38,0.312,0.824,Yes
3315,"Mingxin New Material Co.,Ltd.",605068.SS,-2.19,0.497,1.141,Yes
3316,"Rainbow Digital Commercial Co., Ltd.",002419.SZ,-1.21,0.272,0.727,Yes
3317,Guotai Hang Seng Biotech ETF,520930.SS,-1.2,0.27,0.099,Yes
3318,"Jiangsu Hengxing New Material Technology Co.,Ltd.",603276.SS,-1.58,0.354,1.423,Yes
3319,China Universal CSI Photov ETF,516290.SS,-1.43,0.319,1.546,Yes
3320,"Meter Instruments Co., Ltd.",301006.SZ,-1.84,0.405,1.837,Yes
3321,"Zhejiang Sunriver Culture Tourism Co.,Ltd.",600576.SS,-1.91,0.421,0.958,Yes
3322,Bosera CSI Medical 50 ETF,159838.SZ,-1.07,0.235,1.067,Yes
3323,"Guangdong Yussen Energy Technology Co., Ltd.",002986.SZ,-1.43,0.312,0.843,Yes
3324,"Lets Holdings Group Co., Ltd.",002398.SZ,-1.43,0.301,0.452,Yes
3325,"Hanshang Group Co., Ltd.",600774.SS,-1.95,0.408,1.031,Yes
3326,"Inmyshow Digital Technology(Group)Co.,Ltd.",600556.SS,-1.79,0.371,1.34,Yes
3327,"Wayzim Technology Co., Ltd.",688211.SS,-1.48,0.306,1.531,Yes
3328,"BMC Medical Co., Ltd.",301367.SZ,-2.04,0.418,0.864,Yes
3329,"Zhejiang Huamei Holding CO., LTD.",000607.SZ,-1.65,0.336,0.883,Yes
3330,"Moore Threads Technology Co., Ltd.",688795.SS,-2.54,0.518,2.316,Yes
3331,Cathay Biotech Inc.,688065.SS,-1.87,0.38,1.494,Yes
3332,"Leon Technology Co., Ltd.",300603.SZ,-1.83,0.37,0.969,Yes
3333,"Hengfeng Information Technology Co., Ltd.",300605.SZ,-2.09,0.421,1.122,Yes
3334,"Chen Ke Ming Food Manufacturing Co., Ltd.",002661.SZ,-1.25,0.251,0.658,Yes
3335,Ping An CSI Photovoltaic Industry ETF,516180.SS,-1.62,0.319,1.56,Yes
3336,"Guangzhou Shangpin Home Collection Co., Ltd.",300616.SZ,-2.76,0.538,2.379,Yes
3337,Guilin Tourism Corporation Limited,000978.SZ,-1.56,0.299,0.699,Yes
3338,China Universal CSI Health Care Index ETF,159929.SZ,-1.28,0.242,1.114,Yes
3339,"Zhejiang Xianju Pharmaceutical Co., Ltd.",002332.SZ,-1.72,0.324,0.911,Yes
3340,"Shenzhen Increase Technology Co., Ltd.",300713.SZ,-2.19,0.409,1.381,Yes
3341,"East Group Co.,Ltd",300376.SZ,-2.25,0.42,1.656,Yes
3342,LBX Pharmacy Chain Joint Stock Company,603883.SS,-2.25,0.418,1.09,Yes
3343,"Ningbo Water Meter (Group) Co.,Ltd.",603700.SS,-1.27,0.236,0.434,Yes
3344,Sinotherapeutics Inc.,688247.SS,-1.73,0.321,0.789,Yes
3345,"Jiangsu Nhwa Pharmaceutical Co., LTD",002262.SZ,-1.41,0.259,0.434,Yes
3346,"Wushang Group Co., Ltd.",000501.SZ,-1.73,0.318,1.219,Yes
3347,"Huatai-Pinebridge Fund Management Co., Ltd. - HK Consumption Fund",520520.SS,-1.03,0.189,0.436,Yes
3348,"Hunan Dajiaweikang Pharmaceutical Industry Co.,Ltd",301126.SZ,-1.76,0.322,0.937,Yes
3349,"Zhejiang China Light&Textile Industrial City Group Co.,Ltd",600790.SS,-1.24,0.227,0.872,Yes
3350,"Chengdu RML Technology Co., Ltd.",301050.SZ,-2.43,0.446,1.418,Yes
3351,"Aimer Co., Ltd.",603511.SS,-1.49,0.271,1.073,Yes
3352,"Shanghai Ganglian E-Commerce Holdings Co., Ltd.",300226.SZ,-2.58,0.465,2.186,Yes
3353,"Beijing Shiji Information Technology Co., Ltd.",002153.SZ,-2.56,0.46,1.701,Yes
3354,"Beijing Oriental Jicheng Co., Ltd.",002819.SZ,-1.62,0.29,1.244,Yes
3355,"Zhejiang Jinfei Kaida Wheel Co.,Ltd.",002863.SZ,-1.74,0.309,1.114,Yes
3356,"Kaiser (China) Culture Co., LTD",002425.SZ,-2.43,0.433,0.195,Yes
3357,"Zhejiang Sanfer Electric Co., Ltd",605336.SS,-2.51,0.438,1.108,Yes
3358,"Zhejiang Communications Technology Co., Ltd.",002061.SZ,-1.0,0.171,0.577,Yes
3359,"GoodWe Technologies Co., Ltd.",688390.SS,-3.68,0.633,2.294,Yes
3360,"GuangDong SongYang Recycle Resources CO.,LTD",603863.SS,-3.59,0.61,0.7,Yes
3361,"Montnets Cloud Technology Group Co., Ltd.",002123.SZ,-3.63,0.615,1.707,Yes
3362,Hwabao WP CSI Fintech Theme ETF,159851.SZ,-3.22,0.542,1.858,Yes
3363,"New DaZheng Property Group Co., LTD",002968.SZ,-2.16,0.361,1.35,Yes
3364,Guangzhou Jinyi Media Corporation,002905.SZ,-2.22,0.37,0.533,Yes
3365,"Shenzhen Desay Battery Technology Co., Ltd.",000049.SZ,-1.68,0.279,0.805,Yes
3366,"Xin Hee Co.,Ltd.",003016.SZ,-1.94,0.323,0.817,Yes
3367,MEGA P&C Advanced Materials (Shanghai) Company Limited,603062.SS,-2.82,0.464,1.712,Yes
3368,"Anhui Sentai WPC Group Share Co., Ltd.",301429.SZ,-1.88,0.301,0.993,Yes
3369,Arashi Vision Inc.,688775.SS,-5.39,0.876,3.472,Yes
3370,"Tianma Microelectronics Co., Ltd.",000050.SZ,-2.47,0.395,1.51,Yes
3371,"Jing-jin Electric Technologies Co.,Ltd.",688280.SS,-2.97,0.474,1.387,Yes
3372,Beijing Jingcheng Machinery Electric Company Limited,600860.SS,-2.77,0.441,1.596,Yes
3373,"Shanghai Zhongchen Electronic Technology Co.,Ltd.",603275.SS,-2.06,0.324,1.044,Yes
3374,Huaan CSI Photovoltaic Industry ETF,159618.SZ,-2.08,0.324,1.636,Yes
3375,"Beijing Centergate Technologies (holding) Co., Ltd.",000931.SZ,-2.06,0.319,0.896,Yes
3376,"Sichuan Etrol Technologies Co., Ltd.",300370.SZ,-2.59,0.398,1.413,Yes
3377,"Hangzhou Gisway Information Technology Co.,Ltd.",301390.SZ,-2.21,0.336,1.109,Yes
3378,"Shenzhen INVT Electric Co.,Ltd",002334.SZ,-2.92,0.44,1.719,Yes
3379,E Fund CSI300 Health Care Index ETF,512010.SS,-1.64,0.243,1.079,Yes
3380,"Huizhou Desay SV Automotive Co., Ltd.",002920.SZ,-3.31,0.495,1.842,Yes
3381,"Zhejiang Huazhi Digital Media Co., Ltd.",300426.SZ,-3.09,0.459,1.731,Yes
3382,Shanghai Kai Kai Industry Company Limited,900943.SS,-1.42,0.209,0.756,Yes
3383,"Guangzhou Jiacheng International Logistics Co.,Ltd.",603535.SS,-2.03,0.298,0.951,Yes
3384,"Hangzhou Sunrise Technology Co.,Ltd.",300360.SZ,-1.92,0.28,0.489,Yes
3385,"Longshine Technology Group Co., Ltd.",300682.SZ,-4.15,0.61,2.119,Yes
3386,"Anhui Huilong Agricultural Means of Production Co.,Ltd.",002556.SZ,-2.16,0.313,1.014,Yes
3387,"SMO ClinPlus CO.,LTD.",301257.SZ,-3.65,0.533,2.364,Yes
3388,"Shanghai Lingang Holdings Co.,Ltd.",600848.SS,-2.36,0.338,0.818,Yes
3389,"Goode EIS (Suzhou) Corp., Ltd.",301680.SZ,-3.61,0.52,2.068,Yes
3390,"Yongan Futures Co.,Ltd.",600927.SS,-2.21,0.316,1.424,Yes
3391,"Tibet Development Co., Ltd.",000752.SZ,-2.12,0.303,0.463,Yes
3392,"Jinlong Machinery & Electronic Co.,Ltd",300032.SZ,-3.45,0.494,1.238,Yes
3393,"ZJAMP Group Co., Ltd.",002758.SZ,-1.68,0.238,0.945,Yes
3394,"Soyea Technology Co., Ltd",000909.SZ,-2.71,0.386,0.291,No
3395,ChinaAMC SHK Hangsheng ETF,513660.SS,-2.5,0.352,0.266,Yes
3396,"C&D Holsin Engineering Consulting Co., Ltd",603909.SS,-1.93,0.271,0.829,Yes
3397,"Bestsun Energy Co., Ltd.",600681.SS,-1.34,0.187,0.493,Yes
3398,"Conch (Anhui) Energy Saving and Environment Protection New Material Co., Ltd.",000619.SZ,-2.43,0.337,1.132,Yes
3399,"Xinjiang Hejin Holding Co.,Ltd",000633.SZ,-2.95,0.41,0.846,Yes
3400,"Chongqing Sifang New Material Co., Ltd.",605122.SS,-2.41,0.333,0.786,Yes
3401,ICBCCS CSI Div Low Volatility 100 ETF,560720.SS,-2.81,0.387,1.737,No
3402,Hundsun Technologies Inc.,600570.SS,-3.29,0.45,1.902,Yes
3403,Bosera CSI Glb China Edu Theme ETF(QDII),513360.SS,-2.19,0.298,1.315,Yes
3404,"Chang Chun Eurasia Group Co., Ltd.",600697.SS,-1.8,0.242,0.768,Yes
3405,"Beijing JingPinTeZhuang Science and Technology Co.,LTD.",688084.SS,-3.63,0.493,1.467,Yes
3406,"Shanghai Material Trading Co., Ltd.",600822.SS,-2.88,0.387,0.941,Yes
3407,"Jafron Biomedical Co.,Ltd.",300529.SZ,-2.8,0.376,1.165,Yes
3408,JT Ruifeng Flx Alloc(LOF)A,168104.SZ,-1.72,0.229,0.973,Yes
3409,Guanghui Logistics Co.Ltd,600603.SS,-3.49,0.469,0.827,Yes
3410,"Anhui Ankai Automobile Co., Ltd",000868.SZ,-3.22,0.432,0.781,Yes
3411,"Inzone Group Co.,Ltd",600858.SS,-2.22,0.294,0.943,Yes
3412,"Shandong Bohui Paper Industry Co.,Ltd.",600966.SS,-2.87,0.381,1.227,Yes
3413,"Baotou Dongbao Bio-Tech Co.,Ltd",300239.SZ,-2.26,0.298,1.394,Yes
3414,"Beijing CTJ Information Technology Co., Ltd.",301153.SZ,-4.68,0.624,2.351,Yes
3415,Cybrid Technologies Inc.,603212.SS,-3.17,0.42,1.606,Yes
3416,"Shanghai MicroPort EP MedTech Co., Ltd.",688351.SS,-2.48,0.325,0.942,Yes
3417,"Jiangsu Tongxingbao Intelligent Transportation Technology Co., Ltd.",301339.SZ,-2.42,0.316,0.928,Yes
3418,Chongqing Iron & Steel Company Limited,601005.SS,-2.64,0.345,0.968,Yes
3419,"CAC Nantong Chemical Co., Ltd.",301665.SZ,-2.24,0.29,0.988,Yes
3420,"Meinian Onehealth Healthcare Holdings Co., Ltd.",002044.SZ,-3.48,0.452,1.673,Yes
3421,Harvest CSI500ETF fund,159922.SZ,-3.61,0.468,1.708,Yes
3422,"Anhui Huangshan Capsule Co., Ltd.",002817.SZ,-2.23,0.285,0.81,Yes
3423,China State Construction Engineering Corporation Limited,601668.SS,-1.45,0.183,0.22,Yes
3424,"Zhejiang Guyuelongshan Shaoxing Wine Co.,Ltd",600059.SS,-2.04,0.257,0.879,Yes
3425,"SSAW Hotels & Resorts Group Co.,Ltd.",301073.SZ,-3.73,0.472,1.744,Yes
3426,"Zhejiang Jianfeng Group Co., Ltd.",600668.SS,-2.37,0.297,0.863,Yes
3427,FAWER Automotive Parts Limited Company,000030.SZ,-2.07,0.259,0.648,Yes
3428,"Zhejiang Dahua Technology Co., Ltd.",002236.SZ,-2.44,0.304,1.686,Yes
3429,"China Kings Resources Group Co.,Ltd.",603505.SS,-2.77,0.343,1.646,Yes
3430,CMF SSE Consumption 80 ETF,510150.SS,-1.96,0.241,1.185,Yes
3431,"Beijing AriTime Intelligent Control Co., Ltd.",600560.SS,-2.7,0.332,1.513,Yes
3432,"CSG Digital Power Grid Research Institute Co.,Ltd.",301638.SZ,-3.69,0.453,0.515,No
3433,"Jee Technology Co., Ltd.",688162.SS,-3.36,0.41,1.823,Yes
3434,Ronglian Group Ltd.,002642.SZ,-3.6,0.436,0.885,Yes
3435,"Zhejiang XiaSha Precision Manufacturing Co., Ltd.",001306.SZ,-4.39,0.531,1.511,Yes
3436,"China Quanjude(Group) Co.,Ltd.",002186.SZ,-2.67,0.32,1.155,Yes
3437,"Suzhou Wanxiang Technology Co., Ltd.",301180.SZ,-3.11,0.369,0.834,Yes
3438,"HuBei NengTer Technology CO.,Ltd",002102.SZ,-2.99,0.354,0.821,Yes
3439,"SKSHU Paint Co.,Ltd.",603737.SS,-4.18,0.494,1.805,Yes
3440,"Shanghai Waigaoqiao Free Trade Zone Group Co., Ltd.",600648.SS,-2.03,0.236,0.562,Yes
3441,"Jiangxi Lian Chuang Optoelectronic Science And Technology Co.,lTd.",600363.SS,-5.3,0.626,1.297,Yes
3442,"Yonyou Network Technology Co.,Ltd.",600588.SS,-4.3,0.499,1.652,Yes
3443,"Zwsoft Co.,Ltd.",688083.SS,-4.37,0.505,2.792,Yes
3444,"CGN Nuclear Technology Development Co., Ltd.",000881.SZ,-2.33,0.263,0.739,Yes
3445,"Chongqing Mas Sci.&Tech.Co.,Ltd.",300275.SZ,-3.24,0.367,1.064,Yes
3446,"Shenzhen Sinovatio Technology Co., Ltd.",002912.SZ,-4.81,0.547,1.675,Yes
3447,"Jade Bird Fire Co., Ltd.",002960.SZ,-2.81,0.316,1.356,Yes
3448,"Hubei Radio & Television Information Network Co., Ltd.",000665.SZ,-3.02,0.338,1.078,Yes
3449,"Yifan Pharmaceutical Co., Ltd.",002019.SZ,-3.4,0.381,1.096,Yes
3450,"Jinlei Technology Co., Ltd.",300443.SZ,-3.9,0.437,1.44,Yes
3451,"Lihe Technology (Hunan) Co., Ltd.",300800.SZ,-2.57,0.282,1.033,Yes
3452,"Shenzhen Xinyuren Technology Co., Ltd.",688573.SS,-6.16,0.687,1.798,Yes
3453,Fullgoal CSI Rare Metals Industry ETF,159055.SZ,-6.21,0.688,3.484,Yes
3454,"Everdisplay Optronics (Shanghai) Co., Ltd.",688538.SS,-2.31,0.251,1.081,Yes
3455,"Goodwill E-Health Info Co., Ltd.",688246.SS,-5.14,0.565,1.615,Yes
3456,"SDIC Intelligence Information Technology Co., Ltd.",300188.SZ,-4.36,0.476,1.757,Yes
3457,"Jiangsu Zhongshe Group Co., Ltd.",002883.SZ,-2.71,0.289,0.201,Yes
3458,"Shenzhen Wongtee International Enterprise Co., Ltd.",200056.SZ,-4.76,0.511,0.438,Yes
3459,"Shandong Buchang Pharmaceuticals Co., Ltd.",603858.SS,-2.24,0.236,0.952,Yes
3460,"Shanghai Baosteel Packaging Co., Ltd.",601968.SS,-2.69,0.284,0.701,Yes
3461,"Changzhou Almaden Co., Ltd.",002623.SZ,-4.04,0.43,1.486,Yes
3462,"Lingyuan Iron & Steel Co., Ltd.",600231.SS,-3.36,0.356,1.332,Yes
3463,"Hangzhou First Applied Material Co., Ltd.",603806.SS,-3.16,0.332,1.325,Yes
3464,"Chengdu B-ray Media Co.,Ltd.",600880.SS,-3.28,0.337,1.326,Yes
3465,Guangxi Nanning Waterworks Group Company Limited,601368.SS,-1.95,0.199,0.534,Yes
3466,China Southern SSE STAR AI ETF,589230.SS,-5.55,0.574,3.142,Yes
3467,"KEDE Numerical Control Co., Ltd.",688305.SS,-3.39,0.347,1.611,Yes
3468,"Henan Jindan Lactic Acid Technology Co.,Ltd.",300829.SZ,-3.54,0.361,0.928,Yes
3469,"Beijing Jingxi Culture & Tourism Co.,Ltd",000802.SZ,-4.3,0.439,0.966,Yes
3470,China National Medicines Corporation Ltd.,600511.SS,-2.21,0.221,0.605,Yes
3471,"Shanghai MicroPort Endovascular MedTech Co., Ltd.",688016.SS,-3.56,0.356,1.404,Yes
3472,"Zhejiang Biyi Electric Appliance Co., Ltd.",603215.SS,-3.3,0.326,0.919,Yes
3473,"Shanghai Yaoji Technology Co., Ltd.",002605.SZ,-4.12,0.408,1.438,Yes
3474,"Shenzhen Kexin Communication Technologies Co.,Ltd",300565.SZ,-4.18,0.413,1.005,Yes
3475,"Hsino Tower Group Co., Ltd.",601096.SS,-3.79,0.371,1.363,Yes
3476,"Hubei Fuxing Science and Technology Co.,Ltd",000926.SZ,-4.33,0.422,1.521,Yes
3477,"Wuxi Smart Auto-Control Engineering Co., Ltd.",002877.SZ,-3.68,0.356,1.28,Yes
3478,"Jinling Hotel Corporation, Ltd.",601007.SS,-2.64,0.253,0.678,Yes
3479,"Winner Medical Co., Ltd.",300888.SZ,-3.65,0.35,0.969,Yes
3480,"Paslin Digital Technology Co., Ltd.",600215.SS,-3.36,0.32,1.045,Yes
3481,"Jiangsu Pacific Precision Forging Co., Ltd.",300258.SZ,-4.99,0.475,1.801,Yes
3482,"Huizhong Instrumentation Co., Ltd.",300371.SZ,-3.56,0.333,0.84,Yes
3483,"Lanzhou Lishang Guochao Industrial Group Co.,Ltd",600738.SS,-3.51,0.329,0.981,Yes
3484,"Hangzhou Coco Healthcare Products Co.,Ltd.",301009.SZ,-3.89,0.364,1.043,Yes
3485,"Shanghai Environment Group Co., Ltd.",601200.SS,-1.9,0.176,0.538,Yes
3486,"Focus Media Information Technology Co., Ltd.",002027.SZ,-3.13,0.29,0.854,Yes
3487,"Hangzhou Heatwell Electric Heating Technology Co., Ltd.",603075.SS,-3.75,0.347,1.367,Yes
3488,Hwabao WP CSI Bank ETF,512800.SS,-3.49,0.323,0.049,No
3489,"ZHEJIANG NARADA POWER SOURCE Co. , Ltd.",300068.SZ,-9.45,0.9,3.467,Yes
3490,CMF CSI All Sh Health Care Des ETF,159898.SZ,-2.52,0.231,1.134,Yes
3491,"Jilin Jian Yisheng Pharmaceutical Co., Ltd.",002566.SZ,-3.19,0.294,0.875,Yes
3492,Hangzhou Honghua Digital Technology Stock Company LTD.,688789.SS,-4.2,0.388,1.556,Yes
3493,ADAMA Ltd.,000553.SZ,-4.15,0.383,1.223,Yes
3494,"Chengdu Information Technology of Chinese Academy of Sciences Co.,Ltd",300678.SZ,-4.89,0.452,1.946,Yes
3495,"Shenzhen KTC Technology Co., Ltd.",001308.SZ,-3.41,0.312,0.959,Yes
3496,"Jiangsu Changqing Agrochemical Co., Ltd.",002391.SZ,-2.54,0.232,0.816,Yes
3497,"Shanghai Xiao Fang Pharmaceutical Co.,Ltd.",603207.SS,-2.77,0.252,0.184,Yes
3498,Hwabao WP CSI HKC Medical Trtmnt Thm ETF,159137.SZ,-2.95,0.269,0.418,Yes
3499,Tai Kang CNI Public Health ETF,159760.SZ,-2.56,0.232,1.037,Yes
3500,"Zhejiang Wanliyang Co., Ltd.",002434.SZ,-4.07,0.369,1.575,Yes
3501,"Junhe Pumps Holding Co.,Ltd",603617.SS,-3.38,0.305,1.24,Yes
3502,Huatai Tianjin Huatai Securities Assets Management - Huatai Zijin Nanjing Jianye Industrial Real Est,508097.SS,-3.68,0.331,0.77,Yes
3503,"VATS Liquor Chain Store Management Joint Stock Co., Ltd.",300755.SZ,-6.03,0.546,2.291,Yes
3504,"Fujian Yongan Forestry(Group)Joint-Stock Co.,Ltd.",000663.SZ,-4.57,0.406,1.381,Yes
3505,"Beijing Scitop Bio-tech Co., Ltd.",300858.SZ,-3.43,0.302,0.962,Yes
3506,Hwabao WP CSI A100 ETF,562000.SS,-4.07,0.36,1.311,Yes
3507,"Xiamen ITG Group Corp.,Ltd",600755.SS,-2.86,0.251,0.9,Yes
3508,GF CNI New Energy Battery ETF,159305.SZ,-5.68,0.506,2.343,Yes
3509,"Shenzhen UTIMES Intelligent Equipment Co., Ltd.",688638.SS,-4.08,0.36,1.103,Yes
3510,Truking Technology Limited,300358.SZ,-4.21,0.368,1.362,Yes
3511,"Changsha Jingjia Microelectronics Co., Ltd.",300474.SZ,-5.22,0.459,2.225,Yes
3512,"Yingkou Jinchen Machinery Co., Ltd.",603396.SS,-5.63,0.485,1.63,Yes
3513,"Qingdao Eastsoft Communication Technology Co.,Ltd",300183.SZ,-4.43,0.379,1.64,Yes
3514,"Xinyu Iron & Steel Co., Ltd",600782.SS,-4.01,0.341,0.476,Yes
3515,"GuangDong HongTeo Technology Co.,Ltd.",300176.SZ,-4.52,0.382,1.188,Yes
3516,"Beijing Wantai Biological Pharmacy Enterprise Co., Ltd.",603392.SS,-5.9,0.501,0.783,Yes
3517,Jinling Pharmaceutical Company Limited,000919.SZ,-2.76,0.231,0.802,Yes
3518,"Weima Agricultural Machinery Co.,Ltd.",301533.SZ,-4.36,0.366,0.911,Yes
3519,"Kunwu Jiuding Investment Holdings CO.,Ltd",600053.SS,-5.93,0.502,1.677,Yes
3520,"Anhui Yingjia Distillery Co., Ltd.",603198.SS,-5.87,0.495,2.003,Yes
3521,"Palm Eco-Town Development Co., Ltd",002431.SZ,-6.64,0.552,0.56,Yes
3522,Penghua Hang Seng ETF,159271.SZ,-2.53,0.206,0.077,No
3523,"Allgens Medical Technology CO., LTD.",688613.SS,-4.89,0.401,0.987,Yes
3524,"Yangzhou Jinquan Travelling Goods Co., Ltd.",603307.SS,-3.43,0.279,1.198,Yes
3525,CMF CSI Livestock breeding ETF,516670.SS,-2.65,0.214,0.885,Yes
3526,"Hunan Jiudian Pharmaceutical Co., Ltd.",300705.SZ,-4.77,0.389,0.802,Yes
3527,China Railway Hi-tech Industry Corporation Limited,600528.SS,-3.37,0.272,0.523,Yes
3528,"CSI Solar Co., Ltd.",688472.SS,-5.31,0.432,1.278,Yes
3529,"Huatai-Pinebridge Fund Management Co., Ltd - General Aviation Theme Fund",563320.SS,-4.77,0.387,1.83,Yes
3530,"Ningxia Western Venture Industrial Co.,Ltd.",000557.SZ,-3.26,0.262,0.662,Yes
3531,"Gemac Engineering Machinery Co., Ltd.",301048.SZ,-3.95,0.316,0.933,Yes
3532,"XGIMI Technology Co.,Ltd.",688696.SS,-5.81,0.464,1.807,Yes
3533,"Canny Elevator Co., Ltd.",002367.SZ,-4.3,0.339,1.54,Yes
3534,"Shunya International Martech (Beijing) Co., Ltd.",300612.SZ,-5.53,0.434,1.211,Yes
3535,"Shanxi Coking Co., Ltd.",600740.SS,-3.96,0.307,1.094,Yes
3536,"Jiangsu New Technology Group Co.,Ltd.",301229.SZ,-4.72,0.366,1.169,Yes
3537,"S.F. Holding Co., Ltd.",002352.SZ,-3.1,0.238,0.645,Yes
3538,"Guiyang Xintian Pharmaceutical Co.,Ltd.",002873.SZ,-5.08,0.395,1.325,Yes
3539,"Lancy Co., Ltd.",002612.SZ,-4.48,0.344,0.791,Yes
3540,"Shanghai Jahwa United Co., Ltd.",600315.SS,-4.91,0.377,1.333,Yes
3541,"Shenzhen Jieshun Science and Technology Industry Co., Ltd.",002609.SZ,-4.26,0.323,1.26,Yes
3542,"Nanjing Xinjiekou Department Store Co., Ltd.",600682.SS,-4.96,0.377,1.371,Yes
3543,"Beijing Infosec Technologies Co.,Ltd",688201.SS,-7.63,0.587,1.845,Yes
3544,"Luoyang Jianlong Micro-nano New Material Co., Ltd",688357.SS,-5.36,0.407,1.892,Yes
3545,Ping An CSI General Aviation Theme ETF,561660.SS,-5.39,0.409,1.877,Yes
3546,"Sinoma International Engineering Co.,Ltd",600970.SS,-4.07,0.303,0.596,Yes
3547,"Medicalsystem Biotechnology Co., Ltd",300439.SZ,-3.49,0.258,0.932,Yes
3548,"Ananda Drive Techniques(Shanghai)Co., Ltd.",603350.SS,-3.78,0.28,1.114,Yes
3549,"Maiquer Group CO.,LTD",002719.SZ,-5.75,0.429,0.689,Yes
3550,ABA Chemicals Corporation,300261.SZ,-6.19,0.463,1.073,Yes
3551,"Cosonic Intelligent Technologies Co., Ltd.",300793.SZ,-5.51,0.409,1.249,Yes
3552,"Lisheng Sports (Shanghai) Co.,Ltd",002858.SZ,-4.74,0.348,1.003,Yes
3553,"Dareway Intelligent Technology Co., Ltd.",688579.SS,-5.47,0.402,1.813,Yes
3554,"Springsnow Food Group Co., Ltd.",605567.SS,-4.04,0.295,0.87,Yes
3555,"Jiangsu Yunyong Electronics and Technology Co.,Ltd",688060.SS,-5.11,0.373,1.532,Yes
3556,"Hanwang Technology Co.,Ltd",002362.SZ,-5.11,0.373,1.377,Yes
3557,"Tianjin You Fa Steel Pipe Group Stock Co., Ltd.",601686.SS,-2.62,0.188,0.553,Yes
3558,"Shanghai Longcheer Technology Co., Ltd.",603341.SS,-4.69,0.338,1.17,Yes
3559,"Guilin Sanjin Pharmaceutical Co., Ltd.",002275.SZ,-3.41,0.241,0.81,Yes
3560,"Synthesis Electronic Technology Co.,Ltd.",300479.SZ,-4.98,0.354,1.449,Yes
3561,"Ningxia Yinglite Chemicals Co., Ltd",000635.SZ,-4.46,0.312,0.825,Yes
3562,Qingdao Topscomm Communication Inc.,603421.SS,-7.08,0.501,1.733,Yes
3563,"China Baoan Group Co., Ltd.",000009.SZ,-5.6,0.393,0.92,Yes
3564,Shandong Zhonglu Oceanic Fisheries Company Limited,200992.SZ,-4.17,0.288,0.673,Yes
3565,"Greenworks (Jiangsu) Co., Ltd.",301260.SZ,-5.81,0.402,1.376,Yes
3566,Ping An CSI Livestock Breeding ETF,516760.SS,-3.13,0.214,0.88,Yes
3567,"Suning Universal Co.,Ltd",000718.SZ,-4.68,0.322,1.231,Yes
3568,"Zotye Automobile Co., Ltd",000980.SZ,-7.97,0.555,2.038,Yes
3569,Hwabao WP CSI A50 ETF,159596.SZ,-5.65,0.383,0.993,Yes
3570,"Beijing eGOVA Co,. Ltd",300075.SZ,-7.41,0.505,1.573,Yes
3571,"COFCO Technology & Industry Co., Ltd.",301058.SZ,-5.37,0.362,1.152,Yes
3572,"Beijing Jingwei Hirain Technologies Co., Inc.",688326.SS,-8.83,0.605,2.214,Yes
3573,"Bestlink Technologies Co.,Ltd.",603206.SS,-4.79,0.321,1.51,Yes
3574,"Suzhou Chunxing Precision Mechanical Co., Ltd.",002547.SZ,-7.51,0.51,0.956,Yes
3575,Huatai-PB CSI Industrial Non-frs Mtl ETF,560490.SS,-3.65,0.242,1.028,Yes
3576,"Shenzhen CSL Vacuum Science and Technology Co., Ltd.",688785.SS,-14.61,1.022,4.226,Yes
3577,ICBCCS Pharmaceutical ETF,588860.SS,-6.75,0.452,1.07,Yes
3578,Huali Industrial Group Company Limited,300979.SZ,-4.94,0.325,0.333,Yes
3579,"Tsann Kuen (China) Enterprise Co., Ltd.",200512.SZ,-3.64,0.236,0.551,Yes
3580,"Wondershare Technology Group Co., Ltd.",300624.SZ,-8.16,0.541,2.116,Yes
3581,"Shenzhen New Land Tool Planning & Architectural Design Co., Ltd.",300778.SZ,-5.3,0.343,1.107,Yes
3582,"Avic Aviation High-Technology Co., Ltd.",600862.SS,-4.85,0.312,0.987,Yes
3583,"Fujian Tianma Science and Technology Group Co., Ltd",603668.SS,-5.19,0.332,1.254,Yes
3584,"Shanghai Bairun Investment Holding Group Co., Ltd.",002568.SZ,-6.74,0.435,1.506,Yes
3585,"Risen Energy Co.,Ltd.",300118.SZ,-8.48,0.551,2.484,Yes
3586,"CECEP Environmental Protection Co., Ltd.",300140.SZ,-5.26,0.334,1.18,Yes
3587,China Fund Management Company Limited - China Fund Ming Yang Smart Energy REIT Fund,508015.SS,-3.32,0.208,0.146,Yes
3588,"Zhejiang TongLi Transmission Technology Co., Ltd.",301255.SZ,-6.78,0.43,1.419,Yes
3589,"Shanghai Bright Meat Group Co., Ltd.",600073.SS,-4.1,0.256,0.636,Yes
3590,"Nanjing King-Friend Biochemical Pharmaceutical Co.,Ltd.",603707.SS,-6.53,0.412,0.973,Yes
3591,"Jiangsu Xiuqiang Glasswork Co., Ltd.",300160.SZ,-4.28,0.264,0.964,Yes
3592,Penghua Hang Seng Biotech ETF,159130.SZ,-4.69,0.289,0.157,Yes
3593,"Qingdao Hiron Commercial Cold Chain Co., Ltd.",603187.SS,-5.04,0.311,1.312,Yes
3594,"Jouder Precision Industry (Kunshan) Co., Ltd.",300549.SZ,-5.66,0.35,1.226,Yes
3595,"Henan Lantian Gas Co.,Ltd.",605368.SS,-3.99,0.243,0.071,Yes
3596,"Shanghai Rightongene Biotechnology Co., Ltd.",688217.SS,-6.5,0.4,1.357,Yes
3597,"Zhe Jiang Li Zi Yuan Food Co.,Ltd.",605337.SS,-6.36,0.391,1.151,Yes
3598,"Juneyao Airlines Co., Ltd",603885.SS,-5.4,0.328,1.115,Yes
3599,"Guizhou BC&TV Information Network CO.,LTD",600996.SS,-6.75,0.41,0.496,Yes
3600,"Renhe Pharmacy Co.,Ltd",000650.SZ,-3.76,0.223,0.97,Yes
3601,"Zhejiang Weihua New Material Co., Ltd.",603310.SS,-3.23,0.191,0.65,Yes
3602,"Shanghai Trendzone Holdings Group Co.,Ltd",603030.SS,-6.96,0.415,0.941,Yes
3603,"China Fortune Land Development Co., Ltd.",600340.SS,-9.26,0.558,1.295,Yes
3604,"Shandong Zhangqiu Blower Co., Ltd",002598.SZ,-5.75,0.339,1.028,Yes
3605,Penghua CSI Livestock Breeding ETF,159867.SZ,-3.68,0.214,0.895,Yes
3606,"Shaanxi Beiyuan Chemical Industry Group Co., Ltd.",601568.SS,-3.72,0.215,0.715,Yes
3607,"Sansec Technology Co., Ltd.",688489.SS,-8.45,0.498,2.163,Yes
3608,Hwa Create Corporation,300045.SZ,-9.79,0.581,2.472,Yes
3609,"Tianjin Meiteng Technology Co., Ltd",688420.SS,-5.09,0.294,1.325,Yes
3610,Zhongjin Irradiation Incorporated Company,300962.SZ,-5.0,0.289,0.712,Yes
3611,"Jason Furniture (Hangzhou) Co.,Ltd.",603816.SS,-6.38,0.369,0.923,Yes
3612,"Xingyuan Environment Technology Co., Ltd.",300266.SZ,-8.22,0.48,1.285,Yes
3613,"Shaanxi Broadcast & TV Network Intermediary(Group)Co.,Ltd.",600831.SS,-7.52,0.43,1.331,Yes
3614,ChinaAMC CSI Fully Estate ETF,515060.SS,-5.81,0.33,1.657,Yes
3615,"Shanghai Fosun Pharmaceutical (Group) Co., Ltd.",600196.SS,-4.27,0.239,0.98,Yes
3616,"Longmaster Information & Technology Co., Ltd.",300288.SZ,-6.79,0.385,1.431,Yes
3617,"Yunnan Metropolitan Real Estate Development Co., Ltd.",600239.SS,-7.88,0.449,1.429,Yes
3618,Guotai CSI Livestock Breeding ETF,159865.SZ,-3.94,0.219,0.907,Yes
3619,"Shanghai Hi-Tech Control System Co., Ltd",002184.SZ,-6.7,0.376,1.529,Yes
3620,"Changzhou Wujin Zhongrui Electronic Technology Co., Ltd.",301587.SZ,-5.71,0.319,1.106,Yes
3621,"Chongqing Chongbai Technology Group Co., Ltd.",600729.SS,-6.73,0.378,1.205,Yes
3622,"Qingdao Gaoce Technology Co., Ltd.",688556.SS,-10.64,0.606,2.813,Yes
3623,"B-SOFT Co.,Ltd.",300451.SZ,-9.16,0.518,1.723,Yes
3624,"Zhejiang Yaguang Technology Co.,Ltd.",603282.SS,-6.35,0.352,1.376,Yes
3625,Huayi Brothers Media Corporation,300027.SZ,-7.94,0.442,1.291,Yes
3626,"Innovation New Material Technology Co., Ltd.",600361.SS,-4.96,0.272,0.804,Yes
3627,"Sansteel MinGuang Co.,Ltd.,Fujian",002110.SZ,-7.61,0.422,1.185,Yes
3628,China Southern Asset Management Co Ltd. - China Southern SF Warehousing & Logistics Close-Ed Inf Fd,180305.SZ,-2.9,0.157,0.734,Yes
3629,Shanghai M&G Stationery Inc.,603899.SS,-6.32,0.343,1.313,Yes
3630,"Tianjin Chase Sun Pharmaceutical Co.,Ltd",300026.SZ,-5.67,0.306,0.893,Yes
3631,"Shandong Hi-Speed Road&Bridge Group Co., Ltd.",000498.SZ,-3.82,0.203,0.69,Yes
3632,"BTG Hotels (Group) Co., Ltd.",600258.SS,-5.72,0.306,1.195,Yes
3633,"Ningbo Lehui International Engineering Equipment Co.,Ltd",603076.SS,-7.63,0.411,1.459,Yes
3634,"Fujian Apex Software Co.,LTD",603383.SS,-7.97,0.429,1.834,Yes
3635,SINOTECH Company Limited,688737.SS,-8.39,0.452,1.497,Yes
3636,"Joincare Pharmaceutical Group Industry Co.,Ltd.",600380.SS,-4.91,0.26,0.856,Yes
3637,Hwabao WP CSI IT Inno ETF,562030.SS,-8.91,0.48,2.018,Yes
3638,"Guizhou Bailing Group Pharmaceutical Co., Ltd.",002424.SZ,-8.14,0.436,0.562,Yes
3639,"Jolywood (Suzhou) Sunwatt Co.,Ltd.",300393.SZ,-8.75,0.466,1.938,Yes
3640,"WebRAY Tech(Beijing) Co., Ltd.",688651.SS,-7.64,0.405,1.742,Yes
3641,"SeeWay.ai Co., Ltd.",002405.SZ,-7.54,0.398,1.493,Yes
3642,"Linewell Software Co., Ltd.",603636.SS,-8.43,0.447,1.352,Yes
3643,"Zhejiang Huatong Meat Products Co., Ltd.",002840.SZ,-8.01,0.422,1.118,Yes
3644,"Huadong Medicine Co., Ltd",000963.SZ,-6.46,0.338,0.97,Yes
3645,"Liaoning SG Automotive Group Co., Ltd.",600303.SS,-7.89,0.413,0.511,Yes
3646,"Luoyang Shenglong Mining Group Co., Ltd.",001257.SZ,-9.25,0.485,0.06,No
3647,"Hunan Valin Steel Co., Ltd.",000932.SZ,-6.83,0.354,0.834,Yes
3648,"Beijing Jingyuntong Technology Co., Ltd.",601908.SS,-7.9,0.408,1.079,Yes
3649,"Shaanxi Xinghua Chemistry Co.,Ltd",002109.SZ,-7.48,0.384,1.003,Yes
3650,"Sinosteel Engineering & Technology Co., Ltd.",000928.SZ,-5.29,0.269,0.512,Yes
3651,"Zhuhai Zhumian Group Co., Ltd.",600185.SS,-7.78,0.4,1.365,Yes
3652,ChinaAMC CSI Rare Metals Industry ETF,159053.SZ,-12.65,0.662,3.424,Yes
3653,"Hunan Copote Science Technology Co.,Ltd.",600476.SS,-7.79,0.397,1.109,Yes
3654,BOC CSI Industrial Non-ferrous Metal ETF,560870.SS,-4.94,0.248,1.084,Yes
3655,China Southern Fund Management Co. - Runze Technology Data Center Closed REIT Fund,180901.SZ,-3.48,0.173,0.915,Yes
3656,"Bank of Zhengzhou Co., Ltd.",002936.SZ,-4.08,0.203,0.686,Yes
3657,Harvest CSI All Share IB&Brokerage ETF,562870.SS,-4.23,0.211,1.028,Yes
3658,"Pantum Technology Co., Ltd.",002180.SZ,-7.23,0.363,1.657,Yes
3659,"Zhongtai Securities Co., Ltd.",600918.SS,-4.52,0.223,1.021,Yes
3660,"Tus-Design Group Co., Ltd.",300500.SZ,-7.89,0.395,0.994,Yes
3661,E Fund Management Co Ltd - Share Power Grid Equipment ETF,560390.SS,-8.38,0.42,2.122,Yes
3662,"China Transinfo Technology Co., Ltd",002373.SZ,-7.04,0.348,1.265,Yes
3663,"Shanghai Ruking Technologies Co., Ltd.",301525.SZ,-9.7,0.485,2.354,Yes
3664,E Fund Management Company - Guarantee Income Fund,159001.SZ,-0.0,0.0,0.0,No
3665,"Huida Sanitary Ware Co.,Ltd",603385.SS,-6.4,0.312,0.939,Yes
3666,"Beijing Chunlizhengda Medical Instruments Co., Ltd.",688236.SS,-8.61,0.424,1.194,Yes
3667,"Nanjing Chixia Development Co.,Ltd.",600533.SS,-6.75,0.329,1.257,Yes
3668,"Grandjoy Holdings Group Co., Ltd.",000031.SZ,-8.82,0.434,1.743,Yes
3669,"C&S Paper Co.,Ltd",002511.SZ,-6.63,0.32,1.166,Yes
3670,Hwabao WP S&P China A-Shr Div Oppotn ETF,562060.SS,-7.35,0.355,0.077,Yes
3671,Fullgoal CSI Construct Machinery Thm ETF,516250.SS,-6.39,0.306,0.869,Yes
3672,"Green Development Electricity Group of Tianjin Co., Ltd.",000537.SZ,-6.17,0.293,0.47,Yes
3673,BBMG Corporation,601992.SS,-7.03,0.332,1.417,Yes
3674,"Qingdao Tianneng Heavy Industries Co.,Ltd",300569.SZ,-7.39,0.349,1.191,Yes
3675,TianHong CSI Full Health Eqt&Service ETF,159873.SZ,-5.03,0.234,1.146,Yes
3676,"Yinchuan Weili Transmission Technology Co., Ltd.",300904.SZ,-10.53,0.5,1.637,Yes
3677,E Fund Hang Seng Biotech ETF,159105.SZ,-5.73,0.265,0.126,Yes
3678,"Bxn Holding Co., Ltd.",002154.SZ,-7.11,0.33,1.127,Yes
3679,"Chongqing Shunbo Aluminum Co.,Ltd.",002996.SZ,-6.07,0.279,1.137,Yes
3680,"Edifier Technology Co., Ltd.",002351.SZ,-7.46,0.345,0.963,Yes
3681,"Holitech Technology Co., Ltd.",002217.SZ,-12.21,0.578,1.713,Yes
3682,Qingdao Richmat Intelligence Technology Inc.,301320.SZ,-6.66,0.306,1.105,Yes
3683,Fullgoal CSI Shipbuilding Indstry Cm ETF,560710.SS,-8.57,0.393,1.431,Yes
3684,"Suzhou Fushilai Pharmaceutical Co., Ltd.",301258.SZ,-7.45,0.338,1.313,Yes
3685,ChinaAMC CSI HKC Medical Treatment ETF,520510.SS,-6.38,0.288,0.514,Yes
3686,"Zhejiang Meida Industrial Co., Ltd.",002677.SZ,-6.89,0.311,0.881,Yes
3687,"Jiangxi Bestoo Energy Co.,Ltd.",001376.SZ,-11.1,0.511,0.607,Yes
3688,"UTour Group Co., Ltd.",002707.SZ,-6.8,0.305,0.993,Yes
3689,"Shanghai Kindly Enterprise Development Group Co.,LTD.",603987.SS,-5.81,0.255,1.053,Yes
3690,China Railway Harbin Group of Technology Corporation,688459.SS,-4.07,0.177,0.769,Yes
3691,"Bio-Thera Solutions, Ltd.",688177.SS,-9.48,0.42,1.395,Yes
3692,"Beijing Originwater Technology Co., Ltd.",300070.SZ,-7.64,0.334,1.304,Yes
3693,"Guo Tai Epoint Software Co.,Ltd",688232.SS,-10.9,0.485,1.878,Yes
3694,"Sokan New Materials Group Co., Ltd.",688157.SS,-9.6,0.424,1.21,Yes
3695,"Kweichow Moutai Co., Ltd.",600519.SS,-5.08,0.219,0.67,Yes
3696,"CETC Cyberspace Security Technology Co., Ltd.",002268.SZ,-9.35,0.41,1.661,Yes
3697,"China Machinery Huanyu Certification and Inspection Co., Ltd.",301508.SZ,-6.99,0.303,0.958,Yes
3698,"Fujian Yongfu Power Engineering Co.,Ltd.",300712.SZ,-7.88,0.343,1.391,Yes
3699,"Shenzhen Ecobeauty Co., Ltd.",000010.SZ,-11.71,0.513,1.227,Yes
3700,Hwabao WP CS National Defense Ind ETF,512810.SS,-9.06,0.391,1.323,Yes
3701,"Guangxi Bossco Environmental Protection Technology Co., Ltd.",300422.SZ,-7.56,0.321,0.715,Yes
3702,Maxwealth Health Care Devices ETF,159883.SZ,-5.35,0.224,1.072,Yes
3703,Hubei Century Network Technology Inc.,300494.SZ,-9.86,0.421,1.585,Yes
3704,Huatai-PB CSI Full Health Eqt&Serv ETF,516790.SS,-5.69,0.236,1.152,Yes
3705,"Tengda Construction Group Co., Ltd.",600512.SS,-5.01,0.207,0.505,Yes
3706,"Jiangsu Huaxicun Co.,Ltd.",000936.SZ,-9.49,0.4,1.755,Yes
3707,Penghua CNI Robot ETF,159278.SZ,-7.75,0.324,1.846,Yes
3708,"Qingdao Paguld Intelligent Manufacturing Co.,Ltd.",301456.SZ,-8.39,0.35,0.987,Yes
3709,"Guangdong Electric Power Development Co., Ltd.",200539.SZ,-4.16,0.17,0.437,Yes
3710,"Fujian Kuncai Material Technology Co., Ltd.",603826.SS,-9.92,0.417,0.195,Yes
3711,"CIMC Safeway Technologies Co., Ltd.",301559.SZ,-6.94,0.286,1.017,Yes
3712,"Wonders Information Co., Ltd",300168.SZ,-10.93,0.459,1.857,Yes
3713,"Hainan Yedao (Group) Co.,Ltd",600238.SS,-12.59,0.531,1.728,Yes
3714,Ping An CSI Industrial Non-ferrs Mtl ETF,560970.SS,-6.03,0.246,1.055,Yes
3715,"Huabao Technology Co., Ltd.",300741.SZ,-7.54,0.31,1.346,Yes
3716,"XinJiang Ba Yi Iron & Steel Co.,Ltd.",600581.SS,-9.86,0.408,1.269,Yes
3717,"Tianneng Battery Group Co., Ltd.",688819.SS,-8.42,0.346,1.572,Yes
3718,Hwabao WP CSI Security Agency ETF,512000.SS,-9.55,0.394,0.998,Yes
3719,"Shandong Longda Meishi Co., Ltd.",002726.SZ,-15.66,0.665,0.173,Yes
3720,"Shenzhen Neptunus Bioengineering Co., Ltd.",000078.SZ,-11.7,0.486,0.562,Yes
3721,"Shanghai Golden Bridge InfoTech Co., Ltd.",603918.SS,-12.06,0.501,1.594,Yes
3722,China National Accord Medicines Corporation Ltd.,000028.SZ,-6.66,0.269,0.855,Yes
3723,"Shenzhen Kingsino Technology Co.,Ltd.",002548.SZ,-9.55,0.39,1.234,Yes
3724,China Universal CSI All Sh Hlt Cr Ds ETF,159797.SZ,-5.5,0.22,1.057,Yes
3725,CCB Principal HSI SCHK ETF,520770.SS,-6.03,0.242,0.071,No
3726,Harvest HSI SCHK ETF,520960.SS,-5.65,0.226,0.089,No
3727,"Shenzhen Manst Technology Co., Ltd.",301325.SZ,-12.73,0.527,2.015,Yes
3728,"Shenzhen Minglida Precision Technology Co., Ltd.",301268.SZ,-12.01,0.495,2.116,Yes
3729,"Shenzhen New Nanshan Holding (Group) Co., Ltd.",002314.SZ,-8.02,0.323,1.218,Yes
3730,Wenfeng Great World Chain Development Corporation,601010.SS,-8.52,0.343,0.871,Yes
3731,"Yueyang Xingchang Petro-Chemical Co., Ltd.",000819.SZ,-8.29,0.331,1.171,Yes
3732,"CCCG Urban Development Holding Group Co., Ltd.",000736.SZ,-14.84,0.612,2.291,Yes
3733,Penghua CSI Traditional Chinese Medicine Index Exchange Traded Fund,159647.SZ,-5.44,0.213,0.747,Yes
3734,TianHong CSI Agriculture Thematic ETF,512620.SS,-6.76,0.264,0.124,Yes
3735,ChinaAMC CNI Oil&Gas ETF,159189.SZ,-7.39,0.29,0.099,No
3736,"Beijing Forever Technology Co., Ltd.",300365.SZ,-7.76,0.304,0.649,Yes
3737,"Guangdong Xinbao Electrical Appliances Holdings Co., Ltd",002705.SZ,-7.67,0.3,1.196,Yes
3738,E Fund CSI Rare Metals Idsty ETF,561050.SS,-15.51,0.632,3.309,Yes
3739,"Bangyan Technology Co., Ltd.",688132.SS,-8.57,0.336,1.322,Yes
3740,ChinaAMC CSI All Shares Medical Dvcs ETF,562600.SS,-5.9,0.228,1.093,Yes
3741,"Ganyuan Foods Co., Ltd.",002991.SZ,-9.5,0.373,1.105,Yes
3742,China Longyuan Power Group Corporation Limited,001289.SZ,-5.57,0.214,0.294,Yes
3743,"Center International Group Co.,Ltd.",603098.SS,-10.35,0.407,1.355,Yes
3744,Sinocare Inc.,300298.SZ,-9.11,0.356,0.887,Yes
3745,"Qingdao Sentury Tire Co., Ltd.",002984.SZ,-7.85,0.302,0.761,Yes
3746,"RiseSun Real Estate Development Co.,Ltd",002146.SZ,-10.51,0.41,1.694,Yes
3747,Great Wall Motor Company Limited,601633.SS,-9.42,0.364,1.208,Yes
3748,IGW CSI Construction Machinery Theme ETF,159065.SZ,-4.85,0.183,,
3749,Hwabao WP CSI A500 ETF,563500.SS,-10.97,0.426,1.12,Yes
3750,"Assure Tech (Hangzhou) Co., Ltd.",688075.SS,-6.57,0.248,1.023,Yes
3751,Dongjiang Environmental Company Limited,002672.SZ,-8.68,0.33,0.928,Yes
3752,CICC CSI STAR&CHINEXT AI ETF,588480.SS,-14.92,0.585,2.939,Yes
3753,"Hangzhou Robam Appliances Co., Ltd.",002508.SZ,-8.11,0.305,0.99,Yes
3754,"Xinjiang Communications Construction Group Co., Ltd.",002941.SZ,-10.21,0.388,0.892,Yes
3755,E Fund CNI General Aviation Industry ETF,159255.SZ,-8.24,0.309,1.727,Yes
3756,"Lihuayi Weiyuan Chemical Co., Ltd.",600955.SS,-8.75,0.329,1.355,Yes
3757,China Universal CSI AllShareSoftware ETF,159590.SZ,-7.24,0.269,1.326,Yes
3758,China Universal HIS SCHK ETF,520820.SS,-6.42,0.237,0.05,No
3759,"China Merchants Property Operation & Service Co., Ltd.",001914.SZ,-8.87,0.33,1.361,Yes
3760,Hwabao WP CSI Pharmaceuticals ETF,562050.SS,-4.55,0.165,0.003,No
3761,"Chacha Food Company, Limited",002557.SZ,-8.96,0.331,1.265,Yes
3762,"Guangzhou Wondfo Biotech Co.,Ltd",300482.SZ,-8.42,0.309,1.134,Yes
3763,"Wuhan Easy Diagnosis Biomedicine Co.,Ltd.",002932.SZ,-8.11,0.296,1.105,Yes
3764,ICBCCS SZSE 100 ETF,159970.SZ,-14.59,0.548,1.227,Yes
3765,China Railway High-speed Electrification Equipment Corporation Limited,688285.SS,-6.49,0.233,0.832,Yes
3766,China Universal CSI TCM ETF,560080.SS,-5.81,0.208,0.69,Yes
3767,Huatai Zijin Baowan Logistics Warehouse Close-end Infrastructure Fund,180303.SZ,-5.57,0.198,0.863,Yes
3768,"Xinjiang Beixin Road & Bridge Group Co., Ltd",002307.SZ,-10.69,0.388,0.663,Yes
3769,"Dare Power Dekor Home Co.,Ltd.",000910.SZ,-6.75,0.239,0.942,Yes
3770,"Longjian Road&Bridge Co.,Ltd",600853.SS,-7.02,0.248,0.822,Yes
3771,"Jiangsu Kanion Pharmaceutical Co.,Ltd.",600557.SS,-9.91,0.352,1.129,Yes
3772,"Nanjing Bestway Intelligent Control Technology Co., Ltd.",301195.SZ,-9.59,0.339,1.574,Yes
3773,China Southern Fund Management Co. - China southern GDS idc REIT Fund,508060.SS,-3.99,0.137,0.754,Yes
3774,Autosun Electric SZ Inc.,002227.SZ,-11.68,0.415,1.327,Yes
3775,"Suzhou SONAVOX Electronics Co.,Ltd.",688533.SS,-11.77,0.418,1.931,Yes
3776,E Fund CSI AllSh Construct Materials ETF,159787.SZ,-6.87,0.237,1.199,Yes
3777,Harvest CSI Photovoltaic Industry ETF,159123.SZ,-9.43,0.328,1.79,Yes
3778,GF CNI Industrial Software ETF,159145.SZ,-11.64,0.409,2.273,Yes
3779,"Sinosoft Co.,Ltd",603927.SS,-10.03,0.346,1.555,Yes
3780,China Universal CNI GA Ind ETF,159257.SZ,-9.12,0.313,1.752,Yes
3781,Guotai CSI AllSh Construct Materials ETF,159745.SZ,-7.08,0.24,1.227,Yes
3782,Fullgoal CSI AllSh Construct Mtrls ETF,516750.SS,-7.34,0.249,1.269,Yes
3783,"Cabio Biotech (Wuhan) Co., Ltd.",688089.SS,-14.5,0.506,1.716,Yes
3784,"Kaili Catalyst & New Materials Co.,Ltd.",688269.SS,-10.58,0.361,1.655,Yes
3785,"Wuhan Keqian Biology Co.,Ltd",688526.SS,-8.79,0.296,1.265,Yes
3786,Hwabao WP CSI-HK Connect Internet ETF,513770.SS,-13.16,0.451,1.348,Yes
3787,"Xiangtan Electric Manufacturing Co., Ltd.",600416.SS,-12.28,0.418,1.58,Yes
3788,China Universal HS SCHK China Tech ETF,520980.SS,-8.92,0.298,0.858,Yes
3789,"Pylon Technologies Co., Ltd.",688063.SS,-13.89,0.471,1.44,Yes
3790,Tsingtao Brewery Company Limited,600600.SS,-9.8,0.321,1.161,Yes
3791,"Alnera Aluminium Co., Ltd.",301613.SZ,-11.19,0.363,0.993,Yes
3792,E Fund CNI Oil&Gas ETF,159181.SZ,-9.35,0.296,0.116,No
3793,"AVIC Heavy Machinery Co., Ltd.",600765.SS,-12.2,0.391,1.3,Yes
3794,"Wellhope Foods Co., Ltd.",603609.SS,-7.59,0.237,0.707,Yes
3795,"Beijing Wandong Medical Technology Co.,Ltd.",600055.SS,-10.77,0.341,0.994,Yes
3796,"Riyue Heavy Industry Co.,Ltd",603218.SS,-9.84,0.309,1.032,Yes
3797,Aisino Co.Ltd.,600271.SS,-12.01,0.38,1.322,Yes
3798,"Shandong Sinobioway Biomedicine Co., Ltd.",002581.SZ,-18.83,0.615,1.676,Yes
3799,"Shenzhen Bioeasy Biotechnology Co., Ltd.",300942.SZ,-12.54,0.396,1.263,Yes
3800,GF Hang Seng SCHK Technology ETF,159262.SZ,-9.19,0.286,0.904,Yes
3801,"Proya Cosmetics Co.,Ltd.",603605.SS,-10.4,0.322,0.988,Yes
3802,"FAW Jiefang Group Co.,Ltd",000800.SZ,-7.83,0.239,0.821,Yes
3803,"Titan Wind Energy (Suzhou) Co.,Ltd",002531.SZ,-13.75,0.432,1.502,Yes
3804,"Healthcare Co.,Ltd.",603313.SS,-11.82,0.368,0.946,Yes
3805,"Beijing E-Hualu Information Technology Co., Ltd.",300212.SZ,-22.94,0.756,2.067,Yes
3806,"Beijing Strong Biotechnologies,Inc.",300406.SZ,-9.39,0.288,1.074,Yes
3807,Leshan Giantstar Farming&Husbandry Corporation Limited,603477.SS,-12.1,0.374,1.314,Yes
3808,Taiji Computer Corporation Limited,002368.SZ,-14.98,0.465,1.663,Yes
3809,Harvest CSI HKC Innovative Drug ETF,520970.SS,-9.06,0.272,0.032,Yes
3810,China Southern CSI General Aviation ETF,159283.SZ,-12.41,0.378,1.779,Yes
3811,GF CSI Livestock Breeding Industry ETF,512450.SS,-10.7,0.321,0.341,No
3812,"Fortune Ng Fung Food (Hebei) Co.,Ltd",600965.SS,-14.97,0.458,0.793,Yes
3813,GDH Supertime Group Company Limited,001338.SZ,-9.56,0.283,0.98,Yes
3814,"IGW CSI All Shr Agri,Husba & Fishery ETF",560210.SS,-11.62,0.347,0.155,No
3815,DaCheng CSI Battery Thematic ETF,159155.SZ,-12.16,0.364,1.658,Yes
3816,"Hangzhou Huaxing Chuangye Communication Technology Co., Ltd.",300025.SZ,-17.19,0.528,1.641,Yes
3817,"Sichuan Swellfun Co.,Ltd",600779.SS,-15.16,0.459,1.704,Yes
3818,"Sinoseal Holding Co., Ltd.",300470.SZ,-7.59,0.221,0.958,Yes
3819,"Shanghai Jinjiang International Travel Co., Ltd.",900929.SS,-9.82,0.287,0.567,Yes
3820,E Fund CSI Construction Machinry Thm ETF,159138.SZ,-10.03,0.292,0.696,Yes
3821,"Shenzhen Breo Technology Co., Ltd.",688793.SS,-12.86,0.378,0.908,Yes
3822,"Jiangsu King's Luck Brewery Joint-Stock Co.,Ltd.",603369.SS,-13.55,0.398,1.41,Yes
3823,"China Fangda Group Co., Ltd.",000055.SZ,-6.77,0.191,0.845,Yes
3824,"Shenzhen YHLO Biotech Co., Ltd.",688575.SS,-12.67,0.367,0.846,Yes
3825,"Beijing SuperMap Software Co., Ltd.",300036.SZ,-13.26,0.383,1.645,Yes
3826,Zheshang Securities Zhejiang Expressway,508001.SS,-4.32,0.119,0.026,No
3827,ChinaAMC CSI Photovoltaic Industry ETF,515370.SS,-11.53,0.327,1.782,Yes
3828,ShenZhen Properties & Resources Development (Group) Ltd.,200011.SZ,-8.94,0.25,0.642,Yes
3829,"IKD Co., Ltd.",600933.SS,-11.96,0.335,1.546,Yes
3830,"Farasis Energy (Gan Zhou) Co., Ltd.",688567.SS,-15.69,0.448,2.017,Yes
3831,"RNBC New Energy Co., Ltd.",301667.SZ,-22.16,0.645,0.336,No
3832,"Xinjiang Daqo New Energy Co.,Ltd.",688303.SS,-17.32,0.485,2.045,Yes
3833,CICC Fund Management Co. - Vipshop Closed Commercial Real Estate Securities Investment Fund,508603.SS,-0.75,0.019,,
3834,E Fund CSI Battery Thematic ETF,159175.SZ,-14.74,0.404,1.58,Yes
3835,Shandong Pharmaceutical Glass Co.Ltd,600529.SS,-8.09,0.212,0.793,Yes
3836,"Beijing SinoHytec Co., Ltd.",688339.SS,-16.08,0.433,1.733,Yes
3837,Wanjia HS Internet IT ETF (QDII),159202.SZ,-11.89,0.313,0.123,Yes
3838,Jingjin Equipment Inc.,603279.SS,-14.79,0.395,1.34,Yes
3839,"Bear Electric Appliance Co.,Ltd.",002959.SZ,-11.64,0.306,1.038,Yes
3840,"China Asset Management Co., Ltd. - Yuexiu Highway REIT Fund",180202.SZ,-5.43,0.138,0.022,No
3841,"Hainan Huluwa Pharmaceutical Group Co., Ltd.",605199.SS,-18.0,0.488,1.113,Yes
3842,GF CSI All Share Food ETF,563850.SS,-7.33,0.186,0.084,No
3843,"Baotou INST Magnetic New Materials Co., Ltd.",301622.SZ,-16.54,0.439,1.436,Yes
3844,China Southern CSI Battery Thematic ETF,159147.SZ,-13.92,0.364,1.635,Yes
3845,China Universal CSI Livstck Brd Inds ETF,159172.SZ,-12.09,0.312,0.272,No
3846,"Shenzhen Mindray Bio-Medical Electronics Co., Ltd.",300760.SZ,-10.32,0.264,0.813,Yes
3847,"FESCO Group Co., Ltd.",600861.SS,-12.77,0.325,1.311,Yes
3848,"Shanghai Aohua Photoelectricity Endoscope Co., Ltd.",688212.SS,-15.03,0.387,1.337,Yes
3849,Hwabao WP CSI 300 Free Cash Flow ETF,562080.SS,-18.23,0.477,0.702,Yes
3850,Greenland Holdings Corporation Limited,600606.SS,-15.94,0.41,1.699,Yes
3851,"Chinese Universe Publishing and Media Group Co., Ltd.",600373.SS,-10.69,0.263,0.255,Yes
3852,Lombarda China Yuanjian 2-Year Regular Open Mixed Fund,166025.SZ,-6.36,0.152,0.681,Yes
3853,"CSG Holding Co., Ltd.",200012.SZ,-12.18,0.297,0.762,Yes
3854,"China Three Gorges Renewables (Group) Co.,Ltd.",600905.SS,-6.06,0.141,0.125,Yes
3855,Hoymiles Power Electronics Inc.,688032.SS,-18.22,0.451,1.427,Yes
3856,China Southern CSI HKC Tech ETF,159269.SZ,-10.23,0.242,0.426,Yes
3857,"Byhealth Co., Ltd",300146.SZ,-12.9,0.309,1.337,Yes
3858,"Zhejiang Power New Energy Co., Ltd.",688184.SS,-15.47,0.375,1.411,Yes
3859,"EGing Photovoltaic Technology Co.,Ltd.",600537.SS,-19.67,0.478,1.403,Yes
3860,"China Fangda Group Co., Ltd.",200055.SZ,-6.97,0.158,0.471,Yes
3861,"China Asset Management Co., Ltd - Hangzhou Heda Hi-Tech Industrial Park REIT Fund",180103.SZ,-7.95,0.18,0.252,Yes
3862,"Tangrenshen Group Co., Ltd",002567.SZ,-12.4,0.287,0.841,Yes
3863,"Hailir Pesticides and Chemicals Group Co.,Ltd.",603639.SS,-10.67,0.244,0.442,Yes
3864,"Flat Glass Group Co., Ltd.",601865.SS,-20.28,0.488,1.379,Yes
3865,"CICC Fund Management Co., Ltd. - Anhui Transportation Holding Group Expressway Fund",508009.SS,-6.8,0.152,0.145,Yes
3866,Soochow Suzhou Industrial Park - Close-End Infrastructure Fund,508027.SS,-7.84,0.173,0.28,Yes
3867,"Zhejiang Weixing New Building Materials Co., Ltd.",002372.SZ,-14.26,0.325,1.274,Yes
3868,Fullgoal CNI Oil&Gas ETF,159148.SZ,-11.96,0.268,0.027,Yes
3869,"Shanying International Holdings Co.,Ltd",600567.SS,-11.57,0.259,1.213,Yes
3870,Hwabao WP CSI All Share AHF ETF,159275.SZ,-10.53,0.233,0.155,Yes
3871,"Imeik Technology Development Co.,Ltd.",300896.SZ,-22.0,0.515,2.1,Yes
3872,"Dongzhu Ecological Environment Protection Co., Ltd.",603359.SS,-24.32,0.576,0.879,Yes
3873,Hwabao WP S&P Access Hong Kong Low Volatility High Dividend ETF,159220.SZ,-20.41,0.47,0.68,Yes
3874,GF CSI HKC IT Composite ETF,520710.SS,-23.08,0.539,2.908,Yes
3875,E Fund CSI All Share Food ETF,560160.SS,-9.05,0.194,0.107,No
3876,"Daqin Railway Co., Ltd.",601006.SS,-8.06,0.172,0.105,Yes
3877,"Hangzhou Huawang New Material Technology Co.,Ltd.",605377.SS,-11.94,0.256,1.126,Yes
3878,"Shantou Institute of Ultrasonic Instrument Co., Ltd.",301602.SZ,-13.75,0.296,0.397,Yes
3879,Great Wall CNI Free Cash Flow ETF,159166.SZ,-14.76,0.319,0.701,No
3880,IGW ChiNext New Energy ETF,159187.SZ,-19.91,0.441,2.505,Yes
3881,ICBCCS ChiNext New Energy ETF,159149.SZ,-16.39,0.354,1.675,Yes
3882,E Fund CSI HKC Medical Treatment ETF,520850.SS,-12.85,0.272,0.26,Yes
3883,"Yachoo Technology Co., Ltd.",001325.SZ,-18.58,0.406,0.188,Yes
3884,ICBCCS CNI Oil&Gas ETF,159017.SZ,-15.35,0.326,0.579,No
3885,"Wuhan Guide Technology Co., Ltd.",301633.SZ,-15.92,0.339,0.496,Yes
3886,"Zhejiang Huaye Plastics Machinery Co., Ltd.",301616.SZ,-19.26,0.417,2.067,Yes
3887,"Shandong Jinjing Science & Technology Stock Co.,Ltd",600586.SS,-13.14,0.275,1.076,Yes
3888,Guotai SSE STAR Brand Name Drug ETF,589720.SS,-8.01,0.162,0.462,Yes
3889,Tibet Eastmoney CSI SHS Internet ETF,159550.SZ,-13.89,0.289,0.584,Yes
3890,TianHong ChiNext New Energy ETF,159190.SZ,-20.03,0.43,2.425,Yes
3891,"Hebei Hengshui Laobaigan Liquor Co., Ltd.",600559.SS,-15.58,0.325,1.309,Yes
3892,"Hangzhou Electronic Soul Network Technology Co., Ltd.",603258.SS,-16.71,0.35,1.213,Yes
3893,"Sunflower Pharmaceutical Group Co., Ltd.",002737.SZ,-15.63,0.324,0.695,Yes
3894,HuaAn Zhangjiang Everbright Park,508000.SS,-11.78,0.238,0.578,Yes
3895,Shanghai Re·fine Environment Sci-tech Ltd.,001396.SZ,-25.5,0.554,1.611,Yes
3896,"Guangzhou Ruili Kormee Automotive Electronic Co., Ltd.",001285.SZ,-16.45,0.339,1.213,Yes
3897,China Tourism Group Duty Free Corporation Limited,601888.SS,-15.88,0.324,1.102,Yes
3898,Fullgoal ChiNext New Energy ETF,159122.SZ,-14.8,0.3,1.623,Yes
3899,"Pacific Shuanglin Bio-pharmacy Co., Ltd.",000403.SZ,-16.25,0.329,0.064,No
3900,Huaan CSI STAR&CHINEXT AI ETF,588470.SS,-31.52,0.691,2.928,Yes
3901,"Suning.com Co., Ltd.",002024.SZ,-12.56,0.247,0.543,Yes
3902,Huaan CSI All Shr Electric Util ETF,512140.SS,-19.37,0.391,1.133,No
3903,"ZhongHe Shangda Aeronautic Materials Co., Ltd.",301522.SZ,-19.32,0.39,1.962,Yes
3904,"GF Fund Management Co.,Ltd. - GF Chengdu Hi-tech Investment Industrial REIT Fund",180106.SZ,-10.71,0.202,0.072,Yes
3905,ChinaAMC CSI All Share Food ETF,159151.SZ,-9.84,0.185,0.128,No
3906,"Trina Solar Co., Ltd.",688599.SS,-20.29,0.401,1.63,Yes
3907,"Shandong Linglong Tyre Co.,Ltd.",601966.SS,-14.03,0.266,0.812,Yes
3908,"Anhui Xinbo Aluminum Co., Ltd.",003038.SZ,-18.63,0.357,1.254,Yes
3909,CMF CSI Construction Machinery Theme ETF,560920.SS,-8.64,0.157,,
3910,"Suzhou Shijing Environmental Technology Co.,Ltd.",301030.SZ,-27.27,0.545,1.608,Yes
3911,Fullgoal CNI Robot ETF,159272.SZ,-17.1,0.321,1.831,Yes
3912,IGW CSI Nonferrous Metal Mining ETF,560290.SS,-18.14,0.342,1.743,Yes
3913,"Jiangsu Xihua New Energy Technology Co., Ltd.",603248.SS,-19.87,0.369,0.508,No
3914,ChinaAMC CNI Grain Industry ETF,159030.SZ,-22.56,0.415,0.054,No
3915,"Hunan Xiangtou Goldsky Titanium Industry Technology Co., Ltd.",688750.SS,-19.13,0.344,2.182,Yes
3916,"Jianmin Pharmaceutical Group Co.,Ltd.",600976.SS,-19.34,0.346,0.956,Yes
3917,"BSM Chemical Co.,Ltd.",300796.SZ,-18.74,0.333,1.137,Yes
3918,Penghua CSI All Share Food ETF,560130.SS,-10.39,0.175,0.065,No
3919,Shandong Chenming Paper Holdings Limited,200488.SZ,-24.55,0.439,0.952,Yes
3920,ChinaAMC CSI Battery Thematic ETF,512460.SS,-24.61,0.438,2.491,Yes
3921,Bosera CSI All Share Brokerage ETF,159260.SZ,-11.98,0.199,0.855,Yes
3922,"Tianshan Material Co., Ltd.",000877.SZ,-18.06,0.308,1.096,Yes
3923,"Shandong University Electric Power Technology Co., Ltd.",301609.SZ,-23.57,0.413,0.094,No
3924,"Tongqinglou Catering Co., Ltd.",605108.SS,-21.81,0.376,1.422,Yes
3925,JPM Hang Seng SCHK 50 ETF,520950.SS,-14.74,0.244,0.128,No
3926,"Shanghai Baosight Software Co.,Ltd.",900926.SS,-18.15,0.301,0.551,Yes
3927,AIFMC CSI 300 Quality ETF,563960.SS,-4.76,0.073,0.069,No
3928,"Beijing Tiantan Biological Products Co., Ltd.",600161.SS,-14.45,0.232,0.316,Yes
3929,"Zhangzhou Pientzehuang Pharmaceutical Co., Ltd.",600436.SS,-19.42,0.32,0.805,Yes
3930,"Jinko Solar Co., Ltd.",688223.SS,-21.16,0.352,1.375,Yes
3931,"Poly Developments and Holdings Group Co., Ltd.",600048.SS,-21.2,0.351,1.23,Yes
3932,Eastmoney CSI Battery Thematic ETF,159160.SZ,-25.6,0.432,2.451,Yes
3933,"Higold Group Co., LTD.",001221.SZ,-23.27,0.377,0.23,No
3934,"Anhui Gujing Distillery Co., Ltd.",000596.SZ,-23.38,0.378,1.101,Yes
3935,CIB CSI HKC Internet ETF,520790.SS,-25.66,0.418,1.463,No
3936,"Shandong Senter Electronic Co.,Ltd.",001388.SZ,-20.34,0.321,0.73,Yes
3937,Wanjia CNI HKC Technology ETF,159251.SZ,-18.3,0.281,0.2,Yes
3938,Shandong Chenming Paper Holdings Limited,000488.SZ,-21.54,0.336,0.702,Yes
3939,E Fund CSI Non-ferrous Metl Sub-inds ETF,560470.SS,-17.24,0.259,0.661,Yes
3940,"Nanjing COSMOS Chemical Co., Ltd.",300856.SZ,-25.83,0.399,1.11,Yes
3941,"Shandong Weigao Blood Purification Products Co., Ltd.",603014.SS,-9.44,0.133,0.373,Yes
3942,"China Resources Boya Bio-pharmaceutical Group Co.,Ltd",300294.SZ,-18.81,0.277,0.7,Yes
3943,Fullgoal CSI China A Share ETF,159078.SZ,-24.67,0.376,,
3944,"Xinjiang Yilite Industry Co.,Ltd",600197.SS,-20.21,0.299,1.157,Yes
3945,Fullgoal CSI HKC Technology ETF,520860.SS,-16.3,0.235,0.345,Yes
3946,"Anhui Huaheng Biotechnology Co., Ltd.",688639.SS,-30.14,0.469,1.924,Yes
3947,Ping An CSI All Share Electric Utilt ETF,560460.SS,-24.52,0.364,1.116,No
3948,"KPC Pharmaceuticals,Inc.",600422.SS,-19.59,0.282,0.36,Yes
3949,"Beijing Hcrt Electrical Equipments Co., Ltd.",301668.SZ,-26.75,0.396,0.365,No
3950,TK CSI Nonferrous Metal Mining ETF,159163.SZ,-23.61,0.336,1.74,Yes
3951,Maxwealth CSI Livestock Breeding Ids ETF,159165.SZ,-20.65,0.289,0.008,Yes
3952,"Suzhou Fengbei Biotech Stock Co., Ltd.",603334.SS,-27.23,0.394,1.085,Yes
3953,Hwabao WP HKC HS CHN (HK-listed) 30 ETF,520560.SS,-17.31,0.237,0.337,No
3954,"Jiangsu Hanbon Science and Technology Co., Ltd.",688755.SS,-19.14,0.264,1.41,Yes
3955,"Haiyang Technology Co., Ltd.",603382.SS,-27.07,0.39,1.284,Yes
3956,"Hanshow Technology Co., Ltd.",301275.SZ,-24.56,0.343,1.29,Yes
3957,CMF CSI New Energy Vehicles ETF,159183.SZ,-25.77,0.361,1.947,Yes
3958,Wanjia CNI NEV Battery ETF,159156.SZ,-24.54,0.331,1.344,Yes
3959,IGW Hang Seng SCHK 50 ETF,159109.SZ,-17.67,0.226,0.059,No
3960,Truvalue Asset Management Co. Ltd. - Agricultural Industrial Park Closed REIT Fund,508039.SS,-17.91,0.227,0.634,Yes
3961,ChinaAMC CNI HKC Tech ETF,159101.SZ,-22.39,0.289,0.011,Yes
3962,China Asset Management Co. Ltd. - Huadian Clean Energy REIT Fund,508016.SS,-5.01,0.059,0.024,Yes
3963,Harvest Hang Seng SCHK Technology ETF,520670.SS,-22.19,0.281,0.601,Yes
3964,Huaan Hang Seng SCHK Technology ETF,520840.SS,-22.06,0.278,0.613,Yes
3965,Anhui Guqi Down & Feather Textile Incorporated,001390.SZ,-25.72,0.329,1.004,Yes
3966,"Yangzhou Tinfulong Group Co., Ltd.",603406.SS,-23.95,0.302,0.782,Yes
3967,Penghua CNI HKC Innovative Drug ETF,159286.SZ,-20.68,0.254,0.377,No
3968,"Shanghai Haohai Biological Technology Co., Ltd.",688366.SS,-24.11,0.301,1.223,Yes
3969,Penghua CNI HKC Consumer ETF,159265.SZ,-16.89,0.198,0.23,Yes
3970,China Asset Management Co. Ltd.- CAPITALAND COMMERCIAL CLOSED END REIT,508091.SS,-12.27,0.14,0.41,Yes
3971,Fullgoal CNI HKC Consumer ETF,159245.SZ,-17.84,0.206,0.26,Yes
3972,Bosera Hang Seng SCHK Inno Drug Sel ETF,520690.SS,-21.18,0.249,0.166,No
3973,"Shanghai C&D INNOSTIC Medical Technology Group Co., Ltd.",301584.SZ,-24.51,0.291,0.289,No
3974,China Universal CNI HKC Consumer ETF,159268.SZ,-18.84,0.215,0.234,Yes
3975,China Universal CNI HKC Internet ETF,159280.SZ,-28.71,0.34,0.225,No
3976,"Anhui Linping Circular Development Co., Ltd.",603284.SS,-29.4,0.348,0.217,Yes
3977,Fullgoal SZSE ChiNext Software ETF,159107.SZ,-23.31,0.263,1.505,Yes
3978,Hwabao WP CSI HKC Automobile Ind Thm ETF,520780.SS,-23.6,0.263,0.478,No
3979,Huaan CNI HKC Consumer ETF,159285.SZ,-20.59,0.224,0.039,No
3980,Harvest Hang Seng Consumption ETF,520620.SS,-20.5,0.216,0.113,Yes
3981,Huatai Zijin Suzhou Hengtai Rental Housing Closed-end Infrastructure Securities Investment Fund,508085.SS,-10.07,0.1,0.011,Yes
3982,TianHong CSI Software & Services ETF,159035.SZ,-21.06,0.219,0.817,No
3983,Bank of China Sinotrans Warehousing and Logistics Closed-end Infrastructure Securities Investment Fu,508090.SS,-12.29,0.121,0.146,Yes
3984,China Southern CNI HKC Inno Drug ETF,159297.SZ,-25.1,0.261,0.485,No
3985,CPIC Hang Seng SCHK Technology ETF,159120.SZ,-24.94,0.253,0.636,Yes
3986,"Shenzhen Tiansu Calibration and Testing Co., Ltd.",301449.SZ,-29.74,0.305,0.205,Yes
3987,CICC Fund Management Co. Ltd. - China Green Development Commercial REIT Fund,180606.SZ,-9.24,0.084,0.247,Yes
3988,ChinaAMC CSI Construction Mchnry Thm ETF,515970.SS,-29.98,0.303,0.633,Yes
3989,"Fuling Technology Co., LTD",001356.SZ,-22.47,0.214,0.526,Yes
3990,Harvest CSI SHS Cloud Computing Inds ETF,517130.SS,-10.49,0.093,0.486,Yes
3991,ChinaAMC SZSE ChiNext Software ETF,159256.SZ,-26.42,0.25,1.458,Yes
3992,"Yangzhou Huitong Technology Corp., Ltd.",301601.SZ,-29.21,0.279,0.919,Yes
3993,Penghua CSI Software Services ETF,560790.SS,-24.41,0.214,0.847,No
3994,China Universal Asset Management Company Ltd - Shanghai Real Estate Rental Closed REIT Fund,508600.SS,-12.11,0.099,,
3995,Tibet Eastmoney CSI HKC Technology ETF,520530.SS,-22.54,0.194,0.192,Yes
3996,Penghua Hang Seng Technology ETF (QDII),520590.SS,-26.34,0.222,0.119,Yes
3997,"Shanghai Unison Aluminium Products Co., Ltd.",603418.SS,-29.15,0.249,0.745,Yes
3998,CIB CSI Fintech Theme ETF,563570.SS,-27.42,0.223,0.973,Yes
3999,China Securities Co. Ltd. - Shenyang International Software Park INF Fund,508029.SS,-23.8,0.189,0.558,Yes
4000,Maxwealth CSI Household Appliances ETF,515730.SS,-19.75,0.153,0.854,Yes
4001,TianHong CNI HKC Technology ETF,159128.SZ,-30.01,0.243,0.025,Yes
4002,E Fund Hang Seng SCHK Automobile ETF,159121.SZ,-31.22,0.251,0.593,No
4003,CMF CNI HKC Technology ETF,159125.SZ,-29.94,0.236,0.019,Yes
4004,"Zhejiang Tion Vanly Tech. Co., Ltd.",603210.SS,-23.61,0.179,0.636,Yes
4005,Fullgoal CSI Fintech Theme ETF,515720.SS,-29.13,0.225,1.012,Yes
4006,"JiangXi Avonflow HVAC Tech Co., Ltd.",301575.SZ,-29.95,0.227,1.0,Yes
4007,E Fund CSI Fintech Theme ETF,159299.SZ,-29.92,0.227,1.032,Yes
4008,China Southern Hang Seng TECH ETF (QDII),520570.SS,-28.72,0.214,0.151,Yes
4009,Bosera Hang Seng SCHK Technology ETF,159010.SZ,-23.59,0.167,0.709,No
4010,China Universal CSI Fintech ETF,159103.SZ,-30.53,0.212,0.99,Yes
4011,E Fund Management Co. Ltd - E Fund Guangzhou Development Zone Close-end Infrastructure Fund,180105.SZ,-23.0,0.151,0.251,Yes
4012,"China Asset Management Co., Ltd - Prologis Warehousing & Logistics Fund",180306.SZ,-25.94,0.163,0.615,Yes
4013,GuoLian Hang Seng SCHK Technology ETF,159015.SZ,-26.64,0.162,0.662,No
4014,China Fund Management Co Ltd - China First Agricultural Food Group Reits Fund,508601.SS,-14.5,0.06,,
4015,Huatai-PB CSI Household Appliances ETF,512430.SS,-23.99,0.086,0.352,Yes
4016,Eastmoney CSI Construction Mchn Thm ETF,159161.SZ,-31.08,0.055,,
4017,ChinaAMC CSI STAR&CHINEXT AI ETF,588510.SS,18.27,,,
4018,BOCI CSI STAR&CHINEXT AI ETF,588530.SS,7.94,,,
4019,Harvest SSE STAR AI ETF,589410.SS,22.0,,,
4020,China Southern CSI All Share Food ETF,515840.SS,-1.15,,,
4021,CMF CSI All Share Food ETF,561020.SS,-3.58,,,
4022,Ping An CSI Rare Metals Industry ETF,561390.SS,10.42,,,
4023,Xinyuan CSI Livestock Breeding Ind ETF,561400.SS,38.04,,,
4024,Caitong Secs CSI All Shr Div Quality ETF,561490.SS,5.98,,,
4025,Huatai-PB CSI All Share Div Quality ETF,561630.SS,2.31,,,
4026,Huatai-PB CSI All Shr Health Cr Dvc ETF,561810.SS,10.55,,,
4027,"E Fund Management Co., Ltd. - Photovoltaic Industry Fund",562970.SS,36.53,,,
4028,AVIC-CNNC Huineng New Energy Closed-end Infrastructure Securities Investment Fund,508030.SS,24.59,,,
4029,China Southern CNI Aerospace ETF,158009.SZ,37.3,,,
4030,Huatai-PB ChiNext New Energy ETF,159069.SZ,24.16,,,
4031,AIFMC CNI Value 100 ETF,159079.SZ,-13.42,,,
4032,Maxwealth CNI Value 100 ETF,159085.SZ,-12.83,,,
4033,GF CSI Fintech Theme ETF,159086.SZ,28.07,,,
4034,E Fund CSI HKC Mainland Financials ETF,159091.SZ,9.23,,,
4035,Hwabao WP CSI Cloud Computing 50 ETF,159099.SZ,51.01,,,
