Rank,Name,Ticker,Return (%),Risk,Volatility,Follows Market Direction ?
1,Angel One Nifty 1D Rate Liquid ETF - Growth,AONELIQUID.NS,5.11,0.001,0.001,Yes
2,Edelweiss Nifty 1D Rate Liquid ETF - Growth,ELIQUID.NS,5.01,0.001,0.001,Yes
3,Mirae Asset Nifty 1D Rate Liquid ETF-Growth,LIQUIDPLUS.NS,5.42,0.002,0.001,Yes
4,DSP S&P BSE Liquid Rate ETF,LIQUIDADD.NS,5.32,0.002,0.002,Yes
5,Zerodha Nifty 1D Rate Liquid ETF,LIQUIDCASE.NS,5.67,0.002,0.001,Yes
6,Shriram Nifty 1D Rate Liquid ETF,LIQUIDSHRI.NS,5.32,0.002,0.001,Yes
7,Groww Nifty 1D Rate Liquid ETF,GROWWLIQID.NS,5.28,0.002,0.0,Yes
8,Aditya BSL CRISIL Liquid Ovrnght ETF,ABSLLIQUID.NS,3.95,0.002,0.0,No
9,HDFC Nifty 1D Rate Liquid ETF - Growth,HDFCLIQUID.NS,5.31,0.004,0.003,Yes
10,Mirae Asset Nifty 1D Rate Liquid ETF-IDCW,LIQUID.NS,5.23,0.004,0.001,No
11,Bajaj Nifty 1D Rate Liquid ETF - Growth,LIQUIDBETF.NS,4.36,0.006,0.001,Yes
12,SBI Nifty Midcap 150 ETF,SBINMID150.NS,21.67,0.027,0.153,No
13,ICICI Prudential Nifty Smallcap 250 ETF,SMALLIETF.NS,26.15,0.032,,
14,DSP NIFTY 1D Rate Liquid ETF,LIQUIDETF.NS,4.4,0.006,0.002,No
15,Groww Nifty Smallcap 250 Momentum Quality 100 ETF,SMALLGROWW.NS,46.23,0.057,,
16,SBI NIFTY 1D Rate Liquid ETF - IDCW,LIQUIDSBI.NS,3.67,0.006,0.015,No
17,SBI Nifty Smallcap 250 ETF,SBISMLETF.NS,39.59,0.059,0.121,No
18,Kotak Mahindra Mutual Fund - Kotak Nifty 1d Rate Liquid Etf,LIQUID1.NS,3.98,0.007,0.015,No
19,Nippon India ETF Nifty 1D Rate Liquid BeES,LIQUIDBEES.NS,3.11,0.006,0.005,Yes
20,Hexagon Nutrition Limited,HEXAGON.BO,48.83,0.087,,
21,Bagmane Prime Office REIT,BAGMANE.BO,19.07,0.04,0.447,No
22,Omkar Overseas Limited,OMKAR.BO,46.3,0.091,0.088,No
23,Hexagon Nutrition Limited,HEXAGON.NS,44.51,0.092,,
24,Baron Infotech Limited,BARONINF.BO,37.33,0.081,0.132,No
25,Raajmarg Infra Investment Trust,RIIT.BO,33.13,0.082,0.25,No
26,Tacent Projects Limited,TACENT.BO,63.82,0.155,0.123,Yes
27,TMT (India) Ltd.,TMTIND-B1.BO,47.19,0.121,0.256,No
28,Anzen India Energy Yield Plus Trust,ANZEN.BO,29.27,0.086,0.186,No
29,Oswal Leasing Limited,OSWALEA.BO,42.93,0.123,0.414,No
30,Nippon India ETF Nifty 5 Yr Benchmark G-Sec,GILT5YBEES.NS,7.85,0.027,0.092,Yes
31,BHARAT Bond ETF April 2030,EBBETF0430.NS,7.42,0.026,0.116,Yes
32,Piramal Finance Limited,PIRAMALFIN.BO,73.08,0.215,0.169,Yes
33,Piramal Finance Limited,PIRAMALFIN.NS,74.28,0.223,0.155,Yes
34,CORONA Remedies Limited,CORONA.BO,85.64,0.251,0.868,Yes
35,"Edelweiss Amc Ltd - Edelweiss Mutual Fund - Edelweiss Bharat Bond Exchange Traded Fund, April 2031",EBBETF0431.NS,7.57,0.029,0.127,Yes
36,CORONA Remedies Limited,CORONA.NS,86.28,0.255,0.894,Yes
37,Nippon India Mutual Fund - Nippon India ETF Nifty 8-13 yr G-Sec Long Term Gilt,LTGILTBEES.NS,7.24,0.029,0.115,Yes
38,SBI Nifty 10 yr Benchmark G-Sec ETF,SETF10GILT.NS,6.9,0.029,0.124,Yes
39,LIC MF Nifty 8-13 yr G-SEC ETF,LICNETFGSC.NS,7.2,0.033,0.141,Yes
40,360 ONE MSCI India ETF,MSCI360.NS,15.52,0.069,,
41,Advait Energy Transitions Limited,ADVAIT.NS,95.29,0.327,1.013,Yes
42,Indigrid Infrastructure Trust,INDIGRID.BO,21.1,0.095,0.089,Yes
43,G-Tech Info-Training Limited,GTEIT.BO,104.18,0.364,0.103,No
44,Property Share Investment Trust,PSPLATINA.BO,12.2,0.058,0.145,Yes
45,UTIAMC-UTIGOLDBETA,GOLDBETA.NS,41.27,0.175,0.007,No
46,Mirae Asset Nifty 500 Healthcare ETF,HEALTHCARE.NS,33.79,0.148,0.612,Yes
47,Pioneer Agro Extracts Limited,PIONAGR.BO,54.79,0.223,0.044,Yes
48,Cube Highways Trust,CUBEINVIT.BO,36.27,0.158,0.03,Yes
49,Mindspace Business Parks REIT,MINDSPACE.BO,24.71,0.112,0.168,Yes
50,GROWW MUTUAL FUND  PERMITTED,GROWWDEFNC.BO,30.37,0.136,0.79,No
51,KOTAK GOLD ETF,GOLD1.NS,41.0,0.178,0.036,No
52,Axis Gold Exchange Traded Fund,GOLDAXIS.NS,40.51,0.178,0.017,No
53,Prabhatam Infra Venture Limited.,PRABHATAM.BO,81.02,0.315,0.372,Yes
54,Cresanto Global Limited,CRESANTO.BO,31.97,0.146,0.047,Yes
55,Quantum Gold Exchange Traded Scheme,QGOLDHALF.NS,41.04,0.182,0.065,No
56,Quantum Gold Exchange Traded Scheme,QGOLDHALF.BO,41.03,0.184,0.075,No
57,Nippon India ETF Gold BeES,GOLDBEES.NS,40.58,0.183,0.055,No
58,Nippon India ETF Gold BeES,GOLDBEES.BO,40.58,0.183,0.051,No
59,DSPAMC - DSPGOLD,GOLDADD.NS,40.77,0.184,0.084,No
60,Anantam Highways Trust,ANANTAM.BO,9.9,0.051,0.045,Yes
61,Mirae Asset Gold ETF,GOLDETF.NS,40.94,0.186,0.037,No
62,HDFC GOLD ETF,HDFCGOLD.NS,40.99,0.187,0.033,No
63,BHARAT Bond ETF April 2032,BBETF0432.NS,7.22,0.037,0.158,Yes
64,Torrent Pharmaceuticals Limited,TORNTPHARM.NS,43.12,0.195,0.575,Yes
65,SBI Gold ETF,SETFGOLD.NS,40.89,0.187,0.067,No
66,Nephrocare Health Services Limited,NEPHROPLUS.NS,84.72,0.34,0.902,Yes
67,Mirae Asset NYSE FANG+ETF,MAFANG.NS,56.62,0.248,0.176,Yes
68,Anand Rathi Wealth Limited,ANANDRATHI.BO,86.83,0.349,0.155,Yes
69,Nephrocare Health Services Limited,NEPHROPLUS.BO,84.06,0.341,0.919,Yes
70,Anand Rathi Wealth Limited,ANANDRATHI.NS,86.87,0.351,0.16,Yes
71,Aditya Birla Sun Life Gold ETF,BSLGOLDETF.BO,41.26,0.192,0.033,No
72,UTIAMC-GILT5BETA,GILT5BETA.NS,8.24,0.044,0.098,Yes
73,Tata Gold ETF,TATAGOLD.NS,43.63,0.203,0.003,Yes
74,Aditya Birla Sun Life Gold ETF,BSLGOLDETF.NS,41.37,0.199,0.051,No
75,Embassy Office Parks REIT,EMBASSY.BO,21.89,0.114,0.137,Yes
76,OnEMI Technology Solutions Limited,KISSHT.BO,63.54,0.288,2.906,Yes
77,Zerodha Gold ETF,GOLDCASE.NS,42.76,0.209,0.006,No
78,OnEMI Technology Solutions Limited,KISSHT.NS,65.96,0.3,3.04,Yes
79,ICICI PRUDENTIAL GOLD ETF,GOLDIETF.NS,41.27,0.204,0.015,No
80,Mirae Asset S&P 500 Top 50 ETF,MASPTOP50.NS,39.68,0.198,0.1,Yes
81,Accretion Nutraveda Limited,ANL.BO,96.77,0.408,1.062,Yes
82,DSP BSE Top 10 Banks ETF,BANK10ADD.NS,31.42,0.162,0.994,Yes
83,Choice International Limited,CHOICEIN.BO,63.0,0.294,1.064,Yes
84,Choice International Limited,CHOICEIN.NS,63.13,0.296,1.062,Yes
85,Indus Infra Trust,INDUSINVIT.BO,20.8,0.114,0.044,Yes
86,Gujarat Kidney And Super Speciality Limited,GKSL.NS,105.43,0.446,1.224,Yes
87,Edelweiss Nifty Next 50 ETF,ENEXT50.NS,13.04,0.074,0.613,Yes
88,Mirae Asset Nifty 8-13 yr G-Sec ETF,GSEC10YEAR.NS,7.65,0.045,0.144,Yes
89,Edelweiss Gold ETF,EGOLD.NS,40.14,0.21,0.065,No
90,Motilal Oswal Nasdaq Q 50 ETF,MONQ50.NS,45.54,0.236,0.12,Yes
91,Sayaji Hotels Limited,SAYAJIHOTL.NS,56.47,0.284,0.012,No
92,Groww Nifty Private Bank ETF,PVTBKGROWW.NS,24.14,0.136,0.192,Yes
93,Shamrock Industrial Company Limited,SHAMROIN.BO,99.84,0.45,0.175,No
94,S.J.S. Enterprises Limited,SJS.NS,63.25,0.317,0.707,Yes
95,S.J.S. Enterprises Limited,SJS.BO,63.13,0.317,0.702,Yes
96,Focus Business Solution Limited,FOCUS.BO,74.6,0.363,0.287,Yes
97,Nippon Life India Asset Management Limited,NAM-INDIA.BO,68.7,0.342,0.97,Yes
98,The Karur Vysya Bank Limited,KARURVYSYA.NS,54.73,0.284,0.837,Yes
99,Baroda BNP Paribas Gold ETF,BBNPPGOLD.NS,50.29,0.267,0.085,Yes
100,Radico Khaitan Limited,RADICO.NS,65.18,0.332,1.165,Yes
101,Nippon Life India Asset Management Limited,NAM-INDIA.NS,67.54,0.343,0.99,Yes
102,Bharat Textiles and Proofing Industries Limited,BHATEXT.BO,71.62,0.36,0.04,No
103,SG Finserve Limited,SGFIN.NS,98.31,0.462,1.399,Yes
104,ICICI Prudential Silver ETF,SILVERIETF.NS,100.59,0.474,0.177,Yes
105,Khazanchi Jewellers Limited,KHAZANCHI.BO,62.89,0.331,0.728,Yes
106,TVS Motor Company Limited,TVSMOTOR.NS,48.6,0.269,1.204,Yes
107,TVS Motor Company Limited,TVSMOTOR.BO,48.42,0.268,1.202,Yes
108,Emmvee Photovoltaic Power Limited,EMMVEE.NS,80.52,0.411,0.025,No
109,Emmvee Photovoltaic Power Limited,EMMVEE.BO,80.4,0.412,0.014,Yes
110,Aster DM Quality Care Limited,ASTERDM.BO,52.66,0.296,0.655,Yes
111,KLG Capital Services Limited,KLGCAP.BO,57.23,0.318,0.483,Yes
112,Singer India Limited,SINGERIND.NS,87.95,0.447,1.292,Yes
113,Aster DM Quality Care Limited,ASTERDM.NS,52.79,0.298,0.666,Yes
114,Shree Vasu Logistics Limited,SVLL.NS,90.16,0.456,1.432,Yes
115,AGI Infra Limited,AGIIL.NS,94.64,0.474,1.059,Yes
116,Cummins India Limited,CUMMINSIND.NS,54.34,0.306,0.981,Yes
117,AGI Infra Limited,AGIIL.BO,86.55,0.448,1.0,Yes
118,Groww Nifty PSU Bank ETF,GROWWPSUBK.NS,24.28,0.154,0.893,Yes
119,Geetanjali Credit and Capital Limited,GEETANJ.BO,80.61,0.427,0.06,No
120,Nuvama Wealth Management Limited,NUVAMA.NS,69.11,0.38,1.239,Yes
121,Nuvama Wealth Management Limited,NUVAMA.BO,68.74,0.379,1.269,Yes
122,Eternal Limited,ETERNAL.NS,57.29,0.328,0.848,Yes
123,Progrex Ventures Limited,PROGREXV.BO,64.33,0.361,0.157,Yes
124,Solar Industries India Limited,SOLARINDS.BO,76.64,0.414,1.653,Yes
125,Eternal Limited,ETERNAL.BO,57.21,0.328,0.846,Yes
126,Motilal Oswal NASDAQ 100 ETF,MON100.NS,46.31,0.276,0.433,Yes
127,Solar Industries India Limited,SOLARINDS.NS,76.04,0.414,1.659,Yes
128,Hawkins Cookers Limited,HAWKINCOOK.NS,37.62,0.232,2.089,Yes
129,Sharat Industries Limited,SHINDL.BO,62.05,0.354,0.182,No
130,Aryaman Financial Services Limited,ARYAMAN.BO,81.16,0.439,0.268,Yes
131,Fortis Healthcare Limited,FORTIS.NS,45.15,0.273,1.064,Yes
132,Knowledge Marine & Engineering Works Limited,KMEW.NS,97.47,0.505,1.06,Yes
133,The Federal Bank Limited,FEDERALBNK.NS,39.99,0.246,1.219,Yes
134,SBI Silver ETF,SBISILVER.NS,74.66,0.412,0.199,Yes
135,Fortis Healthcare Limited,FORTIS.BO,45.28,0.275,1.075,Yes
136,Silgo Retail Limited,SILGO.NS,65.18,0.375,0.076,No
137,Brookfield India Real Estate Trust,BIRET.BO,21.45,0.144,0.173,Yes
138,Gokul Agro Resources Limited,GOKULAGRO.BO,79.84,0.441,0.642,Yes
139,Gokul Agro Resources Limited,GOKULAGRO.NS,79.47,0.44,0.666,Yes
140,Motilal Oswal BSE Healthcare ETF,MOHEALTH.NS,24.29,0.161,0.755,Yes
141,CarTrade Tech Limited,CARTRADE.BO,102.24,0.534,0.206,Yes
142,Zerodha Silver ETF,SILVERCASE.NS,101.24,0.532,0.085,Yes
143,CarTrade Tech Limited,CARTRADE.NS,102.36,0.537,0.165,Yes
144,HDFC Silver ETF,HDFCSILVER.NS,100.43,0.53,0.074,Yes
145,ICICI Prudential Nifty Auto ETF,AUTOIETF.NS,29.15,0.192,1.011,Yes
146,UTIAMC-GILT10BETA,GILT10BETA.NS,6.72,0.049,0.044,Yes
147,Bharti Airtel Limited,BHARTIARTL.BO,29.76,0.197,0.941,Yes
148,Property Share Investment Trust,PSTITANIA.BO,11.76,0.085,0.354,Yes
149,Mangal Credit and Fincorp Limited,MANCREDIT.BO,42.36,0.274,0.307,Yes
150,Bharti Airtel Limited,BHARTIARTL.NS,29.37,0.199,0.945,Yes
151,Shriram Finance Limited,SHRIRAMFIN.NS,54.3,0.342,1.285,Yes
152,Nippon Life India Asset Management Ltd. - Nippon India Mutual Fund - Nippon India Nifty Pharma ETF,PHARMABEES.NS,22.96,0.161,0.658,Yes
153,VA Tech Wabag Limited,WABAG.BO,82.3,0.478,1.376,Yes
154,VA Tech Wabag Limited,WABAG.NS,82.44,0.479,1.387,Yes
155,Eicher Motors Limited,EICHERMOT.NS,39.11,0.26,1.05,Yes
156,SBC Exports Limited,SBC.BO,74.09,0.442,0.208,Yes
157,Eicher Motors Limited,EICHERMOT.BO,39.05,0.261,1.052,Yes
158,SBC Exports Limited,SBC.NS,74.49,0.446,0.191,Yes
159,Glenmark Pharmaceuticals Limited,GLENMARK.BO,51.96,0.333,0.769,Yes
160,Bhudevi Infra Projects Limited,BHUDEVI.BO,101.53,0.565,0.313,Yes
161,Shriram Finance Limited,SHRIRAMFIN.BO,53.51,0.342,1.284,Yes
162,Glenmark Pharmaceuticals Limited,GLENMARK.NS,51.71,0.333,0.773,Yes
163,Aditya Birla Sun Life Nifty Healthcare ETF,HEALTHY.NS,22.8,0.163,0.713,Yes
164,Manorama Industries Limited,MANORAMA.NS,85.87,0.504,1.08,Yes
165,Bharat Electronics Limited,BEL.NS,55.23,0.356,1.321,Yes
166,Divi's Laboratories Limited,DIVISLAB.BO,41.72,0.281,0.89,Yes
167,Pearl Global Industries Limited,PGIL.NS,98.96,0.565,0.69,Yes
168,Pearl Global Industries Limited,PGIL.BO,100.03,0.57,0.628,Yes
169,Nirlon Limited,NIRLON.BO,25.06,0.181,0.083,Yes
170,Gabriel India Limited,GABRIEL.NS,85.83,0.511,1.356,Yes
171,DSPAMC - DSPSILVETF,SILVERADD.NS,57.78,0.375,0.105,No
172,Axis Silver ETF,SILVERAXIS.NS,58.43,0.381,0.078,No
173,Agribio Spirits Limited,AGRIBIO.BO,104.61,0.6,0.568,Yes
174,Dharni Capital Services Limited,DHARNI.BO,30.93,0.222,0.404,Yes
175,Muthoot Finance Limited,MUTHOOTFIN.BO,41.63,0.288,0.81,Yes
176,Axis NIFTY Healthcare ETF,HEALTHAXIS.NS,22.12,0.164,0.717,Yes
177,UTIAMC-SILVERBETA,SILVERBETA.NS,57.75,0.379,0.134,No
178,Muthoot Finance Limited,MUTHOOTFIN.NS,41.44,0.287,0.81,Yes
179,Aditya Birla Sun Life Silver ETF,SILVER.NS,58.5,0.384,0.118,No
180,Indian Bank,INDIANB.BO,36.67,0.259,0.463,Yes
181,Indian Bank,INDIANB.NS,36.73,0.26,0.471,Yes
182,NITCO Limited,NITCO.NS,100.94,0.589,0.074,Yes
183,Nippon India Silver ETF,SILVERBEES.NS,58.02,0.383,0.117,No
184,Yaan Enterprises Limited,YAANENT.BO,99.26,0.583,0.499,Yes
185,Edelweiss Silver ETF,ESILVER.NS,58.79,0.388,0.179,No
186,Aanjaay Industries Limited,KABRADG.BO,90.01,0.545,0.675,Yes
187,A B Infrabuild Limited,ABINFRA.NS,101.85,0.599,1.131,Yes
188,ELANTAS Beck India Limited,ELANTAS.NS,98.21,0.585,0.817,No
189,Dynamatic Technologies Limited,DYNAMATECH.NS,53.65,0.364,1.041,Yes
190,Standard Shoe Sole and Mould (India) Limited,STDSHOE.BO,22.02,0.167,0.37,Yes
191,Dynamatic Technologies Limited,DYNAMATECH.BO,53.76,0.365,1.06,Yes
192,Fiem Industries Limited,FIEMIND.NS,39.67,0.284,1.26,Yes
193,Aditya Birla Sun Life AMC Limited,ABSLAMC.NS,45.74,0.323,0.576,Yes
194,Aditya Birla Sun Life AMC Limited,ABSLAMC.BO,45.65,0.322,0.571,Yes
195,NITCO Limited,NITCO.BO,103.47,0.618,0.294,No
196,City Union Bank Limited,CUB.NS,42.63,0.306,1.219,Yes
197,Tata Motors Limited,TMCV.BO,61.75,0.416,1.5,Yes
198,Tata Motors Limited,TMCV.NS,62.11,0.418,1.502,Yes
199,Sika Interplant Systems Limited,SIKA.BO,105.69,0.632,1.89,Yes
200,Angel One Gold ETF,AONEGOLD.NS,42.01,0.303,0.1,Yes
201,City Union Bank Limited,CUB.BO,42.65,0.307,1.225,Yes
202,Captain Technocast Limited,CTCL.BO,102.59,0.62,0.16,Yes
203,HealthCare Global Enterprises Limited,HCG.BO,31.69,0.238,0.35,Yes
204,A. K. Capital Services Limited,AKCAPIT.BO,46.62,0.332,0.024,Yes
205,Alfred Herbert (India) Limited,ALFREDHE.BO,75.35,0.492,0.73,Yes
206,Lloyds Metals and Energy Limited,LLOYDSME.NS,64.64,0.436,1.516,Yes
207,Varvee Global Limited,VGL.NS,104.76,0.635,0.879,Yes
208,Lloyds Metals and Energy Limited,LLOYDSME.BO,64.59,0.438,1.526,Yes
209,JD Cables Limited,JDCABLES.BO,83.39,0.535,1.221,Yes
210,Pansari Developers Limited,PANSARI.NS,70.43,0.469,1.458,Yes
211,HDFC Asset Management Company Limited,HDFCAMC.NS,32.67,0.247,1.153,Yes
212,Neo Infracon Limited,NEOINFRA.BO,57.2,0.399,0.235,Yes
213,Varvee Global Limited,VGL.BO,105.91,0.647,0.91,Yes
214,Ajanta Pharma Limited,AJANTPHARM.NS,32.2,0.245,0.647,Yes
215,HealthCare Global Enterprises Limited,HCG.NS,31.46,0.242,0.359,Yes
216,AYM Syntex Limited,AYMSYNTEX.NS,79.6,0.527,1.44,Yes
217,Rossell Techsys Limited,ROSSTECH.NS,102.88,0.64,1.535,Yes
218,Laxmi Goldorna House Limited,LGHL.NS,95.48,0.608,0.049,Yes
219,IIFL Capital Services Limited,IIFLCAPS.NS,85.37,0.559,1.627,Yes
220,IIFL Capital Services Limited,IIFLCAPS.BO,85.21,0.559,1.638,Yes
221,Rossell Techsys Limited,ROSSTECH.BO,102.68,0.644,1.537,Yes
222,Mangalam Worldwide Limited,MWL.NS,58.08,0.413,0.543,Yes
223,HDFC Asset Management Company Limited,HDFCAMC.BO,31.78,0.248,1.157,Yes
224,Nippon India Nifty Auto ETF,AUTOBEES.NS,25.26,0.203,1.182,Yes
225,Indian Metals and Ferro Alloys Limited,IMFA.NS,68.79,0.478,1.09,Yes
226,Indian Metals and Ferro Alloys Limited,IMFA.BO,69.13,0.48,1.087,Yes
227,Regency Fincorp Limited,REGENCY.BO,99.55,0.636,0.65,Yes
228,L&T Finance Limited,LTF.NS,44.53,0.335,1.838,Yes
229,SMS Pharmaceuticals Limited,SMSPHARMA.BO,56.05,0.406,1.348,Yes
230,SMS Pharmaceuticals Limited,SMSPHARMA.NS,56.11,0.407,1.346,Yes
231,Thyrocare Technologies Limited,THYROCARE.NS,66.74,0.468,1.022,Yes
232,Nexus Select Trust,NXST.BO,19.8,0.164,0.538,Yes
233,Relic Technologies Limited,RELICTEC.BO,87.37,0.581,0.656,No
234,Nila Spaces Limited,NILASPACES.NS,83.7,0.562,1.696,Yes
235,Kovai Medical Center and Hospital Limited,KOVAI.BO,39.7,0.306,0.531,Yes
236,Kingfa Science & Technology (India) Limited,KINGFA.NS,45.11,0.341,0.591,Yes
237,Dixon Technologies (India) Limited,DIXON.NS,52.7,0.389,1.256,Yes
238,Shyam Metalics and Energy Limited,SHYAMMETL.BO,44.03,0.335,1.313,Yes
239,Thyrocare Technologies Limited,THYROCARE.BO,66.46,0.47,1.023,Yes
240,Shyam Metalics and Energy Limited,SHYAMMETL.NS,44.19,0.336,1.315,Yes
241,Privi Speciality Chemicals Limited,PRIVISCL.NS,54.33,0.4,1.083,Yes
242,Authum Investment & Infrastructure Limited,AIIL.NS,95.48,0.624,1.791,Yes
243,Privi Speciality Chemicals Limited,PRIVISCL.BO,54.47,0.402,1.089,Yes
244,Samvardhana Motherson International Limited,MOTHERSON.NS,50.3,0.376,1.597,Yes
245,i Power Solutions India Limited,IPOWER.BO,23.26,0.192,0.25,Yes
246,Dixon Technologies (India) Limited,DIXON.BO,52.36,0.391,1.262,Yes
247,Brahmaputra Infrastructure Limited,BRAHMINFRA.BO,71.51,0.504,1.215,Yes
248,India Glycols Limited,INDIAGLYCO.NS,67.45,0.482,2.035,Yes
249,AYM Syntex Limited,AYMSYNTEX.BO,81.39,0.56,1.527,Yes
250,Oricon Enterprises Limited,ORICONENT.BO,37.28,0.294,0.086,Yes
251,Oricon Enterprises Limited,ORICONENT.NS,36.71,0.291,0.076,Yes
252,Force Motors Limited,FORCEMOT.BO,98.26,0.647,0.984,Yes
253,L&T Finance Limited,LTF.BO,43.16,0.335,1.845,Yes
254,Kingfa Science & Technology (India) Limited,KINGFA.BO,45.17,0.348,0.545,Yes
255,Samvardhana Motherson International Limited,MOTHERSON.BO,48.91,0.374,1.612,Yes
256,FSN E-Commerce Ventures Limited,NYKAA.BO,37.02,0.295,1.346,Yes
257,InterGlobe Aviation Limited,INDIGO.NS,36.56,0.293,1.306,Yes
258,Steelcast Limited,STEELCAS.BO,46.6,0.361,0.799,Yes
259,Synergy Green Industries Limited,SGIL.NS,41.46,0.329,1.426,Yes
260,Groww Nifty Metal ETF,GROWWMETAL.NS,34.32,0.279,0.93,Yes
261,Haleos Labs Limited,HALEOSLABS.BO,56.92,0.429,1.136,Yes
262,Haleos Labs Limited,HALEOSLABS.NS,53.18,0.406,1.127,Yes
263,InterGlobe Aviation Limited,INDIGO.BO,36.1,0.292,1.31,Yes
264,ICICI Bank Limited,ICICIBANK.NS,17.99,0.156,0.834,Yes
265,Wanbury Limited,WANBURY.NS,79.94,0.566,1.703,Yes
266,Powergrid Infrastructure Investment Trust,PGINVIT.BO,14.02,0.124,0.183,Yes
267,Tanfac Industries Limited,TANFACIND.BO,68.31,0.5,0.996,Yes
268,Wanbury Limited,WANBURY.BO,79.38,0.564,1.838,Yes
269,Majestic Auto Limited,MAJESAUT.NS,84.84,0.594,3.188,Yes
270,Prudent Corporate Advisory Services Limited,PRUDENT.NS,68.04,0.5,1.259,Yes
271,Nila Spaces Limited,NILASPACES.BO,85.21,0.597,1.765,Yes
272,Chennai Petroleum Corporation Limited,CHENNPETRO.NS,59.79,0.452,1.607,Yes
273,Minda Corporation Limited,MINDACORP.BO,35.49,0.291,0.944,Yes
274,Minda Corporation Limited,MINDACORP.NS,35.38,0.291,0.957,Yes
275,Sudarshan Chemical Industries Limited,SUDARSCHEM.NS,50.67,0.395,1.27,Yes
276,Steelcast Limited,STEELCAS.NS,46.96,0.372,0.804,Yes
277,Synergy Green Industries Limited,SGIL.BO,42.48,0.342,1.436,Yes
278,Prudent Corporate Advisory Services Limited,PRUDENT.BO,67.57,0.502,1.261,Yes
279,Bhartiya International Ltd.,BIL.BO,90.87,0.632,1.274,Yes
280,Suditi Industries Limited,SUDTIND-B.BO,97.76,0.669,0.679,Yes
281,SPML Infra Limited,SPMLINFRA.NS,82.63,0.592,1.918,Yes
282,Navin Fluorine International Limited,NAVINFLUOR.NS,40.28,0.33,0.971,Yes
283,Navin Fluorine International Limited,NAVINFLUOR.BO,40.31,0.33,0.981,Yes
284,TSF Investments Limited,TSFINV.NS,81.53,0.59,1.459,Yes
285,Aviva Industries Limited,AVIVA.BO,30.57,0.261,0.061,Yes
286,Simmonds Marshall Limited,SIMMOND.BO,85.71,0.616,1.111,Yes
287,Windlas Biotech Limited,WINDLAS.NS,55.57,0.437,0.751,Yes
288,Lumax Industries Limited,LUMAXIND.NS,51.47,0.41,0.807,Yes
289,Windlas Biotech Limited,WINDLAS.BO,55.52,0.436,0.745,Yes
290,PTC Industries Limited,PTCIL.BO,82.44,0.599,2.347,Yes
291,Seamec Limited,SEAMECLTD.NS,49.85,0.4,0.658,Yes
292,Lumax Industries Limited,LUMAXIND.BO,51.24,0.409,0.814,Yes
293,Seamec Limited,SEAMECLTD.BO,49.92,0.4,0.656,Yes
294,Shivamshree Businesses Limited,SBL.BO,100.69,0.697,2.572,No
295,Mathew Easow Research Securities Limited,MATHEWE.BO,34.39,0.291,0.131,Yes
296,Oracle Financial Services Software Limited,OFSS.NS,70.93,0.534,1.508,Yes
297,Apollo Hospitals Enterprise Limited,APOLLOHOSP.NS,23.51,0.207,0.687,Yes
298,Simplex Infrastructures Limited,SIMPLEXINF.NS,96.84,0.679,2.135,Yes
299,Ascensive Educare Limited,ASCENSIVE.BO,76.98,0.57,0.667,Yes
300,Ashok Leyland Limited,ASHOKLEY.NS,36.07,0.304,1.044,Yes
301,PTC Industries Limited,PTCIL.NS,82.2,0.601,2.343,Yes
302,7Seas Entertainment Limited,7SEASL.BO,69.76,0.529,0.898,Yes
303,Jubilant Agri and Consumer Products Limited,JUBLCPL.BO,70.04,0.532,0.779,Yes
304,CLN Energy Limited,CLN.BO,96.34,0.68,2.114,Yes
305,Apollo Hospitals Enterprise Limited,APOLLOHOSP.BO,23.33,0.207,0.684,Yes
306,Bhartiya International Ltd.,BIL.NS,93.09,0.663,1.29,Yes
307,Grasim Industries Limited,GRASIM.NS,24.01,0.213,0.98,Yes
308,Jumbo Bag Limited,JUMBO.BO,73.89,0.558,1.347,Yes
309,Oracle Financial Services Software Limited,OFSS.BO,69.58,0.532,1.52,Yes
310,JSW Steel Limited,JSWSTEEL.BO,22.63,0.203,0.931,Yes
311,Caplin Point Laboratories Limited,CAPLIPOINT.NS,44.91,0.372,1.056,Yes
312,LT Foods Limited,LTFOODS.NS,52.5,0.424,1.506,Yes
313,Caplin Point Laboratories Limited,CAPLIPOINT.BO,44.78,0.372,1.06,Yes
314,LT Foods Limited,LTFOODS.BO,52.67,0.426,1.522,Yes
315,Vaxfab Enterprises Limited,VEL.BO,96.08,0.686,0.413,Yes
316,Lupin Limited,LUPIN.NS,28.28,0.25,0.478,Yes
317,JSW Steel Limited,JSWSTEEL.NS,22.43,0.203,0.934,Yes
318,Jubilant Agri and Consumer Products Limited,JUBLCPL.NS,73.09,0.559,0.816,Yes
319,Hindalco Industries Limited,HINDALCO.NS,34.5,0.3,0.784,Yes
320,Pune E - Stock Broking Limited,PESB.BO,45.0,0.377,1.332,Yes
321,Time Technoplast Limited,TIMETECHNO.BO,47.35,0.396,1.254,Yes
322,PG Electroplast Limited,PGEL.NS,75.64,0.58,1.803,Yes
323,Time Technoplast Limited,TIMETECHNO.NS,47.47,0.397,1.258,Yes
324,Tata Mutual Fund - Tata Silver ETF Fund of Fund,TATSILV.NS,77.95,0.594,0.235,Yes
325,Deep Industries Limited,DEEPINDS.BO,51.34,0.425,0.117,Yes
326,Nikki Global Finance Limited,NIKKIGL.BO,83.31,0.628,1.376,No
327,PG Electroplast Limited,PGEL.BO,75.24,0.581,1.798,Yes
328,Deep Industries Limited,DEEPINDS.NS,51.27,0.426,0.124,Yes
329,Sangam Finserv Limited,SANGAMFIN.BO,68.99,0.543,1.089,No
330,Manappuram Finance Limited,MANAPPURAM.BO,43.61,0.373,1.468,Yes
331,ICICI PRUD MIDCAP SEL ETF,MIDSELIETF.NS,20.91,0.194,1.208,Yes
332,Atishay Limited,ATISHAY.BO,99.99,0.726,0.011,No
333,Manappuram Finance Limited,MANAPPURAM.NS,43.51,0.373,1.469,Yes
334,State Bank of India,SBIN.NS,27.77,0.252,1.092,Yes
335,KD Green Industries Limited,KDGREEN.BO,96.28,0.707,0.962,No
336,Goldiam International Limited,GOLDIAM.NS,86.17,0.654,1.659,Yes
337,Goldiam International Limited,GOLDIAM.BO,86.31,0.655,1.661,Yes
338,Mirae Asset Nifty Metal ETF,METAL.NS,24.6,0.228,0.62,Yes
339,Swaraj Suiting Limited,SWARAJ.NS,92.25,0.691,1.739,Yes
340,Fermenta Biotech Limited,FERMENTA.BO,74.26,0.587,1.069,Yes
341,Goel Construction Company Limited,GOELCONS.BO,45.72,0.395,1.084,Yes
342,Godfrey Phillips India Limited,GODFRYPHLP.NS,63.99,0.522,0.929,Yes
343,Supriya Lifescience Limited,SUPRIYA.BO,58.64,0.487,1.247,Yes
344,TVS Holdings Limited,TVSHLTD.BO,47.2,0.407,1.452,Yes
345,TVS Holdings Limited,TVSHLTD.NS,46.92,0.405,1.43,Yes
346,Zota Health Care Limited,ZOTA.NS,55.47,0.467,1.116,Yes
347,Supriya Lifescience Limited,SUPRIYA.NS,58.7,0.489,1.282,Yes
348,United Polyfab Gujarat Limited,UNITEDPOLY.NS,93.54,0.706,0.661,Yes
349,Yatharth Hospital & Trauma Care Services Limited,YATHARTH.BO,53.89,0.458,1.122,Yes
350,Aditya Birla Capital Limited,ABCAPITAL.NS,40.43,0.359,1.526,Yes
351,Yatharth Hospital & Trauma Care Services Limited,YATHARTH.NS,53.82,0.459,1.133,Yes
352,AXISCADES Technologies Limited,AXISCADES.BO,75.36,0.603,1.031,Yes
353,ICICIPRAMC - ICICIM150,MIDCAPIETF.NS,18.42,0.178,1.124,Yes
354,AXISCADES Technologies Limited,AXISCADES.NS,75.96,0.607,1.016,Yes
355,Haryana Financial Corporation,HARAFIN.BO,48.79,0.425,0.238,Yes
356,Uno Minda Limited,UNOMINDA.NS,36.52,0.333,1.255,Yes
357,Uno Minda Limited,UNOMINDA.BO,36.63,0.334,1.262,Yes
358,JPT Securities Limited,JPTSEC.BO,44.18,0.393,0.07,Yes
359,Dhenu Buildcon Infra Limited,DHENUBUILD.BO,78.92,0.63,0.652,No
360,Aditya Birla Capital Limited,ABCAPITAL.BO,39.82,0.36,1.528,Yes
361,Vadilal Enterprises Limited,VADILENT.BO,58.65,0.499,0.615,Yes
362,RACL Geartech Limited,RACLGEAR.NS,53.44,0.462,0.892,Yes
363,ADC India Communications Limited,ADCINDIA.BO,87.42,0.684,1.915,Yes
364,Transformers and Rectifiers (India) Limited,TARIL.BO,96.27,0.737,0.912,Yes
365,Transformers and Rectifiers (India) Limited,TARIL.NS,96.61,0.739,0.901,Yes
366,Gujarat Themis Biosyn Limited,GUJTHEM.NS,89.69,0.7,3.076,Yes
367,Shakti Pumps (India) Limited,SHAKTIPUMP.BO,79.91,0.641,1.289,Yes
368,Shakti Pumps (India) Limited,SHAKTIPUMP.NS,79.96,0.641,1.287,Yes
369,Dr. Agarwal's Eye Hospital Limited,DRAGARWQ.BO,41.2,0.373,0.701,Yes
370,Betex India Limited,BETXIND.BO,92.38,0.719,0.363,Yes
371,Viyash Scientific Limited,VIYASH.BO,61.19,0.521,1.389,Yes
372,Anant Raj Limited,ANANTRAJ.NS,60.78,0.52,1.508,Yes
373,Viyash Scientific Limited,VIYASH.NS,61.41,0.525,1.386,Yes
374,Gravity (India) Limited,GRAVITY.BO,73.18,0.606,0.84,Yes
375,Clenon Enterprises Limited,CLENON.BO,68.13,0.574,0.303,No
376,Team India Guaranty Limited,TEAMGTY.BO,74.49,0.617,1.19,Yes
377,Team India Guaranty Limited,TEAMGTY.NS,74.58,0.619,1.191,Yes
378,Union Bank of India,UNIONBANK.NS,30.78,0.294,0.696,Yes
379,Bampsl Securities Limited,BAMPSL.BO,29.46,0.283,0.155,Yes
380,HDFC NIFTY Midcap 150 ETF,HDFCMID150.NS,17.29,0.174,1.089,Yes
381,Amanta Healthcare Limited,AMANTA.NS,57.77,0.505,1.154,Yes
382,Hero MotoCorp Limited,HEROMOTOCO.NS,31.77,0.303,1.062,Yes
383,Emkay Global Financial Services Limited,EMKAY.NS,71.35,0.6,1.351,Yes
384,Skipper Limited,SKIPPER.BO,49.58,0.446,1.236,Yes
385,Ekansh Concepts Limited,EKANSH.BO,88.42,0.71,1.251,Yes
386,Skipper Limited,SKIPPER.NS,49.44,0.446,1.226,Yes
387,Network People Services Technologies Limited,NPST.NS,103.2,0.798,1.951,Yes
388,Welspun Enterprises Limited,WELENT.BO,49.72,0.449,1.757,Yes
389,Welspun Enterprises Limited,WELENT.NS,49.54,0.449,1.731,Yes
390,BlackBuck Limited,BLACKBUCK.NS,84.95,0.692,0.518,No
391,Sodhani Academy of Fintech Enablers Limited,SAFE.BO,91.17,0.731,0.828,Yes
392,Axis Nifty500 Value 50 ETF,VALUEAXIS.BO,16.64,0.17,0.861,Yes
393,ACE Edutrend Limited,ACEEDU.BO,27.07,0.266,0.174,Yes
394,Wonder Electricals Limited,WEL.NS,95.57,0.76,2.004,Yes
395,Tilaknagar Industries Ltd.,TI.BO,63.03,0.55,1.109,Yes
396,Tilaknagar Industries Ltd.,TI.NS,63.0,0.549,1.105,Yes
397,Kotak Nifty MNC ETF,MNC.NS,17.43,0.178,1.062,Yes
398,S&S Power Switchgear Limited,S&SPOWER.NS,95.64,0.762,1.975,Yes
399,Motilal Oswal Nifty India Manufacturing ETF,MOMGF.NS,15.38,0.159,0.924,Yes
400,Union Bank of India,UNIONBANK.BO,29.74,0.292,0.701,Yes
401,Voltamp Transformers Limited,VOLTAMP.NS,51.59,0.469,1.824,Yes
402,Voltamp Transformers Limited,VOLTAMP.BO,51.64,0.47,1.831,Yes
403,United Polyfab Gujarat Limited,UNITEDPOLY.BO,59.66,0.53,7.25,No
404,S&S Power Switchgear Limited,S&SPOWER.BO,91.32,0.742,2.01,Yes
405,Marksans Pharma Limited,MARKSANS.NS,67.26,0.585,1.772,Yes
406,Groww Nifty Capital Markets ETF,GROWWCAPM.NS,32.0,0.313,1.215,Yes
407,Qualitek Labs Limited,QLL.BO,64.09,0.565,1.59,Yes
408,Gowra Leasing & Finance Limited,GOWRALE.BO,82.88,0.692,0.139,Yes
409,The Indian Hotels Company Limited,INDHOTEL.NS,26.85,0.269,1.107,Yes
410,KEI Industries Limited,KEI.NS,39.64,0.379,1.432,Yes
411,DSP BSE Sensex Next 30 ETF,NEXT30ADD.NS,14.22,0.15,0.894,Yes
412,Piramal Pharma Limited,PPLPHARMA.BO,36.91,0.357,1.299,Yes
413,Wealth First Portfolio Managers Limited,WEALTH.NS,61.1,0.546,0.716,Yes
414,Allied Blenders and Distillers Limited,ABDL.NS,59.35,0.533,1.92,Yes
415,Allied Blenders and Distillers Limited,ABDL.BO,59.14,0.532,1.899,Yes
416,Piramal Pharma Limited,PPLPHARMA.NS,36.89,0.357,1.291,Yes
417,Amanta Healthcare Limited,AMANTA.BO,56.45,0.512,1.198,Yes
418,Rama Petrochemicals Limited,RAMAPETRO.BO,56.47,0.512,0.119,Yes
419,Groww BSE Power ETF,GROWWPOWER.NS,35.74,0.347,0.934,Yes
420,ICICI Prudential Mutual Fund,METALIETF.BO,21.89,0.225,0.885,Yes
421,JSW Infrastructure Limited,JSWINFRA.BO,35.03,0.343,1.148,Yes
422,JSW Infrastructure Limited,JSWINFRA.NS,35.08,0.343,1.141,Yes
423,Premier Explosives Limited,PREMEXPLN.NS,90.25,0.745,2.507,Yes
424,Kandagiri Spinning Mills Limited,KANDAGIRI.BO,57.85,0.525,0.029,Yes
425,RPG Life Sciences Limited,RPGLIFE.NS,36.41,0.355,0.973,Yes
426,CG Power and Industrial Solutions Limited,CGPOWER.NS,36.13,0.353,1.098,Yes
427,Decillion Finance Limited,DFL.BO,68.31,0.601,0.334,Yes
428,Premier Explosives Limited,PREMEXPLN.BO,90.76,0.751,2.528,Yes
429,ICICI Prudential Nifty Metal ETF,METALIETF.NS,21.87,0.226,0.882,Yes
430,RPG Life Sciences Limited,RPGLIFE.BO,36.25,0.355,1.0,Yes
431,VISA Chrome Limited,VISACHROME.BO,89.4,0.747,2.135,Yes
432,Kalyan Jewellers India Limited,KALYANKJIL.BO,62.26,0.563,1.796,Yes
433,GTV Engineering Limited,GTV.BO,61.8,0.564,1.174,Yes
434,Sarda Energy & Minerals Limited,SARDAEN.BO,43.48,0.422,0.828,Yes
435,Baroda Extrusion Limited,BAROEXT.BO,76.7,0.671,0.806,Yes
436,CG Power and Industrial Solutions Limited,CGPOWER.BO,35.09,0.352,1.104,Yes
437,Nava Limited,NAVA.BO,55.01,0.515,2.11,Yes
438,Tarapur Transformers Limited,TARAPUR.BO,81.63,0.707,0.436,Yes
439,Nava Limited,NAVA.NS,55.01,0.516,2.116,Yes
440,Sarda Energy & Minerals Limited,SARDAEN.NS,43.58,0.425,0.831,Yes
441,VISA Chrome Limited,VISACHROME.NS,83.45,0.72,2.32,Yes
442,SRM Contractors Limited,SRM.BO,60.88,0.561,1.715,Yes
443,CWD Limited,CWD.BO,51.78,0.491,0.609,Yes
444,Aarnav Fashions Limited,AARNAV.NS,52.55,0.499,1.705,Yes
445,Kalyan Jewellers India Limited,KALYANKJIL.NS,61.15,0.565,1.816,Yes
446,P.M. Telelinnks Limited,PMTELELIN.BO,51.66,0.492,0.244,No
447,Rishi Laser Limited,RISHILASE.BO,49.05,0.471,2.088,Yes
448,Rama Vision Limited,RAMAVISION.BO,67.54,0.613,1.761,Yes
449,Konark Synthetic Limited,KONARKSY.BO,100.28,0.831,0.63,Yes
450,SRM Contractors Limited,SRM.NS,61.03,0.565,1.674,Yes
451,Astal Laboratories Limited,ASTALLTD.BO,50.82,0.486,1.178,Yes
452,Canara Bank,CANBK.NS,28.96,0.299,1.441,Yes
453,Steel Authority of India Limited,SAIL.NS,38.74,0.387,1.304,Yes
454,Jindal Steel Limited,JINDALSTEL.NS,24.0,0.253,0.623,Yes
455,Tarapur Transformers Limited,TARAPUR.NS,80.44,0.705,0.553,Yes
456,Shivam Chemicals Limited,SHIVAM.BO,55.53,0.524,0.475,No
457,DSP Nifty Smallcap 250 ETF,SMALLADD.NS,19.19,0.206,0.982,Yes
458,Silveroak Commercials Limited,SILVERO.BO,77.56,0.687,1.082,Yes
459,Sugal Earthen Spaces Ventures Limited,SUGALDAM.BO,96.45,0.812,1.652,Yes
460,Jayaswal Neco Industries Limited,JAYNECOIND.BO,64.61,0.595,1.649,Yes
461,Jayaswal Neco Industries Limited,JAYNECOIND.NS,65.01,0.598,1.673,Yes
462,Garden Reach Shipbuilders & Engineers Limited,GRSE.NS,81.67,0.716,2.901,Yes
463,Garden Reach Shipbuilders & Engineers Limited,GRSE.BO,81.75,0.718,2.911,Yes
464,Canara Bank,CANBK.BO,28.73,0.3,1.442,Yes
465,HBL Engineering Limited,HBLENGINE.NS,53.28,0.511,1.727,Yes
466,Shree Krishna Paper Mills & Industries Limited,SKPMIL.BO,94.13,0.801,1.586,Yes
467,HBL Engineering Limited,HBLENGINE.BO,53.27,0.511,1.728,Yes
468,Shashwat Furnishing Solutions Limited,SFSL.BO,53.73,0.514,0.146,Yes
469,Arigato Universe Limited,ARIGATO.BO,88.07,0.763,0.051,Yes
470,OCCL Limited,OCCLLTD.NS,59.58,0.561,1.746,Yes
471,Amber Enterprises India Limited,AMBER.NS,56.04,0.536,0.841,Yes
472,Ceinsys Tech Limited,CEINSYS.BO,93.48,0.803,0.877,No
473,ABB India Limited,ABB.NS,31.2,0.325,0.917,Yes
474,Amber Enterprises India Limited,AMBER.BO,56.1,0.538,0.839,Yes
475,Triton Valves Limited,TRITONV.BO,64.96,0.606,0.395,Yes
476,BCC Fuba India Limited,BCCFUBA.BO,96.22,0.823,1.816,Yes
477,IFCI Limited,IFCI.NS,105.62,0.882,1.625,Yes
478,Maharashtra Scooters Ltd.,MAHSCOOTER.NS,29.19,0.307,1.046,Yes
479,Kiran Print-Pack Limited,KIRANPR.BO,93.45,0.806,0.133,Yes
480,Innova Captab Limited,INNOVACAP.NS,39.97,0.406,0.823,Yes
481,Central Depository Services (India) Limited,CDSL.NS,39.78,0.404,1.499,Yes
482,Starsource Multitrade Limited,STARSOURCE.BO,75.96,0.69,0.125,Yes
483,Glance Finance Limited,GLANCE.BO,59.54,0.568,0.001,No
484,Precision Electronics Limited,PRECISIO.BO,101.74,0.863,1.551,Yes
485,ICICIPRAMC - PSUBANKICI,PSUBNKIETF.NS,21.9,0.238,1.148,Yes
486,DCM Shriram International Limited,DCMSIL.BO,33.45,0.349,0.166,No
487,Marico Limited,MARICO.NS,17.39,0.193,0.714,Yes
488,Krishna Institute of Medical Sciences Limited,KIMS.NS,31.25,0.329,1.038,Yes
489,Innova Captab Limited,INNOVACAP.BO,39.54,0.404,0.83,Yes
490,Savita Oil Technologies Limited,SOTL.NS,41.58,0.422,1.259,Yes
491,Savita Oil Technologies Limited,SOTL.BO,41.47,0.422,1.261,Yes
492,D. P. Abhushan Limited,DPABHUSHAN.NS,47.19,0.472,1.219,Yes
493,Krishna Institute of Medical Sciences Limited,KIMS.BO,31.2,0.33,1.039,Yes
494,NDR Auto Components Limited,NDRAUTO.BO,59.81,0.576,2.137,Yes
495,Force Motors Limited,FORCEMOT.NS,52.79,0.521,1.123,Yes
496,GoldCoin Health Foods Limited,GOLDCOINHF.BO,52.99,0.523,0.249,Yes
497,Crimson Metal Engineering Company Limited,CRIMSON.BO,80.61,0.732,0.549,No
498,Bajaj Holdings & Investment Limited,BAJAJHLDNG.NS,23.4,0.256,1.084,Yes
499,Shanti Educational Initiatives Limited,SEIL.BO,95.05,0.832,1.716,Yes
500,DSPAMC - DSPPSBKETF,PSUBANKADD.NS,21.92,0.242,1.134,Yes
501,TCC Concept Limited,TCC.BO,96.66,0.843,1.942,Yes
502,JSW Holdings Limited,JSWHL.BO,50.87,0.508,1.696,Yes
503,Jindal Steel Limited,JINDALSTEL.BO,22.72,0.251,0.639,Yes
504,Khaitan (India) Limited,KHAITANLTD.NS,54.12,0.535,0.884,Yes
505,Goodluck India Limited,GOODLUCK.BO,48.18,0.485,1.448,Yes
506,NDR Auto Components Limited,NDRAUTO.NS,59.16,0.576,2.139,Yes
507,Goodluck India Limited,GOODLUCK.NS,48.08,0.486,1.45,Yes
508,ICICI Prudential Asset Management Company Limited,ICICIAMC.BO,31.33,0.336,0.787,Yes
509,Oil Country Tubular Limited,OILCOUNTUB.NS,92.11,0.817,2.495,Yes
510,ICICI PR NIF LW VL 30 ETF,LOWVOLIETF.NS,12.23,0.141,0.947,Yes
511,Mangalam Global Enterprise Limited,MGEL.NS,41.64,0.432,0.132,Yes
512,FGP Limited,FGP.BO,45.55,0.466,0.899,Yes
513,ICICI Prudential Asset Management Company Limited,ICICIAMC.NS,31.39,0.338,0.806,Yes
514,Nippon India ETF Nifty PSU Bank BeES,PSUBNKBEES.NS,21.6,0.241,1.163,Yes
515,Nexome Capital Markets Limited,NEXOME.BO,69.98,0.664,1.386,Yes
516,Balu Forge Industries Limited,BALUFORGE.BO,83.26,0.761,2.312,Yes
517,Paushak Limited,PAUSHAKLTD.NS,83.19,0.76,3.561,Yes
518,Garuda Construction and Engineering Limited,GARUDA.BO,72.28,0.682,1.266,Yes
519,Max Healthcare Institute Limited,MAXHEALTH.NS,29.12,0.317,1.203,Yes
520,Nippon India ETF PSU Bank BeES,PSUBNKBEES.BO,21.53,0.241,1.159,Yes
521,Bharat Forge Limited,BHARATFORG.NS,33.51,0.359,1.326,Yes
522,Jaysynth Orgochem Limited,JAYSYNTH.BO,67.46,0.646,1.751,Yes
523,Garuda Construction and Engineering Limited,GARUDA.NS,72.23,0.683,1.269,Yes
524,JSW Holdings Limited,JSWHL.NS,51.72,0.521,1.72,Yes
525,RDB Infrastructure and Power Limited,RDBIPL.BO,92.95,0.83,0.712,Yes
526,Jubilant Pharmova Limited,JUBLPHARMA.BO,37.29,0.395,1.405,Yes
527,Abhishek Finlease Limited,ABHIFIN.BO,64.83,0.628,0.083,No
528,Jubilant Pharmova Limited,JUBLPHARMA.NS,37.2,0.394,1.398,Yes
529,June Industries Limited,JUNE.BO,98.19,0.867,1.5,Yes
530,Modi's Navnirman Limited,MODIS.BO,43.52,0.453,0.929,Yes
531,Narayana Hrudayalaya Limited,NH.NS,26.44,0.293,1.031,Yes
532,Sejal Glass Limited,SEJALLTD.BO,96.38,0.858,1.881,Yes
533,Asian Hotels (North) Limited,ASIANHOTNR.NS,57.87,0.575,0.052,Yes
534,Harmony Capital Services Limited,HRMNYCP.BO,57.37,0.571,1.396,No
535,Nippon India Mutual Fund - Nippon India ETF Nifty India Consumption,CONSUMBEES.NS,14.3,0.166,1.096,Yes
536,Sharika Enterprises Limited,SHARIKA.BO,87.1,0.795,2.624,Yes
537,Euro India Fresh Foods Limited,EIFFL.NS,37.44,0.399,1.137,Yes
538,Supreme Engineering Limited,SUPREMEENG.NS,100.43,0.887,1.113,Yes
539,Atlantaa Limited,ATLANTAA.BO,69.57,0.669,2.063,Yes
540,Ace Men Engg Works Limited,ACEMEN.BO,36.54,0.391,0.125,Yes
541,Banco Products (India) Limited,BANCOINDIA.NS,68.5,0.662,1.941,Yes
542,J.K. Cement Limited,JKCEMENT.BO,21.73,0.246,0.883,Yes
543,Him Teknoforge Limited,HIMTEK.BO,52.02,0.53,2.052,Yes
544,S.P. Apparels Limited,SPAL.BO,38.25,0.408,1.251,Yes
545,SBI Nifty Consumption ETF,SBIETFCON.NS,14.3,0.167,1.109,Yes
546,Mirae Asset Nifty 100 Low Volatility 30 ETF,LOWVOL.NS,12.67,0.149,1.007,Yes
547,Capricorn Systems Global Solutions Limited,CAPRICORN.BO,92.24,0.837,0.915,No
548,Coforge Limited,COFORGE.BO,37.52,0.402,1.009,Yes
549,Centum Electronics Limited,CENTUM.BO,54.21,0.55,0.266,Yes
550,J.K. Cement Limited,JKCEMENT.NS,21.73,0.247,0.894,Yes
551,Pioneer Investcorp Limited,PIONRINV.BO,56.92,0.573,0.469,Yes
552,Coforge Limited,COFORGE.NS,37.38,0.402,1.008,Yes
553,Centum Electronics Limited,CENTUM.NS,54.02,0.549,0.271,Yes
554,Atlantaa Limited,ATLANTAA.NS,68.55,0.667,2.043,Yes
555,Styrenix Performance Materials Limited,STYRENIX.BO,37.91,0.408,1.062,Yes
556,Mazagon Dock Shipbuilders Limited,MAZDOCK.NS,49.62,0.513,1.965,Yes
557,Gujarat Intrux Limited,GUJINTRX.BO,35.42,0.384,1.13,Yes
558,Mazagon Dock Shipbuilders Limited,MAZDOCK.BO,49.71,0.514,1.967,Yes
559,GMR Power And Urban Infra Limited,GMRP&UI.BO,62.56,0.621,2.775,Yes
560,Prime Securities Limited,PRIMESECU.NS,30.44,0.337,0.753,Yes
561,Styrenix Performance Materials Limited,STYRENIX.NS,37.28,0.402,1.022,Yes
562,Bharat Parenterals Limited,BPLPHARMA.BO,82.51,0.773,2.226,Yes
563,GMR Power And Urban Infra Limited,GMRP&UI.NS,62.01,0.618,2.767,Yes
564,Nalwa Sons Investments Limited,NSIL.BO,43.23,0.458,1.844,Yes
565,Hubtown Limited,HUBTOWN.NS,79.95,0.757,2.334,Yes
566,Blue Chip India Limited,BLUECHIP.BO,70.22,0.684,0.853,Yes
567,Garnet Construction Limited,GARNET.BO,86.57,0.806,1.446,Yes
568,Landmarc Leisure Corporation Limited,LANDMARC.BO,85.21,0.796,0.176,No
569,Groww Nifty India Defence ETF,GROWWDEFNC.NS,34.67,0.38,1.967,Yes
570,Shree Pushkar Chemicals & Fertilisers Limited,SHREEPUSHK.NS,49.01,0.511,1.042,Yes
571,Ramco Industries Limited,RAMCOIND.NS,29.34,0.328,0.743,Yes
572,Fluidomat Limited,FLUIDOM.BO,56.33,0.574,1.64,Yes
573,Ingersoll-Rand (India) Limited,INGERRAND.NS,26.32,0.297,1.083,Yes
574,Ramco Industries Limited,RAMCOIND.BO,29.43,0.329,0.751,Yes
575,Nalwa Sons Investments Limited,NSIL.NS,43.35,0.461,1.85,Yes
576,Arfin India Limited,ARFIN.BO,43.92,0.466,0.32,Yes
577,Hubtown Limited,HUBTOWN.BO,79.75,0.758,2.32,Yes
578,Balu Forge Industries Limited,BALUFORGE.NS,85.42,0.8,2.802,Yes
579,Shree Pushkar Chemicals & Fertilisers Limited,SHREEPUSHK.BO,48.95,0.512,1.014,Yes
580,Sejal Glass Limited,SEJALLTD.NS,94.53,0.864,1.959,Yes
581,My Money Securities Limited,MYMONEY.BO,100.77,0.907,0.09,No
582,S.P. Apparels Limited,SPAL.NS,38.43,0.417,1.313,Yes
583,Axis NIFTY India Consumption ETF,CONSUMAXIS.NS,14.01,0.167,1.098,Yes
584,Paradeep Phosphates Limited,PARADEEP.NS,48.11,0.507,1.131,Yes
585,Max Healthcare Institute Limited,MAXHEALTH.BO,28.23,0.319,1.207,Yes
586,Paradeep Phosphates Limited,PARADEEP.BO,48.2,0.508,1.13,Yes
587,Bandhan AMC Limited - Bandhan Mutual Fund - Bandhan Gold ETF,GOLDBND.BO,30.35,0.341,0.088,Yes
588,Dredging Corporation of India Limited,DREDGECORP.BO,55.35,0.57,1.863,Yes
589,Continental Controls Limited,CONTICON.BO,82.12,0.782,0.366,Yes
590,Dredging Corporation of India Limited,DREDGECORP.NS,54.99,0.568,1.845,Yes
591,Le Merite Exports Limited,LEMERITE.NS,66.82,0.666,0.933,Yes
592,Mega Nirman & Industries Limited,MNIL.BO,59.73,0.609,1.471,Yes
593,Gautam Exim Limited,GEL.BO,79.58,0.765,0.764,No
594,Borana Weaves Limited,BORANA.NS,40.68,0.442,1.348,Yes
595,Khaitan (India) Limited,KHAITANLTD.BO,51.8,0.542,0.649,Yes
596,Motilal Oswal Nifty Alpha 50 ETF,MOALPHA50.NS,18.51,0.219,1.145,Yes
597,Deepak Fertilisers And Petrochemicals Corporation Limited,DEEPAKFERT.NS,46.7,0.498,1.886,Yes
598,Dhoot Industrial Finance Limited,DHOOTIN.BO,76.86,0.747,2.011,Yes
599,S P Capital Financing Limited,SPCAPIT.BO,49.78,0.526,1.37,Yes
600,Persistent Systems Limited,PERSISTENT.NS,35.7,0.396,0.976,Yes
601,Pecos Hotels and Pubs Limited,PECOS.BO,74.44,0.73,1.853,Yes
602,The Shipping Corporation of India Limited,SCI.BO,41.58,0.452,2.013,Yes
603,The Shipping Corporation of India Limited,SCI.NS,41.57,0.452,2.015,Yes
604,HEC Infra Projects Limited,HECPROJECT.NS,62.79,0.639,2.282,Yes
605,Max Financial Services Limited,MFSL.NS,25.93,0.3,0.999,Yes
606,Bharat Dynamics Limited,BDL.NS,61.27,0.629,2.35,Yes
607,Siemens Limited,SIEMENS.NS,32.73,0.37,1.569,Yes
608,Bharat Dynamics Limited,BDL.BO,61.31,0.629,2.356,Yes
609,Motilal Oswal BSE Top 10 Banks ETF,MOBANK10.NS,12.54,0.153,1.257,Yes
610,Alchemist Corporation Limited,ALCHCORP.BO,61.14,0.63,1.05,No
611,Raaj Medisafe India Limited,RAAJMEDI.BO,62.73,0.643,0.696,Yes
612,Indo Count Industries Limited,ICIL.NS,43.41,0.474,0.926,Yes
613,Concord Drugs Limited,CONCORD.BO,59.22,0.614,1.706,Yes
614,HDFC NIFTY100 Low Volatility 30 ETF,HDFCLOWVOL.NS,13.67,0.167,0.968,Yes
615,Max Financial Services Limited,MFSL.BO,25.79,0.301,0.998,Yes
616,Beta Drugs Limited,BETA.NS,47.17,0.51,0.732,Yes
617,HEG Advanced Materials Limited,HEGAM.NS,45.17,0.492,1.387,Yes
618,HEG Advanced Materials Limited,HEG.NS,45.17,0.492,1.387,Yes
619,Pajson Agro India Limited,PAJSON.BO,84.1,0.815,3.121,Yes
620,IRB InvIT Fund,IRBINVIT.BO,10.54,0.131,0.088,Yes
621,,HEGAM.BO,45.29,0.494,1.393,Yes
622,HEG Advanced Materials Limited,HEG.BO,45.29,0.494,1.393,Yes
623,Mini Diamonds India Limited,MINID.BO,82.14,0.804,1.654,Yes
624,Krishanveer Forge Limited,KVFORGE.BO,53.98,0.575,0.875,Yes
625,Borana Weaves Limited,BORANA.BO,42.18,0.468,1.259,Yes
626,N2N Technologies Limited,NNTL.BO,76.23,0.761,1.828,Yes
627,KVS Castings Limited,KVSCASTING.BO,44.04,0.486,1.067,Yes
628,Bhaskar Agrochemicals Limited,BHASKAGR.BO,88.18,0.851,0.596,Yes
629,Virtuoso Optoelectronics Limited,VOEPL.BO,59.45,0.625,2.021,Yes
630,Guru Krupa Gems and Jewellery Limited,GKL.BO,57.15,0.605,0.39,Yes
631,GRP Limited,GRPLTD.BO,40.29,0.451,1.112,Yes
632,63 moons technologies limited,63MOONS.NS,92.87,0.888,2.266,Yes
633,Kati Patang Lifestyle Limited,KATIPATANG.BO,98.64,0.929,1.094,No
634,Jet Freight Logistics Limited,JETFREIGHT.NS,48.76,0.531,0.712,Yes
635,63 moons technologies limited,63MOONS.BO,92.92,0.889,2.291,Yes
636,Nippon India ETF Hang Seng BeES,HNGSNGBEES.BO,27.38,0.322,0.153,Yes
637,Dharani Finance Limited,DHARFIN.BO,54.49,0.584,0.861,Yes
638,eClerx Services Limited,ECLERX.NS,47.77,0.523,0.951,Yes
639,IRIS RegTech Solutions Limited,IRIS.BO,62.99,0.658,0.607,Yes
640,Nippon India ETF Hang Seng BeES,HNGSNGBEES.NS,27.49,0.324,0.165,Yes
641,IRIS RegTech Solutions Limited,IRIS.NS,61.28,0.644,0.569,Yes
642,Ecoplast Limited,ECOPLAST.BO,50.32,0.548,1.679,Yes
643,KFin Technologies Limited,KFINTECH.NS,45.53,0.504,1.178,Yes
644,Zen Technologies Limited,ZENTEC.BO,62.39,0.655,2.017,Yes
645,Thacker and Company Limited,THACKER.BO,66.54,0.691,2.273,Yes
646,Mirae Asset Nifty 200 Alpha 30 ETF,ALPHAETF.NS,16.36,0.202,1.18,Yes
647,Zen Technologies Limited,ZENTEC.NS,62.66,0.659,2.028,Yes
648,Jet Freight Logistics Limited,JETFREIGHT.BO,49.27,0.54,0.645,Yes
649,RAP Corp Limited,RAP.BO,64.93,0.678,0.569,Yes
650,KFin Technologies Limited,KFINTECH.BO,45.57,0.506,1.178,Yes
651,Foseco India Limited,FOSECOIND.NS,34.41,0.397,0.83,Yes
652,Titan Securities Limited,TITANSEC.BO,34.08,0.394,0.747,No
653,eClerx Services Limited,ECLERX.BO,47.69,0.527,0.941,Yes
654,Endurance Technologies Limited,ENDURANCE.BO,30.02,0.353,1.168,Yes
655,Endurance Technologies Limited,ENDURANCE.NS,30.06,0.353,1.162,Yes
656,HDFC Nifty Smallcap 250 ETF,HDFCSML250.NS,17.85,0.22,1.188,Yes
657,Bhagiradha Chemicals & Industries Limited,BHAGCHEM.BO,52.32,0.571,1.75,Yes
658,The Great Eastern Shipping Company Limited,GESHIP.NS,24.82,0.298,0.893,Yes
659,Ironwood Education Limited,IRONWOOD.BO,43.35,0.488,1.394,Yes
660,Palco Metals Limited,PALCO.BO,71.81,0.74,1.83,Yes
661,Metropolis Healthcare Limited,METROPOLIS.BO,21.42,0.262,0.597,Yes
662,Rodium Realty Limited,RODIUM.BO,49.2,0.544,0.604,Yes
663,The Peria Karamalai Tea and Produce Company Limited,PKTEA.NS,55.16,0.599,0.715,Yes
664,Sarla Performance Fibers Limited,SARLAPOLY.NS,44.92,0.504,1.703,Yes
665,Bhagiradha Chemicals & Industries Limited,BHAGCHEM.NS,51.51,0.567,1.698,Yes
666,Artemis Medicare Services Limited,ARTEMISMED.NS,38.57,0.444,1.666,Yes
667,Eimco Elecon (India) Limited,EIMCOELECO.NS,64.98,0.686,1.195,Yes
668,J.A. Finance Limited,JAFINANCE.BO,97.91,0.943,0.38,No
669,Tips Music Limited,TIPSMUSIC.NS,45.34,0.51,0.604,Yes
670,Harig Crankshafts Limited,HARCR.BO,103.94,0.987,0.379,Yes
671,Tusaldah Limited,TUSALDAH.BO,78.58,0.799,1.207,Yes
672,Metropolis Healthcare Limited,METROPOLIS.NS,21.48,0.264,0.603,Yes
673,CARE Ratings Limited,CARERATING.NS,38.78,0.447,0.427,Yes
674,CARE Ratings Limited,CARERATING.BO,38.92,0.448,0.429,Yes
675,Kovai Medical Center and Hospital Limited,KOVAI.NS,16.17,0.203,0.654,Yes
676,Godrej Industries Limited,GODREJIND.NS,40.15,0.461,1.248,Yes
677,Tips Music Limited,TIPSMUSIC.BO,45.38,0.512,0.58,Yes
678,Ecofinity Atomix Limited,ECOFINITY.BO,61.9,0.663,0.211,Yes
679,One97 Communications Limited,PAYTM.NS,48.73,0.544,0.364,Yes
680,SBI Nifty50 Equal Weight ETF,SBINEQWETF.NS,10.95,0.141,0.929,Yes
681,J.J. Finance Corporation Limited,JJFINCOR.BO,72.85,0.755,0.21,No
682,Eimco Elecon (India) Limited,EIMCOELECO.BO,65.97,0.698,1.211,Yes
683,Coral Laboratories Limited,CORALAB.BO,48.43,0.542,1.383,Yes
684,Manipal Finance Corporation Limited,MNPLFIN.BO,72.43,0.753,0.288,No
685,Swaraj Engines Limited,SWARAJENG.NS,35.15,0.412,1.773,Yes
686,The Great Eastern Shipping Company Limited,GESHIP.BO,24.56,0.3,0.907,Yes
687,Lake Shore Realty Limited,LAKESHORE.BO,63.21,0.677,1.062,Yes
688,MIRAEAMC - MAFSETF,BFSI.NS,12.24,0.157,1.028,Yes
689,Syncom Formulations (India) Limited,SYNCOMF.BO,57.42,0.627,2.006,Yes
690,Syncom Formulations (India) Limited,SYNCOMF.NS,57.3,0.626,2.022,Yes
691,SMC Global Securities Limited,SMCGLOBAL.BO,46.12,0.522,1.592,Yes
692,3B Blackbio Dx Limited,3BBLACKBIO.BO,32.13,0.382,0.593,Yes
693,Spectrum Electrical Industries Limited,SPECTRUM.NS,46.15,0.523,0.469,Yes
694,Tembo Global Industries Limited,TEMBO.NS,62.5,0.673,1.23,Yes
695,Amal Ltd,AMAL.BO,72.7,0.76,0.352,Yes
696,Aurum PropTech Limited,AURUM.NS,33.59,0.398,1.127,Yes
697,Sanchay Finvest Limited,SANCF.BO,87.7,0.879,0.41,Yes
698,SMC Global Securities Limited,SMCGLOBAL.NS,45.95,0.523,1.581,Yes
699,Smartworks Coworking Spaces Limited,SMARTWORKS.BO,33.95,0.403,1.121,Yes
700,Smartworks Coworking Spaces Limited,SMARTWORKS.NS,33.06,0.393,0.918,Yes
701,Aurum PropTech Limited,AURUM.BO,33.9,0.403,1.121,Yes
702,Siddheswari Garments Limited,SIDDHEGA.BO,60.07,0.655,0.363,No
703,Munjal Auto Industries Limited,MUNJALAU.NS,46.57,0.531,1.472,Yes
704,Gravita India Limited,GRAVITA.NS,39.21,0.459,2.052,Yes
705,Gravita India Limited,GRAVITA.BO,39.19,0.459,2.049,Yes
706,Atal Realtech Limited,ATALREAL.NS,47.11,0.538,0.651,Yes
707,One97 Communications Limited,PAYTM.BO,47.16,0.538,0.369,Yes
708,HB Estate Developers Limited,HBESD.BO,37.54,0.443,1.137,Yes
709,GRP Limited,GRPLTD.NS,38.45,0.453,1.156,Yes
710,UVS Hospitality and Services Limited,UVS.BO,65.97,0.712,0.05,No
711,NCC Bluewater Products Limited,NCCBLUE.BO,87.59,0.889,0.48,No
712,TCPL Packaging Limited,TCPLPACK.BO,32.5,0.392,0.942,Yes
713,DSP Nifty 50 Equal Weight ETF,EQUAL50ADD.NS,10.52,0.139,0.911,Yes
714,GeeCee Ventures Limited,GEECEE.NS,29.69,0.363,1.544,Yes
715,United Spirits Limited,UNITDSPR.NS,18.71,0.239,1.277,Yes
716,DCB Bank Limited,DCBBANK.NS,30.03,0.367,1.479,Yes
717,IL&FS Engineering and Construction Company Limited,IL&FSENGG.BO,55.38,0.622,0.956,Yes
718,TCPL Packaging Limited,TCPLPACK.NS,32.81,0.398,0.893,Yes
719,SPEL Semiconductor Limited,SPELS.BO,79.24,0.829,2.641,Yes
720,Panacea Biotec Limited,PANACEABIO.BO,63.07,0.692,1.573,Yes
721,A B Cotspin India Limited,ABCOTS.NS,82.3,0.854,0.465,No
722,Polycab India Limited,POLYCAB.NS,31.3,0.382,1.325,Yes
723,Panacea Biotec Limited,PANACEABIO.NS,62.73,0.69,1.574,Yes
724,DCB Bank Limited,DCBBANK.BO,29.91,0.368,1.472,Yes
725,Oscar Global Limited,OSCARGLO.BO,83.25,0.864,0.671,No
726,Universal Arts Limited,UNIVARTS.BO,53.35,0.605,1.359,Yes
727,Jaihind Industries Limited,JAIHIND.BO,63.21,0.697,1.662,Yes
728,Panthaora Limited,JMGCORP.BO,72.95,0.782,0.018,Yes
729,Shine Fashions (India) Limited,SHINEFASH.BO,102.67,1.016,2.28,Yes
730,Univa Foods Limited,UNIVAFOODS.BO,14.02,0.184,0.153,No
731,VTM Limited,VTMLTD.BO,59.65,0.666,0.85,Yes
732,Vimta Labs Limited,VIMTALABS.BO,57.86,0.651,0.656,Yes
733,United Spirits Limited,UNITDSPR.BO,18.49,0.239,1.273,Yes
734,Nibe Limited,NIBE.BO,69.94,0.759,1.705,Yes
735,Indraprastha Medical Corporation Limited,INDRAMEDCO.BO,52.17,0.599,1.241,Yes
736,Vimta Labs Limited,VIMTALABS.NS,57.45,0.65,0.663,Yes
737,Keynote Financial Services Limited,KEYFINSERV.NS,57.57,0.651,2.255,Yes
738,The Sandur Manganese & Iron Ores Limited,SANDUMA.BO,60.67,0.68,2.638,Yes
739,Atal Realtech Limited,ATALREAL.BO,46.3,0.544,0.699,Yes
740,DCM Shriram International Limited,DCMSIL.NS,31.75,0.393,0.116,No
741,The Sandur Manganese & Iron Ores Limited,SANDUMA.NS,61.08,0.684,2.635,Yes
742,GeeCee Ventures Limited,GEECEE.BO,29.88,0.372,1.6,Yes
743,Hybrid Financial Services Limited,HYBRIDFIN.NS,53.42,0.613,1.402,Yes
744,Indraprastha Medical Corporation Limited,INDRAMEDCO.NS,52.16,0.601,1.23,Yes
745,Coromandel International Limited,COROMANDEL.BO,26.0,0.329,1.479,Yes
746,Coromandel International Limited,COROMANDEL.NS,25.93,0.328,1.481,Yes
747,Keynote Financial Services Limited,KEYFINSERV.BO,55.79,0.637,2.238,Yes
748,Hind Aluminium Industries Limited,HINDALUMI.BO,55.46,0.634,0.044,No
749,PNGS Gargi Fashion Jewellery Limited,GARGI.BO,55.78,0.637,1.487,Yes
750,Dr. Lal PathLabs Limited,LALPATHLAB.NS,20.96,0.271,0.661,Yes
751,Vipul Organics Limited,VIPULORG.BO,49.47,0.578,1.795,Yes
752,IL&FS Engineering and Construction Company Limited,IL&FSENGG.NS,52.68,0.609,1.004,Yes
753,Vishnu Chemicals Limited,VISHNU.BO,37.69,0.458,1.164,Yes
754,Edelweiss Financial Services Limited,EDELWEISS.NS,48.22,0.566,1.386,Yes
755,Pilani Investment and Industries Corporation Limited,PILANIINVS.NS,32.74,0.405,1.739,Yes
756,Edelweiss Financial Services Limited,EDELWEISS.BO,48.23,0.567,1.379,Yes
757,Vishnu Chemicals Limited,VISHNU.NS,37.84,0.461,1.162,Yes
758,Lloyds Engineering Works Limited,LLOYDSENGG.NS,49.34,0.579,1.845,Yes
759,The Lakshmi Mills Company Limited,LAKSHMIMIL.BO,35.71,0.439,1.171,Yes
760,The South Indian Bank Limited,SOUTHBANK.NS,28.08,0.355,1.083,Yes
761,The South Indian Bank Limited,SOUTHBANK.BO,28.05,0.355,1.087,Yes
762,Esaar (India) Limited,ESARIND.BO,55.05,0.636,0.519,Yes
763,Lloyds Engineering Works Limited,LLOYDSENGG.BO,49.22,0.579,1.85,Yes
764,Kalyani Investment Company Limited,KICL.BO,36.43,0.448,2.15,Yes
765,Choksi Laboratories Limited,CHOKSILA.BO,72.98,0.799,0.25,Yes
766,Rhetan TMT Limited,RHETAN.BO,48.77,0.576,1.438,Yes
767,Vikalp Securities Limited,VIKALPS.BO,65.9,0.739,0.41,No
768,Ladderup Finance Limited,LADDERUP.BO,50.62,0.596,1.244,Yes
769,Danlaw Technologies India Limited,DANLAW.BO,86.44,0.914,1.595,Yes
770,Hindustan Zinc Limited,HINDZINC.NS,48.08,0.572,0.783,Yes
771,Shree Rama Newsprint Limited,RAMANEWS.NS,47.14,0.563,0.28,Yes
772,Paisalo Digital Limited,PAISALO.BO,52.24,0.613,1.412,Yes
773,LIC MF Nifty Midcap 100 ETF,LICNMID100.NS,13.45,0.182,1.16,Yes
774,Polycab India Limited,POLYCAB.BO,30.19,0.383,1.337,Yes
775,Tega Industries Limited,TEGA.BO,27.11,0.348,0.869,Yes
776,Swarna Securities Limited,SWRNASE.BO,52.14,0.614,0.914,No
777,Paisalo Digital Limited,PAISALO.NS,52.07,0.613,1.431,Yes
778,CEAT Limited,CEATLTD.NS,24.91,0.323,1.544,Yes
779,Tega Industries Limited,TEGA.NS,26.98,0.347,0.885,Yes
780,Zydus Wellness Limited,ZYDUSWELL.BO,26.54,0.342,0.81,Yes
781,Zydus Wellness Limited,ZYDUSWELL.NS,26.57,0.343,0.797,Yes
782,Paras Defence and Space Technologies Limited,PARAS.BO,64.88,0.737,2.345,Yes
783,Max Estates Limited,MAXESTATES.NS,40.29,0.496,1.796,Yes
784,Max Estates Limited,MAXESTATES.BO,40.71,0.501,1.865,Yes
785,Info Edge (India) Limited,NAUKRI.BO,22.82,0.3,1.171,Yes
786,Hybrid Financial Services Limited,HYBRIDFIN.BO,53.85,0.635,1.156,Yes
787,Univa Foods Limited,UNIVAFOODS.NS,18.57,0.249,0.347,Yes
788,Span Divergent Limited,SDL.BO,70.32,0.789,1.14,No
789,Tata Steel Limited,TATASTEEL.NS,19.21,0.257,0.897,Yes
790,Insolation Energy Limited,INA.BO,77.95,0.856,2.443,Yes
791,Auro Laboratories Limited,AUROLAB.BO,44.49,0.542,0.143,Yes
792,MPS Limited,MPSLTD.BO,36.95,0.463,0.977,Yes
793,Gujarat Themis Biosyn Limited,GUJTHEM.BO,56.9,0.667,2.807,Yes
794,Bharat Seats Limited,BHARATSE.BO,54.79,0.647,1.919,Yes
795,Ajcon Global Services Limited,AJCON.BO,48.63,0.586,1.371,Yes
796,Aarti Pharmalabs Limited,AARTIPHARM.NS,35.31,0.445,0.971,Yes
797,Aarti Pharmalabs Limited,AARTIPHARM.BO,35.3,0.445,1.005,Yes
798,Lloyds Enterprises Limited,LLOYDSENT.BO,54.97,0.649,1.896,Yes
799,Padmanabh Industries Limited,PADMAIND.BO,94.05,0.993,0.47,Yes
800,Frontier Capital Limited,FRONTCAP.BO,86.76,0.936,0.762,Yes
801,Twentyfirst Century Management Services Limited,21STCENMGM.NS,57.51,0.676,2.291,Yes
802,Arrow Greentech Limited,ARROWGREEN.NS,39.51,0.493,0.426,Yes
803,Jindal Poly Investment and Finance Company Limited,JPOLYINVST.BO,34.16,0.435,1.105,Yes
804,Arrow Greentech Limited,ARROWGREEN.BO,39.77,0.496,0.446,Yes
805,Inter Globe Finance Limited,INTRGLB.BO,52.43,0.627,0.542,Yes
806,Info Edge (India) Limited,NAUKRI.NS,22.43,0.298,1.196,Yes
807,Mask Investments Limited,MASKINVEST.NS,63.69,0.736,1.071,Yes
808,D & H India Limited,DHINDIA.BO,80.78,0.89,1.942,No
809,MPS Limited,MPSLTD.NS,37.22,0.47,0.996,Yes
810,Emerald Finance Limited,EMERALD.BO,89.3,0.962,1.6,Yes
811,Kiri Industries Limited,KIRIINDUS.NS,47.89,0.584,1.707,Yes
812,Rudra Ecovation Limited,RUDRAECO.BO,67.67,0.775,2.586,Yes
813,Chembond Chemicals Limited,CHEMBONDCH.BO,51.11,0.617,2.367,Yes
814,Ritesh International Limited,RITESHIN.BO,53.37,0.64,1.282,Yes
815,Kiri Industries Limited,KIRIINDUS.BO,48.18,0.587,1.727,Yes
816,V. B. Desai Financial Services Limited,VBDESAI.BO,47.63,0.583,1.328,Yes
817,Jash Engineering Limited,JASH.NS,29.53,0.386,1.122,Yes
818,Dynamic Cables Limited,DYCL.BO,60.48,0.712,1.01,Yes
819,Subam Papers Limited,SUBAM.BO,52.97,0.639,2.072,Yes
820,Galada Finance Limited,GALADAFIN.BO,63.35,0.74,1.448,Yes
821,Jindal Poly Investment and Finance Company Limited,JPOLYINVST.NS,34.18,0.44,1.106,Yes
822,Dynamic Cables Limited,DYCL.NS,60.22,0.712,1.012,Yes
823,Asgard Alcobev Limited,ASGARD.BO,50.58,0.617,0.151,Yes
824,Panchmahal Steel Limited,PANCHMAHQ.BO,49.38,0.605,0.477,Yes
825,Avantel Limited,AVANTEL.BO,39.99,0.506,1.242,Yes
826,Kalyani Investment Company Limited,KICL.NS,34.67,0.448,2.199,Yes
827,Nippon India ETF Nifty 50 BeES,NIFTYBEES.NS,9.45,0.135,0.978,Yes
828,Tara Chand Infralogistic Solutions Limited,TARACHAND.NS,57.25,0.686,0.542,Yes
829,Nippon India ETF Nifty BeES,NIFTYBEES.BO,9.44,0.135,0.979,Yes
830,Asarfi Hospital Limited,ASARFI.BO,42.26,0.535,0.079,No
831,L.G. Balakrishnan & Bros Limited,LGBBROSLTD.NS,25.34,0.342,1.26,Yes
832,Bajaj Nifty Bank ETF,BANKBETF.NS,11.27,0.161,1.054,Yes
833,Mangalore Refinery and Petrochemicals Limited,MRPL.NS,36.77,0.476,1.348,Yes
834,Everest Organics Limited,EVERESTO.BO,79.25,0.897,1.97,Yes
835,Techno Electric & Engineering Company Limited,TECHNOE.BO,45.99,0.577,1.811,Yes
836,Antelopus Selan Energy Limited,ANTELOPUS.BO,44.01,0.556,0.677,Yes
837,Techno Electric & Engineering Company Limited,TECHNOE.NS,45.96,0.577,1.818,Yes
838,Avonmore Capital & Management Services Limited,AVONMORE.NS,47.22,0.591,1.727,Yes
839,Candour Techtex Limited,CANDOUR.BO,58.93,0.71,1.945,Yes
840,Antelopus Selan Energy Limited,ANTELOPUS.NS,43.9,0.556,0.7,Yes
841,Axis NIFTY 50 ETF,NIFTYAXIS.NS,9.56,0.138,1.0,Yes
842,K.P.R. Mill Limited,KPRMILL.BO,22.95,0.314,1.057,Yes
843,Avonmore Capital & Management Services Limited,AVONMORE.BO,46.27,0.582,1.657,Yes
844,SBI Nifty 50 ETF,SETFNIF50.NS,9.42,0.136,0.989,Yes
845,Vintage Coffee and Beverages Limited,VINCOFE.NS,31.47,0.417,1.348,Yes
846,Subros Limited,SUBROS.BO,37.81,0.49,1.994,Yes
847,Khyati Multimedia Entertainment Limited,KHYATI.BO,56.56,0.688,2.476,Yes
848,Subros Limited,SUBROS.NS,37.86,0.49,2.009,Yes
849,K.P.R. Mill Limited,KPRMILL.NS,22.64,0.31,1.054,Yes
850,Jindal Photo Limited,JINDALPHOT.NS,41.51,0.532,1.71,Yes
851,Samor Reality Limited,SAMOR.BO,56.26,0.687,0.444,Yes
852,Bandhan Nifty 50 ETF,IDFNIFTYET.NS,9.49,0.138,0.999,Yes
853,Saptak Chem and Business Limited,SCBL.BO,81.31,0.923,0.443,Yes
854,Modi Rubber Limited,MODIRUBBER.NS,32.7,0.434,1.087,Yes
855,Mirae Asset Nifty PSU Bank ETF,BANKPSU.NS,18.37,0.257,1.488,Yes
856,Crown Lifters Limited,CROWN.NS,39.18,0.508,1.988,Yes
857,MIRAEAMC - MAESGETF,ESG.NS,9.72,0.141,1.018,Yes
858,National Fittings Limited,NATFIT.BO,39.78,0.516,1.329,Yes
859,Shree Rama Multi-Tech Limited,SHREERAMA.NS,44.77,0.571,0.155,Yes
860,Billionbrains Garage Ventures Limited,GROWW.BO,47.34,0.598,2.182,Yes
861,Refex Industries Limited,REFEX.NS,66.26,0.789,2.471,Yes
862,Refex Industries Limited,REFEX.BO,66.19,0.788,2.475,Yes
863,Kotak Nifty 50 ETF,NIFTY1.NS,9.35,0.136,0.99,Yes
864,B. P. Capital Limited,BPCAP.BO,28.59,0.386,0.816,Yes
865,Aditya Birla Sun Life Nifty 50 ETF,BSLNIFTY.NS,9.54,0.139,1.011,Yes
866,Jyoti CNC Automation Limited,JYOTICNC.BO,48.46,0.611,2.178,Yes
867,Jyoti CNC Automation Limited,JYOTICNC.NS,48.63,0.614,2.195,Yes
868,Mayur Floorings Limited,MAYURFL.BO,56.92,0.7,1.203,Yes
869,Shree Rama Multi-Tech Limited,SHREERAMA.BO,45.6,0.582,0.078,Yes
870,Oberoi Realty Limited,OBEROIRLTY.BO,25.62,0.352,1.149,Yes
871,HDFCAMC - HDFCNIFTY,HDFCNIFTY.NS,9.31,0.136,0.991,Yes
872,Billionbrains Garage Ventures Limited,GROWW.NS,46.94,0.597,2.179,Yes
873,KJMC Corporate Advisors (India) Limited,KJMCCORP.BO,34.5,0.458,0.939,Yes
874,SecMark Consultancy Limited,SECMARK.BO,43.5,0.56,1.322,Yes
875,Harshdeep Hortico Limited,HARSHDEEP.BO,43.09,0.556,1.755,Yes
876,MosChip Technologies Limited,MOSCHIP.BO,77.45,0.898,2.879,Yes
877,Svam Agritech Limited,SVAMSOF.BO,100.43,1.094,0.307,No
878,DSPAMC - DSPBANK,BANKADD.NS,11.43,0.166,1.057,Yes
879,Optiemus Infracom Limited,OPTIEMUS.BO,52.72,0.659,2.917,Yes
880,Ortel Communications Limited,ORTEL.NS,53.52,0.668,0.16,Yes
881,Ashapura Minechem Limited,ASHAPURMIN.NS,51.52,0.647,1.686,Yes
882,Mirae Asset Hang Seng TECH ETF,MAHKTECH.NS,23.32,0.324,0.214,No
883,Mirae Asset Nifty 50 ETF,NIFTYETF.NS,10.33,0.152,0.839,Yes
884,Gujarat Mineral Development Corporation Limited,GMDCLTD.NS,37.2,0.492,0.943,Yes
885,Optiemus Infracom Limited,OPTIEMUS.NS,52.64,0.661,2.925,Yes
886,Paras Defence and Space Technologies Limited,PARAS.NS,56.83,0.705,2.224,Yes
887,Gujarat Mineral Development Corporation Limited,GMDCLTD.BO,37.23,0.493,0.942,Yes
888,Pokarna Limited,POKARNA.BO,37.54,0.497,0.947,Yes
889,Pokarna Limited,POKARNA.NS,37.6,0.498,0.938,Yes
890,Panama Petrochem Limited,PANAMAPET.NS,23.15,0.323,0.902,Yes
891,Sharda Cropchem Limited,SHARDACROP.NS,44.24,0.573,1.24,Yes
892,Ravindra Energy Limited,RELTD.BO,85.63,0.977,1.325,Yes
893,Escorp Asset Management Limited,ESCORP.BO,40.04,0.526,0.339,Yes
894,Restile Ceramics Limited,RESTILE.BO,45.22,0.584,1.379,Yes
895,ICICIPRAMC - ICICICOMMO,COMMOIETF.NS,11.06,0.162,0.919,Yes
896,Nippon India ETF Bank BeES,BANKBEES.BO,11.16,0.164,1.051,Yes
897,Panama Petrochem Limited,PANAMAPET.BO,23.12,0.323,0.914,Yes
898,Nippon India ETF Nifty Bank BeES,BANKBEES.NS,11.2,0.164,1.056,Yes
899,Nupur Recyclers Limited,NRL.NS,37.87,0.502,1.223,Yes
900,Lokesh Machines Limited,LOKESHMACH.NS,35.77,0.478,1.072,Yes
901,Sharda Cropchem Limited,SHARDACROP.BO,44.28,0.574,1.242,Yes
902,SKF India (Industrial) Limited,SKFINDUS.BO,39.92,0.526,1.591,Yes
903,Vardhman Special Steels Limited,VSSL.NS,32.89,0.444,1.454,Yes
904,Thrive Future Habitats Limited,THRIVE.BO,92.31,1.038,2.714,Yes
905,Vardhman Special Steels Limited,VSSL.BO,32.82,0.444,1.449,Yes
906,Engineers India Limited,ENGINERSIN.BO,38.91,0.515,1.867,Yes
907,Mirae Asset BSE Select IPO ETF,SELECTIPO.NS,13.4,0.195,1.089,Yes
908,Engineers India Limited,ENGINERSIN.NS,39.1,0.518,1.882,Yes
909,Makers Laboratories Limited,MAKERSL.BO,30.02,0.411,0.367,Yes
910,Empower India Limited,EMPOWER.BO,79.89,0.931,2.473,Yes
911,SBI Nifty Bank ETF,SETFNIFBK.NS,11.24,0.166,1.065,Yes
912,Balrampur Chini Mills Limited,BALRAMCHIN.NS,24.47,0.342,0.677,Yes
913,Tata Nifty 50 ETF,NETF.NS,9.03,0.134,0.952,Yes
914,Ashapura Minechem Limited,ASHAPURMIN.BO,50.43,0.643,1.689,Yes
915,ATV Projects India Limited,ATVPR.BO,48.54,0.625,0.897,Yes
916,Tata Nifty India Digital ETF,TNIDETF.NS,13.51,0.198,1.033,Yes
917,UltraTech Cement Limited,ULTRACEMCO.BO,16.3,0.236,1.244,Yes
918,Mirae Asset Nifty Bank ETF,BANKETF.NS,11.27,0.167,1.073,Yes
919,SecMark Consultancy Limited,SECMARK.NS,44.78,0.585,1.575,Yes
920,Konndor Industries Limited,KONNDOR.BO,55.14,0.697,0.741,Yes
921,Eris Lifesciences Limited,ERIS.NS,18.69,0.269,0.704,Yes
922,Suzlon Energy Limited,SUZLON.NS,37.73,0.506,1.668,Yes
923,Terai Tea Company Limited,TERAI.BO,33.75,0.459,1.445,Yes
924,Texmaco Infrastructure & Holdings Limited,TEXINFRA.NS,24.49,0.346,0.839,Yes
925,EFC (I) Limited,EFCIL.BO,38.34,0.514,1.517,Yes
926,Addi Industries Limited,ADDIND.BO,45.28,0.593,0.419,Yes
927,Suzlon Energy Limited,SUZLON.BO,37.52,0.505,1.671,Yes
928,MosChip Technologies Limited,MOSCHIP.NS,42.51,0.562,1.668,Yes
929,Eris Lifesciences Limited,ERIS.BO,18.73,0.271,0.709,Yes
930,Computer Age Management Services Limited,CAMS.BO,26.62,0.373,1.332,Yes
931,SKF India (Industrial) Limited,SKFINDUS.NS,39.46,0.528,1.609,Yes
932,The Anup Engineering Limited,ANUP.BO,39.49,0.529,0.482,Yes
933,Organic Coatings Limited,ORGCOAT.BO,72.0,0.869,0.229,Yes
934,Computer Age Management Services Limited,CAMS.NS,26.59,0.373,1.332,Yes
935,The Anup Engineering Limited,ANUP.NS,39.59,0.531,0.468,Yes
936,Texmaco Infrastructure & Holdings Limited,TEXINFRA.BO,24.43,0.346,0.856,Yes
937,UltraTech Cement Limited,ULTRACEMCO.NS,16.15,0.237,1.244,Yes
938,Shubham Polyspin Limited,SHUBHAM.BO,53.89,0.69,2.354,Yes
939,Aditya Birla Sun Life Nifty Bank ETF,ABSLBANETF.NS,11.14,0.167,1.069,Yes
940,Motilal Oswal M50 ETF,MOM50.NS,9.28,0.14,1.013,Yes
941,Sattrix Information Security Limited,SATTRIX.BO,57.59,0.729,0.664,Yes
942,Cholamandalam Investment and Finance Company Limited,CHOLAFIN.BO,21.73,0.312,1.558,Yes
943,LIC MF ETF Nifty 50,LICNETFN50.BO,9.01,0.136,0.909,Yes
944,Greenply Industries Limited,GREENPLY.NS,32.81,0.452,2.312,Yes
945,Nibe Limited,NIBE.NS,52.63,0.678,1.548,Yes
946,Greenply Industries Limited,GREENPLY.BO,32.74,0.452,2.31,Yes
947,NACL Industries Limited,NACLIND.BO,72.77,0.883,2.049,Yes
948,NACL Industries Limited,NACLIND.NS,74.2,0.898,2.07,Yes
949,Fresita Proteins Limited,SRDAPRT.BO,62.19,0.78,1.019,No
950,TVS Srichakra Limited,TVSSRICHAK.BO,32.54,0.451,1.27,Yes
951,Lotus Chocolate Company Limited,LOTUSCHO.BO,77.8,0.932,3.336,Yes
952,Kanpur Plastipack Limited,KANPRPLA.BO,58.0,0.737,0.913,Yes
953,Market Creators Limited,MKTCREAT.BO,31.96,0.444,0.566,Yes
954,CCL Products (India) Limited,CCL.NS,27.72,0.391,0.653,Yes
955,Tainwala Chemicals and Plastics (India) Limited,TAINWALCHM.BO,27.57,0.39,0.834,Yes
956,Advance Petrochemicals Ltd.,ADVPETR-B.BO,87.3,1.02,1.423,Yes
957,ICICIPRAMC - ICICIQTY30,QUAL30IETF.NS,10.62,0.161,1.027,Yes
958,TVS Srichakra Limited,TVSSRICHAK.NS,32.72,0.455,1.289,Yes
959,Kanpur Plastipack Limited,KANPRPLA.NS,58.18,0.743,0.96,Yes
960,Lerthai Finance Limited,LERTHAI.BO,62.36,0.787,0.641,Yes
961,Cholamandalam Investment and Finance Company Limited,CHOLAFIN.NS,21.44,0.311,1.558,Yes
962,Shahlon Silk Industries Limited,SHAHLON.BO,44.06,0.59,0.88,Yes
963,Axis NIFTY Bank ETF,BNKETFAXIS.NS,11.21,0.17,1.078,Yes
964,Jammu and Kashmir Bank Limited,J&KBANK.NS,17.4,0.257,0.587,Yes
965,Anlon Healthcare Limited,AHCL.NS,38.09,0.522,1.038,Yes
966,Motilal Oswal Nifty India Defence ETF,MODEFENCE.NS,26.35,0.377,1.906,Yes
967,Ador Welding Limited,ADOR.NS,25.49,0.367,1.409,Yes
968,SBI NIFTY 200 Quality 30 ETF,SBIETFQLTY.NS,10.59,0.162,1.031,Yes
969,Vedanta Iron and Steel Limited,VISL.BO,40.62,0.554,,
970,Mirae Asset BSE Sensex ETF,SENSEXETF.NS,8.75,0.135,0.977,Yes
971,Asia Pack Limited,ASIAPAK.BO,51.81,0.681,0.334,Yes
972,Anthem Biosciences Limited,ANTHEM.NS,21.81,0.319,0.52,Yes
973,Aditya Birla Sun Life Nifty 200 Quality 30 ETF,NIFTYQLITY.NS,10.68,0.163,0.997,Yes
974,Dr. Agarwal's Health Care Limited,AGARWALEYE.NS,25.61,0.369,0.693,Yes
975,Magna Electro Castings Limited,MAGNAELQ.BO,47.23,0.631,1.986,Yes
976,V-Mart Retail Limited,VMART.NS,31.79,0.448,2.064,Yes
977,Tata Capital Limited,TATACAP.NS,19.32,0.286,1.137,Yes
978,Modern Dairies Limited,MODAIRY.BO,38.2,0.527,0.982,Yes
979,Ador Welding Limited,ADOR.BO,25.83,0.373,1.448,Yes
980,Tata Capital Limited,TATACAP.BO,19.36,0.287,1.125,Yes
981,Alfa Ica (India) Limited,ALFAICA.BO,26.21,0.379,0.199,Yes
982,Biocon Limited,BIOCON.NS,20.83,0.307,1.059,Yes
983,Anthem Biosciences Limited,ANTHEM.BO,21.67,0.319,0.515,Yes
984,V-Mart Retail Limited,VMART.BO,32.09,0.454,2.095,Yes
985,Brijlaxmi Leasing & Finance Limited,BRIJLEAS.BO,51.43,0.681,1.221,Yes
986,Parker Agrochem Exports Ltd.,PARKERAC.BO,54.78,0.719,0.154,Yes
987,Knowledge Realty Trust,KRT.BO,9.63,0.149,0.578,Yes
988,PNB Housing Finance Limited,PNBHOUSING.NS,29.2,0.419,1.557,Yes
989,Punjab National Bank,PNB.NS,21.18,0.314,1.555,Yes
990,Shree Ajit Pulp and Paper Limited,SAPPL.BO,16.93,0.255,0.2,Yes
991,Dr. Agarwal's Health Care Limited,AGARWALEYE.BO,25.13,0.367,0.693,Yes
992,Firstsource Solutions Limited,FSL.NS,29.94,0.43,0.782,Yes
993,Sai Parenteral's Limited,SAIPARENT.BO,29.87,0.429,1.801,Yes
994,Kitex Garments Limited,KITEX.NS,46.24,0.627,1.928,Yes
995,Oasis Securities Limited,OASISEC.BO,52.83,0.701,1.371,Yes
996,Firstsource Solutions Limited,FSL.BO,29.95,0.43,0.785,Yes
997,Acknit Industries Limited,ACKNIT.BO,23.34,0.344,0.162,Yes
998,Solara Active Pharma Sciences Limited,SOLARA.NS,39.14,0.545,1.582,Yes
999,Kitex Garments Limited,KITEX.BO,46.11,0.627,1.938,Yes
1000,Solara Active Pharma Sciences Limited,SOLARA.BO,39.31,0.547,1.627,Yes
1001,Sai Parenteral's Limited,SAIPARENT.NS,31.08,0.446,2.07,Yes
1002,Manor Estates and Industries Limited,KARANWO.BO,99.46,1.157,0.411,Yes
1003,Vedanta Iron and Steel Limited,VISL.NS,39.65,0.552,,
1004,Safa Systems & Technologies Limited,SSTL.BO,45.4,0.62,0.697,No
1005,Energy Infrastructure Trust,ENERGYINF.BO,9.46,0.148,0.247,Yes
1006,PNB Housing Finance Limited,PNBHOUSING.BO,28.85,0.418,1.562,Yes
1007,Kaarya Facilities and Services Limited,KAARYAFSL.BO,67.32,0.859,0.581,No
1008,MSTC Limited,MSTCLTD.NS,53.02,0.707,2.081,Yes
1009,MSTC Limited,MSTCLTD.BO,52.87,0.707,2.079,Yes
1010,Aadhar Housing Finance Limited,AADHARHFC.BO,19.18,0.29,0.999,Yes
1011,Novyra Pharmachem Limited,NOVYRA.BO,52.05,0.698,0.782,Yes
1012,Nesco Limited,NESCO.NS,21.44,0.321,1.169,Yes
1013,Kotia Enterprises Limited,KEL.BO,34.53,0.493,0.338,No
1014,Asahi India Glass Limited,ASAHIINDIA.BO,20.92,0.314,0.982,Yes
1015,Asahi India Glass Limited,ASAHIINDIA.NS,20.95,0.315,0.993,Yes
1016,Aadhar Housing Finance Limited,AADHARHFC.NS,19.25,0.292,0.997,Yes
1017,M P K Steels (I) Limited,MPKSTEELS.BO,74.34,0.935,1.093,Yes
1018,Smaart Tech Services Limited,SHARP.BO,74.47,0.937,2.742,Yes
1019,Nesco Limited,NESCO.BO,21.41,0.322,1.17,Yes
1020,Reliable Data Services Limited,RELIABLE.NS,83.9,1.029,1.116,Yes
1021,Exide Industries Limited,EXIDEIND.NS,29.69,0.433,1.424,Yes
1022,RBL Bank Limited,RBLBANK.NS,21.29,0.321,1.418,Yes
1023,The United Nilgiri Tea Estates Company Limited,UNITEDTEA.NS,18.58,0.283,0.399,Yes
1024,Exhicon Events Media Solutions Limited,EXHICON.BO,44.16,0.613,1.634,Yes
1025,Action Construction Equipment Limited,ACE.NS,26.65,0.394,1.047,Yes
1026,Tech Mahindra Limited,TECHM.NS,18.24,0.278,0.717,Yes
1027,MetroGlobal Limited,METROGLOBL.NS,8.92,0.142,0.647,Yes
1028,Turtlemint Fintech Solutions Limited,TURTLEMINT.NS,59.37,0.786,,
1029,Action Construction Equipment Limited,ACE.BO,26.62,0.394,1.04,Yes
1030,Sumit Woods Limited,SUMIT.NS,52.27,0.708,1.745,Yes
1031,Turtlemint Fintech Solutions Limited,TURTLEMINT.BO,64.17,0.839,,
1032,Lloyds Enterprises Limited,LLOYDSENT.NS,51.7,0.704,3.07,Yes
1033,Zodiac Energy Limited,ZODIAC.NS,49.5,0.679,1.502,Yes
1034,Biocon Limited,BIOCON.BO,20.14,0.307,1.063,Yes
1035,MRC Agrotech Limited,MRCAGRO.BO,69.35,0.896,0.978,Yes
1036,Shradha Realty Limited,SHRADHA.NS,45.53,0.635,2.405,Yes
1037,RBL Bank Limited,RBLBANK.BO,21.06,0.321,1.414,Yes
1038,City Online Services Limited,CITYONLINE.BO,61.1,0.811,2.065,Yes
1039,Gujarat Pipavav Port Limited,GPPL.BO,22.21,0.338,1.562,Yes
1040,BEML Limited,BEML.NS,37.11,0.534,1.991,Yes
1041,E.I.D.- Parry (India) Limited,EIDPARRY.NS,23.02,0.349,1.505,Yes
1042,Dodla Dairy Limited,DODLA.NS,25.03,0.377,1.336,Yes
1043,Anlon Healthcare Limited,AHCL.BO,36.17,0.523,1.008,Yes
1044,KN Agri Resources Limited,KNAGRI.NS,30.93,0.456,1.089,Yes
1045,Bannari Amman Sugars Limited,BANARISUG.NS,19.28,0.297,0.863,Yes
1046,Colinz Laboratories Limited,COLINZ.BO,61.74,0.822,0.907,Yes
1047,Gujarat Pipavav Port Limited,GPPL.NS,22.07,0.337,1.57,Yes
1048,Oriental Hotels Limited,ORIENTHOT.NS,28.21,0.421,1.47,Yes
1049,Simplex Mills Company Limited,SIMPLXMIL.BO,59.64,0.8,0.493,Yes
1050,The Indian Hume Pipe Company Limited,INDIANHUME.NS,27.47,0.411,1.797,Yes
1051,Kairosoft AI Solutions Limited,VOLKAI.BO,90.05,1.107,2.604,Yes
1052,Interarch Building Solutions Limited,INTERARCH.NS,35.48,0.516,1.454,Yes
1053,Fractal Analytics Limited,FRACTAL.BO,28.85,0.43,0.616,Yes
1054,Interarch Building Solutions Limited,INTERARCH.BO,35.33,0.515,1.437,Yes
1055,Dynamic Industries Limited,DYNAMIND.BO,35.95,0.523,0.976,Yes
1056,Dodla Dairy Limited,DODLA.BO,24.83,0.376,1.32,Yes
1057,Shree Rajasthan Syntex Limited,SHRAJSYNQ.BO,66.3,0.874,1.041,Yes
1058,Priya Limited,PRIYALT.BO,44.18,0.625,0.112,Yes
1059,The Indian Hume Pipe Company Limited,INDIANHUME.BO,27.15,0.409,1.767,Yes
1060,Supreme Petrochem Limited,SPLPETRO.BO,25.93,0.393,0.779,Yes
1061,AstraZeneca Pharma India Limited,ASTRAZEN.BO,24.07,0.367,1.065,Yes
1062,Nukleus Office Solutions Limited,NUKLEUS.BO,19.81,0.307,0.008,No
1063,Nilachal Carbo Metalicks Limited,NCML.BO,48.71,0.682,1.519,Yes
1064,Brahm Virat Industries Corporation Limited,VIRAT.BO,72.53,0.943,0.898,Yes
1065,AstraZeneca Pharma India Limited,ASTRAZEN.NS,23.93,0.367,1.072,Yes
1066,Jai Mata Glass Limited,JAIMATAG.BO,83.61,1.057,1.933,Yes
1067,Fractal Analytics Limited,FRACTAL.NS,29.01,0.438,0.649,Yes
1068,Supreme Petrochem Limited,SPLPETRO.NS,25.75,0.393,0.788,Yes
1069,Aarey Drugs & Pharmaceuticals Limited,AAREYDRUGS.NS,58.76,0.801,3.173,Yes
1070,Anupam Rasayan India Ltd,ANURAS.BO,16.75,0.265,0.876,Yes
1071,Larsen & Toubro Limited,LT.NS,14.42,0.23,1.174,Yes
1072,Pervasive Commodities Limited,PERVASIVE.BO,69.9,0.923,0.915,No
1073,Diffusion Engineers Limited,DIFFNKG.BO,35.49,0.524,0.872,Yes
1074,Anupam Rasayan India Ltd,ANURAS.NS,16.8,0.267,0.881,Yes
1075,Hasti Finance Limited,HASTIFIN.BO,40.61,0.59,0.199,No
1076,Sunraj Diamond Exports Limited,SUNRAJDI.BO,54.49,0.758,0.593,No
1077,Perfect Octave Media Projects Limited,OCTAVE.BO,55.79,0.773,1.367,Yes
1078,ZR2 Bioenergy Limited,ZR2.BO,85.28,1.083,2.161,Yes
1079,Chartered Logistics Limited,CHLOGIST.BO,48.17,0.684,1.716,Yes
1080,Kaynes Technology India Limited,KAYNES.BO,33.9,0.506,1.4,Yes
1081,Vaswani Industries Limited,VASWANI.BO,53.46,0.748,2.088,Yes
1082,Maitri Enterprises Limited,MAITRI.BO,70.18,0.933,1.234,Yes
1083,Kaynes Technology India Limited,KAYNES.NS,33.77,0.505,1.407,Yes
1084,Blue Jet Healthcare Limited,BLUEJET.BO,32.7,0.492,1.689,Yes
1085,Blue Jet Healthcare Limited,BLUEJET.NS,32.88,0.494,1.698,Yes
1086,Vaswani Industries Limited,VASWANI.NS,53.56,0.751,2.171,Yes
1087,Eureka Industries Limited,EUREKAI.BO,69.75,0.931,0.501,Yes
1088,Riddhi Siddhi Gluco Biols Limited,RIDDHI.BO,32.3,0.488,1.394,Yes
1089,Gujarat Lease Financing Limited,GLFL.NS,68.81,0.923,2.524,Yes
1090,AU Small Finance Bank Limited,AUBANK.NS,22.66,0.355,1.558,Yes
1091,Jenburkt Pharmaceuticals Limited,JENBURPH.BO,25.65,0.398,1.02,Yes
1092,AU Small Finance Bank Limited,AUBANK.BO,22.63,0.356,1.559,Yes
1093,Cubex Tubings Limited,CUBEXTUB.NS,38.3,0.569,1.483,Yes
1094,Signatureglobal (India) Limited,SIGNATURE.NS,29.86,0.457,2.043,Yes
1095,IFB Agro Industries Limited,IFBAGRO.BO,43.79,0.638,1.83,Yes
1096,Aarey Drugs & Pharmaceuticals Limited,AAREYDRUGS.BO,55.35,0.777,3.083,Yes
1097,Bhageria Industries Limited,BHAGERIA.NS,36.2,0.542,1.845,Yes
1098,Signatureglobal (India) Limited,SIGNATURE.BO,29.91,0.458,2.036,Yes
1099,Cubex Tubings Limited,CUBEXTUB.BO,38.78,0.576,1.499,Yes
1100,The First Custodian Fund (India) Ltd.,1STCUS.BO,47.51,0.685,0.971,Yes
1101,AAA Technologies Limited,AAATECH.NS,35.46,0.533,1.343,Yes
1102,ICICIPRAMC - ICICI500,BSE500IETF.NS,8.83,0.147,1.065,Yes
1103,Sikko Industries Limited,SIKKO.NS,38.47,0.574,2.253,Yes
1104,Modern Shares and Stockbrokers Limited,MODRNSH.BO,29.35,0.453,0.961,Yes
1105,EPL Limited,EPL.NS,19.84,0.318,0.801,Yes
1106,EPL Limited,EPL.BO,19.76,0.317,0.797,Yes
1107,Global Vectra Helicorp Limited,GLOBALVECT.NS,50.48,0.725,2.533,Yes
1108,SBEC Sugar Limited,SBECSUG.BO,55.17,0.781,1.307,Yes
1109,Bhageria Industries Limited,BHAGERIA.BO,35.9,0.542,1.87,Yes
1110,Atharv Enterprises Limited,ATHARVENT.BO,27.76,0.432,0.959,Yes
1111,IFB Agro Industries Limited,IFBAGRO.NS,43.37,0.638,1.775,Yes
1112,Garware Marine Industries Limited,GARWAMAR.BO,80.28,1.056,1.792,Yes
1113,Krishival Foods Limited,KRISHIVAL.NS,28.47,0.443,0.272,Yes
1114,The India Cements Limited,INDIACEM.NS,27.71,0.432,1.772,Yes
1115,The India Cements Limited,INDIACEM.BO,27.66,0.432,1.773,Yes
1116,KPI Green Energy Limited,KPIGREEN.NS,40.15,0.6,1.82,Yes
1117,KPI Green Energy Limited,KPIGREEN.BO,40.16,0.601,1.818,Yes
1118,Milgrey Finance and Investments Limited,ZMILGFIN.BO,54.16,0.773,0.388,Yes
1119,Motilal Oswal Nifty Smallcap 250 ETF,MOSMALL250.NS,13.79,0.228,1.291,Yes
1120,Kesar Petroproducts Limited,KESARPE.BO,47.12,0.689,0.73,Yes
1121,Universal Office Automation Limited,UNIOFFICE.BO,50.71,0.733,1.189,Yes
1122,Lodha Developers Limited,LODHA.BO,26.04,0.411,1.908,Yes
1123,AAA Technologies Limited,AAATECH.BO,34.73,0.533,1.37,Yes
1124,Worth Peripherals Limited,WORTHPERI.NS,23.4,0.375,0.893,Yes
1125,RateGain Travel Technologies Limited,RATEGAIN.NS,28.49,0.449,1.332,Yes
1126,RateGain Travel Technologies Limited,RATEGAIN.BO,28.34,0.447,1.329,Yes
1127,Robust Hotels Limited,RHL.BO,27.88,0.441,1.214,Yes
1128,Heritage Foods Limited,HERITGFOOD.NS,27.99,0.443,2.228,Yes
1129,Continental Petroleums Limited,CONTPTR.BO,30.8,0.482,0.951,Yes
1130,Uniroyal Marine Exports Limited,UNRYLMA.BO,41.96,0.632,0.147,Yes
1131,Bervin Investment & Leasing Limited,BERVINL.BO,28.22,0.446,0.253,No
1132,Gujarat Apollo Industries Limited,GUJAPOLLO.NS,31.51,0.493,0.939,Yes
1133,JSW Dulux Limited,JSWDULUX.NS,16.88,0.28,0.492,Yes
1134,Gujarat Apollo Industries Limited,GUJAPOLLO.BO,32.24,0.504,0.892,Yes
1135,Rico Auto Industries Limited,RICOAUTO.NS,35.16,0.544,1.416,Yes
1136,Unjha Formulations Limited,UNJHAFOR.BO,22.92,0.371,0.195,Yes
1137,MRO-TEK Networks Limited,UMIYA-MRO.NS,27.57,0.439,1.023,Yes
1138,Abhishek Infraventures Limited,ABHIINFRA.BO,35.71,0.552,1.197,Yes
1139,Fabtech Cleanrooms Limited,FABCLEAN.BO,33.89,0.528,1.664,Yes
1140,Bhansali Engineering Polymers Limited,BEPL.NS,23.53,0.381,1.458,Yes
1141,Rainbow Children's Medicare Limited,RAINBOW.NS,15.43,0.258,0.551,Yes
1142,Rainbow Children's Medicare Limited,RAINBOW.BO,15.36,0.257,0.542,Yes
1143,Jeena Sikho Lifecare Limited,JSLL.NS,52.93,0.774,0.218,No
1144,HDFC Mutual Fund - HDFC Sensex ETF,HDFCSENSEX.NS,7.65,0.132,0.963,Yes
1145,Lactose (India) Limited,LACTOSE.BO,44.28,0.668,2.265,Yes
1146,D-Link (India) Limited,DLINKINDIA.NS,25.65,0.415,1.659,Yes
1147,Voltaire Leasing & Finance Limited,VOLLF.BO,23.27,0.38,0.298,Yes
1148,Optimus Finance Limited,OPTIFIN.BO,37.48,0.581,0.222,Yes
1149,Stove Kraft Limited,STOVEKRAFT.BO,27.5,0.442,0.919,Yes
1150,AXISAMC-SENSEXAXIS,SENSEXAXIS.NS,8.09,0.141,1.003,Yes
1151,D-Link (India) Limited,DLINKINDIA.BO,25.56,0.414,1.664,Yes
1152,Angel One Limited,ANGELONE.NS,33.02,0.521,0.767,Yes
1153,Affle 3i Limited,AFFLE.BO,19.04,0.317,0.878,Yes
1154,Hyundai Motor India Limited,HYUNDAI.BO,17.31,0.291,0.756,Yes
1155,Angel One Limited,ANGELONE.BO,32.92,0.521,0.773,Yes
1156,Brigade Enterprises Limited,BRIGADE.NS,26.87,0.435,1.677,Yes
1157,Stove Kraft Limited,STOVEKRAFT.NS,27.64,0.446,0.943,Yes
1158,Affle 3i Limited,AFFLE.NS,18.92,0.316,0.879,Yes
1159,Sharpline Broadcast Limited,SHARPLINE.BO,35.65,0.559,0.785,Yes
1160,Kinetic Engineering Limited,KINETICENG.BO,42.06,0.645,1.702,Yes
1161,Manomay Tex India Limited,MANOMAY.NS,35.85,0.563,1.28,Yes
1162,Chatha Foods Limited,CHATHA.BO,39.6,0.614,2.025,Yes
1163,MRO-TEK Networks Limited,UMIYA-MRO.BO,26.72,0.435,0.993,Yes
1164,Pasupati Acrylon Limited,PASUPTAC.NS,28.63,0.462,1.581,Yes
1165,Robust Hotels Limited,RHL.NS,27.15,0.441,1.184,Yes
1166,Aditya Birla Sun Life Sensex ETF,BSLSENETFG.BO,7.41,0.13,0.943,Yes
1167,Brigade Enterprises Limited,BRIGADE.BO,26.74,0.435,1.665,Yes
1168,Bacil Pharma Limited,BACPHAR.BO,59.42,0.865,0.741,No
1169,Property Share Investment Trust,PSCELESTIA.BO,1.71,0.031,0.037,No
1170,Graphite India Limited,GRAPHITE.NS,23.57,0.389,1.331,Yes
1171,Oxygenta Pharmaceutical Limited,OXYGENTAPH.BO,44.85,0.686,0.444,Yes
1172,Filatex India Limited,FILATEX.NS,32.91,0.525,1.549,Yes
1173,Kanishk Steel Industries Limited,KANSHST.BO,24.41,0.403,1.333,Yes
1174,JM Financial Limited,JMFINANCIL.NS,31.23,0.502,1.801,Yes
1175,Filatex India Limited,FILATEX.BO,32.8,0.525,1.535,Yes
1176,Solitaire Machine Tools Limited,SOLIMAC.BO,34.13,0.543,1.778,Yes
1177,Galaxy Supermarket Limited,GSLTD.BO,68.73,0.978,0.519,Yes
1178,Nippon Mutual Funds - Nippon India ETF S&P BSE Sensex,SENSEXBEES.BO,7.59,0.134,0.978,Yes
1179,SIL Investments Limited,SILINV.NS,22.7,0.378,1.621,Yes
1180,Lodha Developers Limited,LODHA.NS,24.84,0.41,1.911,Yes
1181,Modern Threads (India) Limited,MODTHREAD.NS,36.0,0.571,0.858,Yes
1182,Reganto Enterprises Limited,REGANTO.BO,77.99,1.087,3.534,Yes
1183,Steel City Securities Limited,STEELCITY.NS,18.21,0.31,1.049,Yes
1184,LIC MF BSE Sensex ETF,LICNETFSEN.NS,7.64,0.136,0.927,Yes
1185,Icon Facilitators Limited,ICON.BO,46.43,0.714,2.635,Yes
1186,Ushakiran Finance Limited,USHAKIRA.BO,27.4,0.452,0.064,Yes
1187,SBI Life Insurance Company Limited,SBILIFE.BO,13.51,0.235,0.988,Yes
1188,Aditya Vision Limited,AVL.NS,21.51,0.363,0.028,Yes
1189,SBI Life Insurance Company Limited,SBILIFE.NS,13.52,0.236,0.993,Yes
1190,SIL Investments Limited,SILINV.BO,23.05,0.387,1.666,Yes
1191,Suprajit Engineering Limited,SUPRAJIT.NS,12.68,0.222,0.718,Yes
1192,M M Forgings Limited,MMFL.NS,25.48,0.424,1.609,Yes
1193,Pasupati Acrylon Limited,PASUPTAC.BO,28.27,0.467,1.604,Yes
1194,M M Forgings Limited,MMFL.BO,25.87,0.431,1.644,Yes
1195,Ajmera Realty & Infra India Limited,AJMERA.NS,31.98,0.522,1.502,Yes
1196,Aztec Fluids & Machinery Limited,AZTEC.BO,28.13,0.466,1.297,Yes
1197,ELANTAS Beck India Limited,ELANTAS.BO,24.52,0.412,1.051,Yes
1198,Ajmera Realty & Infra India Limited,AJMERA.BO,31.86,0.522,1.499,Yes
1199,Hindustan Hardy Limited,HINDHARD.BO,32.83,0.536,1.555,Yes
1200,Manomay Tex India Limited,MANOMAY.BO,34.47,0.56,1.315,Yes
1201,Garware Synthetics Limited,GARWSYN.BO,55.54,0.841,1.436,Yes
1202,Super Crop Safe Limited,SUCROSA.BO,41.14,0.654,0.373,Yes
1203,Polycon International Limited,POLYCON.BO,38.63,0.621,1.08,Yes
1204,Usha Martin Limited,USHAMART.BO,22.97,0.391,0.441,Yes
1205,Ginni Filaments Limited,GINNIFILA.BO,39.55,0.634,1.032,Yes
1206,KMF Builders and Developers Limited,KMFBLDR.BO,45.55,0.716,0.762,Yes
1207,Usha Martin Limited,USHAMART.NS,22.94,0.391,0.428,Yes
1208,Nirav Commercials Limited,NIRAVCOM.BO,37.65,0.609,1.832,Yes
1209,Inani Securities Limited,INANISEC.BO,40.9,0.654,0.207,Yes
1210,Hyundai Motor India Limited,HYUNDAI.NS,16.6,0.291,0.764,Yes
1211,Ginni Filaments Limited,GINNIFILA.NS,39.26,0.632,1.06,Yes
1212,Hemant Surgical Industries Limited,HSIL.BO,59.35,0.894,0.21,Yes
1213,Dynavision Limited,DYNAVSN.BO,28.77,0.481,1.664,Yes
1214,Bajaj Finserv Ltd.,BAJAJFINSV.NS,12.61,0.225,0.904,Yes
1215,Filmcity Media Limited,FILME.BO,88.61,1.229,1.185,No
1216,Home First Finance Company India Limited,HOMEFIRST.BO,20.17,0.349,1.288,Yes
1217,Home First Finance Company India Limited,HOMEFIRST.NS,20.05,0.348,1.297,Yes
1218,Tahmar Enterprises Limited,TAHMARENT.BO,68.57,1.008,2.457,Yes
1219,Balaji Telefilms Limited,BALAJITELE.BO,38.36,0.622,1.939,Yes
1220,Adhata Global Limited,ADHHATA.BO,58.21,0.885,0.968,No
1221,Bajaj Finserv Ltd.,BAJAJFINSV.BO,12.56,0.225,0.905,Yes
1222,Rapid Multimodal Logistics Limited,RAPID.BO,39.64,0.642,0.681,No
1223,Supra Pacific Financial Services Limited,SUPRAPFSL.BO,17.24,0.304,0.221,No
1224,Nippon India ETF Nifty 50 Value 20,NV20BEES.NS,18.43,0.323,0.398,Yes
1225,Arix Energix Limited,JUPITERIN.BO,41.95,0.675,1.049,Yes
1226,Bank of India,BANKINDIA.BO,19.23,0.337,1.138,Yes
1227,Hittco Tools Limited,HITTCO.BO,18.16,0.319,0.644,Yes
1228,Kotak Mahindra Mutual Fund - Kotak BSE Sensex ETF,SENSEX1.BO,7.18,0.132,0.948,Yes
1229,Pennar Industries Limited,PENIND.BO,23.89,0.411,1.573,Yes
1230,Blue Chip India Limited,BLUECHIP.NS,49.38,0.777,1.348,Yes
1231,Southern Infoconsultants Limited,SOUTHERNIN.BO,17.36,0.307,0.737,Yes
1232,The Hi-Tech Gears Limited,HITECHGEAR.NS,32.55,0.543,1.278,Yes
1233,Pennar Industries Limited,PENIND.NS,23.76,0.41,1.566,Yes
1234,Nanavati Ventures Limited,NVENTURES.BO,39.19,0.64,0.004,Yes
1235,Capital Trade Links Limited,CTL.BO,38.9,0.636,1.532,Yes
1236,Oceanic Foods Limited,OCEANIC.BO,54.75,0.849,1.456,Yes
1237,Somi Conveyor Beltings Limited,SOMICONVEY.BO,45.71,0.73,1.496,Yes
1238,Bajaj Finance Limited,BAJFINANCE.NS,16.03,0.286,1.041,Yes
1239,Edelweiss BSE Capital Markets & Insurance ETF,ECAPINSURE.NS,11.36,0.206,1.186,Yes
1240,Mac Charles (India) Limited,MCCHRLS-B.BO,16.11,0.288,0.975,Yes
1241,HDFC Nifty Bank ETF - Growth,HDFCNIFBAN.NS,10.79,0.197,1.282,Yes
1242,Bank of India,BANKINDIA.NS,19.09,0.337,1.142,Yes
1243,Gujarat Terce Laboratories Limited,GUJTERC.BO,36.24,0.601,1.115,Yes
1244,Somi Conveyor Beltings Limited,SOMICONVEY.NS,45.09,0.726,1.507,Yes
1245,Baroda BNP Paribas NIFTY Bank ETF,BBNPNBETF.NS,11.23,0.205,1.339,Yes
1246,Bright Brothers Limited,BRIGHTBR.BO,39.05,0.642,0.711,Yes
1247,Lead Financial Services Limited,LEADFIN.BO,55.72,0.868,1.237,Yes
1248,Kesoram Industries Limited,KESORAMIND.NS,83.33,1.197,1.036,Yes
1249,Bajel Projects Limited,BAJEL.NS,30.77,0.523,1.867,Yes
1250,Purple Agrotech Industries Limited,PURPLE.BO,38.67,0.639,1.067,Yes
1251,Sagility Limited,SAGILITY.NS,24.06,0.42,0.358,Yes
1252,Golechha Global Finance Limited,GOLECHA.BO,42.43,0.693,0.3,No
1253,Fineotex Chemical Limited,FCL.BO,36.87,0.614,1.266,Yes
1254,Fineotex Chemical Limited,FCL.NS,36.86,0.614,1.254,Yes
1255,Mankind Pharma Limited,MANKIND.NS,14.39,0.261,0.502,Yes
1256,Joindre Capital Services Limited,JOINDRE.BO,24.68,0.43,1.571,Yes
1257,Gufic Biosciences Limited,GUFICBIO.NS,22.14,0.39,0.592,Yes
1258,Sagility Limited,SAGILITY.BO,23.95,0.419,0.352,Yes
1259,South West Pinnacle Exploration Limited,SOUTHWEST.NS,32.39,0.55,0.227,Yes
1260,Ambassador Intra Holdings Limited,AIHL.BO,37.82,0.63,0.508,No
1261,ntc industries limited,NTCIND.BO,27.11,0.47,1.076,Yes
1262,Jupiter Life Line Hospitals Limited,JLHL.BO,16.06,0.291,0.563,Yes
1263,Naga Dhunseri Group Limited,NDGL.NS,34.3,0.581,1.643,Yes
1264,Tirupati Foam Limited,TIRUFOAM.BO,42.41,0.698,1.125,Yes
1265,KJMC Financial Services Limited,KJMCFIN.BO,24.15,0.425,0.872,Yes
1266,Stanpacks (India) Limited,STANPACK.BO,25.75,0.45,0.34,Yes
1267,Gufic Biosciences Limited,GUFICBIO.BO,21.96,0.39,0.574,Yes
1268,Cybele Industries Ltd,CYBELEIND.BO,42.4,0.7,1.138,Yes
1269,Associated Alcohols & Breweries Limited,ASALCBR.BO,29.1,0.504,1.973,Yes
1270,The Fertilisers and Chemicals Travancore Limited,FACT.BO,28.76,0.499,1.271,Yes
1271,The Fertilisers and Chemicals Travancore Limited,FACT.NS,28.84,0.501,1.314,Yes
1272,Associated Alcohols & Breweries Limited,ASALCBR.NS,29.1,0.505,1.988,Yes
1273,Sona BLW Precision Forgings Limited,SONACOMS.NS,19.0,0.343,1.222,Yes
1274,Gokak Textiles Limited,GOKAKTEX.BO,84.51,1.231,2.142,Yes
1275,Gujarat Industries Power Company Limited,GIPCL.NS,26.11,0.459,1.641,Yes
1276,Sona BLW Precision Forgings Limited,SONACOMS.BO,18.91,0.342,1.219,Yes
1277,Gujarat Industries Power Company Limited,GIPCL.BO,25.93,0.457,1.641,Yes
1278,Mankind Pharma Limited,MANKIND.BO,14.07,0.26,0.506,Yes
1279,Gandhi Special Tubes Limited,GANDHITUBE.NS,17.63,0.321,0.773,Yes
1280,A B Infrabuild Limited,ABINFRA.BO,37.08,0.628,1.218,Yes
1281,Kisan Mouldings Limited,KISAN.BO,80.49,1.19,1.516,Yes
1282,Shiva Granito Export Limited,SHIVAEXPO.BO,49.77,0.808,0.765,No
1283,Sunil Healthcare Limited,SUNLOC.BO,27.93,0.489,0.526,Yes
1284,Kilitch Drugs (India) Limited,KILITCH.BO,22.46,0.403,1.572,Yes
1285,Artemis Electricals and Projects Limited,AEPL.NS,43.12,0.718,4.173,Yes
1286,IFB Industries Limited,IFBIND.NS,34.04,0.586,2.249,Yes
1287,Kilitch Drugs (India) Limited,KILITCH.NS,22.15,0.399,1.561,Yes
1288,Uniroyal Industries Limited,UNIROYAL.BO,25.47,0.453,0.708,Yes
1289,Chowgule Steamships Limited,CHOWGULSTM.BO,35.6,0.61,0.806,Yes
1290,Bazel International Limited,BAZELINTER.BO,37.41,0.638,1.585,Yes
1291,Gandhi Special Tubes Limited,GANDHITUBE.BO,17.22,0.317,0.759,Yes
1292,Procter & Gamble Health Limited,PGHL.NS,10.63,0.202,0.335,Yes
1293,Jupiter Life Line Hospitals Limited,JLHL.NS,16.33,0.303,0.56,Yes
1294,Modulex Construction Technologies Limited,MODULEX.BO,33.9,0.588,1.705,Yes
1295,Motilal Oswal Financial Services Limited,MOTILALOFS.NS,36.38,0.626,1.121,Yes
1296,DSPAMC - DSPPVBKETF,PVTBANKADD.NS,8.68,0.166,1.06,Yes
1297,Alphalogic Industries Limited,ALPHAIND.BO,43.99,0.738,1.37,No
1298,Manorama Industries Limited,MANORAMA.BO,41.84,0.707,1.032,Yes
1299,Saptarishi Agro Industries Ltd,SPTRSHI.BO,44.43,0.744,0.66,Yes
1300,Yogi Infra Projects Limited,YOGISUNG.BO,54.92,0.89,1.786,Yes
1301,Naturite Agro Products Limited,NAPL.BO,61.05,0.971,0.231,Yes
1302,Bajel Projects Limited,BAJEL.BO,29.09,0.516,1.884,Yes
1303,Anand Rathi Share and Stock Brokers Limited,ARSSBL.NS,41.13,0.7,3.025,Yes
1304,Elango Industries Limited,ELANGO.BO,38.35,0.66,0.747,Yes
1305,Bharatiya Global Infomedia Limited,BGLOBAL.BO,23.92,0.435,0.325,Yes
1306,Jubilant Ingrevia Limited,JUBLINGREA.NS,22.57,0.413,1.812,Yes
1307,Fourth Generation Information Systems Limited,4THGEN.BO,12.0,0.229,0.175,Yes
1308,BlackBuck Limited,BLACKBUCK.BO,21.54,0.397,0.07,No
1309,ITL Industries Limited,ITL.BO,24.05,0.439,0.052,Yes
1310,Procter & Gamble Health Limited,PGHL.BO,10.67,0.206,0.348,Yes
1311,ICICIPRAMC - ICICIBANKP,PVTBANIETF.NS,8.2,0.16,1.01,Yes
1312,Bella Casa Fashion & Retail Limited,BELLACASA.BO,30.34,0.542,1.678,Yes
1313,Foseco Crucible (India) Limited,FOSECOC.BO,21.45,0.396,0.85,Yes
1314,Oriental Rail Infrastructure Limited,ORIRAIL.BO,47.41,0.799,2.704,Yes
1315,Arman Holdings Limited,ARMAN.BO,28.99,0.521,1.106,No
1316,Jagsonpal Pharmaceuticals Limited,JAGSNPHARM.BO,26.99,0.489,0.11,Yes
1317,Le Lavoir Limited,LELAVOIR.BO,67.83,1.073,0.065,Yes
1318,Rajvir Industries Limited,RAJVIR.BO,15.46,0.294,0.11,No
1319,Tenneco Clean Air India Limited,TENNIND.NS,18.68,0.35,1.289,Yes
1320,Rander Corporation Limited,RANDER.BO,23.94,0.44,0.162,Yes
1321,Jubilant Ingrevia Limited,JUBLINGREA.BO,22.44,0.415,1.81,Yes
1322,G.M. Breweries Limited,GMBREW.BO,31.69,0.567,1.641,Yes
1323,Jagsonpal Pharmaceuticals Limited,JAGSNPHARM.NS,27.27,0.496,0.099,Yes
1324,Reliable Data Services Limited,RELIABLE.BO,52.34,0.872,0.449,Yes
1325,Summit Securities Limited,SUMMITSEC.NS,29.04,0.525,2.319,Yes
1326,G.M. Breweries Limited,GMBREW.NS,31.56,0.565,1.646,Yes
1327,SBI Nifty Private Bank ETF,SBIETFPB.NS,8.39,0.165,1.049,Yes
1328,Tenneco Clean Air India Limited,TENNIND.BO,18.76,0.353,1.307,Yes
1329,Dolat Algotech Limited,DOLATALGO.NS,38.85,0.68,0.949,Yes
1330,Zee Learn Limited,ZEELEARN.NS,32.53,0.583,1.247,Yes
1331,DJ Mediaprint & Logistics Limited,DJML.BO,32.8,0.587,0.331,Yes
1332,Maruti Suzuki India Limited,MARUTI.NS,13.61,0.263,0.813,Yes
1333,Dolat Algotech Limited,DOLATALGO.BO,38.82,0.681,0.952,Yes
1334,Salzer Electronics Limited,SALZERELEC.BO,37.3,0.659,1.786,Yes
1335,G.K. Consultants Limited,GKCONS.BO,36.06,0.639,1.482,Yes
1336,LIC MF ETF Sensex,LICNETFSEN.BO,8.28,0.164,1.003,Yes
1337,Krishna GVK Luxury Hotels Limited,TAJGVK.NS,21.73,0.408,0.32,Yes
1338,Salzer Electronics Limited,SALZERELEC.NS,37.19,0.66,1.795,Yes
1339,Summit Securities Limited,SUMMITSEC.BO,28.71,0.525,2.321,Yes
1340,Greaves Cotton Limited,GREAVESCOT.NS,29.77,0.543,1.511,Yes
1341,HDFC Nifty PSU Bank ETF,HDFCPSUBK.NS,11.78,0.231,1.132,Yes
1342,Trent Limited,TRENT.NS,27.41,0.505,2.165,Yes
1343,S V Global Mill Limited,SVGLOBAL.BO,23.06,0.432,1.378,Yes
1344,Misquita Engineering Limited,MISQUITA.BO,36.78,0.655,0.458,Yes
1345,Kay Power and Paper Limited,KAYPOWR.BO,45.46,0.786,2.185,Yes
1346,Gala Precision Engineering Limited,GALAPREC.BO,28.49,0.523,0.492,No
1347,KSB Limited,KSB.NS,17.15,0.329,0.961,Yes
1348,Gala Precision Engineering Limited,GALAPREC.NS,28.23,0.519,0.546,No
1349,RR Metalmakers India Limited,RRMETAL.BO,46.91,0.809,1.125,Yes
1350,N.K. Industries Limited,NKIND.BO,46.71,0.807,0.019,Yes
1351,Maruti Suzuki India Limited,MARUTI.BO,13.47,0.263,0.819,Yes
1352,Bosch Home Comfort India Limited,BOSCH-HCIL.NS,26.28,0.488,1.384,Yes
1353,RDB Rasayans Limited,RDBRL.BO,22.0,0.416,1.157,Yes
1354,DJ Mediaprint & Logistics Limited,DJML.NS,32.68,0.594,0.411,Yes
1355,JK Tyre & Industries Limited,JKTYRE.NS,21.54,0.409,1.535,Yes
1356,Bosch Home Comfort India Limited,BOSCH-HCIL.BO,26.65,0.496,1.435,Yes
1357,Shreevatsaa Finance and Leasing Limited,SHVFL.BO,37.66,0.674,0.177,No
1358,Roadstar Infra Investment Trust Fund,ROADSTAR.BO,23.97,0.451,0.802,No
1359,Bhatia Communications & Retail (India) Limited,BHATIA.BO,33.26,0.605,0.331,Yes
1360,N R Agarwal Industries Limited,NRAIL.BO,24.11,0.454,1.203,Yes
1361,Global Education Limited,GLOBAL.NS,30.48,0.561,1.129,Yes
1362,Modern Threads (India) Limited,MODTHREAD.BO,31.37,0.576,0.7,Yes
1363,KSB Limited,KSB.BO,16.99,0.33,0.992,Yes
1364,N R Agarwal Industries Limited,NRAIL.NS,23.4,0.443,1.193,Yes
1365,Ruparel Food Products Limited,RFL.BO,32.99,0.604,1.366,Yes
1366,DLF Limited,DLF.NS,15.2,0.298,1.532,Yes
1367,Key Corp Limited,KEYCORP.BO,44.07,0.777,0.754,Yes
1368,Prataap Snacks Limited,DIAMONDYD.NS,17.08,0.333,0.479,Yes
1369,Daikaffil Chemicals India Limited,DAIKAFFI.BO,47.51,0.831,0.3,Yes
1370,Typhoon Financial Services Limited,TFSL.BO,56.12,0.955,0.215,No
1371,InfoBeans Technologies Limited,INFOBEAN.NS,34.28,0.629,1.857,Yes
1372,Mirae Asset Nifty Energy ETF,ENERGY.NS,11.83,0.237,0.895,Yes
1373,InfoBeans Technologies Limited,INFOBEAN.BO,34.79,0.637,1.847,Yes
1374,NPR Finance Limited,NPRFIN.BO,27.69,0.521,1.18,Yes
1375,Mirae Asset Nifty 50 Equal Weight ETF,EQUAL50.NS,7.24,0.148,0.935,Yes
1376,Trident Lifeline Limited,TLL.BO,22.73,0.437,1.061,Yes
1377,Motilal Oswal Nifty 50 Equal Weight ETF,MON50EQUAL.NS,7.29,0.149,0.951,Yes
1378,Prataap Snacks Limited,DIAMONDYD.BO,17.06,0.335,0.5,Yes
1379,Mehai Technology Limited,MEHAI.BO,68.86,1.134,2.194,Yes
1380,ICICI Prudential Nifty200 Value 30 ETF,VAL30IETF.NS,10.07,0.204,1.154,Yes
1381,Cipla Limited,CIPLA.NS,8.83,0.18,0.633,Yes
1382,Garware Technical Fibres Limited,GARFIBRES.NS,12.95,0.26,0.687,Yes
1383,ICICI Prudential Mutual Fund - ICICI Prudential Nifty 200 Value 30 ETF,VAL30IETF.BO,10.34,0.21,1.167,Yes
1384,Starcom Information Technology Limited,STARCOM.BO,51.71,0.903,1.146,Yes
1385,Yash Innoventures Limited,YASHINNO.BO,38.33,0.7,0.521,No
1386,Marsons Limited,MARSONS.NS,35.65,0.658,1.698,Yes
1387,IDBI Bank Limited,IDBI.NS,25.0,0.481,2.192,Yes
1388,Challani Capital Limited,CHALLANI.BO,40.89,0.743,0.127,No
1389,Garware Technical Fibres Limited,GARFIBRES.BO,12.86,0.26,0.681,Yes
1390,Meyer Apparel Limited,MAL.BO,54.63,0.952,0.63,Yes
1391,HPL Electric & Power Limited,HPL.BO,29.27,0.557,2.551,Yes
1392,HPL Electric & Power Limited,HPL.NS,29.28,0.557,2.555,Yes
1393,CIL Securities Limited,CILSEC.BO,20.47,0.404,1.469,Yes
1394,Gillette India Limited,GILLETTE.BO,12.36,0.252,0.481,Yes
1395,The KCP Limited,KCP.BO,25.05,0.485,2.234,Yes
1396,EMS Limited,EMSLIMITED.NS,30.66,0.583,1.96,Yes
1397,EMS Limited,EMSLIMITED.BO,30.67,0.583,1.955,Yes
1398,Hitech Corporation Limited,HITECHCORP.BO,31.05,0.589,0.892,Yes
1399,Inox Wind Limited,INOXWIND.BO,36.82,0.685,2.933,Yes
1400,Inox Wind Limited,INOXWIND.NS,36.74,0.684,2.927,Yes
1401,Mac Hotels Limited,MACH.BO,26.46,0.511,0.615,Yes
1402,Rane Holdings Limited,RANEHOLDIN.BO,21.04,0.416,1.434,Yes
1403,United Credit Limited,UNITDCR.BO,27.9,0.537,1.986,Yes
1404,Nagreeka Capital & Infrastructure Ltd.,NAGREEKCAP.NS,32.01,0.608,1.843,Yes
1405,Century Enka Limited,CENTENKA.NS,18.88,0.377,0.616,Yes
1406,Ace Alpha Tech Limited,ACEALPHA.BO,25.58,0.498,1.426,Yes
1407,WeP Solutions Limited,WEPSOLN.BO,26.42,0.514,1.501,Yes
1408,Rane Holdings Limited,RANEHOLDIN.NS,21.08,0.419,1.427,Yes
1409,Ceeta Industries Ltd.,CEETAIN.BO,16.3,0.33,0.089,Yes
1410,The KCP Limited,KCP.NS,24.56,0.482,2.224,Yes
1411,S&P BSE SENSEX,^BSESN,6.47,0.137,1.0,Yes
1412,Gennex Laboratories Limited,GENNEX.BO,36.36,0.684,1.849,Yes
1413,HDFC NIFTY Growth Sectors 15 ETF,HDFCGROWTH.NS,7.05,0.149,0.836,Yes
1414,Kabra Extrusiontechnik Limited,KABRAEXTRU.BO,34.08,0.647,1.414,Yes
1415,NGL Fine-Chem Limited,NGLFINE.BO,25.01,0.491,0.898,Yes
1416,Kabra Extrusiontechnik Limited,KABRAEXTRU.NS,33.83,0.644,1.378,Yes
1417,T. Spiritual World Limited,TSPIRITUAL.BO,46.31,0.844,0.553,Yes
1418,Winsome Textile Industries Limited,WINSOMTX.BO,19.62,0.395,1.316,Yes
1419,Porwal Auto Components Limited,PORWAL.BO,24.48,0.484,0.918,Yes
1420,NGL Fine-Chem Limited,NGLFINE.NS,25.02,0.494,0.892,Yes
1421,DLF Limited,DLF.BO,14.44,0.298,1.541,Yes
1422,Axis Bank Limited,AXISBANK.NS,11.0,0.23,0.994,Yes
1423,Hindustan Bio Sciences Limited,HINDBIO.BO,39.46,0.742,1.086,No
1424,Abirami Financial Services (India) Limited,ABIRAFN.BO,20.73,0.418,0.599,Yes
1425,Morgan Ventures Limited,MORGAN.BO,32.7,0.631,1.297,Yes
1426,Gillette India Limited,GILLETTE.NS,12.04,0.252,0.493,Yes
1427,Saregama India Limited,SAREGAMA.NS,19.39,0.394,0.974,Yes
1428,Garware Offshore Services Limited,GARWAOFFS.BO,34.83,0.668,2.761,Yes
1429,Anand Rayons Limited,ARL.BO,51.6,0.937,1.168,Yes
1430,Hester Biosciences Limited,HESTERBIO.NS,28.27,0.557,1.578,Yes
1431,Solex Energy Limited,SOLEX.NS,40.59,0.766,0.649,Yes
1432,GRM Overseas Limited,GRMOVER.NS,27.32,0.541,1.23,Yes
1433,Rajvir Industries Limited,RAJVIR.NS,11.59,0.244,0.323,Yes
1434,Arihant Superstructures Limited,ARIHANTSUP.BO,32.18,0.627,2.351,Yes
1435,Mangalam Organics Limited,MANORG.BO,29.85,0.586,0.955,Yes
1436,Techknowgreen Solutions Limited,TECHKGREEN.BO,42.13,0.793,0.975,Yes
1437,DIC India Limited,DICIND.NS,13.81,0.289,1.039,Yes
1438,GRM Overseas Limited,GRMOVER.BO,27.29,0.542,1.277,Yes
1439,Ratnabhumi Developers Limited,RATNABHUMI.BO,65.42,1.143,1.727,Yes
1440,Tata Nifty Private Bank ETF,NPBET.NS,7.76,0.167,1.058,Yes
1441,Fraser and Company Limited,FRASER.BO,31.85,0.623,0.506,No
1442,Hester Biosciences Limited,HESTERBIO.BO,27.94,0.555,1.554,Yes
1443,N B Footwear Limited,NBFOOT.BO,50.84,0.933,1.308,Yes
1444,Bansal Roofing Products Limited,BRPL.BO,30.75,0.605,0.778,Yes
1445,RACL Geartech Limited,RACLGEAR.BO,20.09,0.412,0.61,Yes
1446,Haldyn Glass Limited,HALDYNGL.BO,27.11,0.541,1.389,Yes
1447,Telogica Limited,TELOGICA.BO,39.48,0.754,1.827,Yes
1448,Arihant Superstructures Limited,ARIHANTSUP.NS,31.56,0.621,2.287,Yes
1449,Jindal Hotels Limited,JINDHOT.BO,28.53,0.568,1.033,Yes
1450,Mangalam Organics Limited,MANORG.NS,29.15,0.58,0.826,Yes
1451,Bikaji Foods International Limited,BIKAJI.NS,13.61,0.288,0.914,Yes
1452,Yes Bank Limited,YESBANK.NS,16.11,0.338,1.374,Yes
1453,Ddev Plastiks Industries Limited,DDEVPLSTIK.BO,27.43,0.55,1.463,Yes
1454,NAPS Global India Limited,NAPSGLOBAL.BO,23.92,0.487,1.054,Yes
1455,Bikaji Foods International Limited,BIKAJI.BO,13.51,0.288,0.927,Yes
1456,Milestone Global Limited,MILESTONE.BO,33.43,0.659,0.729,Yes
1457,Godrej Agrovet Limited,GODREJAGRO.NS,17.13,0.36,1.337,Yes
1458,Godrej Agrovet Limited,GODREJAGRO.BO,17.19,0.361,1.341,Yes
1459,Shriram Asset Management Company Limited,SRAMSET.BO,37.6,0.732,2.598,Yes
1460,Algoquant Fintech Limited,ALGOQUANT.NS,20.36,0.424,1.626,Yes
1461,Olympic Oil Industries Limited,OLYOI.BO,45.27,0.862,1.045,Yes
1462,Shilp Gravures Limited,SHILGRAVQ.BO,35.15,0.693,1.604,Yes
1463,Aplab Limited,APLAB.BO,32.43,0.649,1.535,Yes
1464,Auto Pins (India) Limited,AUTOPINS.BO,39.29,0.768,0.84,No
1465,Shah Metacorp Limited,SHAH.BO,27.86,0.568,1.387,Yes
1466,Axis Bank Limited,AXISBANK.BO,10.48,0.229,0.997,Yes
1467,Yes Bank Limited,YESBANK.BO,15.74,0.337,1.378,Yes
1468,Transvoy Logistics India Limited,TRANSVOY.BO,44.07,0.851,0.297,Yes
1469,Suraj Limited,SURAJLTD.BO,26.12,0.538,0.994,Yes
1470,Triveni Turbine Limited,TRITURBINE.BO,22.64,0.473,1.369,Yes
1471,Shah Metacorp Limited,SHAH.NS,28.12,0.576,1.396,Yes
1472,Triveni Turbine Limited,TRITURBINE.NS,22.54,0.472,1.362,Yes
1473,Ice Make Refrigeration Limited,ICEMAKE.NS,23.42,0.489,1.003,Yes
1474,Rose Merc Limited,ROSEMER.BO,65.48,1.184,0.265,Yes
1475,Aeroflex Enterprises Limited,AEROENTER.NS,26.64,0.549,1.905,Yes
1476,Hawkins Cookers Limited,HAWKINCOOK.BO,10.01,0.221,0.406,Yes
1477,Vamshi Rubber Limited,VAMSHIRU.BO,27.05,0.558,0.628,Yes
1478,Systematix Securities Ltd.,SYTIXSE.BO,32.64,0.66,1.388,Yes
1479,Kumbhat Financial Services Limited,KUMPFIN.BO,27.7,0.572,1.065,Yes
1480,Aeroflex Enterprises Limited,AEROENTER.BO,26.37,0.547,1.906,Yes
1481,Citadel Realty and Developers Limited,CITADEL.BO,26.85,0.557,1.205,Yes
1482,Ujjivan Small Finance Bank Limited,UJJIVANSFB.BO,17.35,0.374,1.078,Yes
1483,Anuh Pharma Limited,ANUHPHR.BO,19.64,0.42,1.337,Yes
1484,Ujjivan Small Finance Bank Limited,UJJIVANSFB.NS,17.35,0.375,1.082,Yes
1485,Trejhara Solutions Limited,TREJHARA.BO,26.77,0.558,2.031,Yes
1486,Sumeet Industries Limited,SUMEETINDS.NS,67.12,1.224,0.814,Yes
1487,The New India Assurance Company Limited,NIACL.BO,31.45,0.645,2.082,Yes
1488,The Cochin Malabar Estates And Industries Limited,COCHMAL.BO,26.55,0.556,0.744,Yes
1489,The New India Assurance Company Limited,NIACL.NS,31.47,0.647,2.09,Yes
1490,Arihant's Securities Limited,ARISE.BO,24.58,0.519,1.574,Yes
1491,Ashtasidhhi Industries Limited,GUJINV.BO,25.8,0.544,0.345,Yes
1492,Unichem Laboratories Limited,UNICHEMLAB.BO,21.28,0.457,1.066,Yes
1493,First Fintec Limited,FIRSTFIN.BO,32.33,0.666,0.646,Yes
1494,Munoth Capital Market Limited,MUNCAPM.BO,52.71,1.014,0.436,Yes
1495,Godrej Properties Limited,GODREJPROP.NS,17.46,0.382,1.879,Yes
1496,Banaras Beads Limited,BANARBEADS.NS,17.34,0.38,0.872,Yes
1497,MRF Limited,MRF.NS,11.56,0.259,1.136,Yes
1498,Kotak Mahindra Bank Limited,KOTAKBANK.NS,9.09,0.206,0.996,Yes
1499,Sunil Industries Limited,SUNILTX.BO,33.97,0.7,0.08,Yes
1500,TBO Tek Limited,TBOTEK.NS,20.41,0.444,1.919,Yes
1501,Reliance Home Finance Limited,RHFL.BO,54.26,1.047,1.581,Yes
1502,Shikhar Consultants Limited,SHIKHAR.BO,43.51,0.871,0.198,No
1503,Catvision Limited,CATVISION.BO,33.92,0.702,2.764,Yes
1504,Jay Kailash Namkeen Limited,JAYKAILASH.BO,63.12,1.187,2.336,Yes
1505,Vesuvius India Limited,VESUVIUS.BO,17.76,0.392,0.792,Yes
1506,Yuken India Limited,YUKEN.BO,25.53,0.547,1.61,Yes
1507,D. P. Abhushan Limited,DPABHUSHAN.BO,19.71,0.432,1.061,Yes
1508,TBO Tek Limited,TBOTEK.BO,20.11,0.441,1.909,Yes
1509,Prabha Energy Limited,PRABHA.BO,25.05,0.539,1.22,Yes
1510,Nagreeka Capital & Infrastructure Ltd.,NAGREEKCAP.BO,31.16,0.656,1.889,Yes
1511,Century Extrusions Limited,CENTEXT.NS,27.3,0.583,1.472,Yes
1512,Yuken India Limited,YUKEN.NS,25.05,0.541,1.597,Yes
1513,Vesuvius India Limited,VESUVIUS.NS,17.71,0.394,0.798,Yes
1514,PCS Technology Limited,PCS.BO,28.47,0.608,1.471,Yes
1515,Garnet International Limited,GARNETINT.BO,37.53,0.778,1.376,Yes
1516,Banaras Beads Limited,BANARBEADS.BO,17.07,0.383,0.895,Yes
1517,ADF Foods Limited,ADFFOODS.BO,20.45,0.454,0.978,Yes
1518,Genus Power Infrastructures Limited,GENUSPOWER.NS,23.77,0.521,1.594,Yes
1519,Genus Power Infrastructures Limited,GENUSPOWER.BO,23.72,0.52,1.582,Yes
1520,Jullundur Motor Agency (Delhi) Limited,JMA.NS,18.44,0.413,0.873,Yes
1521,ESAB India Limited,ESABINDIA.NS,12.83,0.294,0.822,Yes
1522,Trejhara Solutions Limited,TREJHARA.NS,25.6,0.559,2.03,Yes
1523,Sumeet Industries Limited,SUMEETINDS.BO,60.52,1.174,0.821,Yes
1524,Deccan Polypacks Limited,DECPO.BO,34.37,0.728,0.467,No
1525,Anik Industries Limited,ANIKINDS.BO,31.7,0.679,2.062,Yes
1526,ADF Foods Limited,ADFFOODS.NS,22.64,0.502,1.243,Yes
1527,Gratex Industries Limited,GRATEXI.BO,24.03,0.53,0.625,Yes
1528,Vaxtex Cotfab Limited,VCL.NS,47.68,0.967,1.068,Yes
1529,Impex Ferro Tech Limited,IMPEXFERRO.NS,31.85,0.683,0.808,Yes
1530,Pfizer Limited,PFIZER.NS,13.66,0.314,0.809,Yes
1531,B2B Software Technologies Limited,B2BSOFT.BO,25.51,0.562,0.697,Yes
1532,Gujarat Cotex Limited,GUJCOTEX.BO,49.16,0.997,1.882,Yes
1533,Lotus Eye Hospital and Institute Limited,LOTUSEYE.NS,23.86,0.53,1.075,Yes
1534,Reliance Home Finance Limited,RHFL.NS,50.82,1.027,1.524,Yes
1535,Avadh Sugar & Energy Limited,AVADHSUGAR.BO,27.19,0.597,0.375,Yes
1536,Avadh Sugar & Energy Limited,AVADHSUGAR.NS,27.24,0.599,0.334,Yes
1537,Electronics Mart India Limited,EMIL.NS,24.1,0.536,1.194,Yes
1538,Mangalam Global Enterprise Limited,MGEL.BO,17.7,0.404,0.217,Yes
1539,Lotus Eye Hospital and Institute Limited,LOTUSEYE.BO,22.66,0.508,0.971,Yes
1540,Electronics Mart India Limited,EMIL.BO,23.82,0.533,1.2,Yes
1541,Shoora Designs Limited,SHOORA.BO,38.55,0.819,0.568,Yes
1542,REC Limited,RECLTD.NS,16.26,0.376,1.606,Yes
1543,Poly Medicure Limited,POLYMED.BO,17.54,0.403,1.003,Yes
1544,Kamdhenu Limited,KAMDHENU.NS,25.97,0.578,2.048,Yes
1545,EIH Limited,EIHOTEL.NS,15.75,0.365,1.169,Yes
1546,Radix Industries (India) Limited,RADIXIND.BO,14.99,0.349,0.041,No
1547,Cholamandalam Financial Holdings Limited,CHOLAHLDNG.BO,17.12,0.396,1.514,Yes
1548,UTI Asset Management Company Limited,UTIAMC.BO,12.6,0.297,0.749,Yes
1549,GP Petroleums Limited,GULFPETRO.BO,24.96,0.56,1.751,Yes
1550,Poly Medicure Limited,POLYMED.NS,17.47,0.404,0.99,Yes
1551,Prabha Energy Limited,PRABHA.NS,24.2,0.545,1.251,Yes
1552,Britannia Industries Limited,BRITANNIA.NS,9.28,0.222,1.09,Yes
1553,Datamatics Global Services Limited,DATAMATICS.NS,20.57,0.471,0.742,Yes
1554,Hipolin Limited,HIPOLIN.BO,42.34,0.896,1.645,Yes
1555,Cholamandalam Financial Holdings Limited,CHOLAHLDNG.NS,16.96,0.395,1.519,Yes
1556,Datamatics Global Services Limited,DATAMATICS.BO,20.51,0.471,0.748,Yes
1557,RailTel Corporation of India Limited,RAILTEL.BO,22.39,0.51,2.197,Yes
1558,RailTel Corporation of India Limited,RAILTEL.NS,22.39,0.511,2.189,Yes
1559,UTI Asset Management Company Limited,UTIAMC.NS,12.46,0.296,0.754,Yes
1560,Vodafone Idea Limited,IDEA.BO,21.78,0.499,1.316,Yes
1561,Rail Vikas Nigam Limited,RVNL.NS,29.57,0.658,1.83,Yes
1562,Rail Vikas Nigam Limited,RVNL.BO,29.58,0.659,1.824,Yes
1563,KIOCL Limited,KIOCL.BO,20.36,0.47,1.118,Yes
1564,KIOCL Limited,KIOCL.NS,20.27,0.468,1.116,Yes
1565,Simplex Realty Limited,SIMPLXREA.BO,22.27,0.511,0.21,No
1566,Hindustan Adhesives Limited,HINDADH.BO,18.12,0.424,0.964,Yes
1567,Lords Ishwar Hotels Limited,LORDSHOTL.BO,29.56,0.665,0.223,Yes
1568,Thermax Limited,THERMAX.NS,17.71,0.417,0.683,Yes
1569,GP Petroleums Limited,GULFPETRO.NS,24.14,0.556,1.737,Yes
1570,Euro Pratik Sales Limited,EUROPRATIK.NS,27.72,0.63,2.887,Yes
1571,Bloom Industries Limited,BLOIN.BO,18.9,0.445,1.418,Yes
1572,Kamdhenu Limited,KAMDHENU.BO,24.67,0.569,2.029,Yes
1573,Mehta Integrated Finance Limited,MEHIF.BO,22.22,0.517,0.163,Yes
1574,Euro Pratik Sales Limited,EUROPRATIK.BO,27.74,0.632,2.888,Yes
1575,Anik Industries Limited,ANIKINDS.NS,29.27,0.663,1.98,Yes
1576,Kiran Vyapar Limited,KIRANVYPAR.BO,16.53,0.394,1.482,Yes
1577,Jackson Investments Limited,JACKSON.BO,33.22,0.744,0.874,Yes
1578,United Interactive Limited,UNITEDINT.BO,30.78,0.696,0.531,Yes
1579,Kapil Raj Finance Limited,KAPILRAJ.BO,48.8,1.038,0.072,Yes
1580,Kriti Nutrients Limited,KRITINUT.BO,29.87,0.681,2.102,Yes
1581,IVP Limited,IVP.NS,19.49,0.463,1.171,Yes
1582,Sheshadri Industries Limited,SHESHAINDS.BO,14.66,0.355,0.383,Yes
1583,Vodafone Idea Limited,IDEA.NS,21.06,0.498,1.326,Yes
1584,Tata Consumer Products Limited,TATACONSUM.BO,9.96,0.247,1.14,Yes
1585,Indegene Limited,INDGN.NS,12.9,0.316,1.276,Yes
1586,Jinkushal Industries Limited,JKIPL.BO,57.6,1.202,5.119,Yes
1587,Tata Consumer Products Limited,TATACONSUM.NS,9.91,0.246,1.138,Yes
1588,Apollo Tyres Limited,APOLLOTYRE.NS,12.26,0.302,1.16,Yes
1589,LKP Securities Limited,LKPSEC.BO,27.97,0.648,1.73,Yes
1590,Indegene Limited,INDGN.BO,12.8,0.315,1.271,Yes
1591,AMJ Land Holdings Limited,AMJLAND.NS,19.33,0.463,1.875,Yes
1592,Hindustan Organic Chemicals Limited,HOCL.BO,34.26,0.776,2.991,Yes
1593,Dhruva Capital Services Limited,DHRUVCA.BO,40.74,0.902,1.128,Yes
1594,IVP Limited,IVP.BO,19.16,0.46,1.249,Yes
1595,SKM Egg Products Export (India) Limited,SKMEGGPROD.NS,26.24,0.614,1.022,Yes
1596,Veranda Learning Solutions Limited,VERANDA.NS,25.72,0.604,2.135,Yes
1597,Swastika Investmart Limited,SWASTIKA.BO,43.27,0.955,1.635,Yes
1598,Ventura Textiles Limited,VENTURA.BO,55.48,1.176,3.322,Yes
1599,Shri Vasuprada Plantations Limited,VASUPRADA.BO,13.48,0.333,0.788,Yes
1600,Source Natural Foods and Herbal Supplements Limited,SOURCENTRL.BO,35.08,0.797,2.99,Yes
1601,Dev Labtech Venture Limited,DEVLAB.BO,22.47,0.536,0.074,Yes
1602,SKM Egg Products Export (India) Limited,SKMEGGPROD.BO,25.96,0.611,0.963,Yes
1603,Neogen Chemicals Limited,NEOGEN.NS,21.65,0.52,1.187,Yes
1604,Elgi Equipments Limited,ELGIEQUIP.NS,14.41,0.357,1.219,Yes
1605,REC Limited,RECLTD.BO,15.35,0.378,1.612,Yes
1606,Aanchal Ispat Limited,AANCHALISP.BO,67.27,1.385,0.437,Yes
1607,Neogen Chemicals Limited,NEOGEN.BO,21.59,0.519,1.164,Yes
1608,Elgi Equipments Limited,ELGIEQUIP.BO,14.32,0.355,1.211,Yes
1609,Jay Ambe Supermarkets Limited,CITYSQUARE.BO,30.05,0.701,0.721,No
1610,Sumitomo Chemical India Limited,SUMICHEM.NS,15.29,0.378,0.705,Yes
1611,Piccadily Sugar & Allied Industries Limited,PICCASUG.BO,24.81,0.591,1.198,Yes
1612,Roni Households Limited,RONI.BO,31.11,0.727,0.904,Yes
1613,Promact Plastics Limited,PROMACT.BO,20.41,0.497,0.022,No
1614,Sumitomo Chemical India Limited,SUMICHEM.BO,15.12,0.376,0.702,Yes
1615,Shree Precoated Steels Limited,SPSL.BO,30.93,0.725,1.006,Yes
1616,Adani Green Energy Limited,ADANIGREEN.BO,24.83,0.597,2.707,Yes
1617,Electrosteel Castings Limited,ELECTCAST.NS,25.05,0.603,1.145,Yes
1618,Adani Green Energy Limited,ADANIGREEN.NS,24.63,0.595,2.706,Yes
1619,Jinkushal Industries Limited,JKIPL.NS,55.1,1.198,5.133,Yes
1620,Schaeffler India Limited,SCHAEFFLER.BO,14.18,0.358,1.123,Yes
1621,Balmer Lawrie & Co. Ltd.,BALMLAWRIE.BO,18.65,0.463,2.175,Yes
1622,Balmer Lawrie & Co. Ltd.,BALMLAWRIE.NS,18.64,0.463,2.173,Yes
1623,Octavius Plantations Limited,OCTAVIUSPL.BO,20.45,0.505,0.158,No
1624,Shree Ganesh Remedies Limited,SGRL.BO,18.97,0.472,1.486,Yes
1625,Schaeffler India Limited,SCHAEFFLER.NS,14.17,0.36,1.119,Yes
1626,Tricom Fruit Products Limited,TRICOMFRU.BO,35.63,0.833,1.531,Yes
1627,Ovobel Foods Limited,OVOBELE.BO,30.92,0.736,1.1,Yes
1628,Amanaya Ventures Limited,AMANAYA.BO,24.85,0.606,0.714,Yes
1629,Aditya Birla Real Estate Limited,ABREL.BO,17.85,0.448,2.051,Yes
1630,Venus Pipes and Tubes Limited,VENUSPIPES.NS,19.11,0.478,1.478,Yes
1631,Venus Pipes and Tubes Limited,VENUSPIPES.BO,19.15,0.479,1.497,Yes
1632,Kronox Lab Sciences Limited,KRONOX.BO,20.17,0.503,1.849,Yes
1633,Digicontent Limited,DGCONTENT.NS,24.73,0.606,1.659,Yes
1634,Om Metallogic Limited,OML.BO,42.84,0.983,3.67,Yes
1635,Aditya Birla Real Estate Limited,ABREL.NS,17.67,0.446,2.041,Yes
1636,Amba Enterprises Limited,AEL.BO,20.2,0.505,2.341,Yes
1637,Ashima Limited,ASHIMASYN.BO,30.39,0.732,2.344,Yes
1638,Poonawalla Fincorp Limited,POONAWALLA.NS,13.95,0.359,1.52,Yes
1639,Ashima Limited,ASHIMASYN.NS,30.54,0.736,2.395,Yes
1640,KP Green Engineering Limited,KPGEL.BO,37.25,0.876,1.719,Yes
1641,Poonawalla Fincorp Limited,POONAWALLA.BO,13.95,0.359,1.522,Yes
1642,ICICI Prudential Nifty Bank ETF,BANKIETF.NS,8.48,0.223,1.231,Yes
1643,Coastal Roadways Limited,COARO.BO,30.51,0.737,2.175,Yes
1644,India Lease Development Limited,INDLEASE.BO,21.49,0.54,1.15,Yes
1645,JSW Energy Limited,JSWENERGY.BO,12.81,0.334,1.007,Yes
1646,Tradewell Holdings Limited,TRADEWELL.BO,24.99,0.621,0.688,Yes
1647,Madhur Industries Limited,MADHURIND.BO,28.96,0.711,0.395,Yes
1648,Gujarat Craft Industries Limited,GUJCRAFT.BO,27.3,0.676,1.373,Yes
1649,DSPAMC - DSPSENXETF,SENSEXADD.NS,4.8,0.13,0.965,Yes
1650,Siemens Energy India Limited,ENRIN.NS,17.7,0.455,0.771,Yes
1651,Kemistar Corporation Limited,KEMISTAR.BO,41.03,0.968,0.192,No
1652,Epigral Limited,EPIGRAL.BO,19.39,0.496,1.873,Yes
1653,Zee Learn Limited,ZEELEARN.BO,23.49,0.591,1.385,Yes
1654,Digicontent Limited,DGCONTENT.BO,24.27,0.609,1.539,Yes
1655,Orient Ceratech Limited,ORIENTCER.NS,18.36,0.472,1.069,Yes
1656,Jana Small Finance Bank Limited,JSFB.NS,18.88,0.485,1.477,Yes
1657,Jana Small Finance Bank Limited,JSFB.BO,18.72,0.481,1.483,Yes
1658,Kronox Lab Sciences Limited,KRONOX.NS,19.79,0.507,1.896,Yes
1659,Orient Ceratech Limited,ORIENTCER.BO,18.25,0.471,1.093,Yes
1660,United Leasing & Industries Limited,UNTTEMI.BO,29.41,0.727,0.266,No
1661,Indef Manufacturing Limited,BAJAJINDEF.BO,43.53,1.023,3.226,Yes
1662,Agio Paper & Industries Limited,AGIOPAPER.BO,34.51,0.838,1.049,Yes
1663,Siemens Energy India Limited,ENRIN.BO,17.41,0.451,0.771,Yes
1664,WeWork India Management Limited,WEWORK.BO,14.28,0.375,1.187,Yes
1665,AMJ Land Holdings Limited,AMJLAND.BO,17.63,0.457,1.761,Yes
1666,Minolta Finance Limited,MINOLTAF.BO,28.11,0.7,1.008,No
1667,Modi Naturals Limited,MODINATUR.BO,21.52,0.55,0.909,Yes
1668,Epigral Limited,EPIGRAL.NS,19.42,0.5,1.89,Yes
1669,Prime Property Development Corporation Limited,PRIMEPRO.BO,18.95,0.489,1.312,Yes
1670,IRB Infrastructure Developers Limited,IRB.NS,16.92,0.441,0.524,Yes
1671,VJTF Eduservices Limited,VJTFEDU.BO,23.64,0.6,0.239,Yes
1672,IRB Infrastructure Developers Limited,IRB.BO,16.92,0.441,0.529,Yes
1673,South West Pinnacle Exploration Limited,SOUTHWEST.BO,20.6,0.529,0.498,Yes
1674,Jayant Agro-Organics Limited,JAYAGROGN.NS,14.02,0.371,1.273,Yes
1675,Navkar Urbanstructure Limited,NAVKARURB.BO,61.03,1.365,0.63,Yes
1676,SBFC Finance Limited,SBFC.BO,9.49,0.256,0.907,Yes
1677,Kesar Enterprises Limited,KESARENT.BO,31.38,0.776,0.055,No
1678,Ras Resorts and Apart Hotels Limited,RASRESOR.BO,15.52,0.408,1.163,Yes
1679,SBFC Finance Limited,SBFC.NS,9.49,0.256,0.91,Yes
1680,V.S.T. Tillers Tractors Limited,VSTTILLERS.BO,15.91,0.419,1.422,Yes
1681,Indef Manufacturing Limited,BAJAJINDEF.NS,42.69,1.02,3.152,Yes
1682,Shiva Texyarn Limited,SHIVATEX.NS,16.38,0.432,1.233,Yes
1683,Shiva Texyarn Limited,SHIVATEX.BO,17.29,0.454,1.475,Yes
1684,V.S.T. Tillers Tractors Limited,VSTTILLERS.NS,15.83,0.419,1.391,Yes
1685,Shree Manufacturing Company Limited,SHRMFGC.BO,39.96,0.965,0.238,No
1686,Kriti Nutrients Limited,KRITINUT.NS,26.82,0.68,2.202,Yes
1687,Excel Industries Limited,EXCELINDUS.NS,16.79,0.443,1.479,Yes
1688,Bengal & Assam Company Limited,BENGALASM.BO,14.07,0.376,0.604,Yes
1689,Ishan Dyes and Chemicals Limited,ISHANCH.NS,21.73,0.564,2.403,Yes
1690,WeWork India Management Limited,WEWORK.NS,14.68,0.392,1.396,Yes
1691,Edelweiss Nifty Bank ETF,EBANKNIFTY.NS,6.5,0.18,1.151,Yes
1692,Manoj Ceramic Limited,MCPL.BO,28.44,0.72,1.176,Yes
1693,Kush Industries Limited,KUSHIND.BO,23.31,0.604,0.881,Yes
1694,Mirae Asset Nifty Smallcap 250 Momentum Quality 100 ETF,SMALLCAP.NS,8.32,0.229,1.233,Yes
1695,Batliboi Limited,BATLIBOI.BO,19.94,0.525,1.879,Yes
1696,Unimech Aerospace and Manufacturing Limited,UNIMECH.BO,24.27,0.629,2.539,Yes
1697,Greenlam Industries Limited,GREENLAM.BO,13.07,0.355,0.746,Yes
1698,Onesource Industries and Ventures Limited,OIVL.BO,56.95,1.32,0.446,Yes
1699,HCL Technologies Limited,HCLTECH.NS,11.18,0.306,0.73,Yes
1700,Jayant Agro-Organics Limited,JAYAGROGN.BO,13.26,0.36,1.304,Yes
1701,Signet Industries Limited,SIGIND.BO,17.03,0.456,0.567,Yes
1702,Adani Enterprises Limited,ADANIENT.BO,14.17,0.384,1.376,Yes
1703,Power Mech Projects Limited,POWERMECH.NS,20.54,0.542,2.385,Yes
1704,Albert David Limited,ALBERTDAVD.NS,20.1,0.532,1.157,Yes
1705,JSW Energy Limited,JSWENERGY.NS,12.26,0.335,1.018,Yes
1706,Lagnam Spintex Limited,LAGNAM.NS,20.11,0.533,1.647,Yes
1707,ICICI PRUD SENSEX ETF,SENSEXIETF.NS,4.6,0.13,0.989,Yes
1708,Power Mech Projects Limited,POWERMECH.BO,20.5,0.543,2.379,Yes
1709,India Shelter Finance Corporation Limited,INDIASHLTR.NS,9.05,0.251,0.623,Yes
1710,Albert David Limited,ALBERTDAVD.BO,20.01,0.532,1.19,Yes
1711,Unimech Aerospace and Manufacturing Limited,UNIMECH.NS,24.02,0.629,2.528,Yes
1712,York Exports Limited,YORKEXP.BO,25.29,0.659,0.13,No
1713,Honasa Consumer Limited,HONASA.BO,14.28,0.389,0.644,Yes
1714,India Shelter Finance Corporation Limited,INDIASHLTR.BO,9.06,0.252,0.656,Yes
1715,KSE Limited,KSE.BO,13.03,0.358,0.683,Yes
1716,Texel Industries Limited,TEXELIN.BO,36.39,0.917,1.503,Yes
1717,Aveer Foods Limited,AVEER.BO,13.07,0.36,0.384,Yes
1718,Greenlam Industries Limited,GREENLAM.NS,12.82,0.354,0.754,Yes
1719,BMW Industries Ltd.,BMW.BO,25.39,0.667,1.884,Yes
1720,KPT Industries Limited,KPT.BO,22.85,0.609,2.311,Yes
1721,Bilcare Limited,BI.BO,25.68,0.677,1.247,Yes
1722,Aashka Hospitals Limited,AASHKA.BO,21.39,0.574,1.866,Yes
1723,Paras Petrofils Limited,PARASPETRO.NS,21.69,0.582,0.091,No
1724,VCU Data Management Limited,VCU.BO,17.22,0.47,1.621,Yes
1725,Longspur International Ventures Limited,LONGSPUR.BO,26.71,0.703,1.764,Yes
1726,Gujarat Hotels Limited,GUJHOTE.BO,14.02,0.388,0.669,Yes
1727,Advani Hotels & Resorts (India) Limited,ADVANIHOTR.BO,15.36,0.423,0.808,Yes
1728,Signet Industries Limited,SIGIND.NS,16.71,0.458,0.694,Yes
1729,Advani Hotels & Resorts (India) Limited,ADVANIHOTR.NS,15.28,0.422,0.804,Yes
1730,Aarvi Encon Limited,AARVI.NS,12.01,0.337,0.634,Yes
1731,Vindhya Telelinks Limited,VINDHYATEL.NS,22.94,0.616,0.938,Yes
1732,Motilal Oswal Nifty Energy ETF,MOENERGY.NS,7.88,0.225,0.819,Yes
1733,Honasa Consumer Limited,HONASA.NS,13.87,0.387,0.635,Yes
1734,Leo Dryfruits & Spices Trading Limited,VANDU.BO,16.86,0.465,1.683,Yes
1735,Remsons Industries Limited,REMSONSIND.NS,21.74,0.589,2.32,Yes
1736,Cyient DLM Limited,CYIENTDLM.BO,19.56,0.534,1.923,Yes
1737,Cyient DLM Limited,CYIENTDLM.NS,19.57,0.535,1.926,Yes
1738,HCL Technologies Limited,HCLTECH.BO,10.76,0.306,0.737,Yes
1739,Baazar Style Retail Limited,STYLEBAAZA.BO,25.96,0.697,1.803,Yes
1740,Tinna Rubber and Infrastructure Limited,TINNARUBR.NS,20.64,0.566,2.658,Yes
1741,Baazar Style Retail Limited,STYLEBAAZA.NS,25.69,0.692,1.781,Yes
1742,HBG Hotels Limited,HBGHOTELS.BO,22.33,0.61,1.916,Yes
1743,Laxmi India Finance Limited,LAXMIINDIA.BO,29.71,0.79,3.343,Yes
1744,MOIL Limited,MOIL.BO,16.94,0.476,1.05,Yes
1745,B & A Limited,BNALTD.BO,12.63,0.361,0.934,Yes
1746,eMudhra Limited,EMUDHRA.BO,15.23,0.431,0.729,Yes
1747,MOIL Limited,MOIL.NS,16.99,0.478,1.047,Yes
1748,eMudhra Limited,EMUDHRA.NS,15.23,0.431,0.662,Yes
1749,Davin Sons Retail Limited,DAVIN.BO,54.08,1.334,1.055,Yes
1750,Gokul Refoils & Solvent Limited,GOKUL.NS,15.48,0.439,0.67,Yes
1751,Dishman Carbogen Amcis Limited,DCAL.BO,20.63,0.573,1.771,Yes
1752,Century Plyboards (India) Limited,CENTURYPLY.BO,9.99,0.291,0.973,Yes
1753,Shanthi Gears Limited,SHANTIGEAR.BO,10.99,0.319,1.131,Yes
1754,Shanthi Gears Limited,SHANTIGEAR.NS,10.97,0.319,1.136,Yes
1755,Adani Enterprises Limited,ADANIENT.NS,13.32,0.384,1.385,Yes
1756,Scan Steels Limited,SCANSTL.BO,19.27,0.543,0.795,Yes
1757,Svarnim Trade Udyog Limited,SNIM.BO,44.23,1.139,1.732,Yes
1758,Ramkrishna Forgings Limited,RKFORGE.NS,15.78,0.453,1.779,Yes
1759,Century Plyboards (India) Limited,CENTURYPLY.NS,9.92,0.292,0.983,Yes
1760,Modi's Navnirman Limited,MODIS.NS,17.41,0.496,2.094,Yes
1761,G N A Axles Limited,GNA.NS,13.43,0.389,1.447,Yes
1762,Dishman Carbogen Amcis Limited,DCAL.NS,20.38,0.574,1.768,Yes
1763,Roselabs Finance Limited,ROSELABS.BO,22.76,0.636,0.938,No
1764,Skybiotech Healthcare Limited,SKYBIOTECH.BO,23.53,0.656,0.776,No
1765,Barak Valley Cements Limited,BVCL.BO,16.1,0.462,1.801,Yes
1766,Laxmi India Finance Limited,LAXMIINDIA.NS,29.08,0.794,3.315,Yes
1767,Dhanuka Agritech Limited,DHANUKA.BO,15.72,0.452,1.375,Yes
1768,Vikram Aroma Limited,VIKRAMAR.BO,26.31,0.727,1.11,Yes
1769,Dhanuka Agritech Limited,DHANUKA.NS,15.62,0.45,1.377,Yes
1770,Hindustan Agrigenetics Limited,HINDUST.BO,24.1,0.673,0.555,No
1771,Remsons Industries Limited,REMSONSIND.BO,20.66,0.585,2.314,Yes
1772,MFS Intercorp Limited,MFSINTRCRP.BO,32.12,0.873,0.186,No
1773,G N A Axles Limited,GNA.BO,13.18,0.386,1.434,Yes
1774,Repono Limited,REPONO.BO,27.72,0.768,2.028,Yes
1775,Lincoln Pharmaceuticals Limited,LINCOLN.BO,15.21,0.443,0.924,Yes
1776,Borosil Renewables Limited,BORORENEW.NS,16.26,0.472,1.127,Yes
1777,SSPDL Limited,SSPDL.BO,27.13,0.754,2.403,Yes
1778,AVT Natural Products Limited,AVTNPL.NS,12.21,0.36,1.014,Yes
1779,Borosil Renewables Limited,BORORENEW.BO,16.13,0.469,1.115,Yes
1780,Kretto Syscon Limited,KRETTOSYS.BO,31.04,0.852,0.663,Yes
1781,Lehar Footwears Limited,LEHAR.BO,20.14,0.577,1.57,Yes
1782,Pan Electronics (India) Limited,PANELEC.BO,36.1,0.975,0.557,No
1783,Lincoln Pharmaceuticals Limited,LINCOLN.NS,14.95,0.438,0.902,Yes
1784,Aurionpro Solutions Limited,AURIONPRO.NS,15.5,0.454,1.718,Yes
1785,Madhav Infra Projects Limited,MADHAVIPL.BO,23.46,0.668,2.688,Yes
1786,Mirae Asset Nifty India Internet ETF,INTERNET.NS,8.32,0.253,1.108,Yes
1787,Mukesh Babu Financial Services Limited,MUKESHB.BO,11.63,0.349,0.748,Yes
1788,MITCON Consultancy & Engineering Services Limited,MITCON.NS,20.35,0.591,1.355,Yes
1789,W. H. Brady & Company Limited,WHBRADY.BO,16.66,0.491,0.839,Yes
1790,Incredible Industries Limited,INCREDIBLE.NS,16.38,0.485,0.934,Yes
1791,Garg Furnace Limited,GARGFUR.BO,24.41,0.701,1.95,Yes
1792,Universus Photo Imagings Limited,UNIVPHOTO.NS,31.83,0.889,1.086,Yes
1793,The Investment Trust of India Limited,THEINVEST.NS,14.88,0.444,1.159,Yes
1794,IIFL Finance Limited,IIFL.NS,15.4,0.459,1.382,Yes
1795,IIFL Finance Limited,IIFL.BO,15.38,0.46,1.385,Yes
1796,Teesta Agro Industries Limited,TEEAI.BO,12.4,0.376,0.747,Yes
1797,Markolines Pavement Technologies Limited,MARKOLINES.NS,13.77,0.415,0.918,Yes
1798,Vardhman Holdings Limited,VHL.NS,12.24,0.372,1.687,Yes
1799,Groww Nifty India Internet ETF,GROWWNET.NS,8.28,0.256,1.128,Yes
1800,Gillanders Arbuthnot and Company Limited,GILLANDERS.NS,18.46,0.551,1.284,Yes
1801,Kanoria Chemicals & Industries Limited,KANORICHEM.NS,17.28,0.518,2.193,Yes
1802,Oswal Agro Mills Limited,OSWALAGRO.NS,22.85,0.672,2.085,Yes
1803,Finkurve Financial Services Limited,FINKURVE.BO,23.61,0.692,1.923,Yes
1804,Arihant Capital Markets Limited,ARIHANTCAP.BO,14.08,0.429,1.538,Yes
1805,Finolex Cables Limited,FINCABLES.NS,15.77,0.478,1.287,Yes
1806,Indian Railway Finance Corporation Limited,IRFC.NS,19.76,0.59,1.508,Yes
1807,Dhvija Finance Limited,DHVIJAFIN.BO,16.36,0.496,1.203,Yes
1808,The Investment Trust of India Limited,THEINVEST.BO,14.54,0.444,1.133,Yes
1809,Premier Capital Services Limited,PREMCAP.BO,17.81,0.538,0.624,No
1810,Barak Valley Cements Limited,BVCL.NS,15.08,0.461,1.875,Yes
1811,Kamat Hotels (India) Limited,KAMATHOTEL.NS,15.62,0.476,0.468,Yes
1812,UCAL Limited,UCAL.NS,15.28,0.468,1.466,Yes
1813,Evexia Lifecare Limited,EVEXIA.BO,32.88,0.941,2.652,Yes
1814,Arihant Capital Markets Limited,ARIHANTCAP.NS,13.92,0.429,1.54,Yes
1815,Steel Exchange India Limited,STEELXIND.NS,19.83,0.597,1.461,Yes
1816,Seshaasai Technologies Limited,STYL.BO,14.77,0.454,1.198,Yes
1817,Oswal Agro Mills Limited,OSWALAGRO.BO,22.53,0.673,2.099,Yes
1818,Steel Exchange India Limited,STEELXIND.BO,19.72,0.596,1.49,Yes
1819,SRF Limited,SRF.NS,8.39,0.266,0.827,Yes
1820,Noida Toll Bridge Company Limited,NOIDATOLL.BO,30.31,0.881,1.479,Yes
1821,Kanoria Chemicals & Industries Limited,KANORICHEM.BO,16.85,0.516,2.115,Yes
1822,SRF Limited,SRF.BO,8.39,0.267,0.83,Yes
1823,V-Guard Industries Limited,VGUARD.NS,7.69,0.245,0.648,Yes
1824,Kamat Hotels (India) Limited,KAMATHOTEL.BO,15.39,0.476,0.459,Yes
1825,Universus Photo Imagings Limited,UNIVPHOTO.BO,27.97,0.825,0.44,Yes
1826,Sri KPR Industries Limited,SRIKPRIND.BO,16.46,0.508,0.83,Yes
1827,V-Guard Industries Limited,VGUARD.BO,7.74,0.248,0.664,Yes
1828,UCAL Limited,UCAL.BO,15.25,0.475,1.476,Yes
1829,R S Software (India) Limited,RSSOFTWARE.NS,41.59,1.174,3.096,Yes
1830,Amco India Limited,AMCOIND.BO,14.17,0.444,0.73,Yes
1831,Incredible Industries Limited,INCREDIBLE.BO,14.91,0.467,0.863,Yes
1832,Velan Hotels Limited,VELHO.BO,18.31,0.567,0.083,No
1833,Mercantile Ventures Limited,MERCANTILE.BO,16.94,0.528,1.573,Yes
1834,Refex Renewables & Infrastructure Limited,REFEXRENEW.BO,23.47,0.714,1.632,Yes
1835,Noida Toll Bridge Company Limited,NOIDATOLL.NS,29.81,0.887,1.62,Yes
1836,Royal Sense Limited,ROYAL.BO,21.96,0.674,1.613,Yes
1837,Paramount Communications Limited,PARACABLES.NS,20.94,0.648,1.565,Yes
1838,Ultramarine & Pigments Limited,ULTRAMAR.BO,9.81,0.318,0.97,Yes
1839,Koiya International Limited,KOIYAIN.BO,35.15,1.033,0.383,Yes
1840,Vipul Limited,VIPULLTD.BO,28.47,0.859,1.359,Yes
1841,Amit International Limited,AMITINT.BO,19.1,0.598,0.204,No
1842,Baba Arts Limited,BABA.BO,23.99,0.737,0.18,Yes
1843,IP Rings Limited,IPRINGLTD.BO,14.61,0.466,1.267,Yes
1844,Shyama Computronics and Services Limited,SHYAMACOMP.BO,23.36,0.722,0.532,Yes
1845,Invigorated Business Consulting Limited,INVIGO.BO,28.62,0.867,1.173,Yes
1846,DCM Nouvelle Limited,DCMNVL.BO,15.51,0.495,1.655,Yes
1847,J. Kumar Infraprojects Limited,JKIL.NS,10.29,0.336,1.518,Yes
1848,Gillanders Arbuthnot and Company Limited,GILLANDERS.BO,16.48,0.525,1.062,Yes
1849,Beryl Drugs Limited,BERLDRG.BO,15.98,0.51,0.493,Yes
1850,J. Kumar Infraprojects Limited,JKIL.BO,10.28,0.336,1.543,Yes
1851,BCPL Railway Infrastructure Limited,BCPL.BO,17.99,0.57,1.442,Yes
1852,Shelter Infra Projects Limited,SIPL.BO,16.86,0.538,1.228,Yes
1853,Isgec Heavy Engineering Limited,ISGEC.BO,14.99,0.482,1.87,Yes
1854,Transport Corporation of India Limited,TCI.NS,7.84,0.261,0.657,Yes
1855,Niva Bupa Health Insurance Company Limited,NIVABUPA.BO,7.61,0.254,0.512,Yes
1856,Prism Medico and Pharmacy Limited,PRISMMEDI.BO,21.09,0.665,0.662,Yes
1857,Vipul Limited,VIPULLTD.NS,27.09,0.835,1.279,Yes
1858,Servotech Renewable Power System Limited,SERVOTECH.NS,19.39,0.616,1.981,Yes
1859,Sri Lotus Developers and Realty Limited,LOTUSDEV.BO,20.27,0.643,2.935,Yes
1860,Niva Bupa Health Insurance Company Limited,NIVABUPA.NS,7.67,0.257,0.52,Yes
1861,Anand Rathi Share and Stock Brokers Limited,ARSSBL.BO,22.96,0.722,3.099,Yes
1862,Sirca Paints India Limited,SIRCA.NS,9.79,0.325,0.905,Yes
1863,Jyoti Limited,JYOTI.BO,21.39,0.677,2.06,Yes
1864,Isgec Heavy Engineering Limited,ISGEC.NS,14.87,0.483,1.877,Yes
1865,Kiran Syntex Limited,KIRANSY-B.BO,18.37,0.589,0.111,Yes
1866,Roto Pumps Limited,ROTO.NS,14.77,0.482,1.859,Yes
1867,Fedbank Financial Services Limited,FEDFINA.BO,9.65,0.321,0.388,Yes
1868,Roto Pumps Limited,ROTO.BO,14.77,0.483,1.851,Yes
1869,DCM Nouvelle Limited,DCMNVL.NS,15.38,0.503,1.512,Yes
1870,Sri Lotus Developers and Realty Limited,LOTUSDEV.NS,19.9,0.643,2.939,Yes
1871,Super Sales India Limited,SUPER.BO,16.74,0.549,1.587,Yes
1872,Sirca Paints India Limited,SIRCA.BO,9.61,0.325,0.915,Yes
1873,Shri Niwas Leasing & Finance Limited,SHRINIWAS.BO,14.18,0.47,0.125,Yes
1874,Balaji Amines Limited,BALAMINES.BO,15.09,0.499,1.759,Yes
1875,Balaji Amines Limited,BALAMINES.NS,15.03,0.499,1.759,Yes
1876,Bhagwati Autocast Limited,BGWTATO.BO,14.28,0.476,1.064,Yes
1877,Fedbank Financial Services Limited,FEDFINA.NS,9.4,0.32,0.385,Yes
1878,Bajaj Nifty 50 ETF,NIFTYBETF.NS,3.99,0.139,0.969,Yes
1879,Innovative Ideals and Services (India) Limited,INNOVATIVE.BO,17.31,0.573,0.973,No
1880,Ambalal Sarabhai Enterprises Limited,AMBALALSA.BO,17.6,0.584,0.651,Yes
1881,Cindrella Financial Services Limited,CINDRELL.BO,22.92,0.745,1.214,Yes
1882,Ansal Buildwell Limited,ANSALBU.BO,17.0,0.566,1.093,Yes
1883,Elecon Engineering Company Limited,ELECON.NS,14.56,0.491,1.914,Yes
1884,Elecon Engineering Company Limited,ELECON.BO,14.58,0.491,1.925,Yes
1885,Systematic Industries Limited,SYSTEMATIC.BO,34.15,1.069,4.024,Yes
1886,Intense Technologies Limited,INTENTECH.BO,18.62,0.62,1.957,Yes
1887,Intense Technologies Limited,INTENTECH.NS,18.16,0.606,1.888,Yes
1888,Nahar Spinning Mills Limited,NAHARSPING.NS,13.04,0.445,1.089,Yes
1889,Rishi Techtex Limited,RISHITECH.BO,12.91,0.442,1.72,Yes
1890,Vardhman Polytex Limited,VARDMNPOLY.BO,16.1,0.544,1.296,Yes
1891,NMS Global Limited,NMSGLOBAL.BO,25.7,0.837,0.976,Yes
1892,ERP Soft Systems Limited,ERPSOFT.BO,19.75,0.662,1.953,Yes
1893,Hemisphere Properties India Limited,HEMIPROP.NS,12.57,0.434,0.898,Yes
1894,Vardhman Polytex Limited,VARDMNPOLY.NS,15.85,0.541,1.246,Yes
1895,Hemisphere Properties India Limited,HEMIPROP.BO,12.56,0.434,0.903,Yes
1896,United Foodbrands Limited,UFBL.NS,20.99,0.704,2.017,Yes
1897,Available Finance Limited,AVAILFC.BO,15.78,0.541,1.458,Yes
1898,Antony Waste Handling Cell Limited,AWHCL.NS,17.44,0.594,1.631,Yes
1899,Golden Carpets Limited,GOLCA.BO,10.84,0.38,0.299,Yes
1900,Mirae Asset Mutual Fund - Mirae Asset Nifty India Internet Etf,INTERNET.BO,6.39,0.228,1.08,Yes
1901,C.J. Gelatine Products Limited,CJGEL.BO,15.58,0.536,0.385,Yes
1902,United Foodbrands Limited,UFBL.BO,20.85,0.704,2.016,Yes
1903,Raghunath International Limited,RAGHUNAT.BO,10.7,0.377,0.654,Yes
1904,Antony Waste Handling Cell Limited,AWHCL.BO,17.19,0.59,1.606,Yes
1905,Bright Outdoor Media Limited,BRIGHT.BO,7.1,0.254,0.696,Yes
1906,Equilateral Enterprises Limited,EQUILATERA.BO,25.4,0.848,1.648,Yes
1907,Sanblue Corporation Limited,SANBLUE.BO,17.59,0.606,1.554,Yes
1908,Alphageo (India) Limited,ALPHAGEO.NS,14.6,0.51,1.396,Yes
1909,Rajputana Investment & Finance Limited,RAJPUTANA.BO,12.71,0.448,0.434,Yes
1910,Swelect Energy Systems Limited,SWELECTES.BO,18.05,0.624,1.064,Yes
1911,Orient Beverages Limited,ORIBEVER.BO,16.67,0.58,1.253,Yes
1912,Alembic Pharmaceuticals Limited,APLLTD.BO,11.45,0.407,1.362,Yes
1913,Prima Plastics Limited,PRIMAPLA.BO,11.46,0.409,0.813,Yes
1914,DMR Engineering Limited,DMR.BO,16.64,0.581,0.971,Yes
1915,Smart Finsec Limited,SMARTFIN.BO,18.94,0.656,2.495,Yes
1916,Alembic Pharmaceuticals Limited,APLLTD.NS,11.39,0.407,1.353,Yes
1917,Swelect Energy Systems Limited,SWELECTES.NS,17.95,0.626,1.061,Yes
1918,Kesar Terminals & Infrastructure Limited,KTIL.BO,13.3,0.473,2.155,Yes
1919,Reliance Industries Limited,RELIANCE.NS,5.35,0.197,1.018,Yes
1920,Quess Corp Limited,QUESS.NS,13.34,0.475,0.884,Yes
1921,Quess Corp Limited,QUESS.BO,13.39,0.477,0.904,Yes
1922,SVC Industries Limited,SVCIND.BO,19.81,0.688,1.792,Yes
1923,Minal Industries Limited,MINALIND.BO,23.82,0.814,0.073,No
1924,Huhtamaki India Limited,HUHTAMAKI.BO,13.73,0.49,1.82,Yes
1925,Rex Sealing and Packing Industries Limited,REXSEAL.BO,15.88,0.563,0.132,Yes
1926,Huhtamaki India Limited,HUHTAMAKI.NS,13.68,0.49,1.842,Yes
1927,IFGL Refractories Limited,IFGLEXPOR.BO,21.15,0.735,2.352,Yes
1928,Cantabil Retail India Limited,CANTABIL.NS,10.08,0.367,1.268,Yes
1929,PPAP Automotive Limited,PPAP.NS,12.43,0.448,1.462,Yes
1930,Premier Synthetics Limited,PREMSYN.BO,19.28,0.679,2.188,Yes
1931,Cantabil Retail India Limited,CANTABIL.BO,9.9,0.362,1.222,Yes
1932,Jamna Auto Industries Limited,JAMNAAUTO.NS,10.01,0.366,1.28,Yes
1933,IFGL Refractories Limited,IFGLEXPOR.NS,21.0,0.735,2.369,Yes
1934,Jamna Auto Industries Limited,JAMNAAUTO.BO,10.02,0.367,1.274,Yes
1935,Tatva Chintan Pharma Chem Limited,TATVA.NS,15.58,0.558,1.963,Yes
1936,Grauer & Weil (India) Limited,GRAUWEIL.BO,10.44,0.383,1.47,Yes
1937,CHL Limited,CHLLTD.BO,13.82,0.5,0.944,Yes
1938,Alphageo (India) Limited,ALPHAGEO.BO,13.98,0.506,1.352,Yes
1939,Tatva Chintan Pharma Chem Limited,TATVA.BO,15.32,0.552,1.956,Yes
1940,Groww Nifty Realty ETF,GROWWRLTY.NS,11.5,0.422,2.157,Yes
1941,Samyak International Limited,SAMYAKINT.BO,17.79,0.636,2.554,Yes
1942,DB (International) Stock Brokers Limited,DBSTOCKBRO.BO,14.1,0.513,0.119,Yes
1943,CCL International Limited,CCLINTER.BO,11.98,0.44,1.153,Yes
1944,NHC Foods Limited,NHCFOODS.BO,30.44,1.042,0.909,Yes
1945,Globus Spirits Limited,GLOBUSSPR.NS,13.5,0.494,1.7,Yes
1946,BNR Udyog Limited,BNRUDY.BO,16.47,0.595,1.694,Yes
1947,STL Networks Limited,STLNETWORK.NS,26.15,0.912,2.706,Yes
1948,Globus Spirits Limited,GLOBUSSPR.BO,13.48,0.495,1.707,Yes
1949,DB (International) Stock Brokers Limited,DBSTOCKBRO.NS,14.32,0.524,0.079,Yes
1950,Gokaldas Exports Limited,GOKEX.NS,13.19,0.485,1.224,Yes
1951,Max India Limited,MAXIND.NS,12.06,0.446,1.276,Yes
1952,Alfavision Overseas (India) Limited,ALFAVIO.BO,43.65,1.438,4.335,No
1953,Cambridge Technology Enterprises Limited,CTE.BO,23.2,0.823,2.411,Yes
1954,Mrs. Bectors Food Specialities Limited,BECTORFOOD.BO,8.59,0.323,0.992,Yes
1955,Shilchar Technologies Limited,SHILCTECH.NS,20.36,0.731,2.95,Yes
1956,Mrs. Bectors Food Specialities Limited,BECTORFOOD.NS,8.6,0.324,0.995,Yes
1957,Archit Organosys Limited,ARCHITORG.BO,11.11,0.417,1.322,Yes
1958,Premier Limited,PREMIER.NS,15.26,0.563,0.248,Yes
1959,3M India Limited,3MINDIA.NS,7.8,0.297,1.277,Yes
1960,Sungold Capital Limited,SUNGOLD.BO,16.32,0.601,0.663,No
1961,Swan Corp Limited,SWANCORP.BO,13.54,0.505,1.42,Yes
1962,Swan Corp Limited,SWANCORP.NS,13.54,0.505,1.421,Yes
1963,Varun Beverages Limited,VBL.BO,10.34,0.391,1.714,Yes
1964,TGIF Agribusiness Limited,TGIF.BO,7.49,0.287,0.731,No
1965,Mishra Dhatu Nigam Limited,MIDHANI.NS,13.69,0.514,1.932,Yes
1966,Setubandhan Infrastructure Limited,SETUINFRA.NS,23.08,0.835,1.238,Yes
1967,Mishra Dhatu Nigam Limited,MIDHANI.BO,13.65,0.513,1.927,Yes
1968,Max India Limited,MAXIND.BO,11.99,0.453,1.294,Yes
1969,Olectra Greentech Limited,OLECTRA.NS,11.25,0.428,1.022,Yes
1970,Olectra Greentech Limited,OLECTRA.BO,11.23,0.428,1.019,Yes
1971,Aarnav Fashions Limited,AARNAV.BO,14.91,0.559,1.753,Yes
1972,3M India Limited,3MINDIA.BO,7.64,0.295,1.282,Yes
1973,Mphasis Limited,MPHASIS.NS,7.89,0.305,1.525,Yes
1974,Aaron Industries Limited,AARON.NS,10.49,0.401,0.966,Yes
1975,STL Networks Limited,STLNETWORK.BO,25.04,0.905,2.697,Yes
1976,Lakshmi Finance & Industrial Corporation Limited,LFIC.NS,13.06,0.495,1.824,Yes
1977,Vishal Fabrics Limited,VISHAL.BO,18.03,0.67,2.531,Yes
1978,Natural Capsules Limited,NATCAPSUQ.NS,16.28,0.613,0.345,No
1979,Krishival Foods Limited,KRISHIVAL.BO,10.3,0.398,0.124,Yes
1980,Mphasis Limited,MPHASIS.BO,7.79,0.304,1.523,Yes
1981,Aarti Industries Limited,AARTIIND.NS,10.15,0.393,1.813,Yes
1982,Iykot Hitech Toolroom Limited,IYKOTHITE.BO,16.71,0.63,1.316,No
1983,Premco Global Limited,PREMCO.BO,5.17,0.205,0.548,Yes
1984,Cambridge Technology Enterprises Limited,CTE.NS,21.91,0.811,2.332,Yes
1985,Xelpmoc Design and Tech Limited,XELPMOC.NS,14.01,0.536,1.653,Yes
1986,Euro Panel Products Limited,EUROBOND.NS,8.74,0.342,0.781,Yes
1987,OneSource Specialty Pharma Limited,ONESOURCE.BO,15.8,0.6,1.433,Yes
1988,Northern Arc Capital Limited,NORTHARC.BO,11.2,0.435,1.785,Yes
1989,Mercury Ev-Tech Limited,MERCURYEV.BO,23.94,0.884,3.436,Yes
1990,Siyaram Silk Mills Limited,SIYSIL.NS,11.6,0.451,1.545,Yes
1991,Urban Company Limited,URBANCO.NS,14.88,0.572,0.363,Yes
1992,Superior Finlease Limited,SUPERIOR.BO,11.99,0.467,0.284,Yes
1993,Shemaroo Entertainment Limited,SHEMAROO.NS,15.37,0.591,1.991,Yes
1994,OneSource Specialty Pharma Limited,ONESOURCE.NS,15.62,0.601,1.419,Yes
1995,Adline Chem Lab Limited,ADLINE.BO,17.09,0.655,0.709,No
1996,Prakash Pipes Limited,PPL.BO,13.92,0.541,1.427,Yes
1997,Urban Company Limited,URBANCO.BO,14.92,0.577,0.379,Yes
1998,Northern Arc Capital Limited,NORTHARC.NS,11.08,0.436,1.817,Yes
1999,Visaka Industries Limited,VISAKAIND.NS,14.51,0.563,1.35,Yes
2000,Visaka Industries Limited,VISAKAIND.BO,14.46,0.562,1.334,Yes
2001,Hindustan Construction Company Limited,HCC.NS,18.92,0.722,2.108,Yes
2002,ZIM Laboratories Limited,ZIMLAB.BO,12.45,0.488,1.41,Yes
2003,DRC Systems India Limited,DRCSYSTEMS.NS,15.71,0.61,0.956,Yes
2004,Le Travenues Technology Limited,IXIGO.BO,10.81,0.428,0.315,Yes
2005,Xelpmoc Design and Tech Limited,XELPMOC.BO,13.85,0.542,1.768,Yes
2006,RSWM Limited,RSWM.NS,11.24,0.448,2.148,Yes
2007,Chemfab Alkalis Limited,CHEMFAB.BO,14.59,0.574,1.707,Yes
2008,Le Travenues Technology Limited,IXIGO.NS,10.7,0.428,0.31,Yes
2009,KRBL Limited,KRBL.BO,9.43,0.38,1.479,Yes
2010,Ashoka Buildcon Limited,ASHOKA.BO,12.81,0.51,1.807,Yes
2011,Varun Beverages Limited,VBL.NS,9.69,0.392,1.718,Yes
2012,KRBL Limited,KRBL.NS,9.37,0.38,1.487,Yes
2013,Chemfab Alkalis Limited,CHEMFAB.NS,14.39,0.571,1.74,Yes
2014,Shemaroo Entertainment Limited,SHEMAROO.BO,14.84,0.589,1.922,Yes
2015,Kopran Limited,KOPRAN.BO,12.87,0.514,1.541,Yes
2016,Ashoka Buildcon Limited,ASHOKA.NS,12.72,0.509,1.809,Yes
2017,EPACK Durable Limited,EPACK.NS,17.89,0.701,2.262,Yes
2018,GCM Commodity & Derivatives Limited,GCMCOMM.BO,19.27,0.753,0.452,No
2019,EPACK Durable Limited,EPACK.BO,17.84,0.702,2.266,Yes
2020,Swadha Nature Limited,SWADHATURE.BO,16.05,0.638,0.794,Yes
2021,Kopran Limited,KOPRAN.NS,12.76,0.514,1.551,Yes
2022,ZIM Laboratories Limited,ZIMLAB.NS,11.9,0.483,1.405,Yes
2023,Orient Press Limited,ORIENTLTD.BO,9.52,0.391,1.534,Yes
2024,S H Kelkar and Company Limited,SHK.NS,12.22,0.497,1.676,Yes
2025,Prakash Pipes Limited,PPL.NS,13.24,0.538,1.45,Yes
2026,Franklin Leasing and Finance Limited,FRANKLIN.BO,12.96,0.527,0.081,No
2027,DRC Systems India Limited,DRCSYSTEMS.BO,15.24,0.614,1.094,Yes
2028,G. G. Dandekar Properties Limited,GGDPROP.BO,12.61,0.514,1.958,Yes
2029,Sujala Trading & Holdings Limited,SUJALA.BO,27.5,1.059,0.85,Yes
2030,Intellect Design Arena Limited,INTELLECT.NS,13.17,0.538,2.039,Yes
2031,Imagicaaworld Entertainment Limited,IMAGICAA.NS,8.42,0.352,1.112,Yes
2032,Jainex Aamcol Limited,JAINEX.BO,15.45,0.628,0.222,Yes
2033,Quest Flow Controls Limited,QUESTFLOW.BO,22.56,0.891,3.27,Yes
2034,Nila Infrastructures Limited,NILAINFRA.NS,12.03,0.496,2.343,Yes
2035,Intellect Design Arena Limited,INTELLECT.BO,13.11,0.538,2.035,Yes
2036,S H Kelkar and Company Limited,SHK.BO,12.03,0.496,1.68,Yes
2037,Birla Cable Limited,BIRLACABLE.NS,14.93,0.612,1.725,Yes
2038,Imagicaaworld Entertainment Limited,IMAGICAA.BO,8.36,0.352,1.098,Yes
2039,Birla Cable Limited,BIRLACABLE.BO,14.83,0.61,1.735,Yes
2040,Mahindra Logistics Limited,MAHLOG.NS,9.53,0.401,1.93,Yes
2041,Gujarat State Financial Corporation,GUJSTATFIN.BO,18.27,0.744,1.395,Yes
2042,Mahindra Logistics Limited,MAHLOG.BO,9.46,0.4,1.931,Yes
2043,Linde India Limited,LINDEINDIA.NS,7.55,0.322,0.267,Yes
2044,Ishita Drugs and Industries Limited,ISHITADR.BO,8.3,0.354,1.148,Yes
2045,The South India Paper Mills Limited,STHINPA.BO,6.61,0.284,0.413,Yes
2046,Karma Energy Limited,KARMAENG.NS,19.93,0.811,2.495,Yes
2047,Linde India Limited,LINDEINDIA.BO,7.52,0.322,0.291,Yes
2048,Karnawati Innovation Limited,KARNAWATI.BO,24.92,0.998,2.259,Yes
2049,Exicom Tele-Systems Limited,EXICOM.BO,17.95,0.74,2.446,Yes
2050,Exicom Tele-Systems Limited,EXICOM.NS,17.84,0.739,2.432,Yes
2051,DSJ Keep Learning Limited,KEEPLEARN.BO,24.94,1.005,2.986,Yes
2052,AMD Industries Limited,AMDIND.NS,9.86,0.423,1.402,Yes
2053,Nila Infrastructures Limited,NILAINFRA.BO,11.68,0.498,2.406,Yes
2054,I G Petrochemicals Limited,IGPL.NS,8.88,0.383,1.096,Yes
2055,Ekennis Software Service Limited,EKENNIS.BO,28.0,1.122,0.217,Yes
2056,Vibrant Global Capital Limited,VGCL.BO,14.78,0.625,2.223,Yes
2057,SAMHI Hotels Limited,SAMHI.BO,8.85,0.385,1.482,Yes
2058,Mitsu Chem Plast Limited,MITSU.BO,9.83,0.426,1.134,Yes
2059,Orient Press Limited,ORIENTLTD.NS,8.94,0.39,1.568,Yes
2060,SAMHI Hotels Limited,SAMHI.NS,8.83,0.386,1.476,Yes
2061,AMD Industries Limited,AMDIND.BO,9.45,0.416,1.403,Yes
2062,Dhanlaxmi Fabrics Limited,DHANFAB.BO,6.67,0.298,0.456,Yes
2063,Polyplex Corporation Limited,POLYPLEX.NS,9.0,0.398,1.316,Yes
2064,Amarjothi Spinning Mills Limited,AMARJOTHI.BO,7.75,0.345,1.199,Yes
2065,Polyplex Corporation Limited,POLYPLEX.BO,8.86,0.395,1.309,Yes
2066,Kemp and Company Limited,KEMP.BO,8.36,0.374,0.763,Yes
2067,Axel Polymers Limited,AXELPOLY.BO,9.5,0.424,0.036,No
2068,Avenue Supermarts Limited,DMART.NS,6.64,0.3,1.067,Yes
2069,Krishna Ventures Limited,KRISHNA.BO,17.57,0.767,0.609,Yes
2070,Kross Limited,KROSS.NS,9.4,0.425,1.44,Yes
2071,LG Electronics India Limited,LGEINDIA.BO,6.04,0.277,0.831,Yes
2072,Sal Automotive Limited,SALAUTO.BO,9.77,0.441,1.838,Yes
2073,Capacit'e Infraprojects Limited,CAPACITE.BO,8.26,0.376,1.49,Yes
2074,Interise Trust,INTERISE.BO,2.06,0.097,0.114,No
2075,Saint-Gobain Sekurit India Limited,SEKURITIND.BO,6.65,0.306,0.995,Yes
2076,Brooks Laboratories Limited,BROOKS.BO,15.88,0.704,2.52,Yes
2077,Capacit'e Infraprojects Limited,CAPACITE.NS,8.18,0.375,1.486,Yes
2078,Shradha AI Technologies Limited,SHRAAITECH.BO,16.61,0.736,0.597,Yes
2079,LG Electronics India Limited,LGEINDIA.NS,6.03,0.279,0.843,Yes
2080,Vishal Mega Mart Limited,VMM.NS,5.49,0.255,0.966,Yes
2081,Kross Limited,KROSS.BO,9.29,0.425,1.429,Yes
2082,Shree Bhavya Fabrics Limited,SBFL.BO,7.9,0.365,0.275,No
2083,Salona Cotspin Limited,SALONA.BO,5.23,0.245,0.13,Yes
2084,Brooks Laboratories Limited,BROOKS.NS,15.69,0.702,2.607,Yes
2085,Jio Financial Services Limited,JIOFIN.NS,7.19,0.333,1.416,Yes
2086,Sonalis Consumer Products Limited,SONALIS.BO,17.69,0.787,1.703,Yes
2087,Dachepalli Publishers Limited,DACHEPALLI.BO,18.69,0.829,3.439,Yes
2088,Hindustan Tin Works Limited,HINDTIN.BO,9.73,0.448,1.437,Yes
2089,Mirae Asset Nifty India New Age Consumption ETF,CONSUMER.NS,4.34,0.205,1.221,Yes
2090,Rallis India Limited,RALLIS.NS,8.81,0.409,1.381,Yes
2091,Megastar Foods Limited,MEGASTAR.NS,10.53,0.485,1.026,Yes
2092,TRF Limited,TRF.BO,12.94,0.591,1.37,Yes
2093,Surya Roshni Limited,SURYAROSNI.NS,12.42,0.568,2.186,Yes
2094,Sea TV Network Limited,SEATV.BO,17.34,0.778,2.056,Yes
2095,Hatsun Agro Product Limited,HATSUN.BO,6.95,0.326,0.399,Yes
2096,CreditAccess Grameen Limited,CREDITACC.BO,7.14,0.336,0.755,Yes
2097,Hatsun Agro Product Limited,HATSUN.NS,6.9,0.326,0.365,Yes
2098,CreditAccess Grameen Limited,CREDITACC.NS,7.14,0.337,0.749,Yes
2099,Megastar Foods Limited,MEGASTAR.BO,10.66,0.496,1.078,Yes
2100,Zaggle Prepaid Ocean Services Limited,ZAGGLE.BO,12.33,0.57,1.776,Yes
2101,Hi-Tech Pipes Limited,HITECH.NS,10.92,0.508,1.423,Yes
2102,Sigachi Industries Limited,SIGACHI.BO,14.0,0.645,1.476,Yes
2103,Sigachi Industries Limited,SIGACHI.NS,14.02,0.647,1.491,Yes
2104,Zaggle Prepaid Ocean Services Limited,ZAGGLE.NS,12.28,0.57,1.782,Yes
2105,Marathon Nextgen Realty Limited,MARATHON.NS,12.49,0.585,2.402,Yes
2106,Adani Total Gas Limited,ATGL.NS,9.02,0.43,1.278,Yes
2107,Integrated Hitech Limited,INTEGHIT.BO,19.66,0.898,0.805,Yes
2108,Asit C. Mehta Financial Services Limited,ASITCFIN.BO,11.03,0.523,1.233,Yes
2109,NCC Limited,NCC.NS,9.04,0.432,1.601,Yes
2110,Marathon Nextgen Realty Limited,MARATHON.BO,12.32,0.582,2.367,Yes
2111,Adani Total Gas Limited,ATGL.BO,8.98,0.43,1.28,Yes
2112,TRF Limited,TRF.NS,12.35,0.584,1.372,Yes
2113,Asian Hotels (East) Limited,AHLEAST.NS,5.99,0.291,0.396,Yes
2114,Shanmuga Hospital Limited,SHANMUGA.BO,9.17,0.442,1.212,Yes
2115,Suratwwala Business Group Limited,SBGLP.NS,14.37,0.678,2.656,Yes
2116,Fine-Line Circuits Limited,FINELINE.BO,9.51,0.458,0.339,Yes
2117,Landmark Property Development Company Limited,LPDC.BO,10.05,0.484,1.471,Yes
2118,Jio Financial Services Limited,JIOFIN.BO,6.82,0.334,1.418,Yes
2119,Sinclairs Hotels Limited,SINCLAIR.BO,8.05,0.392,0.674,Yes
2120,Sharda Motor Industries Limited,SHARDAMOTR.BO,10.65,0.514,2.303,Yes
2121,BLS International Services Limited,BLS.NS,9.47,0.459,1.17,Yes
2122,Accedere Limited,ACCEDERE.BO,13.59,0.649,0.384,Yes
2123,Ratnamani Metals & Tubes Limited,RATNAMANI.BO,7.08,0.35,0.994,Yes
2124,Adarsh Plant Protect Limited,ADARSHPL.BO,9.49,0.464,1.216,Yes
2125,Ester Industries Limited,ESTER.NS,9.19,0.45,1.554,Yes
2126,Deco Mica Limited,DECOMIC.BO,9.53,0.469,0.542,Yes
2127,EPack Prefab Technologies Limited,EPACKPEB.NS,20.21,0.952,4.679,Yes
2128,Emmforce Autotech Limited,EMMFORCE.BO,11.73,0.573,0.891,Yes
2129,ideaForge Technology Limited,IDEAFORGE.NS,12.68,0.62,1.873,Yes
2130,Jai Balaji Industries Limited,JAIBALAJI.NS,13.14,0.642,1.32,Yes
2131,ideaForge Technology Limited,IDEAFORGE.BO,12.61,0.619,1.866,Yes
2132,Ratnamani Metals & Tubes Limited,RATNAMANI.NS,7.0,0.352,0.992,Yes
2133,Avenue Supermarts Limited,DMART.BO,5.93,0.3,1.065,Yes
2134,EPack Prefab Technologies Limited,EPACKPEB.BO,19.91,0.95,4.674,Yes
2135,PNB Gilts Ltd.,PNBGILTS.BO,8.85,0.442,1.733,Yes
2136,Landmark Property Development Company Limited,LPDC.NS,9.17,0.46,1.286,Yes
2137,Groww Nifty 500 Low Volatility 50 ETF,GROWWLOVOL.NS,2.9,0.15,0.873,Yes
2138,Aspinwall and Company Limited,ASPINWALL.NS,6.35,0.324,0.689,Yes
2139,Kohinoor Foods Limited,KOHINOOR.BO,9.4,0.474,1.726,Yes
2140,Asian Hotels (East) Limited,AHLEAST.BO,5.59,0.287,0.476,Yes
2141,Justo Realfintech Limited,JUSTO.BO,14.68,0.725,2.68,Yes
2142,Wires and Fabriks (S.A.) Limited,WIREFABR.BO,9.6,0.485,0.362,Yes
2143,James Warren Tea Limited,JAMESWARREN.BO,7.62,0.388,1.016,Yes
2144,PNB Gilts Ltd.,PNBGILTS.NS,8.73,0.443,1.724,Yes
2145,Jai Balaji Industries Limited,JAIBALAJI.BO,12.84,0.642,1.371,Yes
2146,Rishiroop Limited,RISHIROOP.BO,9.32,0.476,1.116,Yes
2147,Thakkers Developers Limited,THAKDEV.BO,10.7,0.545,1.863,Yes
2148,Polylink Polymers (India) Limited,POLYLINK.BO,10.07,0.515,1.172,Yes
2149,Dr. Reddy's Laboratories Limited,DRREDDY.NS,4.11,0.216,0.535,Yes
2150,Archidply Decor Limited,ADL.NS,8.26,0.427,1.903,Yes
2151,Veritas (India) Limited,VERITAS.BO,15.22,0.764,2.184,Yes
2152,Confidence Petroleum India Limited,CONFIPET.BO,9.73,0.5,0.663,Yes
2153,Hindcon Chemicals Limited,HINDCON.NS,11.46,0.585,2.712,Yes
2154,Kohinoor Foods Limited,KOHINOOR.NS,8.98,0.466,1.681,Yes
2155,Confidence Petroleum India Limited,CONFIPET.NS,9.64,0.498,0.665,Yes
2156,Quintegra Solutions Limited,QUINTEGRA.NS,8.39,0.436,0.038,Yes
2157,Sumeru Industries Limited,SUMERUIND.BO,8.73,0.454,0.681,Yes
2158,H S India Limited,HOTLSILV.BO,8.27,0.432,1.633,Yes
2159,Paushak Limited,PAUSHAKLTD.BO,8.67,0.452,1.394,Yes
2160,Heera Ispat Limited,HEERAISP.BO,12.2,0.632,1.562,Yes
2161,Revati Media Limited,REVAMEDIA.BO,12.23,0.635,1.011,Yes
2162,Prabhhans Industries Limited,PRABHHANS.BO,12.33,0.641,0.426,Yes
2163,TGB Banquets and Hotels Limited,TGBHOTELS.BO,8.55,0.452,1.442,Yes
2164,Sambhv Steel Tubes Limited,SAMBHV.NS,7.94,0.421,1.668,Yes
2165,Transgene Biotek Limited,TRABI.BO,15.97,0.821,2.93,Yes
2166,Gujarat Alkalies and Chemicals Limited,GUJALKALI.BO,7.36,0.393,0.857,Yes
2167,Hisar Metal Industries Limited,HISARMETAL.BO,7.7,0.412,1.481,Yes
2168,Suratwwala Business Group Limited,SBGLP.BO,13.26,0.694,2.689,Yes
2169,Trans Freight Containers Limited,TRANSFRE.BO,9.12,0.487,0.037,No
2170,JTL Industries Limited,JTLIND.BO,14.11,0.74,2.517,Yes
2171,Sambhv Steel Tubes Limited,SAMBHV.BO,7.78,0.419,1.652,Yes
2172,Centrum Capital Limited,CENTRUM.BO,8.64,0.466,0.051,No
2173,Centrum Capital Limited,CENTRUM.NS,8.56,0.464,0.051,No
2174,Gujarat Alkalies and Chemicals Limited,GUJALKALI.NS,7.21,0.393,0.854,Yes
2175,Emmessar Biotech & Nutrition Limited,EMMESSA.BO,8.06,0.438,1.177,Yes
2176,The Byke Hospitality Limited,BYKE.BO,11.82,0.634,2.203,Yes
2177,TGB Banquets and Hotels Limited,TGBHOTELS.NS,8.09,0.441,1.426,Yes
2178,JTL Industries Limited,JTLIND.NS,13.8,0.735,2.499,Yes
2179,Cinevista Limited,CINEVISTA.NS,6.73,0.371,1.043,Yes
2180,Grindwell Norton Limited,GRINDWELL.NS,6.56,0.362,1.347,Yes
2181,TAKE LIMITED,TAKE.BO,14.81,0.79,1.609,Yes
2182,Grovy India Limited,GROVY.BO,10.64,0.579,2.039,Yes
2183,Indsil Hydro Power and Manganese Limited,INDSILHYD.BO,9.4,0.514,2.093,Yes
2184,TAKE LIMITED,TAKE.NS,14.75,0.79,1.653,Yes
2185,Bedmutha Industries Limited,BEDMUTHA.BO,10.79,0.589,0.176,Yes
2186,BCPL Railway Infrastructure Limited,BCPL.NS,8.26,0.456,2.543,Yes
2187,The Byke Hospitality Limited,BYKE.NS,11.68,0.636,2.334,Yes
2188,Balurghat Technologies Limited,BALTE.BO,12.86,0.698,1.7,Yes
2189,Maris Spinners Limited,MARIS.BO,7.85,0.437,0.636,Yes
2190,Cresto Techno Limited,CRESTO.NS,9.21,0.509,0.959,Yes
2191,Kolte-Patil Developers Limited,KOLTEPATIL.BO,7.91,0.44,1.372,Yes
2192,Salona Cotspin Limited,SALONA.NS,3.68,0.209,0.071,Yes
2193,Kolte-Patil Developers Limited,KOLTEPATIL.NS,7.86,0.439,1.321,Yes
2194,Ganges Securities Limited,GANGESSECU.NS,7.31,0.41,1.381,Yes
2195,Rich Universe Network Limited,RICHUNV.BO,12.26,0.676,1.269,Yes
2196,SSPN Finance Limited,SSPNFIN.BO,9.32,0.521,0.347,Yes
2197,GTL Limited,GTL.NS,11.58,0.641,1.851,Yes
2198,Jagan Lamps Limited,JAGANLAM.BO,9.42,0.527,1.1,Yes
2199,Hisar Metal Industries Limited,HISARMETAL.NS,6.92,0.392,1.397,Yes
2200,Ampvolts Limited,AMPVOLTS.BO,13.97,0.769,1.524,Yes
2201,CSB Bank Limited,CSBBANK.NS,5.29,0.303,1.311,Yes
2202,Nahar Industrial Enterprises Limited,NAHARINDUS.BO,8.46,0.479,1.544,Yes
2203,NRB Industrial Bearings Limited,NIBL.NS,8.36,0.475,1.999,Yes
2204,Rajeswari Infrastructure Limited,RAJINFRA.BO,10.6,0.596,0.67,Yes
2205,Gujarat Ambuja Exports Limited,GAEL.BO,5.19,0.3,0.436,Yes
2206,Andrew Yule & Company Limited,ANDREWYU.BO,11.97,0.676,2.637,Yes
2207,Gujarat Ambuja Exports Limited,GAEL.NS,5.12,0.297,0.44,Yes
2208,Sungold Media and Entertainment Limited,SMEL.BO,9.72,0.555,0.94,No
2209,Axis NIFTY IT ETF,ITAXIS.NS,4.28,0.251,0.911,Yes
2210,Ravi Kumar Distilleries Limited,RKDL.BO,7.19,0.418,1.508,Yes
2211,Nahar Industrial Enterprises Limited,NAHARINDUS.NS,8.31,0.484,1.561,Yes
2212,CSB Bank Limited,CSBBANK.BO,5.15,0.304,1.319,Yes
2213,Liberty Shoes Ltd.,LIBERTSHOE.BO,8.32,0.486,1.254,Yes
2214,Kotak Nifty IT ETF,IT.NS,4.18,0.248,0.892,Yes
2215,MKVentures Capital Limited,MKVENTURES.BO,12.26,0.705,1.504,Yes
2216,Liberty Shoes Ltd.,LIBERTSHOE.NS,8.37,0.49,1.268,Yes
2217,Tirupati Sarjan Limited,TIRSARJ.BO,9.88,0.576,1.042,Yes
2218,Elegant Marbles and Grani Industries Limited,ELEMARB.BO,9.49,0.558,2.078,Yes
2219,Sibar Auto Parts Limited,SIBARAUT.BO,5.92,0.353,1.33,Yes
2220,Acrow India Limited,ACROW.BO,5.89,0.352,0.535,Yes
2221,Welcure Drugs and Pharmaceuticals Limited,WELCURE.BO,12.03,0.7,1.876,Yes
2222,SBI Nifty IT ETF,SBIETFIT.NS,4.14,0.249,0.885,Yes
2223,Artson Limited,ARTSON.BO,8.57,0.507,0.44,Yes
2224,Cinevista Limited,CINEVISTA.BO,6.3,0.377,1.053,Yes
2225,Jaipan Industries Limited,JAIPAN.BO,6.12,0.368,0.463,Yes
2226,Sihora Industries Limited,SIHORA.BO,5.5,0.332,1.305,Yes
2227,K Z Leasing and Finance Limited,KZLFIN.BO,11.62,0.684,0.708,No
2228,Vishal Mega Mart Limited,VMM.BO,4.19,0.255,0.98,Yes
2229,Spectra Industries Limited,SPECTRA.BO,9.36,0.558,0.161,Yes
2230,MBL Infrastructure Limited,MBLINFRA.NS,10.66,0.635,2.456,Yes
2231,RITES Limited,RITES.BO,7.22,0.437,1.521,Yes
2232,RITES Limited,RITES.NS,7.22,0.437,1.52,Yes
2233,Sunrise Efficient Marketing Limited,SEML.BO,22.67,1.29,2.119,No
2234,SIS Limited,SIS.BO,4.96,0.303,0.915,Yes
2235,Globe Multi Ventures Limited,GLCL.BO,14.45,0.854,2.004,Yes
2236,Religare Enterprises Limited,RELIGARE.BO,5.11,0.315,0.615,Yes
2237,TTK Healthcare Limited,TTKHLTCARE.NS,4.36,0.269,1.288,Yes
2238,Maiden Forgings Limited,MAIDEN.BO,6.48,0.398,1.488,Yes
2239,SIS Limited,SIS.NS,4.89,0.303,0.923,Yes
2240,Autoline Industries Limited,AUTOIND.NS,8.06,0.493,2.135,Yes
2241,B.A.G. Films and Media Limited,BAGFILMS.NS,10.06,0.612,2.167,Yes
2242,Nippon India ETF Nifty IT,ITBEES.NS,4.0,0.25,0.897,Yes
2243,Niraj Cement Structurals Limited,NIRAJ.BO,9.29,0.571,1.814,Yes
2244,Oswal Greentech Limited,OSWALGREEN.NS,10.06,0.616,2.271,Yes
2245,MBL Infrastructure Limited,MBLINFRA.BO,10.0,0.617,2.391,Yes
2246,H.P. Cotton Textile Mills Limited,HPCOTTON.BO,6.2,0.39,0.986,Yes
2247,Oswal Greentech Limited,OSWALGREEN.BO,9.87,0.611,2.251,Yes
2248,Patel Integrated Logistics Limited,PATINTLOG.BO,7.95,0.496,1.982,Yes
2249,DSPAMC - DSPIT,ITADD.NS,3.91,0.249,0.913,Yes
2250,Aartech Solonics Limited,AARTECH.BO,9.2,0.575,1.935,Yes
2251,Hazoor Multi Projects Limited,HAZOOR.BO,15.64,0.953,4.147,Yes
2252,Gujarat Narmada Valley Fertilizers & Chemicals Limited,GNFC.NS,5.2,0.332,1.407,Yes
2253,Bedmutha Industries Limited,BEDMUTHA.NS,9.19,0.577,0.624,Yes
2254,Satin Creditcare Network Limited,SATIN.NS,5.88,0.375,0.853,Yes
2255,Patel Integrated Logistics Limited,PATINTLOG.NS,7.81,0.495,1.943,Yes
2256,B.A.G. Films and Media Limited,BAGFILMS.BO,9.61,0.607,2.214,Yes
2257,BYLD Capital Finance Limited,BYLD.BO,5.18,0.333,0.302,Yes
2258,Pil Italica Lifestyle Limited,PILITA.BO,6.78,0.434,1.439,Yes
2259,TTK Healthcare Limited,TTKHLTCARE.BO,4.18,0.27,1.282,Yes
2260,Cheviot Company Limited,CHEVIOT.NS,4.77,0.308,1.101,Yes
2261,GV Films Limited,GVFILM.BO,10.73,0.676,1.157,Yes
2262,Niraj Cement Structurals Limited,NIRAJ.NS,8.94,0.571,1.784,Yes
2263,Ekam Leasing and Finance Co. Ltd.,EKAMLEA.BO,8.53,0.546,1.358,Yes
2264,Cheviot Company Limited,CHEVIOT.BO,4.7,0.306,1.087,Yes
2265,Anjani Synthetics Limited,ANJANI.BO,7.37,0.475,1.165,Yes
2266,Ganges Securities Limited,GANGESSECU.BO,6.26,0.405,1.302,Yes
2267,Comfort Commotrade Limited,COMCL.BO,8.97,0.575,1.237,Yes
2268,Rajapalayam Mills Limited,RAJPALAYAM.NS,1.72,0.114,0.561,Yes
2269,Ansal Housing Limited,ANSALHSG.BO,12.48,0.789,2.108,Yes
2270,M.K. Exim (India) Limited,MKEXIM.BO,8.75,0.565,1.348,Yes
2271,Industrial And Prudential Investment Company Limited,INDPRUD.BO,4.85,0.318,0.391,Yes
2272,Bal Pharma Limited,BALPHARMA.NS,7.14,0.465,1.291,Yes
2273,Jyoti Structures Limited,JYOTISTRUC.NS,11.81,0.755,1.676,Yes
2274,UTL Industries Limited,UTLINDS.BO,13.09,0.835,2.368,Yes
2275,Geekay Wires Limited,GEEKAYWIRE.NS,7.42,0.486,1.423,Yes
2276,Salguti Industries Limited,SALGUTI.BO,4.67,0.31,0.14,No
2277,Jagjanani Textiles Limited,JAGJANANI.BO,12.05,0.776,0.703,Yes
2278,Autoline Industries Limited,AUTOIND.BO,7.45,0.491,2.118,Yes
2279,Artefact Projects Limited,ARTEFACT.BO,6.22,0.412,0.809,Yes
2280,Orient Tradelink Limited,ORIENTTR.BO,13.61,0.877,1.558,Yes
2281,ITC Hotels Limited,ITCHOTELS.NS,5.25,0.352,1.518,Yes
2282,Kirloskar Ferrous Industries Limited,KIRLFER.BO,5.27,0.358,1.188,Yes
2283,Lexoraa Industries Limited,LEXORAA.BO,8.68,0.581,1.414,Yes
2284,Texmaco Rail & Engineering Limited,TEXRAIL.NS,7.5,0.509,2.317,Yes
2285,Galada Power and Telecommunication Limited,GALADA.BO,13.33,0.883,0.474,Yes
2286,Bajaj Hindusthan Sugar Limited,BAJAJHIND.NS,7.6,0.516,1.632,Yes
2287,Krebs Biochemicals & Industries Limited,KREBSBIO.BO,8.24,0.56,1.985,Yes
2288,Patels Airtemp (India) Limited,PATELSAI.BO,9.83,0.664,2.22,Yes
2289,Bal Pharma Limited,BALPHARMA.BO,6.68,0.458,1.25,Yes
2290,Texmaco Rail & Engineering Limited,TEXRAIL.BO,7.43,0.508,2.309,Yes
2291,Bhatia Colour Chem Limited,BCCL.BO,12.45,0.835,0.598,Yes
2292,Infomedia Press Limited,INFOMEDIA.BO,8.73,0.595,2.206,Yes
2293,Aditya Birla Sun Life S&P BSE Sensex ETF,BSLSENETFG.NS,2.02,0.142,0.989,Yes
2294,Sadbhav Engineering Limited,SADBHAV.NS,11.44,0.773,2.014,Yes
2295,Ravi Kumar Distilleries Limited,RKDL.NS,5.99,0.415,1.384,Yes
2296,Pil Italica Lifestyle Limited,PILITA.NS,6.32,0.437,1.522,Yes
2297,Quest Capital Markets Limited,QUESTCAP.BO,5.36,0.373,1.154,Yes
2298,JBM Auto Limited,JBMA.NS,6.13,0.426,1.46,Yes
2299,R.P.P. Infra Projects Limited,RPPINFRA.NS,9.56,0.655,2.876,Yes
2300,Kajaria Ceramics Limited,KAJARIACER.NS,5.28,0.373,1.24,Yes
2301,Indian Energy Exchange Limited,IEX.NS,4.73,0.335,1.657,Yes
2302,AGI Greenpac Limited,AGI.NS,6.72,0.474,1.418,Yes
2303,AGI Greenpac Limited,AGI.BO,6.73,0.476,1.416,Yes
2304,NDL Ventures Limited,NDLVENTURE.NS,6.75,0.479,0.131,No
2305,Bharat Bhushan Finance & Commodity Brokers Limited,BHARAT.BO,7.88,0.558,0.843,Yes
2306,Shri Jagdamba Polymers Limited,SHRJAGP.BO,5.71,0.409,1.246,Yes
2307,Aartech Solonics Limited,AARTECH.NS,8.05,0.573,1.921,Yes
2308,R.P.P. Infra Projects Limited,RPPINFRA.BO,9.12,0.648,2.838,Yes
2309,Palm Jewels Limited,PALMJEWELS.BO,5.87,0.425,0.659,Yes
2310,Thomas Cook (India) Limited,THOMASCOOK.NS,6.06,0.439,1.003,Yes
2311,Carborundum Universal Limited,CARBORUNIV.NS,5.03,0.367,1.258,Yes
2312,Quadrant Televentures Limited,QUADRANT.BO,12.58,0.889,2.732,Yes
2313,Kaizen Agro Infrabuild Limited,KAIZENAGRO.BO,7.35,0.533,1.251,Yes
2314,Chd Chemicals Limited,CHDCHEM.BO,4.27,0.315,0.217,Yes
2315,Alpine Housing Development Corporation Limited,ALPINEHOU.BO,7.19,0.526,1.586,Yes
2316,Ashirwad Steels & Industries Limited,ASHSI.BO,8.17,0.595,0.833,Yes
2317,Waa Solar Limited,WAA.BO,13.13,0.939,1.406,Yes
2318,Magadh Sugar & Energy Limited,MAGADSUGAR.BO,5.96,0.441,1.246,Yes
2319,Anjani Finance Limited,ANJANIFIN.BO,4.35,0.324,1.066,Yes
2320,Seya Industries Limited,SEYAIND.BO,11.07,0.803,1.375,Yes
2321,Magadh Sugar & Energy Limited,MAGADSUGAR.NS,5.88,0.437,1.246,Yes
2322,Nagreeka Exports Limited,NAGREEKEXP.BO,7.83,0.579,1.987,Yes
2323,Escorts Kubota Limited,ESCORTS.NS,4.39,0.331,1.53,Yes
2324,NDL Ventures Limited,NDLVENTURE.BO,6.47,0.484,0.151,No
2325,ITC Hotels Limited,ITCHOTELS.BO,4.63,0.352,1.539,Yes
2326,SRG Housing Finance Limited,SRGHFL.NS,3.71,0.287,1.21,Yes
2327,Motilal Oswal Nifty Realty ETF,MOREALTY.NS,3.74,0.29,1.721,Yes
2328,Arnold Holdings Ltd.,ARNOLD.BO,8.33,0.632,1.105,Yes
2329,Lancor Holdings Limited,LANCORHOL.BO,5.82,0.448,0.947,Yes
2330,Indowind Energy Limited,INDOWIND.NS,9.23,0.706,2.277,Yes
2331,Cosco (India) Limited,COSCO.BO,5.6,0.437,1.258,Yes
2332,Super Spinning Mills Limited,SUPERSPIN.NS,6.7,0.523,2.282,Yes
2333,Ponni Sugars (Erode) Limited,PONNIERODE.NS,4.06,0.321,0.824,Yes
2334,Ircon International Limited,IRCON.BO,6.2,0.488,1.781,Yes
2335,Ircon International Limited,IRCON.NS,6.19,0.488,1.782,Yes
2336,Alpa Laboratories Limited,ALPA.NS,6.31,0.499,2.336,Yes
2337,Rajapalayam Mills Limited,RAJPALAYAM.BO,3.64,0.293,1.034,Yes
2338,Athena Global Technologies Limited,ATHENAGLO.BO,5.54,0.443,1.371,Yes
2339,Swiss Military Consumer Goods Limited,SWISSMLTRY.BO,6.1,0.488,0.86,Yes
2340,Emami Realty Limited,EMAMIREAL.NS,6.89,0.55,1.697,Yes
2341,TCI Industries Limited,TCIIND.BO,3.51,0.286,0.162,Yes
2342,Indowind Energy Limited,INDOWIND.BO,8.87,0.707,2.276,Yes
2343,Lambodhara Textiles Limited,LAMBODHARA.NS,6.06,0.489,1.796,Yes
2344,Alpa Laboratories Limited,ALPA.BO,6.09,0.492,2.309,Yes
2345,Art Nirman Limited,ARTNIRMAN.NS,7.27,0.588,2.295,Yes
2346,Decorous Investment and Trading Company Limited,DITCO.BO,7.14,0.579,0.146,Yes
2347,Niyogin Fintech Limited,NIYOGIN.BO,6.72,0.549,0.792,Yes
2348,Cohance Lifesciences Limited,COHANCE.NS,6.86,0.56,1.404,Yes
2349,Moongipa Capital Finance Limited,MONGIPA.BO,6.87,0.565,1.271,Yes
2350,Cohance Lifesciences Limited,COHANCE.BO,6.74,0.557,1.377,Yes
2351,Royale Manor Hotels and Industries Limited,RAYALEMA.BO,5.92,0.493,1.415,Yes
2352,Rajoo Engineers Limited,RAJOOENG.BO,9.71,0.798,2.338,Yes
2353,AvenuesAI Limited,CCAVENUE.BO,6.36,0.531,0.84,Yes
2354,Vivid Global Industries Limited,VIVIDIND.BO,4.07,0.345,0.59,Yes
2355,AvenuesAI Limited,CCAVENUE.NS,6.29,0.529,0.833,Yes
2356,Vama Industries Limited,VAMA.BO,7.26,0.608,2.397,Yes
2357,Man Infraconstruction Limited,MANINFRA.NS,6.31,0.534,2.096,Yes
2358,Indo Euro Indchem Limited,INDOEURO.BO,6.65,0.562,1.31,Yes
2359,Lords Chloro Alkali Limited,LORDSCHLO.BO,6.35,0.537,1.425,Yes
2360,Lambodhara Textiles Limited,LAMBODHARA.BO,5.63,0.479,1.764,Yes
2361,SJVN Limited,SJVN.NS,4.73,0.405,1.305,Yes
2362,ZF Commercial Vehicle Control Systems India Limited,ZFCVINDIA.NS,3.38,0.292,0.369,Yes
2363,SJVN Limited,SJVN.BO,4.69,0.405,1.307,Yes
2364,K.M. Sugar Mills Limited,KMSUGAR.NS,4.68,0.405,0.946,Yes
2365,Southern Petrochemical Industries Corporation Limited,SPIC.NS,4.0,0.35,1.421,Yes
2366,Bombay Talkies Limited,BOMTALKIES.BO,8.29,0.711,1.196,Yes
2367,ACS Technologies Limited,ACSTECH.BO,6.82,0.59,0.279,Yes
2368,K.M. Sugar Mills Limited,KMSUGAR.BO,4.63,0.404,0.962,Yes
2369,ZF Commercial Vehicle Control Systems India Limited,ZFCVINDIA.BO,3.22,0.284,0.328,Yes
2370,Suryalakshmi Cotton Mills Limited,SURYALAXMI.NS,4.86,0.428,1.803,Yes
2371,Zenlabs Ethica Limited,ZENLABS.BO,6.2,0.553,0.538,Yes
2372,Allied Digital Services Limited,ADSL.BO,5.58,0.5,1.892,Yes
2373,India Gelatine & Chemicals Limited,INDGELA.BO,2.89,0.262,0.633,Yes
2374,Yatra Online Limited,YATRA.BO,6.36,0.571,1.474,Yes
2375,Pharmaids Pharmaceuticals Limited,PHARMAID.BO,5.81,0.525,0.127,No
2376,Yatra Online Limited,YATRA.NS,6.32,0.57,1.474,Yes
2377,Bhanderi Infracon Limited,BHANDERI.BO,3.79,0.348,0.843,No
2378,Algoquant Fintech Limited,ALGOQUANT.BO,7.66,0.692,0.967,Yes
2379,Emami Realty Limited,EMAMIREAL.BO,5.94,0.543,1.646,Yes
2380,Wipro Limited,WIPRO.NS,2.82,0.263,0.848,Yes
2381,Aditya Vision Limited,AVL.BO,7.37,0.673,0.684,Yes
2382,Classic Filaments Limited,CFL.BO,5.34,0.494,0.097,Yes
2383,Amin Tannery Limited,AMINTAN.BO,5.03,0.469,1.139,Yes
2384,Ladam Affordable Housing Limited,LAHL.BO,5.01,0.467,0.245,Yes
2385,Avro India Limited,AVROIND.BO,5.86,0.545,0.992,Yes
2386,Allied Digital Services Limited,ADSL.NS,5.36,0.5,1.896,Yes
2387,Polychem Limited,POLYCHEM.BO,4.4,0.413,0.921,Yes
2388,Kellton Tech Solutions Limited,KELLTONTEC.NS,5.56,0.519,1.762,Yes
2389,BF Utilities Limited,BFUTILITIE.BO,6.24,0.584,1.996,Yes
2390,Lords Chloro Alkali Limited,LORDSCHLO.NS,5.52,0.518,1.325,Yes
2391,Kellton Tech Solutions Limited,KELLTONTEC.BO,5.5,0.518,1.752,Yes
2392,Nagreeka Exports Limited,NAGREEKEXP.NS,5.73,0.542,1.968,Yes
2393,Tube Investments of India Limited,TIINDIA.NS,3.58,0.342,1.11,Yes
2394,Tube Investments of India Limited,TIINDIA.BO,3.56,0.341,1.104,Yes
2395,Neelkanth Limited,NEELKANTH.BO,6.01,0.571,1.346,Yes
2396,Avro India Limited,AVROIND.NS,5.67,0.542,1.066,Yes
2397,Aarti Surfactants Limited,AARTISURF.NS,5.31,0.509,1.774,Yes
2398,Rajdarshan Industries Limited,ARENTERP.NS,5.18,0.497,2.119,Yes
2399,TGV SRAAC Limited,TGVSL.BO,3.84,0.373,0.616,Yes
2400,Last Mile Enterprises Limited,LASTMILE.BO,13.53,1.264,4.551,Yes
2401,Cosmo Ferrites Limited,COSMOFE.BO,5.79,0.559,1.515,Yes
2402,The Ramco Cements Limited,RAMCOCEM.BO,2.68,0.264,0.871,Yes
2403,Sundram Fasteners Limited,SUNDRMFAST.NS,2.77,0.274,0.787,Yes
2404,Aarti Surfactants Limited,AARTISURF.BO,5.14,0.508,1.801,Yes
2405,Sarveshwar Foods Limited,SARVESHWAR.BO,7.92,0.774,2.09,Yes
2406,Pyramid Technoplast Limited,PYRAMID.NS,3.94,0.393,0.701,Yes
2407,The Ramco Cements Limited,RAMCOCEM.NS,2.64,0.265,0.9,Yes
2408,Pyramid Technoplast Limited,PYRAMID.BO,3.96,0.396,0.723,Yes
2409,BF Utilities Limited,BFUTILITIE.NS,5.74,0.571,1.929,Yes
2410,Zensar Technologies Limited,ZENSARTECH.NS,3.33,0.339,1.129,Yes
2411,Updater Services Limited,UDS.BO,4.17,0.424,1.443,Yes
2412,Setubandhan Infrastructure Limited,SETUINFRA.BO,6.11,0.62,1.012,Yes
2413,International Travel House Limited,ITHL.BO,4.4,0.451,1.674,Yes
2414,Pace E-Commerce Ventures Limited,PACE.BO,5.91,0.605,1.026,Yes
2415,Shriram Properties Limited,SHRIRAMPPS.BO,4.22,0.437,2.122,Yes
2416,Fruition Venture Limited,FRUTION.BO,5.56,0.574,0.038,No
2417,Nilkamal Limited,NILKAMAL.NS,3.72,0.388,1.045,Yes
2418,Shriram Properties Limited,SHRIRAMPPS.NS,4.23,0.44,2.146,Yes
2419,Mukta Agriculture Limited,MUKTA.BO,4.5,0.468,1.028,Yes
2420,Updater Services Limited,UDS.NS,4.05,0.422,1.418,Yes
2421,Kamadgiri Fashion Limited,KAMADGIRI.BO,5.18,0.542,1.368,Yes
2422,Nilkamal Limited,NILKAMAL.BO,3.7,0.393,1.075,Yes
2423,Rajdarshan Industries Limited,ARENTERP.BO,4.47,0.475,1.88,Yes
2424,Sanstar Limited,SANSTAR.BO,3.61,0.39,1.122,Yes
2425,Tata Communications Limited,TATACOMM.NS,3.24,0.351,1.535,Yes
2426,Sanstar Limited,SANSTAR.NS,3.57,0.39,1.119,Yes
2427,Menon Pistons Limited,MENNPIS.BO,3.79,0.414,1.11,Yes
2428,Gandhar Oil Refinery (India) Limited,GANDHAR.NS,3.93,0.43,0.93,Yes
2429,Wipro Limited,WIPRO.BO,2.39,0.264,0.858,Yes
2430,Eighty Jewellers Limited,EIGHTY.BO,4.45,0.488,0.887,Yes
2431,Solid Stone Company Limited,SOLIDSTON.BO,3.17,0.35,0.702,Yes
2432,Gandhar Oil Refinery (India) Limited,GANDHAR.BO,3.87,0.428,0.92,Yes
2433,Containe Technologies Limited,CONTAINE.BO,13.55,1.44,4.174,Yes
2434,CP Capital Limited,CPCAP.BO,5.64,0.621,1.036,Yes
2435,SBI Mutual Fund - SBI-ETF Sensex,SBISENSEX.BO,1.26,0.144,0.982,Yes
2436,Coral India Finance and Housing Limited,CORALFINAC.NS,4.09,0.459,1.987,Yes
2437,AccelerateBS India Limited,ACCELERATE.BO,8.6,0.95,1.429,No
2438,CP Capital Limited,CPCAP.NS,5.6,0.628,1.087,Yes
2439,Prevest Denpro Limited,PREVEST.BO,4.02,0.455,1.736,Yes
2440,Equippp Social Impact Technologies Limited,EQUIPPP.BO,4.01,0.455,0.626,Yes
2441,Bhavik Enterprises Limited,BHAVIK.BO,2.36,0.271,1.179,No
2442,Johnson Pharmacare Limited,JOHNPHARMA.BO,4.4,0.5,0.563,Yes
2443,Allcargo Terminals Limited,ATL.BO,4.93,0.561,1.063,Yes
2444,Energy Development Company Limited,ENERGYDEV.NS,4.45,0.509,2.299,Yes
2445,Suryalakshmi Cotton Mills Limited,SURYALAXMI.BO,3.57,0.411,1.735,Yes
2446,Sundaram-Clayton Limited,SUNCLAY.NS,3.8,0.438,1.154,Yes
2447,Balkrishna Paper Mills Limited,BALKRISHNA.NS,3.71,0.429,1.46,Yes
2448,Aastamangalam Finance Limited,AASTAFIN.BO,3.98,0.462,1.313,Yes
2449,Sutlej Textiles and Industries Limited,SUTLEJTEX.NS,4.84,0.559,2.188,Yes
2450,Kotyark Industries Limited,KOTYARK.NS,6.61,0.76,1.794,No
2451,Equippp Social Impact Technologies Limited,EQUIPPP.NS,3.94,0.458,0.627,Yes
2452,Sarveshwar Foods Limited,SARVESHWAR.NS,6.64,0.764,2.121,Yes
2453,Lemon Tree Hotels Limited,LEMONTREE.NS,2.71,0.322,0.937,Yes
2454,Mantra Capital Limited,MANTRA.BO,2.63,0.313,0.505,Yes
2455,Gujarat Containers Limited,GUJCONT.BO,1.98,0.238,0.35,Yes
2456,LTM Limited,LTM.NS,2.92,0.35,1.46,Yes
2457,Energy Development Company Limited,ENERGYDEV.BO,4.29,0.513,2.315,Yes
2458,LTM Limited,LTM.BO,2.89,0.348,1.454,Yes
2459,Diligent Media Corporation Limited,DNAMEDIA.BO,4.43,0.53,1.205,Yes
2460,North Eastern Carrying Corporation Limited,NECCLTD.BO,4.94,0.593,2.266,Yes
2461,XTGlobal Infotech Limited,XTGLOBAL.BO,4.21,0.507,1.646,Yes
2462,Vineet Laboratories Limited,VINEETLAB.BO,4.17,0.511,1.614,Yes
2463,Trident Texofab Limited,TTFL.BO,8.34,1.008,0.426,No
2464,Paul Merchants Limited,PML.BO,4.76,0.585,2.07,Yes
2465,Allcargo Terminals Limited,ATL.NS,4.47,0.554,1.118,Yes
2466,Ortin Global Limited,ORTINGLOBE.BO,4.19,0.521,1.352,Yes
2467,Lemon Tree Hotels Limited,LEMONTREE.BO,2.56,0.321,0.938,Yes
2468,Diligent Media Corporation Limited,DNAMEDIA.NS,4.14,0.516,1.161,Yes
2469,Akums Drugs and Pharmaceuticals Limited,AKUMS.NS,3.24,0.406,1.12,Yes
2470,Akums Drugs and Pharmaceuticals Limited,AKUMS.BO,3.24,0.405,1.124,Yes
2471,Rolex Rings Limited,ROLEXRINGS.NS,3.84,0.48,1.223,Yes
2472,Compucom Software Limited,COMPUSOFT.NS,6.23,0.775,1.919,Yes
2473,Rolex Rings Limited,ROLEXRINGS.BO,3.81,0.48,1.244,Yes
2474,Saatvik Green Energy Limited,SAATVIKGL.NS,3.45,0.436,0.748,Yes
2475,Madras Fertilizers Limited,MADRASFERT.NS,3.48,0.44,2.161,Yes
2476,Groarc Industries India Limited,GROARC.BO,5.63,0.704,1.717,Yes
2477,Rudra Global Infra Products Limited,RUDRA.BO,4.27,0.542,1.797,Yes
2478,Jay Shree Tea & Industries Limited,JAYSREETEA.BO,2.86,0.366,1.367,Yes
2479,Godawari Power & Ispat Limited,GPIL.BO,4.73,0.601,1.77,Yes
2480,Oriental Trimex Limited,ORIENTALTL.NS,4.73,0.603,2.719,Yes
2481,Ortin Global Limited,ORTINGLOBE.NS,3.81,0.489,1.474,Yes
2482,DCM Limited,DCM.NS,3.86,0.496,1.731,Yes
2483,Godrej Consumer Products Limited,GODREJCP.NS,2.05,0.266,1.283,Yes
2484,Yunik Managing Advisors Limited,YUNIKM.BO,4.9,0.629,1.554,Yes
2485,Madras Fertilizers Limited,MADRASFERT.BO,3.4,0.439,2.16,Yes
2486,Hawa Engineers Limited,HAWAENG.BO,4.43,0.571,1.515,Yes
2487,Compucom Software Limited,COMPUSOFT.BO,5.93,0.766,1.864,Yes
2488,Jubilant FoodWorks Limited,JUBLFOOD.NS,2.25,0.302,1.382,Yes
2489,Olympic Cards Limited,OLPCL.BO,3.06,0.408,0.307,Yes
2490,Achyut Healthcare Limited,ACHYUT.BO,5.4,0.715,0.28,Yes
2491,Arman Financial Services Limited,ARMANFIN.NS,2.54,0.343,1.045,Yes
2492,Arman Financial Services Limited,ARMANFIN.BO,2.51,0.34,1.046,Yes
2493,Coral India Finance and Housing Limited,CORALFINAC.BO,3.45,0.465,2.056,Yes
2494,Embassy Developments Limited,EMBDL.NS,3.91,0.527,1.601,Yes
2495,Rajkamal Synthetics Limited,RAJKSYN.BO,3.61,0.489,0.137,Yes
2496,Alfa Transformers Limited,ALFATRAN.BO,5.48,0.738,1.313,Yes
2497,Star Health and Allied Insurance Company Limited,STARHEALTH.BO,2.08,0.289,0.73,Yes
2498,Sri Havisha Hospitality and Infrastructure Limited,HAVISHA.BO,4.32,0.594,2.26,Yes
2499,Vardhman Acrylics Limited,VARDHACRLC.NS,2.63,0.369,1.422,Yes
2500,Jubilant FoodWorks Limited,JUBLFOOD.BO,2.13,0.3,1.372,Yes
2501,Galaxy Surfactants Limited,GALAXYSURF.NS,2.38,0.335,1.221,Yes
2502,Star Health and Allied Insurance Company Limited,STARHEALTH.NS,2.04,0.288,0.729,Yes
2503,Gulshan Polyols Limited,GULPOLY.BO,3.01,0.426,1.54,Yes
2504,Embassy Developments Limited,EMBDL.BO,3.74,0.528,1.588,Yes
2505,Galaxy Surfactants Limited,GALAXYSURF.BO,2.35,0.335,1.238,Yes
2506,Puretrop Fruits Limited,PURETROP.BO,2.54,0.364,0.269,Yes
2507,North Eastern Carrying Corporation Limited,NECCLTD.NS,4.12,0.587,2.195,Yes
2508,Shelter Pharma Limited,SHELTER.BO,3.8,0.543,0.595,Yes
2509,Apollo Pipes Limited,APOLLOPIPE.BO,2.61,0.375,0.078,Yes
2510,QGO Finance Limited,QGO.BO,3.28,0.47,0.565,Yes
2511,Gulshan Polyols Limited,GULPOLY.NS,2.91,0.422,1.48,Yes
2512,Apollo Pipes Limited,APOLLOPIPE.NS,2.57,0.373,0.074,Yes
2513,Sundaram-Clayton Limited,SUNCLAY.BO,3.0,0.437,1.11,Yes
2514,Vistar Amar Limited,VISTARAMAR.BO,4.2,0.611,0.966,Yes
2515,Aeroflex Neu Limited,AERONEU.BO,3.14,0.459,0.359,Yes
2516,Meghmani Organics Limited,MOL.BO,3.17,0.467,1.851,Yes
2517,Meghmani Organics Limited,MOL.NS,3.14,0.467,1.85,Yes
2518,Chemkart India Limited,CHEMKART.BO,6.0,0.882,3.681,Yes
2519,Jay Shree Tea & Industries Limited,JAYSREETEA.NS,2.42,0.363,1.404,Yes
2520,Maximus International Limited,MAXIMUS.BO,2.16,0.325,0.785,Yes
2521,IST Limited,ISTLTD.BO,2.26,0.342,1.494,Yes
2522,Saatvik Green Energy Limited,SAATVIKGL.BO,2.92,0.441,0.779,Yes
2523,Kunststoffe Industries Limited,KUNSTOFF.BO,2.91,0.439,0.972,Yes
2524,Vineet Laboratories Limited,VINEETLAB.NS,3.29,0.504,1.672,Yes
2525,Ambuja Cements Limited,AMBUJACEM.NS,1.64,0.256,1.396,Yes
2526,Seshaasai Technologies Limited,STYL.NS,2.87,0.447,0.883,Yes
2527,Indbank Merchant Banking Services Limited,INDBANK.NS,2.65,0.42,1.546,Yes
2528,Waaree Energies Limited,WAAREEENER.BO,1.87,0.299,0.0,Yes
2529,Transcorp International Limited,TRANSCOR.BO,2.15,0.342,1.286,Yes
2530,Waaree Energies Limited,WAAREEENER.NS,1.85,0.298,0.002,Yes
2531,JLA Infraville Shoppers Limited,JSHL.BO,4.64,0.746,0.201,Yes
2532,Indbank Merchant Banking Services Limited,INDBANK.BO,2.59,0.421,1.542,Yes
2533,PAN HR Solution Limited,PANHR.BO,7.05,1.128,3.963,Yes
2534,Rhetan TMT Limited,RHETAN.NS,3.38,0.556,1.242,Yes
2535,Walchand PeopleFirst Limited,WALCHPF.BO,2.89,0.477,1.863,Yes
2536,BF Investment Limited,BFINVEST.NS,2.24,0.375,1.767,Yes
2537,Physicswallah Limited,PWL.NS,3.12,0.521,1.374,Yes
2538,HDFC Bank Limited,HDFCBANK.NS,1.24,0.212,1.082,Yes
2539,Aeroflex Neu Limited,AERONEU.NS,2.72,0.467,0.577,Yes
2540,Zenith Healthcare Limited,ZENITHHE.BO,2.85,0.491,1.464,Yes
2541,National Plastic Technologies Limited,NATPLASTI.BO,2.28,0.397,1.498,Yes
2542,National Plywood Industries Limited,NATPLY.BO,4.56,0.792,0.861,No
2543,PDS Limited,PDSL.NS,2.47,0.433,0.815,Yes
2544,Rajshree Polypack Limited,RPPL.NS,2.58,0.456,0.446,Yes
2545,Genesys International Corporation Limited,GENESYS.NS,3.37,0.595,2.022,Yes
2546,Physicswallah Limited,PWL.BO,2.92,0.518,1.362,Yes
2547,Prakash Steelage Limited,PRAKASHSTL.BO,3.53,0.626,1.861,Yes
2548,Shri Keshav Cements and Infra Limited,SKCIL.BO,3.55,0.639,1.991,Yes
2549,Perfectpac Limited,PERFEPA.BO,2.05,0.379,0.552,Yes
2550,Bansal Wire Industries Limited,BANSALWIRE.NS,2.15,0.397,1.783,Yes
2551,Alkyl Amines Chemicals Limited,ALKYLAMINE.NS,1.95,0.361,1.529,Yes
2552,BF Investment Limited,BFINVEST.BO,2.01,0.371,1.757,Yes
2553,B&B Triplewall Containers Limited,BBTCL.BO,2.02,0.381,0.675,Yes
2554,Vasundhara Rasayans Limited,VRL.BO,2.18,0.414,1.215,Yes
2555,GOCL Corporation Limited,GOCLCORP.NS,2.05,0.394,0.684,Yes
2556,Capital India Finance Limited,CIFL.BO,2.3,0.443,1.405,Yes
2557,The Motor & General Finance Limited,MOTOGENFIN.NS,2.1,0.405,1.642,Yes
2558,Prakash Woollen & Synthetic Mills Limited,PWASML.BO,2.16,0.419,0.979,Yes
2559,PDS Limited,PDSL.BO,2.2,0.431,0.812,Yes
2560,The Orissa Minerals Development Company Limited,ORISSAMINE.NS,2.28,0.45,1.879,Yes
2561,Zenotech Laboratories Limited,ZENOTECH.BO,2.1,0.42,1.375,Yes
2562,Mahindra EPC Irrigation Limited,MAHEPC.BO,1.94,0.389,1.443,Yes
2563,Padmanabh Alloy & Polymers Limited,PADALPO.BO,2.36,0.473,0.698,No
2564,GOCL Corporation Limited,GOCLCORP.BO,1.92,0.393,0.676,Yes
2565,Shri Bajrang Alliance Limited,SHBAJRG.BO,2.43,0.499,1.851,Yes
2566,Bansal Wire Industries Limited,BANSALWIRE.BO,1.92,0.395,1.759,Yes
2567,Ishan Dyes and Chemicals Limited,ISHANCH.BO,2.26,0.472,1.836,Yes
2568,Shalimar Wires Industries Limited,SHALIWIR.BO,1.39,0.293,1.208,Yes
2569,Sreechem Resins Limited,SRECR.BO,3.75,0.804,1.347,Yes
2570,Page Industries Limited,PAGEIND.NS,0.99,0.216,0.77,Yes
2571,Nucleus Software Exports Limited,NUCLEUS.NS,2.43,0.524,0.55,Yes
2572,JNK India Limited,JNKINDIA.BO,3.34,0.723,2.991,Yes
2573,Mahindra EPC Irrigation Limited,MAHEPC.NS,1.76,0.385,1.408,Yes
2574,West Coast Paper Mills Limited,WSTCSTPAPR.NS,1.45,0.321,0.961,Yes
2575,Page Industries Limited,PAGEIND.BO,0.96,0.215,0.765,Yes
2576,Infonative Solutions Limited,INFONATIVE.BO,2.26,0.501,0.797,Yes
2577,Asian Granito India Limited,ASIANTILES.NS,2.01,0.467,1.647,Yes
2578,Themis Medicare Limited,THEMISMED.NS,2.45,0.57,2.168,Yes
2579,JNK India Limited,JNKINDIA.NS,3.1,0.724,2.975,Yes
2580,Asian Granito India Limited,ASIANTILES.BO,2.0,0.469,1.64,Yes
2581,Themis Medicare Limited,THEMISMED.BO,2.39,0.571,2.177,Yes
2582,Nucleus Software Exports Limited,NUCLEUS.BO,2.18,0.522,0.558,Yes
2583,Purple Finance Limited,PURPLEFIN.BO,2.43,0.58,1.491,Yes
2584,IRM Energy Limited,IRMENERGY.BO,3.02,0.737,2.609,Yes
2585,Atul Ltd,ATUL.NS,1.19,0.296,1.221,Yes
2586,IRM Energy Limited,IRMENERGY.NS,2.95,0.734,2.611,Yes
2587,Sri Havisha Hospitality and Infrastructure Limited,HAVISHA.NS,2.25,0.575,2.354,Yes
2588,D. B. Corp Limited,DBCORP.NS,1.35,0.349,1.194,Yes
2589,Coastal Corporation Limited,COASTCORP.BO,1.8,0.464,1.229,Yes
2590,Orient Green Power Company Limited,GREENPOWER.NS,2.29,0.589,2.306,Yes
2591,Eveready Industries India Limited,EVEREADY.NS,1.51,0.39,1.231,Yes
2592,Samsrita Labs Limited,SAMSRITA.BO,2.2,0.567,1.089,Yes
2593,D. B. Corp Limited,DBCORP.BO,1.34,0.347,1.163,Yes
2594,Xchanging Solutions Limited,XCHANGING.BO,1.76,0.458,2.098,Yes
2595,Muthoot Microfin Limited,MUTHOOTMF.NS,1.74,0.454,1.884,Yes
2596,Welcast Steels Limited,ZWELCAST.BO,1.99,0.521,1.192,Yes
2597,Xchanging Solutions Limited,XCHANGING.NS,1.73,0.455,2.076,Yes
2598,Flora Corporation Limited,FLORACORP.BO,2.19,0.577,1.155,Yes
2599,Orient Green Power Company Limited,GREENPOWER.BO,2.2,0.59,2.316,Yes
2600,Muthoot Microfin Limited,MUTHOOTMF.BO,1.65,0.45,1.856,Yes
2601,IDFC First Bank Limited,IDFCFIRSTB.NS,1.11,0.305,1.473,Yes
2602,ICRA Limited,ICRA.NS,0.9,0.255,0.801,Yes
2603,ICRA Limited,ICRA.BO,0.89,0.253,0.806,Yes
2604,Coastal Corporation Limited,COASTCORP.NS,1.57,0.456,1.203,Yes
2605,SM Auto Stamping Limited,SMAUTO.BO,1.54,0.472,1.509,Yes
2606,Shiva Mills Limited,SHIVAMILLS.NS,1.2,0.371,1.204,Yes
2607,Panasonic Energy India Co. Ltd.,PANAENERG.BO,1.35,0.421,1.259,Yes
2608,Plastiblends India Limited,PLASTIBLEN.NS,1.36,0.424,1.495,Yes
2609,La Tim Metal & Industries Limited,LATIMMETAL.BO,1.33,0.417,0.924,Yes
2610,Ambo Agritec Limited,AMBOAGRI.BO,3.43,1.081,0.882,Yes
2611,Sahyadri Industries Limited,SAHYADRI.BO,1.25,0.4,1.284,Yes
2612,Tejas Networks Limited,TEJASNET.NS,1.98,0.643,0.941,Yes
2613,Prakash Steelage Limited,PRAKASHSTL.NS,1.87,0.611,1.79,Yes
2614,Tejas Networks Limited,TEJASNET.BO,1.96,0.643,0.942,Yes
2615,Mallcom (India) Limited,MALLCOM.BO,0.99,0.326,1.534,Yes
2616,The Andhra Sugars Limited,ANDHRSUGAR.BO,1.14,0.376,1.271,Yes
2617,Apollo Sindoori Hotels Limited,APOLSINHOT.NS,1.28,0.426,0.624,Yes
2618,Mallcom (India) Limited,MALLCOM.NS,0.96,0.322,1.461,Yes
2619,Mudunuru Limited,MUDUNURU.BO,1.74,0.588,1.056,Yes
2620,Glottis Limited,GLOTTIS.BO,2.2,0.741,2.979,Yes
2621,HeidelbergCement India Limited,HEIDELBERG.NS,0.72,0.243,1.05,Yes
2622,Patel Retail Limited,PATELRMART.NS,1.81,0.618,2.418,Yes
2623,The Andhra Sugars Limited,ANDHRSUGAR.NS,1.08,0.376,1.285,Yes
2624,ICICI Prudential Life Insurance Company Limited,ICICIPRULI.NS,0.79,0.275,1.269,Yes
2625,Sahyadri Industries Limited,SAHYADRI.NS,1.13,0.397,1.335,Yes
2626,Glottis Limited,GLOTTIS.NS,2.11,0.738,3.031,Yes
2627,Dhampur Bio Organics Limited,DBOL.NS,1.34,0.47,0.628,Yes
2628,Orient Cement Limited,ORIENTCEM.BO,1.4,0.495,1.048,Yes
2629,Rajshree Sugars & Chemicals Limited,RAJSREESUG.NS,1.51,0.536,1.282,Yes
2630,AI Champdany Industries Limited,AICHAMP.BO,1.96,0.695,2.409,Yes
2631,Eureka Forbes Limited,EUREKAFORB.BO,0.93,0.334,1.104,Yes
2632,Royal Cushion Vinyl Products Limited,ROYALCU.BO,1.43,0.515,0.425,Yes
2633,Orient Cement Limited,ORIENTCEM.NS,1.38,0.496,1.039,Yes
2634,Salasar Techno Engineering Limited,SALASAR.NS,2.07,0.743,1.832,Yes
2635,B&B Triplewall Containers Limited,BBTCL.NS,0.97,0.356,0.656,Yes
2636,Dhampur Bio Organics Limited,DBOL.BO,1.27,0.468,0.679,Yes
2637,Black Rose Industries Limited,BLACKROSE.BO,1.05,0.387,1.471,Yes
2638,Gogia Capital Growth Limited,GOGIACAPGL.BO,1.9,0.723,0.942,No
2639,N G Industries LTD,NGIND.BO,0.68,0.27,0.401,Yes
2640,Salasar Techno Engineering Limited,SALASAR.BO,1.85,0.739,1.825,Yes
2641,DAPS Advertising Limited,DAPS.BO,1.23,0.501,0.067,Yes
2642,IDFC First Bank Limited,IDFCFIRSTB.BO,0.73,0.305,1.474,Yes
2643,Iris Clothings Limited,IRISDOREME.NS,1.14,0.491,1.181,Yes
2644,Beardsell Limited,BEARDSELL.NS,1.11,0.485,0.47,Yes
2645,Chothani Foods Limited,CHOTHANI.BO,2.14,0.938,0.684,Yes
2646,Media Matrix Worldwide Limited,MMWL.BO,1.47,0.661,1.451,Yes
2647,Deepak Nitrite Limited,DEEPAKNTR.NS,0.84,0.391,1.959,Yes
2648,Prism Johnson Limited,PRSMJOHNSN.BO,0.78,0.366,1.203,Yes
2649,Shiva Mills Limited,SHIVAMILLS.BO,0.72,0.338,0.932,Yes
2650,VMS Industries Limited,VMS.BO,1.41,0.664,2.477,Yes
2651,Shree Digvijay Cement Company Limited,SHREDIGCEM.NS,0.74,0.355,1.256,Yes
2652,Deepak Nitrite Limited,DEEPAKNTR.BO,0.8,0.39,1.952,Yes
2653,Amforge Industries Limited,AMFORG.BO,1.18,0.589,1.9,Yes
2654,Manugraph India Limited,MANUGRAPH.NS,1.09,0.563,1.757,Yes
2655,Prism Johnson Limited,PRSMJOHNSN.NS,0.7,0.366,1.216,Yes
2656,Marc Loire Fashions Limited,MARCLOIRE.BO,2.16,1.15,2.22,Yes
2657,Sudarshan Colorants India Limited,SUDARCOLOR.NS,0.71,0.382,1.564,Yes
2658,Havells India Limited,HAVELLS.NS,0.45,0.269,1.098,Yes
2659,Williamson Magor & Co. Limited,WILLAMAGOR.NS,0.59,0.364,1.769,Yes
2660,ICICI Prudential Life Insurance Company Limited,ICICIPRULI.BO,0.43,0.276,1.271,Yes
2661,Sudarshan Colorants India Limited,SUDARCOLOR.BO,0.59,0.382,1.554,Yes
2662,Odyssey Technologies Limited,ODYSSEY.BO,1.07,0.75,1.097,Yes
2663,IL&FS Transportation Networks Limited,IL&FSTRANS.BO,0.91,0.67,1.956,Yes
2664,Avio Smart Market Stack Limited,ASMS.NS,0.8,0.595,1.026,Yes
2665,Maral Overseas Limited,MARALOVER.BO,0.66,0.533,1.394,Yes
2666,U. Y. Fincorp Limited,UYFINCORP.BO,0.58,0.494,1.419,Yes
2667,DCW Limited,DCW.NS,0.46,0.408,1.548,Yes
2668,Edvenswa Enterprises Limited,EDVENSWA.BO,0.83,0.762,2.232,Yes
2669,The Bombay Dyeing and Manufacturing Company Limited,BOMDYEING.NS,0.41,0.404,1.294,Yes
2670,BCL Enterprises Limited,BCLENTERPR.BO,0.53,0.514,1.512,Yes
2671,Sundrop Brands Limited,SUNDROP.NS,0.39,0.379,0.917,Yes
2672,Akme Fintrade (India) Limited,AFIL.NS,0.43,0.507,0.454,Yes
2673,Equitas Small Finance Bank Limited,EQUITASBNK.BO,0.31,0.368,1.391,Yes
2674,Equitas Small Finance Bank Limited,EQUITASBNK.NS,0.3,0.368,1.388,Yes
2675,Econo Trade (India) Limited,ETIL.BO,0.36,0.465,0.973,Yes
2676,Akme Fintrade (India) Limited,AFIL.BO,0.35,0.502,0.478,Yes
2677,52 Weeks Entertainment Limited,SHAQUAK.BO,0.24,0.375,0.006,Yes
2678,Williamson Magor & Co. Limited,WILLAMAGOR.BO,0.23,0.379,1.781,Yes
2679,Malpani Pipes and Fittings Limited,MALPANI.BO,0.19,0.325,0.971,Yes
2680,Restaurant Brands Asia Limited,RBA.NS,0.26,0.443,0.671,Yes
2681,Alankit Limited,ALANKIT.NS,0.28,0.484,1.87,Yes
2682,Somany Ceramics Limited,SOMANYCERA.BO,0.22,0.38,1.289,Yes
2683,Cerebra Integrated Technologies Limited,CEREBRAINT.NS,0.44,0.774,1.612,Yes
2684,Zee Media Corporation Limited,ZEEMEDIA.NS,0.3,0.583,1.738,Yes
2685,Nath Bio-Genes (India) Limited,NATHBIOGEN.BO,0.23,0.461,1.939,Yes
2686,SVP Global Textiles Limited,SVPGLOB.BO,0.35,0.812,2.574,Yes
2687,Nelcast Limited,NELCAST.BO,0.2,0.508,0.563,Yes
2688,Nutech Global Limited,NUTECGLOB.BO,0.19,0.522,0.455,Yes
2689,Coffee Day Enterprises Limited,COFFEEDAY.NS,0.22,0.636,2.179,Yes
2690,Restaurant Brands Asia Limited,RBA.BO,0.14,0.442,0.676,Yes
2691,We Win Limited,WEWIN.NS,0.13,0.511,1.633,Yes
2692,FDC Limited,FDC.NS,0.07,0.272,1.122,Yes
2693,Jost's Engineering Company Limited,JOSTS.BO,0.15,0.647,1.854,Yes
2694,Sundrop Brands Limited,SUNDROP.BO,0.08,0.372,0.871,Yes
2695,Coffee Day Enterprises Limited,COFFEEDAY.BO,0.12,0.631,2.169,Yes
2696,Mirae Asset Nifty MidSmallcap400 Momentum Quality 100 ETF,MIDSMALL.NS,0.03,0.211,1.158,Yes
2697,Alankit Limited,ALANKIT.BO,0.08,0.481,1.878,Yes
2698,IL&FS Transportation Networks Limited,IL&FSTRANS.NS,0.1,0.659,2.026,Yes
2699,Twamev Construction and Infrastructure Limited,TICL.BO,0.05,0.686,1.007,Yes
2700,Worth Peripherals Limited,WORTHPERI.BO,0.0,0.314,1.453,Yes
2701,Somany Ceramics Limited,SOMANYCERA.NS,0.0,0.375,1.292,Yes
2702,FDC Limited,FDC.BO,-0.0,0.272,1.135,Yes
2703,Shreenath Paper Products Limited,SHREENATH.BO,-0.01,0.62,2.521,Yes
2704,Orient Bell Limited,ORIENTBELL.BO,-0.01,0.367,0.791,Yes
2705,Prospect Consumer Products Limited,PCL.BO,-0.13,0.689,0.863,Yes
2706,Nahar Capital and Financial Services Limited,NAHARCAP.NS,-0.09,0.368,1.639,Yes
2707,Zee Media Corporation Limited,ZEEMEDIA.BO,-0.14,0.578,1.701,Yes
2708,Advance Metering Technology Limited,AMTL.BO,-0.17,0.637,1.382,Yes
2709,Orient Bell Limited,ORIENTBELL.NS,-0.1,0.361,0.774,Yes
2710,SVP Global Textiles Limited,SVPGLOB.NS,-0.25,0.831,2.574,Yes
2711,ICICIPRAMC - ICICITECH,ITIETF.NS,-0.09,0.254,0.833,Yes
2712,Nath Bio-Genes (India) Limited,NATHBIOGEN.NS,-0.17,0.448,1.941,Yes
2713,Nelcast Limited,NELCAST.NS,-0.2,0.502,0.582,Yes
2714,Prudential Sugar Corporation Ltd.,PRUDMOULI.NS,-0.36,0.828,1.821,Yes
2715,We Win Limited,WEWIN.BO,-0.23,0.51,1.719,Yes
2716,Unick Fix-A-Form and Printers Limited,UNICK.BO,-0.23,0.407,0.254,No
2717,Waaree Renewable Technologies Limited,WAAREERTL.NS,-0.22,0.399,1.513,Yes
2718,Cityman Limited,CITYMAN.BO,-0.31,0.495,0.31,Yes
2719,Snowman Logistics Limited,SNOWMAN.NS,-0.28,0.44,2.328,Yes
2720,Krystal Integrated Services Limited,KRYSTAL.BO,-0.28,0.391,1.287,Yes
2721,Shri Gang Industries & Allied Products Limited,SHRIGANG.BO,-0.67,0.844,0.026,Yes
2722,Snowman Logistics Limited,SNOWMAN.BO,-0.38,0.437,2.317,Yes
2723,Akash Infra-Projects Limited,AKASH.NS,-0.3,0.341,1.233,Yes
2724,Eastcoast Steel Limited,ECSTSTL.BO,-0.48,0.549,0.393,Yes
2725,Lorenzini Apparels Limited,LAL.BO,-0.56,0.601,1.348,Yes
2726,Saurashtra Cement Limited,SAURASHCEM.BO,-0.46,0.458,1.741,Yes
2727,JMJ Fintech Limited,JMJFIN.BO,-0.7,0.658,1.708,Yes
2728,Krystal Integrated Services Limited,KRYSTAL.NS,-0.43,0.385,1.307,Yes
2729,Mold-Tek Packaging Limited,MOLDTKPAC.NS,-0.46,0.412,0.97,Yes
2730,Fervent Synergies Limited,FERVENTSYN.BO,-0.51,0.459,0.122,Yes
2731,Maral Overseas Limited,MARALOVER.NS,-0.57,0.504,1.206,Yes
2732,Mold-Tek Packaging Limited,MOLDTKPAC.BO,-0.47,0.412,0.979,Yes
2733,Transrail Lighting Limited,TRANSRAILL.BO,-0.6,0.506,1.599,Yes
2734,Lakshmi Precision Screws Limited,LAKPRE.BO,-0.56,0.47,0.343,Yes
2735,Maheshwari Logistics Limited,MAHESHWARI.NS,-0.4,0.325,0.325,Yes
2736,Kshitij Polyline Limited,KSHITIJPOL.NS,-0.85,0.662,0.719,Yes
2737,Transrail Lighting Limited,TRANSRAILL.NS,-0.65,0.506,1.594,Yes
2738,Jai Corp Limited,JAICORPLTD.NS,-0.87,0.654,2.12,Yes
2739,Shree Digvijay Cement Company Limited,SHREDIGCEM.BO,-0.43,0.312,0.835,Yes
2740,Jai Corp Limited,JAICORPLTD.BO,-0.92,0.655,2.116,Yes
2741,Prime Fresh Limited,PRIMEFRESH.BO,-0.77,0.54,1.205,Yes
2742,Axtel Industries Limited,AXTEL.BO,-0.52,0.358,0.156,Yes
2743,TruAlt Bioenergy Limited,TRUALT.NS,-0.45,0.312,0.636,Yes
2744,Housing Development and Infrastructure Limited,HDIL.BO,-0.95,0.65,1.235,Yes
2745,Aksh Optifibre Limited,AKSHOPTFBR.BO,-0.83,0.569,1.501,Yes
2746,Zodiac-JRD-MKJ Limited,ZODJRDMKJ.BO,-0.87,0.566,1.213,Yes
2747,Leading Leasing Finance and Investment Company Limited,LLFICL.BO,-1.17,0.76,0.691,Yes
2748,Mysore Petro Chemicals Limited,MYSORPETRO.BO,-0.59,0.367,0.888,Yes
2749,Blue Chip Tex Industries Limited,BLUECHIPT.BO,-0.53,0.323,0.353,Yes
2750,Motherson Sumi Wiring India Limited,MSUMI.BO,-0.44,0.264,1.365,Yes
2751,Motherson Sumi Wiring India Limited,MSUMI.NS,-0.44,0.264,1.36,Yes
2752,Raghuvir Synthetics Limited,RAGHUSYN.BO,-0.63,0.345,0.97,Yes
2753,Atul Auto Limited,ATULAUTO.NS,-0.7,0.374,1.461,Yes
2754,Lorenzini Apparels Limited,LAL.NS,-1.14,0.588,1.26,Yes
2755,Vaishali Pharma Limited,VAISHALI.NS,-1.04,0.53,1.818,Yes
2756,Stanrose Mafatlal Investments and Finance Limited,STANROS.BO,-0.56,0.279,0.634,Yes
2757,Twamev Construction and Infrastructure Limited,TICL.NS,-1.38,0.684,1.101,Yes
2758,Housing Development and Infrastructure Limited,HDIL.NS,-1.42,0.619,1.149,Yes
2759,Valor Estate Limited,DBREALTY.BO,-1.25,0.54,1.652,Yes
2760,Samrat Forgings Limited,SAMRATFORG.BO,-1.04,0.446,0.916,Yes
2761,Berger Paints India Limited,BERGEPAINT.NS,-0.6,0.258,1.212,Yes
2762,Agro Phos (India) Limited,AGROPHOS.NS,-1.03,0.442,1.805,Yes
2763,JK Lakshmi Cement Limited,JKLAKSHMI.NS,-0.75,0.319,1.382,Yes
2764,Goa Carbon Limited,GOACARBON.NS,-1.05,0.449,1.815,Yes
2765,Valor Estate Limited,DBREALTY.NS,-1.27,0.54,1.655,Yes
2766,Zenith Fibres Limited,ZENIFIB.BO,-0.81,0.342,0.781,Yes
2767,Denta Water and Infra Solutions Limited,DENTA.NS,-1.26,0.527,1.39,Yes
2768,Integra Capital Limited,INTCAPL.BO,-0.8,0.328,0.178,Yes
2769,Nahar Capital and Financial Services Limited,NAHARCAP.BO,-0.86,0.351,1.544,Yes
2770,Aksh Optifibre Limited,AKSHOPTFBR.NS,-1.39,0.568,1.52,Yes
2771,BKV Industries Limited,BKV.BO,-0.79,0.314,0.22,Yes
2772,Archean Chemical Industries Limited,ACI.BO,-0.86,0.329,0.821,Yes
2773,Thirumalai Chemicals Limited,TIRUMALCHM.NS,-1.13,0.425,1.684,Yes
2774,Gloster Limited,GLOSTERLTD.BO,-0.89,0.331,0.737,Yes
2775,Goa Carbon Limited,GOACARBON.BO,-1.22,0.446,1.795,Yes
2776,Denta Water and Infra Solutions Limited,DENTA.BO,-1.49,0.529,1.389,Yes
2777,Quadrant Future Tek Limited,QUADFUTURE.BO,-1.72,0.599,1.317,Yes
2778,Archean Chemical Industries Limited,ACI.NS,-0.94,0.325,0.82,Yes
2779,Jocil Limited,JOCIL.NS,-1.2,0.41,1.578,Yes
2780,Southern Magnesium and Chemicals Limited,SOUTHMG.BO,-2.01,0.687,1.874,Yes
2781,Polson Limited,POLSON.BO,-0.88,0.294,1.055,Yes
2782,Quadrant Future Tek Limited,QUADFUTURE.NS,-1.79,0.597,1.295,Yes
2783,Chemcon Speciality Chemicals Limited,CHEMCON.BO,-1.33,0.434,1.232,Yes
2784,Sakuma Exports Limited,SAKUMA.NS,-2.33,0.761,2.695,Yes
2785,Deep Health AI India Limited,DEEPAI.BO,-2.92,0.937,3.223,Yes
2786,ABC India Limited,ABCINDQ.BO,-1.59,0.5,1.416,Yes
2787,TruAlt Bioenergy Limited,TRUALT.BO,-1.03,0.319,0.66,Yes
2788,Cosyn Limited,COSYN.BO,-1.52,0.432,0.56,Yes
2789,Gujjubhai Industries Limited,GUJJUBHAI.BO,-1.74,0.488,1.4,Yes
2790,Arisinfra Solutions Limited,ARIS.BO,-2.14,0.592,2.47,Yes
2791,VVIP Infratech Limited,VVIPIL.BO,-2.16,0.591,1.702,Yes
2792,Rasi Electrodes Limited,RASIELEC.BO,-2.04,0.557,1.558,Yes
2793,Chemcon Speciality Chemicals Limited,CHEMCON.NS,-1.64,0.434,1.248,Yes
2794,Arisinfra Solutions Limited,ARIS.NS,-2.23,0.587,2.433,Yes
2795,Nimbus Projects Limited,NIMBSPROJ.NS,-1.85,0.485,4.178,No
2796,Rathi Bars Limited,RATHIBAR.BO,-2.11,0.544,1.496,Yes
2797,Shree Cement Limited,SHREECEM.NS,-0.79,0.2,0.782,Yes
2798,G. K. P. Printing & Packaging Limited,GKP.BO,-2.16,0.549,1.588,Yes
2799,RMC Switchgears Limited,RMC.BO,-2.85,0.724,1.687,Yes
2800,Adeshwar Meditex Limited,ADESHWAR.BO,-1.62,0.41,0.619,Yes
2801,Krsnaa Diagnostics Limited,KRSNAA.BO,-1.34,0.337,0.98,Yes
2802,Innovative Tech Pack Limited,INNOVTEC.BO,-2.05,0.502,1.58,Yes
2803,Krsnaa Diagnostics Limited,KRSNAA.NS,-1.42,0.336,0.984,Yes
2804,Indigo Paints Limited,INDIGOPNTS.NS,-1.61,0.377,1.18,Yes
2805,GPT Healthcare Limited,GPTHEALTH.NS,-1.69,0.394,1.391,Yes
2806,Likhitha Infrastructure Limited,LIKHITHA.BO,-2.49,0.575,1.502,Yes
2807,Lyka Labs Limited,LYKALABS.NS,-2.22,0.506,1.635,Yes
2808,Vascon Engineers Limited,VASCONEQ.NS,-2.89,0.659,1.99,Yes
2809,Goyal Associates Limited,GOYALASS.BO,-2.15,0.487,1.187,Yes
2810,Austin Engineering Company Limited,AUSTENG.BO,-1.83,0.411,0.83,Yes
2811,Vascon Engineers Limited,VASCONEQ.BO,-2.92,0.66,2.01,Yes
2812,Tuticorin Alkali Chemicals and Fertilizers Limited,TUTIALKA.BO,-1.86,0.418,1.094,Yes
2813,StarlinePS Enterprises Limited,STARLENT.BO,-5.0,1.139,0.019,Yes
2814,Share India Securities Limited,SHAREINDIA.NS,-2.22,0.498,1.53,Yes
2815,Ganesh Benzoplast Limited,GANESHBE.BO,-1.82,0.405,1.27,Yes
2816,Indigo Paints Limited,INDIGOPNTS.BO,-1.7,0.374,1.177,Yes
2817,GPT Healthcare Limited,GPTHEALTH.BO,-1.8,0.392,1.392,Yes
2818,5paisa Capital Limited,5PAISA.BO,-1.6,0.348,1.536,Yes
2819,Likhitha Infrastructure Limited,LIKHITHA.NS,-2.63,0.574,1.51,Yes
2820,Virat Crane Industries Limited,VIRATCRA.BO,-2.0,0.433,1.291,Yes
2821,Elegant Floriculture & Agrotech (India) Limited,ELEFLOR.BO,-2.17,0.458,0.083,No
2822,Rajasthan Cylinders and Containers Limited,RCCL.BO,-1.24,0.256,0.547,Yes
2823,Share India Securities Limited,SHAREINDIA.BO,-2.4,0.496,1.56,Yes
2824,UTI Nifty IT ETF,ITBETA.NS,-1.28,0.257,0.805,Yes
2825,IntraSoft Technologies Limited,ISFT.NS,-2.44,0.491,1.279,Yes
2826,5paisa Capital Limited,5PAISA.NS,-1.72,0.344,1.524,Yes
2827,HCKK Ventures Limited,HCKKVENTURE.BO,-3.96,0.802,1.327,Yes
2828,Five-Star Business Finance Limited,FIVESTAR.NS,-1.92,0.384,1.395,Yes
2829,BSL Limited,BSL.BO,-2.11,0.418,1.317,Yes
2830,Shri Dinesh Mills Limited,SHRIDINE.BO,-2.69,0.531,1.945,Yes
2831,Control Print Limited,CONTROLPR.BO,-1.61,0.314,1.445,Yes
2832,Modern Steels Limited,MDRNSTL.BO,-2.3,0.447,1.627,Yes
2833,Inventurus Knowledge Solutions Limited,IKS.BO,-1.6,0.308,0.796,Yes
2834,Infosys Limited,INFY.NS,-1.38,0.264,0.616,Yes
2835,Ganesh Benzoplast Limited,GANESHBE.NS,-2.11,0.401,1.247,Yes
2836,UTIAMC-BANKBETA,BANKBETA.NS,-1.39,0.261,1.295,Yes
2837,Airo Lam Limited,AIROLAM.NS,-1.89,0.355,0.684,Yes
2838,Sagarsoft (India) Limited,SAGARSOFT.BO,-2.33,0.436,1.686,Yes
2839,Libas Consumer Products Limited,LIBAS.NS,-1.8,0.334,0.694,Yes
2840,Indoco Remedies Limited,INDOCO.NS,-2.32,0.427,2.013,Yes
2841,Five-Star Business Finance Limited,FIVESTAR.BO,-2.1,0.383,1.4,Yes
2842,Smruthi Organics Limited,SMRUTHIORG.BO,-1.98,0.361,0.614,Yes
2843,Avantel Limited,AVANTEL.NS,-2.44,0.443,1.13,Yes
2844,Greencrest Financial Services Limited,GREENCREST.BO,-1.95,0.354,0.886,Yes
2845,Parvati Sweetners and Power Limited,PARVATI.BO,-2.46,0.443,0.052,Yes
2846,East West Freight Carriers Limited,EASTWEST.BO,-3.42,0.618,2.313,Yes
2847,Inventurus Knowledge Solutions Limited,IKS.NS,-1.75,0.308,0.793,Yes
2848,Vakrangee Limited,VAKRANGEE.NS,-4.85,0.863,2.063,Yes
2849,Duroply Industries Limited,DUROPLY.BO,-3.96,0.696,1.366,Yes
2850,Control Print Limited,CONTROLPR.NS,-1.8,0.313,1.451,Yes
2851,Shri Balaji Valve Components Limited,SBVCL.BO,-4.09,0.716,1.78,Yes
2852,Patanjali Foods Limited,PATANJALI.BO,-1.62,0.278,0.412,Yes
2853,Bharat Wire Ropes Limited,BHARATWIRE.BO,-2.86,0.494,2.092,Yes
2854,Vakrangee Limited,VAKRANGEE.BO,-4.96,0.863,2.086,Yes
2855,Popular Foundations Limited,PFL.BO,-2.46,0.422,1.414,Yes
2856,Saven Technologies Limited,7TEC.BO,-2.18,0.371,1.292,Yes
2857,Transpek Industry Limited,TRANSPEK.BO,-2.47,0.416,1.441,Yes
2858,Patanjali Foods Limited,PATANJALI.NS,-1.65,0.276,0.43,Yes
2859,Virgo Global Limited,VIRGOGLOB.BO,-4.67,0.784,1.578,Yes
2860,Creative Castings Limited,CREATIVE.BO,-1.93,0.317,0.866,Yes
2861,Rajratan Global Wire Limited,RAJRATAN.NS,-3.05,0.504,2.254,Yes
2862,Cenlub Industries Limited,CENLUB.BO,-3.71,0.613,2.024,Yes
2863,L&T Technology Services Limited,LTTS.BO,-1.9,0.311,1.358,Yes
2864,Asian Petro Products and Exports Limited,ASINPET.BO,-3.58,0.585,1.349,Yes
2865,GTN Industries Limited,GTNINDS.BO,-2.68,0.435,1.37,Yes
2866,Asian Paints Limited,ASIANPAINT.NS,-1.6,0.257,1.129,Yes
2867,Innovana Thinklabs Limited,INNOVANA.BO,-3.9,0.625,2.043,Yes
2868,Master Trust Limited,MASTERTR.BO,-4.95,0.795,3.057,Yes
2869,Bharat Wire Ropes Limited,BHARATWIRE.NS,-3.08,0.49,2.066,Yes
2870,HLE Glascoat Limited,HLEGLAS.NS,-3.72,0.592,2.209,Yes
2871,Rudra Global Infra Products Limited,RUDRA.NS,-4.9,0.784,3.154,Yes
2872,Rajratan Global Wire Limited,RAJRATAN.BO,-3.15,0.499,2.228,Yes
2873,Shree Steel Wire Ropes Limited,SSWRL.BO,-3.02,0.475,0.712,Yes
2874,Titaanium Ten Enterprise Limited,TITAANIUM.BO,-5.14,0.811,0.112,No
2875,MedPlus Health Services Limited,MEDPLUS.BO,-1.62,0.25,0.031,No
2876,Bajaj HealthCare Limited,BAJAJHCARE.BO,-2.84,0.442,0.779,Yes
2877,HLE Glascoat Limited,HLEGLAS.BO,-3.8,0.593,2.208,Yes
2878,Bajaj HealthCare Limited,BAJAJHCARE.NS,-2.84,0.442,0.78,Yes
2879,Apollo Finvest (India) Limited,APOLLOFI.BO,-2.55,0.395,1.414,Yes
2880,BSL Limited,BSL.NS,-2.7,0.416,1.253,Yes
2881,L&T Technology Services Limited,LTTS.NS,-2.04,0.312,1.355,Yes
2882,The Sukhjit Starch & Chemicals Limited,SUKHJITS.NS,-2.47,0.377,1.56,Yes
2883,MedPlus Health Services Limited,MEDPLUS.NS,-1.64,0.248,0.022,No
2884,BMW Ventures Limited,BMWVENTLTD.BO,-3.48,0.527,2.226,Yes
2885,IntraSoft Technologies Limited,ISFT.BO,-3.25,0.486,1.302,Yes
2886,Anjani Foods Limited,ANJANIFOODS.BO,-3.68,0.551,2.446,Yes
2887,Nath Industries Limited,NATHIND.BO,-2.38,0.352,1.169,Yes
2888,Metro Brands Limited,METROBRAND.NS,-1.97,0.29,0.807,Yes
2889,Alkali Metals Limited,ALKALI.BO,-3.68,0.543,1.864,Yes
2890,IndiQube Spaces Limited,INDIQUBE.NS,-3.02,0.444,2.187,Yes
2891,BPL Limited,BPL.NS,-3.7,0.544,2.0,Yes
2892,Siddha Ventures Limited,SIDDHA.BO,-4.09,0.6,0.832,Yes
2893,Bayer CropScience Limited,BAYERCROP.BO,-2.31,0.334,0.915,Yes
2894,Expleo Solutions Limited,EXPLEOSOL.BO,-2.78,0.403,1.314,Yes
2895,Metro Brands Limited,METROBRAND.BO,-2.02,0.291,0.82,Yes
2896,Expleo Solutions Limited,EXPLEOSOL.NS,-2.79,0.402,1.331,Yes
2897,Arkade Developers Limited,ARKADE.NS,-2.82,0.401,1.889,Yes
2898,Reliance Industrial Infrastructure Limited,RIIL.NS,-2.41,0.343,1.809,Yes
2899,Peeti Securities Limited,PEETISEC.BO,-2.09,0.296,0.691,Yes
2900,BFL Asset Finvest Limited,BFLAFL.BO,-4.2,0.6,1.485,Yes
2901,Vision Corporation Limited,VISIONCO.BO,-3.37,0.479,0.642,Yes
2902,IndiQube Spaces Limited,INDIQUBE.BO,-3.07,0.435,2.121,Yes
2903,Reliance Industrial Infrastructure Limited,RIIL.BO,-2.46,0.343,1.806,Yes
2904,Cyient Limited,CYIENT.NS,-2.97,0.413,1.271,Yes
2905,Delta Manufacturing Limited,DELTAMAGNT.BO,-3.43,0.479,1.968,Yes
2906,Sailani Tours N Travels Limited,SAILANI.BO,-4.01,0.562,0.879,Yes
2907,Cyient Limited,CYIENT.BO,-2.96,0.412,1.277,Yes
2908,Uma Exports Limited,UMAEXPORTS.BO,-4.48,0.626,1.307,Yes
2909,The Sukhjit Starch & Chemicals Limited,SUKHJITS.BO,-2.7,0.373,1.544,Yes
2910,Arkade Developers Limited,ARKADE.BO,-2.95,0.4,1.895,Yes
2911,Bayer CropScience Limited,BAYERCROP.NS,-2.45,0.33,0.921,Yes
2912,Rasandik Engineering Industries India Limited,RASANDIK.BO,-3.38,0.456,1.06,Yes
2913,BMW Ventures Limited,BMWVENTLTD.NS,-3.94,0.521,2.206,Yes
2914,IndusInd Bank Limited,INDUSINDBK.NS,-3.0,0.393,1.247,Yes
2915,Star Imaging and Path Lab Limited,STARIMAGIN.BO,-7.53,1.006,4.331,Yes
2916,Murudeshwar Ceramics Ltd.,MURUDCERA.NS,-3.77,0.494,1.136,Yes
2917,Dhruv Consultancy Services Limited,DHRUV.BO,-5.78,0.762,1.267,Yes
2918,Tips Films Limited,TIPSFILMS.BO,-3.79,0.494,2.196,Yes
2919,HDFC Life Insurance Company Limited,HDFCLIFE.BO,-1.97,0.255,0.969,Yes
2920,Ganon Products Limited,GANONPRO.BO,-5.21,0.682,1.163,Yes
2921,HDFC Life Insurance Company Limited,HDFCLIFE.NS,-1.98,0.255,0.969,Yes
2922,Sterling and Wilson Renewable Energy Limited,SWSOLAR.NS,-4.7,0.605,2.527,Yes
2923,Variman Global Enterprises Limited,VARIMAN.BO,-6.84,0.889,2.629,Yes
2924,Mastek Limited,MASTEK.BO,-2.99,0.374,1.451,Yes
2925,Digjam Limited,DIGJAMLMTD.BO,-4.57,0.574,1.184,Yes
2926,Solarium Green Energy Limited,SOLARIUM.BO,-6.31,0.798,2.913,Yes
2927,Sterling and Wilson Renewable Energy Limited,SWSOLAR.BO,-4.87,0.602,2.513,Yes
2928,Delta Manufacturing Limited,DELTAMAGNT.NS,-3.93,0.484,1.895,Yes
2929,Asian Tea & Exports Limited,ASIANTNE.BO,-2.73,0.333,0.564,Yes
2930,Supershakti Metaliks Limited,SUPERSHAKT.BO,-5.08,0.621,0.634,Yes
2931,Dhruv Consultancy Services Limited,DHRUV.NS,-6.28,0.77,1.194,Yes
2932,Mastek Limited,MASTEK.NS,-3.09,0.373,1.456,Yes
2933,Uma Exports Limited,UMAEXPORTS.NS,-5.15,0.626,1.242,Yes
2934,Murudeshwar Ceramics Ltd.,MURUDCERA.BO,-4.09,0.493,1.141,Yes
2935,Sakthi Sugars Limited,SAKHTISUG.BO,-3.99,0.48,1.656,Yes
2936,Centenial Surgical Suture Ltd.,CSURGSU.BO,-3.35,0.402,0.898,Yes
2937,Triveni Glass Limited,TRIVENIGQ.BO,-6.18,0.749,1.454,Yes
2938,Sakthi Sugars Limited,SAKHTISUG.NS,-4.06,0.481,1.705,Yes
2939,KIFS Financial Services Limited,KIFS.BO,-2.9,0.34,0.733,Yes
2940,BCL Industries Limited,BCLIND.NS,-3.64,0.427,1.724,Yes
2941,Ajanta Soya Limited,AJANTSOY.BO,-4.06,0.472,1.377,Yes
2942,Tips Films Limited,TIPSFILMS.NS,-4.39,0.511,2.279,Yes
2943,BCL Industries Limited,BCLIND.BO,-3.72,0.427,1.73,Yes
2944,Mirza International Limited,MIRZAINT.BO,-3.44,0.394,1.132,Yes
2945,Dhunseri Tea & Industries Limited,DTIL.NS,-3.49,0.389,1.138,Yes
2946,Dipna Pharmachem Limited,DPL.BO,-7.69,0.873,0.113,Yes
2947,Aavas Financiers Limited,AAVAS.NS,-3.57,0.396,1.717,Yes
2948,Jayshree Chemicals Limited,JAYCH.BO,-3.99,0.443,1.187,Yes
2949,IndusInd Bank Limited,INDUSINDBK.BO,-3.56,0.393,1.256,Yes
2950,Vidhi Specialty Food Ingredients Limited,VIDHIING.BO,-2.16,0.236,0.709,Yes
2951,Alkali Metals Limited,ALKALI.NS,-4.96,0.548,1.891,Yes
2952,GHCL Limited,GHCL.NS,-3.27,0.356,1.229,Yes
2953,NOCIL Limited,NOCIL.NS,-3.09,0.335,1.218,Yes
2954,Dhunseri Tea & Industries Limited,DTIL.BO,-3.51,0.382,1.088,Yes
2955,TCFC Finance Limited,TCFCFINQ.BO,-4.32,0.471,1.317,Yes
2956,Aavas Financiers Limited,AAVAS.BO,-3.63,0.394,1.699,Yes
2957,Fairchem Organics Limited,FAIRCHEMOR.NS,-4.98,0.537,1.955,Yes
2958,Suryalata Spinning Mills Limited,SURYALA.BO,-3.69,0.393,0.405,Yes
2959,Uravi Defence and Technology Limited,URAVIDEF.NS,-5.66,0.609,1.114,Yes
2960,The Wealth Company Gold ETF,TWCGOLDETF.NS,-2.3,0.244,0.332,Yes
2961,Mirza International Limited,MIRZAINT.NS,-3.78,0.397,1.158,Yes
2962,Indo National Limited,NIPPOBATRY.BO,-4.34,0.456,1.309,Yes
2963,Chordia Food Products Limited,CHORDIA.BO,-1.94,0.201,0.353,Yes
2964,Udayshivakumar Infra Limited,USK.NS,-4.86,0.512,1.278,Yes
2965,ABans Enterprises Limited,ABANSENT.BO,-9.26,0.982,3.694,Yes
2966,Ventive Hospitality Limited,VENTIVE.BO,-3.92,0.403,1.848,Yes
2967,Go Digit General Insurance Limited,GODIGIT.BO,-2.73,0.276,0.44,Yes
2968,Amraworld Agrico Limited,AMRAAGRI.BO,-4.55,0.464,1.727,Yes
2969,AVG Logistics Limited,AVG.BO,-5.15,0.525,1.383,Yes
2970,Raama Paper Mills Limited,RAMAPPR-B.BO,-5.11,0.519,1.074,No
2971,Par Drugs and Chemicals Limited,PAR.NS,-5.11,0.517,0.9,Yes
2972,Fairchem Organics Limited,FAIRCHEMOR.BO,-5.25,0.529,1.942,Yes
2973,Digjam Limited,DIGJAMLMTD.NS,-5.51,0.556,1.022,Yes
2974,Awfis Space Solutions Limited,AWFIS.BO,-5.62,0.567,2.417,Yes
2975,TTI Enterprise Limited,TTIENT.BO,-5.74,0.577,1.376,Yes
2976,Sterling Greenwoods Limited,STRGRENWO.BO,-5.18,0.518,0.879,Yes
2977,Nikhil Adhesives Limited,NIKHILAD.BO,-4.54,0.45,1.431,Yes
2978,Go Digit General Insurance Limited,GODIGIT.NS,-2.81,0.276,0.449,Yes
2979,Aarti Drugs Limited,AARTIDRUGS.BO,-3.49,0.343,0.993,Yes
2980,Ventive Hospitality Limited,VENTIVE.NS,-4.05,0.4,1.83,Yes
2981,Indo National Limited,NIPPOBATRY.NS,-4.58,0.453,1.313,Yes
2982,AVG Logistics Limited,AVG.NS,-5.28,0.523,1.425,Yes
2983,Awfis Space Solutions Limited,AWFIS.NS,-5.7,0.565,2.411,Yes
2984,Dynemic Products Limited,DYNPRO.BO,-4.31,0.421,0.966,Yes
2985,Saksoft Limited,SAKSOFT.NS,-5.24,0.514,1.529,Yes
2986,Ceigall India Limited,CEIGALL.BO,-3.04,0.294,0.858,Yes
2987,Subex Limited,SUBEXLTD.BO,-5.59,0.548,1.82,Yes
2988,Subex Limited,SUBEXLTD.NS,-5.6,0.548,1.83,Yes
2989,Aarti Drugs Limited,AARTIDRUGS.NS,-3.54,0.342,0.987,Yes
2990,Chandra Prabhu International Ltd.,CHANDRAP.BO,-4.54,0.439,0.581,No
2991,Vinyoflex Limited,VINYOFL.BO,-4.95,0.477,1.672,Yes
2992,Vidhi Specialty Food Ingredients Limited,VIDHIING.NS,-2.4,0.228,0.627,Yes
2993,K-Lifestyle & Industries Limited,KLIFESTYL.BO,-3.28,0.312,0.256,Yes
2994,Madhav Marbles and Granites Limited,MADHAV.BO,-4.29,0.409,1.566,Yes
2995,Uravi Defence and Technology Limited,URAVIDEF.BO,-6.37,0.61,1.069,Yes
2996,Galaxy Bearings Limited,GALXBRG.BO,-5.25,0.499,0.752,Yes
2997,Amrutanjan Health Care Limited,AMRUTANJAN.NS,-2.74,0.256,1.289,Yes
2998,Ceigall India Limited,CEIGALL.NS,-3.13,0.292,0.821,Yes
2999,Gourmet Gateway India Limited,GOURMET.BO,-7.65,0.725,1.81,Yes
3000,Rexnord Electronics and Controls Limited,REXNORD.BO,-5.32,0.495,1.647,Yes
3001,T.T. Limited,TTL.BO,-4.22,0.389,0.582,Yes
3002,Kirloskar Ferrous Industries Limited,KIRLFER.NS,-1.79,0.162,0.903,Yes
3003,Madhav Marbles and Granites Limited,MADHAV.NS,-4.42,0.404,1.524,Yes
3004,Jain Irrigation Systems Limited,JISLDVREQS.BO,-5.14,0.471,1.715,Yes
3005,CSL Finance Limited,CSLFINANCE.BO,-3.97,0.362,1.439,Yes
3006,Dynemic Products Limited,DYNPRO.NS,-4.65,0.417,0.922,Yes
3007,Deccan Health Care Limited,DECCAN.BO,-8.62,0.786,3.313,Yes
3008,Siyaram Recycling Industries Limited,SIYARAM.BO,-6.91,0.623,1.245,Yes
3009,Valiant Laboratories Limited,VALIANTLAB.BO,-6.99,0.629,1.164,Yes
3010,NCL Industries Limited,NCLIND.NS,-3.58,0.316,1.312,Yes
3011,Response Informatics Limited,RESPONSINF.BO,-6.91,0.62,2.838,Yes
3012,CSL Finance Limited,CSLFINANCE.NS,-4.04,0.357,1.418,Yes
3013,Mold-Tek Technologies Limited,MOLDTECH.BO,-5.73,0.508,1.874,Yes
3014,Pearl Polymers Limited,PEARLPOLY.BO,-5.9,0.523,1.974,Yes
3015,Balmer Lawrie Investments Limited,BLIL.BO,-7.12,0.634,0.383,Yes
3016,Tai Industries Limited,TAIIND.BO,-5.13,0.45,0.235,No
3017,Sadbhav Infrastructure Project Limited,SADBHIN.NS,-6.25,0.55,1.67,Yes
3018,Banswara Syntex Limited,BANSWRAS.NS,-3.47,0.301,1.05,Yes
3019,Bhandari Hosiery Exports Limited,BHANDARI.NS,-7.03,0.611,1.418,Yes
3020,Banswara Syntex Limited,BANSWRAS.BO,-3.47,0.295,1.038,Yes
3021,Peninsula Land Limited,PENINLAND.NS,-6.6,0.567,1.451,Yes
3022,VK Global Industries Limited,VKGLOBAL.BO,-3.79,0.321,0.063,Yes
3023,Jain Irrigation Systems Limited,JISLDVREQS.NS,-5.41,0.459,1.698,Yes
3024,United Breweries Limited,UBL.BO,-2.75,0.23,0.7,Yes
3025,National General Industries Limited,NATGENI.BO,-3.91,0.328,0.449,Yes
3026,T.T. Limited,TTL.NS,-4.6,0.387,0.626,Yes
3027,United Breweries Limited,UBL.NS,-2.76,0.23,0.706,Yes
3028,Bhandari Hosiery Exports Limited,BHANDARI.BO,-7.03,0.596,1.243,Yes
3029,AKI India Limited,AKI.NS,-8.79,0.751,0.957,Yes
3030,VXL Instruments Limited,VXLINSTR.BO,-6.21,0.524,0.289,Yes
3031,Denis Chem Lab Limited,DENISCHEM.BO,-5.02,0.42,1.725,Yes
3032,Amrutanjan Health Care Limited,AMRUTANJAN.BO,-3.01,0.25,1.265,Yes
3033,Indian Acrylics Limited,INDIANACRY.BO,-7.42,0.628,2.247,Yes
3034,Gita Renewable Energy Limited,GITARENEW.BO,-6.62,0.557,1.203,Yes
3035,Tarsons Products Limited,TARSONS.NS,-5.51,0.461,1.989,Yes
3036,Landmark Cars Limited,LANDMARK.BO,-5.08,0.423,1.324,Yes
3037,Cindrella Hotels Limited,CINDHO.BO,-3.82,0.316,0.967,Yes
3038,AKI India Limited,AKI.BO,-8.88,0.752,0.943,Yes
3039,XTGlobal Infotech Limited,XTGLOBAL.NS,-6.84,0.57,2.127,Yes
3040,Accel Limited,ACCEL.BO,-6.36,0.527,1.281,Yes
3041,Tarsons Products Limited,TARSONS.BO,-5.58,0.461,1.982,Yes
3042,Mold-Tek Technologies Limited,MOLDTECH.NS,-6.11,0.505,1.923,Yes
3043,Share Samadhan Limited,SSL.BO,-5.7,0.471,0.481,Yes
3044,Hercules Investments Limited,HERCULES.BO,-7.6,0.632,3.032,Yes
3045,GKB Ophthalmics Limited,GKB.BO,-5.6,0.459,0.731,Yes
3046,RattanIndia Enterprises Limited,RTNINDIA.NS,-7.0,0.576,1.965,Yes
3047,Bannari Amman Spinning Mills Ltd,BASML.NS,-6.74,0.554,2.118,Yes
3048,RattanIndia Enterprises Limited,RTNINDIA.BO,-7.0,0.576,1.977,Yes
3049,Tanvi Foods (India) Limited,TANVI.BO,-7.17,0.589,0.509,Yes
3050,Crane Infrastructure Limited,CRANEINFRA.BO,-7.21,0.591,1.727,Yes
3051,REDTAPE Limited,REDTAPE.NS,-7.6,0.624,0.135,Yes
3052,ANG Lifesciences India Limited,ANG.BO,-7.99,0.657,1.668,Yes
3053,Sadbhav Infrastructure Project Limited,SADBHIN.BO,-6.81,0.555,1.681,Yes
3054,Groww Nifty India Railways PSU ETF,GROWWRAIL.NS,-3.3,0.264,1.402,Yes
3055,Landmark Cars Limited,LANDMARK.NS,-5.22,0.42,1.296,Yes
3056,SBI Cards and Payment Services Limited,SBICARD.BO,-3.18,0.251,0.919,Yes
3057,Nectar Lifesciences Limited,NECLIFE.NS,-6.97,0.561,1.856,Yes
3058,Quick Heal Technologies Limited,QUICKHEAL.NS,-7.38,0.591,2.137,Yes
3059,Elin Electronics Limited,ELIN.BO,-6.25,0.496,2.062,Yes
3060,DISA India Limited,DISAQ.NS,-2.35,0.183,1.83,Yes
3061,Elin Electronics Limited,ELIN.NS,-6.29,0.495,2.082,Yes
3062,Chembond Material Technologies Limited,CHEMBOND.NS,-7.3,0.576,1.937,Yes
3063,Jindal Worldwide Limited,JINDWORLD.BO,-7.59,0.594,1.252,Yes
3064,Rushil Décor Limited,RUSHIL.BO,-6.16,0.478,1.206,Yes
3065,Utique Enterprises Limited,UTIQUE.BO,-5.81,0.449,1.315,Yes
3066,Biofil Chemicals and Pharmaceuticals Limited,BIOFILCHEM.NS,-5.41,0.417,1.556,Yes
3067,Moneyboxx Finance Limited,MONEYBOXX.BO,-7.0,0.536,1.808,Yes
3068,Jindal Worldwide Limited,JINDWORLD.NS,-7.73,0.594,1.251,Yes
3069,Ambica Agarbathies Aroma & Industries Limited,AMBICAAGAR.NS,-4.46,0.337,0.835,Yes
3070,Pan India Corporation Limited,PANINDIAC.BO,-4.91,0.372,1.215,Yes
3071,Karnavati Finance Limited,KARNAVATI.BO,-5.54,0.421,1.11,Yes
3072,Peninsula Land Limited,PENINLAND.BO,-7.37,0.561,1.412,Yes
3073,Desco Infratech Limited,DESCO.BO,-8.93,0.684,1.74,Yes
3074,Supertex Industries Limited,SUPERTEX.BO,-5.9,0.444,1.293,Yes
3075,Pearl Polymers Limited,PEARLPOLY.NS,-6.72,0.506,1.943,Yes
3076,Accelya Solutions India Limited,ACCELYA.NS,-3.8,0.282,1.017,Yes
3077,Supertech EV Limited,SEVL.BO,-11.02,0.845,2.586,Yes
3078,Suraj Industries Ltd,SURJIND.BO,-7.48,0.561,0.114,Yes
3079,Quick Heal Technologies Limited,QUICKHEAL.BO,-7.84,0.588,2.121,Yes
3080,Laxmi Cotspin Limited,LAXMICOT.NS,-6.09,0.453,1.657,Yes
3081,Accelya Solutions India Limited,ACCELYA.BO,-3.84,0.282,1.016,Yes
3082,Texmo Pipes and Products Limited,TEXMOPIPES.NS,-5.53,0.408,1.505,Yes
3083,Valiant Laboratories Limited,VALIANTLAB.NS,-8.16,0.607,1.133,Yes
3084,Kanoria Energy & Infrastructure Limited,KEIL.BO,-7.56,0.56,1.603,Yes
3085,Container Corporation of India Limited,CONCOR.NS,-4.57,0.334,1.49,Yes
3086,Biofil Chemicals and Pharmaceuticals Limited,BIOFILCHEM.BO,-5.69,0.417,1.522,Yes
3087,SBI Cards and Payment Services Limited,SBICARD.NS,-3.47,0.251,0.916,Yes
3088,Praj Industries Limited,PRAJIND.NS,-6.45,0.472,1.546,Yes
3089,Shivam Autotech Limited,SHIVAMAUTO.NS,-7.81,0.574,2.575,Yes
3090,Rushil Décor Limited,RUSHIL.NS,-6.47,0.472,1.185,Yes
3091,Hariom Pipe Industries Limited,HARIOMPIPE.NS,-6.71,0.485,1.308,Yes
3092,Hariom Pipe Industries Limited,HARIOMPIPE.BO,-6.7,0.483,1.299,Yes
3093,Texmo Pipes and Products Limited,TEXMOPIPES.BO,-5.64,0.402,1.474,Yes
3094,Chembond Material Technologies Limited,CHEMBOND.BO,-8.04,0.579,1.98,Yes
3095,Silicon Rental Solutions Limited,SRSOLTD.BO,-8.36,0.6,2.363,Yes
3096,Eastern Treads Limited,EASTRED.BO,-4.13,0.288,0.841,Yes
3097,G R Infraprojects Limited,GRINFRA.NS,-4.88,0.335,1.347,Yes
3098,SEPC Limited,SEPC.BO,-9.55,0.671,2.165,Yes
3099,FCS Software Solutions Limited,FCSSOFT.NS,-7.22,0.499,2.035,Yes
3100,Supreme Holdings & Hospitality (India) Limited,SUPREME.BO,-8.42,0.585,1.197,Yes
3101,Darshan Orna Limited,DARSHANORNA.BO,-4.91,0.335,0.72,Yes
3102,Shalby Limited,SHALBY.NS,-6.13,0.42,1.055,Yes
3103,Rajesh Power Services Limited,RAJESH.BO,-7.6,0.524,2.338,Yes
3104,SEPC Limited,SEPC.NS,-9.61,0.669,2.16,Yes
3105,Diggi Multitrade Limited,DML.BO,-7.41,0.509,0.145,Yes
3106,Shalby Limited,SHALBY.BO,-6.17,0.42,1.064,Yes
3107,Groww Gold ETF,GROWWGOLD.NS,-10.41,0.724,0.431,Yes
3108,Shervani Industrial Syndicate Limited,SHERVANI.BO,-4.88,0.331,1.306,Yes
3109,G R Infraprojects Limited,GRINFRA.BO,-4.95,0.333,1.33,Yes
3110,Nitin Castings Limited,NITINCAST.BO,-5.52,0.372,0.119,No
3111,TTK Prestige Limited,TTKPRESTIG.NS,-4.58,0.306,1.124,Yes
3112,Trigyn Technologies Limited,TRIGYN.BO,-8.45,0.576,2.209,Yes
3113,TTK Prestige Limited,TTKPRESTIG.BO,-4.57,0.304,1.115,Yes
3114,Symphony Limited,SYMPHONY.NS,-5.62,0.376,1.171,Yes
3115,Ruchira Papers Limited,RUCHIRA.NS,-4.64,0.308,0.769,Yes
3116,Astral Limited,ASTRAL.BO,-3.95,0.261,0.509,Yes
3117,Hikal Limited,HIKAL.NS,-5.66,0.377,1.782,Yes
3118,Finolex Industries Limited,FINPIPE.NS,-5.22,0.345,0.895,Yes
3119,Mapro Industries Limited,MAPROIN.BO,-13.4,0.916,0.376,Yes
3120,Trigyn Technologies Limited,TRIGYN.NS,-8.54,0.569,2.168,Yes
3121,Kothari Fermentation and Biochem Limited,KFBL.BO,-7.24,0.478,1.113,Yes
3122,Steel Strips Infrastructures Limited,STLSTRINF.BO,-5.41,0.353,0.645,Yes
3123,Retina Paints Limited,RETINA.BO,-7.29,0.476,0.2,Yes
3124,ESAF Small Finance Bank,ESAFSFB.NS,-6.87,0.443,1.341,Yes
3125,ESAF Small Finance Bank,ESAFSFB.BO,-6.83,0.439,1.364,Yes
3126,SecureKloud Technologies Limited,SECURKLOUD.NS,-9.74,0.635,1.501,Yes
3127,Sonata Software Limited,SONATSOFTW.BO,-7.29,0.466,2.174,Yes
3128,Astral Limited,ASTRAL.NS,-4.15,0.261,0.515,Yes
3129,REDTAPE Limited,REDTAPE.BO,-9.68,0.624,0.746,Yes
3130,SecureKloud Technologies Limited,SECURKLOUD.BO,-9.72,0.624,1.463,Yes
3131,K I C Metaliks Limited,KAJARIR.BO,-8.59,0.548,1.843,Yes
3132,Monte Carlo Fashions Limited,MONTECARLO.BO,-5.67,0.357,1.281,Yes
3133,Jash Engineering Limited,JASH.BO,-6.31,0.394,1.811,Yes
3134,Radhe Developers (India) Limited,RADHEDE.BO,-9.71,0.616,1.305,Yes
3135,Monte Carlo Fashions Limited,MONTECARLO.NS,-5.73,0.357,1.279,Yes
3136,GVP Infotech Limited,GVPTECH.NS,-5.86,0.362,0.779,Yes
3137,Ion Exchange (India) Limited,IONEXCHANG.NS,-5.73,0.352,1.228,Yes
3138,Pratik Panels Limited,PRATIK.BO,-8.53,0.53,0.49,Yes
3139,National Plastic Industries Limited,NATPLAS.BO,-5.71,0.35,1.085,Yes
3140,Sonata Software Limited,SONATSOFTW.NS,-7.51,0.463,2.155,Yes
3141,Cineline India Limited,CINELINE.NS,-4.9,0.297,0.91,Yes
3142,Airan Limited,AIRAN.NS,-7.37,0.45,1.773,Yes
3143,Genus Paper & Boards Limited,GENUSPAPER.NS,-8.44,0.516,2.001,Yes
3144,B. D. Industries (Pune) Limited,BDI.BO,-0.7,0.041,0.056,Yes
3145,RTCL Limited,RAGHUTOB.BO,-5.89,0.354,0.624,Yes
3146,Valiant Organics Limited,VALIANTORG.NS,-7.45,0.45,1.189,Yes
3147,Vrundavan Plantation Limited,VPL.BO,-9.04,0.55,0.246,Yes
3148,Bandhan Bank Limited,BANDHANBNK.BO,-6.53,0.392,1.632,Yes
3149,Airan Limited,AIRAN.BO,-7.49,0.45,1.775,Yes
3150,KEC International Limited,KEC.BO,-6.71,0.4,1.261,Yes
3151,Rubfila International Limited,RUBFILA.NS,-5.16,0.305,0.86,Yes
3152,OnMobile Global Limited,ONMOBILE.BO,-9.5,0.574,1.697,Yes
3153,Salem Erode Investments Limited,SALEM.BO,-6.05,0.359,0.663,Yes
3154,Ion Exchange (India) Limited,IONEXCHANG.BO,-5.88,0.349,1.214,Yes
3155,HDFC NIFTY50 Value 20 ETF,HDFCVALUE.NS,-2.02,0.117,0.751,Yes
3156,KEC International Limited,KEC.NS,-6.73,0.401,1.266,Yes
3157,Valiant Organics Limited,VALIANTORG.BO,-7.55,0.45,1.201,Yes
3158,Superhouse Limited,SUPERHOUSE.BO,-5.71,0.338,1.014,Yes
3159,Praveg Limited,PRAVEG.BO,-10.01,0.604,2.439,Yes
3160,Cineline India Limited,CINELINE.BO,-5.02,0.296,0.825,Yes
3161,DhanSafal Finserve Limited,DHANSAFAL.BO,-7.39,0.438,0.472,Yes
3162,UFO Moviez India Limited,UFO.NS,-7.67,0.453,1.565,Yes
3163,Bandhan Bank Limited,BANDHANBNK.NS,-6.66,0.391,1.631,Yes
3164,Aditya Spinners Limited,ADITYASP.BO,-6.37,0.373,1.294,Yes
3165,Indobell Insulation Limited,INDOBELL.BO,-9.73,0.579,0.984,No
3166,Adroit Infotech Limited,ADROITINFO.BO,-7.18,0.422,0.747,Yes
3167,Infronics Systems Limited,INFRONICS.BO,-8.64,0.509,1.661,Yes
3168,OnMobile Global Limited,ONMOBILE.NS,-9.67,0.57,1.673,Yes
3169,Khandwala Securities Limited,KHANDSE.NS,-6.4,0.371,1.54,Yes
3170,Palred Technologies Limited,PALREDTEC.BO,-11.48,0.678,1.802,Yes
3171,Magnum Ventures Limited,MAGNUM.BO,-9.48,0.55,0.562,Yes
3172,Tulsyan NEC Limited,TULSYAN.BO,-11.17,0.651,0.835,Yes
3173,Vinyl Chemicals (India) Limited,VINYLINDIA.BO,-8.86,0.508,2.391,Yes
3174,Hindoostan Mills Limited,HINDMILL.BO,-6.68,0.379,1.172,Yes
3175,Shalimar Paints Limited,SHALPAINTS.BO,-9.41,0.54,1.547,Yes
3176,Damodar Industries Limited,DAMODARIND.NS,-8.92,0.508,1.595,Yes
3177,IKIO Technologies Limited,IKIO.BO,-7.85,0.445,1.648,Yes
3178,Damodar Industries Limited,DAMODARIND.BO,-8.88,0.504,1.635,Yes
3179,Shalimar Paints Limited,SHALPAINTS.NS,-9.41,0.535,1.542,Yes
3180,GFL Limited,GFLLIMITED.NS,-7.43,0.418,1.435,Yes
3181,UFO Moviez India Limited,UFO.BO,-7.95,0.446,1.495,Yes
3182,Yarn Syndicate Limited,YARNSYN.BO,-11.56,0.659,0.135,Yes
3183,Vinyl Chemicals (India) Limited,VINYLINDIA.NS,-8.97,0.503,2.333,Yes
3184,Sharvaya Metals Limited,SHARVAYA.BO,-10.19,0.569,2.117,Yes
3185,Raconteur Global Resources Limited,RACONTEUR.BO,-10.63,0.593,1.203,Yes
3186,Whirlpool of India Limited,WHIRLPOOL.NS,-9.47,0.524,1.891,Yes
3187,Mukka Proteins Limited,MUKKA.BO,-7.88,0.433,1.306,Yes
3188,Mukka Proteins Limited,MUKKA.NS,-7.86,0.43,1.306,Yes
3189,The Waterbase Limited,WATERBASE.BO,-8.07,0.441,1.644,Yes
3190,Prag Bosimi Synthetics Limited,PRAGBOS.BO,-7.09,0.385,1.048,Yes
3191,Genus Paper & Boards Limited,GENUSPAPER.BO,-9.14,0.501,1.904,Yes
3192,IKIO Technologies Limited,IKIO.NS,-8.07,0.439,1.639,Yes
3193,Shish Industries Limited,SHISHIND.BO,-16.26,0.923,0.791,Yes
3194,Reliance Communications Limited,RCOM.BO,-10.62,0.584,1.043,Yes
3195,Lancor Holdings Limited,LANCORHOL.NS,-7.68,0.415,1.268,Yes
3196,Kanco Tea & Industries Limited,KANCOTEA.BO,-6.46,0.347,0.885,Yes
3197,Adroit Infotech Limited,ADROITINFO.NS,-7.87,0.425,0.754,Yes
3198,Flair Writing Industries Limited,FLAIR.NS,-6.53,0.347,0.989,Yes
3199,Shanti Overseas (India) Limited,SHANTI.NS,-12.2,0.666,2.113,Yes
3200,Envair Electrodyne Limited,ENVAIREL.BO,-17.8,1.0,0.224,No
3201,Uniinfo Telecom Services Limited,UNIINFO.NS,-10.85,0.588,1.589,Yes
3202,Birla Corporation Limited,BIRLACORPN.NS,-5.97,0.313,1.06,Yes
3203,GFL Limited,GFLLIMITED.BO,-7.75,0.41,1.345,Yes
3204,Vertoz Limited,VERTOZ.NS,-14.79,0.809,3.241,Yes
3205,Natural Capsules Limited,NATCAPSUQ.BO,-9.24,0.49,0.277,Yes
3206,Career Point Edutech Ltd.,CPEDU.NS,-14.04,0.762,3.849,Yes
3207,Jagran Prakashan Limited,JAGRAN.NS,-4.84,0.251,0.441,Yes
3208,Jagran Prakashan Limited,JAGRAN.BO,-4.82,0.25,0.443,Yes
3209,ICICI Prudential Nifty Top 15 Equal Weight ETF,TOP15IETF.NS,-3.3,0.169,1.106,Yes
3210,Prime Industries Limited,PRIMIND.BO,-15.11,0.819,2.311,Yes
3211,Epuja Spiritech Limited,EPUJA.BO,-14.66,0.792,0.084,Yes
3212,Sharp Investments Limited,SHARPINV.BO,-9.23,0.484,0.916,Yes
3213,Associated Coaters Limited,ASSOCIATED.BO,-11.21,0.59,1.218,Yes
3214,Flair Writing Industries Limited,FLAIR.BO,-6.79,0.348,1.003,Yes
3215,Alliance Integrated Metaliks Limited,AIML.BO,-15.12,0.807,1.357,Yes
3216,Magnum Ventures Limited,MAGNUM.NS,-10.33,0.534,0.765,Yes
3217,AION-TECH Solutions Limited,GOLDTECH.NS,-10.7,0.553,1.921,Yes
3218,Photoquip India Limited,PHOTOQUP.BO,-9.07,0.465,0.264,Yes
3219,Jaykay Enterprises Limited,JAYKAY.NS,-15.28,0.803,3.171,Yes
3220,National Oxygen Limited,NOL.BO,-9.79,0.499,1.021,Yes
3221,Palred Technologies Limited,PALREDTEC.NS,-12.7,0.655,1.631,Yes
3222,GTN Textiles Limited,GTNTEX.BO,-5.6,0.279,0.49,Yes
3223,Comrade Appliances Limited,COMRADE.BO,-17.14,0.903,0.632,Yes
3224,Vital Chemtech Limited,VITAL.NS,-9.55,0.483,0.997,Yes
3225,Career Point Edutech Ltd.,CPEDU.BO,-14.33,0.742,3.765,Yes
3226,Croissance Limited,CROISSANCE.BO,-14.22,0.735,0.86,Yes
3227,The Baroda Rayon Corporation Limited,BARODARY.BO,-6.31,0.312,0.627,Yes
3228,Angel Fibers Limited,ANGEL.BO,-9.87,0.495,0.103,Yes
3229,Heranba Industries Limited,HERANBA.NS,-10.64,0.534,2.223,Yes
3230,Vani Commercials Limited,VANICOM.BO,-8.91,0.441,0.563,Yes
3231,Hardwyn India Limited,HARDWYN.NS,-10.83,0.541,0.862,Yes
3232,P N Gadgil Jewellers Limited,PNGJL.NS,-7.12,0.349,1.184,Yes
3233,P N Gadgil Jewellers Limited,PNGJL.BO,-7.18,0.351,1.234,Yes
3234,Heranba Industries Limited,HERANBA.BO,-10.74,0.534,2.221,Yes
3235,Bigbloc Construction Limited,BIGBLOC.BO,-10.36,0.512,1.615,Yes
3236,Bharat Immunologicals & Biologicals Corporation Limited,BIBCL.BO,-7.93,0.384,1.608,Yes
3237,Reliance Communications Limited,RCOM.NS,-11.23,0.552,0.854,Yes
3238,Bigbloc Construction Limited,BIGBLOC.NS,-10.44,0.511,1.624,Yes
3239,Poddar Pigments Limited,PODDARMENT.NS,-5.85,0.28,1.106,Yes
3240,MPS Pharmaa Limited,ADVIKLA.BO,-5.15,0.243,0.201,Yes
3241,Poddar Pigments Limited,PODDARMENT.BO,-5.86,0.277,1.075,Yes
3242,Cera Sanitaryware Limited,CERA.BO,-7.0,0.333,1.058,Yes
3243,Hardwyn India Limited,HARDWYN.BO,-11.09,0.539,0.873,Yes
3244,SI Capital & Financial Services Limited,SICAPIT.BO,-10.48,0.506,0.64,No
3245,Goodyear India Limited,GOODYEAR.NS,-4.8,0.225,1.184,Yes
3246,Eco Hotels and Resorts Limited,ECOHOTELS.BO,-16.27,0.807,0.895,Yes
3247,Kaira Can Company Limited,KAIRA.BO,-6.75,0.318,1.244,Yes
3248,Archies Limited,ARCHIES.NS,-10.13,0.483,2.153,Yes
3249,Cera Sanitaryware Limited,CERA.NS,-7.1,0.332,1.057,Yes
3250,AION-TECH Solutions Limited,GOLDTECH.BO,-11.18,0.531,1.867,Yes
3251,W.S. Industries (India) Limited,WSI.BO,-9.31,0.438,1.575,Yes
3252,Bandhan Gold ETF,GOLDBND.NS,-5.32,0.245,0.341,Yes
3253,Lovable Lingerie Limited,LOVABLE.NS,-9.46,0.442,1.609,Yes
3254,Medi Assist Healthcare Services Limited,MEDIASSIST.BO,-7.02,0.324,1.698,Yes
3255,Medi Assist Healthcare Services Limited,MEDIASSIST.NS,-7.02,0.324,1.709,Yes
3256,Tuni Textile Mills Limited,TUNITEX.BO,-8.57,0.398,1.441,Yes
3257,Lime Chemicals Limited,LIMECHM.BO,-9.25,0.429,1.009,Yes
3258,Prima Agro Limited,PRIMAGR.BO,-9.49,0.439,1.529,Yes
3259,Raymond Limited,RAYMOND.NS,-12.98,0.611,1.611,Yes
3260,Suraj Limited,SURAJLTD.NS,-10.58,0.491,1.257,Yes
3261,Omnipotent Industries Limited,OMNIPOTENT.BO,-15.02,0.71,0.008,Yes
3262,Sanwaria Consumer Limited,SANWARIA.NS,-10.4,0.48,0.285,No
3263,Mirae Asset Nifty Top 20 Equal Weight ETF,TOP20.NS,-5.07,0.228,1.031,Yes
3264,Mirae Asset BSE 500 Dividend Leaders 50 ETF,DIVIDEND.NS,-5.04,0.227,0.891,Yes
3265,JHS Svendgaard Laboratories Limited,JHS.NS,-13.47,0.629,1.813,Yes
3266,Lovable Lingerie Limited,LOVABLE.BO,-9.76,0.446,1.632,Yes
3267,Flex Foods Limited,FLEXFO.BO,-11.77,0.54,1.977,Yes
3268,SPL Industries Limited,SPLIL.NS,-10.75,0.49,1.983,Yes
3269,Network People Services Technologies Limited,NPST.BO,-11.52,0.524,1.678,Yes
3270,Eureka Forbes Limited,EUREKAFORB.NS,-8.22,0.366,1.196,Yes
3271,PVR INOX Limited,PVRINOX.NS,-7.04,0.31,1.196,Yes
3272,Wonderla Holidays Limited,WONDERLA.BO,-6.12,0.268,0.28,Yes
3273,Nova Agritech Limited,NOVAAGRI.NS,-13.42,0.61,2.774,Yes
3274,Nova Iron & Steel Limited,NOVIS.BO,-10.1,0.451,0.994,Yes
3275,Blue Dart Express Limited,BLUEDART.BO,-6.28,0.275,1.284,Yes
3276,iValue Infosolutions Limited,IVALUE.BO,-7.66,0.336,1.382,Yes
3277,Munoth Communication Limited,MCLTD.BO,-13.32,0.601,0.85,Yes
3278,Sacheta Metals Limited,SACHEMT.BO,-14.35,0.65,0.998,Yes
3279,GIC Housing Finance Limited,GICHSGFIN.NS,-6.89,0.299,1.387,Yes
3280,Jyothy Labs Limited,JYOTHYLAB.NS,-9.51,0.417,2.066,Yes
3281,Nurture Well Industries Limited,NWIL.BO,-19.38,0.893,0.75,Yes
3282,Blue Dart Express Limited,BLUEDART.NS,-6.36,0.274,1.28,Yes
3283,Wonderla Holidays Limited,WONDERLA.NS,-6.2,0.267,0.259,Yes
3284,PBM Polytex Limited,PBMPOLY.BO,-9.21,0.401,0.919,Yes
3285,Manoj Vaibhav Gems 'N' Jewellers Limited,MVGJL.BO,-9.8,0.427,1.57,Yes
3286,Manoj Vaibhav Gems 'N' Jewellers Limited,MVGJL.NS,-9.87,0.43,1.583,Yes
3287,Syschem (India) Limited,SYSCHEM.BO,-10.55,0.46,0.515,Yes
3288,Sambandam Spinning Mills Limited,SAMBANDAM.BO,-7.23,0.31,0.685,Yes
3289,GIC Housing Finance Limited,GICHSGFIN.BO,-6.94,0.297,1.359,Yes
3290,Icici Prudential Mutual Fund - Nifty Top 15 Equal Weight ETF,TOP15IETF.BO,-3.17,0.133,0.796,Yes
3291,Neil Industries Limited,NEIL.BO,-10.78,0.47,1.059,Yes
3292,Aditya Birla Sun Life Nifty IT ETF,TECH.NS,-6.28,0.267,0.644,Yes
3293,Jyothy Labs Limited,JYOTHYLAB.BO,-9.65,0.417,2.06,Yes
3294,iValue Infosolutions Limited,IVALUE.NS,-7.76,0.331,1.325,Yes
3295,Ganesha Ecoverse Limited,GANVERSE.BO,-14.08,0.62,1.558,Yes
3296,PVR INOX Limited,PVRINOX.BO,-7.23,0.307,1.173,Yes
3297,W.S. Industries (India) Limited,WSI.NS,-9.89,0.422,1.472,Yes
3298,Ruchi Infrastructure Limited,RUCHINFRA.NS,-13.21,0.572,1.624,Yes
3299,Kasturi Metal Composite Limited,KASTURI.BO,-16.57,0.73,2.641,Yes
3300,Mehul Telecom Limited,MTL.BO,-12.64,0.545,0.18,Yes
3301,Axita Cotton Limited,AXITA.BO,-9.71,0.412,0.52,Yes
3302,Brightcom Group Limited,BCG.NS,-11.89,0.509,0.555,Yes
3303,DCM Shriram Industries Limited,DCMSRIND.NS,-13.48,0.581,1.483,Yes
3304,Indian Overseas Bank,IOB.NS,-7.56,0.316,0.837,Yes
3305,Faalcon Concepts Limited,FAALCON.BO,-12.22,0.522,1.004,Yes
3306,Star Paper Mills Limited,STARPAPER.NS,-7.26,0.302,1.192,Yes
3307,H.M. Electro Mech Limited,HMEML.BO,-13.53,0.58,2.52,Yes
3308,Indo Farm Equipment Limited,INDOFARM.NS,-11.38,0.482,1.071,Yes
3309,Tata Chemicals Limited,TATACHEM.NS,-8.56,0.358,1.648,Yes
3310,Trescon Limited,TRESCON.BO,-10.1,0.425,0.033,Yes
3311,DCM Shriram Industries Limited,DCMSRIND.BO,-13.58,0.581,1.498,Yes
3312,KAMA Holdings Limited,KAMAHOLD.BO,-5.01,0.205,0.723,Yes
3313,Samtex Fashions Limited,SAMTEX.BO,-11.86,0.502,1.761,Yes
3314,Kakatiya Cement Sugar and Industries Limited,KAKATCEM.NS,-10.68,0.45,2.157,Yes
3315,Kewal Kiran Clothing Limited,KKCL.NS,-6.99,0.289,0.965,Yes
3316,Indian Overseas Bank,IOB.BO,-7.6,0.314,0.834,Yes
3317,DCX Systems Limited,DCXINDIA.NS,-9.71,0.405,1.308,Yes
3318,Kewal Kiran Clothing Limited,KKCL.BO,-6.98,0.287,0.954,Yes
3319,Gujarat Energy Limited,GUJENERGY.NS,-9.41,0.392,1.677,Yes
3320,Gujarat Energy Limited,GUJENERGY.BO,-9.42,0.391,1.671,Yes
3321,Kokuyo Camlin Limited,KOKUYOCMLN.NS,-10.12,0.422,1.509,Yes
3322,Superhouse Limited,SUPERHOUSE.NS,-7.52,0.31,0.998,Yes
3323,Kokuyo Camlin Limited,KOKUYOCMLN.BO,-10.12,0.422,1.49,Yes
3324,Bodhi Tree Multimedia Limited,BTML.BO,-9.45,0.39,1.055,Yes
3325,Facor Alloys Limited,FACORALL.BO,-14.01,0.591,1.455,Yes
3326,Raymond Realty Limited,RAYMONDREL.NS,-11.76,0.49,1.093,Yes
3327,Raymond Realty Limited,RAYMONDREL.BO,-11.72,0.488,1.072,Yes
3328,DCX Systems Limited,DCXINDIA.BO,-9.76,0.402,1.303,Yes
3329,H.G. Infra Engineering Limited,HGINFRA.BO,-11.3,0.469,1.742,Yes
3330,H.G. Infra Engineering Limited,HGINFRA.NS,-11.32,0.469,1.739,Yes
3331,Vikas WSP Limited,VIKASWSP.BO,-11.19,0.463,1.726,Yes
3332,Trident Limited,TRIDENT.NS,-8.17,0.333,0.998,Yes
3333,Brightcom Group Limited,BCG.BO,-12.13,0.504,0.55,Yes
3334,Trident Limited,TRIDENT.BO,-8.19,0.331,0.988,Yes
3335,Axita Cotton Limited,AXITA.NS,-10.05,0.41,0.516,Yes
3336,Mirae Asset Nifty IT ETF,ITETF.NS,-6.73,0.27,0.665,Yes
3337,Tata Consultancy Services Limited,TCS.NS,-6.5,0.259,1.121,Yes
3338,Dutron Polymers Limited,DUTRON.BO,-8.87,0.358,0.973,Yes
3339,Indo Farm Equipment Limited,INDOFARM.BO,-11.62,0.474,1.111,Yes
3340,Tasty Bite Eatables Limited,TASTYBITE.NS,-9.36,0.377,0.495,Yes
3341,Solvex Edibles Limited,SOLVEX.BO,-24.34,1.059,2.566,Yes
3342,Indian Railway Catering & Tourism Corporation Limited,IRCTC.BO,-6.96,0.274,1.446,Yes
3343,Bodhi Tree Multimedia Limited,BTML.NS,-9.58,0.383,1.012,Yes
3344,De Nora India Limited,DENORA.NS,-10.82,0.434,1.113,Yes
3345,Star Paper Mills Limited,STARPAPER.BO,-7.53,0.296,1.176,Yes
3346,Indian Railway Catering & Tourism Corporation Limited,IRCTC.NS,-6.98,0.274,1.444,Yes
3347,Bombay Cycle & Motor Agency Limited,BOMBCYC.BO,-7.11,0.279,0.356,Yes
3348,Tasty Bite Eatables Limited,TASTYBITE.BO,-9.5,0.375,0.468,Yes
3349,Mangalam Seeds Limited,MSL.BO,-8.91,0.35,1.01,Yes
3350,Zodiac Clothing Company Limited,ZODIACLOTH.NS,-11.34,0.448,1.762,Yes
3351,Shankara Building Products Limited,SHANKARA.BO,-16.33,0.66,0.21,Yes
3352,Nova Agritech Limited,NOVAAGRI.BO,-15.05,0.604,2.753,Yes
3353,B.C. Power Controls Limited,BCP.BO,-13.99,0.558,1.277,Yes
3354,Sun Retail Limited,SUNRETAIL.BO,-13.2,0.524,2.309,Yes
3355,Titan Intech Limited,TITANIN.BO,-17.6,0.712,0.809,Yes
3356,Shreyans Industries Limited,SHREYANIND.NS,-11.11,0.434,1.346,Yes
3357,Himatsingka Seide Limited,HIMATSEIDE.NS,-11.7,0.458,1.881,Yes
3358,Agri-tech (India) Limited,AGRITECH.BO,-10.58,0.411,1.551,Yes
3359,Advance Lifestyles Limited,ADVLIFE.BO,-11.93,0.467,0.017,No
3360,Shankara Building Products Limited,SHANKARA.NS,-16.57,0.662,0.189,Yes
3361,Aban Offshore Limited,ABAN.NS,-16.8,0.67,0.058,No
3362,PNC Infratech Limited,PNCINFRA.BO,-11.7,0.454,1.652,Yes
3363,Hexaware Technologies Limited,HEXT.NS,-11.6,0.448,0.775,Yes
3364,Sigma Solve Limited,SIGMA.NS,-18.02,0.718,1.523,Yes
3365,Shashijit Infraprojects Limited,SHASHIJIT.BO,-14.94,0.585,0.87,Yes
3366,CMS Info Systems Limited,CMSINFO.NS,-7.17,0.269,0.79,Yes
3367,PNC Infratech Limited,PNCINFRA.NS,-11.81,0.452,1.636,Yes
3368,Gujarat Peanut and Agri Products Limited,GPAPL.BO,-8.67,0.326,1.025,Yes
3369,India Power Corporation Limited,DPSCLTD.NS,-14.6,0.566,2.187,Yes
3370,De Nora India Limited,DENORA.BO,-11.19,0.426,1.096,Yes
3371,VSF Projects Limited,VSFPROJ.BO,-10.38,0.392,1.358,Yes
3372,CMS Info Systems Limited,CMSINFO.BO,-7.23,0.266,0.806,Yes
3373,The Andhra Petrochemicals Limited,ANDHRAPET.BO,-11.3,0.425,1.617,Yes
3374,Khoobsurat Limited,KHOOBSURAT.BO,-14.88,0.569,0.904,Yes
3375,Future Lifestyle Fashions Limited,FLFL.NS,-14.43,0.551,0.795,Yes
3376,Rajnandini Metal Limited,RAJMET.NS,-17.3,0.668,1.521,Yes
3377,Shankar Lal Rampal Dye-Chem Limited,SRD.NS,-13.34,0.504,1.133,Yes
3378,Innovana Thinklabs Limited,INNOVANA.NS,-12.67,0.476,1.399,Yes
3379,Relicab Cable Manufacturing Limited,RELICAB.BO,-14.76,0.559,0.979,Yes
3380,Birlasoft Limited,BSOFT.BO,-9.41,0.346,1.344,Yes
3381,Sagar Cements Limited,SAGCEM.NS,-8.15,0.298,1.106,Yes
3382,Birlasoft Limited,BSOFT.NS,-9.41,0.346,1.343,Yes
3383,Saboo Sodium Chloro Limited,SABOOSOD.BO,-9.97,0.367,1.362,Yes
3384,Hexaware Technologies Limited,HEXT.BO,-12.09,0.45,0.763,Yes
3385,SITI Networks Limited,SITINET.BO,-10.78,0.397,0.361,Yes
3386,Trinity League India Limited,TRINITYLEA.BO,-11.77,0.436,0.327,Yes
3387,Mahindra Lifespace Developers Limited,MAHLIFE.NS,-8.31,0.3,1.559,Yes
3388,Onward Technologies Limited,ONWARDTEC.BO,-11.12,0.406,1.262,Yes
3389,Tanla Platforms Limited,TANLA.BO,-11.79,0.431,1.893,Yes
3390,Tanla Platforms Limited,TANLA.NS,-11.78,0.431,1.888,Yes
3391,Pavna Industries Limited,PAVNAIND.NS,-14.21,0.525,1.382,Yes
3392,Total Transport Systems Limited,TOTAL.NS,-12.64,0.461,1.378,Yes
3393,Rana Sugars Limited,RANASUG.BO,-11.05,0.4,0.816,Yes
3394,Ravelcare Limited,RAVEL.BO,-19.44,0.735,2.009,Yes
3395,Mahindra Lifespace Developers Limited,MAHLIFE.BO,-8.41,0.299,1.547,Yes
3396,Kings Infra Ventures Limited,KINGSINFR.BO,-10.92,0.393,0.785,Yes
3397,Agri-tech (India) Limited,AGRITECH.NS,-11.79,0.426,1.65,Yes
3398,BSEL Algo Limited,BSELALGO.BO,-16.93,0.627,2.448,Yes
3399,Onward Technologies Limited,ONWARDTEC.NS,-11.29,0.405,1.258,Yes
3400,Dalmia Bharat Limited,DALBHARAT.NS,-6.01,0.21,0.826,Yes
3401,Andhra Cements Limited,ACL.BO,-13.77,0.499,1.447,Yes
3402,Ahasolar Technologies Limited,AHASOLAR.BO,-19.56,0.73,2.511,Yes
3403,G-Tec Jainx Education Limited,GTECJAINX.NS,-18.36,0.679,1.647,Yes
3404,Technichem Organics Limited,TECHNICHEM.BO,-13.3,0.478,0.741,No
3405,Dalmia Bharat Limited,DALBHARAT.BO,-6.13,0.212,0.841,Yes
3406,Lexus Granito (India) Limited,LEXUS.NS,-16.29,0.594,0.561,Yes
3407,Gayatri Sugars Limited,GAYATRI.BO,-15.34,0.556,1.007,Yes
3408,Pavna Industries Limited,PAVNAIND.BO,-14.61,0.527,1.332,Yes
3409,Dollar Industries Limited,DOLLAR.BO,-8.97,0.313,1.27,Yes
3410,Best Agrolife Limited,BESTAGRO.NS,-19.78,0.728,2.398,Yes
3411,Mach Travel Solutions Limited,MACHLTD.BO,-12.43,0.439,1.116,Yes
3412,Sigma Solve Limited,SIGMA.BO,-19.57,0.718,0.575,Yes
3413,Wendt (India) Limited,WENDT.NS,-11.18,0.393,1.202,Yes
3414,NIIT Learning Systems Limited,NIITMTS.NS,-11.19,0.393,1.732,Yes
3415,NIIT Learning Systems Limited,NIITMTS.BO,-11.2,0.392,1.733,Yes
3416,Tasty Dairy Specialities Limited,TDSL.BO,-15.65,0.561,1.544,Yes
3417,Dr Lalchandani Labs Limited,DLCL.BO,-19.2,0.701,0.217,Yes
3418,Vikas Proppant & Granite Limited,VIKASPROP.BO,-10.84,0.378,0.244,Yes
3419,Steelman Telecom Limited,STML.BO,-13.67,0.482,1.382,Yes
3420,Duropack Limited,DUROPACK.BO,-10.8,0.375,0.913,Yes
3421,Dollar Industries Limited,DOLLAR.NS,-9.05,0.312,1.253,Yes
3422,Clean Science and Technology Limited,CLEAN.BO,-10.85,0.377,1.247,Yes
3423,Medi-Caps Limited,MEDICAPQ.BO,-9.43,0.325,0.671,Yes
3424,Patspin India Limited,PATSPINLTD.BO,-10.67,0.37,0.899,Yes
3425,Tata Consultancy Services Limited,TCS.BO,-7.58,0.258,1.137,Yes
3426,Clean Science and Technology Limited,CLEAN.NS,-10.85,0.376,1.249,Yes
3427,Rupa & Company Limited,RUPA.NS,-11.04,0.382,1.658,Yes
3428,Andhra Cements Limited,ACL.NS,-14.26,0.501,1.455,Yes
3429,Rupa & Company Limited,RUPA.BO,-11.08,0.382,1.648,Yes
3430,Kothari Sugars and Chemicals Limited,KOTARISUG.NS,-10.75,0.37,1.262,Yes
3431,Gloster Limited,GLOSTERLTD.NS,-9.39,0.32,0.914,Yes
3432,Enkei Wheels (India) Limited,ENKEIWHEL.BO,-8.91,0.303,0.991,Yes
3433,Rana Sugars Limited,RANASUG.NS,-11.43,0.393,0.789,Yes
3434,Future Lifestyle Fashions Limited,FLFL.BO,-15.61,0.545,0.708,Yes
3435,Vivid Mercantile Limited,VIVIDM.BO,-19.03,0.676,0.886,No
3436,Laxmi Organic Industries Limited,LXCHEM.BO,-10.68,0.363,1.534,Yes
3437,PNC Media and Entertainment Limited,PNC.BO,-13.9,0.479,1.974,Yes
3438,MT Educare Limited,MTEDUCARE.NS,-17.35,0.608,1.818,Yes
3439,Laxmi Organic Industries Limited,LXCHEM.NS,-10.71,0.361,1.525,Yes
3440,Dhampur Sugar Mills Limited,DHAMPURSUG.NS,-10.82,0.363,0.503,Yes
3441,Chandra Bhagat Pharma Limited,CBPL.BO,-14.28,0.487,0.231,Yes
3442,Transindia Real Estate Limited,TREL.NS,-10.09,0.337,0.811,Yes
3443,Kalyan Capitals Limited,KALYANCAP.BO,-16.25,0.558,1.19,Yes
3444,ISF Limited,ISFL.BO,-16.5,0.567,1.684,Yes
3445,Shankar Lal Rampal Dye-Chem Limited,SRD.BO,-16.02,0.549,1.432,Yes
3446,Wendt (India) Limited,WENDT.BO,-11.49,0.384,1.19,Yes
3447,GMM Pfaudler Limited,GMMPFAUDLR.NS,-11.65,0.389,1.057,Yes
3448,Annapurna Swadisht Limited,ANNAPURNA.NS,-13.25,0.445,0.816,Yes
3449,Vaibhav Global Limited,VAIBHAVGBL.BO,-12.42,0.415,1.229,Yes
3450,GMM Pfaudler Limited,GMMPFAUDLR.BO,-11.65,0.386,1.041,Yes
3451,Deepak Spinners Limited,DEEPAKSP.BO,-11.29,0.373,1.446,Yes
3452,Beekay Steel Industries Limited,BEEKAY.BO,-11.25,0.371,1.653,Yes
3453,TVS Supply Chain Solutions Limited,TVSSCS.NS,-11.01,0.362,1.052,Yes
3454,Tyche Industries Limited,TYCHE.BO,-9.91,0.323,0.982,Yes
3455,Vaibhav Global Limited,VAIBHAVGBL.NS,-12.52,0.414,1.226,Yes
3456,TVS Supply Chain Solutions Limited,TVSSCS.BO,-11.04,0.362,1.059,Yes
3457,Medicamen Biotech Limited,MEDICAMEQ.NS,-16.38,0.549,0.788,Yes
3458,AMPL Capital Limited,AMPL.BO,-17.41,0.586,1.421,Yes
3459,Patel Engineering Limited,PATELENG.NS,-12.38,0.404,1.466,Yes
3460,Enbee Trade and Finance Limited,ENBETRD.BO,-21.52,0.738,1.427,Yes
3461,Western Carriers (India) Limited,WCIL.NS,-16.36,0.543,2.405,Yes
3462,Shanti Spintex Limited,SHANTIDENM.BO,-14.21,0.466,0.662,Yes
3463,Sybly Industries Limited,SYBLY.BO,-23.19,0.799,0.206,No
3464,Tata Motors Passenger Vehicles Limited,TMPV.BO,-12.65,0.411,1.091,Yes
3465,Patel Engineering Limited,PATELENG.BO,-12.44,0.403,1.466,Yes
3466,Supra Trends Limited,SUPRATRE.BO,-13.3,0.432,0.484,Yes
3467,Medicamen Biotech Limited,MEDICAMEQ.BO,-16.62,0.55,0.79,Yes
3468,Saurashtra Cement Limited,SAURASHCEM.NS,-14.75,0.481,1.869,Yes
3469,International Combustion (India) Limited,INTLCOMBQ.BO,-14.4,0.469,0.621,Yes
3470,Divyashakti Limited,DIVSHKT.BO,-8.18,0.257,0.793,Yes
3471,Magellanic Cloud Limited,MCLOUD.NS,-20.0,0.667,1.655,Yes
3472,R Systems International Limited,RSYSTEMS.NS,-12.81,0.409,1.562,Yes
3473,PNC Media and Entertainment Limited,PNC.NS,-14.88,0.48,2.033,Yes
3474,Mittal Life Style Limited,MITTAL.NS,-13.16,0.421,0.758,Yes
3475,Surat Trade and Mercantile Limited,SURATRAML.BO,-13.21,0.421,1.481,Yes
3476,Yash Management & Satellite Ltd.,YASHMGM.BO,-8.8,0.274,0.238,Yes
3477,Western Carriers (India) Limited,WCIL.BO,-16.61,0.537,2.365,Yes
3478,Dwarikesh Sugar Industries Limited,DWARKESH.NS,-13.49,0.429,0.339,Yes
3479,Borosil Limited,BOROLTD.BO,-10.36,0.324,0.751,Yes
3480,Spencer's Retail Limited,SPENCERS.NS,-16.0,0.515,2.313,Yes
3481,Dwarikesh Sugar Industries Limited,DWARKESH.BO,-13.49,0.428,0.342,Yes
3482,Gorani Industries Limited,GORANIN.BO,-18.8,0.613,0.592,Yes
3483,Kranti Industries Limited,KRANTI.BO,-12.01,0.377,0.211,Yes
3484,Transindia Real Estate Limited,TREL.BO,-10.66,0.333,0.787,Yes
3485,Spencer's Retail Limited,SPENCERS.BO,-16.0,0.512,2.281,Yes
3486,Madhusudan Industries Limited,MADHUDIN.BO,-13.24,0.416,0.002,Yes
3487,Sheela Foam Limited,SFL.NS,-12.01,0.375,1.181,Yes
3488,Mish Designs Limited,MISHDESIGN.BO,-21.77,0.715,1.433,Yes
3489,Bharat Coking Coal Limited,BHARATCOAL.NS,-15.96,0.507,0.427,Yes
3490,Alok Industries Limited,ALOKINDS.NS,-15.38,0.487,1.803,Yes
3491,Bharat Coking Coal Limited,BHARATCOAL.BO,-16.0,0.508,0.435,Yes
3492,Alok Industries Limited,ALOKINDS.BO,-15.4,0.488,1.794,Yes
3493,Consecutive Commodities Limited,CCDL.BO,-24.79,0.826,0.52,Yes
3494,Sheela Foam Limited,SFL.BO,-12.04,0.374,1.168,Yes
3495,PDP Shipping & Projects Limited,PSPL.BO,-14.0,0.436,0.544,Yes
3496,Astec LifeSciences Limited,ASTEC.BO,-16.2,0.511,1.461,Yes
3497,Rossari Biotech Limited,ROSSARI.NS,-11.22,0.344,1.857,Yes
3498,Biogen Pharmachem Industries Limited,BIOGEN.BO,-17.37,0.55,1.909,Yes
3499,Tata Motors Passenger Vehicles Limited,TMPV.NS,-13.32,0.412,1.092,Yes
3500,Rossari Biotech Limited,ROSSARI.BO,-11.23,0.344,1.852,Yes
3501,Morarka Finance Limited,MORARKFI.BO,-12.91,0.398,1.33,Yes
3502,DSP Nifty Top 10 Equal Weight ETF,TOP10ADD.NS,-4.76,0.141,0.95,Yes
3503,Vinati Organics Limited,VINATIORGA.BO,-7.98,0.239,0.854,Yes
3504,Global Capital Markets Limited,GLOBALCA.BO,-11.73,0.358,0.471,Yes
3505,Vinati Organics Limited,VINATIORGA.NS,-7.93,0.237,0.848,Yes
3506,Fino Payments Bank Limited,FINOPB.BO,-15.15,0.47,1.877,Yes
3507,Astec LifeSciences Limited,ASTEC.NS,-16.15,0.504,1.432,Yes
3508,Sonal Adhesives Limited,SONALAD.BO,-12.26,0.374,1.54,Yes
3509,Transworld Shipping Lines Limited,TRANSWORLD.BO,-15.2,0.47,1.584,Yes
3510,Swasti Vinayaka Synthetics Limited,SWASTIVI.BO,-12.63,0.385,1.256,Yes
3511,Grandma Trading and Agencies Limited,GRANDMA.BO,-20.83,0.663,0.046,No
3512,Fino Payments Bank Limited,FINOPB.NS,-15.26,0.469,1.879,Yes
3513,Flomic Global Logistics Limited,FLOMIC.BO,-14.16,0.433,1.136,Yes
3514,Goyal Aluminiums Limited,GOYALALUM.NS,-10.72,0.321,1.377,Yes
3515,Transworld Shipping Lines Limited,TRANSWORLD.NS,-15.31,0.47,1.506,Yes
3516,MT Educare Limited,MTEDUCARE.BO,-18.52,0.575,1.694,Yes
3517,Sword-Edge Commercials Limited,SWORDEDGE.BO,-8.22,0.24,0.412,Yes
3518,Dynamic Portfolio Management & Services Limited,DYNAMICP.BO,-21.04,0.657,0.335,Yes
3519,Forbes Precision Tools and Machine Parts Limited,TOTEM.BO,-18.92,0.58,1.802,Yes
3520,Delphi World Money Limited,DELPHIFX.BO,-20.91,0.648,1.38,Yes
3521,Network18 Media & Investments Limited,NETWORK18.NS,-16.3,0.491,1.482,Yes
3522,Keystone Realtors Limited,RUSTOMJEE.BO,-9.3,0.27,0.944,Yes
3523,Everest Industries Limited,EVERESTIND.NS,-17.17,0.517,1.391,Yes
3524,Gateway Distriparks Limited,GATEWAY.BO,-9.15,0.264,1.049,Yes
3525,SITI Networks Limited,SITINET.NS,-18.15,0.547,0.813,Yes
3526,Network18 Media & Investments Limited,NETWORK18.BO,-16.37,0.488,1.489,Yes
3527,SGL Resources Limited,SGLRES.BO,-22.52,0.694,2.108,Yes
3528,Yashhtej Industries (India) Limited,YASHHTEJ.BO,-25.27,0.79,2.768,Yes
3529,Magellanic Cloud Limited,MCLOUD.BO,-19.52,0.591,1.457,Yes
3530,Gateway Distriparks Limited,GATEWAY.NS,-9.17,0.263,1.05,Yes
3531,Sam Industries Ltd.,SAMINDUS.BO,-10.53,0.304,0.852,Yes
3532,Real Eco-Energy Limited,REALECO.BO,-20.3,0.615,1.734,Yes
3533,Ashapuri Gold Ornament Limited,AGOL.BO,-17.81,0.532,1.206,Yes
3534,K G Denim Limited,KGDENIM.BO,-13.92,0.407,1.225,Yes
3535,Humming Bird Education Limited,HBEL.BO,-30.71,0.986,1.205,Yes
3536,Ankit Metal & Power Limited,ANKITMETAL.BO,-19.18,0.575,1.358,Yes
3537,UCO Bank,UCOBANK.NS,-11.67,0.336,1.241,Yes
3538,Linc Limited,LINC.NS,-14.37,0.419,1.186,Yes
3539,Everest Industries Limited,EVERESTIND.BO,-17.29,0.512,1.3,Yes
3540,Metal Coatings (India) Limited,METALCO.BO,-11.24,0.322,1.441,Yes
3541,Mihika Industries Limited,MIHIKA.BO,-17.42,0.514,1.517,Yes
3542,Goyal Aluminiums Limited,GOYALALUM.BO,-11.1,0.316,1.336,Yes
3543,Khyati Global Ventures Limited,KGVL.BO,-15.53,0.451,1.302,Yes
3544,Tata Technologies Limited,TATATECH.NS,-10.43,0.295,0.647,Yes
3545,Natural Biocon (India) Limited,NATURAL.BO,-17.43,0.511,1.398,Yes
3546,RKEC Projects Limited,RKEC.NS,-18.29,0.538,2.32,Yes
3547,Sinclairs Hotels Limited,SINCLAIR.NS,-11.11,0.314,0.529,Yes
3548,Linc Limited,LINC.BO,-14.31,0.411,1.185,Yes
3549,Pioneer Embroideries Limited,PIONEEREMB.NS,-15.89,0.459,1.304,Yes
3550,Tata Technologies Limited,TATATECH.BO,-10.48,0.295,0.639,Yes
3551,Indian Terrain Fashions Limited,INDTERRAIN.NS,-14.53,0.416,1.386,Yes
3552,BIL Vyapar Limited,BILVYAPAR.NS,-23.52,0.706,1.585,Yes
3553,Pioneer Embroideries Limited,PIONEEREMB.BO,-15.7,0.451,1.264,Yes
3554,Dev Information Technology Limited,DEVIT.NS,-15.62,0.448,1.361,Yes
3555,Boston Commerce Limited,BOSTON.BO,-20.74,0.612,2.315,No
3556,Dev Information Technology Limited,DEVIT.BO,-15.88,0.455,1.421,Yes
3557,Abram Food Limited,ABRFL.BO,-26.08,0.79,1.958,Yes
3558,UCO Bank,UCOBANK.BO,-12.14,0.336,1.246,Yes
3559,Jain Irrigation Systems Limited,JISLJALEQS.NS,-16.19,0.457,1.603,Yes
3560,VIP Clothing Limited,VIPCLOTHNG.NS,-18.48,0.526,1.963,Yes
3561,Punjab & Sind Bank,PSB.NS,-14.31,0.395,1.326,Yes
3562,Punjab & Sind Bank,PSB.BO,-14.37,0.396,1.323,Yes
3563,Anjani Portland Cement Limited,APCL.NS,-13.64,0.374,1.192,Yes
3564,Indian Terrain Fashions Limited,INDTERRAIN.BO,-14.79,0.408,1.375,Yes
3565,Keystone Realtors Limited,RUSTOMJEE.NS,-9.64,0.259,0.834,Yes
3566,The Ugar Sugar Works Limited,UGARSUGAR.NS,-14.35,0.394,0.5,Yes
3567,The Ugar Sugar Works Limited,UGARSUGAR.BO,-14.37,0.394,0.484,Yes
3568,VIP Clothing Limited,VIPCLOTHNG.BO,-18.68,0.524,1.897,Yes
3569,Tree House Education & Accessories Limited,TREEHOUSE.BO,-18.42,0.515,0.584,Yes
3570,Central Bank of India,CENTRALBK.NS,-11.43,0.307,1.252,Yes
3571,White Organic Agro Limited,WHITEORG.BO,-16.05,0.441,1.346,Yes
3572,Central Bank of India,CENTRALBK.BO,-11.45,0.306,1.248,Yes
3573,Aro Granite Industries Limited,AROGRANITE.BO,-17.25,0.475,1.779,Yes
3574,Maha Rashtra Apex Corporation Limited,MAHAPEXLTD.BO,-16.96,0.465,1.442,Yes
3575,Srestha Finvest Limited,SRESTHA.BO,-24.53,0.698,2.136,Yes
3576,Reetech International Limited,REETECH.BO,-23.3,0.656,1.219,Yes
3577,Muthoot Capital Services Limited,MUTHOOTCAP.BO,-12.95,0.345,1.36,Yes
3578,Ansal Properties & Infrastructure Limited,ANSALAPI.NS,-24.42,0.69,1.327,Yes
3579,Himalaya Food International Limited,HFIL.BO,-18.76,0.512,1.245,Yes
3580,Anjani Portland Cement Limited,APCL.BO,-13.97,0.372,1.033,Yes
3581,Polyspin Exports Limited,POLYSPIN.BO,-11.43,0.3,0.817,Yes
3582,Valplast Technologies Limited,VALPLAST.BO,-29.63,0.86,3.982,Yes
3583,Rudra Gas Enterprise Limited,RUDRAGAS.BO,-23.32,0.651,2.417,Yes
3584,Aro Granite Industries Limited,AROGRANITE.NS,-17.41,0.47,1.81,Yes
3585,Shivalik Rasayan Limited,SHIVALIK.BO,-16.71,0.449,0.541,Yes
3586,Vraj Iron and Steel Limited,VRAJ.NS,-17.02,0.457,2.346,Yes
3587,Tamil Nadu Newsprint and Papers Limited,TNPL.NS,-13.36,0.352,1.252,Yes
3588,Spacenet Enterprises India Limited,SPCENET.NS,-27.77,0.791,2.498,Yes
3589,Ankit Metal & Power Limited,ANKITMETAL.NS,-20.13,0.547,1.259,Yes
3590,Shivalik Rasayan Limited,SHIVALIK.NS,-16.93,0.45,0.545,Yes
3591,Krupalu Metals Limited,KRUPALU.BO,-22.52,0.618,2.378,Yes
3592,Amarnath Securities Limited,AMARSEC.BO,-19.03,0.51,1.044,Yes
3593,Tamil Nadu Newsprint and Papers Limited,TNPL.BO,-13.5,0.351,1.249,Yes
3594,Muthoot Capital Services Limited,MUTHOOTCAP.NS,-13.19,0.34,1.342,Yes
3595,Star Housing Finance Limited,STARHFL.BO,-35.47,1.039,2.824,Yes
3596,Race Eco Chain Limited,RACE.NS,-18.54,0.49,1.987,Yes
3597,JSW Cement Limited,JSWCEMENT.BO,-11.37,0.289,0.71,Yes
3598,Race Eco Chain Limited,RACE.BO,-18.73,0.495,2.069,Yes
3599,Tolins Tyres Limited,TOLINS.NS,-20.21,0.538,2.375,Yes
3600,Vedavaag Systems Limited,VEDAVAAG.BO,-18.95,0.5,1.717,Yes
3601,JSW Cement Limited,JSWCEMENT.NS,-11.36,0.287,0.705,Yes
3602,UR Sugar Industries Limited,URSUGAR.BO,-21.84,0.584,1.588,Yes
3603,Shalibhadra Finance Limited,SAHLIBHFI.BO,-20.59,0.543,0.779,Yes
3604,Abhinav Leasing and Finance Limited,ALFL.BO,-13.45,0.341,0.374,Yes
3605,Fedders Holding Limited,FEDDERSHOL.BO,-25.76,0.699,1.235,Yes
3606,Finkurve Financial Services Limited,FINKURVE.NS,-26.41,0.718,3.564,Yes
3607,Maha Rashtra Apex Corporation Limited,MAHAPEXLTD.NS,-17.52,0.453,1.44,Yes
3608,Suncare Traders Limited,SCTL.BO,-18.17,0.471,1.239,Yes
3609,Tree House Education & Accessories Limited,TREEHOUSE.NS,-19.51,0.509,0.665,Yes
3610,Rudrabhishek Enterprises Limited,REPL.NS,-20.36,0.531,1.021,Yes
3611,Pace Digitek Limited,PACEDIGITK.BO,-16.92,0.433,1.828,Yes
3612,Tolins Tyres Limited,TOLINS.BO,-20.44,0.532,2.349,Yes
3613,Borosil Scientific Limited,BOROSCI.BO,-16.03,0.407,0.767,Yes
3614,Kotyark Industries Limited,KOTYARK.BO,-12.93,0.323,0.594,Yes
3615,Khadim India Limited,KHADIM.NS,-19.42,0.501,1.417,Yes
3616,Borosil Scientific Limited,BOROSCI.NS,-16.14,0.408,0.781,Yes
3617,Raw Edge Industrial Solutions Limited,RAWEDGE.BO,-19.49,0.501,0.743,Yes
3618,Virinchi Limited,VIRINCHI.BO,-17.09,0.434,1.151,Yes
3619,Khadim India Limited,KHADIM.BO,-19.47,0.499,1.416,Yes
3620,T.V. Today Network Limited,TVTODAY.NS,-13.11,0.321,1.347,Yes
3621,Praxis Home Retail Limited,PRAXIS.NS,-29.59,0.794,1.623,Yes
3622,T.V. Today Network Limited,TVTODAY.BO,-13.17,0.322,1.345,Yes
3623,Pace Digitek Limited,PACEDIGITK.NS,-17.12,0.426,1.78,Yes
3624,Virinchi Limited,VIRINCHI.NS,-17.4,0.434,1.144,Yes
3625,Kovilpatti Lakshmi Roller Flour Mills Limited,KLRFM.BO,-17.53,0.437,1.124,Yes
3626,RHI Magnesita India Limited,RHIM.NS,-15.33,0.377,1.367,Yes
3627,Ksolves India Limited,KSOLVES.NS,-13.37,0.325,1.428,Yes
3628,CMI Limited,CMICABLES.NS,-17.78,0.441,0.153,Yes
3629,Virtual Global Education Limited,VIRTUALG.BO,-16.63,0.409,1.128,Yes
3630,Captain Pipes Limited,CAPPIPES.BO,-20.39,0.511,1.352,Yes
3631,RHI Magnesita India Limited,RHIM.BO,-15.42,0.375,1.369,Yes
3632,Ducon Infratechnologies Limited,DUCON.NS,-23.93,0.609,2.275,Yes
3633,Patron Exim Limited,PATRON.BO,-25.55,0.656,1.287,Yes
3634,Aimco Pesticides Limited,AIMCOPEST.BO,-18.77,0.463,1.263,Yes
3635,Motilal Oswal Nifty Services Sector ETF,MOSERVICE.NS,-8.94,0.209,1.048,Yes
3636,Deepak Builders & Engineers India Limited,DBEIL.NS,-26.05,0.669,2.588,Yes
3637,Ksolves India Limited,KSOLVES.BO,-13.59,0.326,1.428,Yes
3638,Sturdy Industries Limited,STURDY.BO,-14.11,0.339,0.202,Yes
3639,Ducon Infratechnologies Limited,DUCON.BO,-24.23,0.614,2.264,Yes
3640,Shrydus Industries Limited,SHRYDUS.BO,-30.18,0.789,0.374,Yes
3641,Calcom Vision Limited,CALCOM.BO,-15.96,0.385,1.262,Yes
3642,Deep Polymers Limited,DEEP.BO,-19.07,0.467,1.342,Yes
3643,DEN Networks Limited,DEN.NS,-13.59,0.323,1.524,Yes
3644,Bambino Agro Industries Limited,BAMBINO.BO,-12.35,0.291,1.276,Yes
3645,Mangalam Drugs & Organics Limited,MANGALAM.NS,-21.06,0.518,0.001,Yes
3646,Canara Robeco Asset Management Company Limited,CRAMC.NS,-15.0,0.356,1.63,Yes
3647,Pakka Limited,PAKKA.NS,-22.39,0.553,0.746,Yes
3648,Greenhitech Ventures Limited,GVL.BO,-26.39,0.667,1.117,Yes
3649,Focus Lighting and Fixtures Limited,FOCUS.NS,-19.17,0.464,1.004,Yes
3650,ObjectOne Information Systems Limited,OONE.BO,-17.61,0.423,1.661,Yes
3651,Deepak Builders & Engineers India Limited,DBEIL.BO,-26.46,0.668,2.596,Yes
3652,DEN Networks Limited,DEN.BO,-13.73,0.323,1.532,Yes
3653,Reliance Chemotex Industries Limited,RELCHEMQ.NS,-14.73,0.348,0.942,Yes
3654,Reliance Chemotex Industries Limited,RELCHEMQ.BO,-14.52,0.342,0.979,Yes
3655,M & B Engineering Limited,MBEL.BO,-25.96,0.651,3.111,Yes
3656,Sandu Pharmaceuticals Limited,SANDUPHQ.BO,-15.16,0.357,1.273,Yes
3657,3B Films Limited,3BFILMS.BO,-32.57,0.848,2.869,Yes
3658,Touchwood Entertainment Limited,TOUCHWOOD.NS,-19.4,0.467,0.799,Yes
3659,Canara Robeco Asset Management Company Limited,CRAMC.BO,-15.08,0.355,1.618,Yes
3660,Pakka Limited,PAKKA.BO,-22.49,0.551,0.726,Yes
3661,ACC Limited,ACC.NS,-11.2,0.258,1.386,Yes
3662,M & B Engineering Limited,MBEL.NS,-26.19,0.654,3.131,Yes
3663,Amwill Health Care Limited,AMWILL.BO,-25.26,0.626,1.57,Yes
3664,Master Trust Limited,MASTERTR.NS,-23.08,0.565,2.375,Yes
3665,CMI Limited,CMICABLES.BO,-17.91,0.426,0.194,Yes
3666,Motilal Oswal Nifty India Tourism ETF,MOTOUR.NS,-11.08,0.253,1.425,Yes
3667,Ahlada Engineers Limited,AHLADA.NS,-19.16,0.455,1.594,Yes
3668,TeamLease Services Limited,TEAMLEASE.NS,-15.99,0.374,1.363,Yes
3669,Westlife Foodworld Limited,WESTLIFE.NS,-12.15,0.278,0.563,Yes
3670,Capital Trust Limited,CAPTRUST.BO,-26.86,0.667,1.213,Yes
3671,Tilak Ventures Limited,TILAK.BO,-23.57,0.574,1.254,Yes
3672,Cian Healthcare Limited,CHCL.BO,-34.71,0.9,1.101,No
3673,Nagarjuna Fertilizers and Chemicals Limited,NAGAFERT.NS,-25.8,0.633,1.838,Yes
3674,Bombay Super Hybrid Seeds Limited,BSHSL.NS,-21.0,0.502,2.202,Yes
3675,Westlife Foodworld Limited,WESTLIFE.BO,-12.19,0.277,0.55,Yes
3676,Three M Paper Boards Limited,THREEMPAPE.BO,-26.2,0.643,2.598,Yes
3677,Inflame Appliances Limited,INFLAME.BO,-20.59,0.489,1.163,Yes
3678,Prince Pipes and Fittings Limited,PRINCEPIPE.BO,-18.49,0.434,1.602,Yes
3679,Kansai Nerolac Paints Limited,KANSAINER.NS,-11.57,0.262,1.034,Yes
3680,R M Drip and Sprinklers Systems Limited,RMDRIP.BO,-27.25,0.67,2.059,Yes
3681,Bandhan Silver ETF,SILVERBND.NS,-16.32,0.377,0.621,Yes
3682,TeamLease Services Limited,TEAMLEASE.BO,-16.07,0.37,1.362,Yes
3683,RO Jewels Limited,ROJL.BO,-21.49,0.51,1.241,Yes
3684,Prince Pipes and Fittings Limited,PRINCEPIPE.NS,-18.55,0.433,1.59,Yes
3685,Orkla India Limited,ORKLAINDIA.NS,-9.21,0.205,0.329,Yes
3686,Unitech International Limited,UNITINT.BO,-12.49,0.282,0.728,Yes
3687,Vishvprabha Ventures Limited,VISVEN.BO,-16.41,0.377,0.384,Yes
3688,Capital Trust Limited,CAPTRUST.NS,-27.18,0.664,1.285,Yes
3689,Moneyboxx Finance Limited,MONEYBOXX.NS,-23.28,0.555,1.108,Yes
3690,Laddu Gopal Online Services Limited,LADDU.BO,-34.09,0.867,0.209,Yes
3691,Dhillon Freight Carrier Limited,DHILLON.BO,-21.42,0.504,1.975,Yes
3692,Tracxn Technologies Limited,TRACXN.BO,-18.71,0.433,2.207,Yes
3693,Nagarjuna Fertilizers and Chemicals Limited,NAGAFERT.BO,-25.87,0.623,1.807,Yes
3694,Tracxn Technologies Limited,TRACXN.NS,-18.65,0.43,2.19,Yes
3695,Hemang Resources Limited,HEMANG.BO,-25.13,0.601,1.841,Yes
3696,Finelistings Technologies Limited,FTL.BO,-37.81,0.978,1.831,Yes
3697,Flexituff Ventures International Limited,FLEXITUFF.NS,-40.63,1.072,2.988,Yes
3698,Simbhaoli Sugars Limited,SIMBHALS.BO,-23.13,0.544,1.429,Yes
3699,Mishtann Foods Limited,MISHTANN.BO,-25.56,0.605,2.339,Yes
3700,Orkla India Limited,ORKLAINDIA.BO,-9.35,0.202,0.33,Yes
3701,Interworld Digital Limited,INTERDIGI.BO,-15.12,0.337,0.588,Yes
3702,Groww Nifty PSE ETF,GROWWPSE.NS,-9.48,0.204,0.758,Yes
3703,SpiceJet Limited,SPICEJET.BO,-23.88,0.556,2.665,Yes
3704,Evoq Remedies Limited,EVOQ.BO,-32.4,0.793,2.738,Yes
3705,Milkfood Limited,MLKFOOD.BO,-27.02,0.638,0.828,Yes
3706,Aptech Limited,APTECHT.BO,-21.45,0.49,1.98,Yes
3707,MSR India Limited,MSRINDIA.BO,-27.5,0.65,0.512,No
3708,Hathway Bhawani Cabletel & Datacom Limited,HATHWAYB.BO,-12.66,0.276,0.931,Yes
3709,Flexituff Ventures International Limited,FLEXITUFF.BO,-41.44,1.069,2.913,Yes
3710,Ace Integrated Solutions Limited,ACEINTEG.NS,-16.87,0.374,1.683,Yes
3711,Greenpanel Industries Limited,GREENPANEL.BO,-19.06,0.427,1.691,Yes
3712,Brand Concepts Limited,BCONCEPTS.NS,-21.94,0.499,1.968,Yes
3713,Brand Concepts Limited,BCONCEPTS.BO,-21.9,0.498,1.993,Yes
3714,Hathway Cable and Datacom Limited,HATHWAY.BO,-15.09,0.33,1.456,Yes
3715,Satia Industries Limited,SATIA.NS,-18.22,0.405,1.927,Yes
3716,Hathway Cable and Datacom Limited,HATHWAY.NS,-15.11,0.33,1.459,Yes
3717,Aptech Limited,APTECHT.NS,-21.6,0.488,1.954,Yes
3718,Satia Industries Limited,SATIA.BO,-18.24,0.403,1.907,Yes
3719,Link Pharma Chem Limited,LINKPH.BO,-14.14,0.306,1.054,Yes
3720,Balaxi Pharmaceuticals Limited,BALAXI.NS,-26.79,0.621,2.269,Yes
3721,Vinny Overseas Limited,VINNY.NS,-21.19,0.474,1.372,Yes
3722,Simbhaoli Sugars Limited,SIMBHALS.NS,-24.55,0.559,1.714,Yes
3723,Loyal Textile Mills Limited,LOYALTEX.BO,-21.55,0.482,0.766,Yes
3724,Suryaamba Spinning Mills Limited,SURYAAMBA.BO,-10.45,0.22,0.508,Yes
3725,Mafia Trends Limited,MAFIA.BO,-25.06,0.569,0.068,Yes
3726,Vinny Overseas Limited,VINNY.BO,-21.17,0.47,1.359,Yes
3727,UTIAMC-NIFTYBETA,NIFTYBETA.NS,-8.98,0.186,0.998,Yes
3728,Celebrity Fashions Limited,CELEBRITY.NS,-21.44,0.475,1.32,Yes
3729,Greenpanel Industries Limited,GREENPANEL.NS,-19.27,0.422,1.669,Yes
3730,Manaksia Limited,MANAKSIA.BO,-19.54,0.425,1.538,Yes
3731,Basant Agro Tech (India) Limited,BASANTGL.BO,-14.97,0.317,0.822,Yes
3732,Goodyear India Limited,GOODYEAR.BO,-12.21,0.254,1.091,Yes
3733,Dev Accelerator Limited,DEVX.NS,-26.24,0.59,2.276,Yes
3734,Aditya Birla Fashion and Retail Limited,ABFRL.NS,-23.98,0.529,1.157,Yes
3735,Aditya Birla Fashion and Retail Limited,ABFRL.BO,-24.03,0.529,1.162,Yes
3736,Music Broadcast Limited,RADIOCITY.BO,-18.15,0.387,1.585,Yes
3737,Salora International Limited,SALORAINTL.BO,-15.93,0.335,1.011,Yes
3738,Globe Civil Projects Limited,GLOBECIVIL.BO,-28.43,0.64,3.072,Yes
3739,New Delhi Television Limited,NDTV.BO,-22.27,0.483,1.564,Yes
3740,Trans India House Impex Limited,TIHIL.BO,-32.1,0.737,1.184,Yes
3741,Unisem Agritech Limited,UNISEM.BO,-17.77,0.375,0.941,Yes
3742,Dish TV India Limited,DISHTV.NS,-34.01,0.789,2.609,Yes
3743,Dev Accelerator Limited,DEVX.BO,-26.41,0.582,2.247,Yes
3744,New Delhi Television Limited,NDTV.NS,-22.38,0.482,1.572,Yes
3745,EP Biocomposites Limited,EPBIO.BO,-18.17,0.382,0.511,Yes
3746,DHP India Limited,DHPIND.BO,-13.75,0.282,0.941,Yes
3747,Globe Civil Projects Limited,GLOBECIVIL.NS,-28.59,0.636,3.029,Yes
3748,Sofcom Systems Limited,SOFCOM.BO,-26.08,0.571,0.96,Yes
3749,Graviss Hospitality Limited,GRAVISSHO.BO,-15.74,0.325,0.246,Yes
3750,Fusion Finance Limited,FUSION.BO,-22.57,0.483,1.277,Yes
3751,Manaksia Limited,MANAKSIA.NS,-19.63,0.413,1.489,Yes
3752,V R Films & Studios Limited,VRFILMS.BO,-23.72,0.51,0.438,Yes
3753,Lasa Supergenerics Limited,LASA.BO,-25.82,0.561,1.511,Yes
3754,Future Enterprises Limited,FEL.NS,-20.93,0.442,1.127,Yes
3755,Repro India Limited,REPRO.NS,-20.02,0.42,1.653,Yes
3756,Loyal Textile Mills Limited,LOYALTEX.NS,-22.25,0.471,0.784,Yes
3757,Swiggy Limited,SWIGGY.NS,-19.21,0.399,1.151,Yes
3758,Shiva Cement Limited,SHIVACEM.BO,-24.01,0.512,1.722,Yes
3759,SKF India Limited,SKFINDIA.NS,-22.41,0.472,0.573,Yes
3760,HP Adhesives Limited,HPAL.BO,-20.72,0.432,1.761,Yes
3761,Fusion Finance Limited,FUSION.NS,-22.78,0.48,1.266,Yes
3762,Lasa Supergenerics Limited,LASA.NS,-26.08,0.56,1.516,Yes
3763,Swiggy Limited,SWIGGY.BO,-19.41,0.398,1.16,Yes
3764,IndiaMART InterMESH Limited,INDIAMART.BO,-11.63,0.229,1.057,Yes
3765,BirlaNu Limited,BIRLANU.BO,-15.79,0.317,1.34,Yes
3766,Music Broadcast Limited,RADIOCITY.NS,-18.93,0.386,1.553,Yes
3767,Vishwaraj Sugar Industries Limited,VISHWARAJ.BO,-22.9,0.478,1.899,Yes
3768,IndiaMART InterMESH Limited,INDIAMART.NS,-11.67,0.229,1.063,Yes
3769,Hindware Home Innovation Limited,HINDWAREAP.BO,-22.89,0.477,1.788,Yes
3770,BirlaNu Limited,BIRLANU.NS,-15.81,0.317,1.322,Yes
3771,Raminfo Limited,RAMINFO.BO,-19.25,0.392,1.586,Yes
3772,Allcargo Logistics Limited,ALLCARGO.NS,-29.26,0.63,1.391,Yes
3773,Shree Renuka Sugars Limited,RENUKA.NS,-18.12,0.366,0.945,Yes
3774,Dish TV India Limited,DISHTV.BO,-34.55,0.768,2.559,Yes
3775,Allcargo Logistics Limited,ALLCARGO.BO,-29.29,0.629,1.4,Yes
3776,Hindware Home Innovation Limited,HINDWAREAP.NS,-23.01,0.476,1.784,Yes
3777,Shree Krishna Infrastructure Limited,SKIFL.BO,-28.72,0.614,0.105,No
3778,Vishnu Prakash R Punglia Limited,VPRPL.NS,-29.58,0.635,2.05,Yes
3779,HP Adhesives Limited,HPAL.NS,-21.14,0.432,1.771,Yes
3780,Vishnu Prakash R Punglia Limited,VPRPL.BO,-29.6,0.634,2.049,Yes
3781,Tata Teleservices (Maharashtra) Limited,TTML.BO,-21.16,0.431,1.779,Yes
3782,Vaarad Ventures Limited,VAARAD.BO,-14.24,0.28,1.032,Yes
3783,Lakshmi Electrical Control Systems Limited,LAKSELEC.BO,-15.19,0.299,0.504,Yes
3784,Seshasayee Paper and Boards Limited,SESHAPAPER.NS,-12.76,0.248,0.856,Yes
3785,Orient Paper & Industries Limited,ORIENTPPR.NS,-23.83,0.49,1.901,Yes
3786,Vikran Engineering Limited,VIKRAN.BO,-29.34,0.623,2.921,Yes
3787,Tata Teleservices (Maharashtra) Limited,TTML.NS,-21.23,0.43,1.766,Yes
3788,Vikran Engineering Limited,VIKRAN.NS,-29.3,0.621,2.909,Yes
3789,Max Heights Infrastructure Limited,MAXHEIGHTS.BO,-25.4,0.524,0.768,Yes
3790,Responsive Industries Limited,RESPONIND.BO,-19.44,0.387,1.372,Yes
3791,Asian Star Company Limited,ASTAR.BO,-8.31,0.156,0.139,Yes
3792,Meta Infotech Limited,METAINFO.BO,-34.51,0.75,3.66,Yes
3793,Golden Legand Leasing and Finance Limited,GOLDLEG.BO,-32.76,0.702,0.654,Yes
3794,Vishwaraj Sugar Industries Limited,VISHWARAJ.NS,-23.34,0.472,1.89,Yes
3795,Responsive Industries Limited,RESPONIND.NS,-19.6,0.388,1.398,Yes
3796,Atam Valves Limited,ATAM.BO,-24.33,0.493,2.159,Yes
3797,M M Rubber Company Limited,MMRUBBR-B.BO,-18.86,0.37,1.143,Yes
3798,Atam Valves Limited,ATAM.NS,-24.25,0.489,2.116,Yes
3799,Nicco Parks & Resorts Limited,NICCOPAR.BO,-17.51,0.34,1.122,Yes
3800,Tiger Logistics (India) Limited,TIGERLOGS.NS,-31.27,0.657,2.23,Yes
3801,Future Enterprises Limited,FELDVR.NS,-20.2,0.395,0.372,Yes
3802,Vedant Fashions Limited,MANYAVAR.NS,-20.13,0.392,0.775,Yes
3803,Educomp Solutions Limited,EDUCOMP.NS,-23.21,0.459,1.119,Yes
3804,Vedant Fashions Limited,MANYAVAR.BO,-20.17,0.392,0.781,Yes
3805,Decipher Labs Limited,DECIPHER.BO,-24.88,0.495,2.042,Yes
3806,JHS Svendgaard Retail Ventures Limited,RETAIL.NS,-24.39,0.483,1.618,Yes
3807,MFL India Limited,MFLINDIA.BO,-15.62,0.294,0.424,Yes
3808,Indong Tea Company Limited,INDONG.BO,-21.56,0.419,0.84,Yes
3809,Mediaone Global Entertainment Limited,MEDIAONE.BO,-25.24,0.501,1.372,Yes
3810,HLV Limited,HLVLTD.NS,-24.62,0.487,1.63,Yes
3811,HLV Limited,HLVLTD.BO,-24.66,0.485,1.604,Yes
3812,Rossell India Limited,ROSSELLIND.BO,-31.96,0.657,1.723,Yes
3813,Excelsoft Technologies Limited,EXCELSOFT.NS,-36.6,0.773,2.757,Yes
3814,NIS Management Limited,NISMGMT.BO,-29.72,0.6,2.762,Yes
3815,Indo Us Bio-Tech Limited,INDOUS.BO,-23.71,0.462,1.005,Yes
3816,Galactico Corporate Services Limited,GALACTICO.BO,-20.81,0.397,0.871,Yes
3817,Brisk Technovision Limited,BRISK.BO,-22.07,0.423,1.021,Yes
3818,Primo Chemicals Limited,PRIMO.BO,-22.8,0.438,0.897,Yes
3819,Jolly Plastic Industries Limited,JOLYPLS.BO,-38.62,0.818,2.174,Yes
3820,Visagar Financial Services Limited,VISAGAR.BO,-20.73,0.393,1.571,Yes
3821,West Leisure Resorts Limited,WESTLEIRES.BO,-22.57,0.433,0.93,Yes
3822,Rossell India Limited,ROSSELLIND.NS,-32.35,0.655,1.622,Yes
3823,Golden Tobacco Limited,GOLDENTOBC.NS,-18.91,0.353,1.263,Yes
3824,Radiant Cash Management Services Limited,RADIANTCMS.NS,-18.86,0.352,1.005,Yes
3825,Shyam Century Ferrous Limited,SHYAMCENT.NS,-29.12,0.574,1.929,Yes
3826,Delta Corp Limited,DELTACORP.NS,-20.44,0.383,1.657,Yes
3827,Maruti Infrastructure Limited,MAINFRA.BO,-33.13,0.669,0.03,Yes
3828,Radiant Cash Management Services Limited,RADIANTCMS.BO,-18.91,0.35,1.047,Yes
3829,GVK Power & Infrastructure Limited,GVKPIL.NS,-31.85,0.636,1.739,Yes
3830,Future Enterprises Limited,FELDVR.BO,-19.65,0.365,0.534,Yes
3831,Delta Corp Limited,DELTACORP.BO,-20.48,0.382,1.651,Yes
3832,GVK Power & Infrastructure Limited,GVKPIL.BO,-32.28,0.645,1.789,Yes
3833,Excelsoft Technologies Limited,EXCELSOFT.BO,-37.08,0.763,2.704,Yes
3834,Rajnish Retail Limited,RRETAIL.BO,-38.02,0.786,1.883,Yes
3835,Grauer & Weil (India) Limited,GRAUWEIL.NS,-15.0,0.27,1.361,Yes
3836,Apeejay Surrendra Park Hotels Limited,PARKHOTELS.NS,-17.86,0.327,1.751,Yes
3837,Apeejay Surrendra Park Hotels Limited,PARKHOTELS.BO,-17.89,0.326,1.752,Yes
3838,Diamines and Chemicals Limited,DIAMINESQ.BO,-18.53,0.338,1.089,Yes
3839,Affordable Robotic & Automation Limited,AFFORDABLE.BO,-28.28,0.541,1.517,Yes
3840,Shyam Century Ferrous Limited,SHYAMCENT.BO,-29.48,0.568,1.878,Yes
3841,Global Longlife Hospital and Research Limited,GLHRL.BO,-27.8,0.53,0.662,Yes
3842,Parsvnath Developers Limited,PARSVNATH.NS,-36.09,0.723,1.578,Yes
3843,KNR Constructions Limited,KNRCON.BO,-20.0,0.363,1.116,Yes
3844,Saianand Commercial Limited,SAICOM.BO,-23.16,0.427,1.767,Yes
3845,Educomp Solutions Limited,EDUCOMP.BO,-24.56,0.457,1.077,Yes
3846,Popular Vehicles and Services Limited,PVSL.NS,-23.48,0.434,1.438,Yes
3847,Garment Mantra Lifestyle Limited,GARMNTMNTR.BO,-28.75,0.545,0.773,Yes
3848,KNR Constructions Limited,KNRCON.NS,-20.08,0.362,1.111,Yes
3849,All Time Plastics Limited,ALLTIME.NS,-25.56,0.475,2.319,Yes
3850,All Time Plastics Limited,ALLTIME.BO,-25.51,0.474,2.325,Yes
3851,Vivanta Industries Limited,VIVANTA.BO,-22.26,0.404,1.067,Yes
3852,Diamines and Chemicals Limited,DIAMINESQ.NS,-19.01,0.338,1.114,Yes
3853,Inventure Growth & Securities Limited,INVENTURE.NS,-21.44,0.386,1.538,Yes
3854,Popular Vehicles and Services Limited,PVSL.BO,-23.81,0.434,1.51,Yes
3855,Shoppers Stop Limited,SHOPERSTOP.NS,-15.12,0.263,0.49,Yes
3856,Global Surfaces Limited,GSLSU.BO,-34.84,0.677,1.604,Yes
3857,Sparc Electrex Limited,SPAR.BO,-35.02,0.681,1.972,Yes
3858,Jaro Institute of Technology Management and Research Limited,JARO.NS,-30.58,0.577,0.015,Yes
3859,Shoppers Stop Limited,SHOPERSTOP.BO,-15.18,0.26,0.488,Yes
3860,Inventure Growth & Securities Limited,INVENTURE.BO,-21.64,0.38,1.525,Yes
3861,Shayona Engineering Limited,SHAYONAENG.BO,-9.3,0.152,0.213,Yes
3862,Chemcrux Enterprises Limited,CHEMCRUX.BO,-28.14,0.511,2.079,Yes
3863,Crystal Business System Limited,CRYSTAL.BO,-18.88,0.325,0.702,Yes
3864,Afcons Infrastructure Limited,AFCONS.BO,-21.85,0.381,1.137,Yes
3865,AIK Pipes and Polymers Limited,AIKPIPES.BO,-31.74,0.587,1.984,Yes
3866,Kallam Textiles Limited,KALLAM.BO,-29.83,0.543,0.492,Yes
3867,Karbonsteel Engineering Limited,KARBON.BO,-28.58,0.512,1.998,Yes
3868,Afcons Infrastructure Limited,AFCONS.NS,-22.01,0.38,1.123,Yes
3869,UTIAMC-SENSEXBETA,SENSEXBETA.NS,-11.62,0.189,1.015,Yes
3870,Mitshi India Limited,MITSHI.BO,-17.59,0.296,0.22,Yes
3871,Global Surfaces Limited,GSLSU.NS,-36.1,0.673,1.59,Yes
3872,Vista Pharmaceuticals Limited,VISTAPH.BO,-23.67,0.408,0.843,Yes
3873,Pine Labs Limited,PINELABS.BO,-32.54,0.592,2.092,Yes
3874,Scoda Tubes Limited,SCODATUBES.BO,-25.16,0.437,1.771,Yes
3875,Nexxus Petro Industries Limited,NEXXUS.BO,-24.82,0.429,0.3,No
3876,Storage Technologies and Automation Limited,STAL.BO,-35.54,0.656,2.103,Yes
3877,AKG Exim Limited,AKG.NS,-23.4,0.401,1.059,Yes
3878,S Chand And Company Limited,SCHAND.NS,-16.73,0.275,1.065,Yes
3879,Orchasp Limited,ORCHASP.NS,-31.7,0.566,1.256,Yes
3880,Arrowhead Seperation Engineering Limited,ARROWHEAD.BO,-25.14,0.43,0.115,Yes
3881,Indrayani Biotech Limited,INDRANIB.BO,-36.32,0.665,1.668,Yes
3882,Capital India Finance Limited,CIFL.NS,-28.23,0.49,2.81,Yes
3883,S Chand And Company Limited,SCHAND.BO,-16.86,0.274,1.043,Yes
3884,Scoda Tubes Limited,SCODATUBES.NS,-25.28,0.428,1.707,Yes
3885,Pine Labs Limited,PINELABS.NS,-33.03,0.586,2.063,Yes
3886,Standard Capital Markets Limited,STANCAP.BO,-32.18,0.566,1.883,Yes
3887,Prismx Global Ventures Limited,PRISMX.BO,-24.31,0.406,0.851,Yes
3888,Relaxo Footwears Limited,RELAXO.BO,-21.85,0.357,1.454,Yes
3889,Relaxo Footwears Limited,RELAXO.NS,-21.86,0.356,1.45,Yes
3890,V.I.P. Industries Limited,VIPIND.NS,-19.12,0.305,0.884,Yes
3891,Mahindra Holidays & Resorts India Limited,MHRIL.NS,-16.76,0.263,0.933,Yes
3892,Easy Trip Planners Limited,EASEMYTRIP.BO,-26.93,0.448,1.47,Yes
3893,Jeena Sikho Lifecare Limited,JSLL.BO,-23.15,0.376,1.341,Yes
3894,Taylormade Renewables Limited,TRL.BO,-39.32,0.706,0.79,Yes
3895,Easy Trip Planners Limited,EASEMYTRIP.NS,-26.99,0.448,1.477,Yes
3896,Mahindra Holidays & Resorts India Limited,MHRIL.BO,-16.78,0.263,0.937,Yes
3897,Yashraj Containeurs Limited,YASHRAJC.BO,-22.8,0.368,0.56,Yes
3898,Vikas Lifecare Limited,VIKASLIFE.NS,-30.63,0.516,1.427,Yes
3899,Sulabh Engineers & Services Limited,SULABEN.BO,-25.53,0.416,1.342,Yes
3900,Lancer Container Lines Limited,LANCER.BO,-38.13,0.671,1.703,Yes
3901,Diligent Industries Limited,DILIGENT.BO,-29.92,0.499,1.357,Yes
3902,Vikas Lifecare Limited,VIKASLIFE.BO,-30.71,0.513,1.422,Yes
3903,Goblin India Limited,GOBLIN.BO,-35.89,0.619,1.673,Yes
3904,Family Care Hospitals Limited,FAMILYCARE.BO,-28.08,0.46,1.386,Yes
3905,AWL Agri Business Limited,AWL.NS,-15.12,0.229,0.656,Yes
3906,Ellenbarrie Industrial Gases Limited,ELLEN.NS,-33.12,0.556,1.834,Yes
3907,AWL Agri Business Limited,AWL.BO,-15.16,0.229,0.646,Yes
3908,Bharat Agri Fert and Realty Limited,BHARATAGRI.BO,-32.54,0.543,1.217,Yes
3909,Laxmi Dental Limited,LAXMIDENTL.BO,-34.17,0.576,2.345,Yes
3910,Ellenbarrie Industrial Gases Limited,ELLEN.BO,-33.17,0.555,1.831,Yes
3911,Andhra Paper Limited,ANDHRAPAP.NS,-16.94,0.258,1.099,Yes
3912,Future Enterprises Limited,FEL.BO,-16.81,0.255,0.205,Yes
3913,Wakefit Innovations Limited,WAKEFIT.BO,-23.92,0.377,0.708,Yes
3914,Retro Green Revolution Limited,RGRL.BO,-38.42,0.663,2.6,Yes
3915,Sula Vineyards Limited,SULA.NS,-25.69,0.409,1.638,Yes
3916,Laxmi Dental Limited,LAXMIDENTL.NS,-34.26,0.573,2.307,Yes
3917,Sula Vineyards Limited,SULA.BO,-25.74,0.406,1.617,Yes
3918,Andhra Paper Limited,ANDHRAPAP.BO,-17.13,0.257,1.113,Yes
3919,Fractal Industries Limited,FIL.BO,-12.82,0.187,0.658,Yes
3920,Tata Elxsi Limited,TATAELXSI.NS,-17.55,0.262,0.874,Yes
3921,Mangal Electrical Industries Limited,MEIL.BO,-36.14,0.602,1.827,Yes
3922,Sundaram Multi Pap Limited,SUNDARAM.BO,-23.17,0.356,1.706,Yes
3923,Mangal Electrical Industries Limited,MEIL.NS,-36.17,0.601,1.863,Yes
3924,Kuantum Papers Limited,KUANTUM.NS,-20.56,0.309,1.136,Yes
3925,Wakefit Innovations Limited,WAKEFIT.NS,-24.35,0.374,0.689,Yes
3926,Kuantum Papers Limited,KUANTUM.BO,-20.58,0.309,1.159,Yes
3927,MPL Plastics Limited,MPL.BO,-23.01,0.35,1.198,Yes
3928,Mangalam Industrial Finance Limited,MANGIND.BO,-36.11,0.594,0.226,Yes
3929,UGRO Capital Limited,UGROCAP.BO,-26.87,0.415,1.721,Yes
3930,Shrenik Limited,SHRENIK.NS,-26.64,0.41,1.203,Yes
3931,Kalpataru Limited,KALPATARU.NS,-23.72,0.359,1.637,Yes
3932,Kalpataru Limited,KALPATARU.BO,-24.06,0.364,1.669,Yes
3933,UGRO Capital Limited,UGROCAP.NS,-27.0,0.411,1.692,Yes
3934,Kamdhenu Ventures Limited,KAMOPAINTS.NS,-38.11,0.619,2.23,Yes
3935,Kamdhenu Ventures Limited,KAMOPAINTS.BO,-38.0,0.617,2.23,Yes
3936,Sadhana Nitro Chem Limited,SADHNANIQ.NS,-49.83,0.882,1.91,Yes
3937,Olympia Industries Limited,OLYMPTX.BO,-27.19,0.411,0.942,Yes
3938,Cressanda Railway Solutions Limited,CRSL.BO,-40.57,0.668,2.688,Yes
3939,Zodiac Ventures Limited,ZODIACVEN.BO,-40.43,0.662,2.008,Yes
3940,TruCap Finance Limited,TRU.NS,-46.39,0.792,1.303,Yes
3941,Piotex Industries Limited,PIOTEX.BO,-32.85,0.509,0.43,Yes
3942,Yaashvi Jewellers Limited,YAASHVI.BO,-61.17,1.182,,
3943,TruCap Finance Limited,TRU.BO,-46.24,0.785,1.261,Yes
3944,Indogulf Cropsciences Limited,IGCL.BO,-26.43,0.392,1.373,Yes
3945,Modern Diagnostic & Research Centre Limited,MDRC.BO,-46.06,0.777,3.261,Yes
3946,Indogulf Cropsciences Limited,IGCL.NS,-27.15,0.403,1.448,Yes
3947,Utkarsh Small Finance Bank Limited,UTKARSHBNK.BO,-28.24,0.422,1.729,Yes
3948,Utkarsh Small Finance Bank Limited,UTKARSHBNK.NS,-28.23,0.422,1.733,Yes
3949,Sadhana Nitro Chem Limited,SADHNANIQ.BO,-50.29,0.875,1.877,Yes
3950,Sanofi India Limited,SANOFI.NS,-19.89,0.282,0.866,Yes
3951,Sanofi India Limited,SANOFI.BO,-19.88,0.281,0.862,Yes
3952,Vahh Chemicals Limited,VAHH.BO,-46.04,0.765,,
3953,Franklin Industries Limited,FRANKLININD.BO,-45.12,0.739,0.858,Yes
3954,Tejnaksh Healthcare Limited,TEJNAKSH.BO,-22.34,0.315,0.576,Yes
3955,D.P. Wires Limited,DPWIRES.BO,-30.72,0.455,1.148,Yes
3956,Veerkrupa Jewellers Limited,VEERKRUPA.BO,-33.03,0.497,0.46,Yes
3957,Vikas Ecotech Limited,VIKASECO.NS,-28.02,0.408,1.59,Yes
3958,D.P. Wires Limited,DPWIRES.NS,-30.98,0.458,1.164,Yes
3959,Vedanta Aluminium Metal Limited,VAML.NS,-7.23,0.093,,
3960,Vikas Ecotech Limited,VIKASECO.BO,-28.17,0.405,1.621,Yes
3961,Regis Industries Ltd,REGIS.BO,-26.63,0.377,0.681,Yes
3962,Foods and Inns Limited,FOODSIN.NS,-29.58,0.425,1.694,Yes
3963,Filatex Fashions Limited,FILATFASH.BO,-48.87,0.803,1.684,Yes
3964,DroneAcharya Aerial Innovations Limited,DRONACHRYA.BO,-35.24,0.522,1.145,Yes
3965,BLT Logistics Limited,BLT.BO,-45.23,0.718,3.323,Yes
3966,Methodhub Software Limited,METHODHUB.BO,-53.03,0.893,2.827,Yes
3967,Sundaram Multi Pap Limited,SUNDARAM.NS,-24.46,0.338,1.698,Yes
3968,Alexander Stamps and Coin Limited,ALEXANDER.BO,-20.21,0.272,0.414,Yes
3969,Priti International Limited,PRITI.NS,-36.04,0.532,2.458,Yes
3970,Digitide Solutions Limited,DIGITIDE.BO,-36.98,0.55,2.13,Yes
3971,Juniper Hotels Limited,JUNIPER.BO,-21.49,0.29,0.824,Yes
3972,Stanbik Agro Limited,STANBIK.BO,-18.46,0.245,0.705,No
3973,Wardwizard Innovations & Mobility Limited,WARDINMOBI.BO,-37.96,0.566,1.648,Yes
3974,Digitide Solutions Limited,DIGITIDE.NS,-36.93,0.546,2.113,Yes
3975,Gautam Gems Limited,GGL.BO,-30.63,0.435,1.291,Yes
3976,Ecos (India) Mobility & Hospitality Limited,ECOSMOBLTY.NS,-40.67,0.617,2.663,Yes
3977,Foods and Inns Limited,FOODSIN.BO,-29.96,0.423,1.662,Yes
3978,EKI Energy Services Limited,EKI.BO,-37.61,0.557,1.725,Yes
3979,Dangee Dums Limited,DANGEE.NS,-28.91,0.405,1.151,Yes
3980,Ecos (India) Mobility & Hospitality Limited,ECOSMOBLTY.BO,-40.78,0.616,2.665,Yes
3981,SKIL Infrastructure Limited,SKIL.NS,-33.76,0.487,0.861,Yes
3982,Shree Tirupati Balajee Agro Trading Company Limited,BALAJEE.BO,-36.64,0.538,1.833,Yes
3983,Astron Multigrain Limited,ASTRONMULT.BO,-25.92,0.356,1.673,Yes
3984,Juniper Hotels Limited,JUNIPER.NS,-21.67,0.29,0.827,Yes
3985,Spandana Sphoorty Financial Limited,SPANDANA.NS,-28.85,0.4,1.848,Yes
3986,Anmol India Limited,ANMOL.BO,-32.45,0.46,1.695,Yes
3987,La Opala RG Limited,LAOPALA.BO,-21.37,0.282,1.019,Yes
3988,La Opala RG Limited,LAOPALA.NS,-21.38,0.282,1.016,Yes
3989,G M Polyplast Limited,GMPL.BO,-25.01,0.336,0.88,Yes
3990,Astron Paper & Board Mill Limited,ASTRON.BO,-45.22,0.694,1.657,Yes
3991,Shree Tirupati Balajee Agro Trading Company Limited,BALAJEE.NS,-36.79,0.532,1.777,Yes
3992,Spandana Sphoorty Financial Limited,SPANDANA.BO,-28.99,0.396,1.816,Yes
3993,Vishal Bearings Limited,VISHALBL.BO,-33.26,0.466,1.595,Yes
3994,S & T Corporation Limited,STCORP.BO,-41.47,0.613,1.573,Yes
3995,Go Fashion (India) Limited,GOCOLORS.BO,-30.93,0.426,1.641,Yes
3996,Go Fashion (India) Limited,GOCOLORS.NS,-31.0,0.427,1.65,Yes
3997,Astron Paper & Board Mill Limited,ASTRON.NS,-45.08,0.68,1.604,Yes
3998,CMR Green Technologies Limited,CMRGREEN.NS,-35.05,0.491,,
3999,Hinduja Global Solutions Limited,HGS.NS,-23.37,0.305,0.823,Yes
4000,Concord Enviro Systems Limited,CEWATER.BO,-37.06,0.525,1.976,Yes
4001,Hinduja Global Solutions Limited,HGS.BO,-23.44,0.305,0.843,Yes
4002,Concord Enviro Systems Limited,CEWATER.NS,-37.06,0.523,1.964,Yes
4003,Oswal Pumps Limited,OSWALPUMPS.BO,-43.16,0.636,1.731,Yes
4004,Hampton Sky Realty Limited,HAMPTON.BO,-36.12,0.506,1.886,Yes
4005,Anmol India Limited,ANMOL.NS,-32.72,0.449,1.63,Yes
4006,Oswal Pumps Limited,OSWALPUMPS.NS,-43.22,0.635,1.722,Yes
4007,Cello World Limited,CELLO.NS,-22.53,0.29,1.018,Yes
4008,PS IT Infrastructure & Services Limited,PSITINFRA.BO,-43.89,0.648,0.86,No
4009,SKIL Infrastructure Limited,SKIL.BO,-34.74,0.481,1.087,Yes
4010,MEP Infrastructure Developers Limited,MEP.NS,-48.74,0.746,1.457,Yes
4011,SRU Steels Limited,SRUSTEELS.BO,-38.46,0.544,1.53,Yes
4012,Globtier Infotech Limited,GLOBTIER.BO,-46.52,0.696,2.767,Yes
4013,Cello World Limited,CELLO.BO,-22.62,0.287,0.994,Yes
4014,CMR Green Technologies Limited,CMRGREEN.BO,-35.74,0.487,,
4015,R K Swamy Limited,RKSWAMY.NS,-30.11,0.396,1.343,Yes
4016,Abril Paper Tech Limited,ABRIL.BO,-26.99,0.348,1.044,Yes
4017,Kanishk Aluminium India Limited,KANISHK.BO,-49.09,0.734,2.432,Yes
4018,CG-VAK Software and Exports Limited,CGVAK.BO,-27.64,0.356,0.754,Yes
4019,R K Swamy Limited,RKSWAMY.BO,-30.1,0.393,1.318,Yes
4020,Mehul Colours Limited,MEHUL.BO,-29.62,0.385,1.435,Yes
4021,Sarthak Metals Limited,SMLT.BO,-30.68,0.4,1.103,Yes
4022,Sarthak Metals Limited,SMLT.NS,-30.75,0.399,1.143,Yes
4023,Confidence Futuristic Energetech Limited,CFEL.BO,-33.51,0.443,0.94,Yes
4024,Davangere Sugar Company Limited,DAVANGERE.BO,-33.57,0.442,0.24,No
4025,Dharan Infra-EPC Limited,DHARAN.NS,-48.27,0.705,1.713,Yes
4026,AGS Transact Technologies Limited,AGSTRA.BO,-53.14,0.807,1.746,Yes
4027,MEP Infrastructure Developers Limited,MEP.BO,-49.33,0.726,1.524,Yes
4028,Technopack Polymers Limited,TECHNOPACK.BO,-32.57,0.423,0.319,Yes
4029,AGS Transact Technologies Limited,AGSTRA.NS,-53.27,0.803,1.643,Yes
4030,Shree Securities Limited,SHREESEC.BO,-20.15,0.242,0.875,Yes
4031,HMA Agro Industries Limited,HMAAGRO.BO,-30.23,0.385,1.441,Yes
4032,HMA Agro Industries Limited,HMAAGRO.NS,-30.07,0.382,1.39,Yes
4033,IGC Industries Limited,IGCIL.BO,-48.83,0.705,2.051,Yes
4034,TCI Express Limited,TCIEXP.BO,-24.47,0.295,1.09,Yes
4035,Bella Casa Fashion & Retail Limited,BELLACASA.NS,-33.38,0.423,1.925,Yes
4036,Austere Systems Limited,AUSTERE.BO,-26.41,0.321,0.731,Yes
4037,TCI Express Limited,TCIEXP.NS,-24.47,0.292,1.067,Yes
4038,Capillary Technologies India Limited,CAPILLARY.NS,-26.45,0.317,1.058,Yes
4039,Kakatiya Textiles Limited,KAKTEX.BO,-31.43,0.387,0.801,Yes
4040,Capillary Technologies India Limited,CAPILLARY.BO,-26.55,0.317,1.053,Yes
4041,Bata India Limited,BATAINDIA.NS,-21.29,0.246,1.257,Yes
4042,Toss the Coin Limited,TTC.BO,-38.07,0.487,1.46,Yes
4043,Citichem India Limited,CITICHEM.BO,-39.87,0.512,1.598,Yes
4044,Brigade Hotel Ventures Limited,BRIGHOTEL.BO,-26.1,0.307,1.203,Yes
4045,GTPL Hathway Limited,GTPL.BO,-26.42,0.311,1.239,Yes
4046,Toyam Sports Limited,TOYAMSL.BO,-44.29,0.585,1.746,Yes
4047,Studds Accessories Limited,STUDDS.BO,-21.31,0.243,1.138,Yes
4048,KBS India Limited,KBSINDIA.BO,-41.27,0.529,1.607,Yes
4049,Brigade Hotel Ventures Limited,BRIGHOTEL.NS,-26.09,0.303,1.157,Yes
4050,Om Power Transmission Limited,OMPOWER.NS,-25.43,0.294,1.386,Yes
4051,GROWW MUTUAL FUND  PERMITTED,GROWWSLVR.BO,-32.11,0.385,4.602,No
4052,Route Mobile Limited,ROUTE.NS,-28.18,0.329,1.519,Yes
4053,Studds Accessories Limited,STUDDS.NS,-21.43,0.24,1.132,Yes
4054,Dreamfolks Services Limited,DREAMFOLKS.BO,-41.64,0.527,2.129,Yes
4055,Dreamfolks Services Limited,DREAMFOLKS.NS,-41.63,0.527,2.12,Yes
4056,GTPL Hathway Limited,GTPL.NS,-26.5,0.304,1.16,Yes
4057,Fischer Medical Ventures Limited,FISCHER.NS,-47.07,0.62,0.773,No
4058,Om Power Transmission Limited,OMPOWER.BO,-25.42,0.289,1.386,Yes
4059,Route Mobile Limited,ROUTE.BO,-28.23,0.326,1.514,Yes
4060,Happiest Minds Technologies Limited,HAPPSTMNDS.BO,-20.26,0.223,0.361,Yes
4061,Advent Hotels International Limited,ADVENTHTL.NS,-42.39,0.536,3.059,Yes
4062,Happiest Minds Technologies Limited,HAPPSTMNDS.NS,-20.3,0.223,0.357,Yes
4063,Affordable Robotic & Automation Limited,AFFORDABLE.NS,-46.03,0.597,2.939,Yes
4064,Sunil Agro Foods Limited,SUNILAGR.BO,-26.2,0.295,0.699,Yes
4065,Shiv Texchem Limited,SHIVTEXCHEM.BO,-39.09,0.476,0.175,Yes
4066,Universal Autofoundry Limited,UNIAUTO.BO,-36.6,0.432,1.487,Yes
4067,Davangere Sugar Company Limited,DAVANGERE.NS,-38.17,0.455,0.234,No
4068,Advent Hotels International Limited,ADVENTHTL.BO,-42.95,0.525,2.993,Yes
4069,Vibhor Steel Tubes Limited,VSTL.NS,-30.38,0.341,1.178,Yes
4070,Chemplast Sanmar Limited,CHEMPLASTS.BO,-26.09,0.285,0.388,Yes
4071,Chemplast Sanmar Limited,CHEMPLASTS.NS,-26.11,0.284,0.407,Yes
4072,Saraswati Saree Depot Limited,SSDL.NS,-34.42,0.391,1.65,Yes
4073,Lesha Industries Limited,LESHAIND.BO,-37.64,0.434,1.338,Yes
4074,Dharan Infra-EPC Limited,DHARAN.BO,-48.47,0.603,0.129,No
4075,Saraswati Saree Depot Limited,SSDL.BO,-34.51,0.388,1.686,Yes
4076,Vibhor Steel Tubes Limited,VSTL.BO,-30.73,0.337,1.132,Yes
4077,Sprayking Limited,SPRAYKING.BO,-41.95,0.494,1.759,Yes
4078,Bajaj Housing Finance Limited,BAJAJHFL.NS,-24.7,0.26,1.492,Yes
4079,Bajaj Housing Finance Limited,BAJAJHFL.BO,-24.72,0.26,1.492,Yes
4080,Quint Digital Limited,QUINT.BO,-33.09,0.366,0.514,Yes
4081,Gian Life Care Limited,GIANLIFE.BO,-36.41,0.41,1.029,Yes
4082,Stanley Lifestyles Limited,STANLEY.BO,-38.09,0.433,1.723,Yes
4083,Hilton Metal Forging Limited,HILTON.NS,-44.59,0.528,1.422,No
4084,Solarworld Energy Solutions Limited,SOLARWORLD.NS,-49.9,0.612,2.566,Yes
4085,Stanley Lifestyles Limited,STANLEY.NS,-38.3,0.43,1.702,Yes
4086,Nettlinx Limited,NETTLINX.BO,-42.27,0.488,0.934,Yes
4087,GEM Enviro Management Limited,GEMENVIRO.BO,-44.44,0.517,2.01,Yes
4088,Hilton Metal Forging Limited,HILTON.BO,-44.73,0.519,1.442,No
4089,Solarworld Energy Solutions Limited,SOLARWORLD.BO,-52.39,0.644,2.763,Yes
4090,Kenvi Jewels Limited,KENVI.BO,-34.07,0.362,0.984,Yes
4091,Bajaj Electricals Limited,BAJAJELEC.NS,-30.53,0.317,1.108,Yes
4092,R & B Denims Limited,RNBDENIMS.NS,-62.11,0.822,1.626,Yes
4093,Takyon Networks Limited,TAKYON.BO,-53.22,0.638,1.85,Yes
4094,Supreme Holdings & Hospitality (India) Limited,SUPREME.NS,-39.8,0.415,1.727,Yes
4095,Gensol Engineering Limited,GENSOL.NS,-58.96,0.711,0.163,No
4096,Earthstahl & Alloys Limited,EARTH.BO,-35.28,0.353,0.249,Yes
4097,Navkar Urbanstructure Limited,NAVKARURB.NS,-51.89,0.583,1.026,Yes
4098,Gensol Engineering Limited,GENSOL.BO,-59.1,0.708,0.174,No
4099,A B Cotspin India Limited,ABCOTS.BO,-45.24,0.481,1.466,No
4100,EFC (I) Limited,EFCIL.NS,-35.55,0.352,1.401,Yes
4101,Sampat Aluminium Limited,SAMPAT.BO,-54.4,0.621,2.575,Yes
4102,Vedanta Aluminium Metal Limited,VAML.BO,-10.0,0.084,,
4103,Dolphin Kitchen Utencils and Appliances Limited,DKUAL.BO,-48.09,0.504,0.258,Yes
4104,Julien Agro Infratech Limited,JULIEN.BO,-46.59,0.479,0.32,No
4105,Procter & Gamble Hygiene and Health Care Limited,PGHH.NS,-21.6,0.183,0.798,Yes
4106,Safety Controls & Devices Limited,SCDL.BO,-43.32,0.413,0.813,No
4107,Swashthik Plascon Limited,SPL.BO,-41.55,0.388,0.785,Yes
4108,National Standard (India) Limited,NATIONSTD.BO,-59.2,0.63,0.026,No
4109,Highway Infrastructure Limited,HILINFRA.BO,-47.99,0.462,1.929,Yes
4110,Crizac Limited,CRIZAC.BO,-41.86,0.384,1.753,Yes
4111,Highway Infrastructure Limited,HILINFRA.NS,-48.09,0.461,1.949,Yes
4112,Crizac Limited,CRIZAC.NS,-41.92,0.378,1.702,Yes
4113,Safecure Services Limited,SAFECURE.BO,-53.0,0.505,2.171,Yes
4114,Nisus Finance Services Co Limited,NISUS.BO,-43.49,0.383,0.468,Yes
4115,Katare Spinning Mills Limited,KATRSPG.BO,-25.61,0.2,0.406,Yes
4116,Systematix Corporate Services Limited,SYSTMTXC.NS,-64.19,0.662,3.181,Yes
4117,Keerthi Industries Limited,KEERTHI.BO,-31.97,0.254,0.763,Yes
4118,Landmark Global Learning Limited,LGLL.BO,-58.19,0.556,2.068,Yes
4119,Vikram Solar Limited,VIKRAMSOLR.NS,-46.11,0.392,0.736,Yes
4120,Vikram Solar Limited,VIKRAMSOLR.BO,-46.08,0.39,0.719,Yes
4121,Horizon Reclaim (India) Limited,HORIZON.BO,-34.95,0.273,,
4122,SMR Jewels Limited,SMR.BO,-59.23,0.526,,
4123,Ganesh Consumer Products Limited,GANESHCP.NS,-38.72,0.29,0.714,Yes
4124,Rajoo Engineers Limited,RAJOOENG.NS,-51.14,0.418,1.632,Yes
4125,Aditya Birla Lifestyle Brands Limited,ABLBL.BO,-37.44,0.269,1.411,Yes
4126,Aditya Birla Lifestyle Brands Limited,ABLBL.NS,-37.48,0.268,1.404,Yes
4127,National Securities Depository Limited,NSDL.BO,-32.69,0.225,1.105,Yes
4128,K&R Rail Engineering Limited,KRRAIL.BO,-64.13,0.567,0.883,Yes
4129,DSM Fresh Foods Limited,ZAPPFRESH.BO,-63.86,0.541,2.674,Yes
4130,Vedanta Power Limited,VEDPOWER.BO,-53.54,0.398,,
4131,Vedanta Power Limited,VEDPOWER.NS,-53.57,0.397,,
4132,Vashishtha Luxury Fashion Limited,VASHISHTHA.BO,-67.85,0.551,0.277,Yes
4133,TCC Concept Limited,TCC.NS,-70.2,0.583,2.097,Yes
4134,Monika Alcobev Limited,MONIKA.BO,-45.72,0.292,0.113,Yes
4135,Rajnish Wellness Limited,RAJNISH.BO,-64.99,0.463,0.845,Yes
4136,Sunsky Logistics Limited,SUNSKY.BO,-62.22,0.408,0.327,No
4137,Kiaasa Retail Limited,KIAASA.BO,-53.88,0.283,0.702,Yes
4138,NSB BPO Solutions Limited,NSBBPO.BO,-46.99,0.217,0.646,No
4139,Innovision Limited,INNOVISION.NS,-31.92,0.133,0.496,Yes
4140,Shalibhadra Finance Limited,SAHLIBHFI.NS,-14.07,0.046,0.485,No
4141,Innovision Limited,INNOVISION.BO,-34.83,0.128,0.445,Yes
4142,Bombay Super Hybrid Seeds Limited,BSHSL.BO,-30.82,0.088,0.849,No
4143,Goldline Pharmaceutical Limited,GLPL.BO,-53.1,0.149,1.29,No
4144,M R Maniveni Foods Limited,MANIVENI.BO,-69.86,0.219,,
4145,Leapfrog Engineering Services Limited,LESL.BO,-29.92,0.05,,
4146,Elcid Investments Limited,ELCIDIN.NS,-36.66,0.042,0.183,Yes
4147,Axis Nifty500 Value 50 ETF,VALUEAXIS.NS,-12.95,,,
4148,Mirae Asset Investment Managers (India) Pvt Ltd.- Mirae Asset Nifty Smallcap 250 ETF,SMALL250.BO,32.71,,,
4149,Mirae Asset Nifty Smallcap 250 ETF,SMALL250.NS,36.32,,,
4150,Nippon India BSE Sensex Next 30 ETF,SNXT30BEES.NS,0.56,,,
4151,Silverstorm Parks and Resorts Limited,SSPRL.BO,-63.38,,,
4152,SBI BSE PSU Bank ETF,SBIBPB.NS,34.75,,,
4153,SBI Funds Management Limited,SBIFUNDS.BO,-21.55,,,
4154,SBI Funds Management Limited,SBIFUNDS.NS,-21.31,,,
4155,SBI NIFTY 1D Rate Liquid ETF - Growth,SBILIQETF.NS,4.64,,,
4156,Sampark India Logistics Limited,SILL.BO,-23.1,,,
4157,Rir Power Electronics Limited,RIR.NS,2.6,,,
4158,Riyaasat Lifestyle Limited,RIYAASAT.BO,20.64,,,
4159,Kotak Nifty Private Bank ETF,PVTBANK.NS,22.03,,,
4160,Kotak Nifty200 Quality 30 ETF,QUALITY30.NS,-1.71,,,
4161,Kotak Nifty 100 Equal Weight ETF,NIFTY100EW.NS,1.37,,,
4162,Zerodha Nifty 50 ETF,NIFTYCASE.BO,-7.13,,,
4163,Zerodha Nifty 50 ETF,NIFTYCASE.NS,-3.62,,,
4164,Kotak Nifty Midcap 150 ETF,MID150.NS,18.84,,,
4165,Kotak Nifty 200 Momentum 30 ETF,MOMENTUM30.NS,18.21,,,
4166,Mirae Asset BSE Midcap 150 Momentum 30 ETF,MOMMIDCAP.NS,62.16,,,
4167,Knack Packaging Limited,KNACK.BO,0.63,,,
4168,Knack Packaging Limited,KNACK.NS,1.27,,,
4169,Kusumgar Limited,KUSUMGAR.BO,-4.83,,,
4170,Kusumgar Limited,KUSUMGAR.NS,-2.84,,,
4171,Laser Power & Infra Limited,LASERPOWER.BO,74.9,,,
4172,Laser Power & Infra Limited,LASERPOWER.NS,79.32,,,
4173,Lohia Corp Limited,LCL.BO,42.43,,,
4174,Lohia Corp Limited,LCL.NS,43.34,,,
4175,Nippon India Nifty 1D Rate Liquid ETF,LIQGRWBEES.NS,4.38,,,
4176,UTI Nifty 1D Rate Liquid ETF - Growth,LIQUIDBETA.NS,5.12,,,
4177,Zerodha Nifty 8-13 Yr G-Sec ETF,LTGILTCASE.NS,-3.86,,,
4178,Nippon India Nifty India Manufacturing ETF,MANUFGBEES.NS,13.14,,,
4179,Jivial Industries Limited,JIVIAL.BO,73.2,,,
4180,HDFC Nifty Metal ETF,HDFCNIMEG.NS,61.16,,,
4181,Mirae Asset Nifty200 Momentum 30 Plus 8-13 yr G-Sec 50 50 ETF,HYBRIDETF.NS,11.14,,,
4182,GROWW MUTUAL FUND  PERMITTED,GROWWRAIL.BO,-29.93,,,
4183,Edelweiss Nifty LargeMidcap 250 ETF,ELM250.NS,31.06,,,
4184,Edelweiss Nifty Metal ETF,EMETAL.NS,40.51,,,
4185,Edelweiss Nifty 50 ETF,ENIFTY.NS,-14.97,,,
4186,Edelweiss BSE Sensex ETF,ESENSEX.NS,-25.29,,,
4187,ICICI Prudential Nifty EV & New Age Automotive ETF,EVIETF.NS,31.18,,,
4188,Dsp Mutual Fund - Dsp Nifty500 Flexicap Quality 30 Index Fund,FLEXIADD.BO,11.08,,,
4189,DSP Nifty500 Flexicap Quality 30 ETF,FLEXIADD.NS,-2.33,,,
4190,Caliber Mining and Logistics Limited,CMLL.BO,-69.94,,,
4191,Caliber Mining and Logistics Limited,CMLL.NS,-69.03,,,
4192,Captain Polyplast Limited,CPL.NS,-68.68,,,
4193,Crazy Snacks Limited,CRAZY.BO,-61.73,,,
4194,CSM Technologies Limited,CSM.BO,-61.58,,,
4195,CSM Technologies Limited,CSM.NS,-61.4,,,
4196,Groww Nifty Cements ETF,CEMNTGROWW.NS,-33.01,,,
4197,Kotak Nifty Chemicals ETF,CHEMICAL.NS,-3.52,,,
4198,Bajaj Finserv BSE Top 10 Banks ETF,BANK10BETF.NS,-9.82,,,
4199,Adon Agro Commodities Limited,ADON.BO,32.05,,,
4200,Kotak Mahindra Mutual Fund - P,ALPHA.BO,98.43,,,
