Rank,Name,Ticker,Return (%),Risk,Volatility,Follows Market Direction ?
1,MINT Income Fund,MICFF,8.9,0.0,0.0,No
2,Oceanhawk Acquisition Corp,OHAC,3.69,0.0,,
3,Mountain Crest Acquisition 6 Corp.,MCAH,4.94,0.0,,
4,Alki Consolidated Income ETF,IINC,38.42,0.001,,
5,Cohen & Steers Future of Energy Active ETF,CSEN,68.55,0.007,,
6,Proshares Genius Money Market ETF,IQMM,3.62,0.0,0.001,No
7,NYLI Investment Grade CLO ETF,CLOO,5.08,0.001,0.001,No
8,Pacer Barings CLO Market Flex ETF,AAAP,7.73,0.002,,
9,Simplify Government Money Market ETF,SBIL,3.84,0.001,0.003,Yes
10,State Street SPDR Portfolio Ultra Short T-Bill ETF,SPTU,3.68,0.001,0.001,No
11,F/M Accumulator Ultrashort U.S. Treasury Fund,SGVA,3.46,0.001,,
12,Vanguard Target Maturity 2027 Corporate Bond ETF,VBCA,4.15,0.002,0.009,Yes
13,HCM Large Cap Growth ETF,AQLG,25.62,0.01,,
14,Collective Acquisition Corp. II,CAII,5.58,0.002,,
15,Long Table Growth Corp.,LTGRU,5.52,0.002,,
16,Breeze Acquisition Corp. II,BREZ,5.57,0.003,,
17,Jpmorgan 100% U.S. Treasury Securities Money Market ETF,JMMF,3.5,0.002,0.006,No
18,GMO ULTRA SHORT INCOME ETF,GMOC,4.26,0.002,0.002,Yes
19,DoubleLine Ultrashort Income ETF,DLUX,4.23,0.002,0.015,Yes
20,JAB Acquisition Corp I Unit,ATLQU,4.26,0.002,,
21,T. Rowe Price Capital Appreciation Market Opportunities ETF,TPUT,5.68,0.003,,
22,Dividend Growth Split Corp.,DDWWF,32.04,0.02,0.018,No
23,National Bank of Greece S.A.,NBGRY,81.43,0.048,,
24,Plutonian Acquisition Corp II,PLUN,6.18,0.005,,
25,CH4 Natural Solutions Corporation,MTNE,3.08,0.003,,
26,Invesco Bulletshares 2027 Treasury Bond ETF,BSGR,4.36,0.004,,
27,Fidelity Enhanced Mid Cap Value,FEMV,33.51,0.029,0.137,No
28,Thrivent International Large Cap ETF,TILC,13.49,0.013,,
29,Invesco Bulletshares 2028 Treasury Bond ETF,BSTS,2.35,0.002,,
30,Vanguard Target Maturity 2028 Corporate Bond ETF,VBCB,3.17,0.003,0.016,Yes
31,Janus Henderson AA-A CLO ETF,JA,5.45,0.006,0.026,Yes
32,Franklin BSP CLO ETF,YCLO,5.73,0.006,,
33,Silver Pegasus Acquisition Corp.,SPEG,4.39,0.005,0.004,Yes
34,Burtech Acquisition Corp II,BRKHU,4.47,0.005,0.033,Yes
35,Disciplined Growth Acquisition Corporation,DGAC-UN,4.48,0.005,0.005,No
36,FortuneX Acquisition Corporation,FXACU,8.25,0.01,0.143,Yes
37,Columbia AAA CLO ETF,AAAC,4.98,0.006,0.029,Yes
38,Fidelity Short-Term Bond Fund ETF,FSTB,1.69,0.002,,
39,Vernal Capital Acquisition Corp.,VECA,4.09,0.005,0.004,Yes
40,Hennessy Capital Investment Corp. VIII,HCIC,4.45,0.006,0.014,No
41,Vaneck Healthcare TruSector ETF,TRUH,61.62,0.07,0.381,No
42,GigCapital9 Corp.,GIX,3.95,0.006,0.022,Yes
43,"Aldabra 4 Liquidity Opportunity Vehicle, Inc.",ALOV,3.95,0.006,0.032,Yes
44,FT Vest Laddered Autocallable Barrier & Resilient Income ETF,ACYS,8.56,0.012,0.11,Yes
45,Goldman Sachs Data Enhanced International Equity ETF,GIEQ,18.61,0.026,0.319,Yes
46,Paloma Acquisition Corp I,PALO,3.38,0.005,0.005,Yes
47,Pzena U.S. Large Cap Value ETF,PZLV,56.55,0.072,0.334,No
48,Drugs Made In America Acquisition Corp.,DMAA,5.15,0.008,0.011,Yes
49,Zacks Income ETF,ZINC,20.58,0.03,,
50,Blueport Acquisition Ltd,BPAC,3.55,0.006,0.011,Yes
51,Idea Acquisition Corp.,IACO,4.01,0.007,0.032,Yes
52,Lakeshore Acquisition III Corp.,LCCC,3.99,0.007,0.015,Yes
53,Peace Acquisition Corp,PECE,4.31,0.007,,
54,XFLH Capital Corporation,XFLH,4.19,0.007,0.036,Yes
55,FT Vest Laddered Autocallable Barrier & Income ETF,ACYN,15.39,0.025,0.082,Yes
56,YHN Acquisition I Limited,YHNA,5.59,0.01,0.012,Yes
57,Thayer Ventures Acquisition Corporation II,TVAI,3.41,0.006,0.012,Yes
58,Guggenheim Ultra Short Income ETF,GCSH,3.55,0.006,,
59,Bread Financial Holdings Inc,BFH-PA,14.41,0.024,0.072,Yes
60,Harvard Ave Acquisition Corporation,HAVA,4.26,0.008,0.015,Yes
61,The Gabelli Global Utility & Income Trust,GLU-PB,5.11,0.009,0.027,No
62,Wintergreen Acquisition Corp.,WTG,5.06,0.009,0.003,No
63,Rayliant NxtGen Multifactor International Equity ETF,RWIN,23.8,0.041,0.087,No
64,Globa Terra Acquisition Corporation,GTERA,4.07,0.008,0.005,Yes
65,Future Money Acquisition Corporation,FMAC,3.66,0.007,0.025,Yes
66,Pacer Barings Secured Credit Flex ETF,PBSC,6.61,0.012,,
67,Man Active Income ETF,MANI,9.41,0.018,0.109,Yes
68,NMP Acquisition Corp.,NMP,4.52,0.009,0.001,No
69,Shreya Acquisition Group,SAGU,4.53,0.009,0.046,Yes
70,Crown Reserve Acquisition Corp. I,CRAC,3.65,0.007,0.028,Yes
71,"WhiteHorse Finance, Inc. 7.875% Notes due 2028",WHFCL,8.75,0.017,0.059,Yes
72,Quantum Leap Acquisition Corp,QLEP,4.93,0.01,,
73,iShares 0-1 Year TIPS Bond ETF,ICPI,4.4,0.009,0.001,Yes
74,Inflection Point Acquisition Corp. V,IPEX,4.8,0.01,0.019,Yes
75,Armada Acquisition Corp. III,AACI,4.44,0.009,0.044,Yes
76,Oxford Lane Capital Corp. 5.00% Notes due 2027,OXLCZ,9.15,0.019,0.082,Yes
77,Reckoner BBB-B CLO Annual ETF,RCLY,12.13,0.025,0.088,Yes
78,Wisdomtree International Adaptive Moving Average Fund,WIMA,34.52,0.066,0.37,Yes
79,Aeon Acquisition I Corp.,AESPU,7.98,0.017,,
80,Fortress Value Acquisition Corp. V,FVAV,4.25,0.009,0.019,Yes
81,Charlton Aria Acquisition Corporation,CHAR,5.94,0.013,0.03,Yes
82,Reckoner BBB-B CLO Reinvesting ETF,RCLR,11.97,0.025,0.086,Yes
83,HCM IV Acquisition Corp.,HACQ,3.98,0.009,0.021,Yes
84,Westin Acquisition Corp,WSTN,4.13,0.009,0.025,Yes
85,ACP Holdings Acquisition Corp.,ACGC,3.27,0.007,0.054,No
86,AmperCap Acquisition Company,APMC,5.59,0.012,,
87,SMART Mid Cap ETF,SMCP,53.0,0.098,0.853,Yes
88,Insight Digital Partners II,DYOR,2.98,0.007,0.032,Yes
89,Tavia Acquisition Corp.,TAVI,4.71,0.011,0.014,Yes
90,ClearThink 1 Acquisition Corp.,CTAAU,2.63,0.006,0.004,Yes
91,StoneBridge Acquisition II Corporation,APAC,4.61,0.01,0.02,Yes
92,Variant Perception Cycle Aware US Equity ETF,VPX,83.01,0.143,0.842,Yes
93,Stellar V Capital Corp.,SVCC,4.79,0.011,0.035,Yes
94,Jackson Acquisition Company II,JACS,4.95,0.011,0.012,No
95,Alpex Acquisition Corporation,ALPXU,8.69,0.02,,
96,Siddhi Acquisition Corp.,SDHI,3.38,0.008,0.015,No
97,SPACSphere Acquisition Corp.,SSAC,4.3,0.01,0.005,Yes
98,Lake Superior Acquisition Corp.,LKSP,3.92,0.009,0.023,Yes
99,MSCI ACWI exAU/CONSUMER GRTR US,RWAYL,9.16,0.021,0.069,Yes
100,Praetorian Acquisition Corp.,PTOR,4.97,0.012,0.049,Yes
101,Thrivent International Small Cap ETF,TISC,34.53,0.074,,
102,Apogee Acquisition Corp,AACP,4.92,0.012,0.125,Yes
103,Archimedes Tech SPAC Partners III Co.,ARCI,7.23,0.018,0.002,Yes
104,SPACSphere Acquisition Corp.,SSACU,3.4,0.009,0.018,Yes
105,Bitcoin Infrastructure Acquisition Corp Ltd.,BIXI,3.84,0.01,0.027,Yes
106,AAM Crescent Clo ETF,CLOC,5.38,0.013,0.075,Yes
107,Patriot Acquisition Corp.,PTACU,3.66,0.009,0.012,No
108,Infinite Eagle Acquisition Corp.,IEAG,5.62,0.014,0.063,No
109,Launch Two Acquisition Corp.,LPBB,4.86,0.012,0.001,Yes
110,Quartzsea Acquisition Corporati,QSEA,4.86,0.012,0.007,No
111,Quantumsphere Acquisition Corporation,QUMS,4.06,0.01,0.005,Yes
112,Drugs Made In America Acquisition II Corp.,DMII,3.82,0.01,0.038,Yes
113,Willow Lane Acquisition Corp. II,WLII,7.05,0.018,0.087,Yes
114,Cayson Acquisition Corp,CAPN,6.85,0.017,0.072,No
115,Chenghe Acquisition III Co.,CHEC,3.63,0.009,0.001,No
116,Man Active High Yield ETF,MHY,9.76,0.025,0.095,Yes
117,Muzero Acquisition Corp,MUZE,3.45,0.009,0.006,No
118,"RiverNorth/DoubleLine Strategic Opportunity Fund, Inc.",OPP-PC,9.32,0.024,0.012,No
119,Vanguard Target Maturity 2029 Corporate Bond ETF,VBCC,2.28,0.006,0.022,Yes
120,GP-Act III Acquisition Corp.,GPAT,4.29,0.011,0.002,No
121,NewHold Investment Corp IV,NHIV,7.43,0.02,,
122,"Vallant Financial, Inc.",VLNT,19.04,0.048,,
123,Melar Acquisition Corp. I,MACI,4.56,0.012,0.006,Yes
124,Apex Tech Acquisition Inc.,TRAD-UN,6.31,0.017,0.022,Yes
125,Calisa Acquisition Corp,ALIS,4.07,0.011,0.039,Yes
126,Eagle Point Income Company,EICA,8.69,0.024,0.095,Yes
127,"Janus Living, Inc.",JAN,80.82,0.172,0.347,Yes
128,Pzena International Value ETF,PZIV,45.72,0.109,0.409,Yes
129,K&F Growth Acquisition Corp. II,KFII,4.85,0.014,0.023,Yes
130,"OFS Credit Company, Inc.",OCCIN,10.12,0.028,0.06,Yes
131,Kensington Capital Acquisition Corp. VI,KCAC-UN,8.34,0.023,0.067,Yes
132,Miluna Acquisition Corp,MMTX,3.91,0.011,0.026,Yes
133,Spring Valley Acquisition Corp. IV,SVIV,8.24,0.023,0.092,Yes
134,Saratoga Investment Corp 8.125%,SAY,8.65,0.024,0.098,Yes
135,"Alpine Income Property Trust, Inc.",PINE-PA,7.43,0.021,0.017,Yes
136,Graniteshares Autocallable Hood ETF,AHD,44.27,0.108,1.605,Yes
137,Copley Acquisition Corp,COPL,3.82,0.011,0.038,Yes
138,Zacks Preferred Income ETF,PRIZ,5.24,0.015,,
139,Oxley Bridge Acquisition Limited,OBA,3.62,0.01,0.016,Yes
140,FACT II Acquisition Corp,FACT,4.78,0.014,0.044,Yes
141,Great Elm Capital Corp. 8.50% NOTES DUE 2029,GECCI,9.23,0.026,0.047,No
142,Eagle Point Credit Company Inc.,ECCU,9.72,0.028,0.12,Yes
143,DT Cloud Star Acquisition Corporation,DTSQ,6.88,0.02,0.007,No
144,Social Commerce Partners Corporation,SCPQ,2.44,0.007,0.017,Yes
145,Starry Sea Acquisition Corp,SSEA,3.74,0.011,0.018,Yes
146,SC II Acquisition Corp.,SCII,3.39,0.01,0.015,Yes
147,"MFA Financial, Inc. 8.875% Seni",MFAN,9.82,0.029,0.101,Yes
148,Newbury Street II Acquisition Corp,NTWO,6.14,0.018,0.052,Yes
149,"CSLM Digital Asset Acquisition Corp III, Ltd",KOYN,3.36,0.01,0.037,Yes
150,JATT II Acquisition Corp.,JATT,55.21,0.139,1.347,No
151,Nuveen Securitized Income ETF,NSCI,4.93,0.015,0.049,Yes
152,AA Mission Acquisition Corp. II,YCY,4.13,0.013,0.031,Yes
153,"Sound Point Meridian Capital, Inc.",SPMA,8.99,0.027,0.152,Yes
154,General Catalyst Global Resilience Merger Corp.,GCGR,5.48,0.017,,
155,AI Infrastructure Acquisition Corp.,AIIA,4.2,0.013,0.016,Yes
156,EQV Ventures Acquisition Corp. II,EVAC,3.49,0.011,0.034,Yes
157,Indigo Acquisition Corp.,INAC,3.39,0.011,0.023,No
158,SWK Holdings Corporation 9.00% Senior Notes due 2027,SWKHL,10.0,0.031,0.022,No
159,Miller Convertible Total Return ETF,MCVT,34.69,0.098,0.382,Yes
160,Oyster Enterprises II Acquisition Corp,OYSE,3.61,0.012,0.033,Yes
161,American Drive Acquisition Company,ADAC,3.67,0.012,0.016,Yes
162,Kochav Defense Acquisition Corp.,KCHV,3.39,0.011,0.014,Yes
163,Saratoga Investment Corp 8.50% ,SAZ,9.31,0.03,0.103,Yes
164,"TPG Mortgage Investment Trust, ",MITN,10.79,0.034,0.128,Yes
165,Pearl Diver Credit Company Inc.,PDPA,9.35,0.03,0.112,Yes
166,Eagle Point Institutional Income Fund,EIIA,9.44,0.03,0.12,Yes
167,Oxford Lane Capital Corp.,OXLCI,8.63,0.028,0.067,Yes
168,Andretti Acquisition Corp. II,POLE,4.85,0.016,0.021,Yes
169,Highview Merger Corp.,HVMC,3.26,0.011,0.056,Yes
170,Triton International Limited,TRTN-PA,10.5,0.034,0.007,No
171,FG Imperii Acquisition Corp.,FGII,2.44,0.008,0.016,No
172,The Bank of New York Mellon Corporation,BNY,64.0,0.173,0.921,Yes
173,FS Bancorp,FXLG,31.0,0.094,0.067,Yes
174,SIM Acquisition Corp. I,SIMA,5.01,0.017,0.003,No
175,Graf Global Corp.,TONT,4.27,0.014,0.019,Yes
176,GasLog Partners LP,GLOP-PC,10.52,0.035,0.024,Yes
177,Wisdomtree U.S. Adaptive Moving Average Fund,WAMA,32.78,0.099,0.543,Yes
178,Saratoga Investment Corp 8.00% ,SAJ,8.74,0.029,0.068,Yes
179,Trinity Capital Inc.,TRNZ,8.39,0.028,0.018,No
180,Translational Development Acquisition Corp.,TDAC,5.4,0.018,0.011,Yes
181,MFS Active International Value ETF,MIVL,42.82,0.125,,
182,"OFS Credit Company, Inc.",OCCIM,8.8,0.029,0.097,Yes
183,Collective Acquisition Corp.,CCAQ,4.26,0.015,0.017,Yes
184,Danske Bank A/S,DNKEY,50.81,0.146,0.328,Yes
185,SuRo Capital Corp. 6.00% Notes due 2026,NSLRL,8.93,0.03,0.041,Yes
186,State Street Short Duration Ig Public & Private Credit ETF,PRSD,3.45,0.012,0.06,Yes
187,Soulpower Acquisition Corporation,SOUL,4.45,0.015,0.051,Yes
188,Vaneck Financials TruSector ETF,TRUF,37.23,0.113,1.068,No
189,Worth Charting Options Income ETF,WRTH,15.89,0.052,0.311,No
190,YieldMax U.S. Stocks Target Double Distribution ETF,DDDD,32.99,0.102,0.23,Yes
191,DCC Energy plc,DCCPY,63.35,0.177,,
192,Vine Hill Capital Investment Corp. II,VHCP,3.26,0.011,0.04,Yes
193,"CoastalSouth Bancshares, Inc.",COSO,24.92,0.079,0.024,No
194,iShares IV Public Limited Company - iShares $ Short Duration Corporate Bond UCITS ETF,ISHFF,5.43,0.019,0.076,Yes
195,Vendome Acquisition Corporation I,VNME,3.75,0.013,0.056,Yes
196,Millicom International Cellular S.A.,TIGO,102.91,0.258,0.078,Yes
197,"Tweedy, Browne International Insider + Value ETF",ICPY,36.6,0.113,0.335,Yes
198,"MFA Financial, Inc. 9.000% Seni",MFAO,9.37,0.032,0.14,Yes
199,Oxford Lane Capital Corp.,OXLCN,11.59,0.039,0.107,Yes
200,DBS Group Holdings Ltd,DBSDY,49.24,0.146,0.354,Yes
201,Banco BPM S.p.A.,BNNCY,61.06,0.175,0.465,Yes
202,"Ramaco Resources, Inc.",METCI,8.77,0.031,0.174,Yes
203,Carlyle Credit Income Fund,CCID,6.95,0.024,0.026,Yes
204,"NewtekOne, Inc. 8.00% Fixed Rate Senior Notes due 2028",NEWTI,10.2,0.036,0.099,Yes
205,D. Boral Acquisition I Corp.,DBCA,3.7,0.013,0.026,Yes
206,Abony Acquisition Corp. I,AACO,2.14,0.008,0.044,No
207,SunocoCorp LLC,SUNC,81.91,0.225,0.047,Yes
208,Spring Valley Acquisition Corp. IV,SVIVU,5.86,0.021,0.035,No
209,Rithm Capital Corp.,RITM-PA,14.43,0.05,0.118,Yes
210,Superior Plus Corp.,SPRPY,5.15,0.019,0.011,No
211,"NewtekOne, Inc. 8.50% Fixed Rate Senior Notes due 2029",NEWTG,9.86,0.035,0.162,Yes
212,Twelve Seas Investment Company III,TWLV,3.51,0.013,0.062,Yes
213,Chimera Investment Corporation ,CIMN,9.9,0.035,0.165,Yes
214,Brookfield Infrastructure Partners L.P.,BRIPF,11.67,0.041,0.03,Yes
215,GalaxyEdge Acquisition Corporation,GLED-UN,3.14,0.012,0.045,Yes
216,Cohen & Steers Short Duration Preferred And Income Active ETF,CSSD,5.5,0.02,0.093,Yes
217,Morgan Stanley,MS-PE,6.67,0.024,0.057,Yes
218,"Central Bancompany, Inc.",CBC,55.47,0.169,0.687,Yes
219,Tsakos Energy Navigation Limited,TEN-PE,10.65,0.038,0.065,Yes
220,Tailwind 2.0 Acquisition Corp.,TDWD,3.84,0.014,0.062,Yes
221,Chimera Investment Corporation,CIMO,9.57,0.035,0.161,Yes
222,Fidelity Enhanced Small Cap Val,FSEV,21.29,0.074,0.223,No
223,Churchill Capital Corp XII,CXIIU,28.16,0.095,0.684,No
224,Starlink AI Acquisition Corporation,OTAI-UN,2.4,0.009,0.074,Yes
225,Flag Ship Acquisition Corporation,FSHP,7.52,0.028,0.004,Yes
226,PennyMac Mortgage Investment Tr,PMTU,10.42,0.038,0.075,Yes
227,Bank of Botetourt,BORT,29.26,0.1,0.145,Yes
228,Vital Healthcare Property Trust,VTHPF,14.12,0.051,0.046,Yes
229,Great Elm Capital Corp. - 8.125,GECCH,8.72,0.032,0.053,No
230,Art Technology Acquisition Corp.,ARTC,2.87,0.011,0.045,Yes
231,Sizzle Acquisition Corp. II,SZZL,4.3,0.016,0.028,Yes
232,GasLog Partners LP,GLOP-PB,11.08,0.041,0.133,No
233,Eagle Point Credit Company Inc.,ECCV,10.66,0.04,0.148,Yes
234,Apex Treasury Corporation,APXT,3.4,0.013,0.054,Yes
235,Colombier Acquisition Corp. III,CLBR,4.61,0.018,0.012,No
236,OFS Capital Corporation,OFSSO,7.93,0.03,0.013,Yes
237,Ellington Financial Inc.,EFC-PB,17.71,0.065,0.113,Yes
238,SUMA Acquisition Corporation,SUMA,1.53,0.006,0.004,No
239,"New York Mortgage Trust, Inc. 9.125% Senior Notes Due 2029",ADAMI,8.6,0.033,0.088,Yes
240,General Purpose Acquisition Corp.,GPACU,2.41,0.009,0.044,Yes
241,Origin Investment Corp I,ORIQ,3.71,0.014,0.048,Yes
242,KRAKacquisition Corp.,KRAQ,3.2,0.012,0.004,No
243,Dynagas LNG Partners LP,DLNG-PA,14.34,0.054,0.018,Yes
244,ChampionsGate Acquisition Corporation,CHPG,4.11,0.016,0.055,Yes
245,PhenixFIN Corporation  5.25% Notes due 2028,PFXNZ,10.76,0.041,0.154,Yes
246,Intesa Sanpaolo S.p.A.,ISNPY,60.08,0.192,0.509,Yes
247,Emera Incorporated,EMICF,10.87,0.042,0.064,Yes
248,Assicurazioni Generali S.p.A.,ARZGY,45.46,0.153,0.454,Yes
249,ACRES Commercial Realty Corp.,ACR-PC,13.6,0.052,0.085,Yes
250,Sella Capital Real Estate Ltd.,STCPF,53.05,0.175,0.42,Yes
251,Rithm Capital Corp.,RITM-PB,14.46,0.055,0.181,Yes
252,"URSB Bancorp, Inc.",URSB,35.79,0.126,0.335,No
253,Lafayette Digital Acquisition Corp. I,ZKP,2.86,0.011,0.043,Yes
254,Morgan Stanley,MS-PF,7.16,0.028,0.087,Yes
255,Singapore Exchange Limited,SPXCY,47.99,0.162,0.201,Yes
256,OFS Capital Corporation 4.95% Notes due 2028,OFSSH,9.1,0.036,0.049,Yes
257,UniCredit S.p.A.,UNCRY,74.93,0.234,0.399,Yes
258,AO World plc,AOWDF,9.01,0.035,,
259,SATS Ltd.,SPASY,13.92,0.054,,
260,Forefront Tech Holdings Acquisition Corp.,FTHA,4.33,0.017,,
261,Keystone Acquisition Corp.,KEYY,2.46,0.01,,
262,ITHAX Acquisition Corp III,ITHA,2.09,0.008,0.019,Yes
263,Quasaredge Acquisition Corporation,QRED,4.09,0.016,0.13,Yes
264,Innovator Index Autocallable In,ACII,10.04,0.039,0.23,Yes
265,Lionheart Holdings,CUB,4.17,0.017,0.007,Yes
266,Dividend 15 Split Corp. II,DVDDF,55.29,0.184,0.345,Yes
267,Trinity Capital Inc.,TRNI,8.72,0.034,0.007,Yes
268,Cal Redwood Acquisition Corp.,CRAQ,3.35,0.014,0.05,Yes
269,Centurion Acquisition Corp.,ALF,4.43,0.018,0.018,Yes
270,SMART Small Cap ETF,SSCP,20.1,0.076,0.079,No
271,Rithm Property Trust Inc.,RPT-PC,10.19,0.04,0.158,Yes
272,First Farmers and Merchants Corporation,FFMH,39.31,0.139,0.306,Yes
273,Reckoner Yield Enhanced AAA CLO,RAAR,4.99,0.02,0.06,Yes
274,Tsakos Energy Navigation Limited,TEN-PF,11.46,0.046,0.131,Yes
275,Solarius Capital Acquisition Corp.,SOCA,4.07,0.017,0.021,Yes
276,NN Group N.V.,NNGRY,53.53,0.182,0.433,Yes
277,West Enclave Merger Corp.,WENC,3.69,0.015,0.088,No
278,"Angel Oak Mortgage REIT, Inc. 9",AOMD,10.04,0.04,0.132,Yes
279,Saratoga Investment Corp 6.00% ,SAT,9.5,0.038,0.055,Yes
280,"Central Plains Bancshares, Inc.",CPBI,35.91,0.131,0.185,Yes
281,"ACS, Actividades de Construcción y Servicios, S.A.",ACSAF,67.78,0.224,0.11,Yes
282,UniCredit S.p.A.,UNCFF,73.95,0.24,0.445,Yes
283,Range Capital Acquisition Corp II,RNGT,2.55,0.011,0.055,Yes
284,M Evo Global Acquisition Corp II,MEVO,3.28,0.014,0.041,Yes
285,Columbia Research Enhanced Mid Cap ETF,REMC,25.27,0.097,0.491,Yes
286,Erste Group Bank AG,EBKOF,72.87,0.238,0.37,Yes
287,Xsolla SPAC 1,XSLL,3.21,0.013,0.047,Yes
288,X3 Acquisition Corp. Ltd.,XCBE,3.71,0.016,0.017,Yes
289,Activate Energy Acquisition Corp.,AEAQ,3.32,0.014,0.07,Yes
290,DFA US Micro Cap Portfolio ETF Class,DFMC,50.63,0.178,0.517,Yes
291,Erste Group Bank AG,EBKDY,72.21,0.239,0.376,Yes
292,Invest Green Acquisition Corporation,IGAC,3.23,0.014,0.064,Yes
293,Dayton &amp; Michigan Railroad Co. PFD 8%,DMRRP,6.58,0.028,0.046,No
294,Oxford Lane Capital Corp.,OXLCO,10.95,0.045,0.22,Yes
295,General Purpose Acquisition Corp.,GPAC,2.08,0.009,0.034,Yes
296,Rolls-Royce Holdings plc,RYCEY,112.77,0.338,1.337,Yes
297,Fifth Era Acquisition Corp I,FERA,4.21,0.018,0.061,Yes
298,"Commercial Bancgroup, Inc.",CBK,50.72,0.182,0.415,Yes
299,Algonquin Power & Utilities Corp,AGQPF,11.54,0.048,0.091,No
300,Rolls-Royce Holdings plc,RYCEF,110.79,0.336,1.448,Yes
301,Plum Acquisition Corp. IV,PLMK,4.27,0.018,0.024,Yes
302,Meshflow Acquisition Corp.,MESH,2.61,0.011,0.043,Yes
303,Range Capital Acquisition Corp.,RANG,5.09,0.022,0.019,Yes
304,"Phoenix Energy One, LLC",PHXE-P,51.7,0.186,0.933,No
305,OneIM Acquisition Corp.,OIM,3.91,0.017,0.004,Yes
306,State Street Energy Select Sector SPDR Premium Income ETF,XLEI,37.81,0.143,0.534,No
307,Press Metal Aluminium Holdings Berhad,PSSMF,7.62,0.032,0.071,No
308,Invesco Global Equity Net Zero ETF,IQSZ,29.4,0.115,0.86,Yes
309,State Street Health Care Select Sector SPDR Premium Income ETF,XLVI,24.92,0.099,0.233,Yes
310,Brookfield Corporation,BRPSF,8.99,0.038,0.115,No
311,Enbridge Inc.,ENBHF,23.59,0.094,0.024,Yes
312,Safeguard Acquisition Corp.,SAC,2.96,0.013,0.041,Yes
313,"General American Investors Company, Inc.",GAM,29.94,0.117,0.809,Yes
314,FIGX Capital Acquisition Corp.,FIGX,3.1,0.014,0.06,Yes
315,National Bank of Canada,NBCDF,23.07,0.094,0.244,Yes
316,Brookfield Corporation,BKFOF,9.09,0.039,0.152,No
317,Vendome Acquisition Corporation I,VNMEU,2.73,0.012,0.018,No
318,Phoenix Financial Ltd.,IPHXF,21.76,0.089,0.135,Yes
319,"Adamas Trust, Inc. 9.250% Senior Notes Due 2031",ADAMO,9.26,0.04,0.169,Yes
320,"Adamas Trust, Inc.",ADAML,19.76,0.082,0.267,Yes
321,Bluerock Acquisition Corp.,BLRKU,3.48,0.015,0.028,No
322,Metals Acquisition Corp. II,MTAL,3.62,0.016,0.043,Yes
323,RRE Ventures Acquisition Corp.,RREV,1.63,0.007,0.055,Yes
324,ageas SA/NV,AGESY,39.03,0.151,0.227,Yes
325,McKinley Acquisition Corporation,MKLY,3.77,0.017,0.078,Yes
326,Tryg A/S,TGVSF,65.96,0.234,0.119,No
327,HOCHTIEF Aktiengesellschaft,HOCFF,80.13,0.274,0.381,Yes
328,"Adamas Trust, Inc.",ADAMH,11.49,0.05,0.171,Yes
329,HSBC Holdings plc,HSBC,51.59,0.193,0.368,Yes
330,Inari Amertron Berhad,INZRF,9.96,0.043,0.127,No
331,Wells Fargo Advantage Funds - Allspring Global Dividend Opportunity Fund,EOD,30.61,0.124,0.799,Yes
332,Rithm Capital Corp.,RITM-PD,15.98,0.069,0.173,Yes
333,George Weston Limited,WNGPF,8.72,0.039,0.088,No
334,Telekom Malaysia Berhad,MYTEF,55.25,0.207,0.518,No
335,Royal Bank of Canada,RYLBF,15.44,0.067,0.07,Yes
336,Thomson Reuters Corp,TMSOF,6.57,0.029,0.059,No
337,"Banco Bilbao Vizcaya Argentaria, S.A.",BBVA,69.44,0.249,0.562,Yes
338,Oxford Square Capital Corp.,OXSQH,7.62,0.034,0.183,Yes
339,"RiverNorth Capital and Income Fund, Inc.",RSF,10.67,0.047,0.089,Yes
340,"American Healthcare REIT, Inc.",AHR,88.12,0.3,0.735,Yes
341,Pembina Pipeline Corporation,PMBPF,28.31,0.117,0.208,Yes
342,Voya Global Advantage and Premium Opportunity Fund,IGA,22.04,0.093,0.343,Yes
343,Weitz Short Duration Bond ETF,WSDB,1.72,0.008,0.012,Yes
344,Keyera Corp.,KEYRY,2.11,0.01,0.037,No
345,GigCapital8 Corp.,GIW,2.61,0.012,0.043,Yes
346,IB Acquisition Corp.,IBAC,4.02,0.018,0.002,No
347,Crystal Valley Financial Corporation,CYVF,14.33,0.063,0.067,Yes
348,Deutsche Bank Aktiengesellschaft,DB,65.15,0.24,0.621,Yes
349,TGE Value Creative Solutions Corp,BEBE,1.63,0.008,0.018,Yes
350,Titan Acquisition Corp,TACH,3.49,0.016,0.042,Yes
351,Angel Oak Financial Strategies Income Term Trust,FINS,13.36,0.059,0.101,Yes
352,LaFayette Acquisition Corp.,LAFA,3.39,0.016,0.044,Yes
353,Pyrophyte Acquisition Corp. II,PAII,3.63,0.017,0.004,No
354,AAM Todd International Intrinsic Value ETF,TIIV,27.53,0.116,0.437,Yes
355,ReSolve Energie Inc.,QNBMF,4.99,0.023,0.005,Yes
356,Oxford Square Capital Corp. 5.50% Notes due 2028,OXSQG,9.62,0.044,0.158,Yes
357,"PFS Bancorp, Inc.",PFSB,37.57,0.153,0.333,Yes
358,Horizon Technology Finance Corp,HTFC,7.49,0.034,0.033,Yes
359,Towle Value ETF,TCV,38.97,0.159,0.785,Yes
360,FIS Faith Income ETF,FTHB,5.34,0.025,0.123,Yes
361,Vibra Energia S.A.,VBREY,91.1,0.318,0.597,No
362,"Banco Santander, S.A.",SAN,69.24,0.257,0.429,Yes
363,Hiscox Ltd,HCXLY,72.68,0.267,0.313,No
364,SilverBox Corp V,SBXE,3.49,0.016,0.002,Yes
365,White Pearl Acquisition Corp.,WPAC,3.49,0.016,0.064,Yes
366,"Redwood Trust, Inc. 9.125% Seni",RWTN,9.0,0.041,0.153,Yes
367,Bank of China Limited,BACHY,39.37,0.161,0.254,No
368,Oxford Lane Capital Corp. 7.95% Notes due 2032,OXLCG,9.13,0.042,0.148,Yes
369,Black Hawk Acquisition Corporation,BKHA,7.74,0.036,0.041,Yes
370,"TPG Mortgage Investment Trust, Inc.",MITT-PC,21.41,0.094,0.443,Yes
371,"Avidia Bancorp, Inc.",AVBC,46.57,0.187,0.507,No
372,Rayliant NxtGen Multifactor US Equity ETF,RWLC,26.62,0.115,0.85,Yes
373,Enbridge Inc.,ENBNF,20.12,0.089,0.099,Yes
374,John Hancock Disciplined Value Select ETF,JDVL,28.2,0.121,0.752,Yes
375,BankFirst Capital Corporation,BFCC,39.64,0.163,0.739,Yes
376,Enbridge Inc.,EBGEF,16.22,0.073,0.146,Yes
377,Gladstone Investment Corporation,GAINI,6.87,0.032,0.096,Yes
378,NN Group N.V.,NNGPF,53.05,0.209,0.551,Yes
379,Triton International Limited,TRTN-PB,9.41,0.044,0.083,Yes
380,Commercial National Financial Corporation,CEFC,33.56,0.142,0.31,Yes
381,Intesa Sanpaolo S.p.A.,IITSF,59.95,0.233,0.672,Yes
382,Raiffeisen Bank International AG,RAIFY,100.72,0.349,0.907,Yes
383,"Community Heritage Financial, Inc.",CMHF,42.35,0.175,0.234,Yes
384,DPM Metals Inc.,DPMLF,112.58,0.38,0.093,Yes
385,GSR V Acquisition Corp.,GSRVU,29.3,0.127,0.547,No
386,Banca Mediolanum S.p.A.,BNCDY,60.9,0.237,0.678,Yes
387,Emmis Acquisition Corp.,EMIS,3.4,0.016,0.04,Yes
388,"Benchmark Bankshares, Inc.",BMBN,29.9,0.13,0.007,Yes
389,Nordea Bank Abp,NRDBY,35.57,0.151,0.314,Yes
390,"STRATS Trust for Goldman Sachs Group Securities, Series 2006-2",GJS,8.48,0.04,0.009,Yes
391,FINQ DOLLAR NEUTRAL U.S. Large Cap AI-Managed Equity ETF,AINT,76.48,0.286,0.949,Yes
392,Atlanticus Holdings Corporation 9.25% Senior Notes due 2029,ATLCZ,10.48,0.049,0.131,Yes
393,Century Next Financial Corporation,CTUY,41.86,0.175,0.265,Yes
394,CH4 Natural Solutions Corporation,MTNE-UN,0.4,0.002,0.008,No
395,Banco Hipotecario SA,BHPTY,8.9,0.042,0.001,No
396,Octave Intelligence plc,OCTV,88.82,0.323,2.936,Yes
397,Innovator U.S. Small Cap Managed 10 Buffer ETF,KBFR,22.53,0.101,0.233,Yes
398,,INBKZ,15.12,0.07,0.281,Yes
399,ABN AMRO Bank N.V.,AAVMY,67.63,0.262,0.662,Yes
400,Welltower Inc.,WELL,49.52,0.203,0.343,Yes
401,"Navitas Petroleum, Limited Partnership",NVPTF,61.13,0.242,0.464,Yes
402,Zotefoams plc,ZTFMF,42.63,0.18,0.742,No
403,Ariston Holding N.V.,ARSTY,1.92,0.009,0.039,No
404,ACP Holdings Acquisition Corp.,ACGCW,14.18,0.067,0.274,No
405,Industrial and Commercial Bank of China Limited,IDCBY,35.99,0.156,0.191,No
406,Costamare Inc.,CMRE-PC,10.93,0.052,0.076,Yes
407,BEO Bancorp,BEOB,42.06,0.179,0.184,Yes
408,"Southern BancShares (N.C.), Inc.",SBNC,39.11,0.168,0.057,Yes
409,Lazard Active ETF Trust - Lazard International Dynamic Equity ETF,IDEQ,33.57,0.147,0.775,Yes
410,LightWave Acquisition Corp.,LWAC,3.52,0.017,0.044,No
411,HSBC Holdings plc,HBCYF,49.42,0.206,0.289,Yes
412,Extendicare Inc.,EXETF,90.01,0.333,0.831,Yes
413,DTF Tax-Free Income 2028 Term Fund Inc.,DTF,6.57,0.032,0.101,Yes
414,Power Corporation of Canada,PWCDF,46.6,0.197,0.679,Yes
415,BAWAG Group AG,BAWAY,88.5,0.33,0.446,Yes
416,Timothy Plan Free Cash Flow ETF,TPFC,56.5,0.231,2.604,Yes
417,Starry Sea Acquisition Corp,SSEAU,4.41,0.022,0.003,No
418,Grupo Cibest S.A.,CIB,86.06,0.323,0.082,No
419,Eagle Point Credit Company,ECCC,13.67,0.065,0.133,Yes
420,Bluerock Acquisition Corp.,BLRK,4.11,0.021,0.008,No
421,UMS Integration Limited,UMSSF,4.66,0.023,0.032,Yes
422,"Safe Bulkers, Inc.",SB-PC,9.9,0.048,0.041,Yes
423,First National Bank Alaska,FBAK,32.41,0.145,0.446,Yes
424,Taiwan Semiconductor Manufacturing Company Limited,TSM,80.95,0.311,1.391,Yes
425,Canadian Life Companies Split Corp.,CLSPF,83.39,0.319,0.875,Yes
426,RTX Corporation,RTX,49.8,0.211,0.055,No
427,ATCO Ltd.,ACLLF,35.39,0.157,0.162,No
428,"Mizuho Financial Group, Inc.",MZHOF,52.77,0.221,0.418,Yes
429,First Trust Active Factor International ETF,AFDM,24.06,0.112,0.474,Yes
430,"Adams Diversified Equity Fund, Inc.",ADX,31.62,0.143,1.075,Yes
431,The Bank of N.T. Butterfield & Son Limited,NTB,38.14,0.169,0.389,Yes
432,"Bankinter, S.A.",BKNIY,56.58,0.236,0.257,Yes
433,"Dynex Capital, Inc.",DX-PC,13.05,0.064,0.219,Yes
434,"Pioneer Bankcorp, Inc.",PBKC,36.65,0.164,0.033,No
435,Seapeak LLC,SEAL-PA,11.1,0.055,0.142,Yes
436,"Annaly Capital Management, Inc.",NLY-PI,11.44,0.056,0.181,Yes
437,Drugs Made In America Acquisition II Corp.,DMIIU,2.81,0.014,0.056,Yes
438,"ACS, Actividades de Construcción y Servicios, S.A.",ACSAY,57.59,0.241,0.268,Yes
439,BFC Capital Trust II PFD TR 7.20%,BANFP,8.89,0.044,0.063,No
440,"Chain Bridge Bancorp, Inc.",CBNA,51.37,0.22,0.197,Yes
441,"Annaly Capital Management, Inc.",NLY-PJ,11.35,0.056,0.178,Yes
442,"WesBanco, Inc.",WSBCO,8.27,0.042,0.168,Yes
443,Soren Acquisition Corp.,SORN,1.63,0.008,0.019,Yes
444,"Mizuho Financial Group, Inc.",MFG,54.02,0.23,0.71,Yes
445,Launchpad Cadenza Acquisition Corp I,LPCVU,1.81,0.009,0.035,Yes
446,"Fifth District Bancorp, Inc.",FDSB,33.23,0.152,0.202,Yes
447,Barclays PLC,BCS,62.47,0.26,1.074,Yes
448,"Banco Comercial Português, S.A.",BPCGF,82.88,0.325,0.256,Yes
449,"Banco Santander, S.A.",BCDRF,64.76,0.268,0.331,Yes
450,China Construction Bank Corporation,CICHY,40.34,0.181,0.067,No
451,"Aztec Land and Cattle Company, Limited",AZLCZ,81.11,0.32,0.193,No
452,Allianz SE,ALIZY,39.17,0.176,0.263,Yes
453,"Banco Bilbao Vizcaya Argentaria, S.A.",BBVXF,73.57,0.297,0.295,Yes
454,First Trust Active Factor Emerging Markets Fund,AFEM,27.84,0.131,0.711,Yes
455,"ConnectOne Bancorp, Inc.",CNOBP,22.49,0.108,0.514,Yes
456,KBC Group NV,KBCSY,46.55,0.205,0.639,Yes
457,DBS Group Holdings Ltd,DBSDF,49.28,0.215,0.359,Yes
458,Nuveen High Yield Corporate Bond ETF,NHYB,4.96,0.026,0.149,Yes
459,"First Ottawa Bancshares, Inc.",FOTB,40.65,0.183,0.182,Yes
460,National Bank of Greece S.A.,NBGIF,62.24,0.261,0.263,Yes
461,Swedbank AB (publ),SWDBY,43.8,0.195,0.51,Yes
462,Thornburg Income Builder Opportunities Trust,TBLD,24.8,0.118,0.54,Yes
463,WisdomTree Trust - WisdomTree GeoAlpha Opportunities Fund,OPPG,27.93,0.132,0.79,Yes
464,"NewtekOne, Inc.",NEWTP,11.98,0.06,0.168,Yes
465,Columbia Research Enhanced Small Cap ETF,RESM,35.0,0.161,0.723,Yes
466,Oconee Financial Corporation,OSBK,21.63,0.105,0.316,Yes
467,Banco BPM S.p.A.,BNCZF,99.82,0.378,1.177,Yes
468,Citigroup Inc.,C,58.05,0.248,1.193,Yes
469,ENB Financial Corp,ENBP,39.32,0.178,0.308,Yes
470,BELIMO Holding AG,BLMOY,96.6,0.369,1.272,Yes
471,Banca Monte dei Paschi di Siena S.p.A.,BMDPF,94.92,0.365,0.038,Yes
472,"Safe Bulkers, Inc.",SB-PD,10.13,0.052,0.056,No
473,Oxford Lane Capital Corp. 6.75% Notes due 2031,OXLCL,9.72,0.05,0.22,Yes
474,"Resona Holdings, Inc.",RSHGY,66.07,0.276,0.517,Yes
475,Transamerica Large Value Active ETF,TALV,26.82,0.128,0.621,Yes
476,"Foresight Financial Group, Inc.",FGFH,35.77,0.165,0.147,Yes
477,IGM Financial Inc.,IGIFF,42.78,0.193,0.848,Yes
478,Nuveen Mortgage and Income Fund,JLS,13.33,0.067,0.257,Yes
479,Oxford Bank Corporation,OXBC,13.0,0.066,0.01,Yes
480,Harbor ETF Trust - Harbor Multi-Asset Total Return ETF,MATR,17.04,0.085,0.603,Yes
481,Voya Global Equity Dividend and Premium Opportunity Fund,IGD,23.66,0.115,0.44,Yes
482,"Lake Shore Bancorp, Inc.",LSBK,38.94,0.179,0.514,Yes
483,Amphenol Corporation,APH,64.28,0.273,1.244,Yes
484,Corts Trust Peco Energy Capital Trust III,KTH,6.1,0.032,0.064,No
485,CMOC Group Limited,CMCLY,73.73,0.305,0.342,No
486,AIB Group plc,AIBGY,56.41,0.246,0.201,Yes
487,Credicorp Ltd.,BAP,56.22,0.246,0.282,Yes
488,"FB Bancorp, Inc.",FBLA,17.35,0.087,0.082,No
489,Voya Emerging Markets High Dividend Equity Fund,IHD,32.45,0.154,0.716,Yes
490,"The Goldman Sachs Group, Inc.",GS,55.91,0.245,1.366,Yes
491,Medallion Bank,MBNKO,14.43,0.074,0.077,Yes
492,Manulife Financial Corporation,MNLCF,21.01,0.104,0.133,Yes
493,Bladex Inc.,BLX,49.7,0.223,0.486,Yes
494,"Priority Income Fund, Inc.",PRIF-PL,10.58,0.055,0.08,Yes
495,BOC Hong Kong (Holdings) Limited,BHKLY,46.42,0.211,0.287,No
496,Eventide Large Cap Value ETF,ESLV,19.35,0.098,0.308,Yes
497,"Annaly Capital Management, Inc.",NLY-PF,10.58,0.055,0.195,Yes
498,Somerset Trust Holding Company,SOME,35.02,0.167,0.113,Yes
499,River City Bank,RCBC,44.11,0.203,0.202,Yes
500,JPMorgan Chase & Co.,JPM,41.6,0.194,0.927,Yes
501,BCE Inc.,BCPPF,10.09,0.053,0.045,No
502,ING Groep N.V.,ING,52.37,0.236,0.586,Yes
503,Artemis Gold Inc.,ARGTF,110.55,0.423,0.965,Yes
504,Beazley plc,BZLEY,13.87,0.072,0.277,No
505,Clough Global Dividend and Income Fund,GLV,20.97,0.106,0.522,Yes
506,"Mitsubishi UFJ Financial Group, Inc.",MUFG,45.48,0.21,0.446,Yes
507,Bank of Hawaii Corp,BOH-PB,9.31,0.049,0.1,Yes
508,Allianz SE,ALIZF,38.35,0.182,0.3,Yes
509,Central Securities Corporation,CET,22.84,0.115,0.78,Yes
510,"Adamas Trust, Inc.",ADAMG,9.18,0.049,0.2,Yes
511,Entergy Corporation,ETR,39.78,0.188,0.015,Yes
512,"Skyline Bankshares, Inc.",SLBK,42.49,0.199,0.059,Yes
513,FT Vest Autocallable Barrier & High Income ETF,ACYQ,29.67,0.146,,
514,"Bank of Communications Co., Ltd.",BKFCF,26.21,0.131,0.277,No
515,Singapore Exchange Limited,SPXCF,46.9,0.217,0.571,Yes
516,"Security Bancorp, Inc.",SCYT,33.08,0.161,0.194,No
517,"Boyle Bancorp, Inc.",BYLB,25.11,0.126,0.081,No
518,Canadian Imperial Bank of Commerce,CM,53.83,0.245,1.163,Yes
519,American Drive Acquisition Company,ADACU,3.96,0.022,0.005,Yes
520,Toyota Tsusho Corporation,TYHOY,92.68,0.378,0.427,Yes
521,Alaris Equity Partners Income Trust,ADLRF,35.16,0.171,0.244,Yes
522,Costamare Inc.,CMRE-PB,8.98,0.048,0.056,Yes
523,Agricultural Bank of China Limited,ACGBY,40.07,0.192,0.016,No
524,SLW Short Duration Income ETF,SLWS,2.37,0.013,0.051,Yes
525,Gabelli High Income ETF,GBHI,4.76,0.026,0.134,Yes
526,"Strats(SM) Trust For Allstate Corp Securities, Series 2006-3 06-3 ASSET BKD",GJT,8.8,0.048,0.027,Yes
527,Enbridge Inc.,EBRZF,21.3,0.11,0.238,Yes
528,"CaixaBank, S.A.",CIXPF,79.62,0.339,0.186,No
529,Cartesian Growth Corporation II,RENEF,5.59,0.031,0.006,No
530,State Street SPDR Portfolio S&P 500 ETF,SPYM,24.63,0.126,1.005,Yes
531,Magellan Financial Group Limited,MGLLF,17.84,0.094,0.012,Yes
532,Howmet Aerospace Inc.,HWM,88.22,0.368,1.414,Yes
533,ABN AMRO Bank N.V.,ABMRF,69.65,0.307,0.324,Yes
534,Seneca Foods Corporation,SENEA,61.91,0.279,0.735,No
535,Costamare Inc.,CMRE-PD,11.09,0.06,0.12,No
536,Abrdn Total Dynamic Dividend Fund,AOD,28.41,0.144,0.911,Yes
537,Fortis Inc.,FTRSF,21.07,0.11,0.478,Yes
538,The Hong Kong and China Gas Company Limited,HOKCF,82.97,0.353,0.211,Yes
539,Templeton Emerging Markets Income Fund,TEI,29.55,0.149,0.748,Yes
540,SVB & T Corporation,SVBT,25.55,0.131,0.271,Yes
541,Singapore Technologies Engineering Ltd,SGGKY,52.3,0.244,0.529,No
542,CK Hutchison Holdings Limited,CKHUF,41.45,0.201,0.235,Yes
543,Enbridge Inc.,EBBNF,20.5,0.107,0.432,Yes
544,NatWest Group plc,NWG,64.76,0.291,0.754,Yes
545,Chino Commercial Bancorp,CCBC,27.97,0.142,0.103,No
546,Century Financial Corporation,CYFL,32.08,0.161,0.003,Yes
547,Toyo Tire Corporation,TYRRY,4.01,0.023,0.037,No
548,Algonquin Power & Utilities Cor,AQNB,9.7,0.053,0.024,Yes
549,"Private Bancorp of America, Inc.",PBAM,45.18,0.217,0.055,No
550,Embraer S.A.,EMBJ,86.92,0.369,1.269,Yes
551,"Great Elm Group, Inc.  7.25% Notes due 2027",GEGGL,13.07,0.071,0.102,Yes
552,NZX Limited,NZSTY,6.89,0.038,0.137,No
553,,ASBA,15.33,0.082,0.322,Yes
554,CBRE Global Real Estate Income Fund,IGR,60.82,0.279,1.246,Yes
555,Reit 1 Ltd,RETDF,50.28,0.238,0.143,Yes
556,"Banco de Sabadell, S.A.",BNDSY,93.57,0.391,0.231,No
557,PT Medco Energi Internasional Tbk,MDCOY,12.77,0.07,0.083,Yes
558,Galderma Group AG,GALDY,50.78,0.241,0.539,Yes
559,Talen Energy Corporation,TLN,92.68,0.388,1.657,Yes
560,Rithm Capital Corp.,RITM-PC,18.28,0.097,0.396,Yes
561,Sailfish Royalty Corp.,SROYF,86.5,0.369,0.34,No
562,Argosy Property Limited,IGPYF,11.88,0.065,0.185,No
563,NEXT plc,NXGPF,42.27,0.207,0.01,Yes
564,Spartacus Acquisition Corp. II,TMTS,1.51,0.009,0.063,No
565,"DT Midstream, Inc.",DTM,44.03,0.214,0.55,Yes
566,Eureka Acquisition Corp,EURK,8.06,0.045,0.071,No
567,Imperial Petroleum Inc.,IMPPP,18.9,0.101,0.28,Yes
568,Butler National Corporation,BUKS,89.93,0.383,0.06,No
569,Commerzbank AG,CRZBY,74.87,0.332,0.492,Yes
570,Targa Resources Corp.,TRGP,61.86,0.286,0.41,Yes
571,Optimized Equity Income ETF,OEI,14.34,0.079,0.499,Yes
572,Endeavor Bancorp,EDVR,30.27,0.156,0.018,No
573,Aberdeen Multi-Market Income Fund,MMT,11.43,0.063,0.24,Yes
574,"First Berlin Bancorp, Inc.",FTFI,37.87,0.19,0.01,No
575,Daedalus Special Acquisition Corp.,DSAC,3.85,0.022,0.039,Yes
576,Plains Acquisition Corporation,PLQC,23.58,0.125,0.028,Yes
577,The Gabelli Dividend & Income Trust,GDV,24.68,0.13,0.909,Yes
578,"Banco de Sabadell, S.A.",BNDSF,81.63,0.358,0.07,Yes
579,"Hoyne Bancorp, Inc.",HYNE,22.47,0.12,0.448,Yes
580,Aviva plc,AVVIY,37.81,0.19,0.524,Yes
581,Barclays PLC,BCLYF,63.43,0.294,1.193,Yes
582,GMO Dynamic Allocation ETF,GMOD,15.92,0.087,0.443,Yes
583,Euronext N.V.,EUXTF,44.87,0.221,0.019,Yes
584,OTG Acquisition Corp. I,OTGAU,3.27,0.019,0.01,No
585,FTAI Aviation Ltd.,FTAIM,13.52,0.075,0.187,Yes
586,"Yokohama Financial Group, Inc.",CRDIY,55.2,0.263,0.224,No
587,Lincoln National Corporation,LNC-PD,8.27,0.047,0.161,Yes
588,Kinross Gold Corporation,KGC,112.8,0.458,0.268,Yes
589,GE Aerospace,GE,65.7,0.304,1.011,Yes
590,Manulife Financial Corporation,MFC,41.05,0.206,0.999,Yes
591,BPER Banca SpA,BPXXY,113.08,0.46,1.206,Yes
592,Royal Bank of Canada,RY,40.51,0.203,0.92,Yes
593,Altius Minerals Corporation,ATUSF,49.1,0.24,0.143,Yes
594,Brookfield Office Properties Inc.,BROPF,13.27,0.074,0.249,No
595,Redwood Capital Bancorp,RWCB,24.46,0.13,0.266,Yes
596,"Adamas Trust, Inc.",ADAMM,15.51,0.086,0.35,Yes
597,"Bank of Labor Bancshares, Inc.",BHDB,113.03,0.461,0.593,Yes
598,North American Financial 15 Split Corp.,FNCSF,106.39,0.441,2.106,Yes
599,Iron Horse Acquisitions Corp. II,IRHO,3.28,0.019,0.094,Yes
600,Swiss Life Holding AG,SZLMY,29.74,0.156,0.243,Yes
601,MPLX LP,MPLX,30.9,0.161,0.291,Yes
602,"Sumitomo Mitsui Financial Group, Inc.",SMFG,44.91,0.223,0.646,Yes
603,Kasikornbank Public Company Limited,KPCPY,43.32,0.217,0.25,Yes
604,NVIDIA Corporation,NVDA,85.74,0.377,1.948,Yes
605,Balfour Beatty plc,BLFBY,58.52,0.279,0.702,Yes
606,Archimedes Tech SPAC Partners III Co.,ARCIU,5.36,0.031,0.015,Yes
607,Standard Chartered PLC,SCBFY,59.18,0.282,1.181,Yes
608,AltaGas Ltd.,ATGFF,32.0,0.167,0.057,Yes
609,New Mountain Finance Corporation 8.250% Notes due 2028,NMFCZ,5.7,0.033,0.048,No
610,Canadian Utilities Limited,CDUAF,28.38,0.15,0.046,No
611,Brookfield Real Assets Income Fund Inc.,RA,12.69,0.071,0.3,Yes
612,Nuveen Massachusetts Quality Municipal Income Fund,NMT,17.82,0.098,0.33,Yes
613,BAWAG Group AG,BWAGF,87.8,0.386,0.702,Yes
614,Guggenheim Securitized Income ETF,GISC,2.63,0.015,,
615,Ribbon Acquisition Corp.,RIBB,6.21,0.036,0.12,Yes
616,Global X Adaptive Risk Managed High Yield ETF,RMHY,4.24,0.025,,
617,Kenon Holdings Ltd.,KEN,75.94,0.345,0.979,Yes
618,Two Harbors Investment Corp.,TWO-PA,16.55,0.092,0.131,Yes
619,"Nippon Gas Co., Ltd.",NPNGY,7.37,0.043,0.046,Yes
620,S&P 500,^GSPC,23.05,0.125,1.0,Yes
621,"SCREEN Holdings Co., Ltd.",SCRNY,79.11,0.357,0.5,No
622,MOZAYYX Acquisition Corp.,MZYX,1.83,0.011,0.058,No
623,AerCap Holdings N.V.,AER,36.98,0.191,0.581,Yes
624,"Mueller Industries, Inc.",MLI,58.0,0.279,0.903,Yes
625,AIB Group plc,AIBRF,52.79,0.258,0.862,Yes
626,Bank Hapoalim B.M.,BKHPF,78.9,0.357,0.446,Yes
627,Clough Global Equity Fund,GLQ,28.74,0.153,1.053,Yes
628,Western Alliance Bancorporation,WAL-PA,21.82,0.12,0.418,Yes
629,Wesdome Gold Mines Ltd.,WDOFF,78.39,0.357,0.48,Yes
630,Danieli & C. Officine Meccaniche S.p.A.,DNIYY,28.36,0.152,0.01,Yes
631,Exchange Income Corporation,EIFZF,48.81,0.243,0.626,Yes
632,"Thomasville Bancshares, Inc.",THVB,25.99,0.14,0.406,Yes
633,Sprott Physical Gold Trust,PHYS,36.58,0.19,0.047,No
634,The Farmers Bank of Appomattox,FBPA,17.34,0.097,0.08,Yes
635,Pitney Bowes Inc.,PBI,103.34,0.441,1.869,Yes
636,Eaton Vance Tax-Managed Global Buy-Write Opportunities Fund,ETW,20.34,0.113,0.765,Yes
637,"Popular, Inc.",BPOP,47.44,0.238,0.889,Yes
638,Kongsberg Gruppen ASA,NSKFF,101.8,0.436,0.141,No
639,Invesco Bloomberg Enhanced Fallen Angels ETF,IFLN,8.35,0.049,0.299,Yes
640,Keen Vision Acquisition Corporation,KVAUF,5.81,0.034,0.0,No
641,"The Williams Companies, Inc.",WMB,39.02,0.202,0.295,Yes
642,Truth Social American Security & Defense ETF,TSSD,42.72,0.219,0.472,Yes
643,CION Investment Corporation,CICB,6.41,0.038,0.018,Yes
644,"Japan Smaller Capitalization Fund, Inc.",JOF,31.83,0.17,0.486,Yes
645,Sandoz Group AG,SDZXF,64.09,0.307,1.047,Yes
646,Daiwa House Logistics Trust,DHAWF,13.82,0.079,0.208,No
647,KBC Group NV,KBCSF,45.29,0.231,0.558,Yes
648,Ackermans & Van Haaren NV,AVHNF,36.11,0.19,0.104,Yes
649,"JTNB Bancorp, Inc.",JTNB,41.27,0.213,0.412,Yes
650,South Bow Corporation,SOBO,33.47,0.178,0.137,Yes
651,Banco de Chile,BCH,40.1,0.208,0.164,Yes
652,"Cantor Equity Partners VI, Inc.",CEPS,4.21,0.025,0.026,Yes
653,Foxby Corp.,FXBY,36.06,0.19,0.648,Yes
654,Duff & Phelps Utility and Infrastructure Fund Inc.,DPG,29.72,0.16,0.513,Yes
655,Sandoz Group AG,SDZNY,60.34,0.293,0.589,Yes
656,Cashmere Valley Bank,CSHX,33.79,0.18,0.133,Yes
657,First Trust EIP Power Solutions ETF,FPWR,21.48,0.12,0.265,Yes
658,Fabege AB (publ),FBGGF,38.37,0.201,0.082,Yes
659,West Coast Community Bancorp,WCCB,32.65,0.175,0.327,Yes
660,"Virtu Financial, Inc.",VIRT,71.4,0.337,0.375,Yes
661,Quetta Acquisition Corporation,QETA,5.76,0.034,0.025,Yes
662,HK Electric Investments and HK Electric Investments Limited,HKCVF,101.01,0.44,0.054,No
663,"Federated Hermes, Inc.",FHI,31.23,0.168,0.261,Yes
664,"Interactive Brokers Group, Inc.",IBKR,78.36,0.363,1.823,Yes
665,"Eclipse Bancorp, Inc.",ECLP,38.66,0.203,0.021,Yes
666,ClimateRock,CLRCF,5.51,0.033,0.076,Yes
667,Bank Hapoalim B.M.,BKHYY,55.43,0.276,1.298,Yes
668,"China Galaxy Securities Co., Ltd.",CGXYF,99.14,0.435,1.344,No
669,Bank of Cyprus Holdings Public Limited Company,BKCYF,74.35,0.349,0.887,Yes
670,Columbia Research Enhanced Inte,REFA,24.65,0.137,0.42,Yes
671,Credito Emiliano S.p.A.,CDEFF,38.53,0.203,0.433,Yes
672,"The Central and Eastern Europe Fund, Inc.",CEE,40.26,0.211,0.677,Yes
673,"Affiliated Managers Group, Inc.",AMG,46.58,0.239,0.756,Yes
674,"Bankwell Financial Group, Inc.",BWFG,48.25,0.246,0.655,Yes
675,CES Energy Solutions Corp.,CESDF,83.3,0.382,0.361,Yes
676,Voya Asia Pacific High Dividend Equity Income Fund,IAE,32.2,0.174,0.908,Yes
677,First International Bank of Israel Ltd,FBKIF,53.7,0.27,0.785,No
678,Tele2 AB (publ),TLTZF,41.38,0.217,0.017,No
679,blueharbor bank,BLHK,35.83,0.191,0.089,Yes
680,The GDL Fund,GDL,8.87,0.053,0.204,Yes
681,"Kinder Morgan, Inc.",KMI,34.1,0.184,0.169,Yes
682,BlackRock Enhanced Global Dividend Trust,BOE,20.0,0.114,0.772,Yes
683,F&M Bancorp,FMOO,7.56,0.045,0.089,No
684,"Strive, Inc.",SATA,26.54,0.147,0.084,No
685,"Armanino Foods of Distinction, Inc.",AMNF,48.35,0.248,0.072,Yes
686,Silicon Valley Acquisition Corp.,SVAQ,3.49,0.021,0.01,Yes
687,State Street SPDR S&P Leveraged Ln ETF,LVLN,5.71,0.034,0.062,Yes
688,Mediobanca Banca di Credito Finanziario S.p.A.,MDIBF,45.83,0.237,0.125,Yes
689,Galderma Group AG,GDERF,61.06,0.301,1.281,Yes
690,Bain Capital GSS Investment Corp.,BCSS,2.8,0.017,0.041,Yes
691,Clough Global Opportunities Fund,GLO,23.42,0.132,0.863,Yes
692,"The Travelers Companies, Inc.",TRV,36.43,0.195,0.274,Yes
693,NGL Energy Partners LP,NGL-PC,22.27,0.126,0.345,Yes
694,Far East Hospitality Trust,FEHTF,10.28,0.061,0.039,No
695,"Ponce Financial Group, Inc.",PDLB,41.71,0.22,0.825,Yes
696,Nmb Financial Corp,NMBF,30.3,0.167,0.266,Yes
697,NatWest Group plc,RBSPF,64.76,0.318,1.06,Yes
698,PGIM Short Duration High Yield Opportunities Fund,SDHY,12.53,0.074,0.352,Yes
699,Gibson Energy Inc.,GBNXF,29.48,0.163,0.017,Yes
700,Financial 15 Split Corp.,FNNCF,56.16,0.283,1.45,Yes
701,"Endesa, S.A.",ELEZY,45.75,0.239,0.131,No
702,Saab AB (publ),SAABF,103.5,0.457,0.081,No
703,FIGX Capital Acquisition Corp.,FIGXU,2.88,0.018,0.053,No
704,Community Bancorp of Santa Maria,CYSM,32.47,0.178,0.255,No
705,Farmers & Merchants Bank of Long Beach,FMBL,32.08,0.176,0.377,Yes
706,"SR Bancorp, Inc.",SRBK,35.14,0.191,0.555,Yes
707,Enbridge Inc.,EBBGF,18.27,0.106,0.424,Yes
708,John Hancock Diversified Income Fund,HEQ,17.82,0.103,0.64,Yes
709,Lloyds Banking Group plc,LYG,53.6,0.273,0.734,Yes
710,China Construction Bank Corporation,CICHF,42.84,0.227,0.111,Yes
711,Oregon Pacific Bancorp,ORPB,24.61,0.139,0.208,Yes
712,Telia Company AB (publ),TLSNY,42.07,0.223,0.254,Yes
713,AMB Financial Corp.,AMFC,28.23,0.158,0.347,No
714,Newmont Corporation,NEMCL,89.66,0.413,0.246,No
715,Nuveen Core Equity Alpha Fund,JCE,21.91,0.126,0.859,Yes
716,Fifth Third Bancorp,FITB-PI,7.93,0.048,0.156,Yes
717,"Community Capital Bancshares, Inc.",ALBY,36.64,0.199,0.418,Yes
718,"Iberdrola, S.A.",IBDRY,34.87,0.191,0.064,Yes
719,Equitable Financial Corp.,EQFN,21.68,0.125,0.211,Yes
720,Virtus Global Dividend & Income Fund Inc.,ZTR,25.78,0.146,0.566,Yes
721,Abrdn Life Sciences Investors,HQL,38.63,0.209,0.874,Yes
722,byNordic Acquisition Corporation,BYNO,6.37,0.039,0.033,No
723,"Endesa, S.A.",ELEZF,44.82,0.238,0.272,No
724,Manulife Financial Corp,MNQFF,18.62,0.109,0.181,Yes
725,"Southern Michigan Bancorp, Inc.",SOMC,29.81,0.167,0.357,Yes
726,"Enterprise Financial Services Group, Inc.",EFSG,34.61,0.19,0.027,No
727,"Kayne Anderson Energy Infrastructure Fund, Inc.",KYN,34.01,0.188,0.557,Yes
728,TC Energy Corporation,TCEYF,16.45,0.097,0.226,No
729,Golden Resources Development International Limited,GDRPF,1.55,0.01,0.001,No
730,Eaton Vance Tax-Managed Global Diversified Equity Income Fund,EXG,22.36,0.129,0.859,Yes
731,Bombardier Inc.,BDRBF,104.32,0.467,1.224,Yes
732,Franklin Limited Duration Income Trust,FTF,10.69,0.065,0.34,Yes
733,"Perimeter Solutions, Inc.",PRM,114.52,0.5,2.2,Yes
734,Great-West Lifeco Inc.,GWLIF,39.87,0.216,0.541,Yes
735,Mycronic AB (publ),MICLF,77.04,0.372,0.628,Yes
736,"GAMCO Natural Resources, Gold & Income Trust",GNT,36.3,0.199,0.438,Yes
737,"Consumers Bancorp, Inc.",CBKM,32.33,0.18,0.327,Yes
738,EA Series Trust - Sequoia Global Value ETF,SFGV,17.9,0.106,0.574,Yes
739,General Dynamics Corporation,GD,22.96,0.133,0.045,Yes
740,Commerzbank AG,CRZBF,81.35,0.389,0.406,Yes
741,"The Baraboo Bancorporation, Inc.",BAOB,42.13,0.228,0.16,No
742,Jackson Financial Inc.,JXN,66.97,0.335,1.236,Yes
743,"First Resource Bancorp, Inc.",FRSB,33.44,0.187,0.136,Yes
744,Titan S.A.,TTCIF,82.44,0.395,0.831,Yes
745,Harbor Active Small Cap Growth ETF,SGRW,68.18,0.34,1.428,Yes
746,Arnoldo Mondadori Editore S.p.A.,MDEPY,7.22,0.045,0.144,Yes
747,El Al Israel Airlines Ltd.,ELALF,113.86,0.503,0.722,Yes
748,Enbridge Inc.,ENBRF,30.31,0.172,0.26,Yes
749,Global X U.S. Natural Gas ETF,LNGX,46.13,0.247,0.892,No
750,JHancock Global Senior Loan ETF,JHLN,3.89,0.025,0.14,Yes
751,Perseus Mining Limited,PMNXF,80.74,0.389,0.277,Yes
752,OUE Real Estate Investment Trust,OUECF,14.16,0.086,0.143,No
753,"Guotai Haitong Securities Co., Ltd.",GUOSF,108.61,0.487,0.637,Yes
754,Toyota Tsusho Corporation,TYHOF,91.74,0.43,0.388,Yes
755,Security Federal Corporation,SFDL,29.34,0.167,0.398,Yes
756,"Laureate Education, Inc.",LAUR,46.56,0.25,0.129,No
757,"Burnham Holdings, Inc. PFD 6%",BURCP,6.13,0.038,0.008,No
758,Tamarack Valley Energy Ltd.,TNEYF,63.24,0.322,0.122,Yes
759,"CrossingBridge Advisors, LLC",ENDI,68.9,0.345,0.248,Yes
760,Bexil Investment Trust,BXSY,30.26,0.172,1.062,Yes
761,American Business Bank,AMBZ,38.43,0.213,0.415,Yes
762,Source Capital,SOR,16.77,0.101,0.385,Yes
763,"InBankshares, Corp",INBC,26.75,0.154,0.31,Yes
764,Loblaw Companies Limited,LBLCF,31.04,0.176,0.027,No
765,Svenska Handelsbanken AB (publ),SVNLY,40.97,0.225,0.691,Yes
766,"Mitsubishi Heavy Industries, Ltd.",MHVYF,79.61,0.388,0.649,Yes
767,Pictet AI Enhanced International Equity ETF,PQNT,21.45,0.127,0.576,Yes
768,Pembina Pipeline Corporation,PPLAF,28.3,0.163,0.177,Yes
769,"Community Trust Bancorp, Inc.",CTBI,39.27,0.217,0.452,Yes
770,Pictet AI Enhanced US Equity ETF,PQUS,30.3,0.173,0.924,Yes
771,Morgan Stanley,MS,47.88,0.257,1.49,Yes
772,Reckoner BBB-B CLO ETF,RCLO,6.76,0.042,0.139,Yes
773,Firm Capital Property Trust,FRMUF,25.77,0.15,0.093,Yes
774,Global X Morningstar Capital Allocation Leaders ETF,CPTL,21.22,0.126,0.983,Yes
775,Sprott Physical Gold and Silver Trust,CEF,43.08,0.236,0.118,Yes
776,"Resona Holdings, Inc.",RSNHF,53.98,0.285,0.11,Yes
777,ASA Gold and Precious Metals Limited,ASA,84.76,0.409,0.055,Yes
778,"Universal Insurance Holdings, Inc.",UVE,58.35,0.305,0.459,Yes
779,Elbit Systems Ltd.,ESLT,62.86,0.324,0.364,No
780,United Overseas Bank Limited,UOVEY,23.18,0.137,0.33,Yes
781,Diana Shipping Inc.,DSX-PB,10.96,0.068,0.043,Yes
782,Viking Holdings Ltd,VIK,64.84,0.332,1.41,Yes
783,"Oak Ridge Financial Services, Inc.",BKOR,33.57,0.191,0.418,Yes
784,Weitz Multisector Bond ETF,WMSB,3.65,0.023,0.094,Yes
785,Capitec Limited,CKHGY,37.41,0.21,0.585,Yes
786,RF Acquisition Corp III,RFAM,2.46,0.016,0.068,Yes
787,Mercury General Corporation,MCY,67.88,0.345,0.832,Yes
788,Bank of Botetourt,BORTP,32.58,0.186,0.564,Yes
789,Absecon Bancorp,ASCN,30.18,0.174,0.119,No
790,Northern Trust 2030 Tax-Exempt Distributing Ladder ETF,MUNA,1.9,0.012,0.04,Yes
791,Gjensidige Forsikring ASA,GJNSY,39.12,0.219,0.053,No
792,Lion Finance Group PLC,BDGSF,75.11,0.375,0.169,Yes
793,"Shinhan Financial Group Co., Ltd.",SHG,55.99,0.296,1.078,Yes
794,"Golden Valley Bancshares, Inc.",GVYB,29.11,0.169,0.468,No
795,KB Financial Group Inc.,KB,56.95,0.3,0.895,Yes
796,FMS Enterprises Migun Ltd,FTCFF,16.77,0.102,0.108,Yes
797,"Hercules Capital, Inc.",HCXY,8.17,0.052,0.17,Yes
798,Dillards Capital Trust I CAP SECS 7.5%,DDT,7.78,0.049,0.041,Yes
799,Magellan Aerospace Corporation,MALJF,75.02,0.376,0.858,Yes
800,Centerra Gold Inc.,CGAU,87.45,0.423,0.456,Yes
801,State Street Technology Select Sector SPDR Premium Income ETF,XLKI,29.89,0.174,1.202,Yes
802,Bid Corporation Limited,BPPPF,81.87,0.403,0.478,No
803,FG Imperii Acquisition Corp.,FGIIU,1.03,0.007,0.009,No
804,Bank of America Corporation,BAC,38.29,0.216,1.134,Yes
805,Franklin Small Cap Enhanced ETF,FSML,37.69,0.213,0.985,Yes
806,"Casey's General Stores, Inc.",CASY,46.92,0.257,0.211,Yes
807,Leonardo S.p.a.,FINMY,75.6,0.38,0.042,No
808,"BrightSpring Health Services, Inc.",BTSG,113.38,0.515,1.848,Yes
809,CHS Inc.,CHSCL,7.54,0.048,0.076,Yes
810,StoneX Group Inc.,SNEX,62.11,0.326,0.776,Yes
811,OTG Acquisition Corp. I,OTGA,2.27,0.015,0.046,Yes
812,Northern Trust Corporation,NTRS,48.57,0.266,1.532,Yes
813,ABB Ltd,ABLZF,48.21,0.264,1.381,Yes
814,Leonardo S.p.a.,FINMF,78.34,0.392,0.121,Yes
815,PB Financial Corporation,PBNC,26.65,0.158,0.203,Yes
816,Eaton Vance Short Duration Diversified Income Fund,EVG,10.24,0.065,0.284,Yes
817,iShares International Equity Factor Rotation Active ETF,IDYN,23.41,0.141,0.639,Yes
818,Banco Santander-Chile,BSAC,33.11,0.192,0.292,Yes
819,"A-Living Smart City Services Co., Ltd.",ALVSF,60.78,0.321,0.481,No
820,Sprott Inc.,SII,80.36,0.401,0.419,Yes
821,Zurich Insurance Group AG,ZURVY,25.39,0.151,0.266,Yes
822,Investor AB (publ),IVSBF,35.89,0.206,0.698,Yes
823,ISS A/S,ISFFF,68.44,0.354,0.269,No
824,Skytop Lodge Corporation,SKTP,27.0,0.16,0.095,No
825,"Nippon Express Holdings, Inc.",NEXHY,4.22,0.028,0.008,Yes
826,Eventide Small Cap ETF,ESSC,25.06,0.15,0.764,Yes
827,Astronics Corporation,ATRO,101.71,0.481,1.059,Yes
828,"Great American Bancorp, Inc.",GTPS,33.45,0.195,0.148,Yes
829,Franklin Universal Trust,FT,15.11,0.094,0.438,Yes
830,Tele2 AB (publ),TLTZY,45.28,0.253,0.139,No
831,Dexterra Group Inc.,HZNOF,45.69,0.255,0.041,No
832,Hongkong Land Holdings Limited,HKHGF,50.14,0.276,0.196,Yes
833,"Aena S.M.E., S.A.",ANYYY,36.03,0.208,0.421,Yes
834,Georgia Capital PLC,GRGCF,84.41,0.419,0.015,No
835,UCB SA,UCBJY,53.89,0.293,0.399,Yes
836,The Magnum Ice Cream Company N.V.,MICC,51.24,0.281,0.463,Yes
837,Ligand Pharmaceuticals Incorporated,LGND,83.65,0.417,1.208,Yes
838,GasLog Partners LP,GLOP-PA,9.37,0.06,0.103,Yes
839,Templeton Emerging Markets Fund,EMF,40.23,0.229,1.135,Yes
840,Standard Life plc,PNXGF,43.63,0.246,0.427,Yes
841,Woori Financial Group Inc.,WF,55.16,0.299,0.843,Yes
842,Univest Financial Corporation,UVSP,42.92,0.243,0.754,Yes
843,White River Bancshares Co,WRIV,29.69,0.176,0.081,No
844,Standard Chartered PLC,SCBFF,60.37,0.323,1.396,Yes
845,"Iberdrola, S.A.",IBDSF,35.92,0.208,0.018,Yes
846,Holcim AG,HCMLY,39.85,0.228,1.306,Yes
847,"Mitsubishi UFJ Financial Group, Inc.",MBFJF,46.23,0.259,0.641,Yes
848,"Priority Income Fund, Inc.",PRIF-PD,10.98,0.07,0.046,Yes
849,Bank of Utica,BKUTK,29.01,0.173,0.206,Yes
850,"Home Bancorp, Inc.",HBCP,35.78,0.208,0.381,Yes
851,ING Groep N.V.,INGVF,53.62,0.293,0.897,Yes
852,The Toronto-Dominion Bank,TD,34.52,0.201,0.739,Yes
853,ClearBridge Energy Midstream Opportunity Fund Inc,EMO,33.54,0.197,0.45,Yes
854,"BrightSpring Health Services, Inc.",BTSGU,99.82,0.479,1.785,Yes
855,Nuveen Multi-Asset Income Fund,NMAI,24.71,0.15,0.934,Yes
856,Hilton Worldwide Holdings Inc.,HLT,31.59,0.187,0.988,Yes
857,Société Générale Société anonyme,SCGLY,65.64,0.346,0.037,Yes
858,Eaton Vance Tax-Advantaged Global Dividend Income Fund,ETG,27.74,0.166,1.159,Yes
859,"Tapestry, Inc.",TPR,81.52,0.411,1.465,Yes
860,"CaixaBank, S.A.",CAIXY,81.2,0.41,0.672,Yes
861,Société Générale Société anonyme,SCGLF,69.07,0.361,0.116,Yes
862,Costamare Bulkers Holdings Limited,CMDB,108.09,0.509,0.717,Yes
863,AGNC Investment Corp.,AGNCZ,9.52,0.061,0.267,Yes
864,K92 Mining Inc.,KNTNF,89.81,0.443,0.511,Yes
865,"InterDigital, Inc.",IDCC,76.73,0.393,1.289,Yes
866,"Indra Sistemas, S.A.",ISMAY,98.1,0.474,0.401,Yes
867,Brookfield Corporation,BAMKF,18.49,0.115,0.26,No
868,Blackstone Strategic Credit 2027 Term Fund,BGB,10.44,0.067,0.326,Yes
869,First Financial Corporation,THFF,42.12,0.241,0.544,Yes
870,Dynamix Corporation III,DNMX,1.89,0.013,0.044,Yes
871,Franklin Master Intermediate Income Trust,PIM,10.79,0.069,0.228,Yes
872,John Hancock Tax-Advantaged Dividend Income Fund,HTD,23.11,0.142,0.577,Yes
873,Hudbay Minerals Inc.,HBM,106.01,0.503,1.597,Yes
874,John Hancock Investors Trust,JHI,12.06,0.077,0.412,Yes
875,Innovator Equity Managed 10 Buffer ETF,XBFR,15.0,0.095,0.468,Yes
876,AGNC Investment Corp.,AGNCP,14.08,0.09,0.323,Yes
877,Nordea Bank Abp,NBNKF,32.0,0.19,0.303,Yes
878,Enbridge Inc. CUM RED PREF Series B,EBRGF,28.64,0.172,0.507,Yes
879,"Ventas, Inc.",VTR,36.97,0.216,0.111,Yes
880,Synchrony Financial,SYF-PB,9.98,0.065,0.302,Yes
881,Crane Harbor Acquisition Corp. II,CRANU,4.31,0.029,0.052,Yes
882,Canadian Utilities Limited 2ND PFD SER DD%,CNUTF,16.61,0.105,0.199,Yes
883,Churchill Capital Corp XII,CXII,8.84,0.058,,
884,BOC Hong Kong (Holdings) Limited,BNKHF,43.5,0.249,0.508,No
885,DNB Bank ASA,DNBBF,32.11,0.191,0.089,No
886,VSE Corporation,VSEC,75.05,0.39,0.819,Yes
887,"Unity Bancorp, Inc.",UNTY,42.11,0.242,0.799,Yes
888,Eaton Vance Tax-Managed Buy-Write Income Fund,ETB,18.4,0.116,0.842,Yes
889,AGF Management Limited,AGFMF,58.86,0.321,0.404,Yes
890,"Wheeler Real Estate Investment Trust, Inc.",WHLRD,59.46,0.324,0.514,No
891,"Security Midwest Bancorp, Inc.",SBMW,52.44,0.292,0.724,Yes
892,Eaton Vance Tax-Advantaged Global Dividend Opportunities Fund,ETO,25.01,0.153,1.084,Yes
893,Bombardier Inc.,BDRAF,109.16,0.518,1.185,Yes
894,John Hancock Premium Dividend Fund,PDT,19.86,0.124,0.488,Yes
895,Peoples Financial Corporation,PFBX,29.7,0.179,0.547,Yes
896,International General Insurance Holdings Ltd.,IGIC,46.76,0.266,0.23,Yes
897,Enel SpA,ENLAY,30.99,0.186,0.221,Yes
898,"Banc of California, Inc.",BANC-PF,12.19,0.079,0.278,Yes
899,Eaton Vance Tax-Managed Buy-Write Opportunities Fund,ETV,19.62,0.123,0.854,Yes
900,"Tazmo Co., Ltd.",TZMOF,85.68,0.433,0.728,No
901,"Special Opportunities Fund, Inc.",SPE,20.85,0.13,0.739,Yes
902,Balfour Beatty plc,BAFBF,56.59,0.312,0.47,Yes
903,The Allstate Corporation,ALL,39.52,0.231,0.074,Yes
904,"Pinnacle Financial Partners, Inc.",PNFP-PB,8.97,0.059,0.146,Yes
905,Valuence Merger Corp. I,VMCAF,7.52,0.05,0.138,No
906,NCC AB (publ),NCCBF,45.26,0.26,0.517,Yes
907,State Street Materials Select Sector SPDR Premium Income ETF,XLBI,17.96,0.114,0.353,Yes
908,Ellington Financial Inc.,EFC-PC,12.11,0.079,0.312,Yes
909,"The Hanover Insurance Group, Inc.",THG,32.75,0.196,0.229,Yes
910,"Unicaja Banco, S.A.",UNJCF,60.65,0.332,0.088,No
911,"Arista Networks, Inc.",ANET,76.35,0.398,2.026,Yes
912,Capstone Infrastructure Corporation,CPOIF,39.25,0.23,0.365,No
913,Chartwell Retirement Residences,CWSRF,35.62,0.212,0.765,Yes
914,Pirelli & C. S.p.A.,PRLLY,37.74,0.223,,
915,Snowline Gold Corp.,SNWGF,105.72,0.51,0.049,Yes
916,MCAN Mortgage Corporation,MAMTF,24.29,0.151,0.316,Yes
917,National Bank of Canada,NTIOF,40.74,0.238,0.839,Yes
918,"Cardinal Health, Inc.",CAH,47.65,0.272,0.294,Yes
919,Fortum Oyj,FOJCF,37.32,0.221,0.079,Yes
920,Fairfax Financial Holdings Limited,FRFFF,20.27,0.128,0.068,No
921,Curtiss-Wright Corporation,CW,51.37,0.29,0.948,Yes
922,AGNC Investment Corp.,AGNCN,10.33,0.068,0.151,Yes
923,Valley National Bancorp,VLYPP,18.43,0.117,0.233,Yes
924,Columbus Acquisition Corp,COLA,4.52,0.031,0.101,Yes
925,Structured Products Corp 8.205%,KTN,6.54,0.044,0.038,Yes
926,Skandinaviska Enskilda Banken AB (publ),SVKEF,38.9,0.23,0.827,Yes
927,Valley National Bancorp,VLYPN,10.18,0.067,0.173,Yes
928,MTU Aero Engines AG,MTUAY,36.27,0.217,0.682,Yes
929,Spartan Delta Corp.,DALXF,93.26,0.469,0.648,Yes
930,Agnico Eagle Mines Limited,AEM,84.05,0.433,0.204,Yes
931,American Century Core Plus Income ETF,ABND,7.12,0.048,0.218,Yes
932,Lloyds Banking Group plc,LLDTF,57.13,0.319,1.057,Yes
933,Western Asset Emerging Markets Debt Fund Inc.,EMD,22.58,0.142,0.861,Yes
934,Canadian Banc Corp.,CNDCF,54.49,0.307,0.111,Yes
935,"Third Coast Bancshares, Inc.",TCBX,42.97,0.252,0.708,Yes
936,First Trust High Yield Opportunities 2027 Term Fund,FTHY,11.86,0.078,0.449,Yes
937,PIMCO Global StocksPLUS & Income Fund,PGP,23.62,0.149,0.833,Yes
938,Harbor ETF Trust - Harbor AlphaEdge Large Cap Value ETF,AELV,16.56,0.107,0.643,Yes
939,First Trust Enhanced Equity Income Fund,FFA,19.34,0.124,0.894,Yes
940,Interconexión Eléctrica S.A. E.S.P.,IESFY,50.52,0.29,0.961,Yes
941,The Fahey Banking Company,FAHE,4.01,0.027,0.055,No
942,Breville Group Limited,BVILY,1.51,0.01,0.022,No
943,iA Financial Corporation Inc.,IAFNF,39.9,0.237,0.839,Yes
944,Franklin Premier Income Trust,PPT,10.41,0.069,0.224,Yes
945,IX Acquisition Corp.,IXAQF,3.56,0.024,0.03,No
946,Bendigo and Adelaide Bank Limited,BXRBF,16.41,0.107,0.042,No
947,Canoe EIT Income Fund,ENDTF,17.25,0.112,0.428,Yes
948,Commencement Bancorp Inc.,CBWA,25.27,0.159,0.022,Yes
949,Singapore Telecommunications Limited,SGAPY,35.59,0.215,0.039,Yes
950,NiSource Inc.,NI,24.15,0.153,0.175,Yes
951,Eaton Vance Tax-Advantaged Dividend Income Fund,EVT,21.68,0.138,0.885,Yes
952,Spotify Technology S.A.,SPOT,62.63,0.347,0.859,Yes
953,"Amneal Pharmaceuticals, Inc.",AMRX,73.62,0.395,0.706,Yes
954,Calamos Global Dynamic Income Fund,CHW,27.83,0.173,1.182,Yes
955,"Customers Bancorp, Inc 5.375% S",CUBB,15.03,0.099,0.06,Yes
956,CLP Holdings Limited,CLPHY,16.44,0.107,0.241,Yes
957,TC Energy Corporation,TRPEF,18.63,0.12,0.214,Yes
958,"South Atlantic Bancshares, Inc.",SABK,41.58,0.247,0.271,Yes
959,Golden State Bancorp,GSBX,24.66,0.156,0.549,Yes
960,DFP Healthcare Acquisitions Cor,DFPH,73.63,0.396,0.67,Yes
961,Accelleron Industries AG,ACLLY,66.19,0.364,1.289,Yes
962,Safran SA,SAFRY,42.38,0.252,0.915,Yes
963,Euroseas Ltd.,ESEA,74.89,0.402,0.414,Yes
964,The Bank of Nova Scotia,BNS,35.75,0.217,1.18,Yes
965,National Energy Services Reunited Corp.,NESR,108.07,0.531,1.06,Yes
966,BlackRock ESG Capital Allocation Term Trust,ECAT,23.68,0.151,1.071,Yes
967,PIMCO High Income Fund,PHK,13.95,0.092,0.386,Yes
968,"SRH Total Return Fund, Inc.",STEW,18.35,0.119,0.465,Yes
969,T. Rowe Price Active Core International Equity ETF,TACN,23.61,0.15,0.607,Yes
970,Highland Funds I - Highland Opportunities and Income Fund,HFRO-PB,11.18,0.075,0.106,Yes
971,"Evergy, Inc.",EVRG,23.79,0.152,0.26,Yes
972,"abrdn Emerging Markets ex-China Fund, Inc.",AEF,42.33,0.252,1.316,Yes
973,Abrdn Healthcare Investors,HQH,31.7,0.196,0.901,Yes
974,Evolution Mining Limited,CAHPF,99.57,0.501,0.147,No
975,Aegon Ltd.,AEG,32.31,0.2,0.783,Yes
976,Invesco Mortgage Capital Inc.,IVR-PC,18.25,0.119,0.422,Yes
977,Northeast Bank,NBN,48.98,0.286,0.68,Yes
978,Plus500 Ltd.,PLSQF,63.8,0.355,0.118,No
979,Templeton International Insights ETF,TINS,22.61,0.145,0.737,Yes
980,Parker-Hannifin Corporation,PH,42.85,0.256,1.0,Yes
981,ArrowMark Financial Corp.,BANX,19.67,0.128,0.315,Yes
982,Fidelity Real Estate Income Fund ETF,FREI,0.66,0.005,,
983,Havas N.V.,HVNVY,10.62,0.072,0.11,Yes
984,Intershop Holding AG,ISZNF,5.87,0.04,0.166,Yes
985,"Grupo Industrial Saltillo, S.A.B. de C.V.",GISMF,10.04,0.068,0.279,Yes
986,Fortum Oyj,FOJCY,44.96,0.267,0.528,Yes
987,NGL Energy Partners LP,NGL-PB,22.43,0.144,0.342,Yes
988,"Enact Holdings, Inc.",ACT,27.28,0.172,0.284,Yes
989,Westwood Enhanced Income Opport,YLDW,12.49,0.084,0.476,Yes
990,VistaShares Target 15TM S&P 100 Distribution ETF,SIOO,14.74,0.098,0.585,Yes
991,Keppel Ltd.,KPELY,35.61,0.219,0.266,Yes
992,Enbridge Inc.,ENB,23.96,0.154,0.244,Yes
993,"CareTrust REIT, Inc.",CTRE,32.27,0.201,0.185,Yes
994,"Park Dental Partners, Inc.",PARK,80.3,0.429,0.847,Yes
995,Virtus Equity & Convertible Income Fund,NIE,20.72,0.135,0.952,Yes
996,Inflection Point Acquisition Corp. VII,IPXG,5.65,0.039,0.011,Yes
997,Addiko Bank AG,ADBKF,34.65,0.214,0.619,Yes
998,"Liberty Live Holdings, Inc.",LLYVK,56.54,0.325,0.94,Yes
999,Granite Construction Incorporated,GVA,57.37,0.328,1.352,Yes
1000,"Aena S.M.E., S.A.",ANNSF,34.3,0.212,0.355,Yes
1001,"CNO Financial Group, Inc.",CNO,38.98,0.237,0.705,Yes
1002,Nuveen Variable Rate Preferred & Income Fund,NPFD,18.2,0.12,0.726,Yes
1003,QNB Corp.,QNBC,33.9,0.21,0.127,Yes
1004,Datatec Limited,DTTLY,54.45,0.315,0.511,No
1005,Xtrackers Bloomberg Developed Markets ex US Equity ETF,DMXU,18.35,0.121,0.639,Yes
1006,Espey Mfg. & Electronics Corp.,ESP,77.66,0.419,0.619,Yes
1007,TC Energy Corporation,TRP,30.03,0.189,0.359,Yes
1008,"Mestek, Inc.",MCCK,51.5,0.302,1.11,Yes
1009,International Consolidated Airlines Group S.A.,ICAGY,61.29,0.349,1.52,Yes
1010,Singapore Technologies Engineering Ltd,SGGKF,57.34,0.33,0.744,No
1011,"Ottawa Bancorp, Inc.",OTTW,26.12,0.168,0.293,Yes
1012,Siltronic AG,SLTCY,96.16,0.495,2.999,Yes
1013,Global X U.S. 500 Income Edge ETF,EDGX,26.49,0.17,0.905,Yes
1014,Asseco Poland S.A.,ASOZY,86.7,0.458,0.259,Yes
1015,"Sumitomo Mitsui Financial Group, Inc.",SMFNF,46.72,0.279,0.735,Yes
1016,NEXT plc,NXGPY,43.23,0.261,0.475,Yes
1017,West Shore Bank Corp.,WSSH,30.54,0.193,0.085,Yes
1018,Xtra-Gold Resources Corp.,XTGRF,54.96,0.319,0.475,Yes
1019,Woodsboro Bank,WOBK,26.94,0.173,0.087,No
1020,Nuveen Preferred & Income Opportunities Fund,JPC,16.43,0.11,0.55,Yes
1021,Emera Incorporated,EMA,19.9,0.131,0.147,Yes
1022,"Coastal Carolina Bancshares, Inc.",CCNB,24.12,0.156,0.461,Yes
1023,"Rush Street Interactive, Inc.",RSI,102.89,0.523,1.853,Yes
1024,Santander UK plc,STNDF,5.19,0.036,0.073,No
1025,PIMCO Income Strategy Fund II,PFN,15.27,0.103,0.459,Yes
1026,Cymbria Corporation,CYMBF,15.74,0.106,0.175,Yes
1027,Gaztransport & Technigaz SA,GZPZY,32.47,0.204,0.367,Yes
1028,Enel SpA,ESOCF,30.78,0.195,0.271,Yes
1029,Sumitomo Corporation,SSUMY,36.63,0.227,0.248,Yes
1030,Mountain Lake Acquisition Corp. II,MLAA,3.72,0.026,0.081,Yes
1031,Woolworths Holdings Limited,WLWHF,83.0,0.446,0.824,No
1032,Bank of Queensland Limited,BKQNF,14.83,0.1,0.024,No
1033,ARC Resources Ltd.,ARXCY,44.67,0.27,0.151,Yes
1034,Johnson Controls International plc,JCI,45.59,0.274,0.95,Yes
1035,General Motors Company,GM,45.42,0.274,0.955,Yes
1036,Strategy Shares - Eventide US Market ETF,ESUM,17.58,0.117,0.842,Yes
1037,Blue Water Acquisition Corp. III,BLUW,3.74,0.026,0.022,No
1038,Urbana Corporation,UBAAF,27.93,0.179,0.246,Yes
1039,Hilton Food Group plc,HLFGY,3.04,0.022,0.073,Yes
1040,Zurich Insurance Group AG,ZFSVF,23.89,0.156,0.018,Yes
1041,"EMCOR Group, Inc.",EME,62.54,0.357,1.45,Yes
1042,Western Asset High Income Opportunity Fund Inc.,HIO,10.66,0.073,0.331,Yes
1043,Virtus Convertible & Income Fund II,NCZ,27.36,0.176,1.246,Yes
1044,iShares VII Public Limited Company -  iShares NASDAQ 100 UCITS ETF,ISVAF,29.33,0.188,1.272,Yes
1045,First Northern Community Bancorp,FNRN,29.71,0.19,0.2,No
1046,Atlanticus Holdings Corporation 6.125% Senior Notes due 2026,ATLCL,11.57,0.079,0.092,Yes
1047,SBM Offshore N.V.,SBFFF,51.69,0.306,0.39,Yes
1048,Mediobanca Banca di Credito Finanziario S.p.A.,MDIBY,52.86,0.312,0.748,Yes
1049,ProShares Ultra S&P 500 Equal Weight,URSP,32.19,0.204,1.079,Yes
1050,Broadcom Inc.,AVGO,83.7,0.451,1.619,Yes
1051,Insurance Australia Group Limited,IAUGF,26.89,0.174,0.334,Yes
1052,Axiom Intelligence Acquisition Corp 1,AXIN,3.46,0.025,0.089,Yes
1053,British American Tobacco p.l.c.,BTI,32.98,0.209,0.324,Yes
1054,Intercorp Financial Services Inc.,IFS,46.36,0.281,0.183,Yes
1055,Bank of China Limited,BACHF,34.31,0.217,0.262,Yes
1056,"Paragon Financial Solutions, Inc.",PGNN,21.52,0.143,0.372,Yes
1057,CoJax Oil and Gas Corporation,CJAX,62.65,0.36,0.502,Yes
1058,"Winchester Bancorp, Inc.",WSBK,31.27,0.2,0.375,No
1059,Industrial and Commercial Bank of China Limited,IDCBF,36.11,0.227,0.305,Yes
1060,"Citizens Financial Group, Inc.",CFG-PI,4.5,0.032,0.116,Yes
1061,Telia Company AB (publ),TLSNF,41.6,0.256,0.115,Yes
1062,Quebecor Inc.,QBCAF,37.96,0.237,0.019,No
1063,Danske Bank A/S,DNSKF,46.81,0.284,0.301,Yes
1064,Abrdn Global Dynamic Dividend Fund,AGD,28.91,0.187,1.034,Yes
1065,"Liberty Live Holdings, Inc.",LLYVA,54.67,0.323,0.933,Yes
1066,JPMorgan Chase & Co.,JPM-PC,6.12,0.043,0.215,Yes
1067,Rami Levi Chain Stores Hashikma Marketing 2006 Ltd,RLEVF,42.1,0.259,0.288,No
1068,Galata Acquisition Corp. II,LATA,2.7,0.019,0.071,Yes
1069,Aecon Group Inc.,AEGXF,78.21,0.431,1.769,Yes
1070,"Morgan Stanley Emerging Markets Domestic Debt Fund, Inc.",EDD,25.4,0.166,0.657,Yes
1071,Starlink AI Acquisition Corporation,OTAI,6.27,0.044,,
1072,"Queen City Investments, Inc.",QUCT,31.86,0.204,0.102,No
1073,"Bank of the James Financial Group, Inc.",BOTJ,47.59,0.288,0.323,Yes
1074,BlackRock Enhanced Equity Dividend Trust,BDJ,20.84,0.139,0.794,Yes
1075,Bank Leumi le-Israel B.M.,BLMIF,57.65,0.338,1.383,Yes
1076,Popular Capital Trust II PFD GTD 6.125%,BPOPM,6.85,0.048,0.051,Yes
1077,Skellerup Holdings Limited,SKLUY,10.31,0.072,0.143,No
1078,Mitsubishi Electric Corporation,MIELY,49.39,0.298,0.687,Yes
1079,"Citizens Financial Group, Inc.",CFG,50.08,0.301,1.249,Yes
1080,"Mountain Pacific Bancorp, Inc.",MPCB,24.06,0.159,0.109,Yes
1081,AXA SA,AXAHY,28.68,0.186,0.029,Yes
1082,"GAMCO Global Gold, Natural Resources & Income Trust",GGN,27.7,0.181,0.103,Yes
1083,OceanaGold Corporation,OGC,96.26,0.508,0.822,Yes
1084,MTU Aero Engines AG,MTUAF,36.96,0.233,0.479,Yes
1085,Nedap N.V.,NDDLF,16.0,0.109,0.145,No
1086,Wells Fargo & Company,WFC,35.66,0.226,0.845,Yes
1087,Rayliant NxtGen Multifactor Emerging Markets Equity ETF,RWEM,25.44,0.168,0.978,Yes
1088,Reaves Utility Income Fund,UTG,25.91,0.17,0.777,Yes
1089,Western Asset Inflation-Linked Opportunities & Income Fund,WIW,9.62,0.068,0.237,Yes
1090,Antero Midstream Corporation,AM,34.28,0.219,0.145,Yes
1091,Safran SA,SAFRF,40.92,0.255,0.894,Yes
1092,"Global Ship Lease, Inc.",GSL,52.34,0.314,0.415,Yes
1093,"Voya Infrastructure, Industrials and Materials Fund",IDE,26.41,0.174,0.792,Yes
1094,"Sompo Holdings, Inc.",SMPNY,40.72,0.254,0.378,No
1095,,RNSHY,2.27,0.017,0.028,Yes
1096,Zacks Quality International ETF,QUIZ,20.35,0.137,0.718,Yes
1097,AltaGas Ltd.,ATGAF,16.26,0.111,0.035,Yes
1098,Iron Horse Acquisitions Corp. II,IRHOU,3.29,0.024,0.077,Yes
1099,OUTFRONT Media Inc.,OUT,62.79,0.365,1.476,Yes
1100,"Simon Property Group, Inc.",SPG,35.26,0.225,1.052,Yes
1101,Yangzijiang Shipbuilding (Holdings) Ltd.,YSHLF,63.98,0.371,0.574,Yes
1102,Partner Communications Company Ltd.,PTNRF,96.67,0.512,0.358,No
1103,American Express Company,AXP,36.22,0.231,1.114,Yes
1104,Zymeworks Inc.,ZYME,86.26,0.47,0.84,Yes
1105,"Nine Energy Service, Inc.",NINE,109.04,0.56,0.641,Yes
1106,NKT A/S,NRKBF,56.21,0.335,0.029,Yes
1107,Allspring Multi-Sector Income Fund,ERC,10.72,0.075,0.368,Yes
1108,Reef Casino Trust,RCTUF,18.96,0.129,0.002,No
1109,"Diebold Nixdorf, Incorporated",DBD,64.17,0.374,1.28,Yes
1110,BOC Aviation Limited,BCVVF,77.21,0.433,0.297,Yes
1111,Capricorn Metals Ltd,CRNLF,75.42,0.425,0.862,Yes
1112,Tortoise Energy Infrastructure Corporation,TYG,30.38,0.198,0.497,Yes
1113,"Sound Point Meridian Capital, Inc.",SPME,7.54,0.054,0.285,Yes
1114,Wheaton Precious Metals Corp.,WPM,69.84,0.401,0.061,Yes
1115,Wintrust Financial Corporation,WTFCN,9.51,0.067,0.354,Yes
1116,"TPG Mortgage Investment Trust, ",MITP,6.09,0.044,0.07,Yes
1117,Virtus Convertible & Income Fund,NCV,25.84,0.172,1.145,Yes
1118,Platzer Fastigheter Holding AB (publ),PLAZF,32.85,0.213,0.387,No
1119,Abrdn Global Infrastructure Income Fund,ASGI,28.08,0.185,0.763,Yes
1120,"Koil Energy Solutions, Inc.",KLNG,115.96,0.59,1.296,Yes
1121,Coca-Cola HBC AG,CCHGY,39.63,0.251,0.067,No
1122,"Belite Bio, Inc",BLTE,90.37,0.491,0.454,No
1123,Meridian Mining Plc,MRRDF,94.6,0.508,0.004,No
1124,Klépierre SA,KLPEF,32.8,0.213,0.279,Yes
1125,PennyMac Mortgage Investment Tr,PMTV,5.31,0.039,0.076,Yes
1126,Torex Gold Resources Inc.,TORXF,87.63,0.48,0.261,Yes
1127,Blue Acquisition Corp.,BACC,5.4,0.039,0.03,Yes
1128,Bank of Montreal,BMO,35.36,0.228,0.969,Yes
1129,"Nomura Holdings, Inc.",NMR,46.89,0.291,0.914,Yes
1130,AZZ Inc.,AZZ,54.66,0.33,1.214,Yes
1131,Ascendis Pharma A/S,ASND,48.34,0.298,0.538,Yes
1132,Tesco PLC,TSCDY,32.64,0.213,0.446,Yes
1133,Bank of Ireland Group plc,BKRIY,43.33,0.272,0.537,Yes
1134,Capital Power Corp,CPRHF,20.28,0.139,0.074,No
1135,Philip Morris International Inc.,PM,35.74,0.231,0.056,Yes
1136,"CNB Community Bancorp, Inc.",CNBB,19.29,0.132,0.098,Yes
1137,Aviva plc,AIVAF,39.97,0.254,0.51,Yes
1138,HELLENiQ ENERGY Holdings S.A.,HLPXF,12.03,0.085,0.007,Yes
1139,Viking Acquisition Corp. I,VACI,8.32,0.06,0.219,Yes
1140,Bank First Corporation,BFC,31.62,0.207,0.593,Yes
1141,Western Asset Mortgage Opportunity Fund Inc.,DMO,12.63,0.089,0.43,Yes
1142,Northern Trust 2030 Inflation-Linked Distributing Ladder ETF,TIPA,1.7,0.013,0.038,Yes
1143,InterContinental Hotels Group PLC,IHG,35.61,0.23,1.152,Yes
1144,Nuveen S&P 500 Dynamic Overwrite Fund,SPXX,18.66,0.129,0.845,Yes
1145,"Cohen & Steers Infrastructure Fund, Inc",UTF,21.94,0.149,0.385,Yes
1146,First Horizon Corporation,FHN,39.24,0.251,1.178,Yes
1147,Trinity Capital Inc.,TRIN,28.66,0.19,0.536,Yes
1148,Fortis Inc.,FTS,18.75,0.129,0.017,No
1149,"CB Financial Services, Inc.",CBFV,27.66,0.184,0.373,Yes
1150,Investor AB (publ),IVSXF,37.42,0.241,0.755,Yes
1151,Helix Acquisition Corp. III,HLXC,9.45,0.068,0.007,Yes
1152,Bilfinger SE,BFLBF,56.6,0.343,0.143,Yes
1153,Piraeus Bank S.A.,PIRBF,81.03,0.456,0.555,Yes
1154,"The Hartford Insurance Group, Inc.",HIG,30.01,0.199,0.371,Yes
1155,Quest Diagnostics Incorporated,DGX,31.41,0.207,0.016,Yes
1156,Gladstone Investment Corporatio,GAIN,25.13,0.17,0.44,Yes
1157,STF Tactical Growth & Income ETF,SEPQ,24.75,0.168,1.188,Yes
1158,ASSA ABLOY AB (publ),ASAZF,52.31,0.322,1.555,Yes
1159,Talon Capital Corp.,TLNC,2.16,0.016,0.002,No
1160,Globrands Ltd.,GLBGF,33.31,0.219,0.367,Yes
1161,Astronics Corporation,ATROB,102.13,0.546,1.138,Yes
1162,Epiroc AB (publ),EPIPF,46.57,0.293,0.026,Yes
1163,Eventide International ETF,ESIM,29.37,0.196,1.005,Yes
1164,GMO Domestic Resilience ETF,DRES,26.4,0.178,0.643,Yes
1165,Peyto Exploration & Development Corp.,PEYUF,33.58,0.221,0.467,No
1166,First Merchants Corporation,FRMEP,9.6,0.069,0.063,No
1167,"JBT Bancorp, Inc.",JBTC,35.44,0.232,0.618,Yes
1168,State Street Industrial Select Sector SPDR Premium Income ETF,XLII,16.94,0.119,0.511,Yes
1169,Thornburg Focus Growth Fund ETF Class,TFGZ,21.84,0.15,1.385,Yes
1170,Strabag SE,STBBF,68.04,0.4,0.477,No
1171,Diploma PLC,DPMAY,46.7,0.294,1.561,Yes
1172,"Sompo Holdings, Inc.",NHOLF,54.19,0.333,0.606,Yes
1173,Allied Gold Corporation,AAUC,113.74,0.593,0.176,No
1174,"Pioneer Bancorp, Inc.",PBFS,30.13,0.201,0.507,Yes
1175,Sienna Senior Living Inc.,LWSCF,33.4,0.221,0.627,Yes
1176,Scottish Mortgage Investment Trust PLC,STMZF,49.85,0.311,1.811,Yes
1177,"Woodward, Inc.",WWD,47.89,0.301,0.576,Yes
1178,Flaherty & Crumrine Preferred Income Opportunity Fund Inc.,PFO,15.49,0.11,0.568,Yes
1179,Blackstone Senior Floating Rate 2027 Term Fund,BSL,8.87,0.065,0.26,Yes
1180,Virtus Artificial Intelligence & Technology Opportunities Fund,AIO,32.65,0.216,1.389,Yes
1181,"East West Bancorp, Inc.",EWBC,43.87,0.28,1.197,Yes
1182,Ralph Lauren Corporation,RL,55.35,0.34,1.532,Yes
1183,US Foods Holding Corp.,USFD,44.62,0.284,0.701,Yes
1184,Flaherty & Crumrine Total Return Fund Inc.,FLC,15.17,0.108,0.595,Yes
1185,Kenorland Minerals Ltd.,KLDCF,70.01,0.411,0.309,No
1186,Diploma PLC,DPLMF,38.83,0.252,0.801,Yes
1187,Mitsubishi Electric Corporation,MIELF,49.35,0.309,1.201,Yes
1188,Standard Bank Group Limited,SGBLY,37.87,0.247,0.29,Yes
1189,Alpha Bank S.A.,ALBKY,65.66,0.391,0.069,Yes
1190,TC Energy Corporation,TNCAF,31.45,0.21,0.231,Yes
1191,Horace Mann Educators Corporation,HMN,26.64,0.181,0.071,Yes
1192,eBay Inc.,EBAY,40.73,0.263,0.936,Yes
1193,IDT Corporation,IDT,56.03,0.344,0.31,Yes
1194,"Nicolet Bankshares, Inc.",NIC,41.42,0.267,0.252,Yes
1195,Peoples Ltd.,PPLL,31.46,0.211,0.56,Yes
1196,NGEx Minerals Ltd.,NGXXF,65.92,0.394,1.443,Yes
1197,Swiss Life Holding AG,SWSDF,29.26,0.197,0.055,Yes
1198,Eldorado Gold Corporation,EGO,96.18,0.528,0.172,Yes
1199,"Cohen & Steers Limited Duration Preferred and Income Fund, Inc.",LDP,16.37,0.116,0.704,Yes
1200,Rheinmetall AG,RNMBY,98.88,0.539,0.312,Yes
1201,"Cloudflare, Inc.",NET,93.12,0.516,1.77,Yes
1202,Dah Sing Financial Holdings Limited,DSFGY,56.73,0.349,0.52,No
1203,Imperial Brands PLC,IMBBY,30.15,0.203,0.121,No
1204,"Liberty Live Holdings, Inc.",LLYVB,66.55,0.398,0.67,Yes
1205,TAURON Polska Energia S.A.,TNPGY,3.05,0.023,0.03,No
1206,engcon AB (publ),ENGCF,11.26,0.082,0.146,Yes
1207,Central Pacific Financial Corp.,CPF,41.86,0.271,0.87,Yes
1208,Dominion Lending Centres Inc.,BRLGF,74.61,0.436,1.41,Yes
1209,Five Star Bancorp,FSBC,41.09,0.267,0.978,Yes
1210,Embotelladora Andina S.A.,AKO-B,45.71,0.292,0.507,Yes
1211,Saba Capital Income & Opportunities Fund II,SABA,12.88,0.093,0.181,Yes
1212,Tenet Healthcare Corporation,THC,75.99,0.442,1.02,Yes
1213,Aritzia Inc.,ATZAF,84.94,0.482,2.484,Yes
1214,"Elecnor, S.A.",ELNRF,74.51,0.436,0.933,Yes
1215,SMART Earnings Growth 30 ETF,SGRT,62.62,0.38,2.006,Yes
1216,Seapeak LLC,SEAL-PB,11.27,0.082,0.144,Yes
1217,"LifeMD, Inc.",LFMDP,20.07,0.141,0.12,No
1218,SBM Offshore N.V.,SBFFY,62.37,0.379,0.487,Yes
1219,Accelleron Industries AG,ACLIF,70.27,0.417,0.41,Yes
1220,Newmont Corporation,NEM,67.05,0.402,0.26,Yes
1221,Flaherty & Crumrine Preferred Securities Income Fund Inc.,FFC,16.19,0.116,0.661,Yes
1222,"Royce Global Trust, Inc.",RGT,26.24,0.181,1.014,Yes
1223,Costain Group PLC,CSGQF,34.91,0.233,0.315,Yes
1224,Western Asset Inflation-Linked Income Fund,WIA,8.38,0.062,0.205,Yes
1225,Trustmark Corporation,TRMK,36.17,0.24,0.764,Yes
1226,Citizens Financial Corp.,CIWV,39.91,0.262,0.145,Yes
1227,"Priority Income Fund, Inc.",PRIF-PK,10.17,0.075,0.108,Yes
1228,ZTO Express (Cayman) Inc.,ZTOEF,3.37,0.026,0.135,Yes
1229,"HomeTrust Bancshares, Inc.",HTB,35.09,0.234,0.949,Yes
1230,Skanska AB (publ),SKBSY,28.32,0.194,0.65,Yes
1231,Eaton Vance Risk-Managed Diversified Equity Income Fund,ETJ,13.67,0.099,0.652,Yes
1232,Ferrovial N.V.,FER,30.69,0.209,0.532,Yes
1233,Calamos Strategic Total Return Fund,CSQ,25.27,0.175,1.326,Yes
1234,Eaton Vance Tax-Managed Diversified Equity Income Fund,ETY,18.1,0.129,0.946,Yes
1235,CW Bancorp,CWBK,18.07,0.129,0.276,Yes
1236,COSCO SHIPPING Ports Limited,CSPKF,62.79,0.384,0.469,No
1237,Drägerwerk AG & Co. KGaA,DGWPF,43.7,0.284,0.733,Yes
1238,Quebecor Inc.,QBCRF,35.59,0.238,0.015,Yes
1239,M&T Bank Corporation,MTB-PJ,9.79,0.073,0.252,Yes
1240,TransAlta Corporation,TSLTF,21.02,0.149,0.001,No
1241,U.S. Gold Corp.,USAU,100.6,0.555,0.851,Yes
1242,Fairfax Financial Holdings Limited,FRFHF,30.28,0.207,0.203,Yes
1243,"SmartFinancial, Inc.",SMBK,40.27,0.266,0.649,Yes
1244,Synchrony Financial,SYF,46.04,0.298,1.37,Yes
1245,Walmart Inc.,WMT,30.04,0.206,0.384,Yes
1246,"Altria Group, Inc.",MO,29.36,0.202,0.182,Yes
1247,Karooooo Ltd.,KARO,66.66,0.404,0.216,No
1248,Silvercorp Metals Inc.,SVM,106.71,0.58,1.107,Yes
1249,Barings Global Short Duration High Yield Fund,BGH,16.24,0.117,0.667,Yes
1250,Global X Nasdaq-100 Income Edge ETF,EDGQ,38.07,0.253,1.252,Yes
1251,"Gilead Sciences, Inc.",GILD,32.66,0.222,0.034,Yes
1252,Nuveen Nasdaq 100 Dynamic Overwrite Fund,QQQX,21.74,0.154,1.048,Yes
1253,"Pinnacle Bancshares, Inc.",PCLB,40.07,0.265,0.209,Yes
1254,TAT Technologies Ltd.,TATT,82.19,0.478,1.354,Yes
1255,"Armstrong World Industries, Inc.",AWI,40.69,0.269,1.019,Yes
1256,Innovator International Developed Managed Floor ETF,IFLR,15.58,0.113,0.396,Yes
1257,Bank of South Carolina Corporation,BKSC,32.94,0.224,0.141,Yes
1258,Security National Corporation,SNLC,28.14,0.195,0.262,Yes
1259,Investar Holding Corporation,ISTR,53.4,0.339,0.6,Yes
1260,nVent Electric plc,NVT,52.09,0.332,1.855,Yes
1261,Capital Power Corp,CPWPF,6.56,0.05,0.073,No
1262,Nuveen California Quality Municipal Income Fund,NAC,15.08,0.11,0.593,Yes
1263,Praetorian Acquisition Corp.,PTORU,2.6,0.02,0.049,Yes
1264,International Consolidated Airlines Group S.A.,BABWF,59.91,0.373,1.555,Yes
1265,"First US Bancshares, Inc.",FUSB,29.95,0.207,0.172,Yes
1266,"RiverNorth/DoubleLine Strategic Opportunity Fund, Inc.",OPP,13.77,0.101,0.451,Yes
1267,Valiant Holding AG,VALIF,11.93,0.088,0.013,Yes
1268,"Esquire Financial Holdings, Inc.",ESQ,41.96,0.278,0.174,Yes
1269,Sandfire Resources Limited,SFRRF,70.75,0.428,0.925,Yes
1270,Stella International Holdings Limited,SLNLY,33.19,0.227,0.147,Yes
1271,Calamos Global Total Return Fund,CGO,27.73,0.193,1.309,Yes
1272,"Magyar Bancorp, Inc.",MGYR,29.62,0.205,0.613,Yes
1273,Engie SA,ENGIY,37.68,0.253,0.131,No
1274,"Special Opportunities Fund, Inc.",SPE-PC,6.08,0.046,0.05,Yes
1275,Enbridge Inc.,ENBMF,25.1,0.177,0.082,No
1276,"Q.E.P. Co., Inc.",QEPC,62.38,0.387,0.203,Yes
1277,Vodafone Group Public Limited Company,VOD,30.75,0.212,0.279,Yes
1278,Bilfinger SE,BFLBY,61.15,0.381,0.003,No
1279,Tennessee Valley Authority PARRS A 2029,TVE,7.17,0.054,0.041,Yes
1280,"FirstCash Holdings, Inc.",FCFS,34.75,0.237,0.44,Yes
1281,"Youdao, Inc.",DAO,77.51,0.461,0.938,Yes
1282,Chimera Investment Corporation ,CIMP,7.99,0.06,0.322,Yes
1283,Bank of San Francisco,BSFO,23.3,0.166,0.027,Yes
1284,CITBA Financial Corporation,CBAF,38.27,0.258,0.076,Yes
1285,Drägerwerk AG & Co. KGaA,DRWKF,39.66,0.266,0.073,Yes
1286,The Gabelli Global Utility & Income Trust,GLU,23.12,0.165,0.608,Yes
1287,Cummins Inc.,CMI,44.94,0.296,1.416,Yes
1288,"DXP Enterprises, Inc.",DXPE,103.6,0.575,1.128,Yes
1289,Mandatum Oyj,MANDF,40.84,0.273,0.106,No
1290,Barrick Mining Corporation,B,60.64,0.381,0.379,Yes
1291,Teva Pharmaceutical Industries Limited,TEVA,65.92,0.407,0.801,Yes
1292,Principal Real Estate Income Fund,PGZ,17.54,0.128,0.584,Yes
1293,Harmony Gold Mining Company Limited,HGMCF,111.19,0.608,0.493,Yes
1294,Nordex SE,NRDXF,69.58,0.426,0.554,Yes
1295,"HCI Group, Inc.",HCI,66.12,0.409,0.732,Yes
1296,,DCBG,8.96,0.068,0.148,Yes
1297,Antofagasta plc,ANFGF,60.47,0.381,0.897,Yes
1298,"MBT Bancshares, Inc.",MBKL,24.29,0.173,0.11,Yes
1299,"MainStreet Bancshares, Inc.",MNSBP,15.73,0.116,0.317,Yes
1300,"Citizens Community Bancorp, Inc.",CZWI,37.33,0.254,0.552,Yes
1301,"Mapfre, S.A.",MPFRF,57.45,0.366,0.33,Yes
1302,FFD Financial Corporation,FFDF,23.29,0.167,0.156,Yes
1303,Regulus Resources Inc.,RGLSF,113.3,0.618,1.007,Yes
1304,Urbana Corporation,URNAF,28.26,0.199,0.245,Yes
1305,Brookfield Corporation,BKFPF,10.79,0.081,0.005,No
1306,Armada Acquisition Corp. II,XRPN,4.04,0.031,0.036,Yes
1307,"Industrias Peñoles, S.A.B. de C.V.",IPOAF,88.49,0.515,0.65,Yes
1308,First Trust Intermediate Duration Preferred & Income Fund,FPF,17.45,0.128,0.79,Yes
1309,China Hongqiao Group Limited,CHHQY,86.88,0.508,0.699,No
1310,The Gabelli Global Small and Mid Cap Value Trust,GGZ,24.96,0.178,0.921,Yes
1311,Guggenheim Active Allocation Fund,GUG,14.74,0.109,0.571,Yes
1312,7.125% Fixed-Rate Reset Subordinated Debentures due 2052,RZC,6.18,0.048,0.128,Yes
1313,Garmin Ltd.,GRMN,49.87,0.326,0.873,Yes
1314,"F5, Inc.",FFIV,42.92,0.287,1.032,Yes
1315,Banca Generali S.p.A.,BGNMF,31.26,0.218,0.044,No
1316,"Tokio Marine Holdings, Inc.",TKOMY,32.73,0.227,0.212,No
1317,"German American Bancorp, Inc.",GABC,29.12,0.205,0.578,Yes
1318,"First Business Financial Services, Inc.",FBIZ,42.02,0.282,0.977,Yes
1319,Ellsworth Growth and Income Fund Ltd.,ECF,25.37,0.181,1.179,Yes
1320,"Neinor Homes, S.A.",NNRHF,26.05,0.186,0.073,Yes
1321,Telecom Italia S.p.A.,TIIAY,53.27,0.345,0.53,Yes
1322,Atrium Mortgage Investment Corporation,AMIVF,17.26,0.127,0.233,Yes
1323,DNB Bank ASA,DNBBY,31.31,0.219,0.338,Yes
1324,Alpine Banks of Colorado,ALPIB,28.85,0.204,0.058,Yes
1325,Hongkong Land Holdings Limited,HNGKY,44.59,0.298,0.275,Yes
1326,Allspring Utilities and High Income Fund,ERH,19.67,0.144,0.61,Yes
1327,Wereldhave N.V.,WRDEF,47.02,0.312,0.219,No
1328,"Financial Institutions, Inc.",FISI,47.78,0.317,0.73,Yes
1329,George Weston Limited,WNGRF,28.18,0.2,0.247,Yes
1330,U.S. Small Cap Growth Portfolio: ETF Class Shares,DUSG,15.42,0.115,0.739,No
1331,"Quanta Services, Inc.",PWR,59.9,0.382,1.754,Yes
1332,"Manila Water Company, Inc.",MWTCY,38.26,0.262,0.031,No
1333,Blackrock Municipal 2030 Target Term Trust,BTT,8.38,0.064,0.284,Yes
1334,Japan Tobacco Inc.,JAPAY,28.59,0.203,0.045,No
1335,"United Bancorporation of Alabama, Inc.",UBAB,22.14,0.161,0.493,Yes
1336,Wintrust Financial Corporation,WTFC,31.78,0.223,1.113,Yes
1337,Lundin Mining Corporation,LUNMF,72.22,0.444,1.183,Yes
1338,Commonwealth Bank of Australia,CBAUF,34.05,0.237,0.448,Yes
1339,BNY Mellon High Yield Strategies Fund,DHF,13.41,0.101,0.544,Yes
1340,Orion Oyj,ORINY,44.73,0.301,0.319,Yes
1341,Azimut Holding S.p.A.,AZIHF,43.49,0.293,0.903,Yes
1342,"Ryder System, Inc.",R,40.42,0.276,1.262,Yes
1343,Energy Transfer LP,ET,27.49,0.197,0.643,Yes
1344,Saab AB (publ),SAABY,87.63,0.518,0.677,No
1345,PIMCO Income Strategy Fund,PFL,12.66,0.096,0.391,Yes
1346,StoneBridge Acquisition II Corporation,APACU,4.22,0.033,0.11,Yes
1347,"Manila Water Company, Inc.",MWTCF,47.44,0.316,0.091,No
1348,Capital One Financial Corporation,COF,37.55,0.259,0.976,Yes
1349,Vine Hill Capital Investment Corp. II,VHCPU,1.49,0.012,0.034,Yes
1350,Loews Corporation,L,22.05,0.161,0.291,Yes
1351,TCL Electronics Holdings Limited,TCLHF,111.78,0.622,1.323,No
1352,Banca Mediolanum S.p.A.,BNMDF,56.52,0.367,0.203,Yes
1353,Brookfield Corporation,BAMGF,32.51,0.229,0.137,Yes
1354,Hufvudstaden AB (publ),HUFAF,37.05,0.257,0.617,No
1355,AGNC Investment Corp.,AGNCL,14.0,0.106,0.208,Yes
1356,OR Royalties Inc.,OR,59.76,0.384,0.465,Yes
1357,EPR Properties,EPR-PE,16.77,0.125,0.427,Yes
1358,MGIC Investment Corporation,MTG,28.5,0.204,0.497,Yes
1359,Westgold Resources Limited,WGXRF,84.8,0.507,0.022,Yes
1360,Shagrir Group Vehicle Services Ltd,SRRPF,100.37,0.575,0.207,Yes
1361,"Rhythm Pharmaceuticals, Inc.",RYTM,89.3,0.528,1.45,Yes
1362,BCE Inc.,BECEF,17.8,0.133,0.065,Yes
1363,Lionshares U.S. Equity Total Return ETF,TOT,18.4,0.137,0.995,Yes
1364,LATAM Airlines Group S.A.,LTM,49.41,0.329,0.715,Yes
1365,Admiral Group plc,AMIGY,33.71,0.237,0.304,Yes
1366,Euronext Athens Holding S.A.,HEHSF,44.51,0.301,0.574,Yes
1367,Société Anonyme des Bains de Mer et du Cercle des Étrangers à Monaco,BMRMF,19.13,0.142,0.227,Yes
1368,China Shenhua Energy Company Limited,CUAEF,39.86,0.274,0.258,Yes
1369,Visa Inc.,V,21.01,0.155,0.521,Yes
1370,Heidelberg Materials AG,HDLMY,43.54,0.296,0.826,Yes
1371,Cardinal Energy Ltd.,CRLFF,29.9,0.214,0.012,Yes
1372,Swedbank AB (publ),SWDBF,40.73,0.28,0.952,Yes
1373,Flaherty & Crumrine Preferred Income Fund Inc.,PFD,16.5,0.124,0.6,Yes
1374,"Turning Point Brands, Inc.",TPB,70.03,0.439,1.647,Yes
1375,Johnson & Johnson,JNJ,25.72,0.187,0.027,Yes
1376,G. Willi-Food International Ltd.,WILCF,61.08,0.394,1.752,Yes
1377,"Cohen & Steers Closed-End Opportunity Fund, Inc.",FOF,20.95,0.155,0.869,Yes
1378,Vicat S.A.,SDCVF,85.77,0.515,0.146,Yes
1379,CO2 Energy Transition Corp.,NOEMU,12.13,0.093,0.14,Yes
1380,Harmony Gold Mining Company Limited,HMY,111.2,0.626,0.445,Yes
1381,RiverBank Holding Company,RBNK,29.41,0.212,0.272,No
1382,Gaztransport & Technigaz SA,GZPZF,34.32,0.243,0.588,Yes
1383,Athene Holding Ltd.,ATH-PE,7.71,0.061,0.176,Yes
1384,flatexDEGIRO SE,FNNTF,96.97,0.567,0.45,Yes
1385,Valley National Bancorp,VLYPO,12.8,0.098,0.184,Yes
1386,"Hitachi, Ltd.",HTHIF,46.36,0.315,1.196,Yes
1387,The Cross-Harbour (Holdings) Limited,CRHHF,73.76,0.46,1.0,Yes
1388,"Chongqing Rural Commercial Bank Co., Ltd.",CRCBY,49.93,0.335,1.037,No
1389,Vaneck Consumer Staples TruSector ETF,TRUO,9.31,0.073,,
1390,Siemens Aktiengesellschaft,SIEGY,40.62,0.281,1.49,Yes
1391,Firm Capital Mortgage Investment Corporation,FCMGF,18.64,0.14,0.356,Yes
1392,Gold Fields Limited,GFI,91.37,0.543,0.207,No
1393,PolyPeptide Group AG,PLYGF,72.86,0.456,2.306,Yes
1394,Cellcom Israel Ltd.,CELJF,67.03,0.427,1.091,Yes
1395,TrustCo Bank Corp NY,TRST,38.12,0.267,0.791,Yes
1396,Sachem Capital Corp. 6.00% Note,SCCD,10.63,0.083,0.144,Yes
1397,Concurrent Technologies Plc,COTGF,52.6,0.351,0.129,No
1398,"Alantra Partners, S.A.",ALRPF,8.66,0.068,0.131,Yes
1399,Care Property Invest NV,CRPIF,0.9,0.007,0.014,Yes
1400,Haw Par Corporation Limited,HAWPF,31.31,0.225,0.413,Yes
1401,ALK-Abelló A/S,AKBLF,65.13,0.419,1.498,Yes
1402,"The Pennant Group, Inc.",PNTG,62.47,0.405,0.863,Yes
1403,"Republic Bancorp, Inc.",RBCAA,36.9,0.26,0.441,Yes
1404,Global X U.S. 500 ETF,GXLC,18.42,0.139,1.014,Yes
1405,UMB Financial Corporation,UMBF,39.45,0.276,1.212,Yes
1406,Sabre Insurance Group plc,SBIGY,35.92,0.254,0.205,No
1407,RLJ Lodging Trust,RLJ-PA,9.92,0.078,0.246,Yes
1408,PCCW Limited,PCCWY,27.21,0.199,0.058,No
1409,"Tokyo Gas Co.,Ltd.",TKGSF,24.4,0.18,0.224,Yes
1410,First United Corporation,FUNC,51.65,0.347,0.552,Yes
1411,3M Company,MMM,39.46,0.276,0.687,Yes
1412,Nations Royalty Corp.,NRYCF,102.18,0.594,0.041,Yes
1413,"Hamilton Insurance Group, Ltd.",HG,43.79,0.302,0.304,Yes
1414,Sprott Physical Silver Trust,PSLV,52.45,0.352,0.309,Yes
1415,Gielda Papierów Wartosciowych w Warszawie S.A.,WSEWF,81.31,0.5,0.085,Yes
1416,Embotelladora Andina S.A.,AKO-A,41.98,0.292,0.759,Yes
1417,Meshflow Acquisition Corp.,MESHU,2.27,0.018,0.041,Yes
1418,NXG NextGen Infrastructure Income Fund,NXG,36.42,0.258,0.749,Yes
1419,British American Tobacco p.l.c.,BTAFF,33.29,0.239,0.122,Yes
1420,China Shenhua Energy Company Limited,CSUAY,34.59,0.247,0.286,Yes
1421,Weibo Corporation,WEIBF,58.63,0.386,0.209,Yes
1422,Lonking Holdings Limited,LKHLY,43.4,0.3,0.048,Yes
1423,"Otsuka Holdings Co., Ltd.",OTSKY,34.03,0.243,0.182,Yes
1424,Cathay Pacific Airways Limited,CPCAY,33.55,0.24,0.567,Yes
1425,"Assurant, Inc.",AIZ,30.98,0.224,0.874,Yes
1426,Admiral Group plc,AMIGF,31.51,0.228,0.088,No
1427,Park National Corporation,PRK,36.38,0.258,0.698,Yes
1428,Westpac Banking Corporation,WEBNF,32.84,0.236,0.353,Yes
1429,Chemtrade Logistics Income Fund,CGIFF,33.78,0.242,0.708,Yes
1430,GWA Group Limited,GWAXY,11.04,0.087,0.008,Yes
1431,Definity Financial Corporation,DFYFF,34.15,0.245,0.198,No
1432,Tri-Continental Corporation,TY,16.01,0.123,0.881,Yes
1433,Eurobank S.A.,EURBF,56.26,0.374,0.269,Yes
1434,SiriusPoint Ltd.,SPNT,39.43,0.278,0.365,Yes
1435,Wedbush ReturnOnLeadership(R) U.S. Large-Cap ETF,EXEQ,22.56,0.169,0.866,Yes
1436,"Grupo México, S.A.B. de C.V.",GMBXF,55.21,0.369,0.961,Yes
1437,Silver Tiger Metals Inc.,SLVTF,89.89,0.543,0.182,Yes
1438,MUFG Japan Small Cap Active ETF,MJSC,31.23,0.227,0.928,Yes
1439,TORIDOLL Holdings Corporation,TORLF,101.37,0.595,2.796,No
1440,ITOCHU Corporation,ITOCY,26.04,0.193,0.038,Yes
1441,IMI plc,IMIAF,32.89,0.238,0.55,Yes
1442,Tenaga Nasional Berhad,TNABF,43.59,0.304,0.084,No
1443,IHH Healthcare Berhad,IHHHF,22.33,0.168,0.255,Yes
1444,Alpha Bank S.A.,APHBF,62.19,0.408,0.291,Yes
1445,DoubleLine Opportunistic Credit Fund,DBL,8.17,0.065,0.268,Yes
1446,"George Risk Industries, Inc.",RSKIA,28.62,0.211,0.352,Yes
1447,Taisei Corporation,TISCF,71.29,0.456,0.106,No
1448,Wärtsilä Oyj Abp,WRTBF,56.57,0.378,1.248,Yes
1449,"Jeff Bank, National Association",JFBC,24.89,0.186,0.298,No
1450,CECO Environmental Corp.,CECO,88.17,0.538,2.106,Yes
1451,Nuveen Arizona Quality Municipal Income Fund,NAZ,16.79,0.129,0.674,Yes
1452,FLSmidth & Co. A/S,FLIDF,43.26,0.303,0.002,No
1453,Neuberger Berman Income Funds - Neuberger Next Generation Connectivity Fund Inc.,NBXG,28.19,0.208,1.385,Yes
1454,"Popular, Inc.",BPOPO,7.68,0.062,0.127,Yes
1455,Nuveen Global High Income Fund,JGH,14.15,0.11,0.605,Yes
1456,Eaton Vance Enhanced Equity Income Fund,EOI,18.88,0.145,0.97,Yes
1457,WH Group Limited,WHGLY,34.24,0.248,0.501,No
1458,Fulton Financial Corporation,FULT,33.7,0.244,0.673,Yes
1459,"Coca-Cola Consolidated, Inc.",COKE,59.23,0.395,0.576,Yes
1460,Triple Flag Precious Metals Corp.,TFPM,46.44,0.322,0.168,No
1461,AKVA group ASA,AKASF,34.35,0.249,0.612,Yes
1462,Pandox AB (publ),PNDXF,79.16,0.497,0.648,Yes
1463,"Adamas Trust, Inc.",ADAMN,17.57,0.136,0.53,Yes
1464,Vistra Corp.,VST,84.58,0.525,2.056,Yes
1465,"Hawthorn Bancshares, Inc.",HWBK,45.01,0.315,0.74,Yes
1466,AXA SA,AXAHF,26.59,0.199,0.095,Yes
1467,Virtus Global Multi-Sector Income Fund,VGI,14.05,0.11,0.617,Yes
1468,ITT Inc.,ITT,32.31,0.236,1.261,Yes
1469,Vault Minerals Limited,REDLF,109.39,0.637,0.134,Yes
1470,"Precipio, Inc.",PRPO,100.31,0.597,0.914,Yes
1471,First Trust Active Factor Large Cap Growth ETF,AFGR,25.01,0.188,1.371,Yes
1472,Engie SA,ENGQF,37.76,0.271,0.044,Yes
1473,"RiverNorth Opportunities Fund, Inc.",RIV,17.85,0.138,0.839,Yes
1474,Automatic Bank Services Limited,ABANF,68.18,0.445,0.06,No
1475,"Global Net Lease, Inc.",GNL-PD,20.83,0.16,0.585,Yes
1476,ANZ Group Holdings Limited,ANZGF,31.85,0.234,0.589,Yes
1477,Pimco Dynamic Income Opportunities Fund,PDO,14.91,0.117,0.537,Yes
1478,Enbridge Inc.,ENNPF,26.45,0.198,0.672,Yes
1479,Coca-Cola HBC AG,CCHBF,38.75,0.278,0.484,No
1480,FinecoBank Banca Fineco S.p.A.,FNBKY,34.93,0.254,0.103,No
1481,Bank of Ireland Group plc,BKRIF,43.43,0.307,0.691,Yes
1482,"TPG Mortgage Investment Trust, Inc.",MITT-PA,19.88,0.153,0.694,Yes
1483,Fifth Third Bancorp,FITB,38.64,0.278,1.216,Yes
1484,Deutsche Börse AG,DBOEF,30.27,0.224,0.315,Yes
1485,UCB SA,UCBJF,52.04,0.358,0.462,Yes
1486,Pan American Silver Corp.,PAAS,74.72,0.479,0.072,Yes
1487,Hansoh Pharmaceutical Group Company Limited,HNSPF,66.62,0.438,0.53,No
1488,Wärtsilä Oyj Abp,WRTBY,51.49,0.355,1.275,Yes
1489,Reckon Limited,RKNLF,11.49,0.092,0.05,Yes
1490,Tesco PLC,TSCDF,31.06,0.23,0.47,Yes
1491,Alphabet Inc.,GOOGL,45.55,0.32,1.286,Yes
1492,"TKO Group Holdings, Inc.",TKO,35.5,0.259,0.224,Yes
1493,"Morgan Stanley Emerging Markets Debt Fund, Inc.",MSD,15.6,0.123,0.546,Yes
1494,"Gouverneur Bancorp, Inc.",GOVB,27.77,0.208,0.218,Yes
1495,Gabelli Opportunities in Live and Sports ETF,GOLS,14.62,0.115,0.515,Yes
1496,SPAC and New Issue ETF,SPCK,5.85,0.048,0.04,Yes
1497,"PTC Therapeutics, Inc.",PTCT,58.2,0.394,0.737,Yes
1498,Aduro Clean Technologies Inc.,ADUR,101.35,0.607,3.327,Yes
1499,Crane Harbor Acquisition Corp. II,CRAN,2.43,0.02,0.067,Yes
1500,Knorr-Bremse AG,KNBHF,33.25,0.245,0.194,Yes
1501,Deutsche Börse AG,DBOEY,30.92,0.23,0.143,Yes
1502,Bancroft Fund Ltd.,BCV,26.25,0.198,1.203,Yes
1503,"Exelixis, Inc.",EXEL,42.89,0.306,0.385,Yes
1504,PHINIA Inc.,PHIN,48.59,0.34,1.153,Yes
1505,"Landmark Bancorp, Inc.",LARK,36.24,0.264,0.656,Yes
1506,AGNC Investment Corp.,AGNCO,12.09,0.097,0.317,Yes
1507,Enerflex Ltd.,EFXT,72.79,0.472,1.563,Yes
1508,Thor Explorations Ltd.,THXPF,100.71,0.606,0.169,Yes
1509,Hancock Whitney Corporation,HWC,34.7,0.255,1.028,Yes
1510,Agricultural Bank of China Limited,ACGBF,47.6,0.334,0.381,No
1511,Fonterra Shareholders Fund,FTRRF,88.16,0.549,1.309,Yes
1512,"Royce Small-Cap Trust, Inc.",RVT,24.78,0.189,1.131,Yes
1513,Xsolla SPAC 1,XSLLU,1.57,0.013,0.04,Yes
1514,Mercialys SA,MEIYF,35.16,0.258,0.528,Yes
1515,BioRem Inc.,BIRMF,73.81,0.479,0.918,Yes
1516,Ameris Bancorp,ABCB,36.66,0.268,1.048,Yes
1517,The Gabelli Utility Trust,GUT,20.92,0.162,0.236,Yes
1518,VEON Ltd.,VEON,59.93,0.406,1.353,Yes
1519,Strats Trust Wal Mart Stores Inc. STRT CTF 05-4,GJO,5.06,0.042,0.079,No
1520,"Sacyr, S.A.",SYRVF,10.16,0.082,0.099,No
1521,Alphabet Inc.,GOOG,44.47,0.317,1.249,Yes
1522,Kasikornbank Public Company Limited,KPCPF,37.22,0.272,0.022,Yes
1523,Terna S.p.A.,TEZNY,21.5,0.167,0.115,Yes
1524,"BlackRock Enhanced Large Cap Core Fund, Inc.",CII,23.39,0.18,1.23,Yes
1525,United Utilities Group PLC,UUGRY,26.95,0.205,0.232,Yes
1526,Adaptive Biotechnologies Corporation,ADPT,96.91,0.593,1.775,Yes
1527,UBS Group AG,UBS,41.84,0.302,1.488,Yes
1528,Compañía de Minas Buenaventura S.A.A.,BVN,85.45,0.539,0.626,Yes
1529,Camden National Corporation,CAC,37.11,0.272,0.569,Yes
1530,Hecla Mining Company,HL,108.69,0.645,0.893,Yes
1531,Atmos Energy Corporation,ATO,21.17,0.165,0.07,Yes
1532,Fenix Outdoor International AG,FNXTF,34.51,0.255,0.547,Yes
1533,Intact Financial Corporation,INTAF,20.87,0.163,0.34,Yes
1534,Legal & General Group Plc,LGGNY,26.58,0.203,0.668,Yes
1535,"PGIM Global High Yield Fund, Inc",GHY,14.39,0.115,0.574,Yes
1536,BlackRock Enhanced International Dividend Trust,BGY,16.41,0.13,0.738,Yes
1537,"BlackRock Utilities, Infrastructure & Power Opportunities Trust",BUI,21.08,0.164,0.575,Yes
1538,"Annaly Capital Management, Inc.",NLY-PG,10.58,0.086,0.3,Yes
1539,"Summit Bancshares, Inc.",SMAL,20.34,0.159,0.514,Yes
1540,Diversified Royalty Corp.,BEVFF,26.75,0.204,0.687,Yes
1541,"American Electric Power Company, Inc.",AEP,24.74,0.19,0.201,Yes
1542,KeyCorp,KEY,37.76,0.277,1.286,Yes
1543,Regions Financial Corporation,RF-PF,7.39,0.061,0.227,Yes
1544,Social Commerce Partners Corporation,SCPQU,2.89,0.024,0.056,Yes
1545,"Westwood Holdings Group, Inc.",WHG,33.56,0.25,0.311,Yes
1546,Virtus Diversified Income & Convertible Fund,ACV,26.48,0.203,1.3,Yes
1547,Vantage Towers AG,VTAGY,8.69,0.071,0.102,Yes
1548,"Red Violet, Inc.",RDVT,72.01,0.475,1.787,Yes
1549,Keck Seng Investments (Hong Kong) Limited,KCKSF,86.16,0.546,0.405,No
1550,ANZ Group Holdings Limited,ANZGY,26.61,0.204,0.804,Yes
1551,Exmar NV,EXMRF,101.19,0.616,0.165,No
1552,"Colony Bankcorp, Inc.",CBAN,38.11,0.28,0.617,Yes
1553,Zijin Mining Group Company Limited,ZIJMY,60.07,0.411,0.111,Yes
1554,EACO Corporation,EACO,75.23,0.492,0.904,Yes
1555,E-L Financial Corporation Limited,ELFIF,41.44,0.302,0.972,Yes
1556,Hellenic Telecommunications Organization S.A.,HLTOY,27.53,0.211,0.015,Yes
1557,Blackrock Resources & Commodities Strategy Trust,BCX,24.7,0.191,0.384,Yes
1558,SofWave Medical Ltd.,SOFWF,99.21,0.608,0.93,Yes
1559,Poste Italiane S.p.A.,PITAF,58.65,0.404,1.286,Yes
1560,"STRATS Trust for United States Cellular Corp. Securities, Series 2004-6 STRATS 6.375",GJH,13.06,0.106,0.274,Yes
1561,U.S. Bancorp,USB,32.47,0.244,1.096,Yes
1562,Constellation Acquisition Corp I,CSTAF,9.83,0.081,0.025,Yes
1563,"Northrim BanCorp, Inc.",NRIM,51.51,0.363,1.284,Yes
1564,BlackRock Limited Duration Income Trust,BLW,10.23,0.084,0.461,Yes
1565,Pacific Century Regional Developments Limited,PCDVF,42.87,0.311,0.684,Yes
1566,Crédit Agricole S.A.,CRARY,34.13,0.256,0.074,Yes
1567,JOYY Inc.,JOYY,35.78,0.266,0.51,Yes
1568,L1 Group Limited,PTMGF,28.51,0.218,0.031,No
1569,Jones Lang LaSalle Incorporated,JLL,45.52,0.328,1.221,Yes
1570,Charter Hall Group,CTOUF,57.77,0.4,0.913,Yes
1571,Imperial Metals Corporation,IPMLF,88.77,0.562,0.158,Yes
1572,First Bancorp,FBNC,39.99,0.294,0.779,Yes
1573,Endeavour Mining plc,EDVMF,67.0,0.451,0.135,Yes
1574,Xinyi Glass Holdings Limited,XYIGF,71.29,0.474,0.183,No
1575,BELIMO Holding AG,BLHWF,47.01,0.338,1.143,Yes
1576,Melcor Developments Ltd.,MODVF,21.09,0.166,0.25,Yes
1577,"First Capital Bancshares, Inc.",FCPB,23.54,0.184,0.043,Yes
1578,"BlackRock Debt Strategies Fund, Inc.",DSU,9.31,0.077,0.461,Yes
1579,"Interface, Inc.",TILE,77.72,0.509,2.168,Yes
1580,Associated Banc-Corp,ASB,29.61,0.227,0.881,Yes
1581,Blue Water Acquisition Corp. IV,BWIV,1.22,0.01,0.152,Yes
1582,Main Street Capital Corporation,MAIN,25.08,0.195,0.582,Yes
1583,Imperial Brands PLC,IMBBF,30.65,0.234,0.116,No
1584,Dividend 15 Split Corp.,DVSPF,48.04,0.345,1.309,Yes
1585,"Nomura Holdings, Inc.",NRSCF,46.56,0.336,0.195,Yes
1586,The Gabelli Convertible and Income Securities Fund Inc.,GCV,21.57,0.171,0.844,Yes
1587,Mercantile Bank Corporation,MBWM,33.15,0.251,0.686,Yes
1588,Enterprise Products Partners L.P.,EPD,22.75,0.179,0.333,Yes
1589,BTS Group AB (publ),BGPBF,26.98,0.209,0.795,Yes
1590,Hellenic Telecommunications Organization S.A.,HLTOF,16.37,0.132,0.081,No
1591,"Conrad Industries, Inc.",CNRD,65.98,0.449,1.362,Yes
1592,JSE Limited,JSEJF,41.53,0.306,0.123,Yes
1593,Jungfraubahn Holding AG,JFBHF,54.39,0.384,0.047,Yes
1594,"Mapfre, S.A.",MPFRY,50.33,0.36,1.225,Yes
1595,Corporación Financiera Colombiana S.A.,CRPFY,7.28,0.061,0.185,Yes
1596,Sandvik AB (publ),SDVKY,39.2,0.291,1.168,Yes
1597,"COSCO SHIPPING International (Hong Kong) Co., Ltd.",CHDGF,45.98,0.334,0.055,No
1598,First Robinson Financial Corporation,FRFC,29.16,0.225,0.436,Yes
1599,Storebrand ASA,SREDY,60.25,0.418,0.498,Yes
1600,Jackson Financial Inc.,JXN-PA,8.79,0.073,0.26,Yes
1601,Swiss Re AG,SSREY,28.87,0.223,0.347,Yes
1602,Codan Limited,CODAF,99.36,0.618,1.053,Yes
1603,Powszechny Zaklad Ubezpieczen SA,PWZYF,67.92,0.461,0.108,Yes
1604,Nuveen Real Asset Income and Growth Fund,JRI,19.74,0.158,0.772,Yes
1605,Currys plc,DSITF,67.41,0.458,0.852,Yes
1606,Wells Fargo Advantage Funds - Allspring Income Opportunities Fund,EAD,12.21,0.101,0.586,Yes
1607,"Ollamani, S.A.B.",OLANF,54.56,0.386,0.767,Yes
1608,Nuveen Core Plus Impact Fund,NPCT,15.59,0.127,0.592,Yes
1609,"Community Investors Bancorp, Inc.",CIBN,28.1,0.218,0.059,Yes
1610,Pensana Plc,PNSPF,109.75,0.665,1.448,Yes
1611,"The PNC Financial Services Group, Inc.",PNC,34.88,0.264,1.091,Yes
1612,"Xeris Biopharma Holdings, Inc.",XERS,96.75,0.606,0.294,Yes
1613,PPL Corporation,PPL,18.38,0.148,0.038,Yes
1614,UNIQA Insurance Group AG,UNIXY,13.86,0.114,0.075,No
1615,"NexPoint Real Estate Finance, Inc.",NREF-PA,17.33,0.14,0.53,Yes
1616,National Bank of Canada,NBKCF,12.85,0.106,0.062,Yes
1617,Bank7 Corp.,BSVN,41.81,0.309,0.927,Yes
1618,Sierra Bancorp,BSRR,38.54,0.288,0.838,Yes
1619,"Mama's Creations, Inc.",MAMA,75.66,0.503,1.028,Yes
1620,The United Laboratories International Holdings Limited,ULIHF,102.31,0.633,0.191,Yes
1621,Chiron Real Estate Inc.,XRN-PB,10.39,0.087,0.099,No
1622,"Sabra Health Care REIT, Inc.",SBRA,24.66,0.194,0.419,Yes
1623,Unibail-Rodamco-Westfield SE,UNBLF,42.36,0.313,1.104,Yes
1624,Svenska Handelsbanken AB (publ),SVNLF,34.87,0.265,1.049,Yes
1625,QDRO Acquisition Corp.,QADR,1.63,0.014,0.08,Yes
1626,Empress Royalty Corp.,EMPYF,66.2,0.454,0.568,Yes
1627,"Cullen/Frost Bankers, Inc.",CFR,28.25,0.22,0.591,Yes
1628,Arrow Financial Corporation,AROW,43.24,0.319,0.774,Yes
1629,AT&T Inc.,T,30.72,0.237,0.19,No
1630,EGH Acquisition Corp.,EGHA,3.46,0.03,0.071,Yes
1631,Telekom Austria AG,TKMAF,50.76,0.366,0.816,No
1632,Bruker Corporation,BRKRP,97.13,0.611,1.784,Yes
1633,"Guardian Pharmacy Services, Inc.",GRDN,64.55,0.445,0.056,Yes
1634,Royal Caribbean Cruises Ltd.,RCL,56.71,0.401,1.539,Yes
1635,Avalyn Pharma Inc.,AVLN,79.91,0.527,0.21,No
1636,"Burnham Holdings, Inc.",BURCA,31.81,0.245,0.324,Yes
1637,"Expedia Group, Inc.",EXPE,59.42,0.417,0.965,Yes
1638,Great-West Lifeco Inc,GWLPF,18.29,0.148,0.286,No
1639,BAE Systems plc,BAESF,41.61,0.31,0.299,No
1640,"Nasdaq, Inc.",NDAQ,33.01,0.253,0.962,Yes
1641,AbbVie Inc.,ABBV,27.53,0.215,0.104,Yes
1642,Covista Inc.,CVSA,60.85,0.425,0.358,Yes
1643,"Bridgewater Bancshares, Inc.",BWB,35.83,0.272,0.547,Yes
1644,Golar LNG Limited,GLNG,38.58,0.29,0.311,No
1645,CK Hutchison Holdings Limited,CKHUY,27.44,0.215,0.252,Yes
1646,First Trust Mortgage Income Fund,FMY,9.64,0.081,0.333,Yes
1647,Qantas Airways Limited,QABSY,33.77,0.259,0.8,Yes
1648,"Catalyst Bancorp, Inc.",CLST,15.15,0.125,0.027,Yes
1649,Liechtensteinische Landesbank Aktiengesellschaft,LLAZF,4.75,0.041,0.012,Yes
1650,The Bank of New York Mellon Corporation,BNY-PK,4.69,0.04,0.261,Yes
1651,Unum Group,UNM,31.41,0.243,0.39,Yes
1652,Pembina Pipeline Corporation CUM PFD SER A 21,PMMBF,17.7,0.144,0.126,Yes
1653,Graham Holdings Company,GHC,29.76,0.232,0.624,Yes
1654,Wallenius Wilhelmsen ASA,WAWIF,60.44,0.424,0.925,Yes
1655,Property For Industry Limited,PYIYF,39.51,0.297,0.281,Yes
1656,Duke Energy Corporation,DUK,16.47,0.135,0.025,No
1657,Vaisala Oyj,VAIAF,19.62,0.159,0.516,Yes
1658,"Orrstown Financial Services, Inc.",ORRF,34.63,0.265,0.668,Yes
1659,Trane Technologies plc,TT,36.84,0.28,1.291,Yes
1660,Siemens Aktiengesellschaft,SMAWF,41.09,0.308,1.602,Yes
1661,DF Tactical 30 ETF,DFTT,31.69,0.246,1.293,Yes
1662,"Applied Industrial Technologies, Inc.",AIT,34.0,0.262,0.961,Yes
1663,Willis Lease Finance Corporation,WLFC,82.58,0.547,0.784,Yes
1664,SIA Engineering Company Limited,SEGSF,22.86,0.184,0.158,Yes
1665,Delek Group Ltd.,DELKY,48.7,0.357,1.302,Yes
1666,FB Financial Corporation,FBK,32.96,0.255,0.916,Yes
1667,Koninklijke Vopak N.V.,VOPKY,27.4,0.217,0.055,Yes
1668,Aberdeen Group Plc,SLFPY,39.33,0.298,1.04,Yes
1669,Incyte Corporation,INCY,33.92,0.262,0.749,Yes
1670,Imdex Limited,IMDXF,46.34,0.343,0.865,Yes
1671,M&T Bank Corporation,MTB,30.71,0.24,0.959,Yes
1672,Terna S.p.A.,TERRF,21.17,0.172,0.342,Yes
1673,"Inpoint Commercial Real Estate Income, Inc.",ICR-PA,16.93,0.14,0.055,Yes
1674,"Willdan Group, Inc.",WLDN,93.01,0.6,1.427,Yes
1675,"TPG Mortgage Investment Trust, Inc.",MITT-PB,21.24,0.172,0.792,Yes
1676,"Daiichi Life Group, Inc.",DCNSF,47.52,0.351,1.257,No
1677,Collective Mining Ltd.,CNL,94.3,0.607,1.029,No
1678,"Innovent Biologics, Inc.",IVBIY,83.23,0.552,0.608,Yes
1679,"STRATS Trust For Dominion Resources Inc. Securities, Series 2005-6",GJP,5.61,0.049,0.094,Yes
1680,"Huatai Securities Co., Ltd.",HUATF,113.89,0.698,1.96,No
1681,"Axsome Therapeutics, Inc.",AXSM,52.79,0.384,1.081,Yes
1682,Great Elm Capital Corp. 7.75% Notes Due 2030,GECCG,5.61,0.049,0.067,Yes
1683,"SB Financial Group, Inc.",SBFG,36.93,0.284,0.154,Yes
1684,AMMB Holdings Berhad,AMMHF,70.57,0.486,0.192,No
1685,Apple Inc.,AAPL,26.7,0.213,0.785,Yes
1686,Nedbank Group Limited,NDBKY,33.56,0.261,0.512,Yes
1687,"Nuveen Municipal Income Fund, Inc.",NMI,12.43,0.105,0.182,Yes
1688,"Rhinebeck Bancorp, Inc.",RBKB,45.85,0.342,0.275,Yes
1689,"DoorDash, Inc.",DASH,55.68,0.402,1.612,Yes
1690,Nuveen AMT-Free Quality Municipal Income Fund,NEA,13.49,0.114,0.624,Yes
1691,Flaherty & Crumrine Dynamic Preferred and Income Fund Inc.,DFP,16.04,0.134,0.731,Yes
1692,ASR Nederland N.V.,ASRRF,64.6,0.454,1.005,Yes
1693,Rithm Capital Corp.,RITM-PE,7.79,0.067,0.277,Yes
1694,Mitie Group plc,MITFY,43.14,0.325,0.032,No
1695,Solarius Capital Acquisition Corp.,SOCAU,3.06,0.027,0.012,Yes
1696,TP ICAP Group PLC,TCAPF,44.95,0.337,0.282,Yes
1697,"Merchants' National Properties, Inc.",MNPP,27.53,0.219,0.116,Yes
1698,"Lazard Global Total Return and Income Fund, Inc.",LGI,23.62,0.191,1.194,Yes
1699,Independent Bank Corporation,IBCP,35.51,0.275,0.686,Yes
1700,Securitas AB (publ),SCTBF,34.14,0.266,0.002,No
1701,Advent Convertible and Income Fund,AVK,22.45,0.183,1.195,Yes
1702,"Western New England Bancorp, Inc.",WNEB,38.99,0.299,0.717,Yes
1703,Partners Value Investments LP,PVILF,6.51,0.057,0.121,No
1704,"LTC Properties, Inc.",LTC,16.33,0.136,0.14,Yes
1705,OMV Aktiengesellschaft,OMVJF,32.69,0.257,0.227,No
1706,Fastenal Company,FAST,28.76,0.229,0.104,Yes
1707,ALS Limited,CPBLF,40.92,0.312,0.647,Yes
1708,Brookfield Corporation,BRCFF,19.39,0.16,0.142,No
1709,"Williams-Sonoma, Inc.",WSM,59.26,0.426,1.812,Yes
1710,Ramelius Resources Limited,RMLRF,65.74,0.463,0.115,Yes
1711,Koninklijke KPN N.V.,KKPNY,21.7,0.178,0.096,No
1712,Aftermath Silver Ltd.,AAGFF,112.42,0.698,1.077,Yes
1713,Canadian Net Real Estate Investment Trust,CNNRF,17.26,0.144,0.19,Yes
1714,Crédit Agricole S.A.,CRARF,33.32,0.261,0.103,Yes
1715,Knorr-Bremse AG,KNRRY,31.97,0.252,0.497,Yes
1716,APi Group Corporation,APG,37.7,0.291,1.257,Yes
1717,Vizsla Silver Corp.,VZLA,83.08,0.557,1.299,Yes
1718,"United Bancshares, Inc.",UBOH,51.45,0.38,0.239,No
1719,"Live Nation Entertainment, Inc.",LYV,35.05,0.274,1.116,Yes
1720,The Charles Schwab Corporation,SCHW,32.62,0.257,0.722,Yes
1721,"Redwood Trust, Inc.",RWT-PA,10.68,0.092,0.388,Yes
1722,"Construction Partners, Inc.",ROAD,54.88,0.401,1.344,Yes
1723,TMX Group Limited,TMXXF,27.48,0.221,0.265,Yes
1724,Lassonde Industries Inc.,LSDAF,24.41,0.198,0.398,Yes
1725,Teekay Corporation Ltd.,TK,57.61,0.418,0.091,Yes
1726,"TOMY Company, Ltd.",TOMYY,27.76,0.223,0.291,Yes
1727,Ubiquiti Inc.,UI,96.47,0.626,1.408,Yes
1728,First Trust Equity Market Neutral ETF,NTRL,4.6,0.041,0.047,Yes
1729,Alfa Laval AB (publ),ALFVF,26.39,0.213,0.388,Yes
1730,Western Asset Premier Bond Fund,WEA,9.88,0.085,0.25,Yes
1731,Tantalus Systems Holding Inc.,TGMPF,93.05,0.61,0.634,Yes
1732,Singapore Telecommunications Limited,SNGNF,32.02,0.254,0.097,No
1733,"Palomar Holdings, Inc.",PLMR,47.19,0.355,0.415,Yes
1734,FireFly Metals Ltd,FFMFF,70.56,0.493,1.931,Yes
1735,ASICS Corporation,ASCCF,68.79,0.483,0.686,Yes
1736,"COSCO SHIPPING Holdings Co., Ltd.",CICOY,50.91,0.378,0.165,No
1737,PETRONAS Gas Berhad,PNAGF,31.25,0.249,0.417,Yes
1738,Budimex SA,BDMXF,92.64,0.609,0.393,Yes
1739,Dundee Corporation,DDEJF,92.76,0.61,0.303,Yes
1740,"Global Net Lease, Inc.",GNL-PA,18.15,0.152,0.476,Yes
1741,Wesfarmers Limited,WFAFF,32.13,0.255,0.544,Yes
1742,"United States Lime & Minerals, Inc.",USLM,56.68,0.414,0.377,Yes
1743,Novanta Inc.,NOVTU,36.99,0.289,1.319,Yes
1744,Nuveen Quality Municipal Income Fund,NAD,13.41,0.115,0.666,Yes
1745,IMAX Corporation,IMAX,47.94,0.361,0.036,Yes
1746,Enel Chile S.A.,ENIC,27.22,0.22,0.692,Yes
1747,CT Real Estate Investment Trust,CTRRF,17.95,0.151,0.431,Yes
1748,ASICS Corporation,ASCCY,62.3,0.448,1.692,Yes
1749,Invesco High Income Trust II,VLT,11.52,0.099,0.645,Yes
1750,BioSyent Inc.,BIOYF,31.2,0.249,0.413,Yes
1751,"Fuji Media Holdings, Inc.",FJTNY,46.45,0.352,0.258,No
1752,"ENEOS Holdings, Inc.",JXHGF,35.03,0.276,0.43,No
1753,Stifel Financial Corp.,SF,32.58,0.259,0.919,Yes
1754,Kits Eyecare Ltd.,KTYCF,65.11,0.465,0.443,Yes
1755,Harvey Norman Holdings Limited,HNORF,31.51,0.252,0.076,No
1756,YieldMax JP Option Income Strategy ETF,JPO,18.64,0.156,0.748,Yes
1757,Kingsgate Consolidated Limited,KSKGF,113.77,0.713,1.966,Yes
1758,"Darden Restaurants, Inc.",DRI,20.36,0.17,0.441,Yes
1759,Essity AB (publ),ETTYF,75.33,0.523,1.136,No
1760,Aegon Ltd.,AEGOF,29.86,0.24,0.881,Yes
1761,Heidelberg Materials AG,HLBZF,46.57,0.354,0.876,Yes
1762,Avon Technologies Plc,AVNBF,58.65,0.428,0.031,Yes
1763,Fox Corporation,FOXA,37.22,0.292,0.556,Yes
1764,Zijin Mining Group Company Limited,ZIJMF,60.85,0.442,0.274,Yes
1765,"First Capital, Inc.",FCAP,42.8,0.33,0.272,Yes
1766,F & M Bank Corp.,FMBM,38.57,0.301,0.512,Yes
1767,Super Group (SGHC) Limited,SGHC,83.05,0.565,1.026,Yes
1768,The Gabelli Equity Trust Inc.,GAB,15.82,0.135,0.654,Yes
1769,"NRG Energy, Inc.",NRG,58.43,0.428,1.233,Yes
1770,CMOC Group Limited,CMCLF,83.26,0.567,0.757,Yes
1771,Valeura Energy Inc.,VLERF,81.96,0.56,1.725,No
1772,Japan Tobacco Inc.,JAPAF,35.6,0.281,0.238,No
1773,ESCO Technologies Inc.,ESE,47.82,0.362,0.757,Yes
1774,Middlebury National Corporation,MDVT,31.72,0.254,0.173,No
1775,"Global Net Lease, Inc.",GNL-PE,21.13,0.176,0.72,Yes
1776,Chiron Real Estate Inc.,XRN-PA,7.74,0.068,0.069,Yes
1777,Beazley plc,BZLYF,51.41,0.385,0.416,Yes
1778,Exosens,EXOSF,0.7,0.006,0.015,Yes
1779,Trojan Gold Inc.,TRJGF,24.84,0.204,0.253,No
1780,Sabvest Capital Limited,SBVTF,18.09,0.153,0.82,Yes
1781,Magna Mining Inc.,MGMNF,80.17,0.551,7.84,Yes
1782,Truist Financial Corporation,TFC,30.63,0.247,1.176,Yes
1783,Hargreaves Services Plc,HGRVF,28.6,0.232,0.097,Yes
1784,Sensient Technologies Corporation,SXT,42.7,0.33,0.893,Yes
1785,Genco Shipping & Trading Limited,GNK,39.35,0.308,1.006,Yes
1786,Coca-Cola Europacific Partners PLC,CCEP,27.15,0.222,0.292,Yes
1787,"Equity Bancshares, Inc.",EQBK,33.85,0.27,0.713,Yes
1788,Games Workshop Group PLC,GMWKF,34.29,0.273,0.475,Yes
1789,Preferred Bank,PFBC,25.51,0.21,0.53,Yes
1790,Pearson plc,PSO,21.29,0.178,0.203,Yes
1791,Atlanticus Holdings Corporation,ATLCP,18.15,0.154,0.658,Yes
1792,"The European Equity Fund, Inc.",EEA,17.23,0.147,0.755,Yes
1793,Investors Title Company,ITIC,37.9,0.298,0.715,Yes
1794,Franklin Financial Services Corporation,FRAF,41.94,0.326,0.312,No
1795,E.ON SE,EONGY,28.6,0.233,0.043,Yes
1796,PJT Partners Inc.,PJT,39.39,0.309,1.325,Yes
1797,Swiss Re AG,SSREF,26.04,0.214,0.376,Yes
1798,"Ballston Spa Bancorp, Inc.",BSPA,19.16,0.162,0.158,Yes
1799,GCM Grosvenor Inc.,GCMG,30.26,0.245,0.562,Yes
1800,Thule Group AB (publ),THLPF,46.15,0.354,1.068,No
1801,Roivant Sciences Ltd.,ROIV,57.14,0.423,0.677,Yes
1802,PCB Bancorp,PCB,30.14,0.245,0.623,Yes
1803,Greencore Group plc,GNCGY,71.72,0.508,0.935,Yes
1804,"Dominion Energy, Inc.",D,21.46,0.18,0.585,Yes
1805,Tennessee Valley Authority,TVC,6.03,0.054,0.044,Yes
1806,Hippo Holdings Inc.,HIPO,87.44,0.593,1.565,Yes
1807,"ECB Bancorp, Inc.",ECBK,27.2,0.224,0.415,Yes
1808,Vox Royalty Corp.,VOXR,54.36,0.407,0.251,Yes
1809,Cadiz Inc.,CDZIP,31.21,0.253,0.416,Yes
1810,Old Republic International Corporation,ORI,27.36,0.225,0.229,Yes
1811,ArcelorMittal S.A.,AMSYF,49.97,0.38,1.228,Yes
1812,BAE Systems plc,BAESY,39.87,0.314,0.294,No
1813,AllianceBernstein Global High Income Fund,AWF,9.88,0.087,0.465,Yes
1814,PYC Therapeutics Limited,PYCXF,61.45,0.451,0.329,Yes
1815,AB SKF (publ),SKFRY,27.92,0.229,1.104,Yes
1816,Swissquote Group Holding SA,SWQGF,49.14,0.375,0.211,Yes
1817,CCL Industries Inc.,CCLLF,22.73,0.191,0.209,No
1818,NewMarket Corporation,NEU,32.5,0.263,0.664,Yes
1819,Emera Incorporated,ERRAF,22.35,0.188,0.391,Yes
1820,Integrated Wellness Acquisition Corp,WELNF,3.83,0.035,0.032,Yes
1821,FFW Corporation,FFWC,17.49,0.15,0.172,No
1822,Western Asset Diversified Income Fund,WDI,12.79,0.112,0.609,Yes
1823,SEI Investments Company,SEIC,28.04,0.231,1.047,Yes
1824,S A M Trade Asia Pte Ltd.,SMFX,47.05,0.362,0.095,No
1825,CK Asset Holdings Limited,CNGKY,28.6,0.235,0.673,Yes
1826,Keen Vision Acquisition Corporation,KVACF,6.09,0.055,0.005,Yes
1827,Aurubis AG,AIAGF,51.4,0.391,0.178,Yes
1828,"NorthWestern Energy Group, Inc.",NWE,20.43,0.173,0.238,Yes
1829,Resolute Mining Limited,RMGGF,110.86,0.712,0.489,Yes
1830,Lancashire Holdings Limited,LCSHY,9.85,0.087,0.201,No
1831,"BV Financial, Inc.",BVFL,33.6,0.272,0.326,Yes
1832,UMB Financial Corporation,UMBFO,11.12,0.098,0.468,Yes
1833,Morguard Real Estate Investment Trust,MGRUF,15.62,0.135,0.148,Yes
1834,Admie Holding S.A.,HCAEF,18.04,0.155,0.187,Yes
1835,City Holding Company,CHCO,22.38,0.189,0.466,Yes
1836,"Kawasaki Heavy Industries, Ltd.",KWHIY,67.61,0.49,0.702,Yes
1837,Rexel S.A.,RXEEY,33.31,0.27,0.929,Yes
1838,Powszechny Zaklad Ubezpieczen SA,PZAKY,59.43,0.441,0.98,Yes
1839,Medical Facilities Corporation,MFCSF,22.4,0.189,0.317,Yes
1840,Citizens Bancshares Corporation,CITZ,18.49,0.159,0.001,Yes
1841,Gabelli ETFs Trust - Gabelli Global Technology Leaders ETF,GGTL,23.3,0.196,1.26,Yes
1842,Nuveen Select Maturities Municipal Fund,NIM,7.69,0.069,0.042,Yes
1843,Invesco Ltd.,IVZ,46.56,0.361,1.635,Yes
1844,tonies SE,TNIEF,42.29,0.332,0.295,No
1845,Grupo Aval Acciones y Valores S.A.,AVAL,45.36,0.353,0.252,Yes
1846,Legal & General Group Plc,LGGNF,23.63,0.199,0.576,Yes
1847,"Westell Technologies, Inc.",WSTL,74.61,0.531,0.506,Yes
1848,PCCW Limited,PCWLF,26.8,0.223,0.275,No
1849,SD Guthrie Berhad,SDPNF,46.73,0.363,0.05,Yes
1850,Neo Performance Materials Inc.,NOPMF,88.79,0.608,1.24,Yes
1851,OneSpaWorld Holdings Limited,OSW,37.9,0.303,0.957,Yes
1852,Ayvens,ALLDF,35.6,0.288,0.078,No
1853,Fortuna Mining Corp.,FSM,101.93,0.675,0.337,Yes
1854,"The Bank of East Asia, Limited",BKEAY,30.24,0.249,0.359,Yes
1855,Isabella Bank Corporation,ISBA,31.74,0.26,0.015,Yes
1856,Pictet AI & Automation ETF,PBOT,40.16,0.32,1.76,Yes
1857,Hera S.p.A.,HRASF,20.52,0.176,0.31,Yes
1858,Franklin Dividend Growth ETF,FRIZ,10.34,0.092,0.534,Yes
1859,"Tarsus Pharmaceuticals, Inc.",TARS,93.4,0.633,0.377,Yes
1860,Fox Corporation,FOX,35.51,0.287,0.594,Yes
1861,NYLI CBRE Global Infrastructure Megatrends Term Fund,MEGI,22.41,0.19,0.636,Yes
1862,Southeastern Banking Corporation,SEBC,25.88,0.217,0.354,Yes
1863,"CenterPoint Energy, Inc.",CNP,18.75,0.162,0.005,No
1864,Eaton Vance Municipal Income 2028 Term Trust,ETX,7.87,0.071,0.257,Yes
1865,Toromont Industries Ltd.,TMTNF,27.13,0.227,0.659,Yes
1866,Pardee Resources Company,PDER,17.95,0.156,0.266,No
1867,Babcock International Group PLC,BCKIY,60.22,0.45,0.232,Yes
1868,"First Community Bankshares, Inc.",FCBC,29.47,0.245,0.307,Yes
1869,Tanger Inc.,SKT,26.69,0.224,0.621,Yes
1870,"InsCorp, Inc.",IBTN,18.8,0.163,0.542,Yes
1871,Travel + Leisure Co.,TNL,33.5,0.274,0.969,Yes
1872,Eaton Vance Enhanced Equity Income Fund II,EOS,18.69,0.162,1.098,Yes
1873,Eaton Vance Limited Duration Income Fund,EVV,10.32,0.093,0.47,Yes
1874,UL Solutions Inc.,ULS,48.96,0.381,0.627,Yes
1875,BlackRock Credit Allocation Income Trust,BTZ,12.07,0.108,0.591,Yes
1876,"Delcath Systems, Inc.",DCTH,90.51,0.623,1.142,Yes
1877,Fundstrat Granny Shots US Large Cap & Income ETF,GRNI,15.93,0.14,0.89,Yes
1878,"Zoomlion Heavy Industry Science and Technology Co., Ltd.",ZLIOF,33.86,0.278,0.447,Yes
1879,Shandong Xinhua Pharmaceutical Company Limited,SHNXY,1.84,0.017,0.006,No
1880,BeWhere Holdings Inc.,BEWFF,73.29,0.529,1.64,Yes
1881,Metalla Royalty & Streaming Ltd.,MTA,71.32,0.519,1.055,Yes
1882,CLP Holdings Limited,CLPHF,16.97,0.149,0.213,Yes
1883,Fidelity Enhanced Mid Cap Growt,FEMG,16.57,0.145,0.936,Yes
1884,Indofood Agri Resources Ltd.,INDFY,13.34,0.119,0.032,No
1885,Brady Corporation,BRC,22.59,0.194,0.57,Yes
1886,Topaz Energy Corp.,TPZEF,20.44,0.177,0.228,Yes
1887,"Alexander's, Inc.",ALX,27.67,0.233,0.43,Yes
1888,Computershare Limited,CMSQY,28.79,0.241,0.54,Yes
1889,"Southern First Bancshares, Inc.",SFST,38.76,0.314,0.772,Yes
1890,Boston Pizza Royalties Income Fund,BPZZF,19.98,0.173,0.335,Yes
1891,Crown Reserve Acquisition Corp. I,CRACU,1.86,0.017,0.038,Yes
1892,"Broadstone Net Lease, Inc.",BNL,23.68,0.203,0.613,Yes
1893,Invesco California Value Municipal Income Trust,VCV,16.23,0.143,0.695,Yes
1894,Brookfield Wealth Solutions Ltd.,BNT,30.61,0.256,1.488,Yes
1895,Orange S.A.,ORANY,25.49,0.217,0.03,No
1896,JB Hi-Fi Limited,JBHIF,40.7,0.328,0.502,Yes
1897,"SPX Technologies, Inc.",SPXC,42.94,0.344,1.657,Yes
1898,Brookfield Corporation,BN,31.04,0.259,1.571,Yes
1899,"MDU Resources Group, Inc.",MDU,29.92,0.251,0.749,Yes
1900,Erdene Resource Development Corporation,ERDCF,78.13,0.561,0.869,Yes
1901,Babcock International Group PLC,BCKIF,57.41,0.438,0.885,Yes
1902,Marquette National Corporation,MNAT,16.59,0.146,0.446,Yes
1903,Hills Bancorporation,HBIA,14.72,0.131,0.266,Yes
1904,"Dycom Industries, Inc.",DY,68.95,0.509,2.394,Yes
1905,Eaton Vance Municipal Income Trust,EVN,13.68,0.122,0.568,Yes
1906,"United Fire Group, Inc.",UFCS,54.23,0.419,0.568,Yes
1907,"Viper Energy, Inc.",VNOM,28.29,0.239,0.353,Yes
1908,Jupiter Fund Management Plc,JFHHF,40.6,0.328,0.677,Yes
1909,Western Asset Intermediate Muni Fund Inc.,SBI,8.97,0.082,0.409,Yes
1910,HAL Trust,HALFF,20.39,0.178,0.524,Yes
1911,"Nuveen Municipal Value Fund, Inc.",NUV,7.77,0.071,0.326,Yes
1912,"National Presto Industries, Inc.",NPK,38.07,0.311,0.188,Yes
1913,Energy Transition Special Opportunities,ETSS,1.84,0.017,,
1914,Northern Star Resources Limited,NESRF,53.09,0.412,0.439,Yes
1915,"Team, Inc.",TISI,75.83,0.55,0.635,No
1916,Nuveen Municipal Credit Income Fund,NZF,14.2,0.127,0.717,Yes
1917,Bank of America Corporation,BAC-PL,11.72,0.106,0.441,Yes
1918,"Marathon Bancorp, Inc.",MBBC,43.17,0.347,0.416,Yes
1919,Ebara Corporation,EBCOY,64.36,0.483,2.007,Yes
1920,Mountain Crest Acquisition Corp. V,MCAG,8.12,0.075,0.122,Yes
1921,M&G plc,MGPUF,36.27,0.298,1.052,Yes
1922,The Allstate Corporation,ALL-PJ,6.2,0.057,0.243,Yes
1923,Amex Gold Mining Inc.,AMXEF,85.56,0.604,1.918,Yes
1924,AB Volvo (publ),VLVLY,33.2,0.277,0.988,Yes
1925,Truth Social American Next Frontiers ETF,TSNF,49.4,0.39,2.027,Yes
1926,Cincinnati Financial Corporation,CINF,24.24,0.209,0.432,Yes
1927,Lake Ridge Bancorp Inc.,LRBI,24.66,0.213,0.267,No
1928,Bombardier Inc.,BDRXF,25.96,0.223,0.081,No
1929,AAC Technologies Holdings Inc.,AACAY,73.9,0.541,1.903,Yes
1930,Snam S.p.A.,SNMRY,21.17,0.185,0.088,Yes
1931,"Apollo Global Management, Inc. ",APOS,5.76,0.054,0.165,Yes
1932,Bouygues SA,BOUYF,30.92,0.261,0.313,Yes
1933,Traton SE,TRATY,45.35,0.363,1.587,No
1934,Massachusetts Business Development Corp.,MBDC,0.54,0.005,0.004,No
1935,KP Tissue Inc.,KPTSF,21.04,0.184,0.197,Yes
1936,Cranswick plc,CRWKF,32.77,0.275,0.144,No
1937,China Everbright Environment Group Limited,CHFFF,35.71,0.296,0.082,Yes
1938,Malayan Banking Berhad,MLYNF,32.83,0.275,0.385,No
1939,BTB Real Estate Investment Trust,BTBIF,16.76,0.149,0.486,Yes
1940,"MetroCity Bankshares, Inc.",MCBS,29.34,0.249,0.776,Yes
1941,Reunert Limited,RNRTY,11.86,0.108,0.022,No
1942,Severn Trent PLC,STRNY,22.74,0.198,0.067,Yes
1943,DRDGOLD Limited,DRDGF,85.39,0.607,0.616,No
1944,Canadian Utilities Limited 2ND PFD SER Y,CNAUF,13.79,0.125,0.147,No
1945,FirstRand Limited,FANDY,29.37,0.25,1.006,Yes
1946,"Stock Yards Bancorp, Inc.",SYBT,34.58,0.289,0.718,Yes
1947,"BridgeBio Pharma, Inc.",BBIO,56.9,0.441,0.511,Yes
1948,"QCR Holdings, Inc.",QCRH,32.79,0.276,0.803,Yes
1949,FLSmidth & Co. A/S,FLIDY,35.64,0.297,0.525,Yes
1950,BB Biotech AG,BBAGF,2.84,0.027,0.08,No
1951,Axiom Intelligence Acquisition Corp 1,AXINU,5.5,0.052,0.179,Yes
1952,"JD Bancshares, Inc.",JDVB,17.73,0.158,0.366,No
1953,OGE Energy Corp.,OGE,17.6,0.157,0.081,Yes
1954,AllianceBernstein Holding L.P.,AB,18.43,0.164,0.395,Yes
1955,BNP Paribas SA,BNPQY,37.16,0.308,0.274,Yes
1956,NYLIM ETF Trust - NYLIM CBRE Real Estate & Infrastructure ETF,REIX,14.83,0.134,0.566,Yes
1957,Piper Sandler Companies,PIPR,36.99,0.307,1.434,Yes
1958,Severn Trent PLC,SVTRF,21.48,0.189,0.022,No
1959,China Tower Corporation Limited,CHWRF,82.96,0.597,0.323,No
1960,"Arbor Realty Trust, Inc.",ABR-PF,17.25,0.154,0.344,Yes
1961,Neostellar Capital Corp.,NSLR,59.46,0.459,1.48,Yes
1962,"PGIM High Yield Bond Fund, Inc.",ISD,12.16,0.111,0.493,Yes
1963,Mo-BRUK S.A.,MBRFF,30.02,0.256,0.222,No
1964,Malaga Financial Corporation,MLGF,9.66,0.089,0.001,Yes
1965,Nolato AB (publ),NLTBF,78.57,0.573,1.717,Yes
1966,Investment AB Latour (publ),IVTBF,36.29,0.303,0.88,Yes
1967,China Everbright Environment Group Limited,CHFFY,34.55,0.29,0.091,No
1968,"Eagle Bancorp Montana, Inc.",EBMT,33.32,0.281,0.38,Yes
1969,"West Bancorporation, Inc.",WTBA,31.13,0.265,0.637,Yes
1970,Tompkins Financial Corporation,TMP,37.72,0.314,0.793,Yes
1971,"Bridgewater Bancshares, Inc.",BWBBP,16.17,0.146,0.24,Yes
1972,"Rubrik, Inc.",RBRK,84.19,0.606,1.243,Yes
1973,"Kratos Defense & Security Solutions, Inc.",KTOS,73.76,0.547,1.32,Yes
1974,Harford Bank,HFBK,15.46,0.14,0.105,No
1975,RWE Aktiengesellschaft,RWNFF,30.9,0.264,0.033,Yes
1976,"Capital City Bank Group, Inc.",CCBG,25.54,0.222,0.252,Yes
1977,Uwharrie Capital Corp,UWHR,24.59,0.215,0.339,Yes
1978,Mitie Group plc,MITFF,44.18,0.36,0.359,Yes
1979,Skanska AB (publ),SKSBF,27.86,0.241,0.773,Yes
1980,Dollarama Inc.,DLMAF,25.92,0.226,0.171,Yes
1981,Alliant Energy Corporation,LNT,17.65,0.159,0.152,Yes
1982,"ACI Worldwide, Inc.",ACIW,41.43,0.341,0.923,Yes
1983,OFG Bancorp,OFG,26.99,0.234,0.84,Yes
1984,"OPENLANE, Inc.",OPLN,42.03,0.345,1.303,Yes
1985,"Solera National Bancorp, Inc.",SLRK,31.8,0.271,0.034,Yes
1986,Cornerstone Bancorp Inc.,CNBP,28.33,0.244,0.097,Yes
1987,Seneca Foods Corporation PFD $12.00,SENEM,98.16,0.683,0.554,Yes
1988,AB SKF (publ),SKUFF,31.96,0.272,0.145,No
1989,Virtus Duff & Phelps Real Estat,DPRE,8.19,0.077,0.468,No
1990,Alamos Gold Inc.,AGI,69.17,0.522,0.129,No
1991,"Village Super Market, Inc.",VLGEA,34.06,0.288,0.061,No
1992,"Global Ship Lease, Inc.",GSL-PB,10.21,0.095,0.23,Yes
1993,"Omega Healthcare Investors, Inc.",OHI,22.23,0.197,0.112,Yes
1994,Arbutus Biopharma Corporation,ABUS,45.71,0.372,0.415,Yes
1995,"TSI Holdings Co.,Ltd.",TSIHF,23.8,0.209,0.401,No
1996,"United Natural Foods, Inc.",UNFI,65.92,0.503,0.835,Yes
1997,Flagship Communities Real Estate Investment Trust,MHCUF,20.21,0.181,0.036,Yes
1998,Huntington Bancshares Incorporated,HBANL,9.71,0.091,0.357,Yes
1999,,CCYY,26.72,0.233,0.051,Yes
2000,"Pro-Dex, Inc.",PDEX,94.59,0.667,0.854,No
2001,Eurocommercial Properties N.V.,ECMPF,26.72,0.233,0.385,Yes
2002,Montana Aerospace AG,MTASF,100.32,0.697,1.129,Yes
2003,"Logista Integral, S.A.",CDNIF,32.28,0.276,0.136,Yes
2004,Azrieli Group Ltd.,AZRGF,42.94,0.353,0.212,No
2005,"Jinmao Property Services Co., Limited",JPPSF,76.85,0.569,0.482,Yes
2006,Sandvik AB (publ),SDVKF,36.23,0.305,0.984,Yes
2007,FACB Industries Incorporated Berhad,FBBCF,35.61,0.301,0.3,Yes
2008,Peace Acquisition Corp,PECEU,9.76,0.091,0.783,No
2009,The Southern Company,SO,16.32,0.148,0.014,No
2010,Globex Mining Enterprises Inc.,GLBXF,47.67,0.386,0.099,Yes
2011,Vodacom Group Limited,VDMCY,29.24,0.253,0.332,Yes
2012,RIT Capital Partners Plc,RITPF,15.36,0.14,0.199,Yes
2013,"Prosegur Compañía de Seguridad, S.A.",PGCSF,37.56,0.315,0.49,Yes
2014,Bioventus Inc.,BVS,94.58,0.668,0.862,Yes
2015,Boliden AB (publ),BLIDF,63.33,0.489,0.133,No
2016,Fortis Inc.,FRTSF,48.46,0.392,0.445,No
2017,John Hancock Financial Opportunities Fund,BTO,26.87,0.235,0.818,Yes
2018,IHI Corporation,IHICY,70.68,0.534,0.469,Yes
2019,"Farmers & Merchants Bancshares, Inc.",FMBN,42.29,0.349,0.14,No
2020,"Mueller Water Products, Inc.",MWA,30.31,0.261,0.539,Yes
2021,Black Diamond Group Limited,BDIMF,47.58,0.386,1.283,Yes
2022,BCE Inc.,BCEXF,5.69,0.054,0.082,Yes
2023,"US Metro Bancorp, Inc.",USMT,27.7,0.241,0.558,Yes
2024,Tokuyama Corporation,TKYMY,28.77,0.25,0.017,No
2025,"BlackRock, Inc.",BLK,28.14,0.245,1.321,Yes
2026,Duratec Limited,DURCF,80.95,0.595,0.813,Yes
2027,SMART Trend 25 ETF,STRN,32.97,0.282,1.857,Yes
2028,"Sonae, SGPS, S.A.",SOSSF,9.92,0.093,0.268,Yes
2029,Chemring Group PLC,CMGMF,39.15,0.328,0.664,Yes
2030,"Life360, Inc.",LIFX,92.93,0.661,1.113,Yes
2031,QBE Insurance Group Limited,QBIEY,24.58,0.217,0.501,Yes
2032,EFG International AG,EFGIF,45.34,0.372,0.212,Yes
2033,Metso Oyj,OUKPY,37.72,0.318,1.059,Yes
2034,Novartis AG,NVS,20.86,0.187,0.105,Yes
2035,TISCO Financial Group Public Company Limited,TSCFY,12.95,0.12,0.105,Yes
2036,McKesson Corporation,MCK,32.9,0.282,0.119,Yes
2037,Computershare Limited,CMSQF,28.12,0.245,0.324,Yes
2038,Sagicor Financial Company Ltd.,SGCFF,30.2,0.262,0.08,No
2039,Hanmi Financial Corporation,HAFC,37.15,0.314,0.936,Yes
2040,"Industria de Diseño Textil, S.A.",IDEXY,29.98,0.26,1.08,Yes
2041,Old National Bancorp,ONB,28.11,0.245,0.962,Yes
2042,"Royal Gold, Inc.",RGLD,47.27,0.386,0.07,Yes
2043,Eni S.p.A.,EIPAF,36.99,0.313,0.67,No
2044,Spectral Medical Inc.,EDTXF,81.1,0.598,0.337,Yes
2045,Bouygues SA,BOUYY,29.19,0.254,0.379,No
2046,Perenti Limited,AUSDF,59.99,0.471,0.274,Yes
2047,Berto Acquisition Corp. II,GUACU,3.26,0.032,0.461,No
2048,Metrovacesa S.A.,MRVCF,37.49,0.317,0.208,No
2049,New Providence Acquisition Corp. III,NPAC,2.12,0.021,0.07,Yes
2050,"PHI Group, Inc.",PHIG,30.73,0.266,0.477,No
2051,"Life Time Group Holdings, Inc.",LTH,54.03,0.433,1.278,Yes
2052,"Global Net Lease, Inc.",GNL-PB,20.05,0.181,0.423,Yes
2053,China Conch Venture Holdings Limited,CCVTF,57.43,0.455,0.156,Yes
2054,"Chunghwa Telecom Co., Ltd.",CHT,11.34,0.106,0.461,Yes
2055,Vodafone Group Public Limited Company,VODPF,27.93,0.245,0.095,Yes
2056,Adkins Energy LLC,ADKIL,7.17,0.068,0.048,Yes
2057,Telecom Italia S.p.A.,TIAJF,63.07,0.491,0.376,Yes
2058,Betsson AB (publ),BTSBF,57.63,0.457,0.77,Yes
2059,"Everus Construction Group, Inc.",ECG,86.92,0.632,2.403,Yes
2060,"Comstock Holding Companies, Inc.",CHCI,98.28,0.694,2.294,No
2061,"Annaly Capital Management, Inc.",NLY,24.18,0.215,0.905,Yes
2062,Orezone Gold Corporation,ORZCF,63.18,0.493,0.266,No
2063,TerraVest Industries Inc.,TRRVF,61.84,0.485,0.709,Yes
2064,Gladstone Investment Corporation 4.875% Notes due 2028,GAINZ,7.87,0.075,0.22,Yes
2065,GLACIAL LAKES CORN PROCESSORS U,GLLL,15.23,0.141,0.311,No
2066,"Industria de Diseño Textil, S.A.",IDEXF,30.6,0.266,1.043,Yes
2067,Koninklijke KPN N.V.,KKPNF,20.16,0.183,0.126,No
2068,Emperor Watch & Jewellery Limited,EPRJF,115.03,0.781,1.196,Yes
2069,Medicover AB (publ),MCVEY,1.11,0.011,0.011,Yes
2070,INDUS Holding AG,INDHF,10.07,0.095,0.108,No
2071,"Capital Bancorp, Inc.",CBNK,30.47,0.266,0.437,Yes
2072,Marubeni Corporation,MARUF,35.67,0.305,0.388,Yes
2073,TowneBank,TOWN,25.13,0.224,0.67,Yes
2074,"Solstice Advanced Materials, Inc.",SOLS,75.78,0.571,0.489,Yes
2075,Securitas AB (publ),SCTBY,34.41,0.296,0.448,Yes
2076,Badger Infrastructure Solutions Ltd.,BDGIF,44.78,0.372,1.228,Yes
2077,"Pharma Mar, S.A.",PHMMF,59.83,0.473,0.72,Yes
2078,"Liquidity Services, Inc.",LQDT,42.61,0.357,0.161,Yes
2079,"IDACORP, Inc.",IDA,18.89,0.173,0.132,Yes
2080,Algoma Central Corporation,AGMJF,22.86,0.206,0.185,Yes
2081,Finning International Inc.,FINGF,41.43,0.348,0.888,Yes
2082,Vienna Insurance Group AG,VNRFY,68.67,0.529,1.142,Yes
2083,Helios Towers plc,HTWSF,44.47,0.37,1.138,Yes
2084,Eventide Large Cap Growth ETF,ESLG,18.73,0.171,1.114,Yes
2085,Ameren Corporation,AEE,17.41,0.16,0.085,Yes
2086,Canagold Resources Ltd.,CRCUF,62.54,0.492,0.917,Yes
2087,"Miramar Hotel and Investment Company, Limited",MMHTF,47.63,0.393,0.187,Yes
2088,Commonwealth Bank of Australia,CMWAY,29.05,0.256,0.777,Yes
2089,Lisi S.A.,LSIIF,44.71,0.373,0.592,Yes
2090,argenx SE,ARGNF,51.08,0.417,0.432,No
2091,FirstEnergy Corp.,FE,16.76,0.155,0.096,No
2092,"BlackRock MuniHoldings New Jersey Quality Fund, Inc.",MUJ,12.98,0.122,0.673,Yes
2093,AXIS Capital Holdings Limited,AXS,26.38,0.235,0.249,Yes
2094,"Mirum Pharmaceuticals, Inc.",MIRM,63.39,0.499,1.153,Yes
2095,Schindler Holding AG,SHLRF,21.7,0.197,0.389,Yes
2096,Eagle Point Credit Company,ECC-PD,6.96,0.067,0.232,Yes
2097,Airtel Africa Plc,AAFRF,67.69,0.526,0.395,No
2098,Nexxen International Ltd.,NEXN,54.37,0.44,0.955,Yes
2099,Phibro Animal Health Corporation,PAHC,70.12,0.541,0.156,No
2100,NetLink NBN Trust,NETLF,19.83,0.182,0.451,Yes
2101,HEICO Corporation,HEI,32.68,0.285,1.044,Yes
2102,China CITIC Bank Corporation Limited,CHCJY,48.95,0.404,0.807,Yes
2103,Italgas S.p.A.,ITGGF,32.45,0.284,0.014,No
2104,"Hocking Valley Bancshares, Inc.",HCKG,69.44,0.538,0.287,Yes
2105,Journey Energy Inc.,JRNGF,77.97,0.589,1.011,Yes
2106,Hess Midstream LP,HESM,23.83,0.215,0.306,Yes
2107,"RadNet, Inc.",RDNT,52.31,0.428,1.784,Yes
2108,United Therapeutics Corporation,UTHR,38.5,0.33,0.185,Yes
2109,"Almirall, S.A.",ALMRY,12.63,0.12,0.49,No
2110,Bufab AB (publ),BFAAF,19.42,0.179,0.993,Yes
2111,Cerrado Gold Inc.,CRDOF,112.11,0.776,0.098,Yes
2112,Deutsche EuroShop AG,DHRPY,15.31,0.143,0.038,Yes
2113,"Citi Trends, Inc.",CTRN,65.77,0.517,0.677,Yes
2114,"Madrigal Pharmaceuticals, Inc.",MDGL,84.1,0.627,1.366,Yes
2115,Fireweed Metals Corp.,FWEDF,56.92,0.46,0.85,Yes
2116,ZIM Integrated Shipping Services Ltd.,ZIM,107.46,0.754,0.166,No
2117,"Urban Outfitters, Inc.",URBN,45.3,0.38,1.26,Yes
2118,SRG Global Limited,SRGGF,35.05,0.305,1.018,No
2119,National Fuel Gas Company,NFG,23.61,0.214,0.198,No
2120,Münchener Rückversicherungs-Gesellschaft Aktiengesellschaft in München,MURGY,23.15,0.211,0.015,No
2121,Halma plc,HALMY,35.24,0.306,1.68,Yes
2122,F.N.B. Corporation,FNB,26.73,0.24,1.035,Yes
2123,Amplify SILJ Junior Silver Miners Covered Call ETF,SLJY,59.85,0.48,0.854,Yes
2124,PICC Property and Casualty Company Limited,PPCCY,29.34,0.261,0.415,Yes
2125,"Equitable Holdings, Inc.",EQH,28.37,0.253,1.204,Yes
2126,COPT Defense Properties,CDP,22.29,0.204,0.329,Yes
2127,"Fluidra, S.A.",FLDAY,8.18,0.079,0.128,No
2128,"Marriott International, Inc.",MAR,25.05,0.227,1.06,Yes
2129,"Goldwind Science&Technology Co., Ltd.",XNJJY,1.85,0.018,0.01,No
2130,Spire Inc.,SR,20.24,0.187,0.292,Yes
2131,Millicom International Cellular S.A.,MLCMF,34.2,0.299,0.715,No
2132,Nordex SE,NRXXY,71.3,0.553,1.175,No
2133,Simplify Ancorato Target 25 Distribution ETF,XXV,15.25,0.144,0.68,Yes
2134,"ENEOS Holdings, Inc.",JXHLY,36.82,0.319,0.007,No
2135,Elia Group SA/NV,ELIAF,20.54,0.189,0.003,No
2136,ACRES Commercial Realty Corp.,ACR-PD,13.83,0.131,0.455,Yes
2137,"Tokio Marine Holdings, Inc.",TKOMF,35.65,0.311,0.236,No
2138,Sea Limited,SE,49.8,0.414,0.91,Yes
2139,Brookdale Senior Living Inc.,BKD,56.98,0.463,0.421,Yes
2140,IRADIMED CORPORATION,IRMD,32.6,0.288,0.539,Yes
2141,Legacy Education Inc.,LGCY,83.84,0.63,1.057,Yes
2142,"The GEO Group, Inc.",GEO,83.6,0.629,0.723,Yes
2143,Nova Ltd.,NVMI,67.05,0.529,2.368,Yes
2144,Abrdn World Healthcare Fund,THW,21.74,0.2,0.92,Yes
2145,COFACE SA,COFAF,24.4,0.222,0.248,Yes
2146,Hensoldt AG,HAGHY,75.58,0.582,0.583,Yes
2147,GoGold Resources Inc.,GLGDF,80.56,0.612,0.444,Yes
2148,Alkane Resources Ltd,ALKEF,80.31,0.61,0.131,No
2149,Imperial Petroleum Inc.,IMPP,71.32,0.556,0.983,Yes
2150,Flowserve Corporation,FLS,33.78,0.298,1.123,Yes
2151,Jiangxi Copper Company Limited,JIAXF,73.14,0.568,0.431,No
2152,KGHM Polska Miedz S.A.,KGHPF,59.7,0.483,0.865,Yes
2153,IBEX Limited,IBEX,46.59,0.393,1.154,Yes
2154,Western Asset Municipal High Income Fund Inc.,MHF,10.36,0.1,0.202,Yes
2155,The Monarch Cement Company,MCEM,26.87,0.243,0.725,Yes
2156,"Cencora, Inc.",COR,26.93,0.244,0.227,Yes
2157,Benitec Biopharma Inc.,BNTC,92.99,0.684,0.873,No
2158,Allot Ltd.,ALLT,87.1,0.652,1.236,Yes
2159,Drax Group plc,DRXGF,30.95,0.277,0.412,Yes
2160,Mastercard Incorporated,MA,16.67,0.157,0.49,Yes
2161,First Community Corporation,FCCO,33.43,0.296,0.287,Yes
2162,Infinity Bancorp,INFT,32.43,0.288,0.711,Yes
2163,Mizrahi Tefahot Bank Ltd.,MZTFF,75.1,0.582,0.284,Yes
2164,China Foods Limited,CHNFF,66.75,0.53,0.051,No
2165,"Amazon.com, Inc.",AMZN,32.81,0.291,1.502,Yes
2166,Great-West Lifeco Inc.,GRWTF,16.01,0.152,0.054,Yes
2167,CIMB Group Holdings Berhad,CIMDF,56.85,0.466,0.005,Yes
2168,BNP Paribas SA,BNPQF,38.44,0.335,0.446,Yes
2169,"United Rentals, Inc.",URI,43.94,0.376,1.992,Yes
2170,"Assembly Biosciences, Inc.",ASMB,69.84,0.55,1.033,Yes
2171,Gulf Keystone Petroleum Limited,GUKYF,48.36,0.407,0.316,No
2172,Holmen AB (publ),HLMMF,43.1,0.37,1.011,No
2173,MTN Group Limited,MTNOF,49.69,0.417,0.235,No
2174,CHS Inc.,CHSCN,6.59,0.065,0.177,Yes
2175,Daimler Truck Holding AG,DTGHF,27.43,0.249,0.246,Yes
2176,ASSA ABLOY AB (publ),ASAZY,25.45,0.233,1.082,Yes
2177,YPF Sociedad Anónima,YPF,99.95,0.726,1.549,Yes
2178,"BankUnited, Inc.",BKU,38.08,0.333,1.251,Yes
2179,First Pacific Company Limited,FPAFY,27.58,0.25,0.489,Yes
2180,Iron Mountain Incorporated,IRM,35.3,0.312,1.403,Yes
2181,Norfolk Southern Corporation,NSC,27.21,0.247,1.212,Yes
2182,BCE Inc.,BCEFF,17.46,0.165,0.037,Yes
2183,Myriad Dynamic Asset Allocation ETF,MDAA,23.91,0.22,1.352,Yes
2184,Pirelli & C. S.p.A.,PLLIF,28.43,0.257,0.399,Yes
2185,"CVR Partners, LP",UAN,35.2,0.311,0.196,No
2186,"Globalstar, Inc.",GSAT,95.67,0.703,1.857,Yes
2187,Black Hills Corporation,BKH,19.72,0.185,0.538,Yes
2188,TE Connectivity plc,TEL,23.47,0.217,0.96,Yes
2189,"Zions Bancorporation, National Association",ZION,35.2,0.312,1.232,Yes
2190,"Morgan Stanley China A Share Fund, Inc.",CAF,19.41,0.182,0.429,Yes
2191,Legg Mason BW Global Income Opportunities Fund Inc.,BWG,13.95,0.134,0.777,Yes
2192,Automotive Properties Real Estate Investment Trust,APPTF,18.63,0.176,0.278,Yes
2193,Covivio,GSEFF,23.93,0.221,0.326,No
2194,China Yuchai International Limited,CYD,99.44,0.727,1.294,Yes
2195,Orange S.A.,FNCTF,25.51,0.235,0.192,No
2196,Morgan Stanley,MS-PI,5.85,0.058,0.249,Yes
2197,"South Plains Financial, Inc.",SPFI,23.51,0.218,0.275,Yes
2198,"Allison Transmission Holdings, Inc.",ALSN,38.2,0.336,1.146,Yes
2199,DNP Select Income Fund Inc.,DNP,14.29,0.137,0.262,Yes
2200,Sanlam Limited,SLLDY,26.49,0.243,0.517,Yes
2201,CSE Global Limited,CSYJF,71.05,0.562,0.694,Yes
2202,Concord Acquisition Corp II,CNDA,7.18,0.071,0.094,Yes
2203,Galiano Gold Inc.,GAU,91.87,0.686,0.708,Yes
2204,Vornado Realty Trust,VNO-PN,15.61,0.15,0.496,Yes
2205,PSP Swiss Property AG,PSPSF,19.38,0.183,0.125,No
2206,Fujitsu Limited,FJTSY,33.8,0.302,0.631,Yes
2207,RBB Bancorp,RBB,38.8,0.341,1.338,Yes
2208,HEICO Corporation,HEI-A,28.37,0.259,1.012,Yes
2209,Luca Mining Corp.,LUCMF,106.78,0.768,0.475,Yes
2210,Guangshen Railway Company Limited,GNGYF,112.41,0.797,0.397,Yes
2211,Triton International Limited,TRTN-PC,11.55,0.113,0.405,Yes
2212,Smiths Group plc,SMGZY,29.46,0.268,1.157,Yes
2213,Eli Lilly and Company,LLY,37.91,0.334,0.514,Yes
2214,"Leonardo DRS, Inc.",DRS,41.97,0.365,0.334,Yes
2215,Wesfarmers Limited,WFAFY,25.0,0.231,0.916,Yes
2216,"Axos Financial, Inc.",AX,48.27,0.411,1.146,Yes
2217,"Dynex Capital, Inc.",DX,20.91,0.196,0.959,Yes
2218,Gates Industrial Corporation Ltd.,GTES,38.25,0.337,1.294,Yes
2219,Sierra Madre Gold and Silver Ltd.,SMDRF,103.21,0.75,0.437,Yes
2220,Catapult Sports Ltd,CAZGF,78.33,0.609,1.946,Yes
2221,Qantas Airways Limited,QUBSF,37.3,0.33,0.963,Yes
2222,Cohen Circle Acquisition Corp. II,CCII,2.47,0.025,0.069,Yes
2223,Talisker Resources Ltd.,TSKFF,115.06,0.813,0.15,No
2224,"WESCO International, Inc.",WCC,45.1,0.389,1.841,Yes
2225,Nuveen New York Quality Municipal Income Fund,NAN,12.58,0.123,0.598,Yes
2226,Capstone Copper Corp.,CSCCF,55.65,0.464,2.168,Yes
2227,Reysas Gayrimenkul Yatirim Ortakligi A.S.,RYGYF,93.19,0.697,0.608,No
2228,DRDGOLD Limited,DRD,84.79,0.649,0.506,No
2229,H. Lundbeck A/S,HLUBF,44.53,0.385,0.008,No
2230,AB Industrivärden (publ),IDTVF,73.61,0.582,0.819,No
2231,"AMETEK, Inc.",AME,20.02,0.19,0.889,Yes
2232,Telstra Group Limited,TLGPY,16.35,0.157,0.273,Yes
2233,"Daiichi Life Group, Inc.",DLICY,29.53,0.27,0.067,Yes
2234,Compagnie des Alpes SA,CLPIF,34.22,0.308,0.128,No
2235,Regions Financial Corporation,RF,30.71,0.28,1.348,Yes
2236,Schindler Holding AG,SHLAF,24.39,0.228,0.313,Yes
2237,Telefonaktiebolaget LM Ericsson (publ),ERIC,40.34,0.355,0.932,Yes
2238,"Coffee Holding Co., Inc.",JVA,106.76,0.774,1.763,Yes
2239,"S&T Bancorp, Inc.",STBA,32.56,0.295,0.821,Yes
2240,"Dillard's, Inc.",DDS,38.77,0.344,1.413,Yes
2241,Minth Group Limited,MNTHY,71.37,0.57,0.921,Yes
2242,"MERLIN Properties SOCIMI, S.A.",MRPRF,35.64,0.319,0.987,Yes
2243,Indutrade AB (publ),IDDWF,27.34,0.253,0.331,No
2244,"First Bankers Trustshares, Inc.",FBTT,38.87,0.345,0.014,No
2245,"Exchange Bankshares, Inc.",EXCH,20.48,0.195,0.001,Yes
2246,Calgro M3 Holdings Limited,CLMHF,114.35,0.816,0.483,Yes
2247,EQT AB (publ),EQBBF,49.57,0.424,1.422,Yes
2248,SMG Swiss Marketplace Group Holding AG,SMGSY,83.43,0.646,8.574,Yes
2249,DHL AG,DHLGY,26.73,0.248,0.631,Yes
2250,Heritage Financial Corporation,HFWA,31.16,0.285,0.671,Yes
2251,Eiffage SA,EFGSF,23.86,0.224,0.077,No
2252,argenx SE,ARGX,34.93,0.315,0.289,Yes
2253,"Motorola Solutions, Inc.",MSI,26.77,0.249,0.561,Yes
2254,"Hon Hai Precision Industry Co., Ltd.",HNHPF,55.3,0.466,2.034,Yes
2255,Kinetik Holdings Inc.,KNTK,32.79,0.299,0.657,Yes
2256,Aldebaran Resources Inc.,ADBRF,81.5,0.636,1.965,Yes
2257,Israel Canada (T.R) Ltd,ISLCF,1.85,0.019,0.058,No
2258,Dynamix Corporation,DYNC,6.77,0.068,0.066,Yes
2259,"Osaka Gas Co., Ltd.",OSGSY,43.84,0.384,0.458,No
2260,,ALMP,40.67,0.36,0.372,No
2261,Studsvik AB (publ),SUDKY,0.92,0.01,0.054,Yes
2262,Banco BBVA Argentina S.A.,BBAR,114.86,0.822,0.502,Yes
2263,TBC Bank Group PLC,TBCCF,74.13,0.591,0.261,Yes
2264,RWE Aktiengesellschaft,RWEOY,32.12,0.294,0.169,Yes
2265,"Climb Global Solutions, Inc.",CLMB,54.99,0.466,1.276,Yes
2266,Encompass Health Corporation,EHC,26.6,0.249,0.5,Yes
2267,"NSTS Bancorp, Inc.",NSTS,17.7,0.171,0.478,Yes
2268,Aflac Incorporated,AFL,19.7,0.189,0.349,Yes
2269,Euronext Athens Holding S.A.,HEXEY,18.14,0.175,0.053,Yes
2270,Serco Group plc,SECCF,27.34,0.255,0.383,Yes
2271,Truth Social American Red State REITs ETF,TSRS,16.42,0.16,0.537,Yes
2272,BT Group plc,BTGOF,36.13,0.326,0.763,Yes
2273,Borregaard ASA,BRRDF,47.05,0.409,0.282,Yes
2274,Companhia de Saneamento Básico do Estado de São Paulo - SABESP,SBS,36.05,0.326,0.278,Yes
2275,Strats Trust For Procter &amp; Gambel Security CTF 2006-1,GJR,4.96,0.051,0.068,Yes
2276,"Impinj, Inc.",PI,72.92,0.586,2.303,Yes
2277,"USCB Financial Holdings, Inc.",USCB,38.49,0.345,0.669,Yes
2278,Frasers Property Limited,FSRPF,20.67,0.198,0.429,Yes
2279,SSE plc,SSEZY,27.26,0.255,0.365,Yes
2280,De'Longhi S.p.A.,DELHF,30.79,0.284,1.005,Yes
2281,Dickson Concepts (International) Limited,DCOHF,28.04,0.262,0.284,Yes
2282,Canaccord Genuity Group Inc.,CCORF,31.1,0.287,0.912,Yes
2283,"Excelerate Energy, Inc.",EE,44.03,0.388,0.999,Yes
2284,Quilter plc,QUILF,59.9,0.502,0.239,No
2285,Alussa Energy Acquisition Corp. II,ALUB-UN,2.14,0.022,0.03,Yes
2286,MBRF Global Foods Company S.A.,MBRFY,59.84,0.502,0.444,Yes
2287,"Fuyao Glass Industry Group Co., Ltd.",FIGIF,52.8,0.453,0.865,Yes
2288,Snap-on Incorporated,SNA,20.7,0.199,0.529,Yes
2289,AB Volvo (publ),VOLVF,31.27,0.289,1.087,Yes
2290,United Overseas Bank Limited,UOVEF,22.7,0.217,0.192,Yes
2291,"Kakaku.com, Inc.",KKKUF,43.48,0.385,0.988,Yes
2292,Itaú Unibanco Holding S.A.,ITUB,32.91,0.302,0.482,Yes
2293,"COSCO SHIPPING Holdings Co., Ltd.",CICOF,57.85,0.489,0.001,No
2294,Sichuan Expressway Group Company Limited,SEXHF,44.0,0.389,0.262,Yes
2295,"Business First Bancshares, Inc.",BFST,24.82,0.235,0.708,Yes
2296,"Pinnacle Financial Partners, Inc.",PNFP-PC,10.1,0.102,0.291,Yes
2297,"SkyWest, Inc.",SKYW,40.79,0.365,0.915,Yes
2298,"OneMain Holdings, Inc.",OMF,31.42,0.291,1.233,Yes
2299,Public Power Corporation S.A.,PUPOF,53.7,0.461,0.356,Yes
2300,Eaton Corporation plc,ETN,30.7,0.285,1.368,Yes
2301,"Medpace Holdings, Inc.",MEDP,46.21,0.407,0.718,Yes
2302,Evercore Inc.,EVR,37.68,0.342,1.765,Yes
2303,Buzzi S.p.A.,BZZUF,26.11,0.247,0.488,Yes
2304,Compagnie Financière Richemont SA,CFRHF,33.69,0.31,0.958,Yes
2305,"Perma-Pipe International Holdings, Inc.",PPIH,74.21,0.599,1.411,Yes
2306,Greencore Group plc,GNCGF,70.08,0.573,0.208,Yes
2307,Morgan Stanley,MS-PP,6.32,0.065,0.277,Yes
2308,"Huron Valley Bancorp, Inc.",HVLM,19.6,0.19,0.29,No
2309,Brixmor Property Group Inc.,BRX,19.14,0.186,0.54,Yes
2310,Seabridge Gold Inc.,SA,68.43,0.563,1.003,Yes
2311,"Digital Realty Trust, Inc.",DLR,21.62,0.209,0.717,Yes
2312,AAC Technologies Holdings Inc.,AACAF,66.25,0.549,1.103,Yes
2313,"Generate Biomedicines, Inc.",GENB,61.26,0.515,0.11,No
2314,InvenTrust Properties Corp.,IVT,15.89,0.157,0.034,Yes
2315,"Seneca Bancorp, Inc.",SNNF,30.0,0.281,0.321,Yes
2316,Shoprite Holdings Ltd,SRGHY,19.07,0.186,0.215,Yes
2317,Federal National Mortgage Association,FNMAS,101.77,0.765,1.595,Yes
2318,Federal Home Loan Mortgage Corporation,FREJN,110.82,0.815,1.708,Yes
2319,First Capital Real Estate Investment Trust,FCXXF,19.26,0.188,0.838,Yes
2320,UGI Corporation,UGI,29.52,0.277,0.619,Yes
2321,"Cboe Global Markets, Inc.",CBOE,31.83,0.296,0.431,Yes
2322,Airbus SE,EADSY,26.18,0.249,0.921,Yes
2323,"Hennessy Advisors, Inc.",HNNA,26.4,0.251,0.395,Yes
2324,"Eastern Bankshares, Inc.",EBC,29.05,0.273,0.902,Yes
2325,HCM III Acquisition Corp.,HCMAU,3.42,0.036,0.125,Yes
2326,Metropolitan Bank Holding Corp.,MCB,49.12,0.431,1.054,Yes
2327,Woodlands Financial Services Company,WDFN,26.28,0.25,0.017,No
2328,Atmus Filtration Technologies Inc.,ATMU,41.99,0.378,1.095,Yes
2329,EPR Properties,EPR-PC,22.03,0.213,0.615,Yes
2330,Virginia National Bankshares Corporation,VABK,22.61,0.218,0.637,Yes
2331,"Bank of Communications Co., Ltd.",BCMXY,33.95,0.315,0.088,Yes
2332,Port of Tauranga Limited,PTAUF,13.16,0.132,0.155,No
2333,Innovator Nasdaq-100 Managed 10 Buffer ETF,NBFR,14.38,0.144,0.597,Yes
2334,Pinnacle West Capital Corporation,PNW,16.39,0.162,0.005,No
2335,Isracard Ltd.,ISCDF,8.53,0.087,0.016,No
2336,Keppel Ltd.,KPELF,34.09,0.316,0.033,Yes
2337,Hall Chadwick Acquisition Corp.,HCAC,1.38,0.015,0.052,Yes
2338,DNO ASA,DTNOY,47.21,0.419,0.457,Yes
2339,The People's Insurance Company (Group) of China Limited,PINXY,41.9,0.378,0.26,No
2340,IRSA Inversiones y Representaciones Sociedad Anónima,IRS,61.86,0.524,1.236,Yes
2341,RBC Bearings Incorporated,RBC,35.9,0.331,1.398,Yes
2342,Integra Resources Corp.,ITRG,82.0,0.655,0.39,Yes
2343,"Everpure, Inc.",P,53.58,0.466,1.99,Yes
2344,Ardagh Metal Packaging S.A.,AMBP,36.87,0.339,0.16,No
2345,BOK Financial Corporation,BOKF,26.64,0.254,0.86,Yes
2346,Transportadora de Gas del Sur S.A.,TGS,59.15,0.506,0.215,Yes
2347,"Netflix, Inc.",NFLX,37.26,0.343,0.733,Yes
2348,Lonking Holdings Limited,LONKF,40.5,0.368,0.192,No
2349,CHS Inc.,CHSCO,6.38,0.066,0.157,Yes
2350,dormakaba Holding AG,DRRKF,35.79,0.331,0.322,Yes
2351,SAKURA Internet Inc.,SKURF,12.84,0.13,0.618,No
2352,"Compass, Inc.",COMP,96.3,0.742,1.514,Yes
2353,Münchener Rückversicherungs-Gesellschaft Aktiengesellschaft in München,MURGF,23.3,0.226,0.015,Yes
2354,Urban Edge Properties,UE,17.54,0.174,0.628,Yes
2355,"Axon Enterprise, Inc.",AXON,61.4,0.523,1.491,Yes
2356,"Innovent Biologics, Inc.",IVBXF,62.27,0.529,0.455,Yes
2357,Chen Hsong Holdings Limited,CHHGF,103.73,0.785,0.718,Yes
2358,Hensoldt AG,HNSDF,77.99,0.632,0.287,Yes
2359,Santander UK plc,SNTUF,14.52,0.146,0.158,No
2360,"Puma Biotechnology, Inc.",PBYI,84.39,0.672,1.488,Yes
2361,Irenic Acquisition Corp.,IACQU,3.07,0.032,0.174,No
2362,Vornado Realty Trust,VNO-PL,16.63,0.166,0.548,Yes
2363,"NB Bancorp, Inc.",NBBK,24.93,0.241,0.01,No
2364,"Genworth Financial, Inc.",GNW,22.61,0.22,0.643,Yes
2365,Halma plc,HLMAF,36.86,0.341,1.852,Yes
2366,Irish Continental Group plc,IRCUF,26.7,0.256,0.216,Yes
2367,FinecoBank Banca Fineco S.p.A.,FCBBF,37.24,0.344,0.736,Yes
2368,MMG Limited,MMLTF,84.75,0.676,1.337,Yes
2369,"Forge Group, Inc.",FIGP,33.77,0.316,0.533,No
2370,Bezeq The Israel Telecommunication Corp. Ltd,BZQIY,47.47,0.424,0.246,No
2371,"Dime Commercial Bancshares, Inc.",DCOM,40.9,0.374,0.89,Yes
2372,International Petroleum Corporation,IPCFF,39.78,0.365,0.362,No
2373,Airbus SE,EADSF,26.49,0.255,1.029,Yes
2374,Trailblazer Acquisition Corp.,BLZR,1.74,0.019,0.046,Yes
2375,"ONEOK, Inc.",OKE,24.88,0.241,0.215,Yes
2376,"Northeast Community Bancorp, Inc.",NECB,31.52,0.298,0.383,Yes
2377,Compagnie Financière Richemont SA,CFRUY,32.55,0.307,1.1,Yes
2378,United National Bank,UNBK,15.98,0.161,0.047,Yes
2379,Israel Discount Bank Limited,ISDAY,43.75,0.397,0.497,Yes
2380,"Southwest Gas Holdings, Inc.",SWX,20.1,0.199,0.609,Yes
2381,Legato Merger Corp. IV,LEGO,1.47,0.016,0.06,No
2382,"QuinStreet, Inc.",QNST,37.78,0.35,0.315,Yes
2383,Inflection Point Acquisition Corp. V,IPEXU,6.55,0.069,0.093,Yes
2384,DHL AG,DPSTF,26.82,0.259,0.588,Yes
2385,"Frontdoor, Inc.",FTDR,55.47,0.485,2.268,Yes
2386,"Provident Financial Holdings, Inc.",PROV,18.47,0.184,0.295,Yes
2387,"Natural Gas Services Group, Inc.",NGS,47.26,0.424,1.202,Yes
2388,"China Merchants Bank Co., Ltd.",CIHKY,25.11,0.244,0.215,No
2389,Emerald Resources NL,EOGSF,83.08,0.67,0.617,Yes
2390,"The TJX Companies, Inc.",TJX,18.59,0.186,0.324,Yes
2391,Huntington Bancshares Incorporated,HBAN,25.91,0.252,1.134,Yes
2392,Vanguard Target Maturity 2030 Corporate Bond ETF,VBCD,1.02,0.011,0.035,Yes
2393,"Reddit, Inc.",RDDT,100.57,0.776,2.022,Yes
2394,Starhill Global Real Estate Investment Trust,SGLMF,16.07,0.162,0.321,Yes
2395,"Navan, Inc.",NAVN,100.11,0.773,1.1,Yes
2396,RenaissanceRe Holdings Ltd.,RNR,22.27,0.22,0.01,No
2397,Medibank Private Limited,MDBPF,46.35,0.419,0.353,Yes
2398,Infinite Eagle Acquisition Corp.,IEAGU,2.3,0.025,0.05,Yes
2399,Roche Holding AG,RHHBY,24.69,0.241,0.337,Yes
2400,Austal Limited,AUTLF,53.81,0.475,0.536,Yes
2401,Pictet Cleaner Planet ETF,PCLN,26.83,0.26,1.327,Yes
2402,SilverBox Corp IV,SBXD,4.5,0.048,0.058,Yes
2403,CITIC Limited,CTPCY,38.25,0.356,1.094,Yes
2404,Pattern Group Inc.,PTRN,105.15,0.804,1.005,Yes
2405,Capital Power Corporation,CPXWF,26.93,0.261,0.552,Yes
2406,Moody's Corporation,MCO,20.74,0.206,1.131,Yes
2407,Fagron NV,ARSUF,19.32,0.193,0.247,Yes
2408,Absa Group Limited,AGRPY,26.81,0.26,0.511,Yes
2409,"FNB, Inc.",FIDS,23.16,0.228,0.194,Yes
2410,LXP Industrial Trust,LXP-PC,11.38,0.118,0.302,Yes
2411,Accor SA,ACCYY,24.65,0.242,0.923,Yes
2412,National Grid plc,NGG,19.95,0.199,0.346,Yes
2413,Finward Bancorp,FNWD,33.36,0.317,0.01,Yes
2414,Paramount Resources Ltd.,PRMRF,33.34,0.317,0.093,No
2415,"BWX Technologies, Inc.",BWXT,35.42,0.334,1.061,Yes
2416,First Financial Bancorp.,FFBC,27.47,0.267,0.829,Yes
2417,MPC Container Ships ASA,MPZZF,33.74,0.32,0.415,Yes
2418,Elemental Royalty Corporation,ELE,48.51,0.438,0.074,Yes
2419,E.ON SE,ENAKF,32.35,0.309,0.015,No
2420,Springer Nature AG & Co. KGaA,SPGNY,43.3,0.398,4.547,Yes
2421,Formula One Group,FWONK,19.84,0.199,0.313,Yes
2422,Lynas Rare Earths Limited,LYSCF,54.93,0.486,0.177,No
2423,CD Projekt Red S.A.,OTGLY,40.05,0.372,0.869,Yes
2424,"Civista Bancshares, Inc.",CIVB,30.45,0.293,0.675,Yes
2425,Rexel S.A.,RXLSF,30.95,0.297,0.907,Yes
2426,PIMCO Dynamic Income Strategy Fund,PDX,18.48,0.186,0.442,Yes
2427,D'Ieteren Group SA,SIETY,39.37,0.367,0.57,Yes
2428,Van de Velde NV,VDEVF,6.83,0.072,0.182,Yes
2429,Ellington Financial Inc.,EFC,17.85,0.181,0.637,Yes
2430,"Raymond James Financial, Inc.",RJF,27.5,0.268,1.006,Yes
2431,"Gentera, S.A.B. de C.V.",CMPRF,40.94,0.38,0.061,No
2432,"Ameriprise Financial, Inc.",AMP,24.38,0.241,0.999,Yes
2433,Community West Bancshares,CWBC,31.7,0.305,0.913,Yes
2434,Dynavox Group AB (publ),TDVXF,56.62,0.5,1.19,Yes
2435,Abrdn Asia-Pacific Income Fund Inc,FAX,14.81,0.152,0.766,Yes
2436,McEwen Inc.,MUX,71.56,0.604,0.818,Yes
2437,Cartier Resources Inc.,ECRFF,64.33,0.556,0.856,No
2438,"CBRE Group, Inc.",CBRE,31.83,0.306,1.092,Yes
2439,Fraport AG,FPRUF,20.48,0.206,0.098,No
2440,"WEC Energy Group, Inc.",WEC,15.41,0.158,0.053,Yes
2441,River Financial Corporation,RVRF,19.03,0.193,0.276,No
2442,"Eagle Capital Growth Fund, Inc.",GRF,13.52,0.14,0.462,Yes
2443,Ellington Financial Inc.,EFC-PD,10.76,0.113,0.024,No
2444,Power Assets Holdings Limited,HGKGY,25.21,0.249,0.13,Yes
2445,Daily Journal Corporation,DJCO,37.5,0.354,0.863,Yes
2446,Lynas Rare Earths Limited,LYSDY,55.38,0.493,0.209,No
2447,Banner Corporation,BANR,27.29,0.268,0.911,Yes
2448,"TPG RE Finance Trust, Inc.",TRTX-PC,15.69,0.161,0.449,Yes
2449,"The Ensign Group, Inc.",ENSG,28.09,0.275,0.273,Yes
2450,"Promotora y Operadora de Infraestructura, S. A. B. de C. V.",PUODY,27.79,0.273,0.764,Yes
2451,Summit Royalties Ltd.,SUMMF,37.68,0.357,0.425,Yes
2452,Cipher Pharmaceuticals Inc.,CPHRF,71.69,0.609,0.379,Yes
2453,Fabrinet,FN,48.95,0.446,1.827,Yes
2454,"First Interstate BancSystem, Inc.",FIBK,25.42,0.252,1.036,Yes
2455,Sofi Agentic AI ETF,AGIQ,26.67,0.263,1.486,Yes
2456,SSE plc,SSEZF,29.13,0.285,0.253,Yes
2457,"Mid Penn Bancorp, Inc.",MPB,31.77,0.308,0.332,Yes
2458,KONE Oyj,KNYJY,20.13,0.204,0.165,Yes
2459,Monster Beverage Corporation,MNST,24.18,0.241,0.561,Yes
2460,Rubis,RUBSF,32.28,0.312,0.55,Yes
2461,National Atomic Company Kazatomprom JSC,NATKY,92.56,0.743,0.569,Yes
2462,"Immunome, Inc.",IMNM,93.85,0.751,1.946,Yes
2463,Packaging Corporation of America,PKG,20.89,0.211,0.69,Yes
2464,DTE Energy Company,DTE,16.5,0.17,0.145,Yes
2465,Koninklijke Vopak N.V.,VOPKF,23.5,0.236,0.258,Yes
2466,Vitreous Glass Inc.,VCIGF,60.89,0.537,0.461,Yes
2467,Flow Traders Ltd.,FLTLF,28.29,0.279,0.568,No
2468,Chemring Group PLC,CMGMY,37.28,0.355,0.763,Yes
2469,Athene Holding Ltd.,ATH-PA,10.51,0.111,0.512,Yes
2470,Rockwool A/S,RKWBF,43.59,0.407,0.606,Yes
2471,Syn Prop & Tech S.A.,SYYNY,87.2,0.713,0.005,No
2472,Teekay Tankers Ltd.,TNK,47.26,0.436,0.022,Yes
2473,Macquarie Group Limited,MQBKY,26.61,0.264,1.647,Yes
2474,Slate Grocery REIT,SRRTF,19.74,0.201,0.839,Yes
2475,Federal Home Loan Mortgage Corporation,FMCKN,115.62,0.88,1.454,Yes
2476,Metro Bank Holdings PLC,MTRBF,81.7,0.679,1.982,Yes
2477,Tenaga Nasional Berhad,TNABY,29.72,0.292,0.122,Yes
2478,Formula One Group,FWONA,20.72,0.211,0.419,Yes
2479,Allreal Holding AG,ALRHF,33.57,0.325,0.231,No
2480,NewMed Energy - Limited Partnership,DKDRF,38.26,0.364,1.136,Yes
2481,"COSCO SHIPPING Development Co., Ltd.",CITAF,59.69,0.53,0.615,No
2482,"Happen, Inc.",HAPN,64.7,0.565,1.886,Yes
2483,Enviri Corporation,NVRI,75.13,0.637,0.913,Yes
2484,Freegold Limited,FGOVF,83.67,0.692,1.205,Yes
2485,IG Group Holdings plc,IGGRF,41.41,0.39,0.286,No
2486,Telefonaktiebolaget LM Ericsson (publ),ERIXF,39.78,0.377,0.692,Yes
2487,Federal National Mortgage Association,FNMAK,106.33,0.829,1.959,Yes
2488,Federal Home Loan Mortgage Corporation,FMCKJ,104.67,0.819,1.669,Yes
2489,Abrdn Australia Equity Fund Inc,IAF,18.67,0.192,1.093,Yes
2490,Carlsberg A/S,CABHF,30.98,0.303,0.951,No
2491,Origin Energy Limited,OGFGY,21.27,0.216,0.038,No
2492,"Cheniere Energy, Inc.",LNG,26.69,0.266,0.313,No
2493,Jiangsu Expressway Company Limited,JEXYY,22.83,0.231,0.149,No
2494,"United Airlines Holdings, Inc.",UAL,53.19,0.483,1.255,Yes
2495,Thales S.A.,THLLY,36.75,0.353,0.608,No
2496,Gildan Activewear Inc.,GIL,31.97,0.313,1.501,Yes
2497,Grupo de Inversiones Suramericana S.A.,GIVPY,17.27,0.179,0.088,Yes
2498,Eupraxia Pharmaceuticals Inc.,EPRX,64.32,0.565,1.067,Yes
2499,"National Health Investors, Inc.",NHI,19.53,0.2,0.112,Yes
2500,Newbridge Acquisition Limited,NBRGU,3.7,0.041,0.026,No
2501,First Commonwealth Financial Corporation,FCF,28.39,0.282,0.704,Yes
2502,Meridian Corporation,MRBK,40.22,0.383,0.935,Yes
2503,Legrand SA,LGRDY,27.47,0.274,1.13,Yes
2504,Cohen & Steers Real Estate Opportunities & Income Fund,RLTY,17.79,0.184,0.983,Yes
2505,Federal Home Loan Mortgage Corporation,FMCKP,114.77,0.882,1.833,Yes
2506,RaySearch Laboratories AB (publ),RSLBF,69.65,0.604,1.594,Yes
2507,Pinetree Capital Ltd.,PNPFF,44.88,0.421,0.436,Yes
2508,Acuity Inc.,AYI,31.93,0.314,1.262,Yes
2509,PIMCO Access Income Fund,PAXS,13.96,0.147,0.723,Yes
2510,Agree Realty Corporation,ADC,16.15,0.169,0.105,Yes
2511,Gold Royalty Corp.,GROY,55.02,0.5,0.758,Yes
2512,"Horizon Bancorp, Inc.",HBNC,35.22,0.342,1.209,Yes
2513,Summit Midstream Corporation,SMC,51.55,0.474,0.313,Yes
2514,iShares 1-10 Year U.S. Aggregate Bond ETF,AGGM,4.76,0.052,0.199,Yes
2515,Steppe Gold Ltd.,STPGF,61.26,0.547,0.844,Yes
2516,Sachem Capital Corp. 6.00% Note,SCCE,11.17,0.119,0.189,Yes
2517,Channel Infrastructure NZ Limited,NZRFF,32.65,0.321,0.18,No
2518,Biglari Holdings Inc.,BH-A,44.36,0.418,0.262,Yes
2519,Origin Energy Limited,OGFGF,25.68,0.259,0.179,No
2520,"Delta Air Lines, Inc.",DAL,40.31,0.386,1.403,Yes
2521,"Acorn Energy, Inc.",ACFN,78.34,0.665,1.293,Yes
2522,"Highwoods Properties, Inc.",HIW,28.34,0.283,0.948,Yes
2523,"Tokyo Gas Co.,Ltd.",TKGSY,26.83,0.27,0.066,No
2524,Valterra Platinum Limited,AGPPF,77.63,0.662,1.108,Yes
2525,Equinox Gold Corp.,EQX,73.46,0.634,0.886,Yes
2526,"Clover Health Investments, Corp.",CLOV,114.66,0.887,2.471,Yes
2527,Flughafen Zürich AG,FLGZY,18.25,0.19,0.331,Yes
2528,Cameco Corporation,CCJ,51.46,0.475,1.462,Yes
2529,Caledonia Mining Corporation Plc,CMCL,67.94,0.596,0.705,Yes
2530,First Hartford Corporation,FHRT,61.6,0.552,1.876,Yes
2531,Regency Centers Corporation,REG,13.45,0.143,0.234,Yes
2532,TV Asahi Holdings Corporation,THDDY,23.79,0.243,0.038,Yes
2533,TWC Enterprises Limited,CLKXF,20.38,0.211,0.339,Yes
2534,"Elite Pharmaceuticals, Inc.",ELTP,85.6,0.716,1.507,Yes
2535,21Shares Active Crypto ETF,TKNS,89.59,0.742,10.899,Yes
2536,Ansell Limited,ANSLY,32.64,0.323,0.882,Yes
2537,Gulf Coast Ultra Deep Royalty Trust,GULTU,76.61,0.658,0.694,Yes
2538,Cembra Money Bank AG,CMBNF,34.88,0.342,0.44,Yes
2539,Orange Polska S.A.,PTTWF,49.58,0.462,0.253,Yes
2540,Julius Bär Gruppe AG,JBAXY,23.0,0.236,0.523,Yes
2541,Harbor Alpha Layering ETF,HOLD,14.82,0.157,0.948,Yes
2542,Vornado Realty Trust,VNO-PM,16.23,0.171,0.645,Yes
2543,Isetan Mitsukoshi Holdings Ltd.,IMHDY,42.17,0.404,0.05,Yes
2544,KeyCorp,KEY-PL,18.1,0.189,0.895,Yes
2545,Virtus Emerging Markets Dividend ETF,VEM,22.75,0.234,1.205,Yes
2546,Strategy Inc,STRC,17.29,0.182,0.186,Yes
2547,Lottomatica Group S.p.A.,LTMGF,19.74,0.205,0.765,No
2548,MTN Group Limited,MTNOY,39.66,0.383,0.658,Yes
2549,International Bancshares Corporation,IBOC,23.95,0.245,0.715,Yes
2550,"Lincoln International, Inc.",LCLN,66.92,0.593,6.33,Yes
2551,Kimco Realty Corporation,KIM,17.77,0.187,0.569,Yes
2552,CCL Industries Inc.,CCDBF,20.71,0.215,0.494,Yes
2553,Strattec Security Corporation,STRT,71.01,0.622,1.261,Yes
2554,Royal Unibrew A/S,ROYUF,25.76,0.262,0.01,Yes
2555,Federal Home Loan Mortgage Corporation,FMCKM,95.84,0.784,1.536,Yes
2556,KKR Real Estate Finance Trust Inc.,KREF-PA,14.87,0.158,0.462,Yes
2557,"Alliance Resource Partners, L.P.",ARLP,20.57,0.214,0.242,No
2558,Sulzer AG,SULZF,29.19,0.294,0.23,Yes
2559,Beacon Financial Corporation,BBT,23.62,0.243,0.442,Yes
2560,DiaMedica Therapeutics Inc.,DMAC,54.39,0.502,1.504,Yes
2561,China Coal Energy Company Limited,CCOZY,41.83,0.403,0.208,No
2562,Neptune Insurance Holdings Inc.,NP,50.5,0.473,0.183,No
2563,"Alps Alpine Co., Ltd.",APELY,21.15,0.22,0.098,No
2564,W. R. Berkley Corporation,WRB,23.64,0.244,0.226,Yes
2565,"Arrowhead Pharmaceuticals, Inc.",ARWR,79.95,0.686,2.133,Yes
2566,"T&D Holdings, Inc.",TDHOY,29.9,0.301,0.073,No
2567,"Warrior Met Coal, Inc.",HCC,39.54,0.385,0.344,Yes
2568,Jyske Bank A/S,JYSKY,31.84,0.319,0.753,No
2569,Xunlei Limited,XNET,72.37,0.635,0.322,Yes
2570,"Essential Properties Realty Trust, Inc.",EPRT,18.23,0.192,0.495,Yes
2571,State Street Real Estate Select Sector SPDR Premium Income ETF,XLRI,8.5,0.093,0.462,Yes
2572,Nuveen Taxable Municipal Income Fund,NBB,11.31,0.123,0.543,Yes
2573,Freedom Holdings Corp.,FRHC,35.75,0.353,0.012,No
2574,Logistics Development Group plc,ESLGF,51.79,0.485,0.783,No
2575,VanEck ETF Trust - VanEck Copper And Electrification Metals ETF,EMET,31.48,0.316,0.901,Yes
2576,"Apollo Bancorp, Inc.",APLO,20.42,0.214,0.079,No
2577,"Customers Bancorp, Inc.",CUBI,43.17,0.416,1.143,Yes
2578,"Postal Savings Bank of China Co., Ltd.",PSTVY,23.19,0.241,0.432,Yes
2579,Thales S.A.,THLEF,37.01,0.365,0.712,No
2580,"L3Harris Technologies, Inc.",LHX,20.37,0.214,0.373,Yes
2581,Federal Home Loan Mortgage Corporation,FMCCT,101.11,0.823,1.761,Yes
2582,Federal National Mortgage Association,FNMAM,97.77,0.803,1.656,Yes
2583,First National Corporation,FXNC,29.75,0.302,0.272,Yes
2584,"Atresmedia Corporación de Medios de Comunicación, S.A.",AIOSF,32.13,0.323,0.616,Yes
2585,Austevoll Seafood ASA,ASTVF,19.14,0.202,0.061,Yes
2586,AGNC Investment Corp.,AGNC,24.92,0.257,1.368,Yes
2587,Andritz AG,ADRZY,40.76,0.397,1.579,Yes
2588,Saba Capital Income & Opportunities Fund,BRW,9.93,0.109,0.341,Yes
2589,"Skyward Specialty Insurance Group, Inc.",SKWD,36.67,0.363,0.52,Yes
2590,Journey Medical Corporation,DERM,69.0,0.615,1.478,Yes
2591,Nitto Denko Corporation,NDEKY,22.66,0.236,0.577,Yes
2592,"CarGurus, Inc.",CARG,35.11,0.349,1.078,Yes
2593,Chrysos Corporation Limited,CHRCF,45.93,0.441,0.073,No
2594,PennyMac Mortgage Investment Trust,PMT-PB,12.28,0.134,0.637,Yes
2595,Federal Home Loan Mortgage Corporation,FMCCH,101.33,0.827,1.538,Yes
2596,Western Asset High Yield Opportunity Fund Inc.,HYI,6.93,0.077,0.407,Yes
2597,CNA Financial Corporation,CNA,19.13,0.203,0.055,Yes
2598,EPR Properties,EPR,24.72,0.256,0.686,Yes
2599,"The Mexico Fund, Inc.",MXF,18.93,0.201,0.633,Yes
2600,Salzgitter AG,SZGPY,60.86,0.558,1.433,Yes
2601,Cogstate Limited,COGZF,50.71,0.48,0.685,Yes
2602,Pulse Seismic Inc.,PLSDF,38.85,0.383,0.444,Yes
2603,Enbridge Inc,ENBGF,15.78,0.17,0.128,Yes
2604,Standard Bank Group Limited,SBGOF,42.58,0.415,0.172,Yes
2605,Deutsche Telekom AG,DTEGY,24.7,0.257,0.127,Yes
2606,Franco-Nevada Corporation,FNV,34.3,0.344,0.361,No
2607,"NMI Holdings, Inc.",NMIH,21.24,0.224,0.365,Yes
2608,Aberdeen Intermediate Income Fund,MIN,6.01,0.067,0.165,Yes
2609,Buzzi S.p.A.,BZZUY,28.68,0.294,1.174,Yes
2610,Biglari Holdings Inc.,BH,45.43,0.439,0.321,Yes
2611,China Resources Land Limited,CRBJF,91.49,0.77,0.532,Yes
2612,TriCo Bancshares,TCBK,27.26,0.281,0.786,Yes
2613,Prenetics Global Limited,PRE,108.64,0.876,0.717,Yes
2614,"Corteva, Inc.",CTVA,23.47,0.246,0.252,Yes
2615,BayCom Corp,BCML,22.46,0.236,0.499,Yes
2616,Gedeon Richter PLC,GEDSF,7.13,0.08,0.132,No
2617,"Avidbank Holdings, Inc.",AVBH,15.81,0.171,0.169,Yes
2618,Tri City Bankshares Corporation,TRCY,23.3,0.244,0.058,Yes
2619,"Grupo Comercial Chedraui, S.A.B. de C.V.",GCHEF,38.57,0.383,0.719,Yes
2620,Advanced Info Service Public Company Limited,AVIFY,34.19,0.344,0.373,No
2621,Kyushu Railway Company,KYHHY,6.72,0.075,0.203,No
2622,AAC Clyde Space AB (publ),ACCMF,105.98,0.862,1.571,Yes
2623,Freeman Gold Corp.,FMANF,81.8,0.709,0.401,No
2624,WaterBridge Infrastructure LLC,WBI,37.34,0.372,0.102,Yes
2625,Cintas Corporation,CTAS,24.39,0.255,0.777,Yes
2626,"Nurix Therapeutics, Inc.",NRIX,93.86,0.788,2.429,Yes
2627,SSR Mining Inc.,SSRM,81.8,0.71,1.178,No
2628,Merrill Lynch Depositor Inc.,IPB,7.27,0.082,0.24,Yes
2629,SanBio Company Limited,SNBIF,85.76,0.736,0.345,No
2630,The Lottery Corporation Limited,LTRCF,15.31,0.166,0.444,Yes
2631,"Daktronics, Inc.",DAKT,41.84,0.411,1.426,Yes
2632,Shopify Inc.,SHOP,58.52,0.544,2.375,Yes
2633,"Cal-Maine Foods, Inc.",CALM,29.81,0.306,0.403,Yes
2634,Valid Soluções S.A.,VSSPY,42.42,0.416,0.172,Yes
2635,Deere & Company,DE,26.77,0.278,0.494,Yes
2636,Capital Clean Energy Carriers Corp.,CCEC,26.28,0.273,0.612,Yes
2637,CEMATRIX Corporation,CTXXF,49.7,0.476,1.22,Yes
2638,Insurance Australia Group Limited,IAUGY,22.68,0.239,0.311,Yes
2639,"Cresud Sociedad Anónima, Comercial, Inmobiliaria, Financiera y Agropecuaria",CRESY,45.05,0.438,0.331,Yes
2640,NBT Bancorp Inc.,NBTB,25.83,0.269,0.551,Yes
2641,Invesco Trust for Investment Grade New York Municipals,VTN,14.4,0.157,0.729,Yes
2642,Zurn Elkay Water Solutions Corporation,ZWS,25.26,0.264,1.127,Yes
2643,American Rare Earths Limited,ARRNF,71.72,0.642,2.407,Yes
2644,Pop Mart International Group Limited,PMRTY,78.08,0.687,0.205,Yes
2645,"TCW Strategic Income Fund, Inc.",TSI,6.76,0.076,0.303,Yes
2646,Apex Treasury Corporation,APXTU,1.69,0.02,0.021,Yes
2647,"ARMOUR Residential REIT, Inc.",ARR-PC,10.15,0.113,0.351,Yes
2648,United Corporations Limited,UCPLF,17.21,0.186,0.667,Yes
2649,Medallion Financial Corp.,MFIN,32.36,0.33,0.828,Yes
2650,PetroChina Company Limited,PCCYF,31.02,0.318,0.197,Yes
2651,Federal Home Loan Mortgage Corporation,FREGP,110.82,0.896,1.99,Yes
2652,A.P. Møller - Mærsk A/S,AMKAF,39.3,0.391,0.426,No
2653,Weir PLC,WEGRY,25.47,0.267,0.642,Yes
2654,Federal National Mortgage Association,FNMAO,99.65,0.828,1.581,Yes
2655,Atea ASA,ATAZF,17.18,0.186,0.03,Yes
2656,Aberdeen Group Plc,SLFPF,33.42,0.34,0.985,Yes
2657,Accor SA,ACRFF,26.21,0.274,0.563,Yes
2658,oOh!media Limited,OMLAF,28.66,0.297,0.561,Yes
2659,"Galp Energia, SGPS, S.A.",GLPEY,29.41,0.304,0.564,No
2660,Telesat Corporation,TSAT,81.09,0.71,1.916,Yes
2661,Federal National Mortgage Association,FNMAG,106.4,0.872,1.756,Yes
2662,Constellation Energy Corporation,CEG,56.21,0.53,1.937,Yes
2663,Federal National Mortgage Association,FNMFN,97.8,0.819,1.68,Yes
2664,Vitalist Inc.,VTLSF,31.51,0.323,2.131,No
2665,QinetiQ Group plc,QNTQF,39.44,0.394,0.637,Yes
2666,"Texas Capital Bancshares, Inc.",TCBI,21.86,0.233,0.844,Yes
2667,NextNav Inc.,NN,81.34,0.714,0.058,Yes
2668,"Fraser and Neave, Limited",FNEVF,21.38,0.229,0.17,Yes
2669,Fidus Investment Corporation,FDUS,14.62,0.161,0.711,Yes
2670,Valterra Platinum Limited,ANGPY,67.12,0.614,0.65,Yes
2671,Novartis AG,NVSEF,20.26,0.218,0.101,Yes
2672,"Meta Platforms, Inc.",META,31.3,0.323,1.694,Yes
2673,Federal Home Loan Mortgage Corporation,FMCCO,106.49,0.876,1.993,Yes
2674,GFG Resources Inc,GFGSF,61.6,0.574,0.337,No
2675,"Guidewire Software, Inc.",GWRE,45.56,0.447,1.02,Yes
2676,"Donaldson Company, Inc.",DCI,19.92,0.215,0.754,Yes
2677,Orion Oyj,ORINF,42.1,0.418,0.384,Yes
2678,BlackRock Taxable Municipal Bond Trust,BBN,9.42,0.106,0.368,Yes
2679,CACI International Inc,CACI,33.68,0.345,0.109,No
2680,D'Ieteren Group SA,SIEVF,31.54,0.326,0.411,Yes
2681,SLM Corporation,SLM,35.54,0.362,0.791,Yes
2682,Mexico Equity & Income Fund Inc.,MXE,18.53,0.201,0.595,Yes
2683,Barings Participation Investors,MPV,22.18,0.238,0.424,Yes
2684,Investec Group,IVTJY,30.02,0.312,0.524,No
2685,Grupo Financiero Galicia S.A.,GGAL,107.83,0.887,0.603,Yes
2686,"Newmark Group, Inc.",NMRK,50.82,0.492,2.061,Yes
2687,Telenor ASA,TELNY,19.57,0.212,0.019,Yes
2688,AUTO1 Group SE,ATOGF,56.34,0.536,1.193,Yes
2689,Cleantek Industries Inc.,GLKFF,115.66,0.934,1.309,No
2690,Commercial International Bank Egypt (CIB) S.A.E.,CIBEY,36.0,0.367,1.188,Yes
2691,"Rexford Industrial Realty, Inc.",REXR-PB,8.86,0.1,0.204,Yes
2692,Enterprise Financial Services Corp,EFSC,26.53,0.28,0.962,Yes
2693,Bumitama Agri Ltd.,BUMTF,47.6,0.466,0.223,Yes
2694,Safilo Group S.p.A.,SAFLF,67.01,0.618,1.117,Yes
2695,Lincoln National Corporation,LNC,35.59,0.364,0.902,Yes
2696,Protector Forsikring ASA,PSKRY,71.23,0.649,0.96,Yes
2697,QBE Insurance Group Limited,QBEIF,18.86,0.205,0.184,No
2698,"USA TODAY Co., Inc.",TDAY,58.79,0.557,0.822,Yes
2699,Dynacor Group Inc.,DNGDF,31.48,0.327,0.55,Yes
2700,Glaukos Corporation,GKOS,51.19,0.497,1.015,Yes
2701,Nuveen Real Estate Income Fund,JRS,18.89,0.206,1.123,Yes
2702,Merchants Bancorp,MBIN,32.69,0.338,1.057,Yes
2703,KT Corporation,KT,25.1,0.267,0.599,Yes
2704,Performance Food Group Company,PFGC,23.16,0.248,1.041,Yes
2705,PSP Swiss Property AG,PSPSY,27.47,0.29,0.266,Yes
2706,Cathay Pacific Airways Limited,CPCAF,33.02,0.341,0.04,Yes
2707,BW Offshore Limited,BWOFY,53.99,0.52,0.544,No
2708,"Nephros, Inc.",NEPH,74.57,0.675,2.165,Yes
2709,"Bancorp 34, Inc.",BCTF,21.12,0.229,0.33,Yes
2710,"Hovnanian Enterprises, Inc. PFD DEP1/1000A",HOVNP,14.59,0.162,0.156,Yes
2711,FG Nexus Inc.,FGNXP,32.76,0.339,0.712,Yes
2712,Federal National Mortgage Association,FNMAI,105.48,0.879,1.715,Yes
2713,Independent Bank Corp.,INDB,27.86,0.294,0.806,Yes
2714,"Hope Bancorp, Inc.",HOPE,27.26,0.288,1.142,Yes
2715,"One Liberty Properties, Inc.",OLP,20.11,0.219,0.577,Yes
2716,TTW Public Company Limited,TTAPY,14.69,0.163,0.081,Yes
2717,Pearson plc,PSORF,21.24,0.23,0.471,Yes
2718,"Hawkins, Inc.",HWKN,38.02,0.387,0.992,Yes
2719,"Galp Energia, SGPS, S.A.",GLPEF,30.62,0.32,0.826,No
2720,John Hancock Income Securities Trust,JHS,7.39,0.085,0.31,Yes
2721,"TXNM Energy, Inc.",TXNM,14.37,0.16,0.167,Yes
2722,Cablevisión Holding S.A.,CVHSY,68.86,0.636,1.637,Yes
2723,Pitney Bowes Inc. NT 43,PBI-PB,22.03,0.238,1.007,Yes
2724,Fisher & Paykel Healthcare Corporation Limited,FSPKF,42.56,0.427,0.487,Yes
2725,CRH plc,CRH,27.98,0.296,1.387,Yes
2726,"Goldwind Science&Technology Co., Ltd.",XJNGF,64.29,0.603,1.072,Yes
2727,Federal Home Loan Mortgage Corporation,FMCCP,103.18,0.869,1.936,Yes
2728,Decker Manufacturing Corporation,DMFG,37.1,0.38,0.147,Yes
2729,Justiss Oil Co,JSTS,2.35,0.028,0.027,Yes
2730,AmRest Holdings SE,ARHOF,0.57,0.007,0.011,No
2731,"ADMA Biologics, Inc.",ADMA,67.47,0.627,1.303,Yes
2732,"Valmont Industries, Inc.",VMI,34.9,0.361,1.994,Yes
2733,"Warner Bros. Discovery, Inc.",WBD,56.5,0.543,1.231,Yes
2734,Federal National Mortgage Association,FNMAP,102.3,0.864,1.421,Yes
2735,Patrys Limited,PABAF,41.6,0.42,1.212,No
2736,"Clear Secure, Inc.",YOU,58.08,0.556,0.298,Yes
2737,Castellum AB (publ),CWQXY,16.32,0.181,0.14,Yes
2738,Federal National Mortgage Association,FNMAJ,104.77,0.879,1.771,Yes
2739,Medicover AB (publ),MCVEF,39.09,0.399,0.05,Yes
2740,Ares Capital Corporation,ARCC,11.23,0.127,0.542,Yes
2741,Atlas Copco AB (publ),ATLCY,23.26,0.252,1.111,Yes
2742,J Sainsbury plc,JSAIY,25.03,0.269,0.306,Yes
2743,China Resources Gas Group Limited,CRGGF,69.91,0.647,0.745,Yes
2744,Breville Group Limited,BVILF,32.71,0.342,0.115,Yes
2745,"F&G Annuities & Life, Inc. 7.95",FGN,5.42,0.063,0.24,Yes
2746,K. Wah International Holdings Limited,KWHAF,53.13,0.518,0.166,Yes
2747,Resolute Mining Limited,RMGGY,87.09,0.768,1.075,No
2748,Xiaomi Corporation,XIACF,48.48,0.48,0.159,No
2749,Companhia Paranaense de Energia,ELPC,23.25,0.252,0.088,No
2750,Blue Lagoon Resources Inc.,BLAGF,108.91,0.907,0.229,Yes
2751,Curbline Properties Corp.,CURB,15.91,0.177,0.544,Yes
2752,Gladstone Investment Corporation 7.125% Notes due 2031,GAING,4.4,0.051,0.072,Yes
2753,Orkla ASA,ORKLY,22.95,0.249,0.169,No
2754,China Merchants Port Holdings Company Limited,CMHHY,23.49,0.254,0.219,No
2755,Dakota Gold Corp.,DC,50.84,0.5,0.651,Yes
2756,W. P. Carey Inc.,WPC,18.39,0.204,0.607,Yes
2757,FSBH Corp.,FSBH,38.51,0.396,0.151,No
2758,"Acciona, S.A.",ACXIF,38.75,0.398,0.877,Yes
2759,Nuveen Multi-Market Income Fund,JMM,7.76,0.09,0.374,Yes
2760,"Caring Brands, Inc.",CABR,64.4,0.609,1.963,No
2761,Federal National Mortgage Association,FNMAN,89.35,0.786,1.669,Yes
2762,Gunnison Copper Corp.,GCUMF,87.97,0.777,0.779,No
2763,China Medical System Holdings Limited,CHSYF,48.12,0.479,0.761,Yes
2764,National Australia Bank Limited,NAUBF,30.03,0.319,0.544,Yes
2765,Suncorp Group Limited,SNMYF,33.19,0.348,0.091,No
2766,"Provident Financial Services, Inc.",PFS,26.53,0.285,0.647,Yes
2767,Willis Towers Watson Public Limited Company,WTW,22.73,0.248,0.029,No
2768,The Toronto-Dominion Bank,TDBCP,23.92,0.26,0.085,No
2769,"Pathward Financial, Inc.",CASH,26.36,0.284,0.349,Yes
2770,Julius Bär Gruppe AG,JBARF,23.91,0.26,0.45,Yes
2771,CME Group Inc.,CME,20.77,0.229,0.105,No
2772,"Affirm Holdings, Inc.",AFRM,109.17,0.915,4.436,Yes
2773,CrossAmerica Partners LP,CAPL,14.27,0.161,0.276,No
2774,Western Asset High Income Fund II Inc.,HIX,10.76,0.124,0.636,Yes
2775,"Electromed, Inc.",ELMD,66.26,0.625,1.336,Yes
2776,"Richmond Mutual Bancorporation, Inc.",RMBI,20.3,0.224,0.753,Yes
2777,Federal Home Loan Mortgage Corporation,FMCCK,107.33,0.905,1.96,Yes
2778,The Hong Kong and China Gas Company Limited,HOKCY,27.17,0.292,0.138,Yes
2779,Simplify US Equity PLUS Managed Futures Strategy ETF,CTAP,31.49,0.334,1.298,Yes
2780,"Telephone and Data Systems, Inc.",TDS,30.94,0.329,0.175,Yes
2781,Galenica AG,GALNF,21.61,0.238,0.222,No
2782,BPER Banca SpA,BPERF,32.36,0.342,0.822,Yes
2783,ASUSTeK Computer Inc.,ASUUY,46.89,0.471,0.263,No
2784,Hannover Rück SE,HVRRY,17.62,0.197,0.03,No
2785,Federal National Mortgage Association,FNMAL,102.84,0.879,2.215,Yes
2786,Hannan Metals Ltd.,HANNF,108.57,0.916,0.265,No
2787,Hammerson Plc,HMSNF,36.33,0.379,0.166,No
2788,"Universal Technical Institute, Inc.",UTI,63.43,0.606,1.322,Yes
2789,Golf Entertainment Group Inc.,GLFEP,34.53,0.363,0.598,Yes
2790,UOL Group Limited,UOLGF,29.45,0.315,0.072,No
2791,Grand Peak Capital Corp.,GPKUF,31.52,0.335,0.467,No
2792,"Viscofan, S.A.",VSCFF,8.06,0.094,0.048,Yes
2793,Federal Home Loan Mortgage Corporation,FMCKI,95.9,0.836,1.663,Yes
2794,Athens Water Supply and Sewerage Company S.A.,AHWSF,0.73,0.009,0.001,No
2795,Vontobel Holding AG,VONHF,11.58,0.133,0.099,No
2796,Perdoceo Education Corporation,PRDO,36.48,0.381,0.281,Yes
2797,Latin Metals Inc.,LMSQF,65.53,0.623,0.298,Yes
2798,Smiths Group plc,SMGKF,28.53,0.307,1.115,Yes
2799,GDS Holdings Limited,GDS,83.7,0.755,0.047,No
2800,Berkshire Hathaway Inc.,BRK-B,14.81,0.168,0.149,Yes
2801,Nuveen Minnesota Quality Municipal Income Fund,NMS,11.78,0.135,0.484,Yes
2802,West Vault Mining Inc.,WVMDF,44.76,0.455,0.096,Yes
2803,Nexans S.A.,NEXNY,38.46,0.4,1.753,Yes
2804,Irish Residential Properties REIT Plc,RSHPF,14.95,0.17,0.289,No
2805,Epiroc AB (publ),EPIAF,28.6,0.308,0.975,Yes
2806,Swiss Water Decaffeinated Coffee Inc.,SWSSF,36.54,0.383,0.552,Yes
2807,Partners Value Investments Inc.,PVFPF,33.05,0.351,0.615,No
2808,Parrot S.A.,PAOTF,80.49,0.734,0.12,No
2809,Baker Hughes Company,BKR,32.08,0.342,0.901,Yes
2810,"The Motion Picture Group, Inc.",MPRG,74.76,0.694,0.039,Yes
2811,Xiamen Lutong International Travel Agency Co. Ltd.,LTGJ,32.63,0.347,0.569,No
2812,Fujitsu Limited,FJTSF,39.61,0.411,1.204,Yes
2813,"Otsuka Holdings Co., Ltd.",OTSKF,40.13,0.416,0.631,No
2814,"FIGS, Inc.",FIGS,61.2,0.592,0.287,Yes
2815,"The Japan Steel Works, Ltd.",JPSWY,44.96,0.458,0.755,Yes
2816,Corby Spirit and Wine Limited,CRBBF,11.55,0.133,0.032,No
2817,McBride plc,MCBRF,47.71,0.482,0.667,Yes
2818,Kesko Oyj,KKOYY,21.84,0.242,0.592,Yes
2819,Technology One Limited,THNOF,67.29,0.64,0.731,Yes
2820,"AngioDynamics, Inc.",ANGO,44.38,0.454,0.22,Yes
2821,GATX Corporation,GATX,23.2,0.256,1.032,Yes
2822,"Ocugen, Inc.",OCGN,100.73,0.874,2.012,Yes
2823,NCR Atleos Corporation,NATL,38.75,0.404,0.558,Yes
2824,Legrand SA,LGRVF,29.89,0.322,0.936,Yes
2825,Berkshire Hathaway Inc.,BRK-A,14.32,0.164,0.156,Yes
2826,The New York Times Company,NYT,23.47,0.259,0.087,Yes
2827,Federal Home Loan Mortgage Corporation PFD,FMCKK,104.93,0.902,2.093,Yes
2828,Vegashares US Equity Autocallable Income ETF,VAIE,4.52,0.054,0.813,Yes
2829,FutureCorp Space Acquisition 1,FTRA-UN,1.8,0.022,,
2830,"First Citizens BancShares, Inc. Depositary Shares, each representing a 1/40th interest in a share of 6.625% Non-Cumulative Perpetual Preferred Stock, Series E",FCNCN,7.35,0.087,0.123,Yes
2831,Friedrich Vorwerk Group SE,FDVWF,99.87,0.87,0.082,No
2832,Sachem Capital Corp. 7.125% Not,SCCF,11.25,0.131,0.167,Yes
2833,Aurinia Pharmaceuticals Inc.,AUPH,38.45,0.403,0.318,Yes
2834,MHP SE,MHPSY,31.01,0.334,0.167,Yes
2835,Pampa Energía S.A.,PAM,42.33,0.438,0.447,Yes
2836,Voestalpine AG,VLPNY,37.92,0.398,0.743,Yes
2837,Renasant Corporation,RNST,23.0,0.255,1.092,Yes
2838,Afry AB,AFXXF,52.44,0.525,0.149,No
2839,National Australia Bank Limited,NABZY,22.91,0.255,0.857,Yes
2840,"Grupo Financiero Banorte, S.A.B. de C.V.",GBOOY,24.43,0.27,0.369,Yes
2841,Federal Signal Corporation,FSS,34.91,0.371,1.469,Yes
2842,Western Asset Investment Grade Income Fund Inc.,PAI,7.6,0.09,0.379,Yes
2843,Hennessy Capital Investment Corp. VII,HVIIU,4.82,0.058,0.108,Yes
2844,iOCO Limited,EOHHF,38.93,0.408,0.132,Yes
2845,Copper Fox Metals Inc.,CPFXF,77.87,0.723,0.729,Yes
2846,"HA Sustainable Infrastructure Capital, Inc.",HASI,43.22,0.447,1.675,Yes
2847,BeOne Medicines AG,ONC,35.2,0.374,0.28,Yes
2848,CMS Energy Corporation,CMS,13.86,0.16,0.096,No
2849,Blue Bird Corporation,BLBD,62.99,0.612,1.788,Yes
2850,Union Electric Company,UEPEM,6.91,0.082,0.132,Yes
2851,"The Vita Coco Company, Inc.",COCO,45.59,0.469,1.793,Yes
2852,"LENSAR, Inc.",LNSR,88.34,0.799,1.931,Yes
2853,Marks and Spencer Group plc,MAKSY,30.95,0.335,0.685,Yes
2854,"Macy's, Inc.",M,39.32,0.413,1.501,Yes
2855,M&T Bank Corporation,MTB-PH,10.05,0.118,0.506,Yes
2856,Atlas Copco AB (publ),ATLKY,24.11,0.268,1.159,Yes
2857,China Railway Signal & Communication Corporation Limited,CRYCY,25.05,0.278,0.089,No
2858,Brookfield Property Preferred L.P.,BPYPM,21.3,0.24,0.496,Yes
2859,Federal National Mortgage Association,FNMAT,93.19,0.833,1.732,Yes
2860,PIMCO Dynamic Income Fund,PDI,11.32,0.133,0.446,Yes
2861,Delhi Bank Corp.,DWNX,3.15,0.038,0.045,Yes
2862,"GPGI, Inc.",GPGI,61.71,0.604,0.613,Yes
2863,"Rexford Industrial Realty, Inc.",REXR-PC,8.9,0.105,0.249,Yes
2864,Ohio Valley Banc Corp.,OVBC,37.08,0.394,0.06,No
2865,"Mercury Systems, Inc.",MRCY,50.25,0.51,1.162,Yes
2866,Federal Home Loan Mortgage Corporation,FMCKO,94.95,0.846,2.175,Yes
2867,Federal Home Loan Mortgage Corporation,FMCCL,99.19,0.874,1.471,Yes
2868,Isramco Negev 2 Limited Partnership,ISRMF,38.35,0.406,0.747,Yes
2869,Cartesian Growth Corporation II,REEUF,2.64,0.032,0.008,No
2870,Harbor Bankshares Corporation,HRBK,50.85,0.516,0.732,Yes
2871,Booking Holdings Inc.,BKNG,22.29,0.25,0.73,Yes
2872,"Corporate Backed Trust Certificates, Goldman Sachs Capital I Securities-Backed Series 2004-6 04-6 A1 3.50",JBK,6.73,0.081,0.211,Yes
2873,"Septerna, Inc.",SEPN,97.34,0.863,2.289,Yes
2874,Federal National Mortgage Association,FNMAH,97.87,0.867,1.951,Yes
2875,Federal Home Loan Mortgage Corporation,FMCKL,105.15,0.914,1.976,Yes
2876,Fortune Bay Corp.,FTBYF,78.94,0.736,0.702,Yes
2877,"Canadian General Investments, Limited",CGRIF,16.74,0.193,0.926,Yes
2878,"Cavco Industries, Inc.",CVCO,39.7,0.419,1.153,Yes
2879,Valley National Bancorp,VLY,28.21,0.311,1.171,Yes
2880,Northwest Natural Holding Company,NWN,16.22,0.187,0.099,No
2881,EPR Properties,EPR-PG,13.35,0.156,0.365,Yes
2882,Federal Home Loan Mortgage Corporation,FMCCS,94.19,0.844,1.767,Yes
2883,Graniteshares Autocallable Coin ETF,ATC,60.93,0.6,8.726,Yes
2884,Nicholas Defense and Rare Earth,WEPN,27.21,0.301,1.097,Yes
2885,"Banc of California, Inc.",BANC,21.22,0.24,0.96,Yes
2886,abrdn Global Premier Properties Fund,AWP,17.43,0.2,0.961,Yes
2887,"Princeton Bancorp, Inc.",BPRN,21.55,0.244,0.518,Yes
2888,Bravura Solutions Limited,BVSFF,115.66,0.983,0.094,Yes
2889,"Mitsubishi Estate Co., Ltd.",MITEY,28.83,0.317,0.037,No
2890,Roche Holding AG,RHHVF,23.63,0.265,0.552,Yes
2891,"NetSol Technologies, Inc.",NTWK,45.63,0.474,1.625,Yes
2892,Telecom Argentina S.A.,TEO,70.2,0.675,1.884,Yes
2893,Acadia Realty Trust,AKR,20.09,0.229,0.696,Yes
2894,Morgan Stanley,MS-PQ,3.67,0.045,0.165,Yes
2895,Ascent Industries Co.,ACNT,24.71,0.277,0.223,Yes
2896,CTF Services Limited,NWSGY,29.24,0.322,0.26,Yes
2897,"Cohen & Steers Select Preferred and Income Fund, Inc.",PSF,11.7,0.138,0.688,Yes
2898,Abercrombie & Fitch Co.,ANF,62.37,0.615,1.426,Yes
2899,"Ferrellgas Partners, L.P.",FGPR,65.82,0.642,0.094,No
2900,Motor Oil (Hellas) Corinth Refineries S.A.,MOHCF,5.88,0.071,0.047,Yes
2901,Elis SA,ELSSF,34.24,0.371,0.158,Yes
2902,Porvair plc,PVARF,19.43,0.222,0.688,Yes
2903,NKT A/S,NRKBY,49.78,0.511,0.014,No
2904,OppFi Inc.,OPFI,101.92,0.901,3.255,Yes
2905,Major Drilling Group International Inc.,MJDLF,34.46,0.373,0.773,Yes
2906,C&F Financial Corporation,CFFI,29.6,0.326,0.896,Yes
2907,OSB Group Plc,OSBGF,39.24,0.418,0.016,Yes
2908,"Alico, Inc.",ALCO,21.19,0.241,0.676,Yes
2909,"BNCCORP, Inc.",BNCC,23.76,0.268,0.198,Yes
2910,"Toll Brothers, Inc.",TOL,35.75,0.386,1.611,Yes
2911,Triton International Limited,TRTN-PF,6.83,0.083,0.14,Yes
2912,Rubis,RBSFY,23.95,0.27,0.113,No
2913,"Star Equity Holdings, Inc.",STRRP,13.38,0.158,0.259,Yes
2914,Vienna Insurance Group AG,VNRGF,70.71,0.683,0.74,No
2915,"Cedar Realty Trust, Inc.",CDR-PC,23.38,0.265,0.328,Yes
2916,"Enagás, S.A.",ENGGY,16.98,0.197,0.245,No
2917,Mahindra & Mahindra Limited,MAHMF,30.94,0.341,0.464,Yes
2918,Itafos Inc.,ITFS,30.69,0.338,0.668,No
2919,China Jinmao Holdings Group Limited,CJNHF,17.18,0.2,0.114,Yes
2920,"Genesis Energy, L.P.",GEL,28.98,0.322,0.031,No
2921,"Rapport Therapeutics, Inc.",RAPP,77.76,0.737,1.025,Yes
2922,Geely Automobile Holdings Limited,GELYF,39.12,0.419,0.497,No
2923,PACCAR Inc,PCAR,21.76,0.248,0.971,Yes
2924,ResMed Inc.,RMD,23.28,0.264,0.339,Yes
2925,"Zoomlion Heavy Industry Science and Technology Co., Ltd.",ZLIOY,40.3,0.43,0.176,Yes
2926,Partners Value Investments LP,PVLUF,50.22,0.519,1.094,No
2927,FIH Mobile Limited,FXCNY,70.05,0.681,0.022,Yes
2928,Daimler Truck Holding AG,DTRUY,28.07,0.313,0.736,Yes
2929,YTL Corporation Berhad,YTLCF,75.07,0.719,1.512,Yes
2930,Atour Lifestyle Holdings Limited,ATAT,33.82,0.37,0.39,Yes
2931,"C.H. Robinson Worldwide, Inc.",CHRW,30.12,0.334,0.908,Yes
2932,Alm. Brand A/S,ABDBY,13.63,0.161,0.072,Yes
2933,REX American Resources Corporation,REX,35.72,0.388,0.551,Yes
2934,"Daifuku Co., Ltd.",DFKUY,35.32,0.385,1.382,Yes
2935,"Sunstone Hotel Investors, Inc.",SHO-PH,9.93,0.119,0.374,Yes
2936,OP Bancorp,OPBK,29.52,0.329,0.722,Yes
2937,"Hollywood Studios International, Inc.",HYWS,65.46,0.647,0.362,Yes
2938,Bedford Holdings Corp,BFDE,65.46,0.647,1.338,No
2939,Essent Group Ltd.,ESNT,17.32,0.202,0.432,Yes
2940,Weir PLC,WEIGF,28.35,0.318,0.857,Yes
2941,"Clearway Energy, Inc.",CWEN,26.71,0.302,0.489,Yes
2942,SAP SE,SAP,27.34,0.308,0.872,Yes
2943,Juniata Valley Financial Corp.,JUVF,20.37,0.236,0.434,Yes
2944,Federal Home Loan Mortgage Corporation,FMCCJ,106.75,0.945,1.932,Yes
2945,Pro Medicus Limited,PMCUF,59.69,0.603,1.765,Yes
2946,Zhejiang Shibao Company Limited,ZHHJY,30.02,0.335,0.171,Yes
2947,"The Bank of East Asia, Limited",BKEAF,34.34,0.378,0.536,Yes
2948,Vornado Realty Trust,VNO-PO,14.79,0.175,0.473,Yes
2949,Mitsubishi Corporation,MTSUY,28.21,0.318,0.44,No
2950,Deutsche Telekom AG,DTEGF,23.65,0.271,0.032,No
2951,NewAmsterdam Pharma Company N.V.,NAMS,65.77,0.653,0.463,Yes
2952,Primoris Services Corporation,PRIM,49.14,0.515,1.882,Yes
2953,Federal Home Loan Mortgage Corporation,FMCCI,106.39,0.946,1.63,Yes
2954,"AvePoint, Inc.",AVPT,38.8,0.421,1.314,Yes
2955,Aristocrat Leisure Limited,ARLUF,24.96,0.285,0.566,Yes
2956,"ScanSource, Inc.",SCSC,31.51,0.352,1.59,Yes
2957,"Cinemark Holdings, Inc.",CNK,35.43,0.39,0.305,Yes
2958,Hotel101 Global Holdings Corp.,HBNB,109.02,0.965,0.944,No
2959,MNB Holdings Corporation,MNBO,37.22,0.407,0.796,No
2960,"Marti Technologies, Inc.",MRT,96.62,0.884,0.736,Yes
2961,"Theravance Biopharma, Inc.",TBPH,34.66,0.383,0.468,Yes
2962,"Q2 Holdings, Inc.",QTWO,37.43,0.41,1.342,Yes
2963,"Fuji Electric Co., Ltd.",FELTY,35.7,0.394,1.52,Yes
2964,TPG Inc.,TPG,37.94,0.415,1.641,Yes
2965,"Healthcare Services Group, Inc.",HCSG,39.92,0.434,1.002,Yes
2966,JNBY Design Limited,JNBBY,5.69,0.071,0.15,No
2967,National Bank Holdings Corporation,NBHC,17.91,0.211,0.836,Yes
2968,"Monte Rosa Therapeutics, Inc.",GLUE,114.03,1.0,2.045,Yes
2969,RENK Group AG,RNKGF,81.88,0.781,0.181,No
2970,"First Hawaiian, Inc.",FHB,21.17,0.247,0.896,Yes
2971,Flughafen Zürich AG,UZAPF,20.69,0.241,0.577,Yes
2972,Solaris Resources Inc.,SLSR,48.87,0.516,0.645,Yes
2973,Nayax Ltd.,NYAX,43.2,0.464,0.74,Yes
2974,Diversified Healthcare Trust  -,DHCNI,23.91,0.276,0.999,Yes
2975,"First Bancshares, Inc.",FIBH,26.79,0.306,0.396,Yes
2976,Helvetia Baloise Holding AG,HLVTY,29.27,0.331,0.042,Yes
2977,Space Asset Acquisition Corp.,SAAQU,3.29,0.041,0.139,Yes
2978,Uranium Energy Corp.,UEC,57.2,0.588,1.467,Yes
2979,Bezeq The Israel Telecommunication Corp. Ltd,BZQIF,37.17,0.409,0.291,Yes
2980,Bank of America Corporation,BAC-PB,6.71,0.083,0.341,Yes
2981,Federal Home Loan Mortgage Corporation,FMCCN,107.99,0.964,2.194,Yes
2982,Österreichische Post AG,OERCF,10.92,0.133,0.026,No
2983,Formula One Group,FWONB,18.6,0.219,0.52,Yes
2984,RTW Biotech Opportunities Ltd,RTWFF,47.48,0.505,0.482,Yes
2985,Centrus Energy Corp.,LEU,109.67,0.977,2.186,Yes
2986,Chesapeake Trend-Following Fixed Income ETF,TFFI,5.45,0.068,0.187,Yes
2987,"1ST SUMMIT BANCORP of Johnstown, Inc.",FSMK,23.66,0.274,0.064,Yes
2988,First Pacific Company Limited,FPAFF,26.74,0.306,0.499,Yes
2989,Bank of Hawaii Corporation,BOH,26.04,0.299,0.839,Yes
2990,Midnight Sun Mining Corp.,MDNGF,112.11,0.994,0.929,Yes
2991,GSK plc,GSK,19.34,0.228,0.029,No
2992,Companhia Energética de Minas Gerais - CEMIG,CIG,19.16,0.226,0.341,Yes
2993,MP Materials Corp.,MP,88.14,0.833,1.986,Yes
2994,Xcel Energy Inc.,XEL,15.55,0.187,0.17,Yes
2995,Getlink SE,GRPTF,17.13,0.204,0.251,Yes
2996,Hemisphere Energy Corporation,HMENF,22.06,0.258,0.258,Yes
2997,ShaMaran Petroleum Ltd.,SHPLF,78.35,0.761,1.403,Yes
2998,"SS&C Technologies Holdings, Inc.",SSNC,22.21,0.26,0.893,Yes
2999,"HCA Healthcare, Inc.",HCA,25.57,0.295,0.345,Yes
3000,Oakmark Global Large Cap ETF,OAKG,12.31,0.15,0.558,Yes
3001,"Aida Pharmaceuticals, Inc.",AIDA,74.76,0.735,1.172,Yes
3002,"Commvault Systems, Inc.",CVLT,40.83,0.447,1.523,Yes
3003,SGS SA,SGSOY,18.76,0.223,0.635,Yes
3004,"The LGL Group, Inc.",LGL,25.61,0.296,0.466,Yes
3005,Federal Home Loan Mortgage Corporation,FMCCG,103.2,0.941,2.154,Yes
3006,"Tootsie Roll Industries, Inc.",TR,18.89,0.225,0.058,Yes
3007,"Atresmedia Corporación de Medios de Comunicación, S.A.",ATVDY,34.84,0.39,0.529,Yes
3008,Park Hotels & Resorts Inc.,PK,25.45,0.295,1.373,Yes
3009,"NextEra Energy, Inc.",NEE,19.82,0.235,0.263,Yes
3010,Dana Incorporated,DAN,48.87,0.522,1.502,Yes
3011,Federal Home Loan Mortgage Corporation PFD 5.30%,FREJP,99.85,0.921,2.043,Yes
3012,BQE Water Inc.,BTQNF,48.19,0.516,0.64,No
3013,Haw Par Corporation Limited,HAWPY,43.41,0.473,0.156,Yes
3014,Sonoro Gold Corp.,SMOFF,74.08,0.733,0.62,No
3015,Billerud AB (publ),BLRDF,62.97,0.644,1.386,Yes
3016,Synchrony Financial,SYF-PA,15.22,0.184,0.949,Yes
3017,Swire Properties Limited,SWPFF,25.67,0.298,0.076,No
3018,Geely Automobile Holdings Limited,GELHY,38.38,0.426,0.566,No
3019,Yokogawa Electric Corporation,YOKEY,27.49,0.317,0.527,Yes
3020,Orient Overseas (International) Limited,OROVY,34.32,0.386,0.202,No
3021,DNO ASA,DTNOF,40.05,0.442,0.695,No
3022,"Morgan Stanley India Investment Fund, Inc.",IIF,14.5,0.176,0.601,Yes
3023,"Glacier Bancorp, Inc.",GBCI,28.09,0.324,0.937,Yes
3024,A2A S.p.A.,AEMMY,30.04,0.344,0.803,No
3025,M3-Brigade Acquisition Vi Corp.,MBVI,1.69,0.022,0.065,Yes
3026,"Mitsubishi Estate Co., Ltd.",MITEF,29.84,0.342,0.124,No
3027,DEUTZ Aktiengesellschaft,DEUZF,64.0,0.655,0.692,No
3028,Black Hawk Acquisition Corporation,BKHAU,7.63,0.096,0.1,Yes
3029,FS Credit Opportunities Corp.,FSCO,12.45,0.153,0.217,Yes
3030,Ellsworth Growth and Income Fund Ltd.,ECF-PA,6.89,0.087,0.017,Yes
3031,"Lifeway Foods, Inc.",LWAY,62.83,0.646,0.535,Yes
3032,China Merchants Port Holdings Company Limited,CMHHF,46.13,0.501,0.605,Yes
3033,Cousins Properties Incorporated,CUZ,22.77,0.269,0.962,Yes
3034,AtkinsRéalis Group Inc.,SNCAF,30.15,0.347,1.177,Yes
3035,Rathbones Group Plc,RTBBF,10.89,0.135,0.122,Yes
3036,Realty Income Corporation,O,15.24,0.186,0.447,Yes
3037,"China Galaxy Securities Co., Ltd.",CGXYY,56.41,0.594,1.012,No
3038,SouthState Bank Corporation,SSB,23.62,0.279,1.03,Yes
3039,UOL Group Limited,UOLGY,23.3,0.275,0.327,Yes
3040,"CTT - Correios De Portugal, S.A.",CTTOF,40.83,0.453,0.145,Yes
3041,The Connecticut Light and Power Company,CNLPL,6.18,0.078,0.034,No
3042,"Consolidated Edison, Inc.",ED,13.29,0.164,0.378,No
3043,"Reservoir Media, Inc.",RSVR,20.28,0.243,0.182,Yes
3044,Investec Group,ITCFY,19.75,0.237,0.215,Yes
3045,"Cohen & Steers Quality Income Realty Fund, Inc.",RQI,18.67,0.225,1.227,Yes
3046,A SPAC II Acquisition Corp.,ASCBF,3.42,0.044,0.024,Yes
3047,Calamos Long/Short Equity & Dynamic Income Term Trust,CPZ,9.04,0.113,0.408,Yes
3048,Federal Home Loan Mortgage Corporation,FMCCM,107.67,0.985,2.13,Yes
3049,"ClearPoint Neuro, Inc.",CLPT,104.84,0.966,1.633,Yes
3050,Newcore Gold Ltd.,NCAUF,75.52,0.754,1.078,No
3051,"Calvin B. Taylor Bankshares, Inc.",TYCB,19.27,0.232,0.024,No
3052,"Harrow, Inc.",HROW,82.64,0.809,1.593,Yes
3053,Kingfisher plc,KGFHY,28.76,0.335,0.653,Yes
3054,JDE Peet's N.V.,JDEPY,34.78,0.396,0.855,No
3055,"Latham Group, Inc.",SWIM,68.37,0.698,1.853,Yes
3056,Sino Biopharmaceutical Limited,SBMFF,49.9,0.54,1.042,Yes
3057,JSB Financial Inc.,JFWV,27.41,0.321,0.238,Yes
3058,Techtronic Industries Company Limited,TTNDY,31.75,0.366,1.104,Yes
3059,"Piedmont Realty Trust, Inc.",PDM,32.52,0.374,1.757,Yes
3060,DouYu International Holdings Limited,DOYU,57.71,0.61,0.254,No
3061,"Línea Directa Aseguradora, S.A., Compañía de Seguros y Reaseguros",LNDAF,19.46,0.235,0.442,Yes
3062,Man Group Plc,MNGPF,28.22,0.33,0.365,No
3063,Inpex Corporation,IPXHY,25.68,0.303,0.709,No
3064,Natural Resource Partners L.P.,NRP,22.23,0.266,0.547,Yes
3065,KONE Oyj,KNYJF,23.61,0.281,0.604,Yes
3066,"Técnicas Reunidas, S.A.",TNISF,38.35,0.433,0.489,No
3067,Pinnacle Bank,PBNK,11.94,0.149,0.201,Yes
3068,"Optex Systems Holdings, Inc",OPXS,57.76,0.611,1.509,Yes
3069,Swisscom AG,SCMWY,16.34,0.201,0.063,Yes
3070,Cobram Estate Olives Limited,CBOAF,51.74,0.559,0.953,Yes
3071,"Naturgy Energy Group, S.A.",GASNF,14.79,0.183,0.21,Yes
3072,IperionX Limited,IPX,72.76,0.737,3.38,Yes
3073,Rogers Sugar Inc.,RSGUF,14.24,0.176,0.291,Yes
3074,BW Energy Limited,BWEFF,54.01,0.579,0.371,Yes
3075,Compagnie de Saint-Gobain S.A.,CODGF,22.51,0.27,0.947,Yes
3076,GSK plc,GLAXF,19.01,0.231,0.037,No
3077,Nu Holdings Ltd.,NU,38.52,0.436,0.623,Yes
3078,Ultrapar Participações S.A.,UGP,36.28,0.414,0.106,Yes
3079,"Nelnet, Inc.",NNI,15.37,0.19,0.462,Yes
3080,Nuveen AMT-Free Municipal Value Fund,NUW,5.93,0.076,0.234,Yes
3081,CD Projekt Red S.A.,OTGLF,37.49,0.426,0.61,Yes
3082,Talon Metals Corp.,TLOFF,95.95,0.913,0.631,Yes
3083,AIC Mines Limited,IAUFF,81.75,0.809,1.643,Yes
3084,Dassault Aviation société anonyme,DUAVF,26.95,0.318,0.473,No
3085,Seacoast Banking Corporation of Florida,SBCF,23.46,0.281,1.112,Yes
3086,NYLI MacKay Muni Allocation ETF,MMMA,3.6,0.047,0.151,Yes
3087,Schaeffler AG,SFFLY,41.59,0.466,0.904,Yes
3088,Fairfax India Holdings Corporation,FFXDF,15.21,0.188,0.747,Yes
3089,"Mirion Technologies, Inc.",MIR,38.24,0.434,1.609,Yes
3090,PayPoint plc,PYPTF,37.43,0.426,0.37,Yes
3091,Amadeus FiRe AG,AFGZF,2.83,0.037,0.087,Yes
3092,Matsa Resources Limited,MTRSF,15.26,0.189,0.587,Yes
3093,Critical One Energy Inc.,CTLOF,108.1,1.001,2.16,Yes
3094,Futu Holdings Limited,FUTU,49.22,0.539,0.684,Yes
3095,"Home BancShares, Inc.",HOMB,18.64,0.228,0.636,Yes
3096,International Business Machines Corporation,IBM,30.8,0.36,1.261,Yes
3097,"Eagle Financial Services, Inc.",EFSI,15.44,0.191,0.574,Yes
3098,Danone S.A.,DANOY,16.88,0.208,0.196,No
3099,Emerson Electric Co.,EMR,23.6,0.284,1.459,Yes
3100,Galway Metals Inc.,GAYMF,72.05,0.737,1.458,Yes
3101,"Nutanix, Inc.",NTNX,38.69,0.44,1.238,Yes
3102,SAP SE,SAPGF,25.98,0.309,0.916,Yes
3103,Nuveen California Municipal Value Fund,NCA,8.12,0.104,0.317,Yes
3104,"CRA International, Inc.",CRAI,28.58,0.337,0.698,Yes
3105,Rayonier Advanced Materials Inc.,RYAM,68.07,0.705,1.419,Yes
3106,"Charter Communications, Inc. Series A Cumulative Redeemable Preferred Stock",CHTRP,9.15,0.117,0.199,Yes
3107,"CIB Marine Bancshares, Inc.",CIBH,27.85,0.33,0.384,Yes
3108,Kajima Corporation,KAJMY,30.91,0.362,0.382,Yes
3109,Brookfield Corporation,BAM,25.79,0.308,1.387,Yes
3110,Bonesupport Holding AB (publ),BOEUF,114.43,1.048,3.458,Yes
3111,"CyberAgent, Inc.",CYGIY,31.68,0.371,0.352,Yes
3112,Kuya Silver Corporation,KUYAF,77.32,0.781,0.101,Yes
3113,"Cohen & Steers Total Return Realty Fund, Inc.",RFI,12.89,0.162,0.738,Yes
3114,The North West Company Inc.,NNWWF,22.09,0.268,0.037,No
3115,Geberit AG,GBERF,19.1,0.235,0.48,Yes
3116,Barings Corporate Investors,MCI,21.34,0.26,0.46,Yes
3117,Sachem Capital Corp. 8.00% Note,SCCG,13.16,0.166,0.012,No
3118,"Rocky Brands, Inc.",RCKY,101.83,0.965,3.041,Yes
3119,"Stride, Inc.",LRN,44.76,0.501,0.24,Yes
3120,JPMorgan Chase & Co.,JPM-PD,4.96,0.065,0.273,Yes
3121,"Cantor Equity Partners V, Inc.",CEPV,1.79,0.024,0.108,Yes
3122,"FreightCar America, Inc.",RAIL,101.77,0.965,1.584,Yes
3123,B2Gold Corp.,BTG,43.01,0.485,0.345,Yes
3124,First Merchants Corporation,FRME,23.21,0.281,0.897,Yes
3125,"Sprouts Farmers Market, Inc.",SFM,35.85,0.415,0.508,Yes
3126,Orient Overseas (International) Limited,OROVF,26.96,0.322,0.607,Yes
3127,A2A S.p.A.,AEMMF,53.63,0.585,1.142,No
3128,HKT Trust and HKT Limited,HKTTY,23.64,0.287,0.493,Yes
3129,Formula Systems (1985) Ltd.,FORTY,36.14,0.419,1.77,Yes
3130,Camtek Ltd.,CAMT,50.93,0.562,2.185,Yes
3131,Kite Realty Group Trust,KRG,13.66,0.173,0.385,Yes
3132,Idorsia Ltd,IDRSF,110.14,1.028,2.599,Yes
3133,CNB Financial Corporation,CCNEP,11.08,0.142,0.512,Yes
3134,Aspen Pharmacare Holdings Limited,APNHF,36.86,0.427,0.085,No
3135,Beyond Oil Ltd.,BEOLF,91.47,0.896,1.048,No
3136,"Merck & Co., Inc.",MRK,19.83,0.245,0.052,No
3137,DFI Retail Group Holdings Limited,DFILF,35.01,0.408,1.164,No
3138,China Yongda Automobiles Services Holdings Limited,CYYHF,47.78,0.534,0.976,Yes
3139,Hartalega Holdings Berhad,HHBHF,2.02,0.027,0.036,No
3140,Exosens,EXSNY,32.18,0.38,5.685,Yes
3141,Ero Copper Corp.,ERO,48.23,0.539,1.24,Yes
3142,"First Citizens BancShares, Inc.",FCNCA,20.71,0.256,0.593,Yes
3143,TAV Havalimanlari Holding A.S.,TAVHF,46.7,0.525,0.813,Yes
3144,"National Capital Bancorp, Inc.",NACB,43.26,0.492,0.511,Yes
3145,Target Corporation,TGT,22.35,0.275,0.799,Yes
3146,Fresenius SE & Co. KGaA,FSNUF,28.72,0.345,0.872,Yes
3147,"Sumitomo Pharma Co., Ltd.",DNPUF,70.88,0.74,0.016,Yes
3148,Anteris Technologies Global Corp.,AVR,69.89,0.732,1.797,Yes
3149,Nitto Denko Corporation,NDEKF,28.21,0.339,0.292,Yes
3150,Central Puerto S.A.,CEPU,72.85,0.757,0.914,Yes
3151,Nexans S.A.,NXPRF,40.54,0.467,1.135,Yes
3152,Portland General Electric Company,POR,12.73,0.163,0.012,No
3153,Coles Group Limited,CLEGF,34.54,0.407,0.066,No
3154,Swisscom AG,SWZCF,16.7,0.211,0.094,No
3155,Hosiden Corporation,HOIEF,17.07,0.215,0.224,No
3156,"Liberty All-Star Growth Fund, Inc.",ASG,12.63,0.162,1.175,Yes
3157,CorMedix Inc.,CRMD,66.5,0.706,1.15,Yes
3158,"Innoviva, Inc.",INVA,21.29,0.264,0.157,Yes
3159,"Natural Grocers by Vitamin Cottage, Inc.",NGVC,56.25,0.617,2.004,Yes
3160,"Universal Safety Products, Inc",UUU,90.42,0.898,0.804,No
3161,Crazy Woman Creek Bancorp Incorporated,CRZY,22.89,0.282,0.367,Yes
3162,"Copa Holdings, S.A.",CPA,24.87,0.304,1.259,Yes
3163,"Lexicon Pharmaceuticals, Inc.",LXRX,85.44,0.86,0.75,Yes
3164,Greenland Resources Inc.,GRLRF,51.63,0.575,0.652,Yes
3165,Choice Properties Real Estate Investment Trust,PPRQF,12.93,0.166,0.187,Yes
3166,Jiangsu Expressway Company Limited,JEXYF,24.02,0.295,0.412,No
3167,"CAVA Group, Inc.",CAVA,50.74,0.567,1.143,Yes
3168,Marston's PLC,MRTPY,27.04,0.329,0.166,No
3169,"Akeso, Inc.",AKESF,66.02,0.704,0.25,No
3170,Fairchild Gold Corp.,FCHDF,89.43,0.892,9.071,Yes
3171,StealthGas Inc.,GASS,34.41,0.407,0.312,Yes
3172,Recordati Industria Chimica e Farmaceutica S.p.A.,RCDTF,12.23,0.158,0.23,Yes
3173,Relevant Gold Corp.,RGCCF,48.17,0.544,1.273,No
3174,"Cullinan Therapeutics, Inc.",CGEM,70.77,0.745,0.825,No
3175,American Homes 4 Rent,AMH-PH,8.14,0.107,0.289,Yes
3176,Castile Resources Limited,CLRSF,45.56,0.519,0.287,Yes
3177,CGN Mining Company Limited,CGNMF,64.76,0.694,0.876,Yes
3178,thyssenkrupp AG,TKAMY,60.63,0.659,0.96,Yes
3179,Kirby Corporation,KEX,26.26,0.321,0.807,Yes
3180,Ceconomy AG,MTAGF,48.66,0.55,0.213,Yes
3181,"PulteGroup, Inc.",PHM,27.53,0.335,1.119,Yes
3182,"Prudential Financial, Inc.",PRU,15.25,0.195,0.647,Yes
3183,Getty Realty Corp.,GTY,13.72,0.177,0.344,Yes
3184,Rural Funds Group,RFNDF,25.88,0.317,0.575,Yes
3185,Primo Brands Corporation,PRMB,31.03,0.373,0.864,Yes
3186,"Sonic Automotive, Inc.",SAH,27.9,0.34,1.081,Yes
3187,NPK International Inc.,NPKI,35.13,0.417,1.345,Yes
3188,Garden City Co.,GCCO,7.46,0.099,0.37,Yes
3189,"Qnity Electronics, Inc.",Q,52.51,0.587,1.632,Yes
3190,CStone Pharmaceuticals,CSPHF,85.61,0.868,1.29,No
3191,GS Yuasa Corporation,GYUAF,30.16,0.365,0.224,No
3192,NETSTREIT Corp.,NTST,17.57,0.223,0.681,Yes
3193,"The New Germany Fund, Inc.",GF,17.12,0.218,0.903,Yes
3194,Microsoft Corporation,MSFT,23.3,0.289,1.238,Yes
3195,"Equinix, Inc.",EQIX,19.08,0.241,0.799,Yes
3196,Asahi Kasei Corporation,AHKSF,28.25,0.344,0.417,Yes
3197,"The Hartford Insurance Group, Inc.",HIG-PG,6.1,0.081,0.362,Yes
3198,"Grupo Financiero Banorte, S.A.B. de C.V.",GBOOF,22.73,0.283,0.266,Yes
3199,"Maze Therapeutics, Inc.",MAZE,80.5,0.828,2.16,Yes
3200,"Strata Critical Medical, Inc.",SRTA,50.28,0.567,2.91,Yes
3201,Safilo Group S.p.A.,SAFLY,50.85,0.573,0.932,Yes
3202,XD Inc.,XDNCF,16.13,0.206,0.427,Yes
3203,Gen Digital Inc.,GEN,31.8,0.383,1.736,Yes
3204,Nissui Corporation,NISUY,38.82,0.456,0.609,No
3205,Marimaca Copper Corp.,MARIF,41.25,0.48,1.03,Yes
3206,Lifco AB (publ),LFABF,42.82,0.496,1.204,Yes
3207,"Sumitomo Pharma Co., Ltd.",SMDPY,81.48,0.839,0.074,No
3208,"SoFi Technologies, Inc.",SOFI,54.06,0.604,1.868,Yes
3209,Electrovaya Inc.,ELVA,68.28,0.73,1.376,Yes
3210,"UTG, Inc.",UTGN,21.21,0.266,0.452,No
3211,PJX Resources Inc.,PJXRF,84.34,0.862,1.97,No
3212,Brambles Limited,BMBLF,23.91,0.297,0.079,Yes
3213,"FS Bancorp, Inc.",FSBW,20.35,0.257,0.764,Yes
3214,Airports of Thailand Public Company Limited,AIPUF,107.31,1.034,0.97,No
3215,"TPG Mortgage Investment Trust, Inc.",MITT,23.98,0.298,0.884,Yes
3216,Ceconomy AG,MTTRY,58.72,0.648,0.661,Yes
3217,CHS Inc.,CHSCM,6.13,0.082,0.314,Yes
3218,Allegion plc,ALLE,19.19,0.243,0.483,Yes
3219,SmartCentres Real Estate Investment Trust,CWYUF,15.07,0.194,0.666,Yes
3220,"Highlands Bankshares, Inc.",HBSI,11.84,0.155,0.37,No
3221,Sabine Royalty Trust,SBR,15.78,0.203,0.481,Yes
3222,Informa plc,IFPJF,15.32,0.198,0.589,Yes
3223,thyssenkrupp AG,TYEKF,65.75,0.711,0.981,Yes
3224,"RBC Life Sciences, Inc.",RBCL,103.09,1.006,1.574,No
3225,Hunting PLC,HNTIY,36.14,0.431,0.721,No
3226,"Columbia Banking System, Inc.",COLB,27.49,0.338,0.97,Yes
3227,TOPPAN Holdings Inc.,TONPF,14.49,0.188,0.022,No
3228,Astra Exploration Inc.,ATEPF,112.97,1.078,2.018,No
3229,Globe Life Inc.,GL,24.18,0.302,0.673,Yes
3230,NTG Clarity Networks Inc.,NYWKF,84.01,0.864,0.955,Yes
3231,"RENN Fund, Inc.",RCG,24.97,0.311,0.012,No
3232,Goldhills Holding Ltd.,GODZF,97.37,0.967,0.321,No
3233,Neurogene Inc.,NGNE,107.02,1.037,1.953,Yes
3234,"UMH Properties, Inc.",UMH,13.24,0.173,0.399,Yes
3235,First Real Estate Investment Trust,FESNF,21.34,0.27,0.866,Yes
3236,Cannara Biotech Inc.,LOVFF,40.78,0.48,0.205,No
3237,Chesapeake Utilities Corporation,CPK,15.94,0.206,0.416,Yes
3238,LuxExperience B.V.,LUXE,58.03,0.645,0.712,Yes
3239,Aberdeen Government Markets Income Fund,MGF,5.89,0.079,0.152,Yes
3240,QinetiQ Group plc,QNTQY,33.57,0.406,0.877,Yes
3241,Weebit Nano Limited,WBTNF,109.71,1.058,2.549,Yes
3242,Opera Limited,OPRA,40.78,0.481,1.534,Yes
3243,Elanco Animal Health Incorporated,ELAN,47.42,0.546,2.285,Yes
3244,"GMO internet group, Inc.",GMOYF,30.13,0.369,0.656,Yes
3245,"Pediatrix Medical Group, Inc.",MD,43.84,0.512,0.006,No
3246,"Eledon Pharmaceuticals, Inc.",ELDN,92.58,0.934,0.093,No
3247,"The Bancorp, Inc.",TBBK,34.68,0.418,0.996,Yes
3248,Greentown China Holdings Limited,GTWCF,67.29,0.73,0.156,Yes
3249,Stillwater Critical Minerals Corp.,PGEZF,81.6,0.849,0.221,No
3250,China Tower Corporation Limited,CTOWY,21.9,0.277,0.183,Yes
3251,Origin Enterprises plc,ORENF,25.82,0.322,0.16,No
3252,"Array Digital Infrastructure, Inc.",AD,31.78,0.388,0.361,Yes
3253,AmBase Corporation,ABCP,44.43,0.519,1.484,Yes
3254,Savencia SA,BNGRF,15.18,0.198,0.055,No
3255,Yue Yuen Industrial (Holdings) Limited,YUEIY,34.11,0.414,0.808,Yes
3256,"Installed Building Products, Inc.",IBP,44.77,0.524,1.61,Yes
3257,Denison Mines Corp.,DNN,45.45,0.53,1.558,Yes
3258,L E Lundbergföretagen AB (publ),LBGUF,20.33,0.26,0.019,Yes
3259,State Street Consumer Staples Select Sector SPDR Premium Income ETF,XLSI,7.73,0.104,0.201,Yes
3260,"Amprius Technologies, Inc.",AMPX,113.66,1.093,2.581,Yes
3261,Corporación América Airports S.A.,CAAP,31.44,0.386,1.016,Yes
3262,Sime Darby Property Berhad,SIMEF,94.95,0.958,0.416,Yes
3263,"United Bancorp, Inc.",UBCP,22.15,0.282,0.792,Yes
3264,Unit Corporation,UNTC,16.98,0.22,0.349,No
3265,Lotus Bakeries NV,LOTBY,39.48,0.471,0.69,Yes
3266,StepStone Group Inc.,STEP,33.76,0.411,1.228,Yes
3267,SSAB AB (publ),SSAAF,37.38,0.45,0.959,Yes
3268,Enbridge Inc.,ENBFF,29.56,0.366,0.192,Yes
3269,"Coeur d'Alene Bancorp, Inc.",CDAB,13.84,0.182,0.322,Yes
3270,"Kontoor Brands, Inc.",KTB,34.49,0.42,0.762,Yes
3271,"Essential Utilities, Inc.",WTRG,11.58,0.154,0.089,No
3272,Vornado Realty Trust,VNO,27.37,0.342,1.615,Yes
3273,Addtech AB (publ.),ADDHY,34.46,0.42,0.016,No
3274,Outcrop Silver & Gold Corporation,OCGSF,59.96,0.671,1.363,Yes
3275,Donegal Group Inc.,DGICA,18.99,0.245,0.228,No
3276,Hafnia Limited,HAFN,34.58,0.421,0.534,Yes
3277,DRI Healthcare Trust,DHTRF,23.41,0.297,0.086,Yes
3278,Kingfisher plc,KGFHF,28.15,0.351,0.605,Yes
3279,Avolta AG,DUFRY,21.62,0.277,0.495,Yes
3280,"Fossil Group, Inc.",FOSL,83.39,0.872,1.212,Yes
3281,"OSI Systems, Inc.",OSIS,28.94,0.36,1.274,Yes
3282,Techtronic Industries Company Limited,TTNDF,27.33,0.342,0.719,Yes
3283,"Sally Beauty Holdings, Inc.",SBH,38.37,0.462,1.531,Yes
3284,Moelis & Company,MC,26.84,0.337,1.926,Yes
3285,Bank of Marin Bancorp,BMRC,24.81,0.314,0.943,Yes
3286,VanEck BNB ETF,VBNB,49.52,0.575,7.615,Yes
3287,"Innovative Aerosystems, Inc.",IA,81.05,0.856,1.081,Yes
3288,Nippon Sanso Holdings Corporation,NPXYY,21.89,0.281,0.265,Yes
3289,Amaero Inc.,AMRLL,102.92,1.025,1.82,Yes
3290,Xior Student Housing NV,XIORF,10.68,0.143,0.215,Yes
3291,"Shanghai Electric Group Co., Ltd.",SIELF,40.03,0.481,0.021,Yes
3292,"Alternaturals, Inc.",ANAS,96.58,0.979,0.1,Yes
3293,"ORIC Pharmaceuticals, Inc.",ORIC,68.6,0.752,1.797,Yes
3294,NovaGold Resources Inc.,NG,72.48,0.786,0.981,Yes
3295,Bank of Queensland Limited,BKQNY,20.37,0.264,0.399,Yes
3296,"White Mountains Insurance Group, Ltd.",WTM,14.38,0.191,0.267,Yes
3297,Telstra Group Limited,TTRAF,18.53,0.242,0.183,Yes
3298,"Lincoln Electric Holdings, Inc.",LECO,22.38,0.288,1.325,Yes
3299,"RiverNorth Opportunities Fund, Inc.",RIV-PA,5.84,0.08,0.344,Yes
3300,Progressive Planet Solutions Inc.,ASHXF,53.27,0.614,0.744,Yes
3301,Inflection Point Acquisition Corp. VI,IPFXU,10.02,0.136,0.253,No
3302,The Gym Group plc,GYYMF,60.97,0.687,1.045,No
3303,China Aviation Oil (Singapore) Corporation Ltd,CAOLF,62.71,0.702,0.686,No
3304,Lumbee Guaranty Bank,LUMB,21.26,0.275,0.644,Yes
3305,HKT Trust and HKT Limited,HKTTF,46.56,0.549,1.159,Yes
3306,"Texas Capital Bancshares, Inc.",TCBIO,13.68,0.182,0.755,Yes
3307,Orkla ASA,ORKLF,20.66,0.268,0.716,No
3308,Immobiliare Grande Distribuzione SIIQ S.p.A.,IMMQF,17.69,0.232,0.165,No
3309,"First Bancshares, Inc.",FBSI,19.48,0.254,0.128,Yes
3310,Vertex Pharmaceuticals Incorporated,VRTX,20.73,0.269,0.147,Yes
3311,"Cornerstone Strategic Investment Fund, Inc.",CLM,15.12,0.201,1.079,Yes
3312,Boeing Co,BA-PA,17.15,0.226,0.647,Yes
3313,The a2 Milk Company Limited,ACOPF,39.92,0.483,1.074,No
3314,Western Alliance Bancorporation,WAL,31.08,0.388,1.896,Yes
3315,"Cheniere Energy Partners, L.P.",CQP,20.62,0.268,0.057,Yes
3316,BANDAI NAMCO Holdings Inc.,NCBDY,29.45,0.37,0.535,No
3317,Bosideng International Holdings Limited,BSDGY,25.84,0.329,0.303,Yes
3318,"USA Compression Partners, LP",USAC,16.45,0.217,0.171,Yes
3319,"CEMEX, S.A.B. de C.V.",CX,25.95,0.331,1.137,Yes
3320,Arjo AB (publ),ARRJF,38.73,0.471,0.678,Yes
3321,SGS SA,SGSOF,19.36,0.253,0.444,Yes
3322,Iveco Group N.V.,IVCGF,31.66,0.396,0.013,No
3323,Elixirr International plc,ELXXF,19.71,0.258,0.047,Yes
3324,Compagnie Générale des Établissements Michelin Société en commandite par actions,MGDDF,21.57,0.28,0.844,Yes
3325,CNB Corporation,CNBZ,23.82,0.307,0.581,No
3326,Bombardier Inc.,BDRPF,19.68,0.258,0.326,Yes
3327,Crombie Real Estate Investment Trust,CROMF,15.35,0.204,0.629,Yes
3328,Shimizu Corporation,SHMUF,55.81,0.643,0.044,No
3329,Siddhi Acquisition Corp.,SDHIU,3.85,0.054,0.073,Yes
3330,"O'Reilly Automotive, Inc.",ORLY,16.8,0.223,0.321,Yes
3331,Burke & Herbert Financial Services Corp.,BHRB,26.14,0.334,0.739,Yes
3332,HFB Financial Corporation,HFBA,11.99,0.162,0.096,No
3333,Naspers Limited,NPSNY,19.94,0.261,0.462,Yes
3334,Versailles Financial Corporation,VERF,13.16,0.177,0.074,No
3335,Logansport Financial Corp.,LOGN,11.79,0.16,0.04,Yes
3336,"La Comer, S.A.B. de C.V.",LCMRF,28.6,0.364,0.299,Yes
3337,Costamare Inc.,CMRE,27.02,0.346,0.553,Yes
3338,"Hagerty, Inc.",HGTY,23.61,0.306,0.874,Yes
3339,Geo Energy Resources Limited,GRYRF,55.22,0.641,1.179,Yes
3340,TriMas Corporation,TRS,21.79,0.285,0.386,Yes
3341,Marks and Spencer Group plc,MAKSF,33.94,0.424,0.696,Yes
3342,SEGRO Plc,SEGXF,23.63,0.307,1.031,Yes
3343,Sinopec Kantons Holdings Limited,SPKOY,14.76,0.198,0.407,Yes
3344,Veolia Environnement SA,VEOEY,17.93,0.238,0.3,Yes
3345,KKR & Co. Inc.,KKR,32.75,0.411,1.979,Yes
3346,Fu Shou Yuan International Group Limited,FSHUF,84.59,0.902,0.735,No
3347,Saputo Inc.,SAPIF,16.85,0.225,0.047,Yes
3348,Singapore Airlines Limited,SINGF,11.97,0.163,0.224,Yes
3349,"Protara Therapeutics, Inc.",TARA,89.76,0.944,1.022,Yes
3350,Pilgrim's Pride Corporation,PPC,23.34,0.304,0.307,No
3351,Western Asset Global Corporate Defined Opportunity Fund Inc.,GDO,7.63,0.106,0.456,Yes
3352,"Ajinomoto Co., Inc.",AJNMY,29.74,0.378,0.677,Yes
3353,"CEMEX, S.A.B. de C.V.",CXMSF,28.12,0.36,1.11,Yes
3354,"CIE Automotive, S.A.",CUOTF,25.68,0.331,0.482,Yes
3355,CapitaLand Integrated Commercial Trust,CPAMF,17.9,0.238,0.068,Yes
3356,byNordic Acquisition Corporation,BYNOU,15.43,0.208,0.282,Yes
3357,"First Western Financial, Inc.",MYFW,27.75,0.356,1.076,Yes
3358,Athene Holding Ltd. 7.250% Fixe,ATHS,4.45,0.063,0.352,Yes
3359,Informa plc,IFJPY,14.88,0.201,1.235,Yes
3360,Iren SpA,IRDEY,42.2,0.514,0.237,Yes
3361,Averin Capital Acquisition Corp.,ACAA,0.91,0.013,0.04,Yes
3362,California Business Bank,CABB,18.67,0.248,0.233,No
3363,Brambles Limited,BXBLY,22.94,0.3,0.524,Yes
3364,"ServisFirst Bancshares, Inc.",SFBS,27.92,0.358,1.265,Yes
3365,Talanx AG,TNXXF,32.97,0.416,0.793,Yes
3366,"CompuMed, Inc.",CMPD,58.92,0.681,0.862,No
3367,Nuveen Virginia Quality Municipal Income Fund,NPV,11.58,0.159,0.724,Yes
3368,Dutch Bros Inc.,BROS,53.13,0.626,1.807,Yes
3369,Merchants Bancorp,MBINL,6.9,0.097,0.185,Yes
3370,"Atea Pharmaceuticals, Inc.",AVIR,30.35,0.387,0.326,No
3371,BEST SPAC I Acquisition Corp.,BSAA,12.0,0.165,0.406,Yes
3372,Hannover Rück SE,HVRRF,16.65,0.224,0.213,No
3373,Golden Ridge Resources Ltd.,GORIF,71.08,0.794,0.372,Yes
3374,"Jiangsu Hengrui Pharmaceuticals Co.,Ltd",JHPCY,92.99,0.978,1.735,Yes
3375,Suncorp Group Limited,SNMCY,26.75,0.346,0.983,Yes
3376,"Aurora Innovation, Inc.",AUR,76.82,0.845,2.518,Yes
3377,Aurora Mobile Limited,JG,69.08,0.778,0.872,Yes
3378,Compagnie Générale des Établissements Michelin Société en commandite par actions,MGDDY,18.35,0.246,0.827,Yes
3379,"China Merchants Bank Co., Ltd.",CIHHF,30.86,0.394,0.196,No
3380,"Amer Sports, Inc.",AS,45.75,0.554,1.978,Yes
3381,"Toray Industries, Inc.",TRYIY,21.07,0.279,0.749,Yes
3382,Kerry Properties Limited,KRYPF,30.16,0.386,0.474,Yes
3383,Linde plc,LIN,12.85,0.176,0.381,Yes
3384,VirnetX Holding Corporation,VHC,87.86,0.939,2.758,Yes
3385,National Grid plc,NGGTF,18.58,0.249,0.466,Yes
3386,Orbit Garant Drilling Inc.,OBGRF,77.18,0.85,1.024,No
3387,L'Air Liquide S.A.,AIQUF,12.9,0.177,0.274,Yes
3388,"Texas Community Bancshares, Inc.",TCBS,13.69,0.187,0.038,No
3389,"Community Financial System, Inc.",CBU,23.31,0.307,1.095,Yes
3390,AH REALTY TRUST INC,AHRT-PA,10.16,0.141,0.245,Yes
3391,"Midland States Bancorp, Inc.",MSBIP,10.77,0.149,0.307,Yes
3392,SL Green Realty Corp.,SLG,29.71,0.382,1.898,Yes
3393,MDA Space Ltd.,MDA,92.56,0.978,4.221,Yes
3394,Avolta AG,DFRYF,27.16,0.353,1.022,Yes
3395,Archimedes Tech SPAC Partners II Co.,ATII,4.98,0.071,0.349,Yes
3396,"Dai Nippon Printing Co., Ltd.",DNPLY,16.53,0.224,0.507,Yes
3397,Doman Building Materials Group Ltd.,CWXZF,24.46,0.321,1.234,Yes
3398,Kamada Ltd.,KMDA,25.31,0.331,0.765,Yes
3399,Radware Ltd.,RDWR,27.1,0.352,0.694,Yes
3400,SpareBank 1 Nord-Norge,SPXXF,35.86,0.451,0.338,No
3401,Kier Group plc,KIERF,62.0,0.716,0.945,Yes
3402,"Liberty Northwest Bancorp, Inc.",LBNW,7.97,0.112,0.025,Yes
3403,AirBoss of America Corp.,ABSSF,37.29,0.468,0.364,Yes
3404,Jastrzebska Spólka Weglowa S.A.,JSZWF,12.37,0.171,0.121,Yes
3405,High Liner Foods Incorporated,HLNFF,17.76,0.24,0.524,Yes
3406,Nederman Holding AB (publ),NHOXF,29.98,0.386,0.009,No
3407,"Hasbro, Inc.",HAS,24.07,0.317,0.532,Yes
3408,JPMorgan International Dynamic ETF,JIDE,11.76,0.163,0.592,Yes
3409,Intact Financial Corporation,IFCZF,14.11,0.194,0.265,Yes
3410,"Take-Two Interactive Software, Inc.",TTWO,20.93,0.28,0.72,Yes
3411,"Omada Health, Inc.",OMDA,53.19,0.634,1.846,Yes
3412,Smurfit Westrock Plc,SW,21.37,0.285,0.817,Yes
3413,"Mabuchi Motor Co., Ltd.",MBUMY,19.31,0.26,0.099,Yes
3414,Nicola Mining Inc.,HUSIF,68.15,0.776,0.364,No
3415,SoftBank Corp.,SOBKY,12.55,0.174,0.297,Yes
3416,"B3 S.A. - Brasil, Bolsa, Balcão",BOLSY,31.25,0.402,0.79,No
3417,Roche Holding AG,RHHBF,24.53,0.324,0.218,Yes
3418,Mongolian Mining Corporation,MOGLF,84.17,0.916,2.422,Yes
3419,SoftBank Corp.,SFBQF,15.92,0.217,0.412,Yes
3420,"POET, LLC",PTBBU,10.14,0.142,0.028,No
3421,Nordson Corporation,NDSN,18.18,0.246,1.13,Yes
3422,Serco Group plc,SCGPY,30.43,0.393,0.351,Yes
3423,Pfeiffer Vacuum Technology AG,PFFVF,11.35,0.158,0.28,Yes
3424,"Promotora y Operadora de Infraestructura, S. A. B. de C. V.",PYOIF,19.78,0.266,0.42,Yes
3425,Henkel AG & Co. KGaA,HELKF,13.75,0.19,0.071,No
3426,Triton Minerals Limited,TTMNF,108.84,1.113,0.605,Yes
3427,Laurentian Bank of Canada,LRCDF,17.53,0.239,0.651,Yes
3428,Gold Terra Resource Corp.,YGTFF,91.96,0.984,1.639,Yes
3429,Norwood Financial Corp.,NWFL,19.26,0.261,0.57,Yes
3430,Ridley Corporation Limited,RIDYF,25.63,0.338,0.118,Yes
3431,Cronos Group Inc.,CRON,26.02,0.343,0.569,Yes
3432,Cardiol Therapeutics Inc.,CRDL,64.57,0.748,0.916,Yes
3433,"Paymentus Holdings, Inc.",PAY,56.95,0.676,0.984,Yes
3434,CVB Financial Corp.,CVBF,19.14,0.26,0.904,Yes
3435,BioGaia AB (publ),BIOGY,24.55,0.326,0.611,Yes
3436,Adagene Inc.,ADAG,67.79,0.779,0.689,Yes
3437,Office Properties Income Trust,OPI,31.13,0.404,,
3438,OIO Group,OIO,97.19,1.03,0.447,No
3439,Dyno Nobel Limited,ICPVF,19.68,0.267,0.773,Yes
3440,Orica Limited,OCLDF,19.51,0.265,0.5,Yes
3441,Farmers National Banc Corp.,FMNB,20.08,0.272,0.847,Yes
3442,"BigBear.ai Holdings, Inc.",BBAI,112.98,1.152,3.618,Yes
3443,Renew Holdings plc,RNWHF,21.03,0.284,0.196,Yes
3444,HOYA Corporation,HOCPY,18.59,0.253,0.91,Yes
3445,"Naturgy Energy Group, S.A.",GASNY,18.71,0.255,0.283,No
3446,The a2 Milk Company Limited,ACOPY,38.16,0.484,0.596,No
3447,Neuren Pharmaceuticals Limited,NURPF,62.19,0.73,1.997,Yes
3448,Generation Mining Limited,GENMF,76.03,0.856,0.024,Yes
3449,Nextpower Inc.,NXT,53.36,0.644,2.11,Yes
3450,Public Bank Berhad,PBLOF,42.58,0.533,0.069,Yes
3451,"EDP, S.A.",EDPFY,19.81,0.269,0.444,Yes
3452,TF1 SA,TVFCF,31.63,0.411,0.18,Yes
3453,Danone S.A.,GPDNF,15.84,0.219,0.183,No
3454,"UFP Technologies, Inc.",UFPT,37.07,0.474,1.942,Yes
3455,Highland Copper Company Inc.,HDRSF,50.28,0.615,1.608,Yes
3456,"Square Enix Holdings Co., Ltd.",SQNNY,29.84,0.392,0.169,Yes
3457,"Alpine Income Property Trust, Inc.",PINE,15.56,0.216,0.335,Yes
3458,CITIC Securities Company Limited,CIIHY,35.93,0.462,0.64,Yes
3459,"Hovnanian Enterprises, Inc.",HOVVB,92.29,0.998,1.149,No
3460,California BanCorp,BCAL,20.01,0.273,0.96,Yes
3461,Tencent Holdings Limited,TCEHY,19.37,0.265,0.041,Yes
3462,Metals Creek Resources Corp.,MCREF,94.81,1.019,1.096,Yes
3463,NexPoint Diversified Real Estate Trust,NXDT-PA,7.04,0.101,0.196,Yes
3464,Turaco Gold Limited,TCGDF,80.6,0.9,2.588,No
3465,Tetragon Financial Group Limited,TGONF,22.64,0.306,0.387,Yes
3466,Veolia Environnement SA,VEOEF,17.37,0.24,0.3,Yes
3467,Israel Acquisitions Corp,ISRLF,9.99,0.142,0.376,No
3468,Western Copper and Gold Corporation,WRN,36.41,0.468,1.296,Yes
3469,TORM plc,TRMD,29.56,0.39,0.315,Yes
3470,Atea ASA,ATEAY,25.26,0.339,1.333,Yes
3471,Capital Limited,CAPFF,30.84,0.405,0.183,Yes
3472,"Northeast Indiana Bancorp, Inc.",NIDB,13.38,0.188,0.066,Yes
3473,Orica Limited,OCLDY,29.57,0.391,1.441,Yes
3474,"Honat Bancorp, Inc.",HONT,11.7,0.166,0.428,Yes
3475,"Hanover Bancorp, Inc.",HNVR,21.14,0.289,0.232,Yes
3476,Bangkok Bank Public Company Limited,BKKLY,16.4,0.228,0.097,No
3477,"China Automotive Systems, Inc.",CAAS,27.1,0.362,0.791,Yes
3478,New America Acquisition I Corp.,NWAX,1.29,0.019,0.093,Yes
3479,"Annexon, Inc.",ANNX,73.41,0.841,2.171,Yes
3480,Veloryx Ltd,AQUEF,112.59,1.163,0.478,No
3481,CNX Resources Corporation,CNX,24.0,0.324,0.196,Yes
3482,Brookfield Property Partners L.P.,BPYPO,20.69,0.283,1.106,Yes
3483,"Toray Industries, Inc.",TRYIF,26.72,0.358,0.814,Yes
3484,Direxion Daily Technology Top 5 Bull 2X ETF,TTXU,83.68,0.933,5.401,Yes
3485,Korea Electric Power Corporation,KEP,35.72,0.463,1.593,Yes
3486,Teledyne Technologies Incorporated,TDY,18.51,0.256,0.901,Yes
3487,"Babcock & Wilcox Enterprises, Inc.",BW-PA,97.35,1.047,2.575,Yes
3488,Prosus N.V.,PROSF,21.59,0.295,0.603,Yes
3489,Goliath Resources Limited,GOTRF,55.65,0.675,1.258,Yes
3490,Magyar Telekom Távközlési Nyilvánosan Müködö Részvénytársaság,MYTKY,45.76,0.574,1.145,Yes
3491,Britannia Life Sciences Inc.,BLSIF,90.85,0.996,0.773,No
3492,FFB Bancorp,FFBB,10.02,0.144,0.323,Yes
3493,PrimeEnergy Resources Corporation,PNRG,37.61,0.485,0.705,No
3494,Royal Road Minerals Limited,RRDMF,58.93,0.709,0.279,Yes
3495,"Nongfu Spring Co., Ltd.",NNFSF,28.55,0.381,0.285,Yes
3496,Cushman & Wakefield Limited,CWK,31.49,0.416,1.731,Yes
3497,Argenta Silver Corp.,AGAGF,73.93,0.851,1.18,Yes
3498,Unitil Corporation,UTL,13.97,0.198,0.102,Yes
3499,Prosus N.V.,PROSY,19.93,0.275,0.6,Yes
3500,"Air T, Inc.",AIRTP,11.24,0.161,0.062,No
3501,"Dorchester Minerals, L.P.",DMLP,13.87,0.196,0.232,Yes
3502,Snam S.p.A.,SNMRF,16.1,0.226,0.145,Yes
3503,Levi Strauss & Co.,LEVI,27.13,0.365,1.448,Yes
3504,"Intercontinental Exchange, Inc.",ICE,19.07,0.265,0.541,Yes
3505,Brookfield Renewable Partners L.P.,BEP,25.85,0.349,1.076,Yes
3506,ICICI Bank Limited,IBN,12.43,0.177,0.019,Yes
3507,"DuPont de Nemours, Inc.",DD,19.81,0.274,0.743,Yes
3508,Spark I Acquisition Corporation,SPKL,5.26,0.077,0.067,Yes
3509,"Commerce Bancshares, Inc.",CBSH,17.13,0.24,0.778,Yes
3510,Acomo N.V.,ACNFF,21.49,0.296,0.771,No
3511,Metro Mining Limited,MMILF,50.89,0.631,1.317,Yes
3512,Galaxy Digital,GLXY,75.98,0.873,5.097,Yes
3513,"Santen Pharmaceutical Co., Ltd.",SNPHF,17.35,0.243,0.161,No
3514,Brookfield Property Partners L.P.,BPYPP,22.57,0.31,1.004,Yes
3515,Almadex Minerals Ltd.,AAMMF,58.01,0.704,1.436,Yes
3516,"Organización Soriana, S. A. B. de C. V.",ONZBF,52.17,0.646,0.33,No
3517,Organto Foods Inc.,OGOFF,109.18,1.151,2.017,No
3518,Vetoquinol SA,VETOF,24.7,0.337,1.027,No
3519,Silver Predator Corp.,SVROF,69.96,0.82,0.364,No
3520,Atlantic Union Bankshares Corporation,AUB,21.83,0.301,1.066,Yes
3521,Oshkosh Corporation,OSK,28.42,0.382,1.352,Yes
3522,"WaFd, Inc.",WAFD,20.35,0.283,0.845,Yes
3523,ACRES Commercial Realty Corp.,ACR,26.96,0.365,0.743,Yes
3524,"Shanghai Electric Group Co., Ltd.",SIELY,46.4,0.586,0.461,No
3525,"Investview, Inc.",INVUP,54.26,0.668,0.326,No
3526,Technip Energies N.V.,THNPY,20.0,0.278,0.556,Yes
3527,Oxford Biomedica plc,OXBDF,55.11,0.677,1.114,Yes
3528,Smoore International Holdings Limited,SMORF,42.1,0.54,0.574,Yes
3529,Sibanye Stillwater Limited,SBSW,54.08,0.667,0.514,Yes
3530,"Deswell Industries, Inc.",DSWL,24.8,0.339,1.148,Yes
3531,"CareCloud, Inc.",CCLD,104.31,1.116,1.63,Yes
3532,NeXGold Mining Corp.,NXGCF,57.16,0.699,0.677,Yes
3533,"Mineralys Therapeutics, Inc.",MLYS,96.96,1.058,0.246,Yes
3534,SCOR SE,SZCRF,20.83,0.29,0.292,No
3535,Drax Group plc,DRXGY,21.45,0.298,0.121,No
3536,Sony Group Corporation,SONY,19.02,0.267,0.259,Yes
3537,"Veracyte, Inc.",VCYT,44.75,0.571,1.786,Yes
3538,"Vera Therapeutics, Inc.",VERA,91.13,1.012,1.558,Yes
3539,Elysee Development Corp.,ASXSF,25.55,0.349,0.286,No
3540,"Dorman Products, Inc.",DORM,27.98,0.379,1.74,Yes
3541,Golden Star Resource Corp.,GLNS,93.16,1.03,0.792,No
3542,Kingsmen Creatives Ltd.,KMNCF,49.64,0.624,0.137,Yes
3543,Guangdong Investment Limited,GGDVY,23.46,0.324,0.004,No
3544,Covivio,FNCDY,14.61,0.209,0.342,No
3545,Games Workshop Group PLC,GWKSY,27.26,0.371,1.118,Yes
3546,Banque Cantonale Vaudoise,BQCNF,25.58,0.351,0.142,Yes
3547,"Templeton Dragon Fund, Inc.",TDF,13.25,0.191,0.434,Yes
3548,Getchell Gold Corp.,GGLDF,66.19,0.791,1.085,Yes
3549,Vireo Growth Inc.,VREOF,61.74,0.748,0.022,Yes
3550,"Amper, S.A.",APMRF,63.99,0.771,0.775,No
3551,"Barrett Business Services, Inc.",BBSI,22.51,0.313,0.891,Yes
3552,"Leidos Holdings, Inc.",LDOS,22.16,0.309,0.284,Yes
3553,Oak Valley Bancorp,OVLY,15.59,0.223,0.338,Yes
3554,Harvia Oyj,HRVFF,79.42,0.917,0.904,Yes
3555,"Cedar Realty Trust, Inc.",CDR-PB,16.64,0.237,0.089,Yes
3556,Sun Peak Metals Corp.,SUNPF,72.43,0.853,2.407,Yes
3557,"Talphera, Inc.",TLPH,65.54,0.788,1.885,Yes
3558,"USS Co., Ltd.",USSJY,19.69,0.277,0.775,Yes
3559,Stagwell Inc.,STGW,39.13,0.513,0.751,Yes
3560,"NETGEAR, Inc.",NTGR,28.43,0.388,1.087,Yes
3561,CareRx Corporation,CHHHF,29.26,0.398,1.065,No
3562,Fundstrat Granny Shots US Small- & Mid-Cap ETF,GRNJ,20.83,0.292,1.709,Yes
3563,Tharisa plc,TIHRF,39.63,0.519,0.615,Yes
3564,"Oicintra, Inc.",OICT,47.25,0.603,1.604,No
3565,NexGen Energy Ltd.,NXE,32.66,0.439,1.413,Yes
3566,Gold Reserve Ltd.,GDRZF,103.13,1.121,0.055,No
3567,"Toast, Inc.",TOST,35.33,0.47,1.572,Yes
3568,"VeriSign, Inc.",VRSN,16.74,0.239,0.098,Yes
3569,"Fortress Biotech, Inc.",FBIOP,47.06,0.602,1.153,Yes
3570,Singapore Airlines Limited,SINGY,12.56,0.183,0.176,Yes
3571,Maplebear Inc.,CART,28.98,0.395,0.799,Yes
3572,Provenance Gold Corp.,PVGDF,68.01,0.815,1.368,Yes
3573,Texas Pacific Land Corporation,TPL,41.88,0.546,0.044,No
3574,J Sainsbury plc,JSNSF,19.23,0.272,0.122,No
3575,Geberit AG,GBERY,19.54,0.277,0.851,Yes
3576,Intermap Technologies Corporation,ITMSF,62.89,0.766,0.69,Yes
3577,"VNET Group, Inc.",VNET,68.22,0.818,0.97,Yes
3578,Abcourt Mines Inc.,ABMBF,72.66,0.86,0.211,Yes
3579,NorthWest Copper Corp.,NWCCF,112.6,1.198,1.161,No
3580,Kyivstar Group Ltd.,KYIV,27.05,0.372,1.029,Yes
3581,Ralliant Corporation,RAL,35.23,0.47,1.524,Yes
3582,"First Greenwich Financial, Inc.",FGFI,6.76,0.101,0.08,No
3583,Marston's PLC,MARZF,28.61,0.392,0.449,Yes
3584,Hilltop Holdings Inc.,HTH,15.88,0.229,0.718,Yes
3585,Avista Corporation,AVA,12.04,0.176,0.121,Yes
3586,"Flexible Solutions International, Inc.",FSI,86.67,0.988,1.38,Yes
3587,Future Vision II Acquisition Corp.,FVNNR,53.86,0.677,3.422,Yes
3588,Taiga Building Products Ltd.,TGAFF,90.92,1.025,1.273,Yes
3589,Covestro AG,COVTY,11.37,0.167,0.465,Yes
3590,"Sunstone Hotel Investors, Inc.",SHO-PI,9.94,0.147,0.396,Yes
3591,"Earth Science Tech, Inc.",ETST,99.99,1.102,3.576,Yes
3592,Yorbeau Resources Inc.,YRBAF,40.69,0.535,0.603,Yes
3593,Virtus Convertible & Income Fund II,NCZ-PA,4.73,0.071,0.106,Yes
3594,Hubbell Incorporated,HUBB,19.22,0.274,1.186,Yes
3595,"Nathan's Famous, Inc.",NATH,19.49,0.278,0.552,Yes
3596,"Boot Barn Holdings, Inc.",BOOT,39.8,0.526,2.233,Yes
3597,JS Global Lifestyle Company Limited,JGLCF,40.42,0.533,0.193,Yes
3598,Compass Group PLC,CMPGY,11.78,0.173,0.567,Yes
3599,"Alignment Healthcare, Inc.",ALHC,56.7,0.709,0.363,Yes
3600,"Apollo Commercial Real Estate Finance, Inc.",ARI,14.63,0.213,0.608,Yes
3601,Trulieve Cannabis Corp.,TRLV,104.72,1.144,1.402,Yes
3602,ATRenew Inc.,RERE,55.76,0.7,1.735,Yes
3603,DBM Global Inc.,DBMG,27.74,0.383,0.083,No
3604,Mesabi Trust,MSB,28.44,0.392,0.413,No
3605,FBD Holdings plc,FBDHF,34.7,0.468,0.073,Yes
3606,"Ennis, Inc.",EBF,10.85,0.16,0.08,Yes
3607,Miravalles Gold Corp.,SSRSF,100.44,1.111,0.746,Yes
3608,Snowflake Inc.,SNOW,57.79,0.721,2.457,Yes
3609,IBC Advanced Alloys Corp.,IAALF,90.28,1.026,1.257,Yes
3610,"The Buckle, Inc.",BKE,26.9,0.374,1.4,Yes
3611,Lee & Man Paper Manufacturing Limited,LMPMY,28.76,0.397,0.142,No
3612,"Hudson Pacific Properties, Inc.",HPP-PC,18.1,0.26,0.811,Yes
3613,Cooper-Standard Holdings Inc.,CPS,51.72,0.66,2.063,Yes
3614,"Apollo Global Management, Inc.",APO,23.81,0.336,1.363,Yes
3615,Transurban Group,TRAUF,17.63,0.254,0.818,Yes
3616,Canstar Resources Inc.,CSRNF,75.4,0.896,0.753,Yes
3617,Tongcheng Travel Holdings Limited,TNGCF,11.25,0.167,0.033,Yes
3618,CTW,CTW,41.52,0.549,0.523,Yes
3619,Realbotix Corp.,XBOTF,85.53,0.988,1.311,Yes
3620,Compagnie Financière Tradition SA,CFNCF,73.85,0.882,0.168,Yes
3621,Jacobs Solutions Inc.,J,13.08,0.193,0.454,Yes
3622,"NewLake Capital Partners, Inc.",NLCP,19.31,0.278,0.597,Yes
3623,Quadro Resources Ltd.,QDROF,81.69,0.956,1.035,Yes
3624,Telenor ASA,TELNF,29.31,0.406,0.386,Yes
3625,China Communications Services Corporation Limited,CUCSY,22.36,0.318,0.072,No
3626,NFI Group Inc.,NFYEF,31.91,0.438,0.933,Yes
3627,"H.U. Group Holdings, Inc.",MRCHF,20.8,0.298,0.216,Yes
3628,Henderson Land Development Company Limited,HLDVF,21.37,0.305,0.33,Yes
3629,CSPC Pharmaceutical Group Limited,CSPCY,32.6,0.446,0.306,No
3630,Gladstone Commercial Corporation,GOOD,14.17,0.208,0.886,Yes
3631,Empire Company Limited,EMLAF,12.06,0.179,0.308,No
3632,Elkem ASA,ELKEF,25.32,0.357,0.082,No
3633,"M/I Homes, Inc.",MHO,33.26,0.455,1.575,Yes
3634,"Rockwell Automation, Inc.",ROK,21.9,0.313,1.522,Yes
3635,Telefônica Brasil S.A.,VIV,24.0,0.34,0.253,Yes
3636,CITIC Limited,CTPCF,31.82,0.439,0.041,Yes
3637,Carnival Corporation Ltd.,CCL,34.61,0.472,2.204,Yes
3638,British American Tobacco (Malaysia) Berhad,BATMF,109.7,1.2,1.628,No
3639,Eco Wave Power Global AB (publ),WAVE,101.9,1.137,1.862,No
3640,"Fomento de Construcciones y Contratas, S.A.",FMOCF,32.36,0.446,0.23,Yes
3641,Compass Group PLC,CMPGF,10.36,0.156,0.548,Yes
3642,Integer Holdings Corporation,ITGR,26.05,0.368,0.363,Yes
3643,xETFs NVDA Daily Income ETF,NYYY,19.61,0.284,4.244,Yes
3644,3i Group plc,TGOPY,26.74,0.377,1.178,Yes
3645,Warby Parker Inc.,WRBY,45.43,0.599,1.797,Yes
3646,"John Wiley & Sons, Inc.",WLYB,24.65,0.35,0.092,No
3647,Southern Empire Resources Corp.,SMPEF,106.58,1.178,1.128,No
3648,American Exceptionalism Acquisi,AEXA,8.16,0.124,0.395,Yes
3649,Entrée Resources Ltd.,ERLFF,35.13,0.48,0.648,Yes
3650,"Redeia Corporación, S.A.",RDEIY,11.32,0.17,0.013,Yes
3651,Hong Kong Exchanges and Clearing Limited,HKXCY,21.38,0.308,0.237,Yes
3652,Land Securities Group Plc,LDSCY,21.98,0.316,1.052,Yes
3653,Fortis Inc.,FORFF,14.13,0.21,0.336,Yes
3654,Oakworth Capital Inc.,OAKC,16.91,0.249,0.016,No
3655,"Entergy Texas, Inc.",ETI-P,6.73,0.103,0.421,Yes
3656,Keppel Infrastructure Trust,KPLIF,22.72,0.327,0.373,Yes
3657,Ebiquity plc,EBQLF,2.27,0.036,0.046,No
3658,Revival Gold Inc.,RVLGF,51.29,0.666,0.406,Yes
3659,"Iovance Biotherapeutics, Inc.",IOVA,106.11,1.179,2.179,Yes
3660,"Artivion, Inc.",AORT,38.0,0.516,1.55,Yes
3661,ONGold Resources Ltd.,ONGRF,99.88,1.128,1.111,Yes
3662,Basilea Pharmaceutica AG,BPMUF,21.3,0.308,0.298,Yes
3663,"Infleqtion, Inc.",INFQ,82.27,0.975,3.686,Yes
3664,Winmill & Co. Incorporated,WNMLA,20.79,0.301,0.345,No
3665,Iren SpA,IRDEF,23.83,0.342,0.811,Yes
3666,"United Community Banks, Inc.",UCB,19.07,0.279,1.008,Yes
3667,"Disc Medicine, Inc.",IRON,43.22,0.579,2.388,Yes
3668,Fury Gold Mines Limited,FURY,32.77,0.455,1.042,Yes
3669,LondonMetric Property Plc,LNSPF,17.92,0.263,1.101,Yes
3670,Velan Inc.,VLNSF,43.68,0.584,0.456,No
3671,"Currency Exchange International, Corp.",CURN,16.51,0.244,0.207,Yes
3672,"COSCO SHIPPING Development Co., Ltd.",CITAY,13.38,0.201,0.367,Yes
3673,The Kroger Co.,KR,13.83,0.207,0.273,No
3674,Linamar Corporation,LIMAF,20.52,0.3,1.142,Yes
3675,Perigee Holdings Inc.,PEHD,94.81,1.093,0.681,No
3676,"Dime Commercial Bancshares, Inc.",DCOM-P,14.61,0.219,0.705,Yes
3677,"John Wiley & Sons, Inc.",WLY,22.98,0.333,0.024,No
3678,Bank OZK,OZK,18.47,0.272,0.943,Yes
3679,Lancashire Holdings Limited,LCSHF,18.87,0.278,0.979,Yes
3680,BluMetric Environmental Inc.,BLMWF,50.04,0.658,0.268,Yes
3681,"Diamondback Energy, Inc.",FANG,16.89,0.251,0.024,Yes
3682,"Jefferson Capital, Inc.",JCAP,23.01,0.333,0.141,No
3683,Union Electric Company,UEPCN,7.2,0.111,0.077,Yes
3684,"Fuyao Glass Industry Group Co., Ltd.",FYGGY,29.44,0.417,0.682,Yes
3685,"Lazard, Inc.",LAZ,24.45,0.353,1.775,Yes
3686,State Street Communication Services Select Sector SPDR Premium Income ETF,XLCI,6.9,0.107,0.533,Yes
3687,"BAB, Inc.",BABB,15.96,0.238,0.311,Yes
3688,"Red Rock Resorts, Inc.",RRR,20.55,0.301,1.212,Yes
3689,Union Electric Company,UEPCP,4.69,0.074,0.003,Yes
3690,NeoVolta Inc.,NEOV,108.21,1.21,0.866,No
3691,KNOT Offshore Partners LP,KNOP,27.44,0.392,0.246,Yes
3692,"First Industrial Realty Trust, Inc.",FR,15.73,0.235,0.973,Yes
3693,Vale S.A.,VALE,18.27,0.271,0.281,Yes
3694,Sibanye Stillwater Limited,SBYSF,51.82,0.681,0.796,Yes
3695,"Worthington Enterprises, Inc.",WOR,22.6,0.329,0.755,Yes
3696,Scentre Group,STGPF,29.94,0.425,1.373,Yes
3697,Hedgeye Fourth Turning ETF,HEFT,7.12,0.111,0.157,Yes
3698,Kalo Gold Corp.,KLGDF,84.13,1.005,1.408,No
3699,"QS Energy, Inc.",QSEP,72.44,0.895,0.866,No
3700,"Taysha Gene Therapies, Inc.",TSHA,97.83,1.127,3.422,Yes
3701,Chatham Lodging Trust,CLDT-PA,8.01,0.124,0.337,Yes
3702,FIS Bright Portfolios Core Bond ETF,BRIB,0.94,0.015,0.056,Yes
3703,"Roadrunner Transportation Systems, Inc.",RRTS,60.49,0.775,0.556,Yes
3704,"Southern BancShares (N.C.), Inc. PFD CL C",SBNCN,3.51,0.056,0.069,Yes
3705,Capricorn Energy PLC,CRNCY,49.24,0.655,0.027,Yes
3706,Harvey Norman Holdings Limited,HNORY,20.32,0.3,0.211,No
3707,Shenzhen Investment Holdings Bay Area Development Company Limited,SIHBY,30.68,0.436,0.209,No
3708,Intrepid Metals Corp.,IMTCF,56.52,0.735,0.211,No
3709,"Supernus Pharmaceuticals, Inc.",SUPN,25.13,0.365,0.605,Yes
3710,"Four Corners Property Trust, Inc.",FCPT,11.64,0.179,0.636,Yes
3711,COFACE SA,CFACY,20.36,0.302,0.201,Yes
3712,"Greene County Bancorp, Inc.",GCBC,18.89,0.282,0.743,Yes
3713,"Studio Financial Holdings, Inc.",STBK,17.66,0.265,0.418,Yes
3714,Yue Yuen Industrial (Holdings) Limited,YUEIF,38.12,0.529,0.554,Yes
3715,Boab Metals Limited,BMLQF,75.34,0.93,0.145,Yes
3716,Inpex Corporation,IPXHF,34.0,0.479,1.028,No
3717,Bristow Group Inc.,VTOL,25.81,0.375,0.878,Yes
3718,Nuveen New York Municipal Value Fund,NNY,5.35,0.085,0.354,Yes
3719,,RAPI,75.78,0.936,0.532,No
3720,UBS Asset Management High Yield Credit Fund,DHY,6.57,0.103,0.235,Yes
3721,Hingham Institution for Savings,HIFS,24.09,0.353,0.69,Yes
3722,"Sumitomo Realty & Development Co., Ltd.",SURYY,42.42,0.582,1.476,No
3723,Sun Hung Kai & Co. Limited,SHGKY,47.67,0.643,0.703,No
3724,Palfinger AG,PLFRF,24.73,0.362,0.757,No
3725,Emeco Holdings Limited,EOHDF,22.61,0.334,0.072,No
3726,Brookfield Property Partners L.P.,BPYPN,19.49,0.291,1.274,Yes
3727,"Tyra Biosciences, Inc.",TYRA,44.89,0.612,0.372,Yes
3728,"China Minsheng Banking Corp., Ltd.",CMAKY,19.83,0.296,0.032,No
3729,Pegasystems Inc.,PEGA,34.55,0.488,1.159,Yes
3730,Vossloh AG,VOSSY,31.66,0.452,0.504,Yes
3731,Sony Group Corporation,SNEJF,20.61,0.307,0.504,Yes
3732,Safe Pro Group Inc.,SPAI,114.93,1.287,3.648,Yes
3733,"Cornerstone Total Return Fund, Inc.",CRF,13.95,0.214,1.152,Yes
3734,Hong Kong Exchanges and Clearing Limited,HKXCF,24.01,0.354,0.54,Yes
3735,"Little Sioux Corn Processors, L.L.C.",LTUUU,3.82,0.061,0.065,No
3736,Jardine Matheson Holdings Limited,JMHLY,16.67,0.253,0.003,No
3737,Scout24 SE,SCCTY,37.8,0.531,0.884,Yes
3738,Cmb.Tech NV,CMBT,29.74,0.43,0.593,Yes
3739,United Maritime Corporation,USEA,24.07,0.356,1.393,Yes
3740,"Pinnacle Financial Partners, Inc.",PNFP,22.39,0.334,1.381,Yes
3741,Gulfport Energy Corporation,GPOR,20.18,0.303,0.271,Yes
3742,Bank OZK,OZKAP,11.22,0.175,0.387,Yes
3743,Mr Price Group Limited,MRPLY,20.8,0.312,1.154,Yes
3744,RCS MediaGroup S.p.A.,RZSMF,22.96,0.342,0.401,No
3745,Webuild S.p.A.,IMPJY,31.68,0.456,0.874,Yes
3746,Covalon Technologies Ltd.,CVALF,61.88,0.806,2.21,Yes
3747,Grand City Properties S.A.,GRDDY,18.68,0.283,0.519,No
3748,OneSpan Inc.,OSPN,29.59,0.43,1.756,Yes
3749,Grown Rogue International Inc.,GRUSF,66.35,0.854,0.731,No
3750,"Agilysys, Inc.",AGYS,39.56,0.555,1.011,Yes
3751,Mega Uranium Ltd.,MGAFF,38.73,0.546,1.259,Yes
3752,"Resideo Technologies, Inc.",REZI,40.52,0.567,2.364,Yes
3753,Westlake Chemical Partners LP,WLKP,10.31,0.162,0.326,Yes
3754,F.I.L.A. - Fabbrica Italiana Lapis ed Affini S.p.A.,FILAF,25.68,0.379,1.037,Yes
3755,Decisive Dividend Corporation,DEDVF,21.77,0.327,0.667,Yes
3756,Uni-President China Holdings Ltd,UPCHY,21.07,0.317,0.5,No
3757,Energy Fuels Inc.,UUUU,59.54,0.784,2.141,Yes
3758,Dana Unconstrained Equity ETF,DUNK,17.87,0.273,1.376,Yes
3759,"Cytokinetics, Incorporated",CYTK,80.8,1.0,1.018,Yes
3760,"Maruwa Co.,Ltd.",MAWAF,77.74,0.971,0.213,Yes
3761,Flughafen Wien Aktiengesellschaft,VIAAY,6.25,0.1,0.027,No
3762,Ares Management Corporation,ARES,21.36,0.322,1.179,Yes
3763,"Shenzhen Hepalink Pharmaceutical Group Co., Ltd.",SHEZF,69.36,0.888,1.836,Yes
3764,Tencent Holdings Limited,TCTZF,18.29,0.279,0.063,No
3765,Cineverse Corp.,CNVS,94.98,1.133,1.351,Yes
3766,"Superior Group of Companies, Inc.",SGC,36.84,0.525,1.971,Yes
3767,FIS Tactical Equity ETF,ACTS,21.81,0.329,1.266,Yes
3768,Somnigroup International Inc.,SGI,22.05,0.332,1.12,Yes
3769,"First Guaranty Bancshares, Inc.",FGBIP,13.74,0.214,0.405,Yes
3770,GURU Organic Energy Corp.,GUROF,61.17,0.806,0.896,Yes
3771,Petrus Resources Ltd.,PTRUF,17.72,0.272,0.46,Yes
3772,LPL Financial Holdings Inc.,LPLA,24.68,0.369,0.664,Yes
3773,"Box, Inc.",BOX,18.81,0.288,0.83,Yes
3774,Nexus Industrial REIT,EFRTF,16.4,0.254,1.101,Yes
3775,Tolu Minerals Limited,TOLUF,17.51,0.27,0.205,No
3776,Aroa Biosurgery Limited,AROAF,47.81,0.66,1.033,Yes
3777,Sinopec Shanghai Petrochemical Company Limited,SPTJF,35.77,0.515,1.056,Yes
3778,First Internet Bancorp,INBK,35.94,0.517,1.476,Yes
3779,"NN, Inc.",NNBR,57.59,0.771,3.57,Yes
3780,Murphy USA Inc.,MUSA,21.65,0.329,0.071,No
3781,Railtown AI Technologies Inc.,RLAIF,84.55,1.045,1.763,Yes
3782,Volatus Aerospace Inc.,TAKOF,94.74,1.141,0.914,Yes
3783,"American Clean Resources Group, Inc.",ACRG,115.62,1.321,1.441,No
3784,Voya Ultra Short Income ETF,VUSI,0.49,0.008,0.023,Yes
3785,InPost S.A.,INPOY,23.09,0.349,0.618,Yes
3786,Castellum AB (publ),CWQXF,24.78,0.373,0.423,Yes
3787,Carmila S.A.,CRMIF,16.77,0.26,0.159,Yes
3788,"Canadian Tire Corporation, Limited",CDNAF,15.73,0.246,0.421,Yes
3789,Geomega Resources Inc.,GOMRF,54.18,0.737,1.884,Yes
3790,Megaport Limited,MGPPF,60.14,0.803,1.797,Yes
3791,Oakmark International Large Cap ETF,OAKI,10.45,0.167,0.711,Yes
3792,DMG Blockchain Solutions Inc.,DMGGF,80.74,1.016,2.225,Yes
3793,SAIHEAT Limited,SAIH,66.6,0.873,1.293,Yes
3794,"América Móvil, S.A.B. de C.V.",AMX,16.41,0.256,0.062,Yes
3795,Nabtesco Corporation,NCTKF,31.45,0.463,0.006,No
3796,"Mid-America Apartment Communities, Inc.",MAA-PI,6.11,0.1,0.244,Yes
3797,"Broadleaf Co., Ltd.",BRDLF,24.71,0.374,0.04,Yes
3798,Onex Corporation,ONEXF,15.08,0.237,1.297,Yes
3799,Rocket Doctor AI Inc.,AIRDF,42.13,0.599,0.303,Yes
3800,Berkeley Energia Limited,BKLRF,40.11,0.574,0.775,No
3801,"Nuo Therapeutics, Inc.",AURX,81.04,1.022,0.584,No
3802,YIT Oyj,YITYY,19.19,0.297,0.146,No
3803,Chorus Limited,CHRUF,18.72,0.29,0.119,Yes
3804,Union Financial Corporation,UFCP,9.06,0.146,0.024,Yes
3805,"Lifetime Brands, Inc.",LCUT,51.14,0.706,0.869,Yes
3806,Scorpio Tankers Inc.,STNG,24.61,0.373,0.551,Yes
3807,Cheetah Mobile Inc.,CMCM,50.78,0.702,2.144,Yes
3808,"CV Holdings, Inc.",CVHL,97.58,1.179,1.853,Yes
3809,City Developments Limited,CDEVY,17.56,0.274,0.347,Yes
3810,HOYA Corporation,HOCPF,22.11,0.339,1.003,Yes
3811,American Homes 4 Rent,AMH-PG,7.78,0.127,0.362,Yes
3812,Kardex Holding AG,KRDXF,24.22,0.369,1.22,Yes
3813,Hamburger Hafen und Logistik Aktiengesellschaft,HHULY,16.02,0.252,0.197,Yes
3814,dormakaba Holding AG,DRMKY,19.87,0.308,0.771,Yes
3815,Bannerman Energy Ltd,BNNLF,47.1,0.662,1.121,Yes
3816,"Block, Inc.",BSQKZ,46.21,0.652,2.352,Yes
3817,Union Electric Company,UEPEP,4.7,0.078,0.181,Yes
3818,"Coda Octopus Group, Inc.",CODA,29.26,0.439,0.593,Yes
3819,Minth Group Limited,MNTHF,64.4,0.859,0.378,Yes
3820,Brookfield Business Corporation,BBUC,23.83,0.365,1.79,Yes
3821,Jefferies Financial Group Inc.,JEF,25.74,0.391,1.935,Yes
3822,Exelon Corporation,EXC,10.42,0.169,0.364,No
3823,Ameren Illinois Company,AILLN,5.17,0.086,0.125,Yes
3824,Clifton Mining Company,CFTN,50.79,0.708,0.117,No
3825,Ategrity Specialty Insurance Co,ASIC,28.7,0.432,0.628,No
3826,The Brink's Company,BCO,22.55,0.348,1.032,Yes
3827,Anton Oilfield Services Group,ATONY,45.54,0.646,1.098,No
3828,Kingsoft Cloud Holdings Limited,KC,81.87,1.04,0.777,Yes
3829,"Kimberly-Clark de México, S. A. B. de C. V.",KCDMY,16.19,0.256,0.162,Yes
3830,Empresa Distribuidora y Comercializadora Norte Sociedad Anónima,EDN,68.62,0.906,1.105,Yes
3831,"Kimbell Royalty Partners, LP",KRP,11.84,0.191,0.463,Yes
3832,"Reo Plastics, Inc.",REOP,24.46,0.375,0.171,No
3833,Henderson Land Development Company Limited,HLDCY,19.87,0.31,0.467,Yes
3834,SIR Royalty Income Fund,SIRZF,10.3,0.167,0.121,Yes
3835,3i Group plc,TGOPF,26.22,0.4,1.276,Yes
3836,Howden Joinery Group Plc,HWDJY,10.94,0.177,0.17,Yes
3837,Pebblebrook Hotel Trust,PEB-PG,10.17,0.165,0.587,Yes
3838,Eversource Energy,ES,14.13,0.226,0.567,Yes
3839,"FalconStor Software, Inc.",FALC,73.48,0.959,0.532,Yes
3840,Jardine Matheson Holdings Limited,JARLF,16.67,0.264,0.079,Yes
3841,CapitaLand Ascott Trust,ATTRF,10.87,0.176,0.059,Yes
3842,Arrow Exploration Corp.,CSTPF,36.54,0.537,0.116,No
3843,Byrna Technologies Inc.,BYRN,79.98,1.026,1.067,Yes
3844,Northern Trust 2035 Tax-Exempt Distributing Ladder ETF,MUNB,1.93,0.033,0.149,Yes
3845,GOLDEN ROYAL DEVELOPMENT INC.,GRDV,51.14,0.716,0.229,Yes
3846,Fuchs SE,FUPEF,9.13,0.149,0.165,Yes
3847,Loma Negra Compañía Industrial Argentina Sociedad Anónima,LOMA,31.19,0.469,0.368,Yes
3848,FinWise Bancorp,FINW,28.07,0.427,0.918,Yes
3849,Element Fleet Management Corp.,ELEEF,15.0,0.24,0.706,Yes
3850,Canterra Minerals Corporation,CTMCF,78.73,1.016,1.881,Yes
3851,East Kansas Agri-Energy LLC,EKGRU,22.63,0.351,0.598,Yes
3852,Conroy Gold and Natural Resources plc,CGDNF,82.54,1.054,0.214,Yes
3853,"OMDA Oil and Gas, Inc.",OOAG,40.22,0.586,0.119,Yes
3854,PGE Polska Grupa Energetyczna S.A.,PPOEF,6.14,0.102,0.017,Yes
3855,"Detwiler Fenton Group, Inc.",DMCD,40.22,0.586,0.119,Yes
3856,"Stan Lee Media, Inc.",HULK,5.87,0.098,0.006,Yes
3857,VisionGlobal Corporation,VIZG,40.22,0.586,0.404,Yes
3858,"Strategic Resources International, Inc.",SRSN,18.56,0.293,0.018,Yes
3859,,LTUC,20.11,0.315,0.912,No
3860,Tuas Limited,TUALF,87.62,1.103,0.18,Yes
3861,California-Engels Mining Company,CAEN,18.93,0.298,0.019,Yes
3862,Great Bear Exploration Ltd,PYMOF,28.97,0.439,0.463,No
3863,"Northeast Development Corp., Inc.",NHVP,94.81,1.171,0.191,Yes
3864,Hard to Treat Diseases Inc.,HTDS,40.22,0.586,0.996,Yes
3865,Spirits Capital Corporation,SSCC,3.84,0.064,0.11,Yes
3866,"Creative Vistas, Inc.",CVAS,40.22,0.586,0.037,Yes
3867,FutureWorld Corp.,FWDG,94.81,1.171,1.235,No
3868,LEM Holding SA,LMHDF,0.69,0.012,0.003,No
3869,Banyan Corp.,BNYN,35.62,0.527,0.086,Yes
3870,NAHL Group Plc,NHLPF,8.45,0.139,0.029,Yes
3871,Datalex plc,DLEXY,17.61,0.279,0.294,No
3872,NZJ Holdings Inc.,NZIH,65.46,0.878,0.316,No
3873,NCC Group plc,NCCGF,34.23,0.509,0.993,Yes
3874,First Advantage Corporation,FA,22.39,0.348,1.156,Yes
3875,Paradox Interactive AB (publ),PRXXF,37.55,0.553,1.79,Yes
3876,PhenixFIN Corporation,PFX,11.69,0.19,0.335,Yes
3877,Hang Lung Group Limited,HNLGY,15.92,0.255,0.122,Yes
3878,"Global Business Travel Group, Inc.",GBTG,32.51,0.488,1.71,Yes
3879,CRRC Corporation Limited,CRCCY,41.03,0.598,0.116,Yes
3880,Gladstone Capital Corporation,GLAD,14.39,0.232,0.792,Yes
3881,Environmental Tectonics Corporation,ETCC,64.65,0.874,3.345,Yes
3882,Headwater Gold Inc.,HWAUF,65.99,0.889,1.465,Yes
3883,Technip Energies N.V.,THNPF,21.12,0.332,0.221,No
3884,DAVIDsTEA Inc.,DTEAF,84.94,1.084,0.653,Yes
3885,Henkel AG & Co. KGaA,HENOF,14.88,0.24,0.543,Yes
3886,Wayfair Inc.,W,46.22,0.665,2.764,Yes
3887,Focus Graphite Inc.,FCSMF,97.09,1.202,1.104,Yes
3888,Shanghai Industrial Holdings Limited,SGHIF,23.28,0.364,0.299,Yes
3889,Mitsubishi HC Capital Inc.,MIUFY,14.47,0.234,0.228,No
3890,Raspberry Pi Holdings plc,RPBPF,59.83,0.825,0.521,Yes
3891,Bosideng International Holdings Limited,BSDGF,18.21,0.291,0.071,No
3892,HCM III Acquisition Corp.,HCMA,2.06,0.035,0.125,Yes
3893,Brookfield Infrastructure Partners L.P.,BIP,20.33,0.322,1.268,Yes
3894,Chorus Limited,CHRYY,12.3,0.201,0.642,Yes
3895,SIA Engineering Company Limited,SEGSY,20.45,0.324,0.1,Yes
3896,Strathcona Resources Ltd.,STHRF,30.88,0.471,0.675,No
3897,Myriad Uranium Corp.,MYRUF,71.15,0.952,1.946,Yes
3898,PT Antam (Persero) Tbk,PAEKY,30.71,0.469,0.007,Yes
3899,"Employers Holdings, Inc.",EIG,12.76,0.209,0.253,Yes
3900,"Flagstar Bank, National Association",FLG-PA,12.01,0.198,0.65,Yes
3901,FirstSun Capital Bancorp,FSUN,14.33,0.234,0.348,Yes
3902,"Inhibikase Therapeutics, Inc.",IKT,94.07,1.183,0.04,Yes
3903,"T-Mobile US, Inc.",TMUS,13.66,0.223,0.114,Yes
3904,Eurofins Scientific SE,ERFSF,20.87,0.332,0.312,Yes
3905,Libity,IVAUF,9.99,0.166,0.06,Yes
3906,Appia Rare Earths & Uranium Corp.,APAAF,75.29,0.998,0.298,No
3907,Leading Edge Materials Corp.,LEMIF,85.26,1.099,0.467,No
3908,Clarke Inc.,CLKFF,32.34,0.493,0.305,No
3909,Groupe Bruxelles Lambert SA,GBLBF,11.78,0.194,0.584,Yes
3910,ADC Therapeutics SA,ADCT,98.73,1.23,3.407,Yes
3911,ARC Group Acquisition I Corp,ARCL,1.64,0.028,0.257,Yes
3912,MVB Financial Corp.,MVBF,18.94,0.304,1.272,Yes
3913,Hutchison Port Holdings Trust,HCTPF,44.1,0.646,0.195,Yes
3914,Eiffage SA,EFGSY,20.28,0.324,0.38,Yes
3915,Sempra,SRE,11.65,0.193,0.228,Yes
3916,Aspen Insurance Holdings Limited,AHL-PF,4.72,0.081,0.097,Yes
3917,"BankFLORIDA Bancorp, Inc.",BKFL,9.56,0.16,0.007,Yes
3918,"Creative Realities, Inc.",CREX,50.02,0.72,1.805,Yes
3919,Ferrari N.V.,RACE,19.22,0.309,0.615,Yes
3920,Mowi ASA,MHGVY,14.23,0.234,0.634,Yes
3921,Xiaomi Corporation,XIACY,34.32,0.522,0.432,No
3922,Vestas Wind Systems A/S,VWSYF,26.41,0.413,0.488,Yes
3923,Pantoro Gold Limited,PNTOF,48.06,0.697,2.493,Yes
3924,"Energy Vault Holdings, Inc.",NRGV,84.06,1.094,2.462,Yes
3925,"Gold.com, Inc.",GOLD,35.4,0.536,0.251,Yes
3926,The Eastern Company,EML,26.58,0.416,0.784,Yes
3927,"Cadence Design Systems, Inc.",CDNS,18.2,0.295,1.258,Yes
3928,Lottomatica Group S.p.A.,LOTMY,14.61,0.24,0.389,No
3929,Nanoveu Limited,NNVUF,107.83,1.321,0.189,Yes
3930,"Aclaris Therapeutics, Inc.",ACRS,83.79,1.093,0.619,Yes
3931,Viva Gold Corp.,VAUCF,56.2,0.797,0.549,Yes
3932,"ARS Pharmaceuticals, Inc.",SPRY,42.93,0.636,1.899,Yes
3933,"Ormat Technologies, Inc.",ORA,21.22,0.34,1.052,Yes
3934,Ramsdens Holdings PLC,RSDEF,7.41,0.126,0.09,Yes
3935,Nutriband Inc.,NTRB,69.54,0.947,2.321,Yes
3936,Zebra Technologies Corporation,ZBRA,21.38,0.343,1.459,Yes
3937,American Rare Earths Limited,AMRRY,34.15,0.522,1.925,Yes
3938,Vestas Wind Systems A/S,VWDRY,26.79,0.422,0.531,Yes
3939,Fraport AG,FPRUY,16.59,0.272,0.02,No
3940,HNI Corporation,HNI,24.19,0.385,1.34,Yes
3941,"MercadoLibre, Inc.",MELI,22.8,0.365,0.958,Yes
3942,North Dallas Bank & Trust Co.,NODB,8.65,0.147,0.198,No
3943,"DocuSign, Inc.",DOCU,27.13,0.427,0.648,Yes
3944,Northland Power Inc,NPICF,63.12,0.88,1.693,No
3945,ResMed Inc.,RSMDF,45.29,0.669,1.414,Yes
3946,"EDP, S.A.",ELCPF,17.78,0.291,0.493,Yes
3947,Karman Holdings Inc.,KRMN,41.97,0.627,0.47,Yes
3948,"Globus Medical, Inc.",GMED,29.08,0.455,0.752,Yes
3949,Leon's Furniture Limited,LEFUF,16.44,0.27,0.947,Yes
3950,Plant Veda Foods Ltd.,PLVFF,71.8,0.977,3.33,Yes
3951,"TransMedics Group, Inc.",TMDX,66.59,0.92,3.046,Yes
3952,Sino Biopharmaceutical Limited,SBHMY,44.16,0.656,0.299,Yes
3953,"BioStem Technologies, Inc.",BSEM,78.35,1.047,1.178,Yes
3954,"Rapid Micro Biosystems, Inc.",RPID,81.19,1.076,1.103,Yes
3955,"Protalix BioTherapeutics, Inc.",PLX,45.08,0.668,0.046,Yes
3956,First Tractor Company Limited,FIRRY,88.62,1.152,1.067,No
3957,ITV plc,ITVPF,26.7,0.423,0.574,Yes
3958,Prospect Capital Corporation,PSEC-PA,12.64,0.212,0.464,Yes
3959,Waters Corporation,WAT,22.43,0.362,1.544,Yes
3960,Highland Global Allocation Fund,HGLB,13.81,0.231,0.915,Yes
3961,American Resources Corporation,AREC,89.9,1.168,0.626,Yes
3962,Aedifica NV/SA,AEDFF,16.44,0.272,0.107,No
3963,"Miller Industries, Inc.",MLR,22.02,0.356,1.27,Yes
3964,"MGC Ventures, Inc.",MGCV,95.43,1.222,0.253,No
3965,"Stanley Electric Co., Ltd.",STAEY,6.54,0.113,0.007,Yes
3966,Brookfield Renewable Corporation,BEPC,23.77,0.382,1.043,Yes
3967,Carrefour SA,CRRFY,12.61,0.212,0.079,Yes
3968,Cynata Therapeutics Limited,CYYNF,87.02,1.142,0.115,No
3969,NetraMark Holdings Inc.,AINMF,110.83,1.368,1.279,Yes
3970,Pampa Energía S.A.,PPENF,32.58,0.507,1.21,No
3971,Versamet Royalties Corporation,VMET,50.65,0.741,3.351,Yes
3972,Golf Entertainment Group Inc.,GLFEO,22.34,0.362,1.083,Yes
3973,Pebblebrook Hotel Trust,PEB-PH,9.57,0.163,0.538,Yes
3974,Silence Therapeutics plc,SLN,75.41,1.023,3.23,Yes
3975,Dryden Gold Corp.,DRYGF,59.56,0.848,1.012,Yes
3976,Antero Resources Corporation,AR,23.22,0.375,0.761,No
3977,Ardmore Shipping Corporation,ASC,29.14,0.46,0.46,Yes
3978,NVRO Metals Limited,ESGLF,90.61,1.18,1.353,Yes
3979,Defiance Gold Enhanced Options Income ETF,GOLI,10.31,0.176,0.248,Yes
3980,Defiance Silver Corp.,DNCVF,60.13,0.856,0.895,Yes
3981,Dynasty Digital Holdings Limited,SMTLF,99.68,1.269,0.117,No
3982,Hesai Group,HSAI,61.9,0.877,0.948,Yes
3983,SSR Mining Inc.,SSRGF,72.41,0.994,0.059,Yes
3984,Nine Dragons Paper (Holdings) Limited,NDGPY,38.87,0.594,0.929,Yes
3985,BKV Corporation,BKV,24.39,0.394,1.055,Yes
3986,Cellebrite DI Ltd.,CLBT,28.23,0.449,0.723,Yes
3987,Alpha Cognition Inc. Common Stock,ACOG,45.44,0.68,1.579,Yes
3988,A.G. BARR p.l.c.,BAGFF,13.92,0.234,0.02,Yes
3989,Turkiye Garanti Bankasi A.S.,TKGBY,23.01,0.374,1.345,Yes
3990,Axiata Group Berhad,AXXTF,20.66,0.339,0.607,Yes
3991,"Redox International Group, Corp.",ITOR,36.97,0.57,1.172,Yes
3992,First Busey Corporation,BUSEP,2.98,0.053,0.182,Yes
3993,Cannabix Technologies Inc.,BLOZF,67.1,0.94,0.608,No
3994,Black Spade Acquisition III Co,BIII-UN,1.21,0.021,0.065,Yes
3995,Graniteshares Autocallable Smci ETF,SCA,44.11,0.665,9.869,Yes
3996,"Arca Continental, S.A.B. de C.V.",EMBVF,13.49,0.228,0.602,Yes
3997,Trican Well Service Ltd.,TOLWF,18.47,0.306,0.038,Yes
3998,MOZAYYX Acquisition Corp.,MZYX-UN,2.08,0.037,0.046,Yes
3999,Northern Trust 2035 Inflation-Linked Distributing Ladder ETF,TIPB,1.04,0.019,0.079,Yes
4000,Ryanair Holdings plc,RYAAY,20.84,0.343,1.292,Yes
4001,Primary Health Properties Plc,PHPRF,12.56,0.214,0.101,No
4002,"PureCycle Technologies, Inc.",PCTTU,86.81,1.154,2.691,Yes
4003,PT Perusahaan Perkebunan London Sumatra Indonesia Tbk,PPLFY,27.63,0.443,0.738,No
4004,Norwegian Air Shuttle ASA,NWARF,35.1,0.548,1.976,Yes
4005,"Potash America, Inc.",PTAM,87.61,1.164,1.608,No
4006,"Radnostix, Inc.",INIS,63.31,0.902,0.091,No
4007,Adyen N.V.,ADYYF,41.07,0.63,3.123,Yes
4008,Blackstone Inc.,BX,20.77,0.343,1.542,Yes
4009,"AudioEye, Inc.",AEYE,57.54,0.836,2.379,Yes
4010,"Auburn National Bancorporation, Inc.",AUBN,15.87,0.268,0.433,Yes
4011,"Poly Property Group Co., Limited",PHKIF,37.4,0.582,0.176,No
4012,,CTHH,5.23,0.092,,
4013,Grupo Clarín S.A.,GCLAF,13.7,0.233,0.567,Yes
4014,Fennec Pharmaceuticals Inc.,FENC,41.29,0.634,2.548,Yes
4015,Truecaller AB (publ),TRUBF,67.48,0.954,0.953,Yes
4016,Pyxis Tankers Inc.,PXS,18.39,0.308,0.048,Yes
4017,"Sound Financial Bancorp, Inc.",SFBC,12.78,0.219,0.005,No
4018,International Workplace Group plc,IWGFF,18.62,0.312,1.113,Yes
4019,"Five Point Holdings, LLC",FPH,34.42,0.543,1.223,Yes
4020,"Neffs Bancorp, Inc.",NEFB,27.19,0.441,0.374,Yes
4021,Pangaea Logistics Solutions Ltd.,PANL,28.81,0.464,1.069,Yes
4022,Fast Finance Pay Corp.,FFPP,71.98,1.008,2.424,No
4023,Pharvaris N.V.,PHVS,36.31,0.57,0.061,No
4024,State Bank of India,SBKFF,21.44,0.356,0.051,Yes
4025,29Metals Limited,TWNMF,98.24,1.28,2.6,No
4026,Kerry Properties Limited,KRYPY,18.24,0.307,0.174,No
4027,Restaurant Brands International Inc.,QSR,10.84,0.188,0.247,Yes
4028,Outdoor Holding Company,POWWP,9.56,0.167,0.205,Yes
4029,"John Marshall Bancorp, Inc.",JMSB,13.33,0.229,0.589,Yes
4030,Tethys Petroleum Limited,TETHF,52.02,0.776,1.051,Yes
4031,Solitario Resources Corp.,XPL,18.74,0.315,0.034,Yes
4032,FIBRA Prologis,FBBPF,16.74,0.284,0.497,Yes
4033,"Lands' End, Inc.",LE,32.71,0.522,1.547,Yes
4034,Keyence Corporation,KYCCF,16.71,0.284,1.051,Yes
4035,Global Roundtable Corporation,GRCU,94.81,1.252,0.455,Yes
4036,Tradeweb Markets Inc.,TW,14.21,0.244,0.174,No
4037,IQE plc,IQEPY,81.18,1.113,0.833,No
4038,Enka Insaat ve Sanayi A.S.,EKIVY,16.17,0.276,0.022,No
4039,"Santen Pharmaceutical Co., Ltd.",SNPHY,13.77,0.237,0.244,Yes
4040,The GPT Group,GPTGF,19.12,0.322,1.563,Yes
4041,"Cirrus Logic, Inc.",CRUS,21.47,0.359,1.408,Yes
4042,Alterity Therapeutics Limited,ATHE,70.96,1.004,0.23,No
4043,Aeris Resources Limited,ARSRF,59.73,0.874,0.179,Yes
4044,"Intrepid Potash, Inc.",IPI,27.76,0.453,0.337,Yes
4045,Tingyi (Cayman Islands) Holding Corp.,TYCMY,19.09,0.323,0.505,No
4046,"Pharmaron Beijing Co., Ltd.",PHBBF,8.9,0.157,0.093,No
4047,Vornado Realty Trust,VNORP,73.62,1.035,0.4,Yes
4048,Makita Corporation,MKTAY,16.07,0.275,0.235,Yes
4049,Pacific Gas and Electric Company,PCG-PD,6.95,0.124,0.025,No
4050,"Inhibitor Therapeutics, Inc.",INTI,54.97,0.818,0.089,No
4051,"Ping An Insurance (Group) Company of China, Ltd.",PNGAY,19.47,0.329,0.138,Yes
4052,Vulcan Materials Company,VMC,14.7,0.253,0.955,Yes
4053,Invesco Bulletshares 2029 Treasury Bond ETF,BSGT,0.45,0.008,,
4054,Suntec Real Estate Investment Trust,SURVF,12.95,0.225,0.311,Yes
4055,Huadian Power International Corporation Limited,HPIFF,12.93,0.224,0.119,No
4056,Pebblebrook Hotel Trust,PEB-PE,8.91,0.157,0.591,Yes
4057,"American Assets Trust, Inc.",AAT,14.72,0.254,1.114,Yes
4058,Wen Acquisition Corp.,WENN,1.29,0.023,0.049,Yes
4059,Sembcorp Industries Ltd,SCRPF,19.88,0.336,0.39,Yes
4060,Sify Technologies Limited,SIFY,54.24,0.811,0.653,Yes
4061,DIRTT Environmental Solutions Ltd.,DRTTF,23.75,0.395,0.029,No
4062,Commercial Metals Company,CMC,18.5,0.314,1.59,Yes
4063,"RB Global, Inc.",RBA,16.63,0.285,0.581,Yes
4064,Suzuki Motor Corporation,SZKMF,19.37,0.328,0.702,Yes
4065,A2Z Cust2Mate Solutions Corp.,AZ,92.22,1.237,0.106,No
4066,Ferguson Enterprises Inc.,FERG,19.23,0.326,1.433,Yes
4067,Lake Victoria Gold Ltd.,LVGLF,42.11,0.657,0.257,Yes
4068,TOTVS S.A.,TTVSY,22.27,0.374,0.668,Yes
4069,Plato Gold Corp.,NIOVF,66.6,0.961,0.072,Yes
4070,Sagimet Biosciences Inc.,SGMT,91.56,1.231,3.218,Yes
4071,vTv Therapeutics Inc.,VTVT,62.54,0.914,0.25,No
4072,The Connecticut Light and Power Company,CNPWP,6.56,0.117,0.408,Yes
4073,Otter Tail Corporation,OTTR,10.76,0.189,0.052,Yes
4074,Mr D.I.Y. Group (M) Berhad,MDIYF,14.87,0.257,0.64,Yes
4075,DFI Retail Group Holdings Limited,DFIHY,21.39,0.361,0.015,No
4076,Sohu.com Limited,SOHU,22.06,0.371,0.353,Yes
4077,Stolt-Nielsen Limited,SOIEF,18.55,0.317,0.128,Yes
4078,Kernel Holding S.A.,KARNF,39.13,0.619,2.22,No
4079,"Carlsmed, Inc.",CARL,46.39,0.716,1.942,Yes
4080,Medartis Holding AG,MDRSF,19.03,0.325,0.029,No
4081,"10x Genomics, Inc.",TXG,44.57,0.693,1.873,Yes
4082,Sirius Real Estate Limited,SRRLF,15.03,0.261,0.919,Yes
4083,Metro Inc.,MTRAF,9.11,0.162,0.039,Yes
4084,Manila Electric Company,MAEOY,24.56,0.41,0.798,No
4085,Mitchells & Butlers plc,MBPFF,18.7,0.32,0.364,Yes
4086,EQT Corporation,EQT,16.13,0.279,0.17,No
4087,"HealthStream, Inc.",HSTM,14.77,0.257,0.146,Yes
4088,"Agora, Inc.",API,44.34,0.692,1.542,Yes
4089,"First Financial Bankshares, Inc.",FFIN,16.8,0.29,1.023,Yes
4090,Salzgitter AG,SZGPF,32.47,0.529,0.495,Yes
4091,"Tactile Systems Technology, Inc.",TCMD,40.2,0.637,0.691,Yes
4092,"NeuroPace, Inc.",NPCE,52.65,0.801,2.091,Yes
4093,CSPC Pharmaceutical Group Limited,CHJTF,31.84,0.52,0.932,Yes
4094,"NRx Pharmaceuticals, Inc.",NRXP,64.37,0.944,2.532,Yes
4095,Putnam International Stock ETF,PGRI,9.74,0.174,0.966,Yes
4096,Companhia Energética de Minas Gerais - CEMIG,CIG-C,15.19,0.265,0.408,Yes
4097,Alliance Recovery Corporation,ARVY,89.57,1.225,0.119,No
4098,Triton International Limited,TRTN-PD,7.95,0.143,0.466,Yes
4099,Nine Dragons Paper (Holdings) Limited,NDGPF,36.24,0.584,0.055,No
4100,Cogeco Inc.,CGECF,16.71,0.29,0.068,Yes
4101,Peoples Trust Company of St. Albans,PPAL,1.43,0.027,0.037,No
4102,"Northpointe Bancshares, Inc.",NPB,15.51,0.271,0.046,Yes
4103,"Cohen & Steers, Inc.",CNS,17.97,0.311,1.258,Yes
4104,Braemar Hotels & Resorts Inc.,BHR-PB,18.73,0.323,0.527,Yes
4105,Sun Life Financial Inc.,SUNFF,5.84,0.106,0.224,No
4106,Bancorp. of Southern Indiana,BCSO,12.08,0.214,0.193,No
4107,Lewis & Clark Bancorp,LWCL,12.06,0.214,0.01,Yes
4108,Lion Critical Minerals Corp.,GBBGF,113.06,1.46,1.688,No
4109,"AvalonBay Communities, Inc.",VMRK,9.12,0.164,0.564,Yes
4110,ComfortDelGro Corporation Limited,CDGLF,14.41,0.253,0.248,No
4111,Fluor Corporation,FLR,24.8,0.419,1.501,Yes
4112,Sampo Oyj,SAXPY,10.28,0.184,0.396,Yes
4113,International Flavors & Fragrances Inc.,IFF,13.91,0.245,0.414,Yes
4114,Vtech Holdings Limited,VTKLY,16.95,0.295,0.167,Yes
4115,"CPI Aerostructures, Inc.",CVU,32.41,0.533,0.114,Yes
4116,Blackstone Secured Lending Fund,BXSL,8.65,0.156,0.256,Yes
4117,Adyen N.V.,ADYEY,37.34,0.603,2.969,Yes
4118,freenet AG,FRTAY,22.06,0.377,0.066,Yes
4119,"Yum! Brands, Inc.",YUM,11.33,0.203,0.094,Yes
4120,KION GROUP AG,KNNGF,33.93,0.556,0.431,Yes
4121,Hot Chili Limited,HHLKF,37.72,0.61,1.688,Yes
4122,Telix Pharmaceuticals Limited,TLPPF,27.13,0.456,0.587,Yes
4123,"Invent Ventures, Inc.",IDEA,109.75,1.438,3.888,Yes
4124,H & M Hennes & Mauritz AB (publ),HNNMY,20.04,0.346,0.787,Yes
4125,NextDecade Corporation,NEXT,34.86,0.57,0.071,No
4126,Lerøy Seafood Group ASA,LYSFY,13.88,0.246,0.18,Yes
4127,Sanford Limited,SARDY,40.2,0.646,0.738,Yes
4128,IHS Holding Limited,IHS,26.0,0.44,0.658,No
4129,"Damora Therapeutics, Inc.",DMRA,81.81,1.156,1.3,Yes
4130,Mowi ASA,MNHVF,15.04,0.266,0.729,Yes
4131,Concordis Group Incorporated,CNGI,110.33,1.448,0.118,No
4132,Velocity Minerals Ltd.,VLCJF,22.73,0.39,0.58,No
4133,Rambus Inc.,RMBS,33.38,0.551,2.73,Yes
4134,"Five Below, Inc.",FIVE,32.44,0.537,1.028,Yes
4135,Bally's Intralot S.A.,IRLTF,46.48,0.733,0.227,Yes
4136,Wisconsin Electric Power Company,WELPM,9.79,0.177,0.106,No
4137,Green Bridge Metals Corporation,GBMCF,115.21,1.498,0.974,No
4138,TransAtlantic Capital Inc.,TACI,65.46,0.974,0.301,Yes
4139,"ML Capital Group, Inc.",MLCG,65.46,0.974,1.304,No
4140,nFinanSe Inc.,NFSE,65.46,0.974,1.539,No
4141,Fifth Third Bancorp,FITB-PA,4.88,0.09,0.397,Yes
4142,Legacy Housing Corporation,LEGH,20.31,0.353,0.97,Yes
4143,Hunting PLC,HNTIF,25.76,0.439,0.473,Yes
4144,"Telefónica, S.A.",TELFY,11.73,0.211,0.261,Yes
4145,China State Construction International Holdings Limited,CCOHF,45.84,0.727,0.798,No
4146,Altamira Gold Corp.,EQTRF,47.72,0.753,0.493,Yes
4147,First Quantum Minerals Ltd.,FQVLF,31.76,0.53,0.696,Yes
4148,"Agilent Technologies, Inc.",A,17.48,0.308,1.535,Yes
4149,Cairn Homes plc,CNHHY,10.25,0.186,0.41,No
4150,"Global Net Lease, Inc.",GNL,15.72,0.279,0.409,Yes
4151,"Clear Channel Outdoor Holdings, Inc.",CCO,26.3,0.448,1.762,Yes
4152,"Beaver Coal Company, Limited",BVERS,15.83,0.281,0.587,Yes
4153,Kemira Oyj,KOYJF,13.41,0.241,0.168,Yes
4154,Yukon Metals Corp.,YMMCF,52.37,0.815,1.098,Yes
4155,BeOne Medicines AG,BEIGF,29.17,0.492,0.16,Yes
4156,Evonik Industries AG,EVKIF,17.38,0.307,0.036,Yes
4157,Roscan Gold Corporation,RCGCF,67.76,1.007,1.22,Yes
4158,Vinci SA,VCISY,12.87,0.232,0.085,Yes
4159,"Healthpeak Properties, Inc.",DOC,15.51,0.277,0.791,Yes
4160,Forecross Corporation,FRXX,32.63,0.545,0.219,Yes
4161,Unilever PLC,UL,11.7,0.212,0.299,Yes
4162,"Playboy, Inc.",PLBY,61.16,0.929,1.414,Yes
4163,Vtech Holdings Limited,VTKLF,17.49,0.31,0.561,Yes
4164,Permanent TSB Group Holdings plc,ILPMY,24.04,0.415,0.23,No
4165,CanSino Biologics Inc.,CASBF,52.49,0.82,0.545,Yes
4166,Sprott Physical Platinum & Palladium Tr,SPPP,15.46,0.276,0.367,Yes
4167,"VAALCO Energy, Inc.",EGY,30.49,0.514,0.331,Yes
4168,Patriot Resources Corp.,FDOGF,36.64,0.605,0.099,Yes
4169,Trimax Corporation,TMXN,111.74,1.48,0.911,Yes
4170,"ONE Gas, Inc.",OGS,11.78,0.214,0.164,Yes
4171,Vinci SA,VCISF,14.56,0.262,0.311,Yes
4172,Medicenna Therapeutics Corp.,MDNAF,101.35,1.383,3.078,Yes
4173,Axalta Coating Systems Ltd.,AXTA,14.84,0.267,1.07,Yes
4174,"Indivior Pharmaceuticals, Inc.",INDV,31.12,0.526,1.162,Yes
4175,"IDEAYA Biosciences, Inc.",IDYA,24.94,0.432,0.381,Yes
4176,Manitou BF SA,MAOIF,8.14,0.151,0.293,Yes
4177,"Global Self Storage, Inc.",SELF,10.31,0.19,0.363,Yes
4178,Alibaba Group Holding Limited,BABAF,27.21,0.469,0.558,Yes
4179,,SOJF,2.5,0.048,0.175,Yes
4180,"Elauwit Connection, Inc.",ELWT,43.48,0.708,1.611,Yes
4181,"Steven Madden, Ltd.",SHOO,22.1,0.389,1.73,Yes
4182,"Prologis, Inc.",PLD,15.62,0.282,1.424,Yes
4183,,JFILD,75.29,1.111,2.605,Yes
4184,"Redfield Energy, LLC",RDFD,19.75,0.351,0.846,Yes
4185,"ICU Medical, Inc.",ICUI,21.18,0.375,0.644,Yes
4186,,GCPU,46.38,0.749,4.575,Yes
4187,Celularity Inc.,CELU,114.27,1.523,1.374,Yes
4188,Beauce Gold Fields Inc.,BGFGF,71.85,1.072,2.118,Yes
4189,Base Carbon Inc.,BCBNF,29.43,0.505,1.386,Yes
4190,Perimeter Acquisition Corp. I,PMTR,2.19,0.042,0.132,Yes
4191,"B. Riley Financial, Inc. 6.50% Senior Notes Due 2026",RILYN,33.17,0.562,0.258,No
4192,Shikun & Binui Ltd.,SKBNF,38.85,0.645,0.422,Yes
4193,Celtic plc,CLTFF,27.33,0.473,1.614,Yes
4194,Just Eat Takeaway.com N.V.,JTKWY,32.81,0.557,0.62,Yes
4195,Tower Resources Ltd.,TWRFF,39.78,0.658,1.502,Yes
4196,Gilat Satellite Networks Ltd.,GILT,33.84,0.572,1.354,Yes
4197,"B. Riley Financial, Inc. 7.25% Senior Notes due 2027",RILYG,33.23,0.563,0.038,No
4198,Telefónica Deutschland Holding AG,TELDY,7.07,0.133,0.298,Yes
4199,Regency Centers Corporation,REGCP,6.04,0.114,0.473,Yes
4200,Majestic Gold Corp.,MJGCF,33.85,0.573,0.384,Yes
4201,Chesnara plc,CSNRF,73.39,1.094,0.323,No
4202,BancFirst Corporation,BANF,12.93,0.238,0.527,Yes
4203,Gemini Group Global Corp.,GMNI,93.17,1.317,1.075,No
4204,Epsilon Energy Ltd.,EPSN,13.86,0.254,0.819,No
4205,MakeMyTrip Limited,MMYT,24.35,0.428,1.575,Yes
4206,SFL Corporation Ltd.,SFL,16.48,0.299,0.427,Yes
4207,Critical Metals Corp.,CRML,113.11,1.523,4.461,Yes
4208,Clean Air Metals Inc.,CLRMF,70.49,1.064,1.146,Yes
4209,"Sansan, Inc.",SNSNF,37.33,0.627,0.787,Yes
4210,East Japan Railway Company,EJPRF,14.59,0.267,0.024,No
4211,"Cactus, Inc.",WHD,21.33,0.38,1.394,Yes
4212,Brookfield BRP Holdings (Canada,BEPJ,5.04,0.096,0.444,Yes
4213,"Empowered Products, Inc.",EMPO,84.53,1.227,1.629,No
4214,CPI Card Group Inc.,PMTS,37.09,0.624,1.514,Yes
4215,"Yinhang Internet Technologies Development, Inc.",YITD,101.94,1.414,2.2,Yes
4216,Great Eagle Holdings Limited,GEAHF,18.03,0.326,0.174,No
4217,Boyd Gaming Corporation,BYD,12.98,0.24,0.926,Yes
4218,"NeoGenomics, Inc.",NEO,49.47,0.799,2.163,Yes
4219,Haleon plc,HLN,10.71,0.2,0.015,Yes
4220,Unilever PLC,UNLYF,11.42,0.213,0.243,Yes
4221,Delivery Hero SE,DELHY,46.61,0.761,2.977,Yes
4222,Cohen Circle Acquisition Corp. II,CCIIU,1.76,0.034,0.032,Yes
4223,S&P Global Inc.,SPGI,11.68,0.217,0.821,Yes
4224,"Myomo, Inc.",MYO,92.06,1.314,4.156,Yes
4225,Trident Brands Incorporated,TDNT,105.6,1.456,2.854,No
4226,"MERLIN Properties SOCIMI, S.A.",MPTYY,12.7,0.236,0.499,Yes
4227,One World Lithium Inc.,OWRDF,111.04,1.512,3.294,Yes
4228,TransAlta Corporation,TAC,23.08,0.411,0.848,Yes
4229,JVCKENWOOD Corporation,JVCZY,41.42,0.69,0.496,Yes
4230,Pebblebrook Hotel Trust,PEB-PF,8.99,0.17,0.496,Yes
4231,"Zoom Communications, Inc.",ZM,17.4,0.318,1.178,Yes
4232,"Gaming Technologies, Inc.",GMGT,101.22,1.416,2.046,No
4233,Bowman Consulting Group Ltd.,BWMN,33.45,0.575,2.033,Yes
4234,"Lantheus Holdings, Inc.",LNTH,25.62,0.454,0.022,Yes
4235,Betmakers Technology Group Ltd,TPBTF,56.8,0.905,0.618,No
4236,Jutal Offshore Oil Services Limited,JUTOF,32.87,0.568,0.335,Yes
4237,"Universal Health Services, Inc.",UHS,16.43,0.302,0.592,Yes
4238,Graphene Manufacturing Group Ltd,GMGMF,47.11,0.775,1.123,Yes
4239,Elementis plc,ELMTY,14.72,0.273,0.158,Yes
4240,D2L Inc.,DTLIF,25.89,0.459,1.837,Yes
4241,Cohort plc,COHTF,24.56,0.438,0.04,No
4242,"ZENKOKU HOSHO Co.,Ltd.",ZNKKY,20.16,0.366,0.178,No
4243,"Tesla, Inc.",TSLA,31.16,0.543,1.838,Yes
4244,CellaVision AB (publ),CLVSF,15.74,0.291,0.464,Yes
4245,"Houlihan Lokey, Inc.",HLI,12.14,0.228,1.081,Yes
4246,"Varonis Systems, Inc.",VRNS,26.23,0.466,1.778,Yes
4247,Serica Energy plc,SQZZF,35.16,0.605,0.251,Yes
4248,H & M Hennes & Mauritz AB (publ),HMRZF,22.8,0.411,1.246,Yes
4249,Yuexiu Property Company Limited,YUPRF,66.44,1.033,2.083,No
4250,Pennon Group Plc,PEGRY,16.0,0.296,0.045,No
4251,"Lument Finance Trust, Inc.",LFT-PA,7.28,0.14,0.269,Yes
4252,Bangkok Bank Public Company Limited,BKKPF,16.29,0.302,0.049,No
4253,Magna International Inc.,MGA,15.74,0.292,1.182,Yes
4254,"Hyperscale Data, Inc.",GPUS-PD,43.66,0.732,0.451,Yes
4255,KWS SAAT SE & Co. KGaA,KNKZF,15.9,0.296,0.079,Yes
4256,Banco Bradesco S.A.,BBD,20.77,0.379,0.564,Yes
4257,ADT Inc.,ADT,14.18,0.266,1.023,Yes
4258,TIM S.A.,TIMB,19.5,0.358,0.088,Yes
4259,Basic-Fit N.V.,BSFFF,21.13,0.386,0.442,Yes
4260,Bavarian Nordic A/S,BVNKF,31.93,0.56,1.662,Yes
4261,Prudential plc,PUK,13.12,0.248,0.261,Yes
4262,CTS Corporation,CTS,15.98,0.298,1.438,Yes
4263,"ES Bancshares, Inc.",ESBS,7.78,0.15,0.035,Yes
4264,Addus HomeCare Corporation,ADUS,15.29,0.287,0.869,Yes
4265,Uranium Royalty Corp.,UROY,31.87,0.56,1.129,Yes
4266,Inseego Corp.,INSG,88.31,1.301,1.811,Yes
4267,Uniti Group Inc.,UNIT,32.46,0.57,0.596,Yes
4268,First Canadian Graphite Inc.,GRAPF,91.88,1.342,0.936,No
4269,Ameren Illinois Company,AILIN,3.95,0.078,0.066,No
4270,"Entegris, Inc.",ENTG,27.4,0.491,1.55,Yes
4271,NIOX Group Plc,CSSPF,13.19,0.25,0.103,No
4272,"Star Group, L.P.",SGU,10.81,0.207,0.026,Yes
4273,"Trinity Bank, N.A.",TYBT,9.33,0.18,0.147,Yes
4274,"Airgain, Inc.",AIRG,35.71,0.622,1.12,Yes
4275,CoinShares PLC,CSHR,57.66,0.933,0.619,No
4276,Zhaojin Mining Industry Company Limited,ZHAOF,30.79,0.546,0.25,Yes
4277,Groupe Bruxelles Lambert SA,GBLBY,12.91,0.245,0.668,Yes
4278,Del Monte Corporation,DMC,16.54,0.31,0.168,No
4279,Canon Inc.,CAJPY,10.18,0.196,0.423,Yes
4280,Warpaint London PLC,WPNTF,55.61,0.906,0.633,No
4281,"Nintendo Co., Ltd.",NTDOF,18.47,0.343,0.502,Yes
4282,Tiziana Life Sciences Ltd,TLSA,51.6,0.852,0.164,Yes
4283,ePlus inc.,PLUS,18.92,0.351,0.885,Yes
4284,Baru Gold Corporation,BARUF,113.48,1.576,4.055,Yes
4285,Ingevity Corporation,NGVT,23.95,0.436,0.86,Yes
4286,"Miami International Holdings, Inc.",MIAX,24.7,0.449,1.564,Yes
4287,ITV plc,ITVPY,16.92,0.317,0.41,Yes
4288,South Pacific Metals Corp.,SPMEF,58.96,0.953,1.419,Yes
4289,Norsk Titanium AS,NORSF,110.33,1.549,0.844,No
4290,Huron Consulting Group Inc.,HURN,27.02,0.489,0.14,Yes
4291,AuMEGA Metals Ltd,AUMMF,110.74,1.557,2.559,Yes
4292,BANDAI NAMCO Holdings Inc.,NCBDF,16.53,0.312,0.585,No
4293,VinaCapital Vietnam Opportunity Fund Limited,VCVOF,10.2,0.198,0.308,Yes
4294,Bristol-Myers Squibb Company,BMY,14.13,0.269,0.116,Yes
4295,"Abacus Global Management, Inc.",ABX,34.16,0.604,0.176,Yes
4296,Kolibri Global Energy Inc.,KGEI,28.51,0.514,0.591,No
4297,Yip's Chemical Holdings Limited,YIPCF,18.25,0.343,0.027,Yes
4298,"B. Riley Financial, Inc. 6.00% Senior Notes Due 2028",RILYT,50.92,0.85,0.188,Yes
4299,United Internet AG,UDIRF,14.79,0.282,0.407,No
4300,"ArriVent BioPharma, Inc.",AVBP,26.61,0.484,1.357,Yes
4301,"Regional Health Properties, Inc.",RHEPA,99.02,1.44,0.955,No
4302,Republic Airways Holdings Inc.,RJET,43.5,0.746,2.405,Yes
4303,"Zhongyuan Bank Co., Ltd.",ZNNGY,22.43,0.415,0.049,Yes
4304,WEG S.A.,WEGZY,16.07,0.305,0.179,Yes
4305,The Walt Disney Company,DIS,16.33,0.31,1.584,Yes
4306,St. James's Place plc,STJPF,28.51,0.516,0.79,Yes
4307,"Grupo Aeroportuario del Pacífico, S.A.B. de C.V.",PAC,20.59,0.385,0.917,Yes
4308,Metallium Limited,MTMCF,91.33,1.361,,
4309,Gran Tierra Energy Inc.,GTE,34.68,0.616,0.824,No
4310,Loar Holdings Inc.,LOAR,24.87,0.458,0.563,Yes
4311,Wee-Cig International Corporation,WCIG,101.4,1.474,0.471,No
4312,Koninklijke Ahold Delhaize N.V.,ADRNY,11.87,0.23,0.109,No
4313,"Ping An Insurance (Group) Company of China, Ltd.",PIAIF,19.19,0.362,0.193,Yes
4314,SalMar ASA,SALRY,16.12,0.308,0.758,Yes
4315,Meganet Corporation,MGNT,38.58,0.677,0.642,Yes
4316,"Automatic Data Processing, Inc.",ADP,10.92,0.213,0.547,Yes
4317,Morguard North American Residential Real Estate Investment Trust,MNARF,11.9,0.231,0.643,Yes
4318,"Financial Institutions, Inc. 8.48% SRB1 PFD B",FIISO,11.02,0.215,0.416,No
4319,"Eagle Bancorp, Inc.",EGBN,23.44,0.436,1.331,Yes
4320,Finance of America Companies Inc.,FOA,48.14,0.819,1.298,Yes
4321,Emera Maine PFD 7%,BANGN,3.51,0.071,0.114,Yes
4322,Adtran Networks SE,ADVOF,5.69,0.114,0.009,Yes
4323,Smith & Nephew plc,SNNUF,14.4,0.278,0.448,Yes
4324,Vista Group International Limited,VGLIF,12.53,0.244,0.019,Yes
4325,Omnicom Group Inc.,OMC,12.31,0.24,0.511,Yes
4326,"Saul Centers, Inc.",BFS-PE,8.81,0.174,0.349,Yes
4327,Edwards Lifesciences Corporation,EW,14.41,0.278,0.781,Yes
4328,Nickel Industries Limited,NICMF,23.95,0.446,0.802,Yes
4329,NEO Battery Materials Ltd.,NBMFF,115.1,1.628,2.149,Yes
4330,"MARA Holdings, Inc.",MARA,58.54,0.968,5.048,Yes
4331,Future Vision II Acquisition Corp.,FVN,2.25,0.046,0.001,Yes
4332,AviChina Industry & Technology Company Limited,AVIJF,32.87,0.593,0.489,Yes
4333,"Motorcar Parts of America, Inc.",MPAA,41.22,0.722,1.453,Yes
4334,H World Group Limited,HTHT,16.49,0.317,0.066,No
4335,"Merit Medical Systems, Inc.",MMSI,13.27,0.258,0.341,Yes
4336,Ameren Illinois Company,AILIH,5.24,0.106,0.204,Yes
4337,Ninety One Group,NINTF,19.09,0.363,0.044,No
4338,Unity Software Inc.,U,39.22,0.692,1.743,Yes
4339,Edgewater Exploration Ltd.,EDWZF,34.26,0.616,0.045,Yes
4340,Health and Happiness (H&H) International Holdings Limited,BTSDF,12.09,0.237,0.159,Yes
4341,Advantex Marketing International Inc.,ATXMF,82.71,1.279,1.969,Yes
4342,Tocvan Ventures Corp.,TCVNF,41.82,0.734,0.682,No
4343,Emergent Metals Corp.,EGMCF,110.61,1.59,0.905,Yes
4344,Allwyn AG,GOFPY,12.43,0.244,0.142,Yes
4345,Foraco International SA,FRACF,27.02,0.5,0.484,Yes
4346,Precision Drilling Corporation,PDS,17.32,0.333,0.135,Yes
4347,"Celldex Therapeutics, Inc.",CLDX,26.59,0.494,1.384,Yes
4348,USA Real Estate Holding Company,USTC,105.6,1.541,1.016,Yes
4349,Power Metals Corp.,PWRMF,86.94,1.333,0.211,Yes
4350,Whitehaven Coal Limited,WHITF,15.01,0.292,0.141,Yes
4351,Discovery Limited,DCYHY,13.67,0.267,0.078,No
4352,Temenos AG,TMSNY,18.81,0.361,0.731,Yes
4353,GFL Environmental Inc.,GFL,14.76,0.288,0.131,Yes
4354,"Mitsui O.S.K. Lines, Ltd.",MSLOF,12.9,0.253,0.024,No
4355,Sintana Energy Inc.,SEUSF,50.05,0.858,1.004,No
4356,Senstar Technologies Corporation,SNT,45.51,0.792,1.874,Yes
4357,Reliance Worldwide Corporation Limited,RLLWF,26.72,0.497,1.583,Yes
4358,Horizon Space Acquisition I Corp.,HSPOF,5.0,0.102,0.171,Yes
4359,Smart Eye AB (publ),SMTEF,55.25,0.932,2.539,Yes
4360,Kilroy Realty Corporation,KRC,16.17,0.314,1.331,Yes
4361,"DeNA Co., Ltd.",DNACF,36.57,0.657,1.478,No
4362,"Bolsa Mexicana de Valores, S.A.B. de C.V.",BOMXF,17.16,0.332,0.874,Yes
4363,JTEKT Corporation,JTEKY,11.68,0.231,0.013,Yes
4364,Givaudan SA,GVDBF,13.04,0.257,0.556,Yes
4365,Union Electric Company,UEPEO,5.6,0.114,0.262,Yes
4366,"BXP, Inc.",BXP,13.71,0.27,1.056,Yes
4367,"ExlService Holdings, Inc.",EXLS,16.52,0.321,0.591,Yes
4368,"Apple Hospitality REIT, Inc.",APLE,11.52,0.229,0.944,Yes
4369,On the Beach Group plc,OOBHF,36.16,0.654,0.627,Yes
4370,"Gevo, Inc.",GEVO,53.8,0.917,0.826,No
4371,"Ono Pharmaceutical Co., Ltd.",OPHLF,22.15,0.422,0.407,No
4372,Taiheiyo Cement Corporation,THYCY,17.39,0.338,0.95,Yes
4373,Kensington Capital Acquisition Corp. VI,KCA-UN,1.54,0.032,0.262,No
4374,"Nintendo Co., Ltd.",NTDOY,17.85,0.347,0.366,Yes
4375,KDDI Corporation,KDDIY,9.67,0.194,0.056,Yes
4376,MBIA Inc.,MBI,47.97,0.835,1.967,Yes
4377,Evonik Industries AG,EVKIY,16.61,0.324,0.297,No
4378,Hiab Oyj,CYJBF,17.77,0.346,0.228,Yes
4379,"Omni Health, Inc.",OMHE,40.22,0.721,1.13,Yes
4380,"PowerFleet, Inc.",AIOT,38.13,0.688,2.332,Yes
4381,Cadeler A/S,CDLR,18.82,0.365,0.687,Yes
4382,Granite Point Mortgage Trust Inc.,GPMT-PA,11.63,0.233,0.756,Yes
4383,Prudential plc,PUKPF,14.53,0.287,0.124,No
4384,"Inter & Co, Inc.",INTR,23.11,0.441,0.474,Yes
4385,China Foods Limited,CHFHY,19.27,0.374,0.006,Yes
4386,American Critical Minerals Corp.,APCOF,47.41,0.832,0.941,Yes
4387,"Artiva Biotherapeutics, Inc.",ARTV,71.8,1.167,2.197,Yes
4388,361 Degrees International Limited,TSIOF,22.46,0.431,0.072,No
4389,H. Lundbeck A/S,HLBBF,18.43,0.359,0.789,Yes
4390,Akbank T.A.S.,AKBTY,27.26,0.514,1.23,Yes
4391,Alligator Energy Limited,ALGEF,72.04,1.172,1.702,Yes
4392,"JAKKS Pacific, Inc.",JAKK,33.77,0.622,2.075,Yes
4393,Sovereign Metals Limited,SVMLF,25.08,0.477,0.864,Yes
4394,New Stratus Energy Inc.,RDRIF,39.96,0.72,1.575,Yes
4395,Sunny Optical Technology (Group) Company Limited,SOTGY,30.2,0.564,1.744,Yes
4396,SuperCom Ltd.,SPCB,68.47,1.127,1.566,Yes
4397,Persimmon Plc,PSMMY,19.3,0.376,1.004,Yes
4398,New Century Logistics (BVI) Limited,NCEW,64.86,1.08,2.706,No
4399,WildBrain Ltd.,WLDBF,34.39,0.633,0.253,No
4400,Wise Group plc,WSE,13.9,0.277,4.053,Yes
4401,Corby Spirit and Wine Limited,CBYDF,8.97,0.183,0.071,Yes
4402,GHST World Inc.,GHST,71.69,1.171,3.859,Yes
4403,"AVVAA World Health Care Products, Inc.",AVVH,81.61,1.296,1.668,Yes
4404,"PureCycle Technologies, Inc.",PCT,54.53,0.939,4.285,Yes
4405,Parex Resources Inc.,PARXF,21.43,0.415,0.001,No
4406,Minerals Technologies Inc.,MTX,14.43,0.288,1.131,Yes
4407,Bechtle AG,BHTLF,13.93,0.278,0.712,Yes
4408,Alchemy Investments Acquisition Corp 1,ALCUF,6.55,0.135,0.033,No
4409,"Sumitomo Chemical Company, Limited",SOMMY,16.33,0.323,0.169,Yes
4410,Glory Ltd.,GLYYY,15.35,0.305,0.517,Yes
4411,Northrop Grumman Corporation,NOC,12.23,0.247,0.376,No
4412,"Ulta Beauty, Inc.",ULTA,17.37,0.343,1.173,Yes
4413,Genius Sports Limited,GENI,29.5,0.556,1.607,Yes
4414,Ball Corporation,BALL,14.05,0.281,0.555,Yes
4415,"Sensus Healthcare, Inc.",SRTS,38.37,0.701,1.636,Yes
4416,"Champion Homes, Inc.",SKY,24.33,0.468,0.787,Yes
4417,Banco Bradesco S.A.,BBDO,20.19,0.395,0.67,Yes
4418,Downer EDI Limited,DNERY,5.31,0.111,0.05,Yes
4419,Canadian Pacific Kansas City Limited,CP,11.25,0.228,0.985,Yes
4420,Markel Group Inc.,MKL,8.85,0.182,0.296,Yes
4421,Cayson Acquisition Corp,CAPNU,6.82,0.141,0.12,Yes
4422,"Guerrilla RF, Inc.",GUER,54.27,0.943,0.122,No
4423,Kunlun Energy Company Limited,KLYCY,16.24,0.323,0.615,No
4424,Boozt AB (publ),BOZTY,28.05,0.534,1.5,Yes
4425,Goodman Group,GMGSF,22.99,0.446,2.4,Yes
4426,Savara Inc.,SVRA,26.55,0.508,0.341,No
4427,New Age Metals Inc.,NMTLF,62.57,1.06,0.183,No
4428,Legend Power Systems Inc.,LPSIF,50.81,0.894,1.316,Yes
4429,Public Storage,PSA,13.2,0.267,1.086,Yes
4430,"AutoNation, Inc.",AN,15.2,0.304,0.962,Yes
4431,Experian plc,EXPGY,13.84,0.279,1.073,Yes
4432,"CVR Energy, Inc.",CVI,26.61,0.51,0.456,Yes
4433,Dampskibsselskabet Norden A/S,DPBSF,13.45,0.272,0.083,No
4434,Ascentage Pharma Group International,ASPHF,50.84,0.895,0.21,Yes
4435,L'Air Liquide S.A.,AIQUY,9.15,0.188,0.247,Yes
4436,Abeona Therapeutics Inc.,ABEO,34.57,0.644,2.132,Yes
4437,"Kura Oncology, Inc.",KURA,33.77,0.631,1.418,Yes
4438,Tredegar Corporation,TG,24.68,0.478,0.654,Yes
4439,Harbour Energy plc,HBRIY,24.16,0.468,0.416,Yes
4440,,JMATF,22.23,0.434,1.314,Yes
4441,Winland Holdings Corporation,WELX,24.51,0.475,1.449,Yes
4442,City of London Investment Group Plc,CLIUF,12.01,0.245,0.176,No
4443,"Zedge, Inc.",ZDGE,37.38,0.691,1.283,Yes
4444,Integrated Diagnostics Holdings plc,IDGXF,29.61,0.563,0.493,No
4445,Tonopah Divide Mining Co.,TODM,44.17,0.799,0.906,No
4446,Mersen S.A.,CBLNF,20.26,0.4,0.331,Yes
4447,Deutsche Lufthansa AG,DLAKF,17.24,0.344,0.859,Yes
4448,ValOre Metals Corp.,KVLQF,33.45,0.628,0.766,No
4449,Universal Health Realty Income Trust,UHT,9.74,0.201,0.433,Yes
4450,"Xencor, Inc.",XNCR,34.4,0.644,1.078,Yes
4451,Texxon Holding Limited,NPT,103.67,1.578,7.587,No
4452,Invesco Mortgage Capital Inc.,IVR,13.41,0.272,1.148,Yes
4453,Alliance Witan Plc,ALITF,9.22,0.191,0.305,Yes
4454,Sable Offshore Corp.,SOC,81.5,1.319,0.766,No
4455,Sociedad Química y Minera de Chile S.A.,SQM,23.26,0.455,0.929,Yes
4456,Ellomay Capital Ltd.,ELLO,21.6,0.426,1.158,Yes
4457,"MongoDB, Inc.",MDB,32.4,0.614,2.193,Yes
4458,"PubMatic, Inc.",PUBM,30.95,0.59,2.377,Yes
4459,ArcBest Corporation,ARCB,22.33,0.44,1.952,Yes
4460,"Sera Prognostics, Inc.",SERA,92.75,1.46,1.764,Yes
4461,Bitcoin Well Inc.,BCNWF,115.0,1.711,3.987,Yes
4462,Challenger Limited,CFIGF,20.53,0.408,0.695,Yes
4463,"Crocs, Inc.",CROX,19.47,0.389,1.441,Yes
4464,Ellaktor S.A.,ELLKY,44.75,0.814,0.095,No
4465,Range Resources Corporation,RRC,14.17,0.289,0.282,No
4466,"HealthEquity, Inc.",HQY,15.11,0.307,0.759,Yes
4467,CytoDyn Inc.,CYDY,48.71,0.876,1.353,Yes
4468,"Moderna, Inc.",MRNA,66.24,1.127,0.496,Yes
4469,Banco Santander (Brasil) S.A.,BSBR,14.5,0.296,0.224,Yes
4470,"Cantor Equity Partners IV, Inc.",CEPF,2.39,0.051,0.175,Yes
4471,Takeda Pharmaceutical Company Limited,TAK,9.98,0.208,0.271,No
4472,Cosa Resources Corp.,COSAF,38.93,0.725,1.192,Yes
4473,"Stran & Company, Inc.",SWAG,25.99,0.507,1.934,Yes
4474,"Jacobio Pharmaceuticals Group Co., Ltd.",JBPHF,68.5,1.16,0.031,No
4475,Alpha Star Acquisition Corporation,ALSAF,29.12,0.563,0.239,No
4476,"Fidelity National Financial, Inc.",FNF,12.98,0.267,0.751,Yes
4477,Lasertec Corporation,LSRCY,33.9,0.644,2.003,Yes
4478,"BOTS, Inc.",BTZI,108.28,1.651,1.297,No
4479,Seritage Growth Properties,SRG-PA,6.87,0.145,0.349,No
4480,AstraZeneca PLC,AZN,11.07,0.23,0.089,No
4481,PLS Group Limited,PILBF,32.9,0.629,1.226,Yes
4482,Avient Corporation,AVNT,17.76,0.36,1.235,Yes
4483,Integral Diagnostics Limited,ITGDF,60.45,1.055,1.177,No
4484,Raffles Education Limited,RFLFY,58.18,1.023,0.438,No
4485,Alibaba Group Holding Limited,BABA,23.39,0.464,0.236,Yes
4486,The Rank Group Plc,RANKF,29.45,0.571,0.511,Yes
4487,Dole plc,DOLE,11.05,0.231,0.078,Yes
4488,Centrica plc,CPYYY,11.61,0.242,0.007,No
4489,BioArctic AB (publ),BRCTF,28.16,0.549,1.488,Yes
4490,"Shin-Etsu Chemical Co., Ltd.",SHECF,15.92,0.326,1.247,Yes
4491,"Limbach Holdings, Inc.",LMB,32.28,0.62,2.137,Yes
4492,"Distribution Solutions Group, Inc.",DSGR,16.29,0.333,0.263,Yes
4493,Oryzon Genomics S.A.,ORYZF,36.76,0.696,0.763,No
4494,China Everbright Limited,CEVIF,22.46,0.448,0.457,Yes
4495,Terreno Realty Corporation,TRNO,11.96,0.249,0.937,Yes
4496,Challenger Gold Limited,CLLEF,39.41,0.74,0.615,Yes
4497,RTL Group S.A.,RGLXY,27.38,0.537,0.629,Yes
4498,"Century Therapeutics, Inc.",IPSC,76.51,1.281,2.452,Yes
4499,NEXTDC Limited,NXDCF,17.28,0.353,0.933,Yes
4500,Bravo Mining Corp.,BRVMF,35.47,0.677,0.863,Yes
4501,"Live Oak Bancshares, Inc.",LOB,24.01,0.478,2.064,Yes
4502,J D Wetherspoon plc,JDWPY,16.32,0.335,0.79,Yes
4503,ThredUp Inc.,TDUP,94.07,1.502,3.0,Yes
4504,"Frontier Group Holdings, Inc.",ULCC,46.42,0.854,3.002,Yes
4505,Federal Agricultural Mortgage Corporation,AGM-A,17.17,0.352,0.933,Yes
4506,MTR Corporation Limited,MTCPY,17.16,0.352,0.028,No
4507,"H&R Block, Inc.",HRB,14.85,0.308,0.645,Yes
4508,"NetEase, Inc.",NTES,14.53,0.302,0.665,Yes
4509,Sylvania Platinum Limited,SAPLF,27.11,0.535,1.011,Yes
4510,China Everbright Water Limited,BOTRF,14.23,0.296,0.283,Yes
4511,Kavango Resources Plc,KVGOF,80.85,1.344,1.644,Yes
4512,"PIMCO Strategic Income Fund, Inc.",RCS,12.23,0.257,1.113,Yes
4513,Oji Holdings Corporation,OJIPY,9.58,0.204,0.196,Yes
4514,LNG Energy Group Corp.,LNGNF,85.75,1.408,3.22,Yes
4515,Aquaron Acquisition Corp.,AQUC,5.32,0.115,0.151,No
4516,Rua Gold Inc.,NZAUF,30.16,0.591,0.111,No
4517,Kerry Group plc,KRYAY,9.15,0.195,0.353,Yes
4518,"Kelly Services, Inc.",KELYB,26.62,0.529,1.195,Yes
4519,Turtle Beach Corporation,TBCH,28.0,0.553,2.508,Yes
4520,"Trinity Industries, Inc.",TRN,16.82,0.348,1.287,Yes
4521,Australian Vanadium Limited,ATVVF,106.56,1.661,3.623,Yes
4522,"BJ's Wholesale Club Holdings, Inc.",BJ,11.63,0.245,0.212,No
4523,"Comstock Resources, Inc.",CRK,30.46,0.597,0.627,No
4524,Bellevue Gold Limited,BELGF,32.38,0.631,1.157,Yes
4525,Inter-Rock Minerals Inc.,IRCKF,23.25,0.469,0.264,No
4526,"Fluent, Inc.",FLNT,43.25,0.812,0.498,No
4527,"Shin-Etsu Chemical Co., Ltd.",SHECY,15.44,0.321,1.143,Yes
4528,Auckland International Airport Limited,AUKNY,9.05,0.194,0.686,Yes
4529,Hongli Group Inc.,HLP,81.94,1.368,1.187,No
4530,Karbon Capital Partners Corp.,KBON,0.69,0.015,0.021,Yes
4531,Aegis Brands Inc.,SCUPF,44.21,0.829,0.209,No
4532,NORMA Group SE,NOEJF,15.27,0.319,0.308,Yes
4533,PennyMac Mortgage Investment Trust,PMTW,2.19,0.048,0.302,Yes
4534,Medtronic plc,MDT,11.56,0.245,0.465,Yes
4535,Yellow Pages Limited,YLWDF,10.08,0.215,0.302,Yes
4536,Anadolu Hayat Emeklilik Anonim Sirketi,AELIY,34.44,0.669,1.1,No
4537,Resverlogix Corp.,RVXCF,40.59,0.772,0.144,No
4538,Galaxy Entertainment Group Limited,GXYYY,17.1,0.355,0.913,Yes
4539,"Fastly, Inc.",FSLY,51.08,0.938,1.389,No
4540,"DINE, S.A.B. de C.V.",DNSBF,3.72,0.082,0.158,No
4541,"Tootsie Roll Industries, Inc.",TROLB,22.33,0.454,0.542,Yes
4542,Cascadia Minerals Ltd.,CAMNF,46.99,0.875,1.754,Yes
4543,Bogota Financial Corp.,BSBK,9.95,0.213,0.212,Yes
4544,Experian plc,EXPGF,14.28,0.3,1.03,Yes
4545,"NACCO Industries, Inc.",NC,15.41,0.323,0.18,Yes
4546,Black Iron Inc.,BKIRF,40.12,0.766,1.643,Yes
4547,"Intellicheck, Inc.",IDN,54.9,0.997,0.221,Yes
4548,ACADIA Pharmaceuticals Inc.,ACAD,25.45,0.512,0.795,Yes
4549,Volt Carbon Technologies Inc.,TORVF,97.62,1.569,1.23,Yes
4550,McCoy Global Inc.,MCCRF,24.74,0.5,0.489,Yes
4551,"Grupo Aeroportuario del Centro Norte, S.A.B. de C.V.",OMAB,16.93,0.353,0.22,Yes
4552,"Small Business Development Group, Inc.",SBDG,66.73,1.171,1.828,Yes
4553,Innovator International Developed Managed 10 Buffer ETF,IBFR,3.3,0.073,0.261,Yes
4554,Kingsway Corporation,KWY,17.95,0.373,0.645,Yes
4555,,LECRD,70.96,1.232,0.704,Yes
4556,Leocor Mining Inc.,LECRF,70.96,1.232,0.704,Yes
4557,PGE Polska Grupa Energetyczna S.A.,PGPKY,32.04,0.632,1.785,Yes
4558,"MainStreet Bancshares, Inc.",MNSB,14.43,0.305,0.61,Yes
4559,Valuence Merger Corp. I,VMCUF,7.86,0.171,0.491,Yes
4560,Continental Aktiengesellschaft,CTTAY,16.67,0.35,1.037,Yes
4561,Ameren Illinois Company PFD 4%,AILLP,4.61,0.102,0.002,No
4562,"Mission Produce, Inc.",AVO,16.19,0.34,0.235,Yes
4563,"IZEA Worldwide, Inc.",IZEA,27.08,0.545,0.781,Yes
4564,Brookfield Infrastructure Finance ULC,BIPJ,6.57,0.144,0.756,Yes
4565,"Medalist Diversified, Inc.",MDRR,8.54,0.185,0.037,Yes
4566,"Best Buy Co., Inc.",BBY,15.92,0.335,1.092,Yes
4567,"Penumbra, Inc.",PEN,17.37,0.364,0.381,Yes
4568,"Superstar Platforms, Inc.",SPST,106.87,1.692,2.877,No
4569,"Array Digital Infrastructure, I",UZE,11.47,0.246,0.697,Yes
4570,Wisconsin Electric Power Company PFD 3.60%,WELPP,4.67,0.103,0.414,Yes
4571,Emerita Resources Corp.,EMOTF,55.95,1.023,2.035,Yes
4572,State Street Utilities Select Sector SPDR Premium Income ETF,XLUI,4.58,0.101,0.0,Yes
4573,"Southside Bancshares, Inc.",SBSI,11.56,0.248,0.676,Yes
4574,Go Green Global Technologies Corp.,GOGR,104.17,1.663,4.631,Yes
4575,"Grupo Herdez, S.A.B. de C.V.",GUZOF,16.67,0.352,0.278,Yes
4576,"VizConnect, Inc.",VIZC,90.77,1.504,2.463,Yes
4577,Vanjia Corporation,VNJA,77.14,1.328,1.344,No
4578,TOPPAN Holdings Inc.,TOPPY,18.99,0.397,0.63,Yes
4579,"Beazer Homes USA, Inc.",BZH,20.46,0.426,1.68,Yes
4580,CBL International Limited,BANL,106.07,1.693,2.326,No
4581,Stryker Corporation,SYK,8.96,0.196,0.659,Yes
4582,"Selectis Health, Inc.",GBCS,53.48,0.991,1.472,No
4583,"Mercari, Inc.",MCARY,20.75,0.432,0.07,No
4584,IQVIA Holdings Inc.,IQV,17.68,0.373,1.003,Yes
4585,Honeywell International Inc.,HON,10.41,0.226,0.657,Yes
4586,Bowhead Specialty Holdings Inc.,BOW,18.09,0.381,0.081,No
4587,First Keystone Corporation,FKYS,17.34,0.366,0.227,Yes
4588,"Life's Time Capsule Services, Inc.",LTCP,67.19,1.198,0.555,Yes
4589,Ameren Illinois Company,AILIM,4.23,0.095,0.174,No
4590,Onity Group Inc.,ONIT,17.63,0.374,0.645,Yes
4591,"BioCryst Pharmaceuticals, Inc.",BCRX,26.75,0.548,0.519,Yes
4592,"Intuitive Surgical, Inc.",ISRG,13.71,0.295,1.185,Yes
4593,Deutsche Lufthansa AG,DLAKY,15.7,0.336,0.994,Yes
4594,Thai Oil Public Company Limited,TOIPY,21.93,0.457,0.381,Yes
4595,B.O.S. Better Online Solutions Ltd.,BOSC,16.02,0.342,1.035,Yes
4596,"Fomento Económico Mexicano, S.A.B. de C.V.",FMX,10.06,0.22,0.057,Yes
4597,DNOW Inc.,DNOW,20.52,0.431,0.974,Yes
4598,Adams (JOHN) Life Corp.,JALC,32.63,0.655,0.035,Yes
4599,Joint Stock Company Kaspi.kz,KSPI,16.76,0.358,1.024,Yes
4600,Aalberts N.V.,AALBF,15.8,0.339,0.936,Yes
4601,Asia Cement (China) Holdings Corporation,AMNTF,13.98,0.302,0.048,Yes
4602,"Zhejiang Expressway Co., Ltd.",ZHEXF,15.55,0.334,0.569,No
4603,Louisiana-Pacific Corporation,LPX,17.6,0.375,1.808,Yes
4604,"American Water Works Company, Inc.",AWK,8.13,0.18,0.11,No
4605,"Burnham Holdings, Inc.",BURCB,3.48,0.079,0.147,No
4606,"Advanced Oxygen Technologies, Inc.",AOXY,95.7,1.587,1.116,Yes
4607,London Stock Exchange Group plc,LSEGY,10.54,0.232,0.58,Yes
4608,Nordicus Partners Corporation,NORD,110.72,1.771,0.976,No
4609,Fair Isaac Corporation,FICO,19.09,0.405,1.593,Yes
4610,ProShares Ultra NVDA,NVDB,27.79,0.571,2.964,Yes
4611,Regenera Insights Inc.,DCTIF,111.83,1.785,3.315,No
4612,Water Oasis Group Limited,WOSSF,29.9,0.61,1.393,No
4613,London Stock Exchange Group plc,LDNXF,11.42,0.25,0.779,Yes
4614,Hua Medicine (Shanghai) Ltd.,HUMDF,56.07,1.046,1.513,Yes
4615,Hydro One Limited,HRNNF,8.0,0.178,0.012,Yes
4616,Cahya Mata Sarawak Berhad,CHYMF,19.96,0.423,0.574,Yes
4617,Mettler-Toledo International Inc.,MTD,12.29,0.269,0.994,Yes
4618,Ameren Illinois Company,AILLM,4.18,0.095,0.074,No
4619,"Allied Resources, Inc.",ALOD,92.48,1.553,0.759,Yes
4620,freenet AG,FRTAF,16.08,0.346,0.36,No
4621,"Arq, Inc.",ARQ,44.7,0.867,2.792,Yes
4622,"PAID, Inc.",PAYD,46.93,0.904,0.512,Yes
4623,Almaden Minerals Ltd.,AAUAF,42.38,0.829,1.483,Yes
4624,Mader Group Limited,MADGF,15.69,0.339,0.706,Yes
4625,"tZERO Group, Inc.",TZROP,69.05,1.244,2.584,Yes
4626,"Vidrala, S.A.",VDRFF,8.64,0.193,0.462,No
4627,Archimedes Tech SPAC Partners II Co.,ATIIU,10.94,0.242,0.541,Yes
4628,"Qingling Motors Co., Ltd.",QGLHF,56.73,1.065,0.548,Yes
4629,MSA Safety Incorporated,MSA,9.84,0.22,0.807,Yes
4630,AIA Group Limited,AAGIY,13.4,0.295,0.018,Yes
4631,Ai-Media Technologies Limited,AINHF,96.23,1.617,0.143,Yes
4632,AmpliPay Group Inc.,APGP,92.74,1.573,1.433,No
4633,Koninklijke Ahold Delhaize N.V.,AHODF,9.95,0.222,0.242,No
4634,Chi Special Acquisition Corp.,GDST,6.45,0.146,0.19,No
4635,Welsis Corp.,WLSS,94.8,1.6,0.875,No
4636,"Alnylam Pharmaceuticals, Inc.",ALNY,25.25,0.531,0.968,Yes
4637,"CCA Industries, Inc.",CAWW,23.91,0.505,0.359,No
4638,"Técnicas Reunidas, S.A.",TNISY,22.91,0.486,0.1,No
4639,PMET Resources Inc.,PMETF,37.74,0.759,1.856,Yes
4640,Ameriwest Critical Metals Inc.,AWLIF,103.65,1.713,1.998,No
4641,"The Baldwin Insurance Group, Inc.",BWIN,26.07,0.547,0.398,Yes
4642,Canadian National Railway Company,CNI,9.2,0.207,0.902,Yes
4643,Science Applications International Corporation,SAIC,12.45,0.276,0.203,No
4644,Haleon plc,HLNCF,8.21,0.185,0.062,Yes
4645,"Verastem, Inc.",VSTM,46.42,0.908,0.051,Yes
4646,Positron Corporation,POSC,34.36,0.701,1.196,Yes
4647,"Aida Engineering, Ltd.",ADERY,9.02,0.203,0.195,No
4648,Hengdeli Holdings Limited,HENGY,43.57,0.862,0.919,Yes
4649,FirstGroup plc,FGROY,18.66,0.405,0.52,Yes
4650,80 Mile Plc,BLLYF,52.38,1.008,1.397,No
4651,Brookfield Corporation,BKAMF,4.3,0.099,0.13,No
4652,Searchlight Resources Inc.,SCLTF,78.06,1.39,0.519,No
4653,Waystar Holding Corp.,WAY,16.2,0.355,0.154,Yes
4654,"Citizens, Inc.",CIA,24.42,0.519,0.33,Yes
4655,ABM Industries Incorporated,ABM,11.21,0.252,0.79,Yes
4656,Life Healthcare Group Holdings Limited,LTGHY,13.15,0.293,0.419,Yes
4657,"Ionis Pharmaceuticals, Inc.",IONS,22.9,0.49,1.012,Yes
4658,GoDaddy Inc.,GDDY,16.68,0.366,1.257,Yes
4659,"Information Services Group, Inc.",III,18.9,0.411,1.048,Yes
4660,"Sionna Therapeutics, Inc.",SION,49.73,0.968,0.888,Yes
4661,"Paychex, Inc.",PAYX,9.46,0.214,0.356,Yes
4662,Astellas Pharma Inc.,ALPMF,12.6,0.281,0.209,No
4663,Ovid Therapeutics Inc.,OVID,65.67,1.217,0.412,Yes
4664,Australis Oil & Gas Limited,ASTTF,76.19,1.369,1.165,Yes
4665,ProShares CoinDesk 20 Crypto ETF,KRYP,24.27,0.518,0.657,Yes
4666,Permanent TSB Group Holdings plc,ILPMF,20.21,0.438,0.219,Yes
4667,"Dazed, Inc.",DAZD,61.88,1.161,2.188,Yes
4668,GBM Resources Limited,GBMRF,111.2,1.823,1.316,No
4669,Roots Corporation,RROTF,17.67,0.387,0.088,Yes
4670,Haydale plc,HDGHF,99.22,1.677,4.503,Yes
4671,"Citizens Bancorp Investment, Inc.",CBTN,7.92,0.181,0.464,Yes
4672,Frasers Centrepoint Trust,FRZCF,15.39,0.341,0.965,Yes
4673,Global Industrial Company,GIC,15.92,0.352,0.724,Yes
4674,China Shineway Pharmaceutical Group Limited,CSWYY,10.83,0.244,0.175,Yes
4675,"Astrana Health, Inc.",ASTH,30.69,0.641,0.996,Yes
4676,"Lucent, Inc.",LUCN,19.67,0.429,0.201,No
4677,Real REMAX Group Inc.,REAX,34.97,0.72,0.12,Yes
4678,Regional Management Corp.,RM,17.54,0.386,0.478,Yes
4679,"Union Bankshares, Inc.",UNB,14.58,0.325,0.103,No
4680,National Stock Yards Company,NSYC,16.55,0.366,0.242,No
4681,Golden Growers Cooperative,GGROU,5.14,0.119,0.284,No
4682,"STAG Industrial, Inc.",STAG,8.75,0.2,0.767,Yes
4683,Redcare Pharmacy NV,SHPPF,74.7,1.357,1.673,Yes
4684,Montea Comm. VA,MONSF,10.06,0.229,0.492,Yes
4685,Cabot Corporation,CBT,13.31,0.299,0.871,Yes
4686,TAL Education Group,TAL,29.2,0.616,0.851,Yes
4687,Ten-League International Holdings Limited,TLIH,47.99,0.948,2.381,Yes
4688,"Syndax Pharmaceuticals, Inc.",SNDX,29.48,0.621,0.106,Yes
4689,Internet Initiative Japan Inc.,IIJIY,16.4,0.364,0.732,Yes
4690,"ServiceNow, Inc.",NOW,21.54,0.468,1.092,Yes
4691,Palamina Corp.,PLMNF,32.74,0.682,1.617,No
4692,COSCO SHIPPING Ports Limited,CSPKY,19.7,0.431,0.238,No
4693,Arianne Phosphate Inc.,DRRSF,44.16,0.885,2.494,Yes
4694,Tidewater Inc.,TDW,22.7,0.492,0.341,Yes
4695,Dollar General Corporation,DG,16.81,0.373,0.053,Yes
4696,"LiveRamp Holdings, Inc.",RAMP,17.18,0.381,1.522,Yes
4697,"The Kansai Electric Power Company, Incorporated",KAEPF,14.61,0.327,0.758,No
4698,Verify Smart Corp.,VSMR,99.89,1.702,2.655,No
4699,Electric Metals (USA) Limited,EMUS,53.42,1.04,1.722,No
4700,Tuya Inc.,TUYA,23.53,0.509,0.824,Yes
4701,"Rave Restaurant Group, Inc.",RAVE,20.7,0.453,0.523,Yes
4702,Grid Metals Corp.,MSMGF,43.41,0.875,0.142,No
4703,AMG Critical Materials N.V.,AMVMF,20.68,0.453,0.604,Yes
4704,"Fulcrum Therapeutics, Inc.",FULC,48.3,0.958,2.919,Yes
4705,Naked Wines plc,NWINF,28.59,0.608,0.374,Yes
4706,Vossloh AG,VOSSF,17.84,0.396,0.686,No
4707,Bang & Olufsen A/S,BGOUF,19.35,0.426,0.238,Yes
4708,"Solesence, Inc.",SLSN,49.64,0.981,1.517,Yes
4709,Continental Aktiengesellschaft,CTTAF,14.24,0.321,0.95,Yes
4710,"Nomura Research Institute, Ltd.",NRILY,13.98,0.315,0.777,Yes
4711,i-80 Gold Corp.,IAUX,32.62,0.685,0.767,Yes
4712,CreateAI Holdings Inc.,TSPH,64.98,1.226,0.977,Yes
4713,Naked Wines plc,MJWNY,47.29,0.944,0.559,Yes
4714,The St. Joe Company,JOE,12.06,0.274,0.972,Yes
4715,HP Inc.,HPQ,16.71,0.373,1.238,Yes
4716,"Ambarella, Inc.",AMBA,24.13,0.524,2.867,Yes
4717,Copper Property CTL Pass Through Trust,CPPTL,6.59,0.154,0.19,Yes
4718,First Graphene Limited,FGPHF,48.46,0.966,0.334,No
4719,"Grand Canyon Education, Inc.",LOPE,13.16,0.299,0.59,Yes
4720,"First Commerce Bancorp, Inc.",CMRB,10.36,0.238,0.157,Yes
4721,Proximus PLC,BGAOY,13.62,0.309,0.331,Yes
4722,The Sage Group plc,SGPYY,15.39,0.347,1.151,Yes
4723,Stockland,STKAF,17.03,0.381,1.801,Yes
4724,Keppel DC REIT,KPDCF,22.63,0.496,0.179,Yes
4725,US Critical Metals Corp.,USCMF,107.75,1.818,0.631,No
4726,"Arlo Technologies, Inc.",ARLO,24.95,0.542,1.709,Yes
4727,Torrid Holdings Inc.,CURV,46.46,0.935,0.378,No
4728,Sonova Holding AG,SONVF,15.97,0.36,1.204,Yes
4729,"Stanley Black & Decker, Inc.",SWK,16.19,0.365,1.01,Yes
4730,Revive Therapeutics Ltd.,RVVTF,91.67,1.614,3.976,No
4731,"Kawasaki Heavy Industries, Ltd.",KWHIF,35.86,0.75,2.149,Yes
4732,"LeonaBio, Inc.",LONA,58.82,1.14,0.765,Yes
4733,Independence Gold Corp.,IEGCF,32.09,0.681,0.9,Yes
4734,Autolus Therapeutics plc,AUTL,43.47,0.886,3.233,Yes
4735,Pioneer Oil and Gas,POGS,54.73,1.075,1.856,Yes
4736,Eagle Plains Resources Ltd.,EGPLF,26.87,0.581,0.54,Yes
4737,Avanti Helium Corp.,ARGYF,78.59,1.437,2.836,No
4738,Associated British Foods plc,ASBFY,9.49,0.22,0.295,Yes
4739,Star Copper Corp.,STCUF,63.18,1.21,0.773,Yes
4740,Silver Hammer Mining Corp.,HAMRF,112.81,1.888,1.604,Yes
4741,"SentinelOne, Inc.",S,20.69,0.46,1.66,Yes
4742,"The Manitowoc Company, Inc.",MTW,23.32,0.513,1.885,Yes
4743,Métropole Télévision S.A.,MTPVY,13.45,0.308,0.552,No
4744,Hexatronic Group AB (publ),HTROF,37.57,0.785,1.092,Yes
4745,DSV A/S,DSDVF,13.53,0.31,0.563,Yes
4746,Opus One Gold Corporation,GFKRF,105.6,1.805,0.852,Yes
4747,"Chewy, Inc.",CHWY,24.5,0.538,0.979,Yes
4748,Harbour Energy plc,PMOIF,18.7,0.42,0.132,Yes
4749,Chow Tai Fook Jewellery Group Limited,CJEWY,18.05,0.406,0.207,Yes
4750,"Church & Crawford, Inc.",CCWF,75.72,1.404,2.799,Yes
4751,"Surge Components, Inc.",SPRS,12.19,0.281,0.327,No
4752,Sartorius Stedim Biotech S.A.,SRTOY,15.69,0.357,0.468,Yes
4753,Embracer Group AB (publ),THQQF,28.1,0.61,1.79,Yes
4754,Tiernan Gold Corp.,RLTWF,25.65,0.562,0.172,Yes
4755,"Enanta Pharmaceuticals, Inc.",ENTA,32.21,0.688,1.183,Yes
4756,Equitech International Corporation,EQTL,64.23,1.236,2.057,Yes
4757,"Ladybug Resource Group, Inc.",LBRG,103.75,1.79,3.592,No
4758,"Wright Investors' Service Holdings, Inc.",IWSH,24.14,0.533,0.656,No
4759,Restaurant Brands International Limited Partnership,RSTRF,9.36,0.219,0.266,Yes
4760,Symbotic Inc.,SYM,35.1,0.745,2.348,Yes
4761,"Kimberly-Clark de México, S. A. B. de C. V.",KCDMF,12.12,0.281,0.205,Yes
4762,Smith & Nephew plc,SNN,12.7,0.294,0.62,Yes
4763,NioCorp Developments Ltd.,NB,37.55,0.791,0.741,Yes
4764,Kistos Holdings Plc,KSTOF,27.49,0.601,0.35,No
4765,Trip.com Group Limited,TCOM,16.55,0.378,0.334,Yes
4766,OTG Acquisition Corp. I,OTGAW,25.96,0.572,2.353,Yes
4767,Phenom Resources Corp.,PHNMF,35.25,0.751,0.32,No
4768,"Priority Technology Holdings, Inc.",PRTHU,20.06,0.453,0.713,Yes
4769,"Doximity, Inc.",DOCS,23.28,0.519,1.713,Yes
4770,"Light & Wonder, Inc.",LNWO,19.61,0.444,1.227,Yes
4771,LY Corporation,YAHOY,13.88,0.322,0.563,Yes
4772,The Connecticut Light and Power Company,CNLTL,5.34,0.128,0.258,Yes
4773,"Sixth Street Specialty Lending, Inc.",TSLX,9.05,0.215,0.493,Yes
4774,"Investview, Inc.",INVU,65.76,1.274,0.631,Yes
4775,ASX Limited,ASXFF,14.81,0.343,0.782,Yes
4776,Oportun Financial Corporation,OPRT,37.39,0.795,0.645,Yes
4777,Takeda Pharmaceutical Company Limited,TKPHF,10.86,0.256,0.399,No
4778,"PhoneX Holdings, Inc.",PXHI,25.74,0.572,0.6,Yes
4779,"Alice Consolidated Mines, Inc.",ACNE,104.27,1.821,3.66,No
4780,Umicore SA,UMICY,22.95,0.516,1.25,Yes
4781,Fresenius Medical Care AG,FMCQF,13.5,0.315,0.767,Yes
4782,Security National Financial Corporation,SNFCA,15.77,0.365,1.215,Yes
4783,"Alpha Pro Tech, Ltd.",APT,14.17,0.33,1.394,Yes
4784,Mapletree Pan Asia Commercial Trust,MPCMF,12.09,0.284,0.465,Yes
4785,IP Group Plc,IPZYF,9.08,0.216,0.38,Yes
4786,Expand Energy Corporation,EXE,11.17,0.264,0.177,No
4787,Knife River Corporation,KNF,17.45,0.402,0.465,Yes
4788,"Lantronix, Inc.",LTRX,30.22,0.663,1.099,Yes
4789,"Salesforce, Inc.",CRM,18.31,0.421,1.112,Yes
4790,Paladin Energy Ltd,PALAF,29.88,0.658,1.647,Yes
4791,Odysight.ai Inc.,ODYS,56.96,1.144,0.494,No
4792,The Toro Company,TTC,11.45,0.271,0.634,Yes
4793,Lumina Metals Corp.,LMCUF,48.54,1.002,,
4794,"Cryoport, Inc.",CYRX,30.93,0.679,2.309,Yes
4795,"Carriage Services, Inc.",CSV,12.2,0.288,0.683,Yes
4796,Zalando SE,ZLNDY,16.4,0.381,0.282,Yes
4797,Cimpress plc,CMPR,19.12,0.439,2.081,Yes
4798,Hamilton Lane Incorporated,HLNE,16.13,0.376,0.709,Yes
4799,"QED Connect, Inc.",QEDN,76.0,1.445,0.318,No
4800,Altarea SCA,ATRRF,8.06,0.194,0.022,Yes
4801,Alimentation Couche-Tard Inc.,ANCTF,9.27,0.222,0.185,Yes
4802,"AppFolio, Inc.",APPF,16.07,0.375,0.962,Yes
4803,"Autodesk, Inc.",ADSK,12.75,0.301,0.925,Yes
4804,The Connecticut Light and Power Company,CNLPM,6.29,0.153,0.375,Yes
4805,Hutchison Port Holdings Trust,HUPHY,17.65,0.41,0.173,Yes
4806,Etruscus Resources Corp.,ETRUF,51.45,1.058,0.511,No
4807,Arcadis NV,ARCAY,22.66,0.517,2.141,Yes
4808,EFG Holding Company S.A.E,EFGZF,6.4,0.156,0.045,No
4809,"Mitsubishi Heavy Industries, Ltd.",MHVIY,25.65,0.58,0.216,No
4810,"Fomento Económico Mexicano, S.A.B. de C.V.",FMXUF,12.92,0.307,0.671,No
4811,"Panacea Life Sciences Holdings, Inc.",PLSH,74.52,1.436,0.32,Yes
4812,Sonova Holding AG,SONVY,12.98,0.309,1.051,Yes
4813,District Copper Corp.,CAXPF,40.1,0.862,0.611,No
4814,FutureTech II Acquisition Corp.,FTIIU,3.78,0.094,0.088,No
4815,"Regional Health Properties, Inc.",RHEPB,22.9,0.525,0.743,Yes
4816,"Hypha Labs, Inc.",FUNI,74.74,1.443,2.003,Yes
4817,Vital Infrastructure Property Trust,NWHUF,13.96,0.332,0.65,Yes
4818,Full Truck Alliance Co. Ltd.,YMM,14.1,0.335,0.357,Yes
4819,Manganese X Energy Corp.,MNXXF,59.04,1.197,0.186,Yes
4820,"Korsana Biosciences, Inc.",KRSA,47.23,0.995,1.527,Yes
4821,Blue Owl Capital Corporation,OBDC,5.86,0.144,0.423,Yes
4822,"Killbuck Bancshares, Inc.",KLIB,15.83,0.374,1.071,No
4823,"Pathfinder Bancorp, Inc.",PBHC,11.34,0.273,0.216,Yes
4824,LSI Industries Inc.,LYTS,18.11,0.424,1.571,Yes
4825,AIA Group Limited,AAIGF,12.39,0.297,0.312,Yes
4826,"First Trust Enhanced Stocks, Bonds & Gold ETF",ESBG,10.48,0.254,0.979,Yes
4827,Zura Bio Limited,ZURA,52.72,1.092,0.993,No
4828,CTS Eventim AG & Co. KGaA,CEVMF,19.84,0.462,0.712,Yes
4829,Abbott Laboratories,ABT,9.76,0.237,0.258,Yes
4830,"Lithia Motors, Inc.",LAD,16.84,0.397,1.701,Yes
4831,"NI Holdings, Inc.",NODK,6.83,0.168,0.413,Yes
4832,The Connecticut Light and Power Company,CNTHN,4.53,0.113,0.342,Yes
4833,"Beta Bionics, Inc.",BBNX,47.79,1.009,3.361,Yes
4834,RF Acquisition Corp III,RFAMU,0.61,0.016,0.071,Yes
4835,Claritev Corporation,CTEV,60.36,1.225,0.494,Yes
4836,NSTAR Electric Company,NSARO,4.16,0.104,0.234,Yes
4837,ReNew Energy Global Plc,RNW,14.78,0.353,1.566,Yes
4838,"Kronos Worldwide, Inc.",KRO,23.02,0.532,1.265,Yes
4839,CTS Eventim AG & Co. KGaA,CEVMY,17.58,0.415,1.689,Yes
4840,Xvivo Perfusion AB (publ),XVIPF,23.66,0.546,0.681,Yes
4841,Rokmaster Resources Corp.,RKMSF,50.99,1.068,0.369,Yes
4842,U.S. GoldMining Inc.,USGO,35.19,0.778,2.137,Yes
4843,Charoen Pokphand Foods Public Company Limited,CHPFF,14.76,0.353,0.211,Yes
4844,Harmonic Inc.,HLIT,20.64,0.483,2.041,Yes
4845,Westports Holdings Berhad,WSTTF,13.53,0.326,0.128,Yes
4846,Hexagon AB (publ),HXGBF,16.83,0.4,1.522,Yes
4847,CAR Group Limited,CRSLF,20.82,0.487,0.061,No
4848,Isuzu Motors Limited,ISUZF,13.56,0.327,0.661,Yes
4849,Kodiak Copper Corp.,KDKCF,31.97,0.717,1.577,Yes
4850,"iRhythm Holdings, Inc.",IRTC,19.64,0.462,1.493,Yes
4851,Republic Digital Acquisition Company,RDAG,1.21,0.031,0.063,Yes
4852,Northern Minerals & Exploration Ltd.,NMEX,78.48,1.523,1.357,Yes
4853,Exco Technologies Limited,EXCOF,9.22,0.227,0.703,Yes
4854,Conduit Holdings Limited,CNDHF,13.45,0.326,0.681,Yes
4855,Archer Aviation Inc.,ACHR,64.95,1.314,4.106,Yes
4856,"Standard Motor Products, Inc.",SMP,12.94,0.315,0.785,Yes
4857,FuelPositive Corporation,NHHHF,70.05,1.397,1.391,Yes
4858,5th Planet Games A/S,IDGAF,73.33,1.448,5.193,Yes
4859,Thermo Fisher Scientific Inc.,TMO,11.45,0.28,0.769,Yes
4860,"FrontView REIT, Inc.",FVR,13.11,0.319,1.044,Yes
4861,Battery X Metals Inc.,BATXF,87.34,1.66,4.246,Yes
4862,"TOR Minerals International, Inc.",TORM,26.88,0.62,0.513,Yes
4863,Nerds on Site Inc.,NOSUF,75.31,1.482,0.39,No
4864,Educational Development Corporation,EDUC,19.43,0.461,1.059,Yes
4865,,GSAC,39.06,0.862,3.59,Yes
4866,Northstar Clean Technologies Inc.,ROOOF,19.79,0.471,0.333,Yes
4867,"First Solar, Inc.",FSLR,25.78,0.6,2.293,Yes
4868,Helium Evolution Incorporated,HEEVF,44.37,0.966,1.137,No
4869,Minehub Technologies Inc.,MHUBF,46.14,0.998,2.018,Yes
4870,Link Real Estate Investment Trust,LKREF,11.39,0.281,0.592,Yes
4871,"Nextdoor Holdings, Inc.",NXDR,22.06,0.521,2.05,Yes
4872,Evergrande Property Services Group Limited,EVGPF,38.77,0.861,0.903,Yes
4873,Elastic N.V.,ESTC,27.08,0.628,1.749,Yes
4874,"Basanite, Inc.",BASA,91.67,1.735,2.108,No
4875,Greenfire Resources Ltd.,GFR,14.84,0.361,0.278,No
4876,Sunny Optical Technology (Group) Company Limited,SNPTF,25.79,0.602,0.808,Yes
4877,"Grupo Posadas, S.A.B. de C.V.",GPSAF,11.33,0.28,0.235,Yes
4878,Silver Spruce Resources Inc.,SSEBF,66.68,1.359,0.64,Yes
4879,"TROOPS, Inc.",TROO,67.64,1.376,4.211,Yes
4880,Central Garden & Pet Company,CENT,12.7,0.313,0.38,Yes
4881,"Smithfield Foods, Inc.",SFD,9.54,0.239,0.516,No
4882,Fredonia Mining Inc.,FREDF,44.69,0.98,0.349,Yes
4883,Timbercreek Financial Corp.,TBCRF,11.59,0.288,0.597,Yes
4884,Coast Entertainment Holdings Limited,ARDLF,34.14,0.777,0.865,No
4885,"Corporación Inmobiliaria Vesta, S.A.B. de C.V.",VESTF,26.37,0.619,0.286,Yes
4886,Eloro Resources Ltd.,ELRRF,33.51,0.766,0.988,Yes
4887,"BRC Group Holdings, Inc.",RILYL,84.97,1.652,0.196,No
4888,U-Haul Holding Company,UHAL,11.75,0.293,1.035,Yes
4889,Huabao International Holdings Limited,HUIHY,18.48,0.448,0.417,No
4890,Sotera Health Company,SHC,17.07,0.416,0.832,Yes
4891,"Yamazaki Baking Co., Ltd.",YMZBY,12.87,0.319,0.423,Yes
4892,"Etsy, Inc.",ETSY,16.86,0.411,1.707,Yes
4893,"Tandem Diabetes Care, Inc.",TNDM,33.03,0.758,1.739,Yes
4894,"Black Stone Minerals, L.P.",BSM,6.69,0.17,0.217,No
4895,Delta Resources Limited,DTARF,30.36,0.704,1.053,Yes
4896,"Casella Waste Systems, Inc.",CWST,9.97,0.251,0.717,Yes
4897,Sportradar Group AG,SRAD,18.83,0.456,0.867,Yes
4898,"Kaanapali Land, LLC",KANP,15.92,0.39,0.386,Yes
4899,AUB Group Limited,AUBBF,14.05,0.347,0.369,Yes
4900,Grounded Lithium Corp.,GRDAF,63.58,1.321,0.286,No
4901,Baijin Life Science Holdings Limited,MNNGF,15.85,0.389,0.035,No
4902,Energyfunders Yield Fund I Llc,ENFD,96.67,1.83,0.149,Yes
4903,Brookfield Infrastructure Corporation,BIPC,14.81,0.365,1.736,Yes
4904,"Ranger Energy Services, Inc.",RNGR,14.94,0.368,0.716,Yes
4905,"Simpson Manufacturing Co., Inc.",SSD,13.72,0.34,1.51,Yes
4906,"Puregold Price Club, Inc.",PGCMF,14.73,0.364,0.316,Yes
4907,TAV Havalimanlari Holding A.S.,TAVHY,15.22,0.375,0.298,Yes
4908,Jericho Energy Ventures Inc.,JROOF,50.35,1.093,1.066,No
4909,Fernhill Corp,FERN,73.31,1.483,2.391,Yes
4910,Akso Health Group,AHG,51.21,1.109,2.275,No
4911,Cadiz Inc.,CDZI,24.69,0.587,1.798,Yes
4912,East Japan Railway Company,EJPRY,8.97,0.228,0.033,Yes
4913,Umicore SA,UMICF,25.04,0.596,1.284,Yes
4914,Crescent Energy Company,CRGY,17.75,0.434,0.464,Yes
4915,BioVaxys Technology Corp.,BVAXF,98.71,1.867,6.008,Yes
4916,NIQ Global Intelligence plc,NIQ,39.58,0.893,0.237,No
4917,"InfuSystem Holdings, Inc.",INFU,30.53,0.712,1.705,Yes
4918,HEXPOL AB (publ),HXPLF,12.27,0.308,0.76,Yes
4919,Cineplex Inc.,CPXGF,13.86,0.345,0.288,Yes
4920,"Grupo Aeroportuario del Sureste, S. A. B. de C. V.",ASR,10.98,0.277,0.185,Yes
4921,Grafton Resources Inc.,GFTFF,50.9,1.109,2.711,Yes
4922,"ADM Endeavors, Inc.",ADMQ,30.02,0.703,1.412,Yes
4923,ITEX Corporation,ITEX,14.76,0.367,0.541,Yes
4924,Hysan Development Company Limited,HYSNY,12.08,0.304,0.62,Yes
4925,"The Pegasus Companies, Incorporated",PEGX,36.57,0.838,2.895,Yes
4926,"FatPipe, Inc.",FATN,86.63,1.699,2.761,Yes
4927,"Promithian Global Ventures, Inc.",PGVI,97.57,1.859,2.765,No
4928,China Petroleum & Chemical Corporation,SNPMF,11.44,0.289,0.787,Yes
4929,"KORU Medical Systems, Inc.",KRMD,23.66,0.57,1.414,Yes
4930,"Outlook Therapeutics, Inc.",OTLK,103.45,1.946,0.46,Yes
4931,Outokumpu Oyj,OUTFF,20.39,0.498,1.161,Yes
4932,WuXi Biologics (Cayman) Inc.,WXIBF,29.17,0.689,1.276,No
4933,"Marchex, Inc.",MCHX,14.38,0.36,1.361,Yes
4934,Metal Sky Star Acquisition Corporation,MSSAF,6.2,0.161,0.092,Yes
4935,Jumbo S.A.,JUMSY,17.75,0.438,1.12,Yes
4936,PT United Tractors Tbk,PUTKF,13.86,0.348,0.149,Yes
4937,"TaskUs, Inc.",TASK,21.43,0.522,1.205,Yes
4938,OTC Markets Group Inc.,OTCM,7.28,0.188,0.547,Yes
4939,"Evolv Technologies Holdings, Inc.",EVLV,34.39,0.8,1.835,Yes
4940,"ANI Pharmaceuticals, Inc.",ANIP,15.47,0.387,0.262,No
4941,Nagarro SE,NGRRF,28.59,0.68,0.501,Yes
4942,"SunHydrogen, Inc.",HYSR,28.75,0.684,1.735,Yes
4943,MGM China Holdings Limited,MCHVF,17.93,0.444,0.951,No
4944,Glori Energy Inc.,GLRI,105.6,1.991,1.0,Yes
4945,Aumann AG,AUUMF,14.02,0.354,0.018,No
4946,CLPS Incorporation,CLPS,21.02,0.516,1.195,Yes
4947,"Spero Therapeutics, Inc.",SPRO,87.1,1.726,4.274,Yes
4948,Core Lithium Ltd,CXOXF,51.21,1.129,0.857,Yes
4949,"Immunic, Inc.",IMUX,32.51,0.765,0.723,Yes
4950,The InterGroup Corporation,INTG,30.27,0.719,0.201,No
4951,"MGE Energy, Inc.",MGEE,9.61,0.248,0.307,Yes
4952,"CalciMedica, Inc.",CALC,79.58,1.616,1.018,Yes
4953,"My City Builders, Inc.",MYCB,91.57,1.799,1.322,Yes
4954,"Betterware de México, S.A.P.I. de C.V.",BWMX,19.46,0.483,1.016,Yes
4955,Pan Pacific International Holdings Corporation,DQJCY,10.65,0.274,0.335,Yes
4956,"Contineum Therapeutics, Inc.",CTNM,33.86,0.796,0.746,Yes
4957,Frasers Logistics & Commercial Trust,FRLOF,9.36,0.242,0.735,Yes
4958,"Mesa Laboratories, Inc.",MLAB,17.82,0.446,0.519,Yes
4959,"BRC Group Holdings, Inc.",RILYP,70.78,1.478,0.013,Yes
4960,"NextCure, Inc.",NXTC,68.09,1.435,2.249,Yes
4961,"HealthWarehouse.com, Inc.",HEWA,22.65,0.557,0.033,Yes
4962,Nevada Sunrise Metals Corporation,NVSGF,52.36,1.159,2.373,Yes
4963,Highland Funds I - Highland Opportunities and Income Fund,HFRO-PA,4.81,0.127,0.318,Yes
4964,Vanquis Banking Group plc,FPLPF,30.01,0.718,0.381,No
4965,"Buyer Group International, Inc.",BYRG,48.57,1.09,2.073,Yes
4966,Electrolux Professional AB (publ),ECTXF,10.81,0.28,0.074,No
4967,Kantra Copper Ltd,HLGVF,24.73,0.606,1.503,Yes
4968,Kantra Copper Ltd,HLGVD,24.73,0.606,1.503,Yes
4969,"UDR, Inc.",UDR,8.1,0.212,0.617,Yes
4970,Charter Hall Social Infrastructure REIT,FKKEF,2.68,0.072,0.015,Yes
4971,"AVITA Medical, Inc.",AVHHL,48.68,1.096,1.652,Yes
4972,Neste Oyj,NTOIY,19.09,0.478,0.24,Yes
4973,Atlas Energy Corp.,CANSF,110.89,2.093,6.183,Yes
4974,The Sage Group plc,SGGEF,12.99,0.334,1.402,Yes
4975,"HighCom Global Security, Inc.",HCGS,56.62,1.245,1.711,No
4976,"Granite City Food & Brewery, Ltd.",GCFB,40.22,0.934,2.696,Yes
4977,McGrath RentCorp,MGRC,8.23,0.216,0.586,Yes
4978,REA Group Limited,RPGRY,13.42,0.345,0.967,Yes
4979,"MetLife, Inc.",MET-PA,3.63,0.097,0.391,Yes
4980,Wacoal Holdings Corp.,WACLY,10.38,0.271,0.154,Yes
4981,SMA Solar Technology AG,SMTGY,25.12,0.618,0.523,Yes
4982,Vuzix Corporation,VUZI,49.21,1.112,2.251,Yes
4983,Trip.com Group Limited,TRPCF,16.1,0.411,0.383,No
4984,Hallador Energy Company,HNRG,29.08,0.706,0.545,Yes
4985,ASOS Plc,ASOMY,18.12,0.459,1.067,Yes
4986,Symrise AG,SYIEF,10.99,0.287,0.446,Yes
4987,FTAI Infrastructure Inc.,FIP,24.35,0.603,2.282,Yes
4988,The Connecticut Light and Power Company,CNPWM,4.63,0.124,0.064,Yes
4989,Hardcore Discoveries Ltd.,MAKAF,71.65,1.515,1.809,Yes
4990,Stinger Resources Inc.,STNRF,42.14,0.978,2.286,Yes
4991,James Hardie Industries plc,JHIUF,18.86,0.477,0.707,Yes
4992,OptimizeRx Corporation,OPRX,33.25,0.798,0.997,Yes
4993,Shake Shack Inc.,SHAK,22.11,0.553,1.557,Yes
4994,Green Rain Energy Holdings Inc.,GREH,73.85,1.555,1.113,No
4995,International Paper Company,IP,13.35,0.346,0.672,Yes
4996,RLX Technology Inc.,RLX,13.87,0.359,1.124,Yes
4997,United Energy Corp.,UNRG,49.14,1.117,2.518,Yes
4998,Denali Therapeutics Inc.,DNLI,22.61,0.565,1.461,Yes
4999,"Freedom Financial Holdings, Inc.",FDVA,5.81,0.156,0.253,Yes
5000,Tecnoglass Holdings Inc.,TGLS,13.08,0.34,0.574,Yes
5001,Melrose Industries PLC,MLSPF,14.82,0.382,1.785,Yes
5002,"The Marketing Alliance, Inc.",MAAL,16.16,0.415,0.144,No
5003,FGI Industries Ltd.,FGI,38.18,0.902,3.452,Yes
5004,"Blend Labs, Inc.",BLND,33.86,0.813,1.845,Yes
5005,Aeroports de Paris SA,AEOXF,11.9,0.311,0.703,Yes
5006,Fibra UNO,FBASF,10.96,0.288,0.115,Yes
5007,Regency Centers Corporation,REGCO,4.92,0.133,0.318,Yes
5008,"PROG Holdings, Inc.",PRG,17.8,0.455,1.617,Yes
5009,West High Yield (W.H.Y.) Resources Ltd.,WHYRF,25.65,0.637,0.369,Yes
5010,"Homeland Safety International, Inc.",HSFI,78.61,1.644,1.936,Yes
5011,Lafayette Digital Acquisition Corp. I,ZKPU,0.52,0.014,0.026,No
5012,Li-FT Power Ltd.,LIFFF,31.65,0.771,1.906,Yes
5013,"Puig Brands, S.A.",PUGBY,11.65,0.307,0.315,Yes
5014,"Amadeus IT Group, S.A.",AMADY,8.98,0.239,0.688,Yes
5015,Calfrac Well Services Ltd.,CFWFF,14.46,0.377,0.64,No
5016,Genesco Inc.,GCO,25.56,0.637,2.289,Yes
5017,Questerre Energy Corporation,QTEYF,31.25,0.763,0.237,Yes
5018,Inventiva S.A.,IVA,31.39,0.766,0.155,Yes
5019,Terumo Corporation,TRUMY,9.51,0.253,0.466,Yes
5020,"CareView Communications, Inc.",CRVW,46.58,1.082,0.668,Yes
5021,Euro Tech Holdings Company Limited,CLWT,14.01,0.368,0.436,Yes
5022,Hi Sun Technology (China) Limited,HISNF,54.47,1.235,1.239,No
5023,"Whitehawk Therapeutics, Inc.",WHWK,26.12,0.654,1.491,Yes
5024,"Rakuten Group, Inc.",RKUNF,14.8,0.388,1.425,Yes
5025,American Copper Development Corporation,ACDXF,50.82,1.167,0.312,Yes
5026,BrandPilot AI Inc.,BPAIF,53.6,1.221,0.368,Yes
5027,Mustang Minerals Limited,MMXLF,43.88,1.032,1.212,Yes
5028,Acacia Research Corporation,ACTG,12.77,0.338,0.814,Yes
5029,Tidewater Midstream and Infrastructure Ltd.,TWMIF,30.56,0.755,0.207,No
5030,"e.l.f. Beauty, Inc.",ELF,32.85,0.805,3.256,Yes
5031,H2O America,HTO,6.78,0.184,0.308,No
5032,Outdoor Holding Company,POWW,28.48,0.71,0.649,No
5033,Ramsay Health Care Limited,RMYHY,12.59,0.334,0.084,Yes
5034,"Weis Markets, Inc.",WMK,9.82,0.264,0.121,No
5035,Archer-Daniels-Midland Company,ADM,10.01,0.269,0.501,Yes
5036,Vimian Group AB (publ),VIMGF,15.52,0.408,0.392,No
5037,Kambi Group plc,KMBIF,17.02,0.445,0.86,Yes
5038,"Amplitude, Inc.",AMPL,20.65,0.533,1.559,Yes
5039,"Capcom Co., Ltd.",CCOEF,15.13,0.399,0.463,Yes
5040,Immuneering Corporation,IMRX,52.65,1.213,2.634,Yes
5041,Northern Data AG,NDTAF,66.76,1.473,0.975,Yes
5042,,GCAND,94.34,1.927,2.387,No
5043,"Trafalgar International, Inc.",GCAN,94.34,1.927,2.387,No
5044,"Sonos, Inc.",SONO,17.78,0.465,2.233,Yes
5045,"Brite-Strike Tactical Illumination Products, Inc.",BSTK,35.96,0.878,0.716,Yes
5046,Bilibili Inc.,BILI,23.77,0.607,0.291,Yes
5047,ComfortDelGro Corporation Limited,CDGLY,12.85,0.343,0.414,No
5048,Bayer Aktiengesellschaft,BAYRY,15.63,0.413,0.455,No
5049,RHÖN-KLINIKUM Aktiengesellschaft,RKAGY,12.56,0.337,0.517,No
5050,Adacel Technologies Limited,AELTF,106.35,2.114,1.875,Yes
5051,Hutchison Telecommunications Hong Kong Holdings Limited,HUTCY,11.84,0.318,0.246,No
5052,FutureFuel Corp.,FF,17.8,0.467,0.567,Yes
5053,The Star Entertainment Group Limited,EHGRF,72.93,1.588,1.79,No
5054,"NetEase, Inc.",NETTF,16.17,0.428,1.421,Yes
5055,GrainCorp Limited,GRCLF,13.6,0.364,0.454,Yes
5056,Microbot Medical Inc.,MBOT,31.17,0.778,0.034,No
5057,Motorsport Games Inc.,MSGM,38.95,0.946,0.012,No
5058,Neste Oyj,NTOIF,20.66,0.537,0.127,Yes
5059,"Solaria Energía y Medio Ambiente, S.A.",SEYMF,59.7,1.355,1.103,No
5060,"The Kansai Electric Power Company, Incorporated",KAEPY,13.42,0.359,0.458,No
5061,"SunCoke Energy, Inc.",SXC,17.69,0.466,0.795,Yes
5062,ADENTRA Inc.,HDIUF,14.5,0.387,1.14,Yes
5063,Carlsberg A/S,CABGY,9.87,0.269,0.22,Yes
5064,Vanguard Target Maturity 2031 Corporate Bond ETF,VBCE,0.51,0.015,0.061,Yes
5065,American Tower Corporation,AMT,9.56,0.261,0.685,Yes
5066,Mineral Resources Limited,MALRF,27.27,0.693,1.903,Yes
5067,Silver Bullet Mines Corp.,SBMCF,20.2,0.527,0.267,Yes
5068,JX Luxventure Group Inc.,JXG,63.73,1.432,1.008,Yes
5069,NeuroSense Therapeutics Ltd.,NRSN,61.4,1.39,4.97,Yes
5070,GeoPark Limited,GPRK,13.19,0.355,0.444,Yes
5071,Foxtons Group plc,FXTGY,28.24,0.716,1.972,No
5072,"Vir Biotechnology, Inc.",VIR,20.87,0.544,1.715,Yes
5073,Surge Battery Metals Inc.,NILIF,34.62,0.857,1.68,Yes
5074,"RideNow Group, Inc.",RDNW,35.96,0.887,1.221,Yes
5075,Edge Total Intelligence Inc.,UNFYF,44.7,1.07,1.171,Yes
5076,Enstar Group Limited,ESGRF,6.41,0.178,0.172,Yes
5077,"MapLight Therapeutics, Inc.",MPLT,46.67,1.111,2.574,Yes
5078,"Advanced Drainage Systems, Inc.",WMS,13.78,0.371,1.181,Yes
5079,Liberty Global Ltd.,LBTYA,12.85,0.347,0.657,Yes
5080,"ATN International, Inc.",ATNI,24.14,0.624,0.509,Yes
5081,Netcompany Group A/S,NTCYF,11.7,0.318,0.252,No
5082,Metropolitan Bank & Trust Company,MTPOY,15.46,0.414,0.567,No
5083,Southern Arc Minerals Inc.,SARMF,38.76,0.952,2.107,No
5084,NV Bekaert SA,BEKSF,4.26,0.12,0.139,Yes
5085,ASX Limited,ASXFY,10.82,0.296,0.503,Yes
5086,"AutoZone, Inc.",AZO,9.48,0.261,0.292,Yes
5087,Brookfield Renewable Partners L.P.,BEP-PA,6.69,0.187,0.767,Yes
5088,Arthur J. Gallagher & Co.,AJG,9.5,0.262,0.192,Yes
5089,"TWFG, Inc.",TWFG,15.22,0.41,0.178,Yes
5090,The Connecticut Light and Power Company,CNLTP,4.33,0.122,0.37,Yes
5091,Belden Inc.,BDC,13.5,0.367,1.078,Yes
5092,"Maui Land & Pineapple Company, Inc.",MLP,11.21,0.308,0.898,Yes
5093,Homasote Company,HMTC,19.72,0.524,0.496,Yes
5094,"Minerva Neurosciences, Inc.",NERV,41.85,1.024,0.987,Yes
5095,Pelthos Therapeutics Inc.,PTHS,87.25,1.862,3.046,Yes
5096,Kentucky First Federal Bancorp,KFFB,10.33,0.286,0.089,Yes
5097,Revium Rx.,RVRC,50.29,1.199,0.244,Yes
5098,"Air Products and Chemicals, Inc.",APD,8.54,0.238,0.297,Yes
5099,"Art's-Way Manufacturing Co., Inc.",ARTW,20.83,0.553,1.167,Yes
5100,Ping An Healthcare and Technology Company Limited,PIAHY,70.43,1.581,0.626,Yes
5101,Meritage Homes Corporation,MTH,15.28,0.415,1.252,Yes
5102,Allegheny & Western Railway Co.,AWRY,3.42,0.098,0.158,Yes
5103,Bank of America Corporation,BML-PG,3.1,0.089,0.275,Yes
5104,Langham Hospitality Investments Limited,LMMHF,57.19,1.339,1.013,Yes
5105,"Amadeus IT Group, S.A.",AMADF,9.58,0.267,0.943,Yes
5106,Parkway Life Real Estate Investment Trust,PRKWF,9.55,0.266,0.785,Yes
5107,"1stdibs.Com, Inc.",DIBS,20.03,0.536,0.033,No
5108,"Intellinetics, Inc.",INLX,20.87,0.556,0.684,Yes
5109,"Atlanta Braves Holdings, Inc.",BATRB,13.11,0.361,0.297,Yes
5110,abrdn Asia-Pacific Income Fund VCC,ABAKF,5.1,0.145,0.087,Yes
5111,Autoneum Holding AG,ATNNF,9.48,0.265,0.025,No
5112,California Water Service Group,CWT,6.2,0.176,0.267,No
5113,Covestro AG,CVVTF,7.56,0.214,0.3,Yes
5114,Italian Food & Beverage Corp.,IFBC,27.36,0.714,0.752,No
5115,"Dollar Tree, Inc.",DLTR,12.74,0.352,0.475,Yes
5116,Aumovio SE,AMVOY,15.99,0.437,1.706,Yes
5117,Fortescue Ltd,FSUMF,11.64,0.324,0.703,Yes
5118,"Summit Hotel Properties, Inc.",INN,12.24,0.34,1.395,Yes
5119,Trainline plc,TNLIF,11.24,0.313,0.498,Yes
5120,"Mundus Group, Inc.",MNDP,28.33,0.738,1.602,Yes
5121,Nickel 28 Capital Corp.,CONXF,15.4,0.422,0.792,Yes
5122,Atha Energy Corp.,SASKF,32.97,0.847,2.798,Yes
5123,PT Perusahaan Gas Negara (Persero) Tbk,PPAAY,13.12,0.364,0.637,Yes
5124,Digital Energy Reserve Inc,WCHS,26.82,0.705,0.941,No
5125,Vericel Corporation,VCEL,15.98,0.438,0.998,Yes
5126,Lumine Group Inc.,LMGIF,16.73,0.458,1.052,Yes
5127,"ZOZO, Inc.",SRTTY,11.27,0.315,0.745,Yes
5128,Soitec SA,SLOIY,45.88,1.128,2.44,Yes
5129,Tecsys Inc.,TCYSF,11.6,0.324,0.703,Yes
5130,Kanzhun Limited,BZ,18.01,0.491,0.454,Yes
5131,Photocure ASA,PHCUF,13.18,0.366,0.216,Yes
5132,"Franklin Electric Co., Inc.",FELE,7.48,0.213,1.042,Yes
5133,"Net Medical Xpress Solutions, Inc.",NMXS,81.1,1.797,2.244,No
5134,RESAAS Services Inc.,RSASF,26.25,0.695,0.184,No
5135,Bayer Aktiengesellschaft,BAYZF,14.99,0.415,0.469,No
5136,Two Harbors Investment Corp.,TWOD,2.02,0.059,0.224,Yes
5137,Magic Empire Global Limited,MEGL,45.08,1.118,0.089,No
5138,"Spectrum Brands Holdings, Inc.",SPB,10.25,0.291,0.506,Yes
5139,King Global Ventures Inc.,KGLDF,26.87,0.713,0.801,No
5140,ZTE Corporation,ZTCOF,24.55,0.658,1.657,Yes
5141,International Paper Company PFD $4,INPAP,10.52,0.298,0.792,Yes
5142,Advantage Energy Ltd.,AAVVF,8.52,0.244,0.377,No
5143,Canada Nickel Company Inc.,CNIKF,17.71,0.487,0.363,Yes
5144,Amcor plc,AMCR,8.27,0.237,0.526,Yes
5145,SMA Solar Technology AG,SMTGF,31.69,0.827,0.572,Yes
5146,Underwood Capital Limited,MMJJF,19.52,0.534,0.09,No
5147,Colruyt Group N.V.,CUYTY,8.73,0.25,0.103,Yes
5148,"Clubhouse Media Group, Inc.",CMGR,46.58,1.157,1.119,No
5149,"Opus Genetics, Inc.",IRD,26.88,0.716,0.243,Yes
5150,KKR & Co. Inc.,KKR-PD,9.54,0.273,0.782,Yes
5151,"The Home Depot, Inc.",HD,8.18,0.236,1.059,Yes
5152,VEEM Ltd,VEEMF,54.27,1.319,0.677,Yes
5153,Los Andes Copper Ltd.,LSANF,23.86,0.645,0.79,Yes
5154,Syensqo SA/NV,SHBBF,13.51,0.381,0.543,Yes
5155,"China Dongxiang (Group) Co., Ltd.",CDGXY,16.83,0.468,0.868,Yes
5156,Koppers Holdings Inc.,KOP,13.57,0.383,0.997,Yes
5157,Valaris Limited,VAL,20.92,0.574,0.66,Yes
5158,Coastal Financial Corporation,CCB,16.42,0.459,0.804,Yes
5159,"Pulmatrix, Inc.",PULM,55.19,1.343,3.158,Yes
5160,WA1 Resources Ltd,WAORF,17.79,0.495,0.42,Yes
5161,Eregli Demir ve Çelik Fabrikalari T.A.S.,ERELY,11.01,0.315,0.635,Yes
5162,Frontier Energy Limited,FRHYF,45.4,1.144,0.1,No
5163,Aegean Airlines S.A.,AGZNF,9.58,0.276,0.071,No
5164,Callaway Golf Company,CALY,17.5,0.489,0.501,Yes
5165,Eagle Materials Inc.,EXP,12.12,0.346,1.275,Yes
5166,Pandora A/S,PNDZF,16.75,0.47,0.404,Yes
5167,SuperQ Quantum Computing Inc.,QBTQF,74.43,1.717,1.018,Yes
5168,PT Steady Safe Tbk,PTSFF,32.63,0.862,3.16,No
5169,"Jack Henry & Associates, Inc.",JKHY,7.3,0.213,0.143,Yes
5170,Mayne Pharma Group Limited,MAYNF,26.49,0.716,0.841,Yes
5171,Mineral Resources Limited,MALRY,21.5,0.593,1.634,Yes
5172,TeraGo Inc.,TRAGF,29.34,0.786,0.875,Yes
5173,"Zeuus, Inc.",ZUUS,79.5,1.811,1.869,No
5174,Defense Metals Corp.,DFMTF,42.63,1.09,0.322,No
5175,Arcadis NV,ARCVF,14.93,0.423,2.08,Yes
5176,Hutchison Telecommunications Hong Kong Holdings Limited,HTCTF,10.72,0.31,0.139,No
5177,"The Movie Studio, Inc.",MVES,47.33,1.194,1.02,Yes
5178,Bimergen Energy Corporation,BESS,51.35,1.278,0.702,Yes
5179,Symrise AG,SYIEY,9.17,0.267,0.338,Yes
5180,"Helmerich & Payne, Inc.",HP,15.22,0.432,0.352,Yes
5181,WuXi Biologics (Cayman) Inc.,WXXWY,22.76,0.628,0.752,No
5182,Bank of America Corporation,BAC-PE,4.62,0.137,0.636,Yes
5183,Baytex Energy Corp.,BTE,14.51,0.414,0.084,Yes
5184,Aroundtown SA,AANNF,16.79,0.475,1.349,Yes
5185,RADCOM Ltd.,RDCM,13.54,0.389,1.418,Yes
5186,iTech Minerals Ltd,ITMIF,51.56,1.29,0.723,Yes
5187,STLLR Gold Inc.,STLRF,21.33,0.594,0.382,No
5188,Oculis Holding AG,OCS,19.63,0.551,0.367,Yes
5189,KE Holdings Inc.,BEKE,14.54,0.417,0.26,Yes
5190,RELX PLC,RELX,7.19,0.213,0.569,Yes
5191,Centrica plc,CPYYF,9.12,0.268,0.52,No
5192,FirsTime Design Limited,FTDL,51.66,1.296,0.078,No
5193,"OM Holdings International, Inc.",OMHI,46.83,1.194,2.161,No
5194,APA Corporation,APA,14.5,0.417,0.645,No
5195,Ranpak Holdings Corp.,PACK,30.94,0.836,3.915,Yes
5196,Vital Metals Limited,VTMXF,66.5,1.599,1.738,No
5197,OCI N.V.,OCINF,13.57,0.393,0.467,Yes
5198,"Revvity, Inc.",RVTY,12.32,0.359,1.183,Yes
5199,Goldstorm Metals Corp.,GSTMF,31.71,0.86,0.23,No
5200,"Prologis, Inc.",PLDGP,4.8,0.145,0.292,Yes
5201,Marriott Vacations Worldwide Corporation,VAC,15.18,0.439,1.232,Yes
5202,K+S Aktiengesellschaft,KPLUF,10.88,0.321,0.008,No
5203,Bunge Global SA,BG,9.83,0.291,0.385,Yes
5204,"Pacific Health Care Organization, Inc.",PFHO,14.08,0.41,0.262,Yes
5205,Media Way Corp.,MDAW,41.79,1.096,1.184,No
5206,Greenlane Renewables Inc.,GRNWF,45.53,1.18,0.476,Yes
5207,"Consolidated Gold Holdings, Inc.",WGEE,35.62,0.956,0.464,No
5208,ECA Marcellus Trust I,ECTM,15.95,0.461,0.447,Yes
5209,"Saul Centers, Inc.",BFS,5.84,0.176,0.503,Yes
5210,Sanara MedTech Inc.,SMTI,19.24,0.55,1.467,Yes
5211,Siltronic AG,SSLLF,18.74,0.538,2.177,Yes
5212,James Hardie Industries plc,JHX,15.49,0.452,2.364,Yes
5213,AMG GW&K Muni Income ETF,MUNX,1.36,0.042,0.184,Yes
5214,"Mid-America Apartment Communities, Inc.",MAA,6.53,0.198,0.51,Yes
5215,"Carlyle Secured Lending, Inc.",CGBD,6.82,0.207,0.501,Yes
5216,Falcon Gold Corp.,FGLDF,49.54,1.277,0.327,No
5217,"Peloton Interactive, Inc.",PTON,24.93,0.702,1.641,Yes
5218,Lithium Argentina AG,LAR,24.46,0.69,1.948,Yes
5219,Valmet Oyj,VLMTY,8.49,0.256,0.03,Yes
5220,Fatfish Group Limited,FFTTF,37.08,0.999,1.17,Yes
5221,"JD Logistics, Inc.",JDLGF,31.16,0.858,1.312,No
5222,China Resources Land Limited,CRBJY,11.43,0.341,0.074,Yes
5223,Haemonetics Corporation,HAE,18.54,0.537,0.498,Yes
5224,"Topaz Resources, Inc.",TOPZ,114.63,2.471,2.672,Yes
5225,Fresenius Medical Care AG,FMS,10.15,0.304,0.709,Yes
5226,"Freshpet, Inc.",FRPT,19.4,0.56,2.3,Yes
5227,Sangoma Technologies Corporation,SANG,16.67,0.487,1.398,Yes
5228,Atlantic Lithium Limited,ALLIF,37.17,1.006,0.666,Yes
5229,Pigeon Corporation,PGENY,14.72,0.434,0.175,No
5230,"Dynatrace, Inc.",DT,10.43,0.313,1.011,Yes
5231,LifeVantage Corporation,LFVN,24.17,0.69,1.445,Yes
5232,Public Service Company of New Mexico PFD 4.58%,PNMXO,4.84,0.15,0.111,No
5233,Grayscale Decentralized Finance (DeFi) Fund LLC,DEFG,35.1,0.963,3.96,Yes
5234,"Horizon Group Properties, Inc.",HGPI,22.99,0.66,0.166,Yes
5235,Ingredion Incorporated,INGR,6.17,0.19,0.525,Yes
5236,Toews Agility Shares Hedged Risk ETF,HRSK,2.55,0.08,,
5237,Albemarle Corporation,ALB-PA,13.06,0.391,0.873,Yes
5238,S4 Capital plc,SCPPF,29.9,0.838,1.353,Yes
5239,"Aspen Aerogels, Inc.",ASPN,40.15,1.086,4.173,Yes
5240,"GCC, S.A.B. de C.V.",GCWOF,10.13,0.307,1.199,Yes
5241,Usinas Siderúrgicas de Minas Gerais S.A.,USNZY,18.07,0.531,1.933,Yes
5242,"Konica Minolta, Inc.",KNCAY,15.21,0.452,0.471,Yes
5243,Richards Group Inc.,RPKIF,6.38,0.197,0.277,Yes
5244,Dream Industrial Real Estate Investment Trust,DREUF,7.76,0.238,0.993,Yes
5245,"Church & Dwight Co., Inc.",CHD,5.94,0.184,0.396,Yes
5246,Amexdrug Corporation,AXRX,34.29,0.95,0.185,No
5247,Noodles & Company,NDLS,44.56,1.191,1.315,Yes
5248,AirIQ Inc.,AILQF,19.33,0.567,0.275,No
5249,ACT Energy Technologies Ltd.,ACXAF,10.96,0.333,0.186,Yes
5250,Cygnus Metals Limited,CYGGF,29.45,0.832,0.876,Yes
5251,"TETRA Technologies, Inc.",TTI,17.84,0.527,1.237,Yes
5252,"Starstream Entertainment, Inc.",CWLK,37.9,1.039,4.056,Yes
5253,"Electronic Systems Technology, Inc.",ELST,66.53,1.663,3.455,No
5254,Standard Lithium Ltd.,SLI,24.13,0.696,0.847,Yes
5255,China National Building Material Company Limited,CBUMY,16.83,0.5,0.613,Yes
5256,Bunzl plc,BZLFY,7.55,0.233,0.598,Yes
5257,Air Water Inc.,AWTRF,8.86,0.272,0.141,Yes
5258,IDEX Corporation,IEX,7.59,0.234,1.103,Yes
5259,Entra ASA,ENTOF,4.56,0.143,0.228,Yes
5260,Allegiant Travel Company,ALGT,20.68,0.606,1.47,Yes
5261,"OmniAb, Inc.",OABI,38.81,1.064,2.083,Yes
5262,Tiptree Inc.,TIPT,10.02,0.307,0.609,Yes
5263,Lerøy Seafood Group ASA,LYSFF,8.39,0.259,0.471,Yes
5264,"Odyssey Marine Exploration, Inc.",OMEX,69.56,1.731,0.401,Yes
5265,"MonotaRO Co., Ltd.",MONOY,13.92,0.421,1.242,Yes
5266,"RXO, Inc.",RXO,18.31,0.543,2.788,Yes
5267,Mauch Chunk Trust Financial Corp.,MCHT,6.95,0.216,0.023,Yes
5268,The Caldwell Partners International Inc.,CWLPF,13.48,0.408,0.602,Yes
5269,HUHUTECH International Group Inc.,HUHU,28.05,0.803,0.811,No
5270,WisdomTree Trust,WDEF,10.52,0.323,0.502,Yes
5271,Reply S.p.A.,RPYTF,9.46,0.292,0.64,Yes
5272,NRC Group ASA,NNRRF,64.93,1.644,1.206,Yes
5273,Central Garden & Pet Company,CENTA,9.65,0.298,0.343,Yes
5274,Terex Corporation,TEX,13.87,0.42,1.334,Yes
5275,Auris Minerals Limited,AURMF,26.08,0.753,1.992,No
5276,"Sekisui Chemical Co., Ltd.",SKSUY,7.97,0.248,0.363,Yes
5277,"PURE Bioscience, Inc.",PURE,33.65,0.946,0.854,Yes
5278,Woodside Energy Group Ltd,WOPEF,11.24,0.345,0.037,No
5279,Embrace Change Acquisition Corp.,EMCGF,1.35,0.043,0.0,No
5280,XTL Biopharmaceuticals Ltd.,XTLB,57.49,1.492,2.281,Yes
5281,Apyx Medical Corporation,APYX,24.98,0.726,1.359,Yes
5282,Pathfinder Ventures Inc.,RVRVF,73.5,1.819,2.193,No
5283,Australian Agricultural Company Limited,ASAGF,7.27,0.227,0.433,Yes
5284,Grand City Properties S.A.,GRNNF,11.04,0.339,1.525,Yes
5285,"USA Recycling Industries, Inc.",USRI,50.37,1.34,0.687,No
5286,"Sutro Biopharma, Inc.",STRO,35.56,0.995,2.027,Yes
5287,Auckland International Airport Limited,ACKDF,9.79,0.303,0.042,Yes
5288,Cancom SE,CCCMF,5.36,0.169,0.121,Yes
5289,Universal Media Group Inc.,UMGP,60.69,1.564,1.062,Yes
5290,Sonoco Products Company,SON,8.45,0.263,0.083,Yes
5291,Invesco Senior Income Trust,VVR,3.51,0.112,0.232,Yes
5292,Maanshan Iron & Steel Company Limited,MAANF,18.63,0.558,0.481,No
5293,"Telefónica, S.A.",TEFOF,10.07,0.313,0.841,Yes
5294,"Anika Therapeutics, Inc.",ANIK,16.96,0.512,0.188,No
5295,Juventus Football Club S.p.A.,JVTSF,18.34,0.551,1.139,Yes
5296,The Connecticut Light and Power Company,CNLHP,4.81,0.153,0.132,Yes
5297,"KYN Capital Group, Inc.",KYNC,39.69,1.103,2.236,Yes
5298,"Grupo Televisa, S.A.B.",TV,16.31,0.495,1.507,Yes
5299,Soitec SA,SLOIF,42.93,1.18,3.381,Yes
5300,Patriot Gold Corp.,PGOL,39.46,1.1,1.579,No
5301,"National Vision Holdings, Inc.",EYE,20.25,0.607,1.187,Yes
5302,Chow Tai Fook Jewellery Group Limited,CJEWF,14.67,0.45,0.116,No
5303,Wajax Corporation,WJXFF,10.31,0.322,0.334,Yes
5304,Repligen Corporation,RGEN,14.16,0.435,1.175,Yes
5305,Longfor Group Holdings Limited,LNGPF,13.63,0.42,0.468,Yes
5306,VietNam Holding Limited,VNMHF,8.65,0.273,0.59,Yes
5307,Jade Power Trust,TNSTF,56.72,1.502,1.082,Yes
5308,"Tandy Leather Factory, Inc.",TLF,7.15,0.227,0.177,Yes
5309,"PRA Group, Inc.",PRAA,22.48,0.671,1.227,Yes
5310,"LleidaNetworks Serveis Telemàtics, S.A.",LLEIF,15.87,0.487,0.508,No
5311,Bank of America Corporation,BML-PH,3.2,0.104,0.309,Yes
5312,Chemomab Therapeutics Ltd.,CMMB,33.04,0.949,1.893,Yes
5313,BCE Inc.,BCEPF,6.41,0.205,0.167,No
5314,RPX Gold Inc.,RDEXF,21.84,0.655,0.16,Yes
5315,Iluka Resources Limited,ILKAY,16.64,0.51,0.699,Yes
5316,GMV Minerals Inc.,GMVMF,27.36,0.805,1.379,Yes
5317,Pennon Group Plc,PEGRF,12.92,0.402,1.056,Yes
5318,Seeing Machines Limited,SEEMF,24.39,0.726,2.523,Yes
5319,Elior Group SA,ELROF,9.32,0.295,0.29,Yes
5320,"Southern BancShares (N.C.), Inc.",SBNCM,4.79,0.155,0.185,No
5321,Hilton Food Group plc,HLTFF,11.23,0.353,0.78,Yes
5322,AI Artificial Intelligence Ventures Inc.,ESIFF,26.02,0.771,2.076,Yes
5323,"Kansai Paint Co., Ltd.",KSANF,5.3,0.171,0.193,Yes
5324,VistaShares Target 15 TEPRTantrum Contrarian Distribution ETF,TPRY,8.47,0.269,1.182,Yes
5325,Diamcor Mining Inc.,DMIFF,80.82,2.005,2.58,No
5326,Stantec Inc.,STN,8.35,0.266,1.061,Yes
5327,Bri-Chem Corp.,BRYFF,33.52,0.966,1.971,Yes
5328,"Digital Brand Media & Marketing Group, Inc.",DBMM,93.39,2.24,2.332,Yes
5329,"SOHM, Inc.",SHMN,27.12,0.801,1.69,Yes
5330,Union Electric Company,UEPCO,7.33,0.235,0.651,Yes
5331,Pacific Alliance Bank,PFBN,5.46,0.176,0.628,Yes
5332,"NEXON Co., Ltd.",NEXOY,14.52,0.451,0.134,Yes
5333,Terumo Corporation,TRUMF,12.14,0.381,0.984,Yes
5334,Wix.com Ltd.,WIX,23.57,0.708,1.372,Yes
5335,"Tohoku Electric Power Company, Incorporated",TEPCY,10.56,0.334,0.336,No
5336,Heidelberger Druckmaschinen Aktiengesellschaft,HBGRF,17.1,0.527,0.541,Yes
5337,Africa Energy Corp.,HPMCF,39.01,1.108,0.44,No
5338,StoneCo Ltd.,STNE,18.33,0.563,1.004,Yes
5339,Geodrill Limited,GEODF,10.18,0.324,0.747,Yes
5340,JIVA Technologies Inc.,PLTXF,92.85,2.25,1.39,Yes
5341,Kerry Group plc,KRYAF,6.81,0.22,0.236,Yes
5342,Marine Petroleum Trust,MARPS,7.25,0.234,0.183,No
5343,"Titanium Holdings Group, Inc.",TTHG,25.97,0.777,0.295,Yes
5344,DSV A/S,DSDVY,9.62,0.308,0.627,Yes
5345,The Wharf (Holdings) Limited,WARFY,9.69,0.31,0.389,Yes
5346,Reckitt Benckiser Group plc,RBGLY,6.95,0.225,0.223,Yes
5347,Victrex plc,VTXPY,12.25,0.388,1.392,Yes
5348,"Puration, Inc.",PURA,104.5,2.47,0.104,Yes
5349,Sime Darby Berhad,SMEBF,8.78,0.283,0.43,No
5350,Krungthai Card Public Company Limited,KGTHY,14.75,0.464,0.545,Yes
5351,"Fluidra, S.A.",FLUIF,8.1,0.262,0.098,Yes
5352,Kinaxis Inc.,KXSCF,10.79,0.345,0.526,Yes
5353,Genuine Marketing Group Inc.,GMGZ,38.1,1.097,0.103,Yes
5354,Amcor plc,AMCCF,10.0,0.321,0.589,Yes
5355,Oxford Nanopore Technologies plc,ONTTF,24.57,0.745,1.729,Yes
5356,"Silverton Adventures, Inc.",SVAD,34.44,1.007,1.452,Yes
5357,U-Haul Holding Company,UHAL-B,8.88,0.287,0.906,Yes
5358,RELX PLC,RLXXF,7.41,0.241,0.58,Yes
5359,"AVITA Medical, Inc.",RCEL,35.47,1.035,2.187,Yes
5360,Ainsworth Game Technology Limited,AINSF,11.99,0.383,0.041,No
5361,Ingenia Communities Group,INGEF,18.57,0.578,1.384,Yes
5362,DEXUS,DEXSF,8.43,0.274,0.731,Yes
5363,EssilorLuxottica Société anonyme,ESLOY,7.05,0.23,0.527,Yes
5364,"NerdWallet, Inc.",NRDS,13.7,0.436,0.955,Yes
5365,"FitLife Brands, Inc.",FTLF,15.42,0.488,0.673,No
5366,"Global Seafood Technologies, Inc.",GSFD,19.16,0.597,0.367,No
5367,"American Eagle Outfitters, Inc.",AEO,15.16,0.48,1.185,Yes
5368,Nestlé (Malaysia) Berhad,NSLYF,9.86,0.319,0.323,No
5369,"Daiwa House Industry Co., Ltd.",DWAHY,5.92,0.195,0.018,No
5370,NV Bekaert SA,BEKAY,7.83,0.257,0.57,Yes
5371,"Alkami Technology, Inc.",ALKT,12.14,0.391,1.34,Yes
5372,Weatherford International plc,WFRD,12.37,0.398,1.233,Yes
5373,Obocon Inc.,OBCN,32.63,0.972,0.322,No
5374,"Stitch Fix, Inc.",SFIX,24.51,0.753,2.132,Yes
5375,"Rakuten Group, Inc.",RKUNY,11.43,0.37,1.193,Yes
5376,Woodside Energy Group Ltd,WDS,9.05,0.296,0.043,No
5377,"Haverty Furniture Companies, Inc.",HVT,10.23,0.333,1.461,Yes
5378,"Funko, Inc.",FNKO,22.06,0.685,2.695,Yes
5379,PagSeguro Digital Ltd.,PAGS,15.44,0.492,1.152,Yes
5380,Deterra Royalties Limited,DETRF,8.0,0.263,1.166,Yes
5381,Peer to Peer Network,PTOP,51.93,1.451,0.472,No
5382,Mersen S.A.,CBLNY,14.04,0.452,1.63,Yes
5383,"XWELL, Inc.",XWEL,91.01,2.274,0.07,No
5384,"Evolus, Inc.",EOLS,20.68,0.648,2.122,Yes
5385,"Kansai Paint Co., Ltd.",KPTCY,8.27,0.273,0.276,No
5386,"C-Bond Systems, Inc.",CBNT,105.8,2.553,2.189,No
5387,"Manhattan Associates, Inc.",MANH,11.91,0.389,1.081,Yes
5388,"Farmers and Merchants Bancshares, Inc.",FMFG,11.34,0.372,0.311,No
5389,Playmates Toys Limited,PMTYF,24.6,0.766,0.57,No
5390,Asarian Energy Limited,FOSYF,24.8,0.773,0.416,No
5391,Poolbeg Pharma PLC,POLBF,21.86,0.689,1.499,No
5392,WestBond Enterprises Corporation,WBNEF,18.29,0.586,0.256,Yes
5393,OVH Groupe S.A.,OVHFF,22.7,0.714,0.045,Yes
5394,Electreon Wireless Ltd,ELWSF,27.25,0.843,0.288,Yes
5395,"Presurance Holdings, Inc.",PRHI,26.56,0.824,1.748,Yes
5396,Vonovia SE,VNNVF,13.02,0.427,1.384,Yes
5397,"Collegium Pharmaceutical, Inc.",COLL,13.45,0.441,0.9,Yes
5398,"Biodesix, Inc.",BDSX,26.21,0.817,0.215,No
5399,Mongolia Energy Corporation Limited,MOAEY,11.63,0.384,0.313,No
5400,"SandRidge Energy, Inc.",SD,8.39,0.282,0.167,Yes
5401,The Connecticut Light and Power Company,CNLHN,5.22,0.178,0.067,No
5402,"Trupanion, Inc.",TRUP,17.52,0.567,1.47,Yes
5403,Scully Royalty Ltd.,SRL,16.53,0.537,0.12,Yes
5404,"Vital Farms, Inc.",VITL,21.72,0.693,1.357,Yes
5405,Yellow Cake plc,YLLXF,9.47,0.317,0.802,Yes
5406,Yunji Inc.,YJ,27.05,0.845,1.387,Yes
5407,DiDi Global Inc.,DIDIY,11.01,0.367,0.092,Yes
5408,"MIND Technology, Inc.",MIND,28.12,0.877,0.834,No
5409,China Power International Development Limited,CPWIF,4.33,0.149,0.087,Yes
5410,The Awareness Group Inc,TAAG,107.57,2.641,0.897,Yes
5411,"Humanoid, Inc.",HERB,56.68,1.605,6.645,Yes
5412,Rice Acquisition Corporation 3,KRSP,1.08,0.038,0.051,Yes
5413,Tosoh Corporation,TSHXY,13.35,0.443,6.527,Yes
5414,Enigmatig Limited,EGG,30.75,0.954,0.949,Yes
5415,"Industry Source Consulting, Inc.",INSO,103.11,2.568,5.821,Yes
5416,Kohl's Corporation,KSS,18.71,0.608,1.593,Yes
5417,ICL Group Ltd,ICL,10.69,0.36,0.991,Yes
5418,"Hannover House, Inc.",HHSE,27.01,0.853,1.21,No
5419,MGM Resorts International,MGM,8.66,0.295,1.058,Yes
5420,VGP NV,VGPBF,11.23,0.378,1.688,Yes
5421,MediPharm Labs Corp.,MEDIF,15.96,0.527,0.134,No
5422,"Gaming and Leisure Properties, Inc.",GLPI,4.92,0.17,0.481,Yes
5423,"Build-A-Bear Workshop, Inc.",BBW,14.72,0.489,0.931,Yes
5424,BCII Enterprises Inc.,BCII,45.9,1.36,2.104,Yes
5425,Dynamix Corporation III,DNMXU,0.36,0.013,0.045,Yes
5426,K+S Aktiengesellschaft,KPLUY,10.81,0.366,0.112,No
5427,"Yext, Inc.",YEXT,14.29,0.477,1.41,Yes
5428,Tomra Systems ASA,TMRAF,15.34,0.51,1.787,Yes
5429,JBT Marel Corporation,JBTM,8.87,0.303,0.71,Yes
5430,freee K.K.,FREKF,16.49,0.546,0.37,Yes
5431,Kelly Partners Group Holdings Limited,KPGHF,10.7,0.364,1.207,Yes
5432,"Stereo Vision Entertainment, Inc.",SVSN,70.7,1.947,3.649,Yes
5433,Seadrill Limited,SDRL,12.05,0.408,1.079,Yes
5434,"Kestra Medical Technologies, Ltd.",KMTS,16.81,0.558,0.622,Yes
5435,Oneview Healthcare PLC,ONVVF,2.64,0.093,0.131,Yes
5436,Arch Biopartners Inc.,ACHFF,22.87,0.743,1.472,Yes
5437,"Obrascón Huarte Lain, S.A.",OBSJF,12.62,0.428,0.232,Yes
5438,"Smith & Wesson Brands, Inc.",SWBI,11.55,0.393,0.018,Yes
5439,Nine Entertainment Co. Holdings Limited,NNMTF,25.33,0.818,0.094,Yes
5440,"Vemanti Group, Inc.",VMNT,66.77,1.879,3.194,Yes
5441,GBT Technologies Inc.,GTCH,36.38,1.131,0.607,Yes
5442,"Utz Brands, Inc.",UTZ,17.21,0.576,0.239,Yes
5443,Zealand Pharma A/S,ZLDPF,15.31,0.517,1.848,Yes
5444,"Mativ Holdings, Inc.",MATV,24.11,0.786,1.704,Yes
5445,"Remitly Global, Inc.",RELY,15.25,0.515,0.31,Yes
5446,Zai Lab Limited,ZLAB,15.34,0.518,0.153,Yes
5447,"Haverty Furniture Companies, Inc.",HVT-A,10.68,0.368,1.072,Yes
5448,Centaurus Energy Inc.,CTARF,21.16,0.699,1.235,Yes
5449,JetBlue Airways Corporation,JBLU,16.77,0.565,1.766,Yes
5450,"Universal Token, Inc.",UTKN,25.96,0.843,4.017,Yes
5451,NSTAR Electric Company PFD 4.25%,NSARP,3.67,0.131,0.201,Yes
5452,Cohen Circle Acquisition Corp. II,CCIIW,15.42,0.523,1.012,Yes
5453,Big Yellow Group Plc,BYLOF,8.3,0.291,0.854,Yes
5454,Current Water Technologies Inc.,ENPRF,75.65,2.096,1.216,No
5455,"Corporación Inmobiliaria Vesta, S.A.B. de C.V.",VTMX,8.11,0.285,0.511,Yes
5456,"Fluence Energy, Inc.",FLNC,35.23,1.112,3.169,Yes
5457,"Equity LifeStyle Properties, Inc.",ELS,3.71,0.133,0.304,Yes
5458,Itaconix plc,ITXXF,14.54,0.499,0.588,Yes
5459,Elite Express Holding Inc.,ETS,28.52,0.927,4.023,No
5460,InnSuites Hospitality Trust,IHT,16.04,0.548,1.342,Yes
5461,Bachem Holding AG,BCHMF,9.12,0.321,0.374,Yes
5462,"Inpoint Commercial Real Estate Income, Inc.",ICRP,8.25,0.292,0.283,No
5463,Arcturus Therapeutics Holdings Inc.,ARCT,37.78,1.194,3.021,Yes
5464,Devon Energy Corporation,DVN,7.96,0.283,0.266,No
5465,China Travel International Investment Hong Kong Limited,CTVIF,38.28,1.212,0.066,Yes
5466,Konecranes Plc,KNCRF,15.31,0.53,1.686,Yes
5467,The Connecticut Light and Power Company,CNLTN,3.1,0.113,0.305,Yes
5468,"Clearfield, Inc.",CLFD,17.55,0.603,2.428,Yes
5469,"Skkynet Cloud Systems, Inc.",SKKY,25.65,0.854,1.971,Yes
5470,Nifco Inc.,NIFCY,2.07,0.076,0.025,No
5471,"Ingles Markets, Incorporated",IMKTA,7.58,0.272,0.159,Yes
5472,Astellas Pharma Inc.,ALPMY,7.38,0.265,0.402,No
5473,Yanlord Land Group Limited,YLDGY,13.19,0.463,0.404,No
5474,Noah Holdings Limited,NOAH,12.31,0.434,1.083,Yes
5475,"Gestamp Automoción, S.A.",GMPUF,4.39,0.16,0.2,No
5476,China Overseas Property Holdings Limited,CNPPF,17.93,0.619,0.142,No
5477,BYD Company Limited,BYDDY,11.01,0.392,0.878,No
5478,Alpha HPA Limited,ALHPF,16.23,0.566,0.423,Yes
5479,SLR Investment Corp.,SLRC,5.07,0.185,0.488,Yes
5480,Huahui Education Group Limited,HHEGF,39.92,1.275,2.672,Yes
5481,TFI International Inc.,TFII,11.36,0.405,2.203,Yes
5482,"Marcus & Millichap, Inc.",MMI,8.8,0.317,0.977,Yes
5483,"BBX Capital, Inc.",BBXIB,17.4,0.605,0.831,Yes
5484,Seatrium Limited,SMBMF,18.4,0.638,0.134,Yes
5485,Keppel REIT,KREVF,8.57,0.31,0.942,Yes
5486,Robertet SA,RBTEF,4.01,0.148,0.353,No
5487,eDreams ODIGEO S.A.,EDDRF,13.78,0.488,1.354,Yes
5488,Zeon Corporation,ZEOOY,2.16,0.08,0.121,No
5489,Contact Energy Limited,COENF,6.82,0.249,0.359,Yes
5490,"Lulu's Fashion Lounge Holdings, Inc.",LVLU,57.13,1.731,0.335,Yes
5491,Megaworld Corporation,MGAWY,6.77,0.247,0.034,Yes
5492,MindWalk Holdings Corp.,HYFT,27.21,0.914,0.931,Yes
5493,BYD Company Limited,BYDDF,10.91,0.391,0.884,No
5494,Tabcorp Holdings Limited,TABCF,14.99,0.529,0.828,Yes
5495,Trimble Inc.,TRMB,8.57,0.311,1.089,Yes
5496,Carlsberg A/S,CABJF,7.52,0.274,0.476,Yes
5497,DSM-Firmenich AG,DSMFF,7.88,0.287,0.812,Yes
5498,"Lineage Cell Therapeutics, Inc.",LCTX,19.06,0.663,1.497,Yes
5499,Douglas Elliman Inc.,DOUG,24.65,0.839,2.59,Yes
5500,EnerTeck Corporation,ETCK,47.27,1.483,1.131,Yes
5501,"Jerónimo Martins, SGPS, S.A.",JRONF,5.21,0.192,0.119,Yes
5502,Brasnova Energy Materials Inc.,PMDRF,37.15,1.208,1.416,Yes
5503,Blue Owl Capital Inc.,OWL,9.73,0.352,1.269,Yes
5504,,VLAI,83.11,2.344,0.325,Yes
5505,"Innovex International, Inc.",INVX,10.32,0.373,1.313,Yes
5506,CVW Sustainable Royalties Inc.,CVWFF,16.3,0.575,1.088,Yes
5507,Mattr Corp.,MTTRF,12.75,0.456,0.915,Yes
5508,Teijin Limited,TINLY,6.01,0.221,0.138,No
5509,PT Indofood Sukses Makmur Tbk,PIFMY,6.88,0.253,0.657,Yes
5510,FutureCrest Acquisition Corp.,FCRS,1.1,0.042,0.132,Yes
5511,SLB N.V.,SLB,9.0,0.328,0.647,Yes
5512,Integral Acquisition Corporation 1,INTEU,2.65,0.099,0.124,No
5513,"Easterly Government Properties, Inc.",DEA,6.94,0.256,0.914,Yes
5514,"Nippon Paint Holdings Co., Ltd.",NPPHY,13.09,0.471,0.295,No
5515,"Bio-Rad Laboratories, Inc.",BIO,10.74,0.392,1.185,Yes
5516,Earthworks Industries Inc.,EAATF,71.11,2.103,1.238,No
5517,Airports of Thailand Public Company Limited,AIPUY,11.7,0.426,0.954,Yes
5518,"Shanghai Junshi Biosciences Co., Ltd.",SHJBF,24.18,0.837,0.37,Yes
5519,American Airlines Group Inc.,AAL,12.75,0.462,1.442,Yes
5520,Accsys Technologies PLC,ACSYF,8.59,0.317,0.78,Yes
5521,"CBIZ, Inc.",CBZ,15.61,0.559,1.243,Yes
5522,"VPR Brands, LP",VPRB,42.9,1.39,1.2,Yes
5523,"Big Screen Entertainment Group, Inc.",BSEG,44.17,1.425,1.519,No
5524,"Konica Minolta, Inc.",KNCAF,7.92,0.294,0.298,Yes
5525,Windfall Geotek Inc.,WINKF,38.0,1.255,0.777,Yes
5526,GigaMedia Limited,GIGM,4.29,0.162,0.086,No
5527,Killam Apartment REIT,KMMPF,7.13,0.266,1.032,Yes
5528,Zhengye Biotechnology Holding Limited,ZYBT,43.88,1.425,2.536,No
5529,"Compass Minerals International, Inc.",CMP,18.75,0.668,1.621,Yes
5530,"AIFarm, Ltd.",AIFM,40.27,1.324,0.022,No
5531,"Insight Enterprises, Inc.",NSIT,12.14,0.444,1.253,Yes
5532,Organon & Co.,OGN,24.62,0.858,2.621,Yes
5533,"Zions Bancorporation, National Association",ZIONP,4.49,0.17,0.527,Yes
5534,"Kali, Inc.",KALY,18.56,0.662,0.213,Yes
5535,Cambex Corporation,CBEX,18.56,0.662,1.377,No
5536,ZIM Corporation,ZIMCF,18.56,0.662,0.115,Yes
5537,"SheerVision, Inc.",SVSO,18.56,0.662,0.796,Yes
5538,"FluoroPharma Medical, Inc.",FPMI,18.56,0.662,1.216,No
5539,"Simclar, Inc.",SIMC,18.56,0.662,0.206,Yes
5540,Home Bistro Inc.,HBIS,18.56,0.662,0.388,No
5541,Alliance Media Holdings Inc.,ADTR,18.56,0.662,0.261,Yes
5542,"Scoobeez Global, Inc.",SCBZ,18.56,0.662,1.085,Yes
5543,"Integrated Business Systems & Services, Inc.",IBSS,18.56,0.662,1.547,No
5544,Royal Mines and Minerals Corp,RYMM,18.56,0.662,0.388,No
5545,CTPartners Executive Search Inc.,CTPR,18.56,0.662,1.313,Yes
5546,"Imagenetix, Inc.",IAGX,18.56,0.662,0.14,No
5547,National Healthcare Logistics Inc.,NHLG,39.74,1.312,2.882,Yes
5548,Visionstate Corp.,VSSSF,31.47,1.074,0.411,No
5549,Cantex Mine Development Corp.,CTXDF,21.93,0.776,0.158,No
5550,"Amincor, Inc.",AMNCB,76.8,2.267,6.082,No
5551,Scholastic Corporation,SCHL,9.1,0.34,0.664,Yes
5552,"Aardvark Therapeutics, Inc.",AARD,35.32,1.194,3.744,Yes
5553,Verde AgriTech Limited,VNPKF,30.91,1.064,1.855,Yes
5554,Centene Corporation,CNC,15.85,0.578,1.853,Yes
5555,Varex Imaging Corporation,VREX,17.96,0.65,1.365,Yes
5556,"BioAge Labs, Inc.",BIOA,28.75,0.998,0.938,Yes
5557,Dunelm Group plc,DNLMY,7.03,0.266,0.029,No
5558,"Profitable Developments, Inc.",PRDL,41.79,1.386,1.016,Yes
5559,WD-40 Company,WDFC,7.69,0.291,0.502,Yes
5560,Ameren Illinois Company,AILLO,3.03,0.117,0.153,Yes
5561,"aTyr Pharma, Inc.",ATYR,24.24,0.857,0.804,Yes
5562,BICO Group AB (publ),CLLKF,24.09,0.852,1.992,Yes
5563,Metcash Limited,MCSHF,11.4,0.424,0.017,No
5564,Elutia Inc.,ELUT,25.99,0.913,2.427,Yes
5565,Lionsgate Studios Corp.,LION,10.29,0.385,0.276,Yes
5566,"Caris Life Sciences, Inc.",CAI,22.23,0.795,1.089,Yes
5567,Fortescue Ltd,FSUGY,8.37,0.317,0.693,Yes
5568,NOV Inc.,NOV,7.91,0.301,0.472,Yes
5569,"HireQuest, Inc.",HQI,9.32,0.352,1.056,Yes
5570,NUGL Inc.,NUGL,50.18,1.629,2.684,No
5571,SSY Group Limited,LJUIF,7.41,0.282,0.352,Yes
5572,The Descartes Systems Group Inc.,DSGX,6.18,0.237,0.519,Yes
5573,Imerys S.A.,IMYSY,5.92,0.228,0.587,Yes
5574,Semperit Aktiengesellschaft Holding,SEIGY,14.86,0.55,0.086,Yes
5575,"TOYO Co., Ltd.",TOYO,31.07,1.081,3.409,Yes
5576,Carrier Global Corporation,CARR,8.03,0.306,1.176,Yes
5577,Bio-Techne Corporation,TECH,10.95,0.413,1.32,Yes
5578,Insteel Industries Inc.,IIIN,10.45,0.395,0.748,Yes
5579,"JD.com, Inc.",JD,12.54,0.47,0.331,Yes
5580,Bilibili Inc.,BLBLF,15.35,0.569,0.616,No
5581,La-Z-Boy Incorporated,LZB,9.4,0.357,1.433,Yes
5582,Kforce Inc.,KFRC,12.69,0.476,1.614,Yes
5583,"Duolingo, Inc.",DUOL,18.04,0.663,1.985,Yes
5584,Orrön Energy AB (publ),LNDNF,12.35,0.465,0.237,No
5585,Kossan Rubber Industries Bhd,KSRBF,10.86,0.412,0.038,No
5586,Ilika plc,ILIKF,18.7,0.686,2.341,Yes
5587,On Holding AG,ONON,13.3,0.499,2.039,Yes
5588,"Century Communities, Inc.",CCS,11.88,0.449,1.198,Yes
5589,"AXIM Biotechnologies, Inc.",AXIM,43.21,1.451,0.932,No
5590,"Grifols, S.A.",GIFLF,14.66,0.548,0.869,Yes
5591,"Blonder Tongue Laboratories, Inc.",BDRLQ,93.49,2.707,2.364,No
5592,OPmobility SE,PASTF,17.72,0.656,0.609,No
5593,SDI Group plc,SDIIF,17.84,0.661,1.327,Yes
5594,Meteoric Resources Limited,METOF,16.22,0.605,0.62,Yes
5595,"Acumen Pharmaceuticals, Inc.",ABOS,22.53,0.819,2.513,Yes
5596,"Goosehead Insurance, Inc.",GSHD,16.28,0.607,0.652,Yes
5597,Ströer SE & Co. KGaA,SOTDF,9.28,0.357,0.268,Yes
5598,Valeo SE,VLEEY,10.81,0.414,0.96,Yes
5599,Battalion Oil Corporation,BATL,54.02,1.765,0.242,Yes
5600,"AptarGroup, Inc.",ATR,5.55,0.217,0.152,Yes
5601,"Reading International, Inc.",RDIB,20.87,0.767,0.386,No
5602,Vitality Products Inc.,VPRIF,34.68,1.21,1.208,No
5603,The Middleby Corporation,MIDD,10.09,0.387,1.386,Yes
5604,"Guangzhou R&F Properties Co., Ltd.",GZUHF,25.33,0.916,1.374,No
5605,Keurig Dr Pepper Inc.,KDP,5.45,0.214,0.234,Yes
5606,"MCNB Banks, Inc.",MKIN,4.43,0.175,0.008,Yes
5607,Midland Exploration Inc.,MIDLF,15.23,0.574,0.881,Yes
5608,"Manhattan Bridge Capital, Inc.",LOAN,4.33,0.171,0.067,No
5609,Genpact Limited,G,8.63,0.335,0.244,Yes
5610,Proximus PLC,BGAOF,8.0,0.311,0.361,No
5611,Citizens Holding Company,CIZN,7.52,0.293,0.166,Yes
5612,P/F Bakkafrost,BKFKY,7.91,0.308,0.264,Yes
5613,MannKind Corporation,MNKD,13.24,0.505,1.243,Yes
5614,Blue Moon Group Holdings Limited,BLUMY,12.73,0.487,0.511,No
5615,"Baidu, Inc.",BAIDF,13.5,0.516,0.665,Yes
5616,ProShares Ultra PLTR,PLTA,42.92,1.469,1.456,Yes
5617,"Immunovant, Inc.",IMVT,12.15,0.467,1.426,Yes
5618,Elders Limited,EDESY,8.79,0.343,0.477,Yes
5619,"SelectQuote, Inc.",SLQT,31.57,1.127,3.648,Yes
5620,CAR Group Limited,CSXXY,8.4,0.329,1.816,Yes
5621,Akzo Nobel N.V.,AKZOY,8.09,0.317,1.035,Yes
5622,"El Puerto de Liverpool, S.A.B. de C.V.",ELPQF,8.67,0.339,0.597,Yes
5623,Napatech A/S,NPTSF,12.23,0.471,0.943,Yes
5624,West Japan Railway Company,WJRYF,8.47,0.332,0.36,Yes
5625,Centaurus Metals Limited,CTTZF,16.2,0.615,0.588,Yes
5626,GBank Financial Holdings Inc.,GBFH,11.38,0.441,0.335,Yes
5627,ESAB Corporation,ESAB,8.35,0.328,1.11,Yes
5628,Guoco Group Limited,GULRY,11.34,0.441,1.147,Yes
5629,First Atlas Resources Corp.,BTKRF,44.9,1.539,1.76,No
5630,C3 Metals Inc.,CUAUF,28.95,1.051,1.91,No
5631,Celyad Oncology SA,CLYYF,41.09,1.432,2.944,No
5632,MediPal Holdings Corporation,MAHLY,7.18,0.286,0.079,Yes
5633,CARsgen Therapeutics Holdings Limited,CRTHF,22.66,0.846,0.916,No
5634,Air France-KLM SA,AFLYY,12.08,0.471,0.928,Yes
5635,"Nobility Homes, Inc.",NOBH,6.52,0.261,0.094,No
5636,Renforth Resources Inc.,RFHRF,21.5,0.809,0.489,Yes
5637,Unisys Corporation,UIS,22.0,0.826,3.184,Yes
5638,"Gulf West Security Network, Inc.",GWSN,35.63,1.272,1.009,Yes
5639,Consolidated Water Co. Ltd.,CWCO,7.23,0.288,1.168,Yes
5640,Zumiez Inc.,ZUMZ,12.28,0.48,1.147,Yes
5641,Kintor Pharmaceutical Limited,KNTPF,25.67,0.953,2.015,No
5642,Alpha and Omega Semiconductor Limited,AOSL,21.16,0.799,3.677,Yes
5643,Integrated Research Limited,IREHF,13.08,0.511,1.154,Yes
5644,Constellation Software Inc.,CNSWF,7.61,0.305,0.949,Yes
5645,CION Investment Corporation,CION,7.51,0.301,1.036,Yes
5646,"Blue Ridge Bankshares, Inc.",BRBS,8.86,0.353,0.618,Yes
5647,Ardea Resources Limited,ARRRF,18.29,0.701,0.895,Yes
5648,"VWF Bancorp, Inc.",VWFB,4.8,0.195,0.105,No
5649,The Boeing Company,BA,8.1,0.324,1.175,Yes
5650,Lifco AB (publ),LFCBY,8.18,0.328,0.874,Yes
5651,"House of Jane, Inc.",HOJI,32.5,1.184,0.748,No
5652,H&R Real Estate Investment Trust,HRUFF,6.08,0.247,0.629,Yes
5653,Atlas Arteria Limited,MAQAF,8.95,0.359,0.85,Yes
5654,Owens Corning,OC,9.0,0.36,1.382,Yes
5655,Everyday People Financial Corp.,EPFCF,18.04,0.698,1.449,Yes
5656,Leatt Corporation,LEAT,13.47,0.531,0.82,Yes
5657,The Bidvest Group Limited,BDVSY,5.64,0.23,0.301,Yes
5658,Omnia Wellness Inc.,OMWS,25.41,0.958,0.462,Yes
5659,Jardine Cycle & Carriage Limited,JCYCF,6.16,0.251,0.195,Yes
5660,Jadestone Energy plc,JDSEF,19.12,0.74,0.119,Yes
5661,Southern Pacific Resource Corp.,STPJF,26.82,1.008,2.414,No
5662,PT Hanjaya Mandala Sampoerna Tbk,PHJMF,15.99,0.627,1.115,No
5663,STERIS plc,STE,5.13,0.211,0.482,Yes
5664,Pacific Valley Bancorp,PVBK,3.3,0.137,0.254,Yes
5665,"Cracker Barrel Old Country Store, Inc.",CBRL,15.8,0.621,1.109,Yes
5666,"Bresler & Reiner, Inc.",BRER,42.73,1.52,1.21,No
5667,Quaker Chemical Corporation,KWR,8.68,0.352,1.646,Yes
5668,"Landstar System, Inc.",LSTR,5.83,0.239,1.095,Yes
5669,Equatorial S.A.,EQUEY,8.49,0.345,0.254,Yes
5670,DATA Communications Management Corp.,DCMDF,14.5,0.574,0.147,No
5671,Sartorius Aktiengesellschaft,SOAGY,9.43,0.382,0.861,Yes
5672,ThermaFreeze Products Corporation,TZPC,42.24,1.512,0.586,No
5673,COSCIENS Biopharma Inc.,CSCIF,29.75,1.115,2.589,Yes
5674,"Expensify, Inc.",EXFY,20.38,0.792,1.651,Yes
5675,U & I Financial Corp.,UNIF,10.47,0.424,1.172,Yes
5676,MGX Resources Limited,MTGRY,7.89,0.323,0.07,No
5677,VanEck Digital Native Economy ETF,GENZ,4.3,0.179,0.9,Yes
5678,Jutal Offshore Oil Services Limited,JUTOY,16.61,0.658,0.054,Yes
5679,American Homes 4 Rent,AMH,4.4,0.184,0.65,Yes
5680,"Alpha Metallurgical Resources, Inc.",AMR,16.9,0.669,1.115,Yes
5681,hVIVO plc,OPORF,21.63,0.842,0.182,No
5682,Wealth Minerals Ltd.,WMLLF,51.31,1.799,1.58,Yes
5683,North European Oil Royalty Trust,NRT,11.5,0.467,1.347,No
5684,"Heritage NOLA Bancorp, Inc.",HRGG,6.78,0.281,0.015,Yes
5685,Amplify TokenizationTechnology Leaders ETF,TKNQ,6.49,0.269,0.783,Yes
5686,Beijing Enterprises Water Group Limited,BJWTF,11.03,0.45,0.236,No
5687,"Elicio Therapeutics, Inc.",ELTX,31.37,1.181,1.984,Yes
5688,1812 Brewing Company Inc.,KEGS,75.72,2.471,6.332,No
5689,"Forgent Power Solutions, Inc.",FPS,28.03,1.07,3.869,Yes
5690,Vivendi SE,VVVNF,10.1,0.414,0.973,Yes
5691,Logan Energy Corp.,LOECF,8.54,0.353,0.257,No
5692,The Procter & Gamble Company,PG,3.99,0.168,0.351,Yes
5693,"Black Diamond Therapeutics, Inc.",BDTX,18.97,0.75,3.164,Yes
5694,"Brighthouse Financial, Inc.",BHF,7.65,0.317,0.576,Yes
5695,"TAP Real Estate Technologies, Inc.",RWAX,69.14,2.305,4.012,No
5696,EssilorLuxottica Société anonyme,ESLOF,5.69,0.238,0.515,Yes
5697,Sasol Limited,SASOF,17.97,0.717,1.382,No
5698,Vonovia SE,VONOY,8.39,0.348,1.203,Yes
5699,Talos Energy Inc.,TALO,9.34,0.386,0.046,No
5700,Sherritt International Corporation,SHERF,23.83,0.929,0.064,No
5701,Windrock Land Company,WRLC,6.45,0.27,0.902,Yes
5702,Icade,CDMGF,8.17,0.34,0.038,Yes
5703,Copper Standard Resources Inc.,CSRIF,13.31,0.542,1.395,No
5704,Vitalhub Corp.,VHIBF,10.06,0.415,1.102,Yes
5705,Meridian Energy Limited,MDDNF,6.19,0.26,0.645,Yes
5706,Maple Leaf Foods Inc.,MLFNF,7.44,0.311,0.365,No
5707,"Patterson-UTI Energy, Inc.",PTEN,10.56,0.436,0.049,Yes
5708,Bachem Holding AG,BCHMY,7.82,0.326,0.672,Yes
5709,Orexo AB (publ),ORXOF,16.94,0.681,0.871,Yes
5710,Noble Corporation plc,NE,9.35,0.388,0.647,Yes
5711,Deckers Outdoor Corporation,DECK,11.09,0.457,1.374,Yes
5712,Nemetschek SE,NEMTF,9.87,0.409,0.34,Yes
5713,Nexteer Automotive Group Limited,NTXVF,12.4,0.51,0.262,Yes
5714,BlueLinx Holdings Inc.,BXC,13.38,0.548,1.829,Yes
5715,"Seven Bank, Ltd.",SVNBY,7.44,0.312,0.087,No
5716,"Healthcare Solutions Management Group, Inc.",HSMD,26.47,1.03,0.234,Yes
5717,Foremost Clean Energy Ltd.,FMST,58.2,2.032,4.67,Yes
5718,"Zonzia Media, Inc.",ZONX,51.52,1.838,3.141,Yes
5719,Ambu A/S,AMBBY,10.95,0.455,1.563,Yes
5720,Carbon Energy Corporation,CRBO,20.51,0.821,1.723,Yes
5721,Chord Energy Corporation,CHRD,8.49,0.358,0.267,No
5722,"MillerKnoll, Inc.",MLKN,10.01,0.419,1.276,Yes
5723,BTC Development Corp.,BDCI,0.43,0.019,0.06,Yes
5724,Stella-Jones Inc.,STLJF,5.44,0.232,0.053,No
5725,Xinyi Glass Holdings Limited,XYIGY,8.33,0.352,0.09,Yes
5726,"Match Group, Inc.",MTCH,7.07,0.301,0.714,Yes
5727,Federal Screw Works,FSCR,8.9,0.376,0.793,Yes
5728,The Siam Cement Public Company Limited,SCVPY,11.27,0.472,0.807,No
5729,ADSL Holdings Inc.,AMNNF,79.48,2.637,3.422,No
5730,Oatly Group AB,OTLY,19.35,0.784,2.351,Yes
5731,Wacker Neuson SE,WKRCF,6.75,0.288,0.025,No
5732,"MachTen, Inc.",MACT,12.74,0.532,0.774,Yes
5733,Chalice Mining Limited,CGMLF,21.71,0.875,1.758,Yes
5734,Forestar Group Inc.,FOR,9.18,0.39,1.798,Yes
5735,Norwegian Cruise Line Holdings Ltd.,NCLH,11.91,0.501,1.613,Yes
5736,The Gabelli Equity Trust Inc. PFD-G,GAB-PG,2.21,0.097,0.2,Yes
5737,Sunrun Inc.,RUN,20.96,0.851,2.696,Yes
5738,UP Fintech Holding Limited,TIGR,12.23,0.516,0.034,Yes
5739,Luckin Coffee Inc.,LKNCY,10.03,0.428,0.096,Yes
5740,"Planet Fitness, Inc.",PLNT,8.98,0.385,0.623,Yes
5741,Elevra Lithium Limited,SYAXF,22.35,0.908,1.929,Yes
5742,Kenvue Inc.,KVUE,7.49,0.324,0.312,Yes
5743,DLP Resources Inc.,DLPRF,18.87,0.778,1.273,No
5744,"Unifi, Inc.",UFI,9.34,0.403,0.328,Yes
5745,JD Health International Inc.,JDHIF,15.87,0.668,0.346,Yes
5746,iOThree Limited,IOTR,28.58,1.145,3.1,Yes
5747,Agenus Inc.,AGEN,32.31,1.278,1.285,Yes
5748,Technology & Telecommunication Acquisition Corporation,TETUF,2.56,0.114,0.023,No
5749,"Avis Budget Group, Inc.",CAR,15.34,0.649,1.602,Yes
5750,Eutelsat Communications S.A.,ETCMY,38.85,1.506,1.169,No
5751,EnWave Corporation,NWVCF,12.55,0.538,1.441,Yes
5752,McDonald's Corporation,MCD,3.44,0.154,0.013,No
5753,"Innovative Industrial Properties, Inc.",IIPR,8.63,0.377,1.314,Yes
5754,Air France-KLM SA,AFRAF,12.76,0.549,0.075,Yes
5755,Mermaid Maritime Public Company Limited,MMMPF,15.78,0.67,1.99,Yes
5756,PVH Corp.,PVH,11.5,0.499,2.252,Yes
5757,"LENZ Therapeutics, Inc.",LENZ,21.49,0.897,1.787,Yes
5758,Newell Brands Inc.,NWL,17.03,0.725,0.91,Yes
5759,"REMSleep Holdings, Inc.",RMSL,57.54,2.125,0.82,Yes
5760,GD Culture Group Limited,GDC,64.98,2.346,3.321,Yes
5761,Colliers International Group Inc.,CIGI,7.12,0.317,1.152,Yes
5762,Eutelsat Communications S.A.,EUTLF,41.83,1.628,1.391,No
5763,SiteMinder Limited,SDRMF,11.14,0.488,1.823,Yes
5764,Thai Beverage Public Company Limited,TBVPY,4.89,0.22,0.245,Yes
5765,CorVel Corporation,CRVL,7.68,0.342,0.99,Yes
5766,Equifax Inc.,EFX,7.43,0.332,1.206,Yes
5767,"Werner Enterprises, Inc.",WERN,7.74,0.345,1.894,Yes
5768,SM Energy Company,SM,9.95,0.44,0.028,No
5769,Microchip Technology Incorporated,MCHP,10.47,0.462,2.364,Yes
5770,Rakovina Therapeutics Inc.,RKVTF,41.94,1.643,3.87,Yes
5771,Boron One Holdings Inc.,ERVFF,24.77,1.033,1.057,Yes
5772,Northland Power Inc.,NPIFF,7.99,0.357,0.737,Yes
5773,Proteome Sciences plc,PMSNF,41.96,1.645,0.464,No
5774,Select Harvests Limited,SHVTF,8.36,0.373,0.142,No
5775,Indorama Ventures Public Company Limited,INDOY,8.03,0.36,0.144,Yes
5776,Vanguard Target Maturity 2032 Corporate Bond ETF,VBCF,0.37,0.017,0.065,Yes
5777,Total Telcom Inc.,TTLTF,13.64,0.598,0.801,Yes
5778,"COSCO SHIPPING International (Singapore) Co., Ltd.",CSCMY,8.63,0.387,0.262,Yes
5779,DZS Inc.,DZSIQ,58.59,2.194,3.356,Yes
5780,Matador Resources Company,MTDR,7.76,0.351,0.085,Yes
5781,CapitaLand Investment Limited,CLILF,11.36,0.506,1.272,Yes
5782,"Marui Group Co., Ltd.",MAURY,5.89,0.268,0.151,No
5783,"Paradium AI, Inc.",PAAI,40.41,1.611,0.868,Yes
5784,Yalla Group Limited,YALA,9.23,0.415,0.249,No
5785,"Adaptive Ad Systems, Inc.",AATV,23.36,0.992,0.98,No
5786,"Hub Group, Inc.",HUBG,7.75,0.351,1.692,Yes
5787,"Kyndryl Holdings, Inc.",KD,12.95,0.574,2.099,Yes
5788,Lennox International Inc.,LII,6.97,0.317,1.245,Yes
5789,Argo Gold Inc.,ARBTF,14.75,0.651,0.095,Yes
5790,Avoca LLC,AVOA,10.48,0.471,1.682,Yes
5791,Delta Galil Industries Ltd.,DELTF,6.25,0.286,0.084,No
5792,Innate Pharma S.A.,IPHYF,23.97,1.023,0.044,No
5793,"Azio AI Holdings, Inc.",AZIO,75.3,2.711,1.207,Yes
5794,Sega Sammy Holdings Inc.,SGAMY,8.24,0.375,0.236,No
5795,Taboola.com Ltd.,TBLA,10.02,0.455,1.027,Yes
5796,"Kelly Services, Inc.",KELYA,9.16,0.417,1.001,Yes
5797,Herbalife Ltd.,HLF,16.19,0.717,0.095,No
5798,NEC Corporation,NIPNF,13.93,0.622,1.326,Yes
5799,Jushi Holdings Inc.,JUSH,20.33,0.886,0.032,Yes
5800,Banco do Brasil S.A.,BDORY,7.44,0.342,0.241,Yes
5801,Austin Engineering Limited,AUSTF,13.44,0.603,0.312,Yes
5802,AGCO Corporation,AGCO,6.73,0.312,0.716,Yes
5803,PT Vale Indonesia Tbk,PTNDY,14.44,0.647,0.83,Yes
5804,"Broadridge Financial Solutions, Inc.",BR,5.14,0.24,0.674,Yes
5805,DBA Sempra 5.750% Junior Subord,SREA,2.5,0.118,0.498,Yes
5806,Multiplan Empreendimentos Imobiliários S.A.,MLTTY,6.71,0.312,0.442,No
5807,The Gabelli Equity Trust Inc.,GAB-PK,1.93,0.092,0.089,Yes
5808,FUJIFILM Holdings Corporation,FUJIF,5.8,0.271,0.48,Yes
5809,Trend Micro Incorporated,TMICY,9.14,0.422,0.735,Yes
5810,Galan Lithium Limited,GLNLF,20.21,0.892,1.609,Yes
5811,ICTS International N.V.,ICTSF,10.25,0.472,1.077,Yes
5812,AC/DC Battery Metals Inc.,ACDBF,22.32,0.978,0.707,No
5813,"Mystic Holdings, Inc.",MSTH,56.44,2.196,0.913,No
5814,"MasterCraft Boat Holdings, Inc.",MCFT,7.19,0.336,1.2,Yes
5815,Fortrea Holdings Inc.,FTRE,18.37,0.82,2.147,Yes
5816,CHS Inc.,CHSCP,2.42,0.115,0.302,Yes
5817,AAK AB (publ.),ARHUF,6.85,0.321,0.069,No
5818,Fosun International Limited,FOSUF,8.49,0.396,0.127,No
5819,Fortive Corporation,FTV,4.7,0.223,1.012,Yes
5820,Carbon Streaming Corporation,OFSTF,13.24,0.605,1.414,Yes
5821,Ermenegildo Zegna N.V.,ZGN,8.7,0.406,1.553,Yes
5822,SPT Energy Group Inc.,SEGYY,30.66,1.312,0.188,No
5823,Caesarstone Ltd.,CSTE,17.29,0.78,0.926,Yes
5824,"Medical Properties Trust, Inc.",MPT,11.57,0.535,0.758,Yes
5825,LithiumBank Resources Corp.,LBNKF,18.65,0.838,0.136,Yes
5826,"Brown & Brown, Inc.",BRO,5.91,0.28,0.166,Yes
5827,Brunswick Corporation,BC,7.52,0.355,1.845,Yes
5828,Corero Network Security plc,DDOSF,15.54,0.711,1.278,No
5829,Bicara Therapeutics Inc.,BCAX,12.79,0.592,0.816,No
5830,"Douglas Emmett, Inc.",DEI,6.23,0.297,1.213,Yes
5831,Vontier Corporation,VNT,6.55,0.311,1.003,Yes
5832,Greenridge Exploration Inc.,GXPLF,32.01,1.378,7.593,Yes
5833,Sono-Tek Corporation,SOTK,8.82,0.417,0.954,Yes
5834,"FuelCell Energy, Inc.",FCEL,25.86,1.141,4.846,Yes
5835,Sartorius Stedim Biotech S.A.,SDMHF,9.28,0.438,0.892,Yes
5836,Appian Corporation,APPN,11.93,0.557,0.353,Yes
5837,China Overseas Land & Investment Limited,CAOVF,11.15,0.522,0.916,Yes
5838,"Venture Global, Inc.",VG,21.06,0.949,0.251,Yes
5839,"Accel Entertainment, Inc.",ACEL,5.25,0.253,0.924,Yes
5840,LIXIL Corporation,JSGRY,4.86,0.235,0.328,Yes
5841,ABC arbitrage SA,ABCCF,10.08,0.476,0.369,Yes
5842,Thinkific Labs Inc.,THNCF,14.63,0.678,2.448,Yes
5843,"Granite Ridge Resources, Inc.",GRNT,6.74,0.324,0.225,Yes
5844,Saratoga Investment Corp.,SAR,3.62,0.176,0.618,Yes
5845,Yarrow Bioscience Inc,YARW,24.39,1.091,0.729,Yes
5846,Ivanhoe Mines Ltd.,IVPAF,8.43,0.403,1.296,Yes
5847,GE HealthCare Technologies Inc.,GEHC,6.07,0.293,0.767,Yes
5848,"Corsair Gaming, Inc.",CRSR,15.03,0.7,2.529,Yes
5849,Canadian Spirit Resources Inc.,CSPUF,34.87,1.509,4.531,Yes
5850,Tuktu Resources Ltd.,JAMGF,39.95,1.705,1.546,Yes
5851,"Maravai LifeSciences Holdings, Inc.",MRVI,14.44,0.679,2.173,Yes
5852,Ascentage Pharma Group Internat,AAPG,12.74,0.604,0.075,Yes
5853,Mapletree Industrial Trust,MAPIF,4.47,0.219,0.039,Yes
5854,,SGDH,24.1,1.092,1.705,Yes
5855,Berto Acquisition Corp.,TACO,0.62,0.031,0.077,Yes
5856,"Qorvo, Inc.",QRVO,7.95,0.385,1.537,Yes
5857,"Xenetic Biosciences, Inc.",XBIO,12.97,0.615,1.801,Yes
5858,,AQIA,21.05,0.966,0.054,Yes
5859,Birchtech Corp.,BCHT,23.14,1.054,3.647,Yes
5860,Hilton Grand Vacations Inc.,HGV,6.58,0.321,1.62,Yes
5861,"Hachijuni Nagano Bank, Ltd.",HACBY,12.18,0.581,0.147,Yes
5862,Japan Gold Corp.,JGLDF,16.57,0.779,0.487,No
5863,Gold Strategy Inc.,MHIFF,10.58,0.51,0.473,Yes
5864,The Wharf (Holdings) Limited,WARFF,6.89,0.339,0.07,Yes
5865,Devonian Health Group Inc.,DVHGF,22.81,1.052,0.907,No
5866,ManpowerGroup Inc.,MAN,9.87,0.48,0.348,Yes
5867,Ur-Energy Inc.,URG,10.6,0.514,1.459,Yes
5868,"Sanrio Company, Ltd.",SNROF,15.06,0.718,1.247,Yes
5869,Kuehne + Nagel International AG,KHNGY,4.73,0.236,0.338,Yes
5870,Close Brothers Group plc,CBGPF,11.9,0.575,0.53,Yes
5871,"Petco Health and Wellness Company, Inc.",WOOF,23.31,1.078,1.759,Yes
5872,"Hurco Companies, Inc.",HURC,9.35,0.458,1.341,Yes
5873,Check Point Software Technologies Ltd.,CHKP,5.98,0.298,0.422,Yes
5874,Eastman Chemical Company,EMN,5.0,0.251,0.699,Yes
5875,The Gabelli Equity Trust Inc.,GAB-PH,1.9,0.097,0.22,Yes
5876,"Everest Group, Ltd.",EG,4.26,0.215,0.158,Yes
5877,Genel Energy plc,GEGYF,8.71,0.431,0.115,Yes
5878,"The Goldman Sachs Group, Inc.",GS-PA,2.34,0.119,0.336,Yes
5879,CNH Industrial N.V.,CNH,5.94,0.297,0.732,Yes
5880,QDM International Inc.,QDMI,30.41,1.39,1.194,No
5881,"Synbio International, Inc.",SYIN,51.96,2.207,1.917,Yes
5882,"Xeriant, Inc.",XERI,33.58,1.519,2.169,Yes
5883,Elevate Uranium Ltd,ELVUF,18.26,0.881,0.243,Yes
5884,Permianville Royalty Trust,PVL,10.49,0.524,0.008,No
5885,Playtech plc,PYTCF,11.86,0.59,0.471,No
5886,Fosun International Limited,FOSUY,7.88,0.398,0.263,Yes
5887,"Reading International, Inc.",RDI,8.5,0.429,0.474,Yes
5888,Blue Star Gold Corp.,BAUFF,19.12,0.928,0.06,Yes
5889,Trend Micro Incorporated,TMICF,9.54,0.482,0.616,Yes
5890,Cogna Educação S.A.,COGNY,13.99,0.696,1.5,Yes
5891,"Aemetis, Inc.",AMTX,23.33,1.124,0.46,Yes
5892,Transatlantic Mining Corp.,TRRGF,16.03,0.795,0.456,No
5893,Fortitude Gold Corporation,FTCO,8.82,0.451,0.431,Yes
5894,"eFotoXpress, Inc.",EFOT,32.63,1.521,0.293,Yes
5895,"Paycom Software, Inc.",PAYC,9.79,0.5,0.029,No
5896,Bathurst Metals Corp.,BMVVF,15.11,0.756,0.876,Yes
5897,Prada S.p.A.,PRDSF,6.15,0.32,0.068,Yes
5898,Pivotree Inc.,PVTRF,13.42,0.678,0.503,No
5899,"CeriBell, Inc.",CBLL,12.24,0.623,0.946,Yes
5900,Wedgemount Resources Corp.,WDGRF,21.59,1.059,0.554,No
5901,JGC Holdings Corporation,JGCCY,7.97,0.414,0.626,Yes
5902,"The Dixie Group, Inc.",DXYN,15.76,0.793,1.588,Yes
5903,MGM China Holdings Limited,MCHVY,7.06,0.369,0.549,Yes
5904,"Core Natural Resources, Inc.",CNR,8.07,0.42,0.257,Yes
5905,Randstad N.V.,RANJY,7.42,0.387,0.945,Yes
5906,SMC Corporation,SMECF,6.49,0.34,1.137,Yes
5907,ONE Bio Corp.,ONBI,21.26,1.048,1.538,No
5908,Organigram Global Inc.,OGI,9.93,0.513,1.181,Yes
5909,adidas AG,ADDYY,5.89,0.31,1.038,Yes
5910,"Goldman Sachs BDC, Inc.",GSBD,3.95,0.21,0.576,Yes
5911,"American Rebel Holdings, Inc.",AREB,113.78,4.252,9.371,Yes
5912,P/F Bakkafrost,BKFKF,5.78,0.306,0.844,Yes
5913,"SPAR Group, Inc.",SGRP,16.05,0.818,0.126,Yes
5914,Chiron Real Estate Inc.,XRN,5.53,0.294,0.588,Yes
5915,Theralase Technologies Inc.,TLTFF,13.31,0.686,0.579,Yes
5916,Morgan Stanley,MS-PA,1.91,0.104,0.375,Yes
5917,All Things Mobile Analytic Inc.,ATMH,9.47,0.497,0.552,Yes
5918,Bruker Corporation,BRKR,10.03,0.525,1.726,Yes
5919,Iluka Resources Limited,ILKAF,7.43,0.394,0.725,Yes
5920,"Vext Science, Inc.",VEXTF,12.71,0.661,1.137,Yes
5921,"Saia, Inc.",SAIA,9.68,0.511,2.737,Yes
5922,Archer Materials Limited,ARRXF,19.25,0.977,1.151,Yes
5923,"EDP Renewables, S.A.",EDRVF,7.19,0.384,1.169,Yes
5924,Kikkoman Corporation,KIKOY,6.94,0.371,0.283,No
5925,ProFrac Holding Corp.,ACDC,19.88,1.009,2.18,Yes
5926,NZME Limited,NZMEF,4.42,0.239,0.735,No
5927,Elcora Advanced Materials Corp.,ECORF,16.83,0.865,0.653,No
5928,Legend Holdings Corporation,LGNRF,8.85,0.471,0.475,No
5929,Barys Resources Limited,EELFF,14.11,0.735,0.347,No
5930,archTIS Limited,ARHLF,24.94,1.246,0.743,Yes
5931,IMCD N.V.,IMDZF,7.55,0.405,1.905,Yes
5932,Hermès International Société en commandite par actions,HESAF,4.77,0.259,0.928,Yes
5933,Novanta Inc.,NOVT,6.43,0.347,1.571,Yes
5934,Prince Silver Corp.,PRNCF,18.08,0.929,3.731,Yes
5935,TT Electronics plc,TTGPF,10.13,0.538,0.953,Yes
5936,"BrightSpire Capital, Inc.",BRSP,4.48,0.244,0.84,Yes
5937,Momentum Group AB (publ),MMGRF,8.44,0.452,0.86,No
5938,Marvel Discovery Corp.,MARVF,35.72,1.721,0.606,No
5939,"Citius Oncology, Inc.",CTOR,53.03,2.412,4.503,Yes
5940,China Water Affairs Group Limited,CWAFF,5.63,0.306,0.176,No
5941,Kingdee International Software Group Company Limited,KGDEY,10.28,0.548,0.543,Yes
5942,The Berkeley Group Holdings plc,BKGFF,5.06,0.276,0.262,No
5943,Wienerberger AG,WBRBY,6.49,0.352,1.163,Yes
5944,Sunlands Technology Group,STG,19.01,0.98,3.298,Yes
5945,"Gruma, S.A.B. de C.V.",GPAGF,5.56,0.304,0.007,Yes
5946,"Lowe's Companies, Inc.",LOW,4.4,0.241,0.847,Yes
5947,Moncler S.p.A.,MONRF,6.75,0.368,0.542,Yes
5948,"Marsh & McLennan Companies, Inc.",MRSH,3.44,0.191,0.129,Yes
5949,Epsium Enterprise Limited,EPSM,28.54,1.429,1.352,Yes
5950,PolyNovo Limited,CALZF,14.24,0.754,2.822,Yes
5951,Juggernaut Exploration Ltd.,JUGRF,11.87,0.635,0.702,No
5952,ImagineAR Inc.,IPNFF,32.48,1.606,2.762,Yes
5953,"Ashford Hospitality Trust, Inc.",AHT-PF,9.16,0.497,0.569,Yes
5954,"Honda Motor Co., Ltd.",HNDAF,5.18,0.286,0.494,Yes
5955,"ViaDerma, Inc.",VDRM,33.86,1.668,2.447,No
5956,Green Dot Corporation,GDOT,8.18,0.446,0.284,Yes
5957,Embla Medical hf.,OSSFF,4.28,0.238,0.757,Yes
5958,WEX Inc.,WEX,6.27,0.345,0.729,Yes
5959,Pure Capital Solutions Inc.,PCST,4.77,0.265,0.243,Yes
5960,Verbio SE,VBVBF,15.97,0.846,2.006,No
5961,"OBIC Co.,Ltd.",OBICY,6.84,0.377,0.748,Yes
5962,Cookpad Inc.,CKPDY,16.19,0.858,0.641,No
5963,EUDA Health Holdings Limited,EUDA,17.6,0.928,2.98,Yes
5964,"Decentral Life, Inc.",WDLF,15.32,0.816,0.301,No
5965,"indie Semiconductor, Inc.",INDI,15.84,0.842,5.143,Yes
5966,Cogeco Communications Inc.,CGEAF,4.5,0.251,0.018,No
5967,Growthpoint Properties Australia,GRWPF,2.59,0.146,0.225,No
5968,CAE Inc.,CAE,5.46,0.305,0.65,Yes
5969,"Aldeyra Therapeutics, Inc.",ALDX,19.91,1.046,2.97,Yes
5970,AGL Energy Limited,AGLXY,4.84,0.272,0.131,No
5971,"Ameresco, Inc.",AMRC,15.8,0.847,3.463,Yes
5972,Wallbridge Mining Company Limited,WLBMF,11.84,0.645,0.527,Yes
5973,Baird Medical Investment Holdings Limited,BDMD,38.11,1.878,3.158,No
5974,Bitcoin Generation Inc.,BTGN,25.41,1.312,1.372,Yes
5975,Lucid Diagnostics Inc.,LUCD,10.82,0.593,0.406,No
5976,Energous Corporation,WATT,26.92,1.384,1.968,Yes
5977,Mach Natural Resources LP,MNR,4.63,0.262,0.322,No
5978,Beckett's Inc.,BKTSF,26.01,1.35,0.914,Yes
5979,Context Therapeutics Inc.,CNTX,18.82,1.004,0.755,Yes
5980,BOE Varitronix Limited,VARXF,11.36,0.626,0.162,Yes
5981,Alfresa Holdings Corporation,ALFRY,4.12,0.235,0.028,No
5982,Scatec ASA,STECF,6.67,0.376,0.164,Yes
5983,Bechtle AG,BECTY,5.63,0.32,0.478,Yes
5984,"SailPoint, Inc.",SAIL,13.8,0.757,2.157,Yes
5985,Hermès International Société en commandite par actions,HESAY,4.45,0.254,0.858,Yes
5986,China Everbright Limited,CEVIY,6.26,0.355,0.146,No
5987,"Shanghai Pharmaceuticals Holding Co., Ltd",SHPMY,4.53,0.259,0.154,Yes
5988,The Cigna Group,CI,5.3,0.302,0.089,Yes
5989,Sanlorenzo S.p.A.,SNLRF,5.49,0.313,1.077,Yes
5990,Ambu A/S,AMBFF,5.77,0.329,0.175,Yes
5991,Vaso Corporation,VASO,10.68,0.597,0.534,Yes
5992,"NextEra Energy, Inc.",NEE-PS,2.43,0.141,0.223,Yes
5993,The RMR Group Inc.,RMR,4.53,0.261,0.943,Yes
5994,Cresco Labs Inc.,CRLBF,23.13,1.233,0.656,Yes
5995,"Global Water Resources, Inc.",GWRS,5.17,0.297,0.969,Yes
5996,Immatics N.V.,IMTX,11.02,0.618,1.852,Yes
5997,Deutsche Wohnen SE,DTCWY,6.24,0.357,1.352,Yes
5998,Inflection Resources Ltd.,AUCUF,9.87,0.556,0.048,No
5999,NEC Corporation,NECPY,9.9,0.559,1.553,Yes
6000,Water Intelligence plc,WTLLF,6.3,0.361,0.685,Yes
6001,Zephyr Minerals Ltd.,ZPHYF,14.52,0.804,1.248,Yes
6002,Nextech3D.AI Corporation,NEXCF,18.79,1.024,2.879,Yes
6003,EQUATOR Beverage Company,MOJO,14.84,0.824,1.004,Yes
6004,Terrace Energy Corp.,TCRRF,14.82,0.822,0.042,No
6005,Omni Bridgeway Limited,IMMFF,10.68,0.604,0.97,Yes
6006,Genuine Parts Company,GPC,4.87,0.282,0.565,Yes
6007,Bucher Industries AG,BCHHF,4.95,0.287,0.087,No
6008,Xinyi Solar Holdings Limited,XNYIF,12.96,0.728,1.107,Yes
6009,OMRON Corporation,OMRNY,7.91,0.455,1.052,Yes
6010,adidas AG,ADDDF,5.52,0.321,1.022,Yes
6011,FINEOS Corporation Holdings plc,FNCHF,8.2,0.472,0.399,No
6012,Reconnaissance Energy Africa Ltd.,RECAF,14.58,0.817,0.3,Yes
6013,SSP Group plc,SSPPF,6.87,0.398,0.07,No
6014,Driven Brands Holdings Inc.,DRVN,5.96,0.347,0.718,Yes
6015,Vermilion Energy Inc.,VET,7.5,0.435,0.161,No
6016,"Group 1 Automotive, Inc.",GPI,5.2,0.305,0.989,Yes
6017,WiseTech Global Limited,WIGBY,9.33,0.537,1.212,Yes
6018,Xtract One Technologies Inc.,XTRAF,11.53,0.658,2.007,Yes
6019,Brenntag SE,BNTGY,3.96,0.234,0.43,Yes
6020,Tullow Oil plc,TUWOY,13.46,0.766,0.013,No
6021,Silgan Holdings Inc.,SLGN,5.49,0.323,0.632,Yes
6022,Gold Springs Resource Corp.,GRCAF,9.36,0.543,0.476,Yes
6023,BSR Real Estate Investment Trust,BSRTF,3.71,0.221,0.726,Yes
6024,China Education Group Holdings Limited,CEGHF,7.65,0.45,0.152,No
6025,Genix Pharmaceuticals Corporation,GENPF,18.69,1.052,0.781,Yes
6026,"Vycor Medical, Inc.",VYCO,13.17,0.761,0.257,Yes
6027,Asia Pacific Wire & Cable Corporation Limited,APWC,5.45,0.326,0.991,Yes
6028,Pfizer Inc.,PFE,3.29,0.199,0.165,Yes
6029,"Globe Telecom, Inc.",GTMEY,5.37,0.323,0.204,Yes
6030,Taylor Wimpey plc,TWODF,5.41,0.326,0.247,Yes
6031,"Jerónimo Martins, SGPS, S.A.",JRONY,4.45,0.27,0.161,Yes
6032,Ryerson Holding Corporation,RYZ,7.32,0.439,1.171,Yes
6033,"Cue Biopharma, Inc.",CUE,21.01,1.192,2.862,Yes
6034,Healius Limited,PHCRF,12.17,0.718,1.06,Yes
6035,JBS N.V.,JBS,6.31,0.382,1.665,No
6036,"Hanjiao Group, Inc.",HJGP,12.05,0.713,0.163,No
6037,Power REIT,PW,12.61,0.747,0.832,Yes
6038,Commercial National Financial Corporation,CNAF,4.48,0.275,0.71,Yes
6039,Invesco India ETF,IMVP,2.32,0.144,0.471,Yes
6040,"Nature's Sunshine Products, Inc.",NATR,9.29,0.56,0.561,Yes
6041,Wall Financial Corporation,WFICF,1.39,0.087,0.045,Yes
6042,Svenska Cellulosa Aktiebolaget SCA (publ),SCABY,4.94,0.303,0.402,Yes
6043,"W&T Offshore, Inc.",WTI,8.37,0.507,0.387,Yes
6044,Edison International,EIX,5.42,0.333,0.099,No
6045,Braemar Hotels & Resorts Inc.,BHR,9.02,0.547,0.471,Yes
6046,Planet Image International Limited,YIBO,16.53,0.973,3.034,Yes
6047,Tullow Oil plc,TUWLF,13.28,0.792,0.235,Yes
6048,Textron Inc.,TXT,3.44,0.215,0.967,Yes
6049,SBA Communications Corporation,SBAC,5.15,0.319,1.099,Yes
6050,"HeartBeam, Inc.",BEAT,27.08,1.537,1.186,Yes
6051,"EQ Energy Drink, Inc.",EQLB,24.23,1.393,3.104,No
6052,Heineken N.V.,HINKF,4.5,0.281,0.23,Yes
6053,Insulet Corporation,PODD,7.5,0.462,1.164,Yes
6054,Merck KGaA,MKKGY,4.4,0.276,0.919,Yes
6055,Sasol Limited,SSL,8.5,0.523,0.32,No
6056,Organogenesis Holdings Inc.,ORGO,14.42,0.868,1.987,Yes
6057,Grindrod Limited,GRDLY,7.06,0.439,0.114,No
6058,"Weave Communications, Inc.",WEAV,7.79,0.483,1.157,Yes
6059,PLDT Inc.,PHI,3.7,0.234,0.073,No
6060,Orion Digital Corp.,ORIO,13.25,0.807,3.351,Yes
6061,Heineken N.V.,HEINY,4.02,0.255,0.049,No
6062,Merck KGaA,MKGAF,4.63,0.294,0.898,Yes
6063,Kingman Minerals Ltd.,KGSSF,13.26,0.813,1.18,Yes
6064,Digital Core REIT,DGTCF,4.59,0.294,0.492,Yes
6065,Central Japan Railway Company,CJPRY,4.15,0.266,0.244,Yes
6066,Fitz-Gerald Must Have Portfolio ETF,FITZ,2.39,0.155,2.286,Yes
6067,"Sweetgreen, Inc.",SG,14.22,0.876,2.465,Yes
6068,Shimano Inc.,SHMDF,4.91,0.315,0.065,No
6069,"DigitalBridge Group, Inc.",DBRG,7.91,0.502,0.692,Yes
6070,"Lightstone Value Plus REIT V, Inc.",LVVP,5.29,0.34,0.015,Yes
6071,"Haier Smart Home Co., Ltd.",HRSHF,5.69,0.365,0.652,Yes
6072,Compass Diversified,CODI,9.98,0.63,1.155,Yes
6073,Aston Bay Holdings Ltd.,ATBHF,11.32,0.711,2.277,Yes
6074,Israel Acquisitions Corp,ISLUF,2.25,0.147,0.221,Yes
6075,"8x8, Inc.",EGHT,10.1,0.64,2.363,Yes
6076,Southern Company (The) Series 2,SOJD,1.98,0.13,0.58,Yes
6077,Melco International Development Limited,MDEVY,8.05,0.517,0.604,Yes
6078,"Ziff Davis, Inc.",ZD,8.32,0.533,0.729,Yes
6079,Winmark Corporation,WINA,5.44,0.354,0.337,Yes
6080,Aspen Pharmacare Holdings Limited,APNHY,5.53,0.359,0.696,Yes
6081,"Barfresh Food Group, Inc.",BRFH,13.87,0.871,0.883,Yes
6082,Anson Resources Limited,ANSNF,23.43,1.422,1.064,No
6083,"Tilly's, Inc.",TLYS,19.63,1.211,1.458,No
6084,Renault SA,RNLSY,5.26,0.345,0.667,Yes
6085,VICI Properties Inc.,VICI,2.61,0.173,0.559,Yes
6086,"OPKO Health, Inc.",OPK,6.6,0.431,1.099,Yes
6087,Wüstenrot & Württembergische AG,WWUEY,2.95,0.196,0.37,No
6088,"Bonal International, Inc.",BONL,9.24,0.597,1.599,No
6089,"BGSF, Inc.",BGSF,9.18,0.594,0.79,Yes
6090,Microbix Biosystems Inc.,MBXBF,6.77,0.443,0.45,Yes
6091,Grab Holdings Limited,GRAB,4.75,0.315,0.715,Yes
6092,PTT Exploration and Production Public Company Limited,PTXLF,1.85,0.124,0.133,No
6093,Innate Pharma S.A.,IPHA,7.77,0.508,0.953,Yes
6094,"ServiceTitan, Inc.",TTAN,6.86,0.451,0.109,Yes
6095,"SI-BONE, Inc.",SIBN,7.37,0.484,1.241,Yes
6096,"loanDepot, Inc.",LDI,14.22,0.907,3.787,Yes
6097,Agronomics Limited,AGNMF,14.49,0.924,0.683,Yes
6098,Chimeric Therapeutics Limited,CHMMF,15.91,1.01,2.209,Yes
6099,Westrock Coffee Company,WEST,7.73,0.508,1.81,Yes
6100,"Aware, Inc.",AWRE,7.79,0.513,1.748,Yes
6101,Matrix Service Company,MTRX,6.63,0.44,1.164,Yes
6102,Altus Group Limited,ASGTF,4.35,0.293,0.013,Yes
6103,Ryobi Limited,RYBIF,6.78,0.452,0.344,Yes
6104,Eagle Point Income Company,EIC,2.45,0.167,0.688,Yes
6105,Movement Industries Corporation,MVNT,17.23,1.102,2.048,Yes
6106,"Tokyo Electric Power Company Holdings, Incorporated",TKECY,10.03,0.661,0.924,Yes
6107,"Old Dominion Freight Line, Inc.",ODFL,4.61,0.312,1.073,Yes
6108,Pictet Emerging Markets Rising Economies ETF,RISE,1.69,0.116,0.045,Yes
6109,PharmaCielo Ltd.,PCLOF,18.08,1.162,1.112,Yes
6110,SMC Corporation,SMCAY,4.76,0.324,1.079,Yes
6111,Kuehne + Nagel International AG,KHNGF,3.57,0.245,0.451,Yes
6112,Scilex Holding Company,SCLX,21.48,1.366,2.864,Yes
6113,Cargojet Inc.,CGJTF,5.77,0.391,1.494,Yes
6114,Lindsay Corporation,LNN,3.74,0.256,0.25,Yes
6115,"Regeneron Pharmaceuticals, Inc.",REGN,4.93,0.336,0.064,Yes
6116,ZeroStack Corp.,ZSTK,29.88,1.845,3.801,Yes
6117,Cannabis Suisse Corp.,CSUI,20.56,1.318,0.054,No
6118,"SIGA Technologies, Inc.",SIGA,9.44,0.634,1.061,Yes
6119,"WCF Bancorp, Inc.",WCFB,3.35,0.231,0.159,Yes
6120,Sika AG,SXYAY,4.52,0.311,1.17,Yes
6121,"Helix BioMedix, Inc.",HXBM,29.19,1.822,3.314,Yes
6122,"Advance Auto Parts, Inc.",AAP,8.43,0.572,1.194,Yes
6123,Upper Street Marketing Inc.,UPPR,4.5,0.311,0.211,No
6124,"TXO Partners, L.P.",TXO,3.45,0.239,0.07,Yes
6125,FuboTV Inc.,FUBO,22.82,1.462,2.955,Yes
6126,Purepoint Uranium Group Inc.,PTUUF,11.1,0.746,1.127,Yes
6127,Alamo Group Inc.,ALG,5.11,0.352,1.303,Yes
6128,"Gateway Bank, F.S.B.",GWBK,13.61,0.91,0.429,Yes
6129,"New Technology Acquisition Holdings, Inc.",NTAC,32.76,2.039,1.26,No
6130,"CK Life Sciences Int'l., (Holdings) Inc.",CKLSF,5.27,0.366,0.185,No
6131,CapitaLand India Trust,ACNDF,3.57,0.251,0.868,Yes
6132,Pacific Bay Minerals Ltd.,PBMFF,11.58,0.785,0.384,No
6133,SSHT S&T Group Ltd.,SSHT,44.67,2.679,3.297,Yes
6134,boohoo group plc,BHOOY,12.94,0.875,0.304,Yes
6135,Grainger plc,GRGTF,4.67,0.329,0.552,Yes
6136,"Kuraray Co., Ltd.",KURRF,4.39,0.31,0.086,No
6137,"Haier Smart Home Co., Ltd.",HSHCY,4.41,0.312,0.18,Yes
6138,Invitation Homes Inc.,INVH,2.76,0.197,0.829,Yes
6139,"Universal Logistics Holdings, Inc.",ULH,8.07,0.563,0.694,Yes
6140,"Co-Diagnostics, Inc.",CODX,46.58,2.814,5.136,Yes
6141,Caro Holdings Inc.,CAHO,19.84,1.322,0.507,Yes
6142,Centerspace,CSR,4.08,0.29,0.85,Yes
6143,IMCD N.V.,IMCDY,5.2,0.368,1.004,Yes
6144,Chemed Corporation,CHE,3.5,0.25,0.407,Yes
6145,Valvoline Inc.,VVV,4.25,0.303,0.774,Yes
6146,Frontier Nuclear and Minerals Inc.,FNUC,37.98,2.378,3.393,No
6147,Waterdrop Inc.,WDH,5.95,0.423,0.715,Yes
6148,"Affiliated Managers Group, Inc.",MGRE,1.21,0.088,0.4,Yes
6149,Zalando SE,ZLDSF,6.4,0.456,0.007,No
6150,Antiaging Quantum Living Inc.,AAQL,12.06,0.841,0.268,No
6151,"Spectral AI, Inc.",MDAI,11.05,0.775,2.227,Yes
6152,"China High Speed Transmission Equipment Group Co., Ltd.",CHSTY,12.34,0.861,0.518,Yes
6153,Tourmaline Oil Corp.,TRMLF,2.38,0.174,0.238,No
6154,"Allstar Health Brands, Inc.",ALST,13.58,0.947,0.487,No
6155,BioNTech SE,BNTX,5.59,0.405,1.407,Yes
6156,"Seer, Inc.",SEER,6.56,0.473,1.184,Yes
6157,Hapag-Lloyd Aktiengesellschaft,HPGLY,4.64,0.338,0.263,No
6158,"Sundance Strategies, Inc.",SUND,14.49,1.014,1.395,Yes
6159,Ameren Illinois Company PFD 4.20%,AILIP,1.91,0.141,0.141,Yes
6160,"TrueBlue, Inc.",TBI,9.17,0.659,2.797,Yes
6161,Yuanbao Inc.,YB,7.31,0.53,0.454,Yes
6162,Jungheinrich Aktiengesellschaft,JGHAF,4.91,0.361,0.687,No
6163,Shenzhen Investment Limited,SZNTF,7.66,0.558,0.544,Yes
6164,Sodexo S.A.,SDXAY,3.23,0.24,0.254,Yes
6165,Meren Energy Inc.,MRNFF,4.37,0.324,0.153,No
6166,"SMS Co., Ltd.",SMSSY,5.88,0.433,1.15,Yes
6167,CanAlaska Uranium Ltd.,CVVUF,8.97,0.654,0.514,Yes
6168,Nabors Industries Ltd.,NBR,7.97,0.584,0.68,Yes
6169,Zelira Therapeutics Limited,ZLDAF,18.21,1.28,0.163,No
6170,Aon plc,AON,3.0,0.225,0.413,Yes
6171,"Blue Biofuels, Inc.",BIOF,8.66,0.633,0.857,Yes
6172,DLocal Limited,DLO,7.12,0.528,0.78,Yes
6173,"Coupang, Inc.",CPNG,5.2,0.39,0.377,Yes
6174,"ParkVida Group, Inc.",PRKV,13.7,0.99,1.959,Yes
6175,Propel Holdings Inc.,PRLPF,6.78,0.505,2.445,Yes
6176,Sports Entertainment Gaming Global Corporation,SEGG,39.53,2.604,2.952,Yes
6177,Rogers Corporation,ROG,4.7,0.355,1.25,Yes
6178,Amana Developing World ETF,AMEM,3.53,0.269,,
6179,Toyota Boshoku Corporation,TDBOY,2.23,0.172,0.028,No
6180,The Joint Corp.,JYNT,5.09,0.387,0.904,Yes
6181,Reynolds Consumer Products Inc.,REYN,3.27,0.251,0.497,Yes
6182,Karoon Energy Ltd,KRNGF,7.13,0.539,0.15,Yes
6183,"SBIG Holdings, Inc.",SBIG,26.81,1.875,3.072,Yes
6184,"ReposiTrak, Inc.",TRAK,5.39,0.412,1.236,Yes
6185,Senzime AB (publ),SNZZF,6.96,0.528,0.889,Yes
6186,Albemarle Corporation,ALB,6.81,0.517,1.248,Yes
6187,Runway Growth Finance Corp.,RWAYI,0.87,0.068,0.18,Yes
6188,Safestore Holdings Plc,SFSHF,4.53,0.348,1.278,Yes
6189,Envista Holdings Corporation,NVST,4.15,0.321,0.64,Yes
6190,Locafy Limited,LCFY,14.76,1.09,2.416,Yes
6191,Genmab A/S,GNMSF,4.73,0.365,0.772,Yes
6192,Niu Technologies,NIU,8.89,0.673,1.242,No
6193,Prada S.p.A.,PRDSY,3.91,0.303,0.088,Yes
6194,Cleveland-Cliffs Inc.,CLF,7.91,0.602,2.226,Yes
6195,DiaSorin S.p.A.,DSRLF,3.57,0.279,0.325,Yes
6196,Betsson AB (publ),BTSNY,4.02,0.314,0.038,Yes
6197,"Badger Meter, Inc.",BMI,4.16,0.325,0.049,No
6198,"TherapeuticsMD, Inc.",TXMD,8.08,0.62,1.197,Yes
6199,"Ashford Hospitality Trust, Inc.",AHT-PD,6.22,0.483,0.438,Yes
6200,"Ascend Wellness Holdings, Inc.",AAWH,13.34,1.014,0.052,No
6201,"The Hongkong and Shanghai Hotels, Limited",HKSHY,5.8,0.456,0.299,No
6202,M&T Bank Corporation,MTB-PK,0.69,0.055,0.019,No
6203,"Sumitomo Realty & Development Co., Ltd.",SURDF,5.78,0.454,0.16,No
6204,FCL-X Fire & Safety Inc.,FCLIF,9.81,0.758,0.251,Yes
6205,Macarthur Minerals Limited,MMSDF,38.48,2.675,24.945,Yes
6206,American Infrastructure Holding Corporation,CGRA,19.8,1.476,1.984,Yes
6207,"Exyn Technologies, Inc.",EXYNW,28.9,2.088,11.386,No
6208,PDD Holdings Inc.,PDD,6.41,0.508,0.479,Yes
6209,"Synopsys, Inc.",SNPS,4.34,0.348,1.457,Yes
6210,"AleAnna, Inc.",ANNA,18.03,1.368,4.041,No
6211,"Blue Diamond Ventures, Inc.",BLDV,14.61,1.125,1.254,Yes
6212,Alibaba Health Information Technology Limited,ALBHF,8.58,0.68,1.131,Yes
6213,IsoEnergy Ltd.,ISOU,6.37,0.511,1.27,Yes
6214,"International Money Express, Inc.",IMXI,6.63,0.531,1.301,Yes
6215,Bausch Health Companies Inc.,BHC,7.52,0.601,1.018,Yes
6216,PT Sarana Menara Nusantara Tbk.,SMNUF,9.91,0.785,1.788,Yes
6217,Philux Global Group Inc.,PHIL,17.89,1.375,1.762,No
6218,Ethan Allen Interiors Inc.,ETD,3.68,0.302,0.933,Yes
6219,Lear Corporation,LEA,2.89,0.238,0.817,Yes
6220,Halliburton Company,HAL,3.79,0.312,0.495,Yes
6221,Virco Mfg. Corporation,VIRC,7.69,0.623,1.548,Yes
6222,Medical Developments International Limited,MDDVF,9.88,0.793,1.425,No
6223,Hengan International Group Company Limited,HEGIY,2.92,0.242,0.124,Yes
6224,"TDH Holdings, Inc.",PETZ,4.19,0.346,0.044,No
6225,"Humble Energy, Inc.",HUML,19.69,1.523,0.406,No
6226,"Heron Therapeutics, Inc.",HRTX,13.62,1.08,3.33,Yes
6227,Ameren Illinois Company,AILLI,1.17,0.098,0.032,No
6228,"AI Unlimited Group, Inc.",AIUG,32.75,2.416,3.965,Yes
6229,Iterum Therapeutics plc,ITRMF,22.58,1.737,6.987,Yes
6230,PWR Holdings Limited,PWRHF,5.13,0.424,0.96,Yes
6231,The Berkeley Group Holdings plc,BKGFY,3.71,0.31,0.597,Yes
6232,Occidental Petroleum Corporation,OXY,3.64,0.304,0.507,No
6233,"Sitios Latinoamérica, S.A.B. de C.V.",SLCVF,10.57,0.857,0.143,Yes
6234,Indutrade AB (publ),IDTRY,4.61,0.385,1.302,Yes
6235,"Rollins, Inc.",ROL,2.53,0.214,0.664,Yes
6236,Hillman Solutions Corp.,HLMN,4.48,0.375,1.149,Yes
6237,Georgia Power Company 5% JR SUB NT 77,GPJA,1.91,0.162,0.767,Yes
6238,"Grifols, S.A.",GRFS,5.43,0.455,0.908,Yes
6239,"F&G Annuities & Life, Inc.",FG,4.85,0.408,1.261,Yes
6240,Upwork Inc.,UPWK,6.55,0.547,1.249,Yes
6241,YASKAWA Electric Corporation,YASKY,5.91,0.496,2.243,Yes
6242,Lufax Holding Ltd,LU,8.04,0.674,0.629,Yes
6243,"Ajinomoto Co., Inc.",AJINF,5.42,0.461,0.694,Yes
6244,"CID HoldCo, Inc.",DAIC,62.16,4.305,6.71,Yes
6245,"Interparfums, Inc.",IPAR,4.24,0.364,1.015,Yes
6246,"Kinsale Capital Group, Inc.",KNSL,4.63,0.399,1.078,Yes
6247,"Treace Medical Concepts, Inc.",TMCI,12.51,1.043,3.485,Yes
6248,Liberty Latin America Ltd.,LILAB,6.03,0.518,0.315,Yes
6249,Argosy Minerals Limited,ARYMF,16.2,1.333,0.317,No
6250,Tier One Silver Inc.,TSLVF,10.43,0.881,0.075,No
6251,"Pacira BioSciences, Inc.",PCRX,5.63,0.486,0.027,Yes
6252,Brandywine Realty Trust,BDN,3.9,0.34,1.552,Yes
6253,La Française de l'Energie S.A.,FDENF,8.14,0.696,0.499,No
6254,GlobalData Plc,GLDAF,8.71,0.745,2.487,Yes
6255,Progress Software Corporation,PRGS,4.47,0.39,1.157,Yes
6256,"AppSoft Technologies, Inc.",ASFT,9.21,0.791,1.281,Yes
6257,"Hornbeck Offshore Services, Inc",HOS,4.31,0.378,0.545,Yes
6258,Chocoladefabriken Lindt & Sprüngli AG,LDSVF,2.44,0.216,0.052,Yes
6259,Parsons Corporation,PSN,4.56,0.401,0.989,Yes
6260,Bank of the Philippine Islands,BPHLY,3.11,0.275,0.227,No
6261,Stanmore Resources Limited,STMRF,3.98,0.352,0.086,Yes
6262,"First Bancorp of Indiana, Inc.",FBPI,2.21,0.197,0.082,Yes
6263,"Pineapple, Inc.",PNPL,22.06,1.813,5.089,Yes
6264,Stora Enso Oyj,SEOAY,3.12,0.277,0.636,Yes
6265,"A1 Group, Inc.",AWON,16.1,1.356,1.41,No
6266,Metallic Minerals Corp.,MMNGF,8.68,0.755,0.304,Yes
6267,ZTO Express (Cayman) Inc.,ZTO,3.68,0.327,0.382,No
6268,Scandinavian Tobacco Group A/S,STBGY,3.29,0.294,0.617,Yes
6269,Fielmann Group AG,FLMNF,2.98,0.268,0.327,Yes
6270,Silexion Therapeutics Corp,SLXN,73.83,5.152,7.713,Yes
6271,Gaming Realms plc,PSDMF,3.62,0.326,0.018,No
6272,"Ashford Hospitality Trust, Inc.",AHT-PI,5.57,0.499,0.812,Yes
6273,"GASE Energy, Inc.",GASE,15.84,1.357,1.925,No
6274,The Swatch Group AG,SWGAY,2.92,0.266,0.845,Yes
6275,Dalrada Technology Group Inc.,DHTI,17.5,1.499,0.198,No
6276,"Ollie's Bargain Outlet Holdings, Inc.",OLLI,3.16,0.288,0.538,Yes
6277,TerrAscend Corp.,TSNDF,15.25,1.32,0.021,No
6278,Autotrader Group plc,ATDRY,3.21,0.293,0.763,Yes
6279,Stampede Drilling Inc.,STPDF,4.01,0.366,0.125,No
6280,Renault SA,RNSDF,3.92,0.359,0.909,Yes
6281,Autotrader Group plc,ATDRF,4.02,0.369,0.347,Yes
6282,Forge Innovation Development Corp.,FGNV,24.31,2.053,4.352,Yes
6283,"Japan Airlines Co., Ltd.",JAPSY,2.41,0.224,0.539,Yes
6284,Prospect Ridge Resources Corp.,PRRSF,11.37,1.016,0.622,No
6285,PetroFrontier Corp.,PFRRF,15.95,1.402,0.055,Yes
6286,Thai Beverage Public Company Limited,TBVPF,3.06,0.284,0.642,Yes
6287,Mercedes-Benz Group AG,MBGAF,2.73,0.254,0.994,Yes
6288,"Vitesse Energy, Inc.",VTS,2.86,0.267,0.747,Yes
6289,Sika AG,SKFOF,3.37,0.314,1.111,Yes
6290,"Braze, Inc.",BRZE,6.3,0.58,0.716,Yes
6291,"IIOT-OXYS, Inc.",ITOX,9.23,0.842,0.319,Yes
6292,EverCommerce Inc.,EVCM,4.59,0.428,0.383,Yes
6293,Thermal Energy International Inc.,TMGEF,4.86,0.454,0.995,Yes
6294,"Brilliant Earth Group, Inc.",BRLT,10.08,0.922,0.759,Yes
6295,"Harley-Davidson, Inc.",HOG,4.33,0.407,1.668,Yes
6296,"Lucyd, Inc",LUCY,24.67,2.142,4.566,Yes
6297,Genmab A/S,GMAB,3.63,0.344,0.738,Yes
6298,Ping An Healthcare and Technology Company Limited,PANHF,10.65,0.981,1.086,Yes
6299,SHIFT Inc.,SFTTF,13.58,1.238,0.144,No
6300,KGL Resources Ltd.,KOGMF,6.31,0.595,1.327,Yes
6301,Guggenheim Strategic Opportunities Fund,GOF,1.86,0.179,0.616,Yes
6302,AGM Group Holdings Inc.,AGMH,27.18,2.371,3.912,Yes
6303,MoonLake Immunotherapeutics,MLTX,7.96,0.751,0.062,No
6304,Rusoro Mining Ltd.,RMLFF,6.09,0.58,0.83,Yes
6305,Titan America SA,TTAM,3.71,0.357,1.044,Yes
6306,Great-West Lifeco Inc,GRWLF,2.51,0.244,0.79,No
6307,"Lakeland Industries, Inc.",LAKE,5.22,0.504,1.775,Yes
6308,bioMérieux S.A.,BMXXY,3.67,0.357,0.185,Yes
6309,Niagara Mohawk Power Corporation PFD 3.40%,NMPWP,1.23,0.121,0.039,No
6310,Pineapple Financial Inc.,PAPL,21.79,1.966,5.573,Yes
6311,"Elevance Health, Inc.",ELV,3.29,0.321,0.832,Yes
6312,Jardine Cycle & Carriage Limited,JCYGY,2.42,0.238,0.066,Yes
6313,Topps Tiles Plc,TPTJF,3.19,0.312,0.061,No
6314,"Cellnex Telecom, S.A.",CLNXF,3.98,0.389,0.993,Yes
6315,"Mitsui Chemicals, Inc.",MITUY,2.79,0.274,0.475,Yes
6316,SNDL Inc.,SNDL,6.64,0.645,0.624,Yes
6317,Gelion plc,GELNF,8.06,0.781,0.488,Yes
6318,"LIFULL Co.,Ltd.",NXCLF,3.68,0.366,0.475,No
6319,Callan JMB Inc.,CJMB,11.59,1.116,0.435,No
6320,PennantPark Floating Rate Capital Ltd.,PFLT,2.04,0.206,0.752,Yes
6321,"Ring Energy, Inc.",REI,5.88,0.582,0.43,Yes
6322,Kimberly-Clark Corporation,KMB,2.07,0.208,0.229,Yes
6323,"DMCI Holdings, Inc.",DMCHY,3.84,0.384,0.545,Yes
6324,Cango Inc.,CANG,9.12,0.896,2.351,Yes
6325,Vitrolife AB (publ),VTRLY,5.01,0.502,0.202,Yes
6326,"Bagger Dave's Burger Tavern, Inc.",BDVB,7.29,0.727,0.737,Yes
6327,Singapore Land Group Limited,UILCF,0.52,0.054,0.051,Yes
6328,Questor Technology Inc.,QUTIF,11.38,1.132,0.973,No
6329,HF Foods Group Inc.,HFFG,10.86,1.087,1.503,No
6330,Old Market Capital Corporation,OMCC,4.46,0.461,0.724,Yes
6331,Mercedes-Benz Group AG,MBGYY,2.47,0.258,0.999,Yes
6332,Metallus Inc.,MTUS,3.7,0.385,1.515,Yes
6333,Avery Dennison Corporation,AVY,1.68,0.176,0.595,Yes
6334,Trinseo PLC,TSEOQ,38.14,3.476,2.777,Yes
6335,Fevertree Drinks PLC,FQVTY,3.19,0.335,0.744,Yes
6336,Vipshop Holdings Limited,VIPS,3.64,0.382,0.757,Yes
6337,NextPlat Corp,NXPL,7.81,0.811,3.039,Yes
6338,Jacksam Corporation,JKSM,19.82,1.963,2.051,Yes
6339,KEEMO FASHION GROUP LTD,KMFG,13.27,1.35,2.216,No
6340,"JL Mag Rare-Earth Co., Ltd.",JMREY,3.69,0.392,0.217,Yes
6341,Acco Brands Corporation,ACCO,3.28,0.349,1.666,Yes
6342,Athena Gold Corporation,AHNRF,6.71,0.706,1.012,No
6343,"Nitori Holdings Co., Ltd.",NCLTY,3.87,0.415,0.517,Yes
6344,Pentair plc,PNR,2.53,0.274,0.944,Yes
6345,Rocket One Inc.,RKTO,9.02,0.953,2.256,Yes
6346,Dauch Corporation,DCH,4.06,0.441,1.36,Yes
6347,"Cryo-Cell International, Inc.",CCEL,3.99,0.433,0.634,Yes
6348,Kikkoman Corporation,KIKOF,1.87,0.205,0.043,No
6349,"Lens Technology Co., Ltd.",LNTCY,7.37,0.789,3.574,Yes
6350,Limoneira Company,LMNR,3.11,0.34,1.097,Yes
6351,China Feihe Limited,CFEIY,3.72,0.405,0.687,No
6352,Humana Inc.,HUM,4.59,0.5,1.42,Yes
6353,Namib Minerals,NAMMW,18.08,1.868,0.25,Yes
6354,"Aytu BioPharma, Inc.",AYTU,4.12,0.452,0.332,Yes
6355,Freightos Limited,CRGO,6.98,0.756,1.718,Yes
6356,"Kura Sushi USA, Inc.",KRUS,5.5,0.6,0.609,Yes
6357,Salvatore Ferragamo S.p.A.,SFRGY,4.09,0.45,0.736,Yes
6358,Fidelity Minerals Corp.,SAIDF,7.29,0.792,0.683,Yes
6359,Galaxy Entertainment Group Limited,GXYEF,4.01,0.442,1.033,Yes
6360,Certive Solutions Inc.,CTVEF,10.33,1.111,1.742,Yes
6361,Advantage Solutions Inc.,ADV,7.7,0.838,2.18,Yes
6362,MidCap Financial Investment Corporation,MFIC,1.91,0.214,0.425,Yes
6363,DraftKings Inc.,DKNG,4.27,0.473,2.11,Yes
6364,"Transcat, Inc.",TRNS,3.51,0.393,0.784,Yes
6365,Life Insurance Company Of Alabama,LINS,6.47,0.715,0.582,Yes
6366,Alaska Silver Corp.,WAMFF,6.46,0.716,0.234,No
6367,Johnson Outdoors Inc.,JOUT,3.22,0.363,1.166,Yes
6368,EDAP TMS S.A.,FOCL,6.36,0.712,0.76,No
6369,"Rego Payment Architectures, Inc.",RPMT,9.07,1.004,2.945,Yes
6370,Great Elm Capital Corp.,GECC,2.65,0.303,1.37,Yes
6371,"IGC Pharma, Inc.",IGC,4.1,0.47,0.677,Yes
6372,Tejon Ranch Co.,TRC,1.78,0.207,0.011,No
6373,AI/ML Innovations Inc.,AIMLF,8.21,0.926,0.23,Yes
6374,Nufarm Limited,NUFMF,4.93,0.566,0.592,Yes
6375,"Zillow Group, Inc.",ZG,4.46,0.514,1.891,Yes
6376,XTM Inc.,XTMIF,21.32,2.292,2.425,Yes
6377,Union Electric Company,UEPEN,1.11,0.13,0.109,Yes
6378,"Applied Energetics, Inc.",AERG,10.91,1.226,1.957,Yes
6379,PetroTal Corp.,PTALF,3.98,0.462,0.453,Yes
6380,Duluth Holdings Inc.,DLTH,6.24,0.716,0.917,Yes
6381,Danaher Corporation,DHR,1.85,0.216,0.642,Yes
6382,"The Beachbody Company, Inc.",BODI,7.94,0.911,0.299,No
6383,"Kyowa Kirin Co., Ltd.",KYKOF,3.36,0.394,0.836,Yes
6384,Cactus Acquisition Corp. 1 Limited,CTSUF,1.24,0.147,0.167,Yes
6385,Birchcliff Energy Ltd.,BIREF,2.81,0.332,0.545,No
6386,"Shift4 Payments, Inc.",FOUR,4.62,0.543,2.408,Yes
6387,Murphy Oil Corporation,MUR,3.08,0.364,0.304,No
6388,Séché Environnement SA,SECVY,2.87,0.341,0.6,Yes
6389,Hostelworld Group plc,HSWLF,2.03,0.242,0.388,Yes
6390,VerticalScope Holdings Inc.,VFORF,6.08,0.712,0.868,Yes
6391,"Arvinas, Inc.",ARVN,7.04,0.822,2.563,Yes
6392,Anhui Conch Cement Company Limited,AHCHY,2.73,0.326,0.237,No
6393,"DKG Capital, Inc.",DKGH,5.87,0.693,0.506,Yes
6394,IRPC Public Company Limited,IRPSY,5.22,0.619,0.256,No
6395,REE Automotive Ltd.,REEAF,16.86,1.912,4.015,Yes
6396,FS KKR Capital Corp.,FSK,2.13,0.258,0.733,Yes
6397,NagaCorp Ltd.,NGCRY,3.62,0.436,1.09,Yes
6398,"Townsquare Media, Inc.",TSQ,3.41,0.412,1.347,Yes
6399,Quimbaya Gold Inc.,QIMGF,6.11,0.73,1.179,No
6400,Middlesex Water Company,MSEX,2.61,0.317,0.22,No
6401,Hypoport SE,HYPOF,5.96,0.716,0.138,No
6402,Klabin S.A.,KLBAY,1.78,0.219,0.482,Yes
6403,Straumann Holding AG,SAUHF,2.74,0.336,1.388,Yes
6404,"West Pharmaceutical Services, Inc.",WST,2.64,0.324,1.19,Yes
6405,"Astro Communications, Inc.",ASTO,3.75,0.46,0.877,Yes
6406,NexPoint Diversified Real Estate Trust,NXDT,3.47,0.427,1.231,Yes
6407,China Resources Beer (Holdings) Company Limited,CRHKF,3.19,0.393,0.058,Yes
6408,Innospec Inc.,IOSP,2.07,0.257,1.039,Yes
6409,Pond Technologies Holdings Inc.,PNDHF,9.13,1.105,1.022,Yes
6410,,DBCCD,4.55,0.562,0.302,No
6411,Crown Castle Inc.,CCI,2.22,0.278,0.895,Yes
6412,Brenntag SE,BNTGF,1.88,0.236,0.046,Yes
6413,"ALPS Nautilus SMR, Nuclear & Technology ETF",SMRF,3.31,0.415,1.911,Yes
6414,"Becton, Dickinson and Company",BDX,1.79,0.226,0.202,No
6415,Acco Group Holdings Limited,ACCL,7.25,0.901,0.588,Yes
6416,Clariant AG,CLZNY,2.36,0.3,0.068,No
6417,"Heartland Express, Inc.",HTLD,3.3,0.419,2.301,Yes
6418,Warner Music Group Corp.,WMG,2.02,0.258,0.741,Yes
6419,YASKAWA Electric Corporation,YASKF,3.37,0.429,0.891,Yes
6420,"Morningstar, Inc.",MORN,2.2,0.281,0.82,Yes
6421,"Kimball Electronics, Inc.",KE,3.52,0.448,1.17,Yes
6422,PTX Metals Inc.,PANXF,4.96,0.629,0.63,Yes
6423,"Seven Arts Entertainment, Inc.",SAPX,10.56,1.306,0.163,Yes
6424,FDJ United,LFDJF,2.19,0.282,1.223,Yes
6425,4imprint Group plc,FRRFF,2.84,0.365,0.781,No
6426,"Wialan Technologies, Inc.",WLAN,4.64,0.595,0.106,No
6427,Dynasty Gold Corp.,DGDCF,5.54,0.708,0.832,No
6428,"Omnicell, Inc.",OMCL,4.11,0.529,1.359,Yes
6429,"CarMax, Inc.",KMX,3.07,0.397,1.034,Yes
6430,Geron Corporation,GERN,4.73,0.608,0.784,Yes
6431,"Ashford Hospitality Trust, Inc.",AHT-PG,3.49,0.453,1.094,Yes
6432,Pizza Pizza Royalty Corp.,PZRIF,1.51,0.198,0.391,Yes
6433,"Privia Health Group, Inc.",PRVA,2.92,0.381,0.915,Yes
6434,"Crane NXT, Co.",CXT,2.69,0.351,1.136,Yes
6435,"Virtus Investment Partners, Inc.",VRTS,2.25,0.295,1.297,Yes
6436,Pandora A/S,PNDRY,3.99,0.521,1.57,Yes
6437,"Neumora Therapeutics, Inc.",NMRA,11.31,1.431,2.735,Yes
6438,Western Exploration Inc.,WEXPF,4.87,0.638,0.71,Yes
6439,Star Diamond Corporation,SHGDF,11.37,1.466,0.081,Yes
6440,Ares Management Corp,ARES-PB,2.22,0.299,1.054,Yes
6441,"Centuri Holdings, Inc.",CTRI,3.61,0.482,1.011,Yes
6442,Hexagon Composites ASA,HXGCF,5.3,0.706,1.78,Yes
6443,Clicks Group Limited,CLCGY,1.85,0.25,0.364,Yes
6444,GN Store Nord A/S,GGNDF,3.51,0.472,1.423,Yes
6445,Desert Mountain Energy Corp.,DMEHF,7.0,0.93,0.036,No
6446,BTS Group Holdings Public Company Limited,BTSGY,6.58,0.876,0.655,Yes
6447,PT Unilever Indonesia Tbk,UNLRF,6.27,0.84,0.991,Yes
6448,LEG Immobilien SE,LEGIF,2.51,0.343,1.521,Yes
6449,ElringKlinger AG,EGKLF,2.47,0.339,0.851,No
6450,The Swatch Group AG,SWGAF,2.1,0.289,0.639,Yes
6451,Shimano Inc.,SMNNY,2.02,0.279,0.104,No
6452,Digital China Holdings Limited,DCHIY,2.97,0.41,0.39,Yes
6453,"Forbright, Inc.",FRBT,2.81,0.388,,
6454,Diana Shipping Inc.,DSX,2.82,0.389,0.058,Yes
6455,Charter Hall Long WALE REIT,CHLWF,1.54,0.215,0.073,No
6456,"Ashford Hospitality Trust, Inc.",AHT-PH,3.71,0.511,1.192,Yes
6457,Brainstorm Cell Therapeutics Inc.,BCLI,7.03,0.959,1.168,Yes
6458,Nubeva Technologies Ltd.,NBVAF,8.32,1.133,0.145,No
6459,Federal Agricultural Mortgage Corporation,AGM-PH,0.31,0.043,0.106,Yes
6460,Wabash National Corporation,WNC,4.47,0.626,1.441,Yes
6461,Birkenstock Holding plc,BIRK,2.63,0.372,1.276,Yes
6462,"xCraft Enterprises, Inc",XCFT,1.91,0.272,0.342,No
6463,Ashland Inc.,ASH,1.79,0.256,0.131,Yes
6464,"Tyler Technologies, Inc.",TYL,1.73,0.248,0.48,Yes
6465,Kingsoft Corporation Limited,KSFTF,2.61,0.373,1.245,No
6466,LexinFintech Holdings Ltd.,LX,5.05,0.721,0.965,Yes
6467,Akzo Nobel N.V.,AKZOF,2.35,0.34,1.321,Yes
6468,"Progyny, Inc.",PGNY,3.74,0.538,0.793,Yes
6469,Bright Horizons Family Solutions Inc.,BFAM,2.27,0.332,0.313,Yes
6470,"Lifecore Biomedical, Inc.",LFCR,4.41,0.644,1.143,Yes
6471,Genus plc,GENSF,2.23,0.329,0.034,No
6472,Delek Group Ltd.,DLKGF,4.37,0.644,0.279,Yes
6473,PT United Tractors Tbk,PUTKY,1.91,0.286,0.376,No
6474,"PayPal Holdings, Inc.",PYPL,2.3,0.344,0.874,Yes
6475,FirstService Corporation,FSV,1.44,0.216,0.59,Yes
6476,Brookfield DTLA Fund Office Trust Investor Inc.,DTLAP,7.41,1.096,0.956,No
6477,The Siam Cement Public Company Limited,SCVPF,2.86,0.436,0.452,Yes
6478,"Tokyo Electric Power Company Holdings, Incorporated",TKECF,3.47,0.527,0.359,No
6479,INEO Tech Corp.,INEOF,8.04,1.206,1.784,No
6480,ZW Data Action Technologies Inc.,CNET,6.09,0.925,0.132,Yes
6481,PT Indofood Sukses Makmur Tbk,PIFMF,1.19,0.185,0.284,No
6482,Thule Group AB (publ),THUPY,2.39,0.369,1.334,Yes
6483,Thomson Reuters Corporation,TRI,1.86,0.288,0.826,Yes
6484,"Intensity Therapeutics, Inc.",INTS,13.98,2.076,2.959,Yes
6485,Bright Green Corporation,BGXXQ,11.22,1.704,1.394,No
6486,"Bitmine Immersion Technologies, Inc.",BMNR,5.2,0.813,1.609,Yes
6487,"Apogee Enterprises, Inc.",APOG,2.21,0.349,0.975,Yes
6488,"Domino's Pizza, Inc.",DPZ,1.76,0.279,0.49,Yes
6489,"Spok Holdings, Inc.",SPOK,1.56,0.248,0.684,Yes
6490,"Ryan Specialty Holdings, Inc.",RYAN,2.18,0.348,1.008,Yes
6491,Compagnie de Saint-Gobain S.A.,CODYY,2.45,0.392,1.237,Yes
6492,"Axcelis Technologies, Inc.",ACLS,3.6,0.576,1.881,Yes
6493,Lundin Mining Corporation,LNDMY,2.46,0.396,0.404,Yes
6494,Northern Graphite Corporation,NGPHF,5.42,0.862,0.249,No
6495,"Cellnex Telecom, S.A.",CLLNY,2.17,0.353,0.934,Yes
6496,Chinasoft International Limited,CFTLF,3.01,0.491,0.168,Yes
6497,Evolution AB (publ),EVVTY,1.88,0.31,1.233,Yes
6498,Prismo Metals Inc.,PMOMF,5.29,0.863,2.808,Yes
6499,"TPG Operating Group II, L.P. 6.950% Fixed-Rate Junior Subordinated Notes due 2064",TPGXL,0.5,0.083,0.226,Yes
6500,Huntwicke Capital Group Inc.,HCGI,0.58,0.097,0.139,Yes
6501,Lithium Americas Corp.,LAC,5.28,0.88,2.213,Yes
6502,Arko Corp.,ARKO,3.29,0.555,1.587,Yes
6503,Agility Capital Holding Inc.,AGLRF,3.61,0.61,0.738,No
6504,ZOO Digital Group plc,ZDGGF,6.19,1.064,3.997,Yes
6505,Transocean Ltd.,RIG,3.15,0.55,0.846,Yes
6506,INmune Bio Inc.,INMB,5.48,0.954,0.885,Yes
6507,"Watsco, Inc.",WSO,1.96,0.347,1.039,Yes
6508,MONY Group plc,MNSKY,1.43,0.253,0.712,No
6509,"Fuse Medical, Inc.",FZMD,7.23,1.258,0.552,Yes
6510,Skillsoft Corp.,SKIL,5.14,0.906,2.213,Yes
6511,Morgan Stanley Direct Lending Fund,MSDL,0.96,0.173,0.542,Yes
6512,Lennar Corporation,LEN-B,1.88,0.34,1.501,Yes
6513,"Hyster-Yale, Inc.",HY,2.37,0.432,1.752,Yes
6514,Teleperformance SE,TLPFY,2.91,0.533,0.511,Yes
6515,"Galaxy Gaming, Inc.",GLXZ,3.63,0.671,0.589,No
6516,Redcare Pharmacy NV,SAEYY,3.2,0.6,1.183,Yes
6517,"Zillow Group, Inc.",Z,2.73,0.514,1.952,Yes
6518,The Swatch Group AG,SWGNF,1.18,0.224,0.527,Yes
6519,"PARK24 Co., Ltd.",PKCOY,1.91,0.365,0.056,No
6520,Sofgen Pharma S.A.,PROCF,13.32,2.426,7.548,No
6521,Valor Energy Inc.,VAI,4.47,0.847,1.021,Yes
6522,Qt Group Oyj,QTGPF,2.72,0.52,0.796,Yes
6523,Exor N.V.,EXXRF,1.08,0.209,0.706,Yes
6524,Lycos Energy Inc.,LCXEF,4.43,0.85,0.219,Yes
6525,Lightning Resource Corp.,BMTLF,4.63,0.9,1.209,Yes
6526,Green Thumb Industries Inc.,GTBIF,2.94,0.579,1.099,Yes
6527,"Tenable Holdings, Inc.",TENB,2.07,0.412,1.649,Yes
6528,Borr Drilling Limited,BORR,2.93,0.583,1.247,Yes
6529,Atlantic American Corporation,AAME,2.63,0.527,1.529,Yes
6530,Stratus Properties Inc.,STRS,1.89,0.383,0.855,Yes
6531,Biohaven Ltd.,BHVN,3.08,0.629,2.168,Yes
6532,PT AKR Corporindo Tbk,PKCPY,1.18,0.244,0.428,Yes
6533,Blue Gem Enterprise,BGEM,2.31,0.477,0.327,Yes
6534,SLC Agrícola S.A.,SLCJY,1.22,0.253,0.058,No
6535,Hanstone Gold Corp.,HANCF,4.23,0.873,0.82,Yes
6536,"Pinterest, Inc.",PINS,2.08,0.435,1.222,Yes
6537,Barratt Redrow plc,BTDPY,1.74,0.364,1.01,Yes
6538,"Post Holdings, Inc.",POST,0.94,0.198,0.415,Yes
6539,Northern Trust 2055 Inflation-Linked Distributing Ladder ETF,TIPD,0.25,0.053,0.2,Yes
6540,UPM-Kymmene Oyj,UPMKF,1.5,0.318,0.51,Yes
6541,"Nemak, S. A. B. de C. V.",NMAKF,2.03,0.429,0.491,Yes
6542,Zenvia Inc.,ZENVF,6.14,1.292,2.071,No
6543,"Nano Mobile Healthcare, Inc.",VNTH,2.31,0.499,0.331,No
6544,Genel Energy plc,GEGYY,2.49,0.539,0.987,No
6545,The Gabelli Multimedia Trust Inc. 5.125% PFD SER E,GGT-PE,0.3,0.067,0.16,Yes
6546,WiseTech Global Limited,WTCHF,2.7,0.593,2.136,Yes
6547,Intouch Insight Ltd.,INXSF,2.22,0.488,1.185,Yes
6548,"CS Disco, Inc.",LAW,2.55,0.56,1.157,Yes
6549,Expro Ltd,XPRO,2.03,0.452,1.225,Yes
6550,"Versant Media Group, Inc.",VSNT,2.29,0.51,0.622,Yes
6551,FinVolution Group,FINV,1.69,0.377,0.543,Yes
6552,Skyharbour Resources Ltd.,SYHBF,2.2,0.5,0.678,Yes
6553,The Gabelli Multimedia Trust Inc.,GGT-PG,0.27,0.062,0.133,Yes
6554,Gecina,GECFF,1.21,0.278,0.398,Yes
6555,High Performance Beverages Company,TBEV,3.48,0.799,1.12,Yes
6556,Good Life China Corporation,GLCC,3.48,0.799,1.851,Yes
6557,"Solar Thin Films, Inc.",SLTZ,3.48,0.799,0.683,Yes
6558,Reality Racing Inc.,RRGI,3.48,0.799,0.801,No
6559,Canaan Inc.,CAN,5.28,1.204,3.797,Yes
6560,Noumi Limited,NOUMF,2.08,0.481,1.192,No
6561,Pancontinental Energy NL,PCOGF,3.9,0.902,1.393,Yes
6562,Nova Pacific Metals Corp.,NVPCF,6.82,1.559,2.008,Yes
6563,A. O. Smith Corporation,AOS,1.02,0.24,0.413,Yes
6564,Regency Silver Corp.,RSMXF,4.46,1.039,0.185,No
6565,Pender Growth Fund Inc.,PNDDF,1.16,0.275,0.21,Yes
6566,Paylocity Holding Corporation,PCTY,1.46,0.35,0.101,Yes
6567,InTest Corporation,INTT,2.2,0.527,1.105,Yes
6568,Mexco Energy Corporation,MXC,1.8,0.432,0.306,Yes
6569,Carnarvon Energy Limited,CVONF,2.37,0.569,0.629,No
6570,China Longyuan Power Group Corporation Limited,CLPXY,1.66,0.4,0.381,Yes
6571,Big Tree Cloud Holdings Limited,DSY,11.18,2.599,0.704,Yes
6572,TVB Limited,TVBCY,1.51,0.37,1.324,Yes
6573,"Empire Diversified Energy, Inc.",MPIR,8.02,1.921,0.828,No
6574,"Where Food Comes From, Inc.",WFCF,1.15,0.287,0.444,No
6575,UnitedHealth Group Incorporated,UNH,1.7,0.421,0.877,Yes
6576,Emerson Radio Corp.,MSN,1.68,0.418,0.437,Yes
6577,Erie Indemnity Company,ERIE,1.21,0.301,0.336,Yes
6578,Elekta AB (publ),EKTAY,1.14,0.285,0.663,Yes
6579,Wen Acquisition Corp.,WENNU,0.12,0.031,0.062,Yes
6580,Vortex Metals Inc.,VMSSF,3.08,0.772,0.59,Yes
6581,"Harte Hanks, Inc.",HHS,2.7,0.683,1.027,Yes
6582,Vitasoy International Holdings Limited,VTSYF,2.06,0.523,0.208,No
6583,bioMérieux S.A.,BMXMF,0.96,0.245,0.107,Yes
6584,"Fulgent Genetics, Inc.",FLGT,1.98,0.506,0.435,Yes
6585,The York Water Company,YORW,0.68,0.176,0.054,Yes
6586,Reece Limited,REECF,1.43,0.373,0.36,No
6587,People Incorporated,PPLI,1.04,0.275,0.837,Yes
6588,Sylvamo Corporation,SLVM,1.21,0.318,0.858,Yes
6589,EROAD Limited,ERDLF,2.01,0.527,0.645,No
6590,ESE Entertainment Inc.,ENTEF,4.72,1.241,1.392,Yes
6591,BRP Inc.,DOO,1.46,0.393,0.357,Yes
6592,Greggs plc,GGGSY,1.27,0.347,1.133,Yes
6593,Anavex Life Sciences Corp.,AVXL,2.94,0.799,1.876,Yes
6594,MDJM Ltd,UOKAF,10.74,2.835,5.139,Yes
6595,Seven Hills Realty Trust,SEVN,0.64,0.178,0.592,Yes
6596,"Tianrong Internet Products and Services, Inc.",TIPS,7.84,2.119,3.391,Yes
6597,Borussia Dortmund GmbH & Co. Kommanditgesellschaft auf Aktien,BORUF,1.18,0.338,0.103,Yes
6598,Performance Shipping Inc.,PSHG,1.28,0.365,0.712,Yes
6599,Novus Robotics Inc.,NRBT,3.72,1.066,2.919,Yes
6600,Rezolve AI PLC,RZLV,3.61,1.04,0.265,No
6601,"Associated Capital Group, Inc.",ACGP,0.54,0.157,0.209,Yes
6602,Karyopharm Therapeutics Inc.,KPTI,4.18,1.205,2.719,Yes
6603,Intrum AB (publ),ITJTY,3.5,1.021,0.935,Yes
6604,monday.com Ltd.,MNDY,1.96,0.584,2.127,Yes
6605,"Afinida, Inc.",TREP,3.27,0.971,1.164,No
6606,Tsodilo Resources Limited,TSDRF,3.01,0.907,0.623,Yes
6607,Brixton Metals Corporation,BBBXF,3.16,0.955,0.166,No
6608,"Globe Telecom, Inc.",GTMEF,0.74,0.228,0.204,No
6609,Subaru Corporation,FUJHF,1.04,0.321,0.304,Yes
6610,Truist Financial Corporation,TFC-PI,0.48,0.148,0.584,Yes
6611,Neogen Corporation,NEOG,1.97,0.606,1.735,Yes
6612,Designer Brands Inc.,DBI,2.51,0.778,1.721,Yes
6613,Hikma Pharmaceuticals PLC,HKMPY,0.77,0.243,0.657,Yes
6614,"YETI Holdings, Inc.",YETI,1.19,0.376,1.345,Yes
6615,Howard Hughes Holdings Inc.,HHH,0.94,0.298,1.089,Yes
6616,"BCB Bancorp, Inc.",BCBP,0.95,0.302,0.875,Yes
6617,"Silver Buckle Mines, Inc.",SBUM,4.25,1.344,0.672,No
6618,Embrace Change Acquisition Corp.,EMCUF,0.34,0.111,0.238,Yes
6619,"TurnKey Capital, Inc.",TKCI,6.92,2.186,6.679,No
6620,Zomedica Corp.,ZOMDF,2.33,0.754,1.096,Yes
6621,Alcon Inc.,ALC,0.69,0.23,0.383,Yes
6622,GN Store Nord A/S,GNNDY,1.2,0.407,1.304,Yes
6623,Resouro Strategic Metals Inc.,RSGOF,1.93,0.652,1.051,Yes
6624,Natural Beauty Bio-Technology Limited,NBBTF,1.14,0.393,0.83,No
6625,Frontier Developments plc,FRRDF,1.74,0.598,0.681,No
6626,EBOS Group Limited,EBOSY,0.81,0.282,0.706,No
6627,Spirax Group plc,SPXSY,0.91,0.321,1.561,Yes
6628,Northern Trust 2045 Inflation-Linked Distributing Ladder ETF,TIPC,0.1,0.037,0.159,Yes
6629,"Mondelez International, Inc.",MDLZ,0.5,0.18,0.112,Yes
6630,IGO Limited,IIDDY,1.44,0.514,0.573,Yes
6631,"SmartStop Self Storage REIT, Inc.",SMA,0.52,0.185,0.487,Yes
6632,Vanguard Target Maturity 2034 Corporate Bond ETF,VBCH,0.07,0.027,0.096,Yes
6633,Volkswagen AG,VLKPF,0.83,0.307,0.8,Yes
6634,"eXoZymes, Inc.",EXOZ,2.39,0.879,3.131,Yes
6635,Atlas Energy Solutions Inc.,AESI,1.51,0.567,1.314,Yes
6636,The Estée Lauder Companies Inc.,EL,1.23,0.462,1.861,Yes
6637,Sky Gold Corp.,SRKZF,2.69,1.013,0.239,Yes
6638,YieldMax CRCL Option Income Strategy ETF,CRCO,2.14,0.822,0.749,Yes
6639,"TOMI Environmental Solutions, Inc.",TOMZ,1.6,0.619,1.717,Yes
6640,Wizz Air Holdings Plc,WZZZY,1.42,0.555,1.092,Yes
6641,"Reunion Industries, Inc.",RUNI,2.31,0.902,0.184,No
6642,Grayscale Ethereum Classic Trust (ETC),ETCG,1.76,0.706,2.726,Yes
6643,"Pioneer Power Solutions, Inc.",PPSI,1.48,0.602,2.357,Yes
6644,Global Fashion Group S.A.,GLFGF,1.51,0.62,0.171,Yes
6645,"J.Jill, Inc.",JILL,1.29,0.532,1.816,Yes
6646,Arkema S.A.,ARKAF,0.79,0.327,0.573,Yes
6647,"Actelis Networks, Inc.",ASNS,6.92,2.816,0.349,Yes
6648,"China High Speed Transmission Equipment Group Co., Ltd.",CHSTF,1.07,0.447,0.377,No
6649,Edgewell Personal Care Company,EPC,1.0,0.424,0.27,No
6650,Boston Scientific Corporation,BSX,0.63,0.269,0.556,Yes
6651,Joshua Gold Resources Inc.,JSHG,2.9,1.24,0.501,No
6652,CYIOS Corporation,CYIO,2.52,1.084,1.157,Yes
6653,MarketAxess Holdings Inc.,MKTX,1.01,0.437,0.032,No
6654,Wingstop Inc.,WING,1.32,0.584,2.166,Yes
6655,Global Education Communities Corp.,GECSF,1.02,0.46,0.812,Yes
6656,Ultragenyx Pharmaceutical Inc.,RARE,1.14,0.514,1.266,Yes
6657,RS Group plc,EENEF,0.48,0.217,0.781,Yes
6658,"THOR Industries, Inc.",THO,0.79,0.356,1.876,Yes
6659,Micropolis AI Robotics,MCRP,3.37,1.528,2.459,Yes
6660,Sonoro Energy Ltd.,SNVFF,2.35,1.072,0.983,Yes
6661,Forafric Global PLC,AFRI,0.39,0.184,0.22,Yes
6662,Aequus Pharmaceuticals Inc.,AQSZF,3.27,1.545,0.354,No
6663,Snap Inc.,SNAP,1.24,0.595,1.568,Yes
6664,"EWSB Bancorp, Inc.",EWSB,0.5,0.24,0.517,No
6665,"Innovative EV Technologies, Inc.",VAPR,2.27,1.104,0.212,No
6666,"Phreesia, Inc.",PHR,1.11,0.569,1.961,Yes
6667,"bebe stores, inc.",BDST,1.66,0.868,0.792,No
6668,Tractor Supply Company,TSCO,0.52,0.272,0.215,Yes
6669,Cactus Acquisition Corp. 1 Limited,CCTSF,0.11,0.059,0.098,Yes
6670,Interroll Holding AG,IRRHF,0.55,0.292,0.443,Yes
6671,Chesswood Group Limited,CHWWQ,6.08,3.19,4.52,No
6672,Sony Financial Group Inc.,SFGYY,0.43,0.243,0.075,Yes
6673,NEXT-ChemX Corporation,CHMX,2.55,1.447,1.743,Yes
6674,Ribbon Communications Inc.,RBBN,0.82,0.474,2.123,Yes
6675,Zhong Yuan Bio-Technology Holdings Limited,ZHYBF,1.29,0.771,0.323,Yes
6676,Gemfields Group Limited,PLLHF,1.24,0.742,1.526,Yes
6677,Dürr Aktiengesellschaft,DURYY,0.61,0.372,1.293,Yes
6678,Nexera Technologies Ltd,NEXR,7.33,4.423,8.163,Yes
6679,Teleperformance SE,TLPFF,0.76,0.471,0.452,Yes
6680,MEDIROM Healthcare Technologies Inc.,MRM,1.89,1.19,2.756,Yes
6681,Holley Inc.,HLLY,1.13,0.738,0.63,Yes
6682,ENN Energy Holdings Limited,XNGSY,0.47,0.311,0.3,No
6683,"ProMIS Neurosciences, Inc.",PMN,1.56,1.094,1.012,No
6684,JNS Holdings Corporation,JNSH,1.18,0.842,1.604,Yes
6685,LyondellBasell Industries N.V.,LYB,0.54,0.385,0.416,No
6686,"Xponential Fitness, Inc.",XPOF,1.26,0.906,0.972,Yes
6687,"McGraw Hill, Inc.",MH,0.99,0.714,0.846,No
6688,"Mike Lindell Media, Corp.",MLMC,1.68,1.218,0.251,Yes
6689,"Bullfrog AI Holdings, Inc.",BFRG,1.9,1.389,3.368,No
6690,Rayonier Inc.,RYN,0.35,0.266,0.876,Yes
6691,"Donnelley Financial Solutions, Inc.",DFIN,0.44,0.332,0.686,Yes
6692,Kingdee International Software Group Company Limited,KGDEF,0.72,0.585,0.11,Yes
6693,"Alector, Inc.",ALEC,1.06,0.861,1.491,Yes
6694,United Acquisition Corp. I,UAC,0.03,0.029,0.096,Yes
6695,Patria Investments Limited,PAX,0.31,0.264,1.031,Yes
6696,Otis Worldwide Corporation,OTIS,0.26,0.226,0.832,Yes
6697,Orion Properties Inc.,ONL,0.59,0.521,2.493,Yes
6698,IGO Limited,IPGDF,0.55,0.484,1.247,Yes
6699,"Cannae Holdings, Inc.",CNNE,0.32,0.284,1.592,Yes
6700,Aperture AC,APUR,0.04,0.033,0.327,Yes
6701,Sun Life Financial Inc.,SLFIF,0.18,0.162,0.229,Yes
6702,Elme Communities,ELME,0.31,0.301,0.492,Yes
6703,"Under Armour, Inc.",UA,0.44,0.433,1.351,Yes
6704,"Aura Biosciences, Inc.",AURA,0.4,0.409,0.583,Yes
6705,Mondi plc,MNODF,0.4,0.437,0.316,Yes
6706,XPeng Inc.,XPEV,0.54,0.597,0.517,Yes
6707,"Anebulo Pharmaceuticals, Inc.",ANEB,1.26,1.408,2.751,No
6708,Consumers Energy Company,CMS-PB,0.09,0.1,0.125,Yes
6709,StorageVault Canada Inc.,SVAUF,0.25,0.298,0.714,Yes
6710,Pervasip Corp.,PVSP,0.81,0.97,0.856,No
6711,Vestis Corporation,VSTS,0.45,0.543,1.112,Yes
6712,"New Tripoli Bancorp, Inc.",NTBP,0.32,0.402,0.147,No
6713,Ultralife Corporation,ULBI,0.45,0.587,1.282,Yes
6714,Osprey Acquisition Corp. III,OSPRU,0.02,0.029,,
6715,Red Mountain Mining Limited,RMXFF,1.34,1.835,0.984,Yes
6716,The Chemours Company,CC,0.41,0.59,0.93,Yes
6717,American National Group Inc.,ANG-PD,0.06,0.087,0.371,Yes
6718,"Burzynski Research Institute, Inc.",BZYR,0.8,1.19,0.108,Yes
6719,"Celsius Holdings, Inc.",CELH,0.44,0.679,0.924,Yes
6720,"Gores Holdings XI, Inc.",GHXIU,0.01,0.024,,
6721,KKR Real Estate Finance Trust Inc.,KREF,0.2,0.333,0.773,Yes
6722,Bridgestone Corporation,BRDCF,0.25,0.463,0.004,No
6723,"Suncliff, Inc.",SCLF,0.56,1.071,0.91,Yes
6724,Dometic Group AB (publ),DTCGF,0.21,0.59,0.115,Yes
6725,"Aberdeen India Fund, Inc.",IFN,0.06,0.2,0.871,Yes
6726,Uni-Fuels Holdings Limited,UFG,0.42,1.469,0.332,No
6727,Valneva SE,VALN,0.17,0.644,0.43,Yes
6728,Sanofi,SNY,0.05,0.191,0.061,Yes
6729,Verallia Société Anonyme,VRLAF,0.05,0.209,0.29,Yes
6730,TravelSky Technology Limited,TSYHF,0.11,0.503,0.487,Yes
6731,Australian Agricultural Company Limited,AAYYY,0.02,0.13,0.298,No
6732,Sanofi,SNYNF,0.04,0.228,0.034,Yes
6733,"InterPrivate Investment Partners V, Inc.",IPVVU,0.0,0.005,,
6734,"Cantor Equity Partners VII, Inc.",CAES,0.0,0.005,,
6735,Essentra plc,FLRAF,0.04,0.379,0.136,Yes
6736,Burberry Group plc,BBRYF,0.02,0.459,1.544,Yes
6737,PennantPark Floating Rate Capital Ltd.,PFLA,0.0,0.002,,
6738,Fugro N.V.,FUGRF,0.02,0.51,0.391,Yes
6739,Nuveen Churchill Direct Lending Corp.,NCDL,0.0,0.187,0.523,Yes
6740,"DNAPrint Genomics, Inc.",DNAG,0.0,0.728,0.076,Yes
6741,"Nutranomics, Inc.",NNRX,0.0,0.728,0.191,No
6742,"NW Tech Capital, Inc.",NWTT,-0.0,0.728,0.394,No
6743,Koala Corporation,KARE,-0.0,0.728,0.099,Yes
6744,"American Education Center, Inc.",AMCT,-0.0,0.728,1.273,Yes
6745,Tradestar Resources Corporation,TSRR,-0.14,1.23,0.428,Yes
6746,"LiveOne, Inc.",LVO,-0.1,0.776,1.106,Yes
6747,"Dream Finders Homes, Inc.",DFH,-0.1,0.567,2.202,Yes
6748,Cromwell Property Group,CMWCF,-0.03,0.136,0.219,Yes
6749,Elekta AB (publ),EKTAF,-0.06,0.309,0.285,Yes
6750,Reitmans (Canada) Limited,RTMAF,-0.08,0.301,1.018,Yes
6751,Nanosonics Limited,NNCSF,-0.14,0.523,0.735,Yes
6752,"Under Armour, Inc.",UAA,-0.15,0.456,1.462,Yes
6753,Stepan Company,SCL,-0.09,0.281,0.892,Yes
6754,"Intellia Therapeutics, Inc.",NTLA,-0.3,0.801,2.459,Yes
6755,"Monroe Federal Bancorp, Inc.",MFBI,-0.1,0.253,0.541,No
6756,Toppoint Holdings Inc.,TOPP,-0.83,2.086,5.888,Yes
6757,Canfor Corporation,CFPZF,-0.14,0.343,1.049,Yes
6758,Armada Mercantile Ltd.,AAMTF,-0.29,0.672,0.379,Yes
6759,Bavarian Nordic A/S,BVNRY,-0.18,0.413,0.643,Yes
6760,"Regional Health Properties, Inc.",RHEP,-0.41,0.73,1.044,No
6761,Abrdn Income Credit Strategies Fund,ACP-PA,-0.07,0.117,0.362,Yes
6762,Range Capital Acquisition Corp II,RNGTW,-0.22,0.32,0.687,No
6763,Orthofix Medical Inc.,OFIX,-0.32,0.473,0.673,Yes
6764,Port of Tauranga Limited,PTAUY,-0.03,0.046,0.045,No
6765,Vault Strategic Mining Corp.,KNXFF,-1.44,1.797,0.025,Yes
6766,GrowGeneration Corp.,GRWG,-0.55,0.686,1.576,Yes
6767,UPM-Kymmene Oyj,UPMMY,-0.18,0.214,0.03,No
6768,United Parks & Resorts Inc.,PRKS,-0.26,0.307,1.305,Yes
6769,"Wynn Macau, Limited",WYNMY,-0.29,0.337,0.326,Yes
6770,Signify N.V.,SFFYF,-0.31,0.348,0.795,Yes
6771,FRNT Financial Inc.,FRFLF,-1.02,1.12,0.827,No
6772,Vivendi SE,VIVHY,-0.39,0.409,1.109,Yes
6773,Dollarama Inc.,DLMAY,-0.42,0.423,0.219,No
6774,"Galexxy Holdings, Inc.",GXXY,-1.91,1.924,1.686,No
6775,"Yesway, Inc.",YSWY,-0.51,0.5,0.174,No
6776,"Wynn Macau, Limited",WYNMF,-0.41,0.375,0.113,Yes
6777,Star Holdings,STHO,-0.45,0.401,1.257,Yes
6778,Signify N.V.,PHPPY,-0.42,0.371,1.495,Yes
6779,"AnTix Holdings, Inc.",IMTH,-1.94,1.727,0.605,Yes
6780,CMS Energy Corporation,CMS-PC,-0.18,0.16,0.76,Yes
6781,Prestige Consumer Healthcare Inc.,PBH,-0.29,0.252,0.053,Yes
6782,Dino Polska S.A.,DNOPF,-0.45,0.381,0.119,Yes
6783,"Zimmer Biomet Holdings, Inc.",ZBH,-0.29,0.24,0.127,Yes
6784,West Mining Corp.,WESMF,-1.58,1.292,0.813,Yes
6785,KR1 Plc,KROEF,-1.06,0.858,3.954,Yes
6786,Kuaishou Technology,KUASF,-0.68,0.534,0.309,Yes
6787,Angang Steel Company Limited,ANGGF,-0.8,0.62,0.106,Yes
6788,"GPO Plus, Inc.",GPOX,-1.97,1.524,1.247,No
6789,Success Holding Group Corp. USA,SHGR,-1.01,0.755,1.007,Yes
6790,"PPG Industries, Inc.",PPG,-0.29,0.218,0.851,Yes
6791,Blue Ant Media Corporation,BAMIF,-0.72,0.518,1.953,Yes
6792,Lennar Corporation,LEN,-0.5,0.361,1.643,Yes
6793,"KonaTel, Inc.",KTEL,-1.48,1.061,1.761,No
6794,Neurizon Therapeutics Limited,NUZTF,-1.17,0.831,0.25,Yes
6795,Pets at Home Group Plc,PAHGF,-0.7,0.47,0.854,Yes
6796,"Redwood Trust, Inc.",RWT,-0.41,0.273,0.718,Yes
6797,"NexPoint Residential Trust, Inc.",NXRT,-0.48,0.303,1.15,Yes
6798,"Selective Insurance Group, Inc.",SIGI,-0.33,0.207,0.396,Yes
6799,Genting Singapore Limited,GIGNY,-0.44,0.268,0.298,Yes
6800,Imperium Technology Group Limited,IPGGF,-2.78,1.714,3.822,No
6801,"NextEra Energy, Inc.",NEE-PT,-0.23,0.139,0.157,Yes
6802,"The Cooper Companies, Inc.",COO,-0.47,0.28,0.414,Yes
6803,Zentek Ltd.,ZTEKF,-1.42,0.814,0.077,Yes
6804,Simplify DBi CTA Managed Future,SDMF,-0.11,0.064,0.263,Yes
6805,Stellus Capital Investment Corporation,SCM,-0.42,0.237,0.553,Yes
6806,"Integrated BioPharma, Inc.",INBP,-0.96,0.51,0.258,Yes
6807,"Trex Company, Inc.",TREX,-0.82,0.437,1.351,Yes
6808,SIG Group AG,SIGCY,-0.74,0.392,0.234,No
6809,Juki Corporation,JUKIY,-0.73,0.387,0.083,Yes
6810,Algoma Steel Group Inc.,ASTL,-1.04,0.53,2.013,Yes
6811,"Starco Brands, Inc.",STCB,-2.14,1.092,2.244,Yes
6812,Milestone Scientific Inc.,MLSS,-1.32,0.662,0.705,Yes
6813,NOA Lithium Brines Inc.,NLIBF,-1.48,0.738,0.895,No
6814,Rising Dragon Acquisition Corp.,RDAC,-2.27,1.128,4.47,Yes
6815,Triad Business Bank,TBBC,-0.43,0.208,0.125,Yes
6816,XPeng Inc.,XPNGF,-1.12,0.543,0.21,No
6817,Innoviz Technologies Ltd.,INVZ,-2.42,1.168,2.552,Yes
6818,Vanguard Target Maturity 2033 Corporate Bond ETF,VBCG,-0.05,0.023,0.073,Yes
6819,"Shibaura Machine Co.,Ltd.",TSHMY,-0.83,0.385,0.489,No
6820,TriplePoint Venture Growth BDC Corp.,TPVG,-0.78,0.358,1.244,Yes
6821,"Marker Therapeutics, Inc.",MRKR,-2.1,0.95,2.223,Yes
6822,Cordlife Group Limited,CLIFF,-1.6,0.699,0.963,Yes
6823,"Fortune Brands Innovations, Inc.",FBIN,-1.01,0.435,1.213,Yes
6824,"Commercial Vehicle Group, Inc.",CVGI,-1.96,0.836,0.213,Yes
6825,Health Advance Inc.,HADV,-4.27,1.838,0.127,No
6826,Martin Midstream Partners L.P.,MMLP,-0.75,0.303,0.214,Yes
6827,Tsingtao Brewery Company Limited,TSGTY,-1.04,0.415,0.076,Yes
6828,"Cocrystal Pharma, Inc.",COCP,-1.45,0.582,1.734,Yes
6829,CSL Limited,CSLLY,-1.01,0.399,0.368,Yes
6830,Fevertree Drinks PLC,FQVTF,-0.94,0.362,0.934,Yes
6831,"CIBL, Inc.",CIBY,-0.31,0.119,0.095,Yes
6832,Proshares Ultra Spacex,SPCF,-7.62,3.001,,
6833,Salvatore Ferragamo S.p.A.,SFRGF,-1.32,0.499,0.717,No
6834,International Battery Metals Ltd.,IBATF,-4.12,1.475,1.829,No
6835,Taitron Components Incorporated,TAIT,-1.36,0.477,0.719,Yes
6836,"nCino, Inc.",NCNO,-1.32,0.46,1.767,Yes
6837,Canadian Solar Inc.,CSIQ,-1.99,0.696,2.125,Yes
6838,The Character Group plc,CGROF,-0.25,0.085,0.107,Yes
6839,Mach7 Technologies Limited,TDMMF,-2.06,0.718,0.647,Yes
6840,"Insperity, Inc.",NSP,-1.51,0.524,0.228,Yes
6841,PT Gudang Garam Tbk,GDNGY,-1.34,0.462,0.574,Yes
6842,Volvo Car AB (publ.),VLVOF,-1.94,0.659,1.61,Yes
6843,boohoo group plc,BHHOF,-1.41,0.474,0.055,Yes
6844,Amplify Energy Corp.,AMPY,-1.48,0.493,0.46,Yes
6845,CP ALL Public Company Limited,CPPCY,-0.85,0.281,0.281,Yes
6846,XBiotech Inc.,XBIT,-1.89,0.598,0.851,Yes
6847,"Keros Therapeutics, Inc.",KROS,-2.25,0.712,1.562,Yes
6848,NorthStar Gaming Holdings Inc.,NSBBF,-3.74,1.191,0.832,Yes
6849,"NTT, Inc.",NTTYY,-0.58,0.183,0.032,Yes
6850,Highlander Silver Corp.,HSLV,-1.92,0.602,0.767,Yes
6851,Xero Limited,XROLF,-1.19,0.37,1.568,Yes
6852,VTEX,VTEX,-1.41,0.439,0.399,Yes
6853,Azincourt Energy Corp.,AZURF,-3.95,1.222,0.947,No
6854,Nomad Foods Limited,NOMD,-0.94,0.286,0.515,Yes
6855,Sabre Corporation,SABR,-2.21,0.66,1.112,Yes
6856,KLN Logistics Group Limited,KRRYF,-1.74,0.515,0.643,Yes
6857,Integral Metals Corp.,ITGLF,-3.59,1.061,6.097,No
6858,Quadient S.A.,NPACY,-1.42,0.413,0.752,Yes
6859,Direxion Daily SpaceX Bull 2X ETF,LOFF,-10.05,2.978,,
6860,Yiren Digital Ltd.,YRD,-2.34,0.668,1.364,Yes
6861,Seaport Entertainment Group Inc.,SEG,-1.41,0.399,1.245,Yes
6862,CSL Limited,CMXHF,-1.4,0.393,0.241,Yes
6863,Hamamatsu Photonics K.K.,HPHTF,-1.4,0.392,0.814,Yes
6864,Focusrite plc,FOCIF,-1.9,0.521,0.264,No
6865,"Ridgepost Capital, Inc",RPC,-1.44,0.39,1.584,Yes
6866,Greggs plc,GGGSF,-1.17,0.312,0.303,Yes
6867,Text S.A.,LCHTF,-1.43,0.377,0.332,No
6868,Luokung Technology Corp.,LKCOF,-11.56,3.154,4.411,Yes
6869,"Upbound Group, Inc.",UPBD,-1.62,0.42,1.696,Yes
6870,AirJoule Technologies Corporation,AIRJ,-2.75,0.704,2.196,Yes
6871,"comScore, Inc.",SCOR,-2.8,0.716,1.553,Yes
6872,"Azenta, Inc.",AZTA,-1.97,0.499,2.178,Yes
6873,Veru Inc.,VERU,-3.33,0.826,1.034,No
6874,"Vertex, Inc.",VERX,-2.14,0.529,1.575,Yes
6875,Yubico AB,YUBCF,-2.9,0.718,2.868,Yes
6876,"UFP Industries, Inc.",UFPI,-1.22,0.294,0.867,Yes
6877,VSE Corporation,VSECU,-1.76,0.423,0.153,Yes
6878,"LG Display Co., Ltd.",LPL,-1.93,0.462,1.585,Yes
6879,"RPC, Inc.",RES,-1.55,0.368,0.378,Yes
6880,Fairwood Holdings Limited,FRWDF,-1.79,0.419,0.247,Yes
6881,"Molina Healthcare, Inc.",MOH,-2.3,0.536,1.03,Yes
6882,Ibstock plc,IBJHF,-1.34,0.31,0.315,No
6883,Red Canyon Resources Ltd.,REDRF,-2.54,0.587,1.716,Yes
6884,"Energizer Holdings, Inc.",ENR,-1.61,0.371,0.797,Yes
6885,Aventus Capital Inc.,WEDX,-1.03,0.235,0.099,Yes
6886,Aventus Capital Inc.,WEDXF,-1.03,0.235,0.099,Yes
6887,Freshworks Inc.,FRSH,-2.0,0.459,0.96,Yes
6888,"Airtificial Intelligence Structures, S.A.",AITLF,-3.04,0.698,0.349,Yes
6889,"CIM Group, Inc.",CMRF,-2.37,0.538,1.23,No
6890,Jetblack Corp.,JTBK,-5.52,1.268,1.752,Yes
6891,Compagnie de l'Odet,FCODF,-0.96,0.214,0.553,Yes
6892,China Longyuan Power Group Corporation Limited,CLPXF,-1.64,0.362,0.472,No
6893,"Power Integrations, Inc.",POWI,-2.11,0.461,1.871,Yes
6894,"DigitalBridge Group, Inc.",DBRG-PJ,-0.89,0.193,0.448,Yes
6895,"Energy Finders, Inc.",EGYF,-9.62,2.174,2.533,No
6896,Subaru Corporation,FUJHY,-1.17,0.251,0.113,Yes
6897,Ventripoint Diagnostics Ltd.,VPTDF,-3.37,0.729,0.136,Yes
6898,Labrador Iron Ore Royalty Corporation,LIFZF,-0.72,0.154,0.159,Yes
6899,Public Storage,PSA-PG,-0.7,0.15,0.659,Yes
6900,Transat A.T. Inc.,TRZBF,-2.78,0.597,1.838,Yes
6901,"NeOnc Technologies Holdings, Inc.",NTHI,-4.99,1.083,0.654,Yes
6902,WH Smith PLC,WHSMY,-4.38,0.943,1.403,No
6903,"DigitalBridge Group, Inc.",DBRG-PI,-0.93,0.196,0.5,Yes
6904,"Japan Post Insurance Co., Ltd.",JPNPY,-1.17,0.247,2.491,No
6905,Bonterra Energy Corp.,BNEFF,-1.78,0.375,0.167,No
6906,C-Com Satellite Systems Inc.,CYSNF,-1.85,0.388,0.291,Yes
6907,Polen Euro High Yield Bond ETF,PCEB,-0.21,0.044,0.622,Yes
6908,"PagerDuty, Inc.",PD,-2.58,0.533,1.83,Yes
6909,"Nautilus Biotechnology, Inc.",NAUT,-4.26,0.883,0.296,Yes
6910,Fiskars Oyj Abp,FKRAF,-1.17,0.238,0.386,Yes
6911,Avricore Health Inc.,AVCRF,-5.25,1.078,0.793,Yes
6912,Software Effective Solutions Corp.,SFWJ,-7.2,1.485,2.291,Yes
6913,MDxHealth SA,MDXH,-4.34,0.88,1.122,Yes
6914,ASOS Plc,ASOMF,-1.64,0.328,0.515,Yes
6915,"MediciNova, Inc.",MNOV,-2.41,0.481,0.907,Yes
6916,RWS Holdings plc,RWSPF,-2.75,0.537,1.593,Yes
6917,Hang Lung Properties Limited,HLPPY,-1.79,0.343,0.513,Yes
6918,"Tianci International, Inc.",CIIT,-7.38,1.444,0.831,Yes
6919,Aimia Inc.,AIMFF,-1.35,0.255,0.218,Yes
6920,"Traeger, Inc.",COOK,-4.03,0.77,3.273,Yes
6921,Magnum Mining and Exploration Limited,MGUFF,-4.0,0.762,0.72,Yes
6922,Cars.com Inc.,CARS,-2.43,0.459,2.128,Yes
6923,"J.W. Mays, Inc.",MAYS,-1.07,0.199,0.086,Yes
6924,SEACOR Marine Holdings Inc.,SMHI,-2.47,0.461,0.768,Yes
6925,"Dine Brands Global, Inc.",DIN,-2.02,0.375,1.021,Yes
6926,"Calissio Resources Group, Inc.",CRGP,-2.66,0.494,0.024,Yes
6927,Quanex Building Products Corporation,NX,-2.35,0.427,1.024,Yes
6928,Global Energy Metals Corporation,GBLEF,-4.24,0.763,0.884,No
6929,Sow Good Inc.,SOWG,-8.35,1.527,0.628,Yes
6930,Hedgeye 130/30 Equity ETF,HELS,-0.85,0.151,0.351,Yes
6931,"Exponent, Inc.",EXPO,-1.51,0.265,0.489,Yes
6932,Nevada King Gold Corp.,NKGFF,-3.68,0.65,0.087,Yes
6933,"Qfin Holdings, Inc.",QFIN,-2.71,0.473,0.839,Yes
6934,BioScience Health Innovations I,BHIC,-5.18,0.914,2.792,Yes
6935,"Silver Star Properties REIT, Inc.",SLVSQ,-3.57,0.62,2.418,No
6936,Hikma Pharmaceuticals PLC,HKMPF,-1.35,0.231,0.562,Yes
6937,"Northern Oil and Gas, Inc.",NOG,-2.25,0.385,0.236,Yes
6938,SoftwareOne Holding AG,SWONF,-2.94,0.5,1.741,Yes
6939,Bell Rose Capital Inc.,BELR,-11.02,1.94,3.244,No
6940,Helios Fairfax Partners Corporation,FFXXF,-2.63,0.444,0.451,No
6941,Micromem Technologies Inc.,MMTIF,-6.76,1.16,0.463,Yes
6942,Alvotech,ALVO,-3.43,0.578,0.691,Yes
6943,"Precision Optics Corporation, Inc.",POCI,-2.5,0.417,1.015,Yes
6944,Live Ventures Incorporated,LIVE,-5.3,0.896,1.031,Yes
6945,"Shiseido Company, Limited",SSDOY,-2.8,0.468,0.155,No
6946,"Contemporary Amperex Technology Co., Limited",CYATY,-2.86,0.475,4.131,Yes
6947,Ionik Corporation,INIKF,-4.74,0.794,2.059,Yes
6948,"Asahi Group Holdings, Ltd.",ASBRF,-1.84,0.303,0.284,No
6949,"IMAC Holdings, Inc.",BACK,-9.66,1.652,1.629,Yes
6950,Atkore Inc.,ATKR,-2.92,0.481,1.925,Yes
6951,Southern Financial Corporation,SFCO,-1.59,0.258,0.116,Yes
6952,Kestrel Group Ltd,KG,-6.92,1.145,0.816,Yes
6953,Ferrexpo plc,FEEXF,-4.18,0.679,0.695,No
6954,ATIF Holdings Limited,AUC,-5.1,0.831,0.409,Yes
6955,"Roper Technologies, Inc.",ROP,-1.39,0.222,0.407,Yes
6956,"Wewards, Inc.",WEWA,-0.26,0.041,0.005,Yes
6957,PowerCell Sweden AB (publ),PCELF,-4.53,0.723,2.768,Yes
6958,Robert Half Inc.,RHI,-2.62,0.412,0.815,Yes
6959,Cyberfuels Holding Company Inc.,CBRF,-3.03,0.468,1.538,Yes
6960,Profound Medical Corp.,PROF,-3.09,0.474,1.529,Yes
6961,"Acrivon Therapeutics, Inc.",ACRV,-5.96,0.915,2.115,Yes
6962,"Euronet Worldwide, Inc.",EEFT,-1.65,0.246,0.859,Yes
6963,PennantPark Investment Corporation,PNNT,-1.46,0.216,0.537,Yes
6964,Western Energy Services Corp.,WEEEF,-2.04,0.302,0.031,Yes
6965,"Beeline Holdings, Inc.",BLNE,-8.78,1.34,0.721,Yes
6966,Worldwide Holdings Corp.,WWDH,-7.1,1.072,2.635,No
6967,West Japan Railway Company,WJRYY,-1.3,0.191,0.044,Yes
6968,Clear Blue Technologies International Inc.,CBUTF,-7.04,1.058,0.461,Yes
6969,Geekco Technologies Corporation,GKOTF,-5.5,0.819,1.643,Yes
6970,"Lexeo Therapeutics, Inc.",LXEO,-5.33,0.789,1.503,Yes
6971,"LiveWire Group, Inc.",LVWR,-7.95,1.193,1.952,Yes
6972,Bayerische Motoren Werke Aktiengesellschaft,BMWKY,-1.98,0.288,0.768,Yes
6973,"Mammoth Energy Services, Inc.",TUSK,-3.15,0.461,1.207,Yes
6974,Oaktree Specialty Lending Corporation,OCSL,-1.2,0.172,0.492,Yes
6975,Croda International Plc,COIHY,-1.84,0.264,0.777,Yes
6976,Magnera Corporation,MAGN,-4.64,0.672,1.204,Yes
6977,Summit State Bank,SSBI,-2.04,0.29,0.375,Yes
6978,"Gaia, Inc.",GAIA,-3.93,0.561,0.825,Yes
6979,"Mojo Data Solutions, Inc.",MJDS,-6.86,0.995,0.598,Yes
6980,Copper Quest Exploration Inc.,IMIMF,-6.27,0.897,0.01,Yes
6981,Globavend Holdings Limited,GVH,-11.85,1.742,3.511,Yes
6982,Elisa Oyj,ELMUF,-1.62,0.226,0.188,Yes
6983,The Clorox Company,CLX,-2.09,0.292,0.606,Yes
6984,TomTom N.V.,TMOAF,-3.52,0.494,0.922,Yes
6985,COVER Corporation,COVCF,-3.66,0.509,1.596,Yes
6986,Electric Royalties Ltd.,ELECF,-4.16,0.58,0.533,Yes
6987,"Bloomia Holdings, Inc.",TULP,-3.73,0.514,0.531,Yes
6988,HH Biotechnology Holdings Company,HHBT,-5.57,0.773,0.178,Yes
6989,Breedon Group plc,BRDNF,-1.86,0.253,0.043,No
6990,"Baidu, Inc.",BIDU,-3.13,0.429,1.076,Yes
6991,"Grupo Simec, S.A.B. de C.V.",SIM,-1.09,0.148,0.09,No
6992,Grand Baoxin Auto Group Limited,GBXXY,-5.68,0.774,0.44,Yes
6993,China Mengniu Dairy Company Limited,CIADF,-3.73,0.503,1.584,No
6994,Interfor Corporation,IFSPF,-3.24,0.435,1.212,Yes
6995,HUTCHMED (China) Limited,HCM,-3.05,0.409,0.312,No
6996,"Skyworks Solutions, Inc.",SWKS,-2.85,0.381,1.849,Yes
6997,Hamamatsu Photonics K.K.,HPHTY,-4.18,0.561,0.623,Yes
6998,JG Boswell Company,BWEL,-1.08,0.142,0.092,Yes
6999,Randstad N.V.,RANJF,-2.28,0.298,0.767,Yes
7000,Atlas Trinity Tech Limited,ATTT,-11.64,1.584,2.543,No
7001,"BARK, Inc.",BARK,-5.3,0.695,2.026,Yes
7002,Sisram Medical Ltd,SRAMF,-9.6,1.278,1.045,No
7003,"MasterBrand, Inc.",MBC,-3.47,0.448,1.633,Yes
7004,PEDEVCO Corp.,PED,-3.54,0.452,0.279,No
7005,"ICF International, Inc.",ICFI,-2.84,0.363,0.75,Yes
7006,MSA Safety Incorporated,MNESP,-1.43,0.181,0.026,No
7007,PT Bank Rakyat Indonesia (Persero) Tbk,BKRKF,-3.79,0.482,0.715,Yes
7008,IG Design Group plc,IGDFF,-3.59,0.455,0.29,No
7009,Melexis NV,MLXSF,-2.58,0.323,0.85,Yes
7010,"Ludwig Enterprises, Inc.",LUDG,-11.32,1.473,1.864,No
7011,"Creative Medical Technology Holdings, Inc.",CELZ,-7.1,0.904,1.608,Yes
7012,"Green Globe International, Inc.",GGII,-10.4,1.341,2.664,Yes
7013,"Daikin Industries,Ltd.",DKILF,-2.21,0.271,0.614,Yes
7014,"Brighthouse Financial, Inc.",BHFAM,-2.03,0.247,0.916,Yes
7015,MFS Blended Research Small-Mid Cap ETF,BRSM,-1.01,0.122,,
7016,Mereo BioPharma Group plc,MREO,-6.82,0.849,0.257,Yes
7017,RH,RH,-4.47,0.549,2.272,Yes
7018,Coveo Solutions Inc.,CVOSF,-4.58,0.563,2.066,Yes
7019,"Mag Mile Capital, Inc.",MMCP,-14.4,1.858,3.626,No
7020,"Electromedical Technologies, Inc.",EMED,-8.9,1.105,1.304,Yes
7021,"Avantor, Inc.",AVTR,-3.62,0.438,1.245,Yes
7022,PT Astra International Tbk,PTAIY,-2.29,0.276,0.087,Yes
7023,Shenguan Holdings (Group) Limited,SHGXY,-2.51,0.299,0.481,No
7024,Nexus Uranium Corp.,NEXUF,-7.68,0.939,0.498,No
7025,"NTT, Inc.",NPPXF,-1.74,0.207,0.346,Yes
7026,PROCEPT BioRobotics Corporation,PRCT,-4.02,0.481,1.558,Yes
7027,HLS Therapeutics Inc.,HLTRF,-3.54,0.421,0.013,Yes
7028,Stevanato Group S.p.A.,STVN,-3.25,0.386,0.87,Yes
7029,Destiny Media Technologies Inc.,DSNY,-4.57,0.545,0.457,No
7030,"Redwood Trust, Inc. 9.00% Senio",RWTO,-0.43,0.05,0.143,Yes
7031,Sojitz Corporation,SZHFY,-2.92,0.345,0.266,No
7032,OFX Group Limited,OZFRY,-4.74,0.564,1.009,No
7033,Global Payments Inc.,GPN,-2.56,0.3,1.009,Yes
7034,ICON Public Limited Company,ICLR,-3.68,0.433,1.138,Yes
7035,Blue Water Petroleum Corp.,BWPC,-18.08,2.281,3.037,No
7036,"Certara, Inc.",CERT,-4.7,0.553,1.351,Yes
7037,"Option Care Health, Inc.",OPCH,-3.35,0.392,0.358,Yes
7038,Evoke plc,EIHDF,-5.25,0.612,1.282,Yes
7039,Volvo Car AB (publ.),VLVCY,-5.41,0.625,2.148,Yes
7040,Gentherm Incorporated,THRM,-3.41,0.39,1.888,Yes
7041,Canadian Goldfields Discovery Corp.,CGMXF,-10.09,1.192,1.311,Yes
7042,Provaris Energy Ltd,GBBLF,-9.27,1.09,1.138,Yes
7043,Garden Stage Limited,GSIW,-12.69,1.517,3.966,Yes
7044,Imerys S.A.,IMYSF,-2.44,0.276,0.298,Yes
7045,Lucky Strike Entertainment Corporation,LUCK,-3.77,0.428,1.219,Yes
7046,Westbridge Renewable Energy S.A.,WEGYF,-5.5,0.628,1.372,Yes
7047,"Enviro-Serv, Inc.",EVSV,-11.14,1.302,2.825,Yes
7048,Piaggio & C. SpA,PIAGF,-2.58,0.289,0.962,Yes
7049,Wheels Up Experience Inc.,UP,-10.48,1.219,2.723,Yes
7050,"LGI Homes, Inc.",LGIH,-4.9,0.554,1.98,Yes
7051,Wishpond Technologies Ltd.,WPNDF,-7.12,0.81,1.278,No
7052,Weimob Inc.,WEMXF,-6.1,0.688,1.051,No
7053,Manulife Financial Corporation,MNUFF,-1.82,0.2,0.052,Yes
7054,"First Niles Financial, Inc.",FNFI,-1.45,0.158,0.081,No
7055,Stora Enso Oyj,SEOJF,-3.23,0.354,0.068,No
7056,"Bob's Discount Furniture, Inc.",BOBS,-7.69,0.859,1.838,Yes
7057,"Asana, Inc.",ASAN,-4.94,0.543,0.967,Yes
7058,GameOn Entertainment Technologies Inc.,GMETF,-13.58,1.557,0.244,Yes
7059,Lakefront Biotherapeutics NV,LKFT,-2.63,0.284,0.42,Yes
7060,"WEED, Inc.",BUDZ,-7.73,0.856,1.913,Yes
7061,ReGen III Corp.,ISRJF,-7.07,0.778,1.62,Yes
7062,J and Friends Holdings Limited,JF,-2.08,0.222,0.297,Yes
7063,Freedom Gold Corp.,SPODF,-13.71,1.542,0.37,No
7064,Daqo New Energy Corp.,DQ,-6.29,0.677,1.22,Yes
7065,Crown LNG Holdings Limited,CGBSF,-25.87,3.089,3.18,Yes
7066,Great Portland Estates Plc,GPEAF,-2.61,0.272,0.601,Yes
7067,"Cannabis Bioscience International Holdings, Inc.",CBIH,-8.27,0.888,0.128,Yes
7068,"Maximus, Inc.",MMS,-2.79,0.292,0.716,Yes
7069,"Orbia Advance Corporation, S.A.B. de C.V.",MXCHY,-5.12,0.536,1.205,Yes
7070,Marubeni Corporation,MARUY,-5.7,0.598,0.511,Yes
7071,"GoodRx Holdings, Inc.",GDRX,-4.73,0.493,1.537,Yes
7072,Mills Music Trust,MMTRS,-2.34,0.24,0.06,No
7073,"SpyGlass Pharma, Inc.",SGP,-4.57,0.475,0.925,No
7074,Research Frontiers Incorporated,REFR,-6.73,0.705,1.654,Yes
7075,OrthoPediatrics Corp.,KIDS,-3.65,0.378,0.899,Yes
7076,Whitbread plc,WTBDY,-2.54,0.258,0.562,Yes
7077,HEXPOL AB (publ),HXXPY,-1.71,0.172,0.074,Yes
7078,BICO Group AB (publ),BCCOY,-6.46,0.667,2.466,Yes
7079,Oxford Lane Capital Corp.,OXLC,-2.89,0.292,0.251,Yes
7080,BayFirst Financial Corp.,BAFN,-4.93,0.504,0.795,Yes
7081,"New Concept Energy, Inc.",GBR,-4.36,0.444,1.11,Yes
7082,CHAR Technologies Ltd.,CTRNF,-5.53,0.563,1.372,Yes
7083,Tronox Holdings plc,TROX,-6.4,0.654,0.7,Yes
7084,Haidilao International Holding Ltd.,HDALF,-4.21,0.424,0.694,No
7085,Tribeca Resources Corporation,TRRCF,-4.31,0.434,0.193,Yes
7086,"WW International, Inc.",WW,-9.32,0.96,1.872,Yes
7087,"Upstream Bio, Inc.",UPB,-9.36,0.96,1.287,Yes
7088,"Canadian Tire Corporation, Limited",CDNTF,-3.74,0.371,0.316,Yes
7089,Oxford Square Capital Corp.,OXSQ,-3.47,0.343,0.187,No
7090,Tekcapital plc,TEKCF,-5.58,0.556,0.06,Yes
7091,Volkswagen AG,VLKAF,-3.22,0.316,0.981,Yes
7092,BC Moly Ltd.,CYUXF,-3.63,0.356,0.209,No
7093,"Scienture Holdings, Inc.",SCNX,-12.76,1.307,5.099,Yes
7094,Capgemini SE,CAPMF,-3.65,0.357,0.949,Yes
7095,"Akari Therapeutics, Plc",AKTX,-14.8,1.521,2.228,Yes
7096,"MaxCyte, Inc.",MXCT,-7.05,0.695,2.515,Yes
7097,Mondi plc,MONDY,-3.29,0.318,0.106,Yes
7098,Sysmex Corporation,SSMXY,-3.34,0.322,0.683,Yes
7099,Bayerische Motoren Werke Aktiengesellschaft,BAMXF,-3.19,0.307,0.596,Yes
7100,The Trendlines Group Ltd.,TRNLY,-5.81,0.565,1.215,Yes
7101,American Picture House Corporation,APHP,-8.51,0.837,0.323,No
7102,"Kodiak AI, Inc.",KDK,-11.74,1.171,1.864,Yes
7103,Baxter International Inc.,BAX,-3.84,0.368,0.664,Yes
7104,BGM Group Ltd.,BGM,-11.67,1.161,2.572,Yes
7105,Z Squared Inc.,ZSQR,-11.72,1.164,0.634,Yes
7106,eDreams ODIGEO S.A.,EDEMY,-3.39,0.323,0.637,Yes
7107,Advanced Flower Capital Inc.,AFCG,-4.95,0.474,0.919,Yes
7108,BioELife Corp.,LITH,-8.24,0.799,0.557,Yes
7109,Localiza Rent a Car S.A.,LZRFY,-5.22,0.496,0.286,Yes
7110,GreenLight Metals Inc.,GRLMF,-10.74,1.035,12.759,Yes
7111,"Brighthouse Financial, Inc.",BHFAN,-2.96,0.272,0.869,Yes
7112,"X4 Pharmaceuticals, Inc.",XFOR,-12.38,1.189,0.107,Yes
7113,Borealis Foods Inc.,BRLS,-12.46,1.196,1.222,Yes
7114,Spruce Power Holding Corporation,SPRU,-8.6,0.808,0.077,No
7115,Buru Energy Limited,BRNGF,-10.79,1.023,2.098,No
7116,Enovix Corporation,ENVX,-9.21,0.865,3.807,Yes
7117,"Guangzhou Automobile Group Co., Ltd.",GNZUF,-5.2,0.479,0.4,No
7118,"John B. Sanfilippo & Son, Inc.",JBSS,-2.88,0.262,0.095,No
7119,"EVERTEC, Inc.",EVTC,-3.15,0.286,0.392,Yes
7120,Nord Precious Metals Mining Inc.,NPMMF,-6.87,0.636,0.735,Yes
7121,PT Bank Mandiri (Persero) Tbk,PPERF,-4.15,0.378,0.504,No
7122,Open Text Corporation,OTEX,-3.46,0.314,0.988,Yes
7123,Renegade Gold Inc.,RENGF,-8.75,0.811,1.687,No
7124,Chain Bridge I,CBRRF,-1.06,0.093,0.056,Yes
7125,"Infrax Systems, Inc.",IFXY,-8.93,0.817,1.708,No
7126,"Daikin Industries,Ltd.",DKILY,-2.95,0.261,0.535,Yes
7127,Infrastrutture Wireless Italiane S.p.A.,IFSUF,-3.93,0.349,1.137,Yes
7128,"Grupo Bimbo, S.A.B. de C.V.",GRBMF,-3.82,0.338,0.634,Yes
7129,"CKX Lands, Inc.",CKX,-2.55,0.224,0.183,Yes
7130,ITOCHU Corporation,ITOCF,-5.68,0.506,0.677,Yes
7131,Sonic Healthcare Limited,SKHCF,-3.87,0.342,0.536,Yes
7132,"Choice Hotels International, Inc.",CHH,-2.51,0.22,0.324,Yes
7133,"MSC Income Fund, Inc.",MSIF,-2.73,0.239,0.396,Yes
7134,Sharc International Systems Inc.,INTWF,-7.78,0.699,1.184,Yes
7135,"PepsiCo, Inc.",PEP,-1.84,0.16,0.213,Yes
7136,"Bluerock Homes Trust, Inc.",BHM,-4.0,0.352,0.126,No
7137,Victrex plc,VTXPF,-4.23,0.37,0.518,Yes
7138,Nouveau Monde Graphite Inc.,NMG,-6.18,0.545,0.817,Yes
7139,ClearVue Technologies Limited,CVUEF,-9.23,0.825,1.655,Yes
7140,"Rain Enhancement Technologies Holdco, Inc.",RAIN,-14.57,1.329,0.863,No
7141,Wacker Chemie AG,WKCMF,-3.47,0.299,0.111,Yes
7142,POSCO Holdings Inc.,PKX,-5.25,0.455,1.777,Yes
7143,Ceryvyn Therapeutics Limited,CYVNY,-11.78,1.047,2.585,Yes
7144,Luye Pharma Group Ltd.,LYPHF,-5.34,0.459,0.296,Yes
7145,Landis+Gyr Group AG,LDGYY,-3.85,0.328,0.896,Yes
7146,Chicago Rivet & Machine Co.,CVR,-5.6,0.48,0.489,Yes
7147,KDDI Corporation,KDDIF,-4.78,0.408,0.508,Yes
7148,"Marqeta, Inc.",MQ,-4.71,0.401,0.508,Yes
7149,"Bath & Body Works, Inc.",BBWI,-5.45,0.465,1.475,Yes
7150,The Kraft Heinz Company,KHC,-2.29,0.192,0.137,Yes
7151,"Enphase Energy, Inc.",ENPH,-10.01,0.872,2.1,Yes
7152,Peloton Minerals Corporation,PMCCF,-5.35,0.456,0.762,Yes
7153,Albany International Corp.,AIN,-4.88,0.413,1.378,Yes
7154,Rhelion Life Sciences Corp.,TRUFF,-9.59,0.83,3.564,Yes
7155,"Puissant Industries, Inc.",PSSS,-16.68,1.492,2.614,No
7156,Prosperity Real Estate Investment Trust,PREUF,-2.5,0.207,0.127,No
7157,Biogen Inc.,BIIB,-2.97,0.243,0.348,Yes
7158,Versus Systems Inc.,VS,-8.66,0.727,0.179,No
7159,Cymat Technologies Ltd.,CYMHF,-7.41,0.618,0.51,Yes
7160,PureBase Corporation,PUBC,-12.89,1.101,2.837,Yes
7161,HMC Capital Limited,HMCLF,-7.11,0.589,0.414,Yes
7162,Alpha Exploration Ltd.,ALXPF,-6.1,0.499,0.266,Yes
7163,Hoku Corporation,HOKUQ,-9.81,0.816,2.062,No
7164,Terrace Ventures Inc.,TVER,-9.81,0.816,0.55,Yes
7165,DSM-Firmenich AG,DSFIY,-3.51,0.282,0.392,Yes
7166,Golden Cariboo Resources Ltd.,GCCFF,-9.15,0.752,0.338,No
7167,"Latch, Inc.",LTCH,-11.33,0.94,0.604,No
7168,Perusahaan Perseroan (Persero) PT Telekomunikasi Indonesia Tbk,TLKMF,-4.64,0.373,1.54,Yes
7169,Sinopharm Group Co. Ltd.,SHTDF,-4.28,0.343,0.357,No
7170,Mirasol Resources Ltd.,MRZLF,-6.2,0.501,0.115,Yes
7171,SEEK Limited,SKLTF,-3.76,0.299,0.487,No
7172,"Cloudweb, Inc.",CLOW,-16.88,1.432,2.584,No
7173,,CICC,-1.17,0.092,0.357,Yes
7174,"Willamette Valley Vineyards, Inc.",WVVIP,-2.94,0.232,0.143,No
7175,"DigitalBridge Group, Inc.",DBRG-PH,-2.37,0.185,0.512,Yes
7176,DPC Dash Ltd,DPCDF,-6.87,0.549,1.023,Yes
7177,"National CineMedia, Inc.",NCMI,-6.2,0.493,0.879,Yes
7178,"Crescent Capital BDC, Inc.",CCAP,-2.72,0.212,0.655,Yes
7179,Liberty Global Ltd.,LBTYB,-4.45,0.347,0.033,Yes
7180,PT Bank Mandiri (Persero) Tbk,PPERY,-3.91,0.304,0.243,Yes
7181,Boiron SA,BOIRF,-3.54,0.274,0.056,Yes
7182,Arkema S.A.,ARKAY,-3.24,0.249,0.44,Yes
7183,Xinyi Solar Holdings Limited,XISHY,-6.28,0.489,0.02,Yes
7184,Next 15 Group plc,NXFNF,-8.27,0.649,1.343,Yes
7185,ENAV S.p.A.,EENNF,-2.27,0.171,0.227,Yes
7186,"StandardAero, Inc.",SARO,-4.09,0.311,0.846,Yes
7187,FW Thorpe Plc,THFWF,-2.34,0.176,0.413,Yes
7188,Toogood Gold Corp.,TGGCF,-8.88,0.688,1.39,Yes
7189,"Yatra Online, Inc.",YTRA,-7.82,0.601,1.488,Yes
7190,"C3.ai, Inc.",AI,-8.66,0.666,2.629,Yes
7191,"FTI Consulting, Inc.",FCN,-3.11,0.232,0.053,No
7192,Capgemini SE,CGEMY,-4.13,0.31,0.946,Yes
7193,"Fidelity National Information Services, Inc.",FIS,-3.87,0.29,0.707,Yes
7194,New Found Gold Corp.,NFGC,-8.17,0.623,1.66,Yes
7195,SIG Group AG,SCBGF,-4.87,0.365,0.051,No
7196,WPP plc,WPP,-5.42,0.406,0.747,Yes
7197,"Aviat Networks, Inc.",AVNW,-5.81,0.436,0.594,Yes
7198,Champion Gaming Group Inc.,WGRFF,-8.98,0.684,0.2,Yes
7199,Flight Centre Travel Group Limited,FGETF,-4.39,0.327,0.17,No
7200,Nyxoah SA,NYXH,-12.99,1.008,2.012,Yes
7201,"SG Holdings Co.,Ltd.",SGHDY,-4.36,0.324,0.836,No
7202,Docebo Inc.,DCBO,-5.64,0.421,1.037,Yes
7203,Black Bear Minerals Limited,BKBMF,-14.67,1.146,15.635,Yes
7204,Defiance Daily Target 2X Long Copper Miners ETF,COPZ,-12.66,0.976,3.382,Yes
7205,"Tilray Brands, Inc.",TLRY,-13.81,1.071,0.922,Yes
7206,Boss Energy Limited,BQSSF,-9.14,0.692,0.071,Yes
7207,Rigaku Holdings Corporation,RGAKF,-9.51,0.72,1.869,Yes
7208,Shoe Station Group Inc.,SHOE,-6.15,0.458,1.916,Yes
7209,"Lingerie Fighting Championships, Inc.",BOTY,-17.09,1.339,2.616,Yes
7210,PAMT CORP,PAMT,-6.93,0.515,1.317,Yes
7211,"LegalZoom.com, Inc.",LZ,-6.75,0.501,1.567,Yes
7212,"Eco-Tek Group, Inc.",ETEK,-11.36,0.862,0.025,No
7213,Polaris Inc.,PII,-5.22,0.385,1.787,Yes
7214,Jaws Mustang Acquisition Corporation,JWSUF,-1.96,0.141,0.457,Yes
7215,"Orbia Advance Corporation, S.A.B. de C.V.",MXCHF,-6.47,0.476,0.516,Yes
7216,"Endovia Health Sciences, Inc.",EDVA,-30.52,2.556,0.268,Yes
7217,Lavoro Limited,LVROF,-25.36,2.058,4.476,Yes
7218,National Beverage Corp.,FIZZ,-3.87,0.28,0.675,Yes
7219,Space Exploration Technologies Corp.,SPCX,-21.44,1.694,,
7220,"BBX Capital, Inc.",BBXIA,-5.32,0.384,0.602,Yes
7221,Weyerhaeuser Company,WY,-3.4,0.243,0.819,Yes
7222,Greenland Technologies Holding Corporation,GTEC,-10.92,0.809,0.327,Yes
7223,WPP plc,WPPGF,-5.34,0.384,0.621,Yes
7224,PeptiDream Inc.,PPTDF,-6.38,0.46,0.443,Yes
7225,NEXE Innovations Inc.,NEXNF,-9.38,0.684,1.29,Yes
7226,Better Collective A/S,BTRCF,-5.59,0.399,1.041,Yes
7227,Vecima Networks Inc.,VNWTF,-5.32,0.379,0.212,Yes
7228,Circle Internet Group,CRCL,-12.42,0.914,0.594,Yes
7229,"WhiteHorse Finance, Inc.",WHF,-3.33,0.234,0.177,No
7230,"Altigen Communications, Inc.",ATGN,-4.71,0.332,0.501,Yes
7231,Brii Biosciences Limited,BRIBF,-11.56,0.841,2.605,No
7232,Chocoladefabriken Lindt & Sprüngli AG,CHLSY,-4.09,0.287,0.124,No
7233,Life Insurance Company Of Alabama,LINSA,-6.78,0.478,1.459,Yes
7234,Kering SA,PPRUY,-5.32,0.369,0.937,Yes
7235,Wipro Limited,WIT,-3.9,0.268,0.969,Yes
7236,W. R. Berkley Corporation 5.70% SB DB 2058,WRB-PE,-1.91,0.13,0.735,Yes
7237,PT Jasa Marga (Persero) Tbk,PTJSY,-4.24,0.291,0.639,Yes
7238,Hamborner REIT AG,HMBRF,-1.62,0.109,0.075,No
7239,iShares iBonds Oct 2036 Term TIPS ETF,IBIM,-0.5,0.034,0.18,Yes
7240,Key Tronic Corporation,KTCC,-7.11,0.487,1.483,Yes
7241,Teleflex Incorporated,TFX,-4.77,0.323,0.703,Yes
7242,"Yakult Honsha Co.,Ltd.",YKLTY,-4.86,0.328,0.066,Yes
7243,FTI Foodtech International Inc.,FTIDF,-19.41,1.406,1.891,Yes
7244,Hemnet Group AB (publ),HMNTY,-7.07,0.48,1.549,Yes
7245,SGL Carbon SE,SGLFF,-6.02,0.406,0.843,Yes
7246,Prime US REIT,KBSUF,-6.42,0.434,0.526,No
7247,"Sportsman's Warehouse Holdings, Inc.",SPWH,-12.43,0.865,0.164,Yes
7248,THG Plc,THGPF,-4.8,0.32,0.818,No
7249,"Blackstone Mortgage Trust, Inc.",BXMT,-3.12,0.205,0.518,Yes
7250,"Flux Power Holdings, Inc.",FLUX,-15.64,1.093,0.977,Yes
7251,"United Health Products, Inc.",UEEC,-14.83,1.03,2.126,No
7252,"Vera Bradley, Inc.",VRA,-7.94,0.532,1.32,Yes
7253,"Entrada Therapeutics, Inc.",TRDA,-8.85,0.595,0.042,Yes
7254,Grange Resources Limited,GRRLF,-10.33,0.698,0.999,Yes
7255,H.B. Fuller Company,FUL,-3.53,0.231,0.932,Yes
7256,"TScan Therapeutics, Inc.",TCRX,-11.8,0.799,2.454,Yes
7257,Wolters Kluwer N.V.,WOLTF,-5.03,0.329,0.365,Yes
7258,Paysafe Limited,PSFE,-7.82,0.519,1.455,Yes
7259,Hazer Group Limited,HZRGF,-8.23,0.546,0.496,Yes
7260,Kemper Corporation,KMPR,-5.1,0.333,0.833,Yes
7261,Columbus McKinnon Corporation,CMCO,-7.48,0.493,1.758,Yes
7262,enCore Energy Corp.,EU,-9.94,0.662,2.818,Yes
7263,Sysmex Corporation,SSMXF,-5.18,0.337,0.122,Yes
7264,"Cibus, Inc.",CBUS,-16.39,1.124,1.257,Yes
7265,Maase Inc.,MAAS,-17.03,1.166,0.577,Yes
7266,"Klaviyo, Inc.",KVYO,-6.9,0.449,0.568,Yes
7267,Booz Allen Hamilton Holding Corporation,BAH,-5.03,0.322,0.075,Yes
7268,Kairous Acquisition Corp. Limited,KACLF,-20.74,1.438,0.488,Yes
7269,Prosper Gold Corp.,PGXFF,-12.43,0.824,1.117,Yes
7270,Toucan Interactive Corp.,TCNT,-10.84,0.713,1.266,No
7271,Famous Brands Limited,FMBRY,-4.33,0.275,0.15,No
7272,VNV Global AB (publ),VSTKF,-4.06,0.257,0.205,Yes
7273,AgriEuro Corp.,EURI,-12.88,0.852,0.771,No
7274,"ProtoKinetix, Incorporated",PKTX,-17.42,1.179,2.186,Yes
7275,Blackbird plc,BBRDF,-14.5,0.966,0.556,Yes
7276,"Ono Pharmaceutical Co., Ltd.",OPHLY,-3.74,0.235,0.02,No
7277,Telix Pharmaceuticals Limited,TLX,-8.36,0.536,0.167,No
7278,"JFE Holdings, Inc.",JFEEF,-5.31,0.334,0.213,No
7279,"BDO Unibank, Inc.",BDOUY,-4.11,0.256,0.298,Yes
7280,"Xos, Inc.",XOS,-11.98,0.775,1.893,Yes
7281,"Ibotta, Inc.",IBTA,-11.78,0.756,0.237,No
7282,Pollard Banknote Limited,PBKOF,-6.04,0.375,0.931,Yes
7283,Nasus Pharma Ltd.,NSRX,-14.97,0.971,4.169,Yes
7284,,USIC,-6.74,0.418,0.491,No
7285,Mazda Motor Corporation,MZDAF,-5.05,0.31,0.375,Yes
7286,"M3, Inc.",MTHRY,-6.87,0.425,0.331,Yes
7287,Flowco Holdings Inc.,FLOC,-6.16,0.379,0.94,Yes
7288,Universal Robina Corporation,UVRBF,-7.76,0.482,0.431,Yes
7289,Nihon Kohden Corporation,NHNKY,-4.86,0.297,0.362,Yes
7290,Endeavour Group Limited,EDVGF,-4.54,0.276,0.072,Yes
7291,,CVPUF,-5.49,0.334,0.055,No
7292,"Simulations Plus, Inc.",SLP,-9.41,0.582,1.268,Yes
7293,Kering SA,PPRUF,-6.08,0.37,1.134,Yes
7294,Vado Corp.,VADP,-25.81,1.736,2.887,No
7295,New England Realty Associates Limited Partnership,NEN,-2.16,0.128,0.173,Yes
7296,Ayr Wellness Inc.,AYRWF,-27.81,1.872,1.292,Yes
7297,Corporate Travel Management Limited,CTMLF,-2.39,0.141,0.242,Yes
7298,Teradata Corporation,TDC,-6.86,0.412,0.652,Yes
7299,Palmer Square Capital BDC Inc.,PSBD,-3.23,0.19,0.879,Yes
7300,The Mosaic Company,MOS,-5.33,0.317,0.412,Yes
7301,"Yamato Holdings Co., Ltd.",YATRY,-4.87,0.288,0.135,Yes
7302,CapitaLand China Trust,CLDHF,-4.43,0.261,0.553,No
7303,Dow Inc.,DOW,-6.0,0.356,0.301,No
7304,"Innventure, Inc.",INV,-16.8,1.051,0.938,Yes
7305,Columbia Sportswear Company,COLM,-4.04,0.237,1.027,Yes
7306,374Water Inc.,SCWO,-13.83,0.85,0.873,No
7307,Accenture plc,ACN,-6.63,0.392,0.888,Yes
7308,"Apple Rush Company, Inc.",APRU,-18.21,1.141,2.61,Yes
7309,Melco Resorts & Entertainment Limited,MLCO,-9.16,0.545,0.981,Yes
7310,"Copart, Inc.",CPRT,-5.01,0.29,0.789,Yes
7311,"McCormick & Company, Incorporated",MKC,-4.69,0.271,0.478,Yes
7312,Bangkok Dusit Medical Services Public Company Limited,BDUUF,-2.67,0.152,0.103,No
7313,1RT Acquisition Corp.,ONCHU,-0.34,0.019,0.058,Yes
7314,Entain Plc,GMVHF,-7.25,0.421,0.855,Yes
7315,Agile Group Holdings Limited,AGPYY,-17.39,1.065,1.085,Yes
7316,Visteon Corporation,VC,-5.35,0.307,1.296,Yes
7317,Azimut Exploration Inc.,AZMTF,-8.42,0.49,0.911,Yes
7318,Ford Otomotiv Sanayi A.S.,FOVSY,-7.28,0.42,0.154,No
7319,Holmen AB (publ),HLMNY,-1.83,0.103,0.186,Yes
7320,Entain Plc,GMVHY,-7.06,0.404,0.679,Yes
7321,"HG Holdings, Inc.",STLY,-7.92,0.455,0.14,No
7322,"JinkoSolar Holding Co., Ltd.",JKS,-8.58,0.494,0.363,Yes
7323,Canterbury Park Holding Corporation,CPHC,-3.83,0.215,0.521,Yes
7324,"Fundrise Growth Tech Fund, LLC",VCX,-38.58,2.63,5.826,Yes
7325,PS International Group Ltd.,PSIG,-14.47,0.853,0.618,Yes
7326,Digimarc Corporation,DMRC,-15.8,0.938,4.036,Yes
7327,Travis Perkins plc,TVPKF,-5.03,0.282,0.224,Yes
7328,"United Parcel Service, Inc.",UPS,-4.57,0.255,0.935,Yes
7329,"Alliance Global Group, Inc.",ALGGY,-6.3,0.354,0.466,Yes
7330,Latrobe Magnesium Limited,LTRBF,-15.4,0.904,0.265,No
7331,AH REALTY TRUST INC,AHRT,-4.72,0.262,1.114,Yes
7332,San Miguel Corporation,SMGBF,-8.36,0.47,0.604,Yes
7333,Nel ASA,NLLSF,-13.81,0.797,2.217,Yes
7334,HDFC Bank Limited,HDB,-4.66,0.257,0.457,Yes
7335,Flutter Entertainment plc,FLUT,-7.19,0.401,1.112,Yes
7336,"BillionToOne, Inc.",BLLN,-14.04,0.809,0.033,Yes
7337,Oyster Enterprises II Acquisition Corp,OYSER,-10.32,0.582,2.176,Yes
7338,Element79 Gold Corp.,ELMGF,-18.77,1.103,3.363,Yes
7339,"Lamb Weston Holdings, Inc.",LW,-7.13,0.394,0.979,Yes
7340,"Hudson Pacific Properties, Inc.",HPP,-14.17,0.81,3.405,Yes
7341,"Jasper Therapeutics, Inc.",JSPR,-17.51,1.018,2.118,Yes
7342,PAR Technology Corporation,PAR,-9.53,0.531,2.125,Yes
7343,LANXESS Aktiengesellschaft,LNXSF,-6.98,0.384,0.866,Yes
7344,Treasury Wine Estates Limited,TSRYF,-8.11,0.448,1.66,Yes
7345,TAG Oil Ltd.,TAOIF,-16.11,0.926,0.04,Yes
7346,"SmartRent, Inc.",SMRT,-9.66,0.536,0.905,Yes
7347,"Marten Transport, Ltd.",MRTN,-5.19,0.282,1.253,Yes
7348,Skywealth Group Inc.,SKWG,-7.76,0.425,0.792,No
7349,Liberty Capital Corporation,GLIBA,-8.18,0.448,0.861,No
7350,Tecan Group AG,TCHBF,-6.9,0.375,1.271,Yes
7351,Wah Fu Education Group Limited,WAFU,-6.97,0.379,1.619,Yes
7352,Parkson Retail Group Limited,PKSGY,-4.93,0.266,0.258,No
7353,Vindicator Silver Lead Mining Co.,VINS,-16.2,0.922,0.295,Yes
7354,"Nippon Shinyaku Co., Ltd.",NPPNY,-8.6,0.47,0.703,No
7355,"CASI Pharmaceuticals, Inc.",CASIF,-20.29,1.179,2.785,Yes
7356,Wienerberger AG,WBRBF,-4.4,0.236,0.005,Yes
7357,Youxin Technology Ltd,YAAS,-34.7,2.193,0.423,Yes
7358,Kosmos Energy Ltd.,KOS,-12.96,0.717,0.658,Yes
7359,"Inspire Medical Systems, Inc.",INSP,-13.43,0.743,0.221,Yes
7360,"EVI Industries, Inc.",EVI,-8.21,0.442,0.589,Yes
7361,"Mass Megawatts Wind Power, Inc.",MMMW,-20.97,1.202,0.441,Yes
7362,Lenzing Aktiengesellschaft,LNZNF,-8.15,0.436,0.446,Yes
7363,"Walker & Dunlop, Inc.",WD,-7.91,0.423,1.694,Yes
7364,Sleep Number Corporation,SNBRQ,-24.53,1.425,4.498,Yes
7365,DevEx Resources Limited,UREQF,-22.15,1.268,0.633,No
7366,VERSES AI Inc.,VRSSF,-33.94,2.081,0.43,No
7367,Jersey Oil and Gas Plc,JYOGF,-6.84,0.359,0.995,No
7368,"Saxon Capital Group, Inc.",SCGX,-8.77,0.464,0.581,No
7369,PCM Fund Inc.,PCM,-3.55,0.182,0.338,Yes
7370,Lithium Chile Inc.,LTMCF,-8.51,0.447,0.296,Yes
7371,"Gartner, Inc.",IT,-8.56,0.449,1.4,Yes
7372,"Photozou Holdings, Inc.",PTZH,-15.96,0.867,1.078,No
7373,Worley Limited,WYGPF,-6.28,0.325,1.117,Yes
7374,Bally's Corporation,BALY,-14.52,0.782,2.862,Yes
7375,Westlake Corporation,WLK,-7.51,0.389,0.085,Yes
7376,WhiteHawk Minerals Corp.,WHK,-4.43,0.225,,
7377,Whitbread plc,WTBCF,-5.11,0.26,0.717,Yes
7378,The Foschini Group Limited,FHNGY,-7.8,0.399,0.989,Yes
7379,CDW Corporation,CDW,-5.02,0.253,0.89,Yes
7380,Superior Plus Corp.,SUUIF,-5.61,0.283,1.066,Yes
7381,"Verisk Analytics, Inc.",VRSK,-4.06,0.202,0.46,Yes
7382,Porsche Automobil Holding SE,POAHY,-4.97,0.249,0.625,Yes
7383,"McCormick & Company, Incorporated",MKC-V,-5.69,0.285,0.467,Yes
7384,"JELD-WEN Holding, Inc.",JELD,-17.24,0.916,2.548,Yes
7385,Sentinel Holdings Ltd.,SNTL,-9.09,0.463,1.04,No
7386,"HNO International, Inc.",HNOI,-25.63,1.424,0.808,No
7387,Repay Holdings Corporation,RPAY,-10.72,0.549,2.87,Yes
7388,Porsche Automobil Holding SE,POAHF,-5.57,0.278,0.718,Yes
7389,AdvanSix Inc.,ASIX,-8.68,0.438,0.434,Yes
7390,Singularity Future Technology Ltd.,SGLY,-24.85,1.367,0.353,No
7391,"Acadia Healthcare Company, Inc.",ACHC,-12.62,0.648,0.24,Yes
7392,"Gold River Productions, Inc.",GRPS,-27.45,1.527,1.914,Yes
7393,"Monro, Inc.",MNRO,-9.59,0.483,1.457,Yes
7394,"Align Technology, Inc.",ALGN,-9.44,0.474,1.755,Yes
7395,AXP Energy Limited,AUNXF,-17.2,0.896,0.17,No
7396,QMC Quantum Minerals Corp.,QMCQF,-14.15,0.726,0.264,No
7397,Dassault Systèmes SE,DASTY,-6.07,0.299,0.839,Yes
7398,Universal Electronics Inc.,UEIC,-9.76,0.489,1.231,Yes
7399,Canada Goose Holdings Inc.,GOOS,-9.31,0.464,1.695,Yes
7400,LANXESS Aktiengesellschaft,LNXSY,-8.5,0.422,0.537,Yes
7401,Aurora Solar Technologies Inc.,AACTF,-17.85,0.926,2.542,Yes
7402,"Rooshine, Inc.",RSAU,-11.28,0.561,0.872,Yes
7403,21Shares FTSE Crypto 10 Index ETF,TTOP,-10.68,0.528,1.175,Yes
7404,Titan NRG Inc.,TTNN,-20.22,1.051,0.434,No
7405,Grocery Outlet Holding Corp.,GO,-12.16,0.605,1.225,Yes
7406,Kenmare Resources plc,KMRPF,-8.45,0.412,0.896,No
7407,Hillcrest Energy Technologies Ltd.,HLRTF,-14.07,0.705,0.338,Yes
7408,Samsonite Group S.A.,SMSOF,-9.81,0.48,0.433,Yes
7409,Türk Hava Yollari Anonim Ortakligi,TKHVY,-6.06,0.291,0.525,Yes
7410,biote Corp.,BTMD,-14.49,0.725,3.151,Yes
7411,Sodexo S.A.,SDXOF,-6.28,0.301,0.023,Yes
7412,Inspire Semiconductor Holdings Inc.,INSSF,-20.0,1.028,0.777,Yes
7413,Rentokil Initial plc,RTO,-6.77,0.325,1.135,Yes
7414,Wolters Kluwer N.V.,WTKWY,-6.34,0.302,0.536,Yes
7415,Carbios SAS,COOSF,-13.63,0.673,0.11,No
7416,"Shiseido Company, Limited",SSDOF,-8.17,0.392,0.101,Yes
7417,Gemina Laboratories Ltd.,GLABF,-18.32,0.926,0.537,Yes
7418,Tiny Ltd.,TNYZF,-13.92,0.687,0.893,No
7419,Perrigo Company plc,PRGO,-9.97,0.482,1.027,Yes
7420,"D&L Industries, Inc.",DLNDY,-9.68,0.467,0.806,Yes
7421,Direxion Daily Gold Bull 2X ETF,UGLD,-14.75,0.73,10.334,Yes
7422,Stadler Rail AG,SRAIF,-5.71,0.27,0.274,Yes
7423,Cosmos Health Inc.,COSM,-20.17,1.025,2.332,Yes
7424,"Mattel, Inc.",MAT,-7.23,0.343,0.893,Yes
7425,Northern Ocean Ltd.,NTNOF,-8.06,0.383,0.403,No
7426,ACV Auctions Inc.,ACVA,-11.22,0.54,2.622,Yes
7427,FactSet Research Systems Inc.,FDS,-6.0,0.281,0.543,Yes
7428,Bessor Minerals Inc.,TRYXF,-7.79,0.366,0.191,No
7429,Intrum AB (publ),INJJF,-17.86,0.881,0.004,No
7430,FBR Limited,FBRKF,-19.23,0.954,1.931,Yes
7431,First Community Financial Corporation,FMFP,-4.58,0.211,0.276,Yes
7432,Stevia Corp.,STEV,-21.01,1.05,3.756,Yes
7433,"HighPeak Energy, Inc.",HPK,-10.52,0.497,0.212,Yes
7434,"Silo Pharma, Inc.",SILO,-21.94,1.1,1.222,Yes
7435,Linkers Industries Limited,LNKS,-40.43,2.27,1.041,Yes
7436,"Builders FirstSource, Inc.",BLDR,-10.02,0.47,1.723,Yes
7437,Churchill Downs Incorporated,CHDN,-5.72,0.263,0.755,Yes
7438,"Brighthouse Financial, Inc.",BHFAP,-5.39,0.247,0.836,Yes
7439,Paradigm Gold Corporation,NKLXF,-14.86,0.714,0.64,Yes
7440,Veltex Corporation,VLXC,-15.15,0.728,0.365,No
7441,"MedwellAI, Inc.",MWAI,-18.54,0.907,1.436,Yes
7442,MustGrow Biologics Corp.,MGROF,-16.05,0.773,0.018,Yes
7443,"bioAffinity Technologies, Inc.",BIAF,-35.62,1.914,3.852,No
7444,"Elah Holdings, Inc.",ELLH,-11.82,0.553,0.068,Yes
7445,BBMG Corporation,BBMPY,-5.64,0.255,0.086,No
7446,Zimplats Holdings Limited,ZMPLF,-10.75,0.498,0.389,Yes
7447,Sands China Ltd.,SCHYY,-8.77,0.402,0.849,Yes
7448,"Baristas Coffee Company, Inc.",BCCI,-14.65,0.691,0.614,Yes
7449,B&M European Value Retail plc,BMRRY,-9.56,0.439,0.383,Yes
7450,"PCS Edventures!, Inc.",PCSV,-7.38,0.335,0.368,Yes
7451,"Daiichi Sankyo Company, Limited",DSKYF,-7.35,0.332,0.442,Yes
7452,Surgical Science Sweden AB (publ),SUSRF,-12.43,0.576,1.256,Yes
7453,Sartorius Aktiengesellschaft,SSSGY,-4.86,0.216,0.109,Yes
7454,"Alsok Co.,Ltd.",SOHGY,-1.41,0.062,0.035,No
7455,Tecan Group AG,TCGGY,-8.67,0.393,0.991,Yes
7456,Amplify Stablecoin Technology Leaders ETF,STBQ,-6.3,0.281,1.042,Yes
7457,"Camping World Holdings, Inc.",CWH,-14.33,0.666,3.34,Yes
7458,Arbe Robotics Ltd.,ARBE,-15.42,0.72,3.766,Yes
7459,Diginex Limited,DGNX,-34.43,1.796,2.819,No
7460,Presidential Realty Corporation,PDNLA,-17.21,0.811,0.746,Yes
7461,Sampo Oyj,SAXPF,-11.07,0.505,0.671,Yes
7462,Allied Properties Real Estate Investment Trust,APYRF,-8.57,0.386,1.24,Yes
7463,Greenvale Energy Ltd,GVLMF,-13.39,0.617,0.703,No
7464,Kelso Technologies Inc.,KIQSF,-10.8,0.491,0.051,Yes
7465,Domino's Pizza Enterprises Limited,DMZPY,-10.87,0.494,1.057,Yes
7466,Ørsted A/S,DNNGY,-12.37,0.563,0.575,Yes
7467,Atlantic Sapphire ASA,AASZF,-34.9,1.806,6.12,Yes
7468,Hainan Meilan International Airport Company Limited,HMCTF,-10.06,0.452,0.451,No
7469,A-Sonic Aerospace Limited,ASNCF,-4.05,0.177,0.385,Yes
7470,Silver Bow Mining Corp.,SBMT,-20.62,0.975,4.445,Yes
7471,Castor Maritime Inc.,CTRM,-11.03,0.495,1.377,Yes
7472,Nano Magic Inc.,NMGX,-30.67,1.533,0.975,Yes
7473,NGX Limited,NGXLF,-12.28,0.553,0.121,Yes
7474,"1-800-FLOWERS.COM, Inc.",FLWS,-10.61,0.473,1.609,Yes
7475,"EPAM Systems, Inc.",EPAM,-11.79,0.528,1.296,Yes
7476,Voip-Pal.com Inc.,VPLM,-17.0,0.782,0.769,Yes
7477,"Caesars Entertainment, Inc.",CZR,-8.2,0.359,1.05,Yes
7478,Grande Group Limited,GRAN,-31.1,1.545,0.01,No
7479,The Cato Corporation,CATO,-13.15,0.588,0.023,No
7480,Dassault Systèmes SE,DASTF,-7.07,0.307,0.883,Yes
7481,PT Bank Central Asia Tbk,PBCRF,-7.43,0.322,0.466,Yes
7482,"APT Systems, Inc.",APTY,-16.09,0.728,0.349,Yes
7483,Blue Owl Technology Finance Corp.,OTF,-7.26,0.313,0.734,No
7484,Electra Battery Materials Corporation,ELBM,-18.38,0.837,2.089,Yes
7485,"HubSpot, Inc.",HUBS,-10.54,0.46,1.206,Yes
7486,Hemogenyx Pharmaceuticals Plc,HOPHF,-17.63,0.798,0.103,Yes
7487,PT Bank Rakyat Indonesia (Persero) Tbk,BKRKY,-7.83,0.336,0.595,Yes
7488,MindMaze Therapeutics Holding SA,RLFTY,-43.61,2.316,5.037,No
7489,"Stoneridge, Inc.",SRI,-14.53,0.645,3.188,Yes
7490,Mazda Motor Corporation,MZDAY,-6.95,0.297,0.483,Yes
7491,"Woodstock Holdings, Inc.",WSFL,-22.42,1.038,0.341,Yes
7492,"Arcadia Biosciences, Inc.",RKDA,-21.45,0.985,0.257,No
7493,Promino Nutritional Sciences Inc.,MUSLF,-19.38,0.879,1.14,Yes
7494,PT Unilever Indonesia Tbk,UNLRY,-10.88,0.472,0.071,No
7495,Novo Nordisk A/S,NVO,-10.0,0.43,1.186,Yes
7496,Ballistic Recovery Systems Inc.,BRSI,-13.89,0.608,0.054,Yes
7497,Cambria Gold Mines Inc.,CAMVF,-25.28,1.175,0.766,Yes
7498,Sonic Healthcare Limited,SKHHY,-5.52,0.231,0.677,Yes
7499,Wearable Devices Ltd.,WLDS,-44.49,2.339,3.148,Yes
7500,Mips AB (publ),MPZAF,-5.93,0.248,0.065,No
7501,Bonterra Resources Inc.,BONXF,-8.81,0.373,0.003,No
7502,Vanguard Target Maturity 2035 Corporate Bond ETF,VBCI,-0.79,0.032,0.097,Yes
7503,"Xsovt Brands, Inc.",XSVT,-23.65,1.079,0.763,No
7504,International Media Acquisition Corp.,IMAQU,-4.66,0.193,0.351,No
7505,Bangkok Dusit Medical Services Public Company Limited,BDULF,-5.93,0.247,0.51,No
7506,"Liberty Defense Holdings, Ltd.",DETX,-15.52,0.675,5.697,Yes
7507,SEB SA,SEBYF,-8.44,0.354,0.351,Yes
7508,Gladstone Land Corporation,LAND,-6.35,0.263,0.524,Yes
7509,SBC Medical Group Holdings Incorporated,SBC,-14.31,0.617,0.984,Yes
7510,"M3, Inc.",MTHRF,-10.09,0.425,0.636,Yes
7511,"Dolby Laboratories, Inc.",DLB,-4.79,0.195,0.516,Yes
7512,"Brighthouse Financial, Inc.",BHFAO,-6.3,0.259,0.895,Yes
7513,Boston Omaha Corporation,BOC,-4.31,0.175,0.235,Yes
7514,Clean Energy Fuels Corp.,CLNE,-13.25,0.561,1.62,Yes
7515,"SoundThinking, Inc.",SSTI,-14.8,0.631,1.135,Yes
7516,NexGen Mining Incorporated,NXGM,-26.16,1.187,3.124,No
7517,Man Wah Holdings Limited,MAWHF,-9.6,0.398,0.237,No
7518,Fidelity Solana Fund,FSOL,-15.56,0.663,0.967,Yes
7519,"WM Technology, Inc.",MAPS,-16.34,0.698,0.502,No
7520,Sinopharm Group Co. Ltd.,SHTDY,-5.88,0.238,0.426,Yes
7521,Novo Nordisk A/S,NONOF,-10.58,0.437,1.194,Yes
7522,Discovery Alaska Limited,DRVYF,-8.93,0.365,0.064,No
7523,"Evolent Health, Inc.",EVH,-20.57,0.894,2.361,Yes
7524,"FRP Holdings, Inc.",FRPH,-4.85,0.194,0.59,Yes
7525,WF International Limited,WXM,-21.64,0.942,1.821,Yes
7526,Timothy Plan Free Cash Flow Growth ETF,TPFG,-6.59,0.265,0.733,Yes
7527,Criteo S.A.,CRTO,-9.45,0.386,0.276,Yes
7528,Decent Holding Inc.,DXST,-24.53,1.081,0.025,No
7529,Molson Coors Beverage Company,TAP-A,-5.45,0.217,0.037,Yes
7530,SPO Global Inc.,SPOM,-24.0,1.052,0.545,Yes
7531,PT Bank Negara Indonesia (Persero) Tbk,PTBRY,-8.1,0.326,0.56,Yes
7532,Sands China Ltd.,SCHYF,-9.91,0.402,0.209,Yes
7533,"Onfolio Holdings, Inc.",ONFO,-27.81,1.241,2.624,Yes
7534,BioMarin Pharmaceutical Inc.,BMRN,-6.66,0.265,0.231,Yes
7535,"Dyadic International, Inc.",DYAI,-16.88,0.707,1.073,Yes
7536,Intchains Group Limited,ICG,-20.52,0.877,1.307,Yes
7537,Nevada Canyon Gold Corp.,NGLD,-25.0,1.095,0.814,Yes
7538,Tyranna Resources Limited,TYXXF,-7.71,0.308,0.175,Yes
7539,"Brighthouse Financial, Inc.",BHFAL,-4.65,0.182,0.55,Yes
7540,Dentsu Group Inc.,DNTUY,-6.88,0.272,0.082,Yes
7541,Trinity Biotech plc,TRIB,-25.33,1.103,0.862,Yes
7542,PUMA SE,PMMAF,-11.72,0.473,1.341,Yes
7543,B&M European Value Retail plc,BMRPF,-12.31,0.497,0.367,No
7544,Worley Limited,WYGPY,-7.81,0.308,1.245,Yes
7545,Elisa Oyj,ELMUY,-3.7,0.143,,
7546,Golf Entertainment Group Inc.,GLFE,-16.81,0.693,0.761,Yes
7547,Sega Sammy Holdings Inc.,SGAMF,-7.71,0.303,0.226,No
7548,Perusahaan Perseroan (Persero) PT Telekomunikasi Indonesia Tbk,TLK,-6.52,0.254,0.667,Yes
7549,Altiplano Metals Inc.,ALTPF,-20.58,0.862,1.719,Yes
7550,CleanTech Alpha Corporation,GERS,-22.87,0.969,1.987,No
7551,GreenFirst Forest Products Inc.,ICLTF,-23.22,0.983,0.837,Yes
7552,Xperi Inc.,XPER,-9.63,0.379,1.46,Yes
7553,Shandong Weigao Group Medical Polymer Company Limited,SHWGY,-11.72,0.465,0.468,No
7554,CryptoStar Corp.,CSTXF,-24.29,1.026,3.036,Yes
7555,Pulmonx Corporation,LUNG,-19.03,0.78,0.886,Yes
7556,"Nissin Foods Holdings Co.,Ltd.",NFPDF,-7.1,0.274,0.183,Yes
7557,Audinate Group Limited,AUDGF,-17.17,0.696,1.791,Yes
7558,Air New Zealand Limited,ANZFF,-8.54,0.331,0.301,Yes
7559,Mortgage Advice Bureau (Holdings) plc,MABHF,-3.38,0.127,0.241,No
7560,Perpetual Limited,PPTTF,-5.44,0.207,0.228,Yes
7561,Canadian Apartment Properties Real Estate Investment Trust,CDPYF,-6.15,0.235,0.794,Yes
7562,DFDS A/S,DFDDF,-9.03,0.349,0.033,No
7563,Thruvision Group plc,DIGTF,-25.15,1.058,0.726,No
7564,Yeahka Limited,YHEKF,-14.47,0.574,0.411,Yes
7565,"Culp, Inc.",CULP,-9.85,0.381,0.938,Yes
7566,"LVMH Moët Hennessy - Louis Vuitton, Société Européenne",LVMUY,-6.88,0.262,0.902,Yes
7567,Corebridge Financial Inc. 6.375,CRBD,-2.91,0.108,0.209,Yes
7568,"Gibraltar Industries, Inc.",ROCK,-8.4,0.321,1.274,Yes
7569,Xtep International Holdings Limited,XTEPY,-9.62,0.37,0.437,No
7570,"LVMH Moët Hennessy - Louis Vuitton, Société Européenne",LVMHF,-6.78,0.257,0.841,Yes
7571,Metal Sky Star Acquisition Corporation,MSSUF,-2.58,0.096,0.053,Yes
7572,NICE Ltd.,NICE,-8.94,0.342,0.639,Yes
7573,"Infinity Natural Resources, Inc.",INR,-10.68,0.411,0.425,No
7574,"eHealth, Inc.",EHTH,-21.88,0.891,1.389,Yes
7575,Northern Technologies International Corporation,NTIC,-9.43,0.359,0.111,No
7576,Aurora Spine Corporation,ASAPF,-11.85,0.456,0.013,No
7577,Integra LifeSciences Holdings Corporation,IART,-13.77,0.535,1.684,Yes
7578,SEB SA,SEBYY,-8.4,0.317,0.086,Yes
7579,Alliance Laundry Holdings Inc.,ALH,-10.22,0.389,1.599,Yes
7580,CGI Inc.,GIB,-6.14,0.229,0.291,Yes
7581,Minerva S.A.,MRVSY,-12.7,0.488,0.881,Yes
7582,Gratomic Inc.,CBULF,-26.6,1.099,1.786,Yes
7583,PUMA SE,PUMSY,-12.16,0.464,1.278,Yes
7584,Total Metals Corp.,TTTMF,-31.02,1.314,2.105,Yes
7585,Coloplast A/S,CLPBY,-7.3,0.271,0.495,Yes
7586,Integrated Media Technology Limited,IMTE,-18.49,0.727,1.907,No
7587,SM Investments Corporation,SVTMF,-6.81,0.252,0.403,No
7588,Beiersdorf Aktiengesellschaft,BDRFY,-6.86,0.254,0.256,Yes
7589,"Daiichi Sankyo Company, Limited",DSNKY,-8.37,0.312,0.222,Yes
7590,Ipsos SA,IPSOF,-6.73,0.249,0.037,No
7591,"Full House Resorts, Inc.",FLL,-12.94,0.492,1.623,Yes
7592,Green River Gold Corp.,CCRRF,-34.49,1.485,2.538,Yes
7593,"Surgery Partners, Inc.",SGRY,-13.07,0.497,1.852,Yes
7594,"Bentley Systems, Incorporated",BSY,-6.82,0.251,0.559,Yes
7595,"Redwood Trust, Inc.",RWTP,-2.62,0.094,0.222,Yes
7596,"XPLR Infrastructure, LP",XIFR,-12.48,0.469,0.474,Yes
7597,Liberty Capital Corporation,GLIBK,-11.58,0.433,1.017,No
7598,Beiersdorf Aktiengesellschaft,BDRFF,-6.69,0.244,0.21,Yes
7599,Samara Asset Group plc,CAGPF,-8.35,0.306,0.397,No
7600,"Crown Crafts, Inc.",CRWS,-6.43,0.233,1.08,Yes
7601,Core Laboratories Inc.,CLB,-11.93,0.444,0.444,Yes
7602,Morien Resources Corp.,APMCF,-15.89,0.603,0.005,Yes
7603,PeakCart Group Corp.,PCGC,-32.31,1.346,2.455,Yes
7604,Unibail-Rodamco-Westfield SE,URMCY,-10.84,0.4,1.527,Yes
7605,"IO Biotech, Inc.",IOBTQ,-41.49,1.836,0.253,Yes
7606,Hedgeye Index Adds ETF,ADDS,-7.49,0.272,0.323,No
7607,Conduent Incorporated,CNDT,-12.55,0.466,1.986,Yes
7608,"Ardent Health, Inc.",ARDT,-12.13,0.449,0.705,Yes
7609,Ongwe Minerals Inc.,GQMLF,-11.98,0.441,6.242,Yes
7610,"Forrester Research, Inc.",FORR,-14.15,0.522,1.454,Yes
7611,"Iveda Solutions, Inc.",IVDA,-32.65,1.338,0.531,Yes
7612,Orora Limited,ORRAF,-9.96,0.359,0.443,Yes
7613,Christian Dior SE,CHDRF,-7.84,0.279,0.538,Yes
7614,"Floor & Decor Holdings, Inc.",FND,-11.24,0.404,1.67,Yes
7615,Indofood Agri Resources Ltd.,IARLF,-4.85,0.169,0.091,Yes
7616,"OFS Credit Company, Inc.",OCCI,-8.76,0.31,1.069,Yes
7617,Genenta Science S.p.A.,GNTA,-21.76,0.825,0.488,Yes
7618,Global Bio-chem Technology Group Company Limited,GBCMY,-12.84,0.462,0.511,Yes
7619,"Verde Clean Fuels, Inc.",VGAS,-16.73,0.615,0.001,Yes
7620,"Leslie's, Inc.",LESL,-38.73,1.623,3.497,Yes
7621,BRC Inc.,BRCC,-20.85,0.781,2.499,Yes
7622,"AMN Healthcare Services, Inc.",AMN,-15.27,0.555,0.464,Yes
7623,Christian Dior SE,CHDRY,-7.96,0.279,0.883,Yes
7624,"RxSight, Inc.",RXST,-18.74,0.692,2.238,Yes
7625,Global Arena Holding Inc.,GAHC,-19.24,0.711,0.268,No
7626,"Eisai Co., Ltd.",ESALF,-10.29,0.362,0.294,Yes
7627,"Voyager Therapeutics, Inc.",VYGR,-14.05,0.503,1.495,Yes
7628,"Matinas BioPharma Holdings, Inc.",MTNB,-30.18,1.184,2.837,Yes
7629,Universal Music Group N.V.,UMGNF,-8.14,0.283,0.958,Yes
7630,"Everforth, Inc.",EFOR,-15.26,0.549,0.008,Yes
7631,Petro-Victory Energy Corp.,PTVRF,-31.82,1.258,3.978,No
7632,"iAnthus Capital Holdings, Inc.",ITHUF,-22.39,0.837,0.616,Yes
7633,Azelis Group NV,AZLGF,-10.04,0.351,0.556,Yes
7634,"Innovative Food Holdings, Inc.",IVFH,-17.23,0.624,0.951,Yes
7635,The Goodyear Tire & Rubber Company,GT,-12.76,0.451,0.92,Yes
7636,Mt. Carmel Public Utility Co.,MCPB,-8.54,0.295,0.368,No
7637,Ocean Capital Acquisition Corporation,OCAC-UN,-0.58,0.019,,
7638,Jewett-Cameron Trading Company Ltd.,JCTC,-9.56,0.331,0.973,Yes
7639,CDON AB,CDOAF,-11.78,0.412,0.773,Yes
7640,Nel ASA,NLLSY,-16.46,0.589,1.267,Yes
7641,Nano Dimension Ltd.,NNDM,-10.9,0.379,0.919,Yes
7642,"Human Unitec International, Inc.",HMNU,-20.56,0.752,1.653,No
7643,Triton International Limited,TRTN-PG,-2.7,0.09,0.384,Yes
7644,Ready Capital Corporation,RC-PC,-5.09,0.172,0.473,Yes
7645,Sharp Corporation,SHCAF,-10.29,0.355,0.197,No
7646,"Cerenome, Inc.",CNSY,-26.09,0.976,2.33,Yes
7647,Ernexa Therapeutics Inc.,ERNA,-40.94,1.684,3.595,Yes
7648,Franklin Covey Co.,FC,-13.42,0.468,1.206,Yes
7649,Ryman Healthcare Limited,RHCGF,-14.84,0.521,0.306,Yes
7650,OneWater Marine Inc.,ONEW,-13.66,0.476,2.033,Yes
7651,"Amphastar Pharmaceuticals, Inc.",AMPH,-13.42,0.466,0.875,Yes
7652,Genting Berhad,GEBHY,-9.99,0.341,1.117,Yes
7653,Rectitude Holdings Ltd,RECT,-18.34,0.653,1.052,Yes
7654,"Toyoda Gosei Co., Ltd.",TGOSY,-4.26,0.141,0.051,Yes
7655,Empire Petroleum Corporation,EP,-17.2,0.607,0.551,Yes
7656,"Alexandria Real Estate Equities, Inc.",ARE,-10.58,0.36,1.118,Yes
7657,iHuman Inc.,IH,-13.6,0.47,0.605,Yes
7658,Melco International Development Limited,MDEVF,-14.22,0.493,0.01,No
7659,High Wire Networks Inc.,HWNI,-45.31,1.899,3.692,No
7660,"SPS Commerce, Inc.",SPSC,-12.67,0.435,0.843,Yes
7661,Mountain Province Diamonds Inc.,MPVDF,-36.24,1.425,1.42,Yes
7662,"B&G Foods, Inc.",BGS,-12.94,0.445,0.158,No
7663,Icahn Enterprises L.P.,IEP,-8.67,0.291,0.638,Yes
7664,Global Atomic Corporation,GLATF,-20.02,0.711,0.355,Yes
7665,Clarus Corporation,CLAR,-12.13,0.413,1.422,Yes
7666,Grayscale Bittensor Trust (TAO),GTAO,-25.14,0.917,1.636,Yes
7667,"Myriad Genetics, Inc.",MYGN,-21.68,0.775,1.143,Yes
7668,"System1, Inc.",SST,-22.88,0.823,2.137,Yes
7669,Eurocell plc,ECELF,-12.33,0.418,0.163,No
7670,Champion Iron Limited,CIAFF,-8.92,0.297,0.496,Yes
7671,NextSource Materials Inc.,NSRCF,-20.82,0.736,1.679,Yes
7672,FLUENT Corp.,CNTMF,-21.94,0.78,0.557,Yes
7673,"Buda Juice, Inc.",BUDA,-14.69,0.502,1.352,No
7674,"cbdMD, Inc.",YCBD,-31.36,1.176,1.828,Yes
7675,"Data Call Technologies, Inc.",DCLT,-29.55,1.091,1.238,Yes
7676,Visionary Holdings Inc.,GVHGF,-37.15,1.426,1.232,No
7677,AB Electrolux (publ),ELUXY,-11.88,0.394,0.986,Yes
7678,Pricer AB (publ),PCRBF,-13.31,0.443,0.893,Yes
7679,,BBNA,-7.19,0.232,0.118,Yes
7680,"SiteOne Landscape Supply, Inc.",SITE,-10.65,0.349,0.794,Yes
7681,"ZipRecruiter, Inc.",ZIP,-17.37,0.588,2.131,Yes
7682,BrasilAgro - Companhia Brasileira de Propriedades Agrícolas,LND,-5.88,0.188,0.201,No
7683,MKDWELL Tech Inc.,MKDW,-33.22,1.233,1.446,No
7684,"Angel Studios, Inc.",ANGX,-17.39,0.588,0.093,No
7685,"ADM Tronics Unlimited, Inc.",ADMT,-17.23,0.581,0.459,Yes
7686,Abundia Global Impact Group Inc,AGIG,-31.56,1.153,1.628,Yes
7687,Alten S.A.,ABLGF,-10.93,0.356,1.021,Yes
7688,CelLBxHealth plc,ANPCF,-24.76,0.866,0.763,Yes
7689,New Oriental Education & Technology Group Inc.,NWOEF,-14.7,0.487,0.757,Yes
7690,YieldMax TSLA Performance & Distribution Target 25 ETF,TEST,-10.89,0.353,0.952,Yes
7691,Mayr-Melnhof Karton AG,MNHFF,-9.95,0.321,0.179,No
7692,Domino's Pizza Group plc,DPUKY,-9.24,0.296,1.06,Yes
7693,RHI Magnesita N.V.,RMGNF,-5.39,0.169,0.011,Yes
7694,TeamViewer SE,TMVWY,-14.41,0.472,0.261,Yes
7695,Zenovia Digital Exchange Corporation,ZDEC,-12.47,0.404,0.044,Yes
7696,"Biomea Fusion, Inc.",BMEA,-25.33,0.879,1.523,Yes
7697,"Americold Realty Trust, Inc.",COLD,-11.89,0.383,1.033,Yes
7698,"Empire State Realty OP, L.P.",OGCP,-10.63,0.34,1.278,Yes
7699,"Medinah Minerals, Inc.",MDMN,-21.3,0.721,0.363,No
7700,Sopra Steria Group SA,SPSAF,-7.23,0.227,0.15,Yes
7701,Peninsula Energy Limited,PENMF,-25.09,0.866,0.4,Yes
7702,DeFi Technologies Inc.,DEFT,-24.89,0.858,3.181,Yes
7703,"Tvardi Therapeutics, Inc.",TVRD,-29.9,1.058,0.619,No
7704,"Filana Therapeutics, Inc.",FLNA,-27.37,0.953,0.551,Yes
7705,"Presidio Property Trust, Inc.",SQFT,-21.03,0.704,2.862,Yes
7706,Kinnevik AB,KNEVF,-13.65,0.438,1.773,Yes
7707,"Janus International Group, Inc.",JBI,-14.13,0.454,1.602,Yes
7708,NextBoat Inc.,NXB,-24.63,0.837,3.782,Yes
7709,Poxel S.A.,PXXLF,-13.19,0.42,1.091,No
7710,HUTCHMED (China) Limited,HMDCF,-8.36,0.26,0.536,Yes
7711,Collins Foods Limited,CLLFF,-8.53,0.265,0.077,No
7712,,CTGG,-2.98,0.09,,
7713,CONMED Corporation,CNMD,-13.6,0.431,0.984,Yes
7714,"1st Federal Savings Bank of SC, Inc.",FSGB,-3.51,0.106,0.107,No
7715,Trainline plc,TNLIY,-5.18,0.157,0.279,No
7716,Atlas Engineered Products Ltd.,APEUF,-12.67,0.398,0.962,Yes
7717,Bridgford Foods Corporation,BRID,-12.42,0.389,0.504,Yes
7718,Ascopiave S.p.A.,ASCOF,-6.12,0.186,0.323,Yes
7719,"Eureka Homestead Bancorp, Inc.",ERKH,-7.55,0.231,0.542,No
7720,"Curative Biosciences, Inc.",CBDX,-26.72,0.904,0.238,No
7721,"Retractable Technologies, Inc.",RVP,-10.7,0.331,0.4,Yes
7722,Gentex Corporation,GNTX,-7.87,0.24,0.827,Yes
7723,Zealand Pharma A/S,ZLDPY,-21.3,0.694,0.071,Yes
7724,"Winnebago Industries, Inc.",WGO,-12.24,0.379,1.526,Yes
7725,Vistry Group PLC,BVHMF,-17.24,0.549,1.567,Yes
7726,FutureCrest Acquisition Corp.,FCRS-UN,-1.91,0.056,0.199,Yes
7727,KRAKacquisition Corp.,KRAQU,-0.66,0.019,0.042,Yes
7728,"Network-1 Technologies, Inc.",NTIP,-6.63,0.199,0.176,Yes
7729,"Once Upon A Farm, PBC",OFRM,-24.94,0.823,0.833,Yes
7730,BCE Inc.,BCE,-7.0,0.21,0.147,Yes
7731,Huize Holding Limited,HUIZ,-19.9,0.637,2.165,Yes
7732,Dino Polska S.A.,DNOPY,-21.32,0.688,0.197,Yes
7733,"Bloomin' Brands, Inc.",BLMN,-14.64,0.455,1.478,Yes
7734,Helen of Troy Limited,HELE,-20.76,0.665,2.94,Yes
7735,"Regen BioPharma, Inc.",RGBPP,-42.61,1.565,2.893,Yes
7736,Kinetic Group Inc.,KNIT,-16.55,0.517,0.273,Yes
7737,Lucara Diamond Corp.,LUCRF,-15.67,0.487,0.201,No
7738,Adobe Inc.,ADBE,-11.92,0.363,1.087,Yes
7739,Piaggio & C. SpA,PGGCY,-9.27,0.278,0.226,No
7740,Navient Corporation,NAVI,-10.2,0.308,1.301,Yes
7741,Labrador Gold Corp.,NKOSF,-18.96,0.598,1.449,Yes
7742,3DG Holdings (International) Limited,HKRHF,-4.83,0.141,0.23,Yes
7743,ANA Holdings Inc.,ALNPF,-5.68,0.167,0.343,No
7744,Orlen S.A.,ORLNY,-11.38,0.343,0.578,Yes
7745,"Netskope, Inc.",NTSK,-20.48,0.648,3.21,Yes
7746,Bravern Ventures Ltd.,PCTZF,-15.8,0.487,0.266,No
7747,PT Kalbe Farma Tbk.,PTKFF,-14.37,0.438,0.281,Yes
7748,SMJ International Holdings Inc.,SMJF,-40.8,1.455,0.455,Yes
7749,The Western Union Company,WU,-8.54,0.252,0.456,Yes
7750,Wescan Goldfields Inc.,WEGOF,-17.7,0.546,0.253,No
7751,AMTD Digital Inc.,HKD,-19.68,0.612,1.278,Yes
7752,Alpha One Inc.,AOAO,-16.17,0.493,0.574,Yes
7753,"Kiora Pharmaceuticals, Inc.",KPRX,-14.15,0.427,1.097,Yes
7754,"Xtreme Fighting Championships, Inc.",XFCI,-19.21,0.595,1.141,Yes
7755,CI&T Inc.,CINT,-12.97,0.388,0.703,Yes
7756,iShares iBonds Dec 2036 Term Corporate ETF,IBCB,-1.23,0.035,0.105,Yes
7757,"Visional, Inc.",VISIF,-12.54,0.372,1.738,Yes
7758,Novo Resources Corp.,NSRPF,-16.4,0.497,0.512,No
7759,Concentrix Corporation,CNXC,-16.47,0.498,0.904,Yes
7760,AgomAb Therapeutics NV,AGMB,-19.16,0.588,1.659,Yes
7761,Viva Goods Company Limited,VVCHF,-19.44,0.597,0.019,No
7762,Domino's Pizza Enterprises Limited,DPZUF,-15.37,0.461,0.151,No
7763,"Eve Holding, Inc.",EVEX,-21.22,0.657,2.097,Yes
7764,Ascom Holding AG,ACMLF,-9.68,0.282,0.089,Yes
7765,NICE Ltd.,NCSYF,-13.94,0.414,0.312,No
7766,Smart Powerr Corp.,CREG,-48.24,1.771,6.266,Yes
7767,Adient plc,ADNT,-13.67,0.404,1.456,Yes
7768,"Fiserv, Inc.",FISV,-14.07,0.416,0.798,Yes
7769,"Lite Strategy, Inc.",LITS,-26.19,0.827,0.931,Yes
7770,SBO AG,SBOEY,-8.18,0.235,0.434,Yes
7771,Pet Valu Holdings Ltd.,PTVLF,-11.68,0.341,0.274,Yes
7772,Nano One Materials Corp.,NNOMF,-22.28,0.685,0.758,Yes
7773,JD Sports Fashion Plc,JDDSF,-9.94,0.286,0.016,No
7774,Celebrus Technologies plc,DFORF,-15.98,0.474,0.801,No
7775,Rieter Holding AG,RTRZY,-9.55,0.274,0.258,Yes
7776,"STAR Financial Group, Inc.",SFIGA,-5.84,0.164,0.223,Yes
7777,CollPlant Biotechnologies Ltd.,CLGN,-30.33,0.974,1.614,Yes
7778,Clinuvel Pharmaceuticals Limited,CLVLF,-10.71,0.308,0.851,No
7779,Stabilus SE,SIUAF,-13.66,0.397,0.828,No
7780,Xerox Holdings Corporation,XRX,-23.18,0.71,4.381,Yes
7781,"Sound Point Meridian Capital, Inc.",SPMC,-9.83,0.28,1.149,Yes
7782,South Star Battery Metals Corp.,STSBF,-18.09,0.538,0.003,Yes
7783,Jura Energy Corporation,JECFF,-29.57,0.94,2.77,Yes
7784,WillScot Holdings Corporation,WSC,-14.02,0.408,2.209,Yes
7785,Vital Energy Inc.,SNYXF,-13.44,0.389,0.41,Yes
7786,Lobo Technologies Ltd.,LOBO,-27.81,0.87,2.534,Yes
7787,Citigroup Inc.,C-PR,-2.69,0.074,0.336,Yes
7788,The Turbotville National Bank,TVNB,-4.67,0.129,0.137,No
7789,Schweizerische Nationalbank,SWZNF,-7.22,0.202,0.083,Yes
7790,GB Group plc,GBGPF,-10.14,0.286,0.387,Yes
7791,UWM Holdings Corporation,UWMC,-18.2,0.536,1.513,Yes
7792,dotdigital Group Plc,DOTDF,-12.49,0.357,1.038,Yes
7793,EnviroMetal Technologies Inc.,EVLLF,-22.51,0.677,0.53,No
7794,AMC Robotics Corporation,AMCI,-17.5,0.509,0.356,Yes
7795,Nippon Steel Corporation,NPSCY,-11.72,0.33,0.463,Yes
7796,Zhongsheng Group Holdings Limited,ZHSHF,-15.24,0.437,0.072,No
7797,"Entergy Mississippi, Inc. 1M BD 66",EMP,-2.21,0.059,0.24,Yes
7798,Gelteq Limited,GELS,-33.08,1.048,0.395,No
7799,AB Science S.A.,ABSCF,-21.6,0.639,0.698,No
7800,Blink Charging Co.,BLNK,-25.41,0.768,3.307,Yes
7801,Canary Gold Corp.,CNYGF,-21.09,0.621,0.829,Yes
7802,Coloplast A/S,CLPBF,-9.08,0.25,0.595,Yes
7803,Horizon Technology Finance Corporation,HRZN,-10.82,0.301,0.951,Yes
7804,"Gulf Resources, Inc.",GURE,-24.5,0.733,0.689,No
7805,Kurita Water Industries Ltd.,KTWIY,-5.42,0.147,0.15,No
7806,Türkiye Sise Ve Cam Fabrikalari A.S.,TKKYY,-14.28,0.403,0.529,No
7807,"YOTTA GLOBAL, INC.",TPPM,-26.01,0.781,0.531,Yes
7808,Credit Corp Group Limited,CCGFF,-8.24,0.225,0.145,Yes
7809,Saratoga Investment Corp 7.50% ,SAV,-2.32,0.061,0.207,Yes
7810,BlackRock TCP Capital Corp.,TCPC,-12.89,0.359,1.524,Yes
7811,Comcast Corporation,CMCSA,-8.48,0.231,0.135,Yes
7812,"Ayala Land, Inc.",AYAAF,-14.14,0.396,0.665,Yes
7813,"Paragon Technologies, Inc.",PGNT,-14.5,0.406,0.262,Yes
7814,"Nissan Motor Co., Ltd.",NSANF,-14.2,0.397,0.289,Yes
7815,MetaVia Inc.,MTVA,-35.36,1.115,4.0,Yes
7816,21Shares FTSE Crypto 10 ex-BTC Index ETF,TXBC,-19.91,0.572,0.847,Yes
7817,Smith Douglas Homes Corp.,SDHC,-16.95,0.479,0.834,Yes
7818,Gerresheimer AG,GRRMY,-17.1,0.482,0.13,No
7819,Plutus Financial Group Limited,PLUT,-17.0,0.478,1.643,Yes
7820,Manufactured Housing Properties Inc.,MHPC,-26.33,0.78,1.018,Yes
7821,Unidoc Health Corp.,UDOCF,-27.18,0.809,0.462,Yes
7822,"Evommune, Inc.",EVMN,-27.72,0.826,1.083,Yes
7823,CCC Intelligent Solutions Holdings Inc.,CCC,-12.87,0.353,0.632,Yes
7824,OCI International Holdings Limited,DGTLF,-10.05,0.269,0.047,No
7825,"Sports Pouch Beverage Co., Inc.",SPBV,-31.02,0.934,0.047,No
7826,Solar Alliance Energy Inc.,SAENF,-24.61,0.712,0.334,Yes
7827,"Malibu Boats, Inc.",MBUU,-13.13,0.357,1.209,Yes
7828,Bancreek Billionaires Club ETF,CLUB,-6.74,0.177,2.259,Yes
7829,DUKE Robotics Corp.,DUKRW,-46.45,1.549,23.079,Yes
7830,"Zhejiang Leapmotor Technology Co., Ltd.",ZJLMF,-16.09,0.443,6.65,Yes
7831,"The ONE Group Hospitality, Inc.",STKS,-21.03,0.594,1.595,Yes
7832,Link Reservations Inc.,LRSV,-32.58,0.985,0.487,No
7833,Massimo Group,MAMO,-24.65,0.71,0.346,Yes
7834,Coronado Global Resources Inc.,CODQL,-28.7,0.846,0.472,Yes
7835,Addentax Group Corp.,ATXG,-26.62,0.775,0.502,No
7836,InnoCan Pharma Corporation,INNPF,-30.86,0.921,0.046,Yes
7837,Quadient S.A.,NPACF,-7.93,0.208,0.127,No
7838,"Vail Resorts, Inc.",MTN,-8.4,0.22,0.508,Yes
7839,Studio City International Holdings Limited,MSC,-19.61,0.543,0.875,Yes
7840,Rice Acquisition Corporation 3,KRSP-UN,-1.68,0.042,0.016,No
7841,Lectra SA,LCTSF,-2.79,0.071,0.024,No
7842,"Daito Trust Construction Co.,Ltd.",DITTF,-21.86,0.613,0.588,No
7843,Sappi Limited,SPPJY,-15.62,0.423,0.39,Yes
7844,BCP Investment Corp.,BCIC,-10.87,0.287,1.159,Yes
7845,"Ridgetech, Inc.",RDGT,-42.41,1.35,1.262,Yes
7846,Clariant AG,CLZNF,-8.81,0.23,0.505,No
7847,Sonder Holdings Inc.,SONDQ,-51.0,1.728,1.086,No
7848,Polibeli Group Ltd,PLBL,-26.38,0.753,1.749,No
7849,"Rocket Pharmaceuticals, Inc.",RCKT,-24.52,0.693,0.91,Yes
7850,"Actinium Pharmaceuticals, Inc.",ATNM,-24.83,0.703,0.26,Yes
7851,SCWorx Corp.,WORXD,-44.78,1.433,2.131,Yes
7852,SCWorx Corp.,WORX,-44.8,1.433,2.131,Yes
7853,Ispire Technology Inc.,ISPR,-26.91,0.764,2.114,Yes
7854,"Sarepta Therapeutics, Inc.",SRPT,-25.49,0.717,0.796,Yes
7855,"Pennexx Foods, Inc.",PNNX,-33.23,0.978,2.485,Yes
7856,Greystone Housing Impact Investors LP,GHI,-13.22,0.346,0.847,Yes
7857,Liberty Capital Corporation,GLIBB,-16.82,0.448,0.208,No
7858,Tessenderlo Group NV,TSDOF,-4.25,0.106,0.122,No
7859,Sharp Corporation,SHCAY,-12.31,0.32,0.294,Yes
7860,Kane Biotech Inc.,KNBIF,-20.45,0.554,0.83,Yes
7861,Celanese Corporation,CE,-18.48,0.496,0.034,Yes
7862,DXC Technology Company,DXC,-13.75,0.359,0.541,Yes
7863,"Harvard Bioscience, Inc.",HBIO,-25.74,0.718,2.064,Yes
7864,illumin Holdings Inc.,ILLMF,-17.82,0.475,1.194,Yes
7865,"Traws Pharma, Inc.",TRAW,-38.56,1.165,1.34,Yes
7866,Carl Zeiss Meditec AG,CZMWY,-16.55,0.438,0.842,Yes
7867,"Trade School Go, Inc.",TSGO,-28.58,0.809,1.889,No
7868,Clinuvel Pharmaceuticals Limited,CUVL,-11.61,0.299,0.051,Yes
7869,NCR Voyix Corporation,VYX,-14.83,0.387,1.555,Yes
7870,"Grupo Traxión, S.A.B. de C.V.",GRPOF,-16.87,0.444,0.798,Yes
7871,NexOptic Technology Corp.,NXOPF,-43.91,1.366,0.271,No
7872,Sabio Holdings Inc.,SABOF,-25.12,0.691,0.489,Yes
7873,Recce Pharmaceuticals Ltd,RECEF,-14.17,0.367,0.768,No
7874,YieldMax Strategic Metals & Mining Portfolio Option Income ETF,MINY,-13.32,0.343,1.24,Yes
7875,"Eikon Therapeutics, Inc.",EIKN,-26.32,0.728,0.939,Yes
7876,Molson Coors Beverage Company,TAP,-9.26,0.233,0.409,Yes
7877,F3 Uranium Corp.,FUUFF,-21.14,0.565,0.545,Yes
7878,"GameSquare Holdings, Inc.",GAME,-29.42,0.824,2.783,Yes
7879,Vanguard Target Maturity 2036 Corporate Bond ETF,VBCJ,-1.49,0.036,0.098,Yes
7880,Nanoco Group plc,NNOCF,-29.17,0.813,0.761,Yes
7881,Allied Corp.,ALID,-45.35,1.409,1.752,No
7882,IRIDEX Corporation,IRIX,-22.63,0.607,0.344,Yes
7883,Samsonite Group S.A.,SMSGY,-14.89,0.383,1.317,Yes
7884,Want Want China Holdings Limited,WWNTY,-9.51,0.237,0.054,Yes
7885,Enovis Corporation,ENOV,-16.37,0.422,0.817,Yes
7886,Simplify Tax Aware Diversified Income Strategy ETF,DINE,-1.69,0.04,0.031,No
7887,"Conagra Brands, Inc.",CAG,-9.14,0.227,0.204,No
7888,"Caleres, Inc.",CAL,-16.89,0.436,1.531,Yes
7889,Tribe Property Technologies Inc.,TRPTF,-24.03,0.644,2.235,No
7890,"Century Casinos, Inc.",CNTY,-24.09,0.644,2.213,Yes
7891,Universal Display Corporation,OLED,-13.71,0.346,1.634,Yes
7892,PT Bank Central Asia Tbk,PBCRY,-8.85,0.218,0.131,Yes
7893,Golden Sun Technology Group Limited,GSUN,-42.09,1.261,2.577,Yes
7894,"Rapid7, Inc.",RPD,-21.88,0.575,1.783,Yes
7895,"General Mills, Inc.",GIS,-8.09,0.198,0.086,Yes
7896,BTQ Technologies Corp.,BTQ,-35.89,1.024,3.292,Yes
7897,Moon River Moly Ltd.,MRIVF,-18.26,0.469,1.15,Yes
7898,Diamondhead Casino Corporation,DHCC,-51.55,1.649,0.13,Yes
7899,IVU Traffic Technologies AG,IVUFF,-5.95,0.143,0.457,Yes
7900,"Artelo Biosciences, Inc.",ARTL,-41.75,1.237,1.262,No
7901,YD Bio Ltd,YDES,-41.77,1.234,0.413,No
7902,Zegona Communications plc,ZEGLF,-22.74,0.595,8.795,Yes
7903,Bambuser AB (publ),BSKZF,-21.98,0.572,0.45,No
7904,"Willamette Valley Vineyards, Inc.",WVVI,-20.19,0.52,0.544,Yes
7905,accesso Technology Group plc,LOQPF,-13.42,0.333,0.562,Yes
7906,Husqvarna AB (publ),HSQVY,-12.79,0.315,1.656,Yes
7907,Banpu Public Company Limited,BNPJY,-15.93,0.399,0.55,Yes
7908,Unite Group PLC,UTGPF,-11.65,0.285,0.568,Yes
7909,"Greystone Logistics, Inc.",GLGI,-22.28,0.576,0.056,Yes
7910,"Grupo Aeromexico, S.A.B. de C.V",AERO,-19.22,0.487,1.769,Yes
7911,Mingteng International Corporation Inc.,MTEN,-46.58,1.404,0.451,No
7912,North American Construction Group Ltd.,NOA,-10.87,0.263,0.771,Yes
7913,Diageo plc,DEO,-10.25,0.247,0.356,Yes
7914,Pro Medicus Limited,PMDIY,-23.16,0.597,1.482,Yes
7915,"SHF Holdings, Inc.",SHFS,-50.23,1.55,2.74,Yes
7916,Remedy Entertainment Oyj,RMDEF,-12.41,0.301,0.453,Yes
7917,"Vistagen Therapeutics, Inc.",VTGN,-31.07,0.836,1.786,Yes
7918,"PSB Financial, Inc.",PNSB,-3.84,0.089,0.406,No
7919,Defiance Daily Target 2X Short BMNR ETF,BMNZ,-47.99,1.449,1.436,No
7920,Stora Enso Oyj,SEOFF,-8.0,0.189,0.018,No
7921,CXApp Inc.,CXAI,-42.59,1.229,1.977,Yes
7922,Dorel Industries Inc.,DIIBF,-23.49,0.599,1.199,Yes
7923,EverGen Infrastructure Corp.,EVGIF,-26.59,0.691,0.385,Yes
7924,"SCYNEXIS, Inc.",SCYX,-22.95,0.583,0.488,No
7925,Waton Financial Limited,WTF,-29.65,0.78,1.181,Yes
7926,"Entergy Arkansas, Inc. 1M BD 4.875%66",EAI,-5.36,0.123,0.555,Yes
7927,"Citius Pharmaceuticals, Inc.",CTXR,-41.19,1.164,0.523,Yes
7928,Juva Life Inc.,JUVAF,-47.31,1.395,1.848,Yes
7929,authID Inc.,AUID,-38.19,1.052,1.161,Yes
7930,Deutsche Pfandbriefbank AG,PBBGF,-12.75,0.302,0.044,Yes
7931,Mayfair Gold Corp.,MINE,-24.36,0.615,1.47,Yes
7932,American Vanguard Corporation,AVD,-26.31,0.672,2.076,Yes
7933,"Aterian, Inc.",ATER,-31.28,0.823,2.891,Yes
7934,"SOLV Energy, Inc.",MWH,-24.34,0.614,2.172,Yes
7935,Bystronic AG,BYSTF,-22.73,0.567,1.593,Yes
7936,Pluxee N.V.,PLXNF,-16.23,0.39,1.48,Yes
7937,Pool Corporation,POOL,-13.95,0.331,1.006,Yes
7938,MTY Food Group Inc.,MTYFF,-11.34,0.265,0.68,Yes
7939,"Oriental Land Co., Ltd.",OLCLY,-13.24,0.313,0.134,Yes
7940,KOSE Holdings Corporation,KSRYY,-14.94,0.356,0.239,Yes
7941,"BellRing Brands, Inc.",BRBR,-23.68,0.59,0.174,Yes
7942,"Star Equity Holdings, Inc.",STRR,-14.11,0.333,0.692,Yes
7943,Highbank Resources Ltd.,HBKRF,-28.55,0.729,0.748,No
7944,Singulus Technologies AG,SGTSY,-7.88,0.18,0.523,Yes
7945,"Oxford Industries, Inc.",OXM,-16.71,0.398,1.315,Yes
7946,Imugene Limited,IUGNF,-41.45,1.149,3.151,Yes
7947,,MHGPQ,-28.19,0.716,1.084,No
7948,Xplore Resources Corp.,XPRCF,-34.55,0.912,1.053,Yes
7949,Diageo plc,DGEAF,-11.04,0.255,0.228,Yes
7950,"InspireMD, Inc.",NSPR,-24.07,0.595,0.044,Yes
7951,Nevis Brands Inc.,NEVIF,-31.81,0.824,1.835,Yes
7952,"Tile Shop Holdings, Inc.",TTSH,-15.98,0.378,1.157,Yes
7953,Ørsted A/S,DOGEF,-19.15,0.46,0.07,Yes
7954,Fusion Fuel Green PLC,HTOO,-37.27,0.997,2.091,Yes
7955,Amana Growth ETF,AMGR,-5.77,0.129,,
7956,"Hydrofarm Holdings Group, Inc.",HYFM,-35.36,0.932,2.616,Yes
7957,NET Power Inc.,NPWR,-30.91,0.791,3.195,Yes
7958,"Carter's, Inc.",CRI,-14.63,0.341,0.652,Yes
7959,Landis+Gyr Group AG,LGYRF,-11.28,0.258,0.377,Yes
7960,Russell Investments Global Real Estate ETF,CRIB,-6.24,0.139,,
7961,Foxx Development Holdings Inc.,FOXX,-24.5,0.597,0.622,No
7962,Beam Global,BEEM,-28.28,0.704,1.809,Yes
7963,Antler Gold Inc.,ALRGF,-17.36,0.406,0.675,Yes
7964,Scott Technology Limited,SCTTF,-6.68,0.148,0.052,Yes
7965,HORNBACH Holding AG & Co. KGaA,HBBHF,-11.49,0.26,0.3,Yes
7966,Spark New Zealand Limited,NZTCF,-15.27,0.35,0.52,Yes
7967,"SVRN, Inc.",SVRN,-46.06,1.277,2.993,Yes
7968,Domino's Pizza Group plc,DMPZF,-12.33,0.277,0.136,No
7969,Dr. Ing. h.c. F. Porsche AG,DRPRF,-11.83,0.263,0.921,Yes
7970,Healwell AI Inc.,HWAIF,-24.18,0.574,1.413,Yes
7971,Warcap Unconstrained Equity ETF,WCAP,-6.14,0.132,0.711,Yes
7972,Largo Inc.,LGO,-25.24,0.601,0.623,Yes
7973,Hormel Foods Corporation,HRL,-11.11,0.245,0.049,Yes
7974,LKQ Corporation,LKQ,-13.86,0.309,0.936,Yes
7975,Allied Group Limited,ALEDY,-11.11,0.244,0.345,Yes
7976,Shimao Services Holdings Limited,SHMSF,-19.07,0.437,0.902,Yes
7977,Forbo Holding AG,FBOHY,-12.37,0.273,0.304,Yes
7978,Legend Biotech Corporation,LEGN,-22.74,0.531,1.545,Yes
7979,Atlantic Power & Infrastructure Corp.,AWSL,-47.89,1.319,0.903,No
7980,Irenic Acquisition Corp.,IACQ,-1.18,0.025,,
7981,"O-I Glass, Inc.",OI,-18.15,0.41,0.622,Yes
7982,Nano-X Imaging Ltd.,NNOX,-34.39,0.847,2.028,Yes
7983,"Swarmer, Inc",SWMR,-39.07,0.992,1.31,Yes
7984,RENK Group AG,RKGRY,-17.57,0.391,0.974,Yes
7985,SITE Centers Corp.,SITC,-12.56,0.272,1.111,Yes
7986,"SANUWAVE Health, Inc.",SNWV,-30.93,0.742,1.037,Yes
7987,Silynxcom Ltd.,SYNX,-25.27,0.585,1.12,Yes
7988,PT Indofood CBP Sukses Makmur Tbk,PIFFY,-12.83,0.278,0.056,Yes
7989,Westport Fuel Systems Inc.,WPRT,-23.39,0.535,2.236,Yes
7990,Liberty Latin America Ltd.,LILAP,-12.63,0.273,,
7991,Nicholas Nuclear Income ETF,NUKX,-17.73,0.391,1.987,Yes
7992,"China Vanke Co., Ltd.",CHVKF,-24.76,0.568,1.038,Yes
7993,"C2E Energy, Inc.",OOGI,-35.62,0.872,0.692,Yes
7994,Good Times Restaurants Inc.,GTIM,-15.55,0.337,0.105,Yes
7995,"Giftify, Inc.",GIFT,-30.2,0.706,0.474,No
7996,Psyched Wellness Ltd.,PSYCF,-31.78,0.75,1.527,Yes
7997,Triumph New Energy Company Limited,LUOYF,-14.49,0.31,0.292,No
7998,Minor International Public Company Limited,MNILY,-6.13,0.126,0.147,Yes
7999,Six Flags Entertainment Corporation,FUN,-18.96,0.414,1.191,Yes
8000,American Shared Hospital Services,AMS,-13.22,0.28,0.669,Yes
8001,TeamViewer SE,TMVWF,-18.54,0.403,0.168,Yes
8002,Barco NV,BCNAF,-18.12,0.392,0.134,Yes
8003,Treasury Wine Estates Limited,TSRYY,-15.36,0.327,0.989,Yes
8004,Lianhe Sowell International Group Ltd,LHSW,-52.24,1.413,3.85,Yes
8005,Portillo's Inc.,PTLO,-24.11,0.538,0.953,Yes
8006,Regentis Biomaterials Ltd.,RGNT,-55.62,1.541,0.495,No
8007,Enghouse Systems Limited,EGHSF,-12.18,0.253,0.505,Yes
8008,"MNTN, Inc.",MNTN,-28.38,0.645,0.946,Yes
8009,Reitar Logtech Holdings Limited,RITRF,-48.84,1.276,0.927,Yes
8010,Backstageplay Inc.,PRYNF,-1.94,0.038,0.002,Yes
8011,Daura Gold Corp.,DGCOF,-39.47,0.962,14.25,Yes
8012,Creative Media & Community Trust Corporation,CMCT,-59.01,1.676,3.613,Yes
8013,"BioCube, Inc.",BICB,-32.64,0.758,0.652,Yes
8014,"Cardlytics, Inc.",CDLX,-47.58,1.223,0.927,Yes
8015,Nippon Steel Corporation,NISTF,-24.49,0.539,0.125,Yes
8016,IceCure Medical Ltd,ICCM,-31.99,0.735,0.232,Yes
8017,Judges Scientific plc,JSCIF,-25.64,0.564,2.227,Yes
8018,AltEnergy Acquisition Corp.,AEAEU,-17.04,0.356,0.01,No
8019,Premier American Uranium Inc.,PAUIF,-30.33,0.681,1.193,No
8020,Zicix Corporation,ZICX,-47.17,1.186,3.444,Yes
8021,Guardian Metal Resources PLC,GMTL,-36.74,0.857,1.257,Yes
8022,"Dave & Buster's Entertainment, Inc.",PLAY,-26.87,0.587,2.372,Yes
8023,YTO International Express and Supply Chain Technology Limited,YTOEF,-18.4,0.383,0.053,No
8024,Grab Holdings Limited,GRABW,-38.19,0.893,1.822,Yes
8025,enVVeno Medical Corporation,NVNO,-35.18,0.806,1.386,Yes
8026,Firm Capital Apartment Real Estate Investment Trust,FCAFF,-10.3,0.205,0.085,No
8027,ProShares Ultra TSLA,TSLI,-34.87,0.797,2.695,Yes
8028,"Nxera Pharma Co., Ltd.",SOLTF,-16.81,0.345,1.868,Yes
8029,"Aboitiz Equity Ventures, Inc.",ABTZY,-14.35,0.29,0.163,No
8030,Dr. Ing. h.c. F. Porsche AG,DRPRY,-12.3,0.246,1.04,Yes
8031,Shurgard Self Storage Ltd,SSSAF,-12.58,0.251,0.401,Yes
8032,Huntsman Corporation,HUN,-18.27,0.376,0.348,Yes
8033,Reitmans (Canada) Limited,RTMNF,-9.84,0.193,0.613,Yes
8034,PT. Media Nusantara Citra Tbk,PTMEY,-21.77,0.456,0.373,No
8035,"StubHub Holdings, Inc.",STUB,-41.83,0.993,3.604,Yes
8036,Oregen Energy Corp.,ORGEF,-36.7,0.84,1.499,Yes
8037,The Trendlines Group Ltd.,TRNGF,-16.59,0.337,0.136,Yes
8038,PT Indocement Tunggal Prakarsa Tbk,PITPY,-16.27,0.33,0.613,Yes
8039,Giga Metals Corporation,GIGGF,-26.37,0.564,0.413,Yes
8040,"KBR, Inc.",KBR,-11.22,0.221,0.005,No
8041,Petra Diamonds Limited,PDLMF,-23.85,0.502,0.224,No
8042,State Street SPDR Portfolio Nasdaq 100 ETF,QNDX,-13.33,0.264,,
8043,Orora Limited,ORRYY,-16.35,0.329,0.156,No
8044,"Octave Specialty Group, Inc.",OSG,-21.81,0.45,1.185,Yes
8045,Angi Inc.,ANGI,-27.52,0.587,2.196,Yes
8046,"Upland Software, Inc.",UPLD,-37.26,0.844,3.209,Yes
8047,Eocene Ltd.,EOCN,-40.3,0.932,2.757,Yes
8048,"Eisai Co., Ltd.",ESAIY,-14.99,0.297,0.236,No
8049,"The Hackett Group, Inc.",HCKT,-16.55,0.33,0.762,Yes
8050,"GREE Holdings, Inc.",GREZF,-14.59,0.288,0.0,Yes
8051,Yelp Inc.,YELP,-15.3,0.302,0.007,Yes
8052,"Lument Finance Trust, Inc.",LFT,-16.38,0.325,0.345,Yes
8053,Greene Concepts Inc,INKW,-42.6,0.992,1.724,Yes
8054,BTS Group Holdings Public Company Limited,BTGRF,-26.98,0.567,0.073,Yes
8055,"OriginClear, Inc.",OCLN,-40.47,0.923,0.097,Yes
8056,Graphic Packaging Holding Company,GPK,-15.5,0.304,0.916,Yes
8057,ProCap Acquisition Corp,PCAPU,-1.82,0.033,0.106,Yes
8058,Murano Global Investments Plc,MRNO,-48.3,1.159,1.589,Yes
8059,Mesa Home Resources Inc.,MHRE,-51.87,1.278,1.21,No
8060,Hexagon Purus ASA,HPURF,-37.45,0.827,1.8,Yes
8061,Sienna Resources Inc.,SNNAF,-35.17,0.765,1.013,Yes
8062,Z Fin Limited,SNLKF,-21.3,0.426,0.058,No
8063,China Steel Corporation,CISXF,-14.48,0.278,0.064,Yes
8064,J&J Snack Foods Corp.,JJSF,-14.07,0.27,0.542,Yes
8065,AFC Ajax NV,AFCJF,-12.13,0.229,0.312,No
8066,"Modular Medical, Inc.",MODD,-35.83,0.776,0.922,Yes
8067,Tyro Payments Limited,TYPMF,-22.17,0.44,0.27,Yes
8068,naturenergie holding AG,ENGDF,-6.74,0.123,0.136,No
8069,Husqvarna AB (publ),HUSQF,-16.86,0.325,0.792,Yes
8070,Erayak Power Solution Group Inc.,RAYA,-52.43,1.276,0.936,Yes
8071,"RCI Hospitality Holdings, Inc.",RICK,-17.29,0.332,0.835,Yes
8072,"HighTide Therapeutics, Inc.",HTTIF,-12.23,0.229,0.504,No
8073,Direxion Daily Technology Top 5 Bear 2X ETF,TTXD,-32.56,0.682,3.815,No
8074,Community Healthcare Trust Incorporated,CHCT,-11.06,0.205,0.177,Yes
8075,lastminute.com N.V.,LSMNF,-7.9,0.144,0.014,Yes
8076,Parex Resources Inc.,PAEXY,-13.08,0.244,1.622,No
8077,Vistry Group PLC,BVHMY,-26.62,0.535,0.793,Yes
8078,Standard BioTools Inc.,LAB,-28.4,0.576,1.561,Yes
8079,FendX Technologies Inc.,FDXTF,-41.61,0.918,1.276,No
8080,"Bioxytran, Inc.",BIXT,-35.84,0.76,2.119,No
8081,San Juan Basin Royalty Trust,SJT,-20.16,0.389,0.017,No
8082,Haoxin Holdings Limited,HXHX,-41.39,0.91,3.335,Yes
8083,"BitGo Holdings, Inc.",BTGO,-45.76,1.036,2.142,Yes
8084,"Rand Worldwide, Inc.",RWWI,-13.92,0.258,0.339,Yes
8085,Unicharm Corporation,UNICY,-16.02,0.3,0.093,No
8086,"DNA X, Inc.",SONM,-45.51,1.026,1.492,Yes
8087,"Luvu Brands, Inc.",LUVU,-25.18,0.496,0.8,Yes
8088,Stemtech Corporation,STEK,-61.06,1.569,4.738,Yes
8089,"Nissan Motor Co., Ltd.",NSANY,-18.14,0.343,0.695,Yes
8090,"Empire State Realty OP, L.P.",ESBA,-14.39,0.265,1.333,Yes
8091,Jack in the Box Inc.,JACK,-27.15,0.537,1.818,Yes
8092,"Arbor Realty Trust, Inc.",ABR,-17.72,0.332,0.597,Yes
8093,Mount Logan Capital Inc. 8.00% Notes Due 2031,MLCIL,-3.25,0.056,0.1,Yes
8094,Sachem Capital Corp.,SACH,-21.97,0.419,1.018,Yes
8095,Hopson Development Holdings Limited,HPDHF,-16.92,0.314,0.033,No
8096,Elinx Corp.,ELNX,-29.34,0.585,0.095,No
8097,"PSH Group Holding, Inc.",GLHD,-29.37,0.585,0.617,Yes
8098,"Scient, Inc.",SCNTQ,-25.74,0.502,0.854,No
8099,GCDI S.A.,TGLTY,-29.01,0.577,0.887,No
8100,Cadence Minerals Plc,RARMF,-27.27,0.537,0.879,Yes
8101,"Capital Group Holdings, Inc.",CGHC,-12.13,0.22,0.273,No
8102,Chun Can Capital Group,CNCN,-29.38,0.586,0.364,Yes
8103,"Super Nova Resources, Inc.",SNRR,-15.86,0.293,0.061,No
8104,Global Bio-chem Technology Group Company Limited,GBCMF,-15.86,0.293,0.048,No
8105,Viropro Inc.,VPRO,-24.23,0.468,0.323,No
8106,Spectrum Technology Corporation,SPOC,-24.23,0.468,0.797,No
8107,PANACHE BEVERAGE INC,WDKA,-29.35,0.585,0.096,No
8108,"Videolocity International, Inc.",VCTY,-24.23,0.468,0.797,No
8109,Atlantis Glory Inc.,AGLY,-29.17,0.581,0.118,No
8110,PT Krakatau Steel (Persero) Tbk,PKRKY,-12.55,0.228,0.142,Yes
8111,Top Shelf Brands Holdings Corp.,DKTS,-24.23,0.468,0.797,No
8112,3DShopping.com,THDS,-25.74,0.502,0.312,Yes
8113,"Carnegie Development, Inc.",CDJM,-29.34,0.585,0.364,Yes
8114,Tyhee Gold Corp.,TYHJF,-24.23,0.468,0.173,No
8115,"China Cable and Communication, Inc.",CCCI,-22.89,0.439,0.545,No
8116,PT Berlian Laju Tanker Tbk,PBLJF,-27.7,0.547,0.678,No
8117,Regent Ventures Ltd.,RGVNF,-24.23,0.468,0.095,No
8118,TraWell Co S.p.A.,TRWAF,-2.89,0.05,0.018,No
8119,Sulja Bros Building Supplies Ltd.,SLJB,-24.23,0.468,0.573,Yes
8120,"Giant Group, Ltd.",GGLT,-18.72,0.351,0.597,No
8121,Family Room Entertainment Corporation,FMYR,-12.88,0.234,0.36,No
8122,Fritzy Tech Inc.,FRFR,-25.11,0.488,0.596,Yes
8123,"Hometown International, Inc.",HWIN,-29.38,0.586,0.364,Yes
8124,West Canyon Energy Corp.,WCYN,-15.86,0.293,0.283,Yes
8125,"Industrias Bachoco, S.A.B. de C.V.",IDBHF,-29.13,0.58,0.117,No
8126,"VersaCOM International, Inc.",VRCM,-21.53,0.41,0.083,No
8127,"GlobeImmune, Inc.",GBIM,-15.86,0.293,0.363,No
8128,MBH Corporation PLC,MBHCF,-6.85,0.121,0.028,Yes
8129,Flitways Technology Inc.,FTWS,-26.85,0.527,0.896,No
8130,"HK Battery Technology, Inc.",HKBT,-29.34,0.585,0.364,Yes
8131,Pointerra Limited,PTRRF,-17.1,0.318,0.335,Yes
8132,"Yuhe International, Inc.",YUII,-15.86,0.293,0.283,Yes
8133,Praxsyn Corporation,PXYN,-26.85,0.527,0.863,Yes
8134,Lithium Technology Corporation,LTHUQ,-26.85,0.527,0.11,No
8135,YourWay Cannabis Brands Inc.,YOURF,-26.85,0.527,0.11,No
8136,"China Networks International Holdings, Ltd.",CNWHF,-26.85,0.527,1.525,Yes
8137,Stratus Capital Corp.,SRUS,-15.86,0.293,0.363,No
8138,Stonebridge Resources Explorations Ltd.,SRCX,-15.86,0.293,0.363,No
8139,Biomagnetics Diagnostics Corp.,BMGP,-26.85,0.527,0.811,No
8140,Montello Resources Ltd.,MLORF,-26.85,0.527,0.556,Yes
8141,"AmeriStar Network, Inc.",AMWK,-15.86,0.293,0.847,Yes
8142,Noxel Corp.,NOXL,-15.86,0.293,0.479,Yes
8143,"Micro Imaging Technology, Inc.",MMTC,-20.61,0.39,0.092,Yes
8144,Radiko Holdings Corp.,GEATF,-26.85,0.527,0.556,Yes
8145,"Ensurge, Inc.",ESGI,-15.86,0.293,0.498,No
8146,"Green Energy Group, Inc.",GRYG,-26.85,0.527,0.11,No
8147,"Metro Global Media, Inc.",MGMA,-29.37,0.585,0.119,No
8148,Southwest Casino Corp.,SWCC,-26.85,0.527,0.086,No
8149,Nunzia Pharmaceutical Company,NUNZ,-28.54,0.566,0.391,No
8150,Cleghorn Minerals Ltd.,CLGMF,-25.98,0.507,0.35,No
8151,"Estre Ambiental, Inc.",ESTRF,-26.85,0.527,0.863,Yes
8152,Bangi Inc.,BNGI,-26.85,0.527,0.124,Yes
8153,Oasis Hotel Resort & Casino I,OHTR,-5.02,0.088,0.018,No
8154,"AfterMaster, Inc.",AFTM,-26.85,0.527,0.195,No
8155,0187279 B.C. Ltd.,LNXGF,-26.85,0.527,0.896,No
8156,Energold Drilling Corp.,EGDFF,-26.85,0.527,0.124,Yes
8157,ZURVITA HOLDINGS INC,ZRVT,-29.21,0.582,0.095,No
8158,"Strategic Global Investments, Inc.",STBV,-26.85,0.527,0.124,Yes
8159,"eFUEL EFN, CORPORATION",EFLN,-26.85,0.527,0.364,No
8160,"Legacy Technology Holdings, Inc.",LTHO,-29.25,0.583,0.712,Yes
8161,Wowjoint Holdings Limited,BWOWF,-26.85,0.527,0.107,No
8162,Wayland Group Corp.,MRRCF,-26.85,0.527,0.896,No
8163,"Ironstone Properties, Inc.",IRNS,-29.37,0.585,0.996,No
8164,"Drone Services USA, Inc.",DSUS,-15.86,0.293,0.358,Yes
8165,"Princeton National Bancorp, Inc.",PNBC,-26.85,0.527,0.056,No
8166,"Science to Consumers, Inc.",BEUT,-20.61,0.39,0.477,Yes
8167,Winland Ocean Shipping Corp.,WLOLQ,-26.85,0.527,0.195,No
8168,Global Gaming Technologies Corp.,BLKCF,-26.85,0.527,0.644,Yes
8169,"PhaseRx, Inc.",PZRXQ,-15.86,0.293,0.363,No
8170,Q2 Gold Resources Inc.,QGRSF,-26.85,0.527,0.124,Yes
8171,Qiansui International Group Co. Ltd.,QIAN,-20.61,0.39,0.664,No
8172,Blackout Media Corp.,BKMP,-26.85,0.527,0.811,No
8173,"Wireless Xcessories Group, Inc.",WIRX,-9.81,0.176,0.041,Yes
8174,Maudore Minerals Ltd.,MAOMF,-26.85,0.527,0.107,No
8175,Advantis Corp.,ADVT,-26.85,0.527,0.11,No
8176,Instadose Pharma Corp.,INSD,-27.08,0.532,0.331,Yes
8177,Green Street Capital Corp.,JAGR,-15.86,0.293,0.498,No
8178,"Islet Holdings, Inc.",ISHI,-15.86,0.293,0.358,Yes
8179,Paiute Oil & Mining Corp.,PIUTQ,-26.85,0.527,0.863,Yes
8180,"EcoLogix Resource Group, Inc.",EXRG,-26.85,0.527,0.51,Yes
8181,BioInvent International AB (publ),BOVNF,-9.82,0.176,0.218,No
8182,"Suvanza Pharma, LLC",SUVZ,-29.28,0.583,0.037,No
8183,China HK Power Smart Energy Group Limited,CHNTF,-24.41,0.472,0.096,No
8184,"Champion Investments, Inc.",CHAM,-15.86,0.293,0.498,No
8185,Andover Mining Corp.,AOVTF,-26.85,0.527,0.863,Yes
8186,"Trustcash Holdings, Inc.",TCHH,-26.85,0.527,0.811,No
8187,"Liaoning Shuiyun Qinghe Rice Industry Co., Ltd.",SYQH,-20.61,0.39,0.664,No
8188,Shinkin Central Bank,SKCBY,-5.24,0.092,0.022,Yes
8189,OWC Pharmaceutical Research Corp.,OWCP,-26.85,0.527,0.896,No
8190,Univercell Holdings Inc.,UVCL,-26.85,0.527,0.107,No
8191,Clarent Corporation,CLRN,-26.85,0.527,1.525,Yes
8192,Applied Biosciences Corp.,APPB,-15.86,0.293,0.363,No
8193,MicroPort CardioFlow Medtech Corporation,MROPF,-18.97,0.356,0.038,No
8194,CVR Medical Corp.,CRRVF,-26.85,0.527,0.811,No
8195,Tesoro Minerals Corp.,NNGVF,-26.85,0.527,0.556,Yes
8196,OPTiM Corporation,OTPMF,-25.75,0.502,0.186,No
8197,North American Tungsten Corporation Ltd.,NATUF,-26.85,0.527,0.811,No
8198,"China CGame, Inc.",CCGM,-29.13,0.58,0.72,No
8199,"US Global Nanospace, Inc.",USGA,-10.85,0.195,0.041,No
8200,"CarbonMeta Technologies, Inc.",COWI,-26.85,0.527,0.896,No
8201,"CarePayment Technologies, Inc.",CPYT,-20.61,0.39,0.664,No
8202,Holoco Inc.,HLCN,-28.97,0.576,0.943,Yes
8203,"Rising BioSciences, Inc.",RBII,-26.85,0.527,0.086,No
8204,C C Land Holdings Limited,CCLHF,-6.04,0.106,0.039,No
8205,"Pharmagen, Inc.",PHRX,-26.85,0.527,0.195,No
8206,"Interups, Inc.",ITUP,-22.89,0.439,0.104,Yes
8207,Tikun Olam-Cannbit Pharmaceuticals Ltd,TKUND,-28.38,0.562,0.388,No
8208,"GreenCell, Inc.",GCLL,-18.74,0.351,0.242,No
8209,"GeneLink, Inc.",GNLKQ,-18.74,0.351,0.34,Yes
8210,Earth Life Sciences Inc.,CLTS,-22.89,0.439,0.091,No
8211,Hanna Capital Corp.,HNCCF,-25.91,0.506,0.778,No
8212,Shine Minerals Corp.,PAUFF,-22.47,0.43,0.046,No
8213,AVEW Holdings Inc.,AVEW,-18.74,0.351,0.242,No
8214,Sopra Steria Group SA,SPPSY,-15.4,0.284,0.466,No
8215,Universal Music Group N.V.,UNVGY,-14.86,0.273,0.901,Yes
8216,Grayscale Basic Attention Token Trust,GBAT,-45.52,1.009,2.877,Yes
8217,"DarkPulse, Inc.",DPLS,-52.12,1.205,1.053,Yes
8218,"Empire State Realty Trust, Inc.",ESRT,-13.85,0.25,1.424,Yes
8219,AusQuest Limited,AUQSF,-29.47,0.579,0.885,No
8220,"KLX Energy Services Holdings, Inc.",KLXE,-35.57,0.727,1.862,Yes
8221,Metalore Resources Limited,MTLRF,-8.37,0.146,0.432,Yes
8222,Piermont Valley Acquisition Corp,CMCUF,-25.02,0.478,0.564,No
8223,Rémy Cointreau SA,REMYF,-18.09,0.333,0.803,Yes
8224,Bragg Gaming Group Inc.,BRAG,-26.14,0.501,1.145,Yes
8225,Shandong Molong Petroleum Machinery Company Limited,SHANY,-18.15,0.332,0.138,Yes
8226,Genting Berhad,GEBHF,-15.3,0.276,0.461,Yes
8227,Yuexiu Real Estate Investment Trust,YUXXF,-15.42,0.278,0.108,Yes
8228,MML Acquisition Corp.,STCXF,-29.79,0.582,0.601,Yes
8229,Hektar Real Estate Investment Trust,HEKRF,-24.1,0.455,0.719,No
8230,Braskem S.A.,BAK,-29.8,0.582,1.468,Yes
8231,"DVL, Inc.",DVLN,-10.85,0.19,0.144,Yes
8232,"Therapeutic Solutions International, Inc.",TSOI,-41.88,0.883,0.578,Yes
8233,Whirlpool Corporation,WHR,-22.88,0.427,1.632,Yes
8234,Dynasty Fine Wines Group Limited,DYFWF,-30.02,0.584,1.278,No
8235,Evolution Metals & Technologies Corp.,EMAT,-41.75,0.872,1.311,Yes
8236,Core One Labs Inc.,CLABF,-58.98,1.417,0.819,No
8237,Appili Therapeutics Inc.,APLIF,-33.0,0.65,0.175,Yes
8238,"Becle, S.A.B. de C.V.",BCCLF,-22.73,0.421,0.649,Yes
8239,Sylogist Ltd.,SYZLF,-20.74,0.379,1.389,Yes
8240,"Sprout Social, Inc.",SPT,-29.19,0.561,1.89,Yes
8241,Olin Corporation,OLN,-22.17,0.408,0.637,Yes
8242,Halberd Corporation,HALB,-39.9,0.819,0.018,No
8243,"Accendra Health, Inc.",ACH,-40.19,0.825,2.565,Yes
8244,Humm Group Limited,HUMGF,-23.8,0.439,0.221,Yes
8245,Marblegate Capital Corporation,MGTE,-28.6,0.542,2.423,No
8246,"Actuate Therapeutics, Inc. Common stock",ACTU,-39.1,0.789,0.958,Yes
8247,"GrocerIQ Holdings, Inc.",GRIQ,-51.08,1.125,1.33,Yes
8248,Capri Holdings Limited,CPRI,-27.17,0.507,1.801,Yes
8249,Sligro Food Group N.V.,SIGRF,-9.29,0.157,0.047,No
8250,"South Dakota Soybean Processors, LLC",SDSYA,-8.8,0.148,0.312,No
8251,Adicon Holdings Limited,ADCNF,-19.96,0.354,0.489,Yes
8252,"JG Summit Holdings, Inc.",JGSMY,-18.02,0.317,0.235,No
8253,OFS Capital Corporation,OFS,-17.86,0.313,0.427,Yes
8254,Impax Asset Management Group Plc,IPXAF,-26.49,0.486,0.988,Yes
8255,DLH Holdings Corp.,DLHC,-22.48,0.402,1.393,Yes
8256,"Redacted Industries, Inc.",RDCT,-47.26,0.993,0.097,No
8257,"NetPay International, Inc.",NTPY,-38.12,0.749,0.024,No
8258,"QuoteMedia, Inc.",QMCI,-17.51,0.304,0.313,Yes
8259,The Campbell's Company,CPB,-11.59,0.195,0.145,Yes
8260,Fort St. James Nickel Corp.,OARFF,-20.12,0.354,0.051,No
8261,Linkhome Holdings Inc.,LHAI,-51.75,1.124,0.216,Yes
8262,Hays plc,HAYPF,-14.43,0.246,0.094,Yes
8263,Admiralty Resources NL,ADMRF,-27.36,0.501,0.216,No
8264,Pine Cliff Energy Ltd.,PIFYF,-19.06,0.332,0.675,Yes
8265,LICT Corporation,LICT,-10.37,0.172,0.223,No
8266,Davide Campari-Milano N.V.,DVDCF,-14.87,0.253,0.023,No
8267,"Seahawk Deep Ocean Technology, Inc.",SHWK,-32.03,0.601,0.351,Yes
8268,Sequana Medical NV,SQNMF,-21.31,0.375,0.351,No
8269,Klea Holding SA,VMDGF,-29.13,0.536,0.974,Yes
8270,"iQIYI, Inc.",IQ,-31.63,0.59,0.186,No
8271,CNBX Pharmaceuticals Inc.,CNBX,-54.47,1.201,1.453,Yes
8272,bpost NV/SA,BPOSY,-27.83,0.507,0.721,Yes
8273,Medicus Pharma Ltd.,MDCX,-48.55,1.018,0.111,Yes
8274,Aptiv PLC,APTV,-19.29,0.334,0.677,Yes
8275,"Gurunavi, Inc.",GURNF,-35.99,0.689,0.058,Yes
8276,"Rare Earths Americas, Inc.",REA,-62.54,1.482,21.293,Yes
8277,Geox S.p.A.,GXSBY,-20.28,0.353,0.412,No
8278,Pluri Inc.,PLUR,-25.48,0.456,1.297,Yes
8279,"Hudson Technologies, Inc.",HDSN,-21.3,0.372,0.308,Yes
8280,Intercos S.p.A.,ICOSF,-8.96,0.146,0.014,No
8281,"Ito En, Ltd.",ITOEF,-14.43,0.242,0.213,Yes
8282,MIND C.T.I. Ltd,MNDO,-11.38,0.188,0.173,No
8283,"ZhongAn Online P & C Insurance Co., Ltd.",ZZHGF,-13.24,0.22,0.396,No
8284,Fusemachines Inc.,FUSE,-39.47,0.765,2.343,Yes
8285,Rize Oncology Inc.,RZONF,-33.23,0.618,1.048,No
8286,"Montauk Renewables, Inc.",MNTK,-32.31,0.597,1.952,Yes
8287,Invion Limited,IVIXF,-33.16,0.615,1.295,Yes
8288,East Side Games Group Inc.,EAGRF,-32.57,0.602,0.583,Yes
8289,Amplifon S.p.A.,AMFPF,-22.29,0.387,1.196,Yes
8290,Bluerock Private Real Estate Fund,BPRE,-16.61,0.279,0.235,Yes
8291,Ag Growth International Inc.,AGGZF,-29.9,0.541,2.018,Yes
8292,Service Properties Trust,SVC,-28.99,0.521,1.831,Yes
8293,Lipella Pharmaceuticals Inc.,LIPO,-56.89,1.252,1.398,Yes
8294,Mobileye Global Inc.,MBLY,-31.12,0.565,2.377,Yes
8295,WebBeds Group Limited,WEBJF,-26.4,0.466,0.444,Yes
8296,"Charter Communications, Inc.",CHTR,-23.84,0.414,0.161,No
8297,Arogo Capital Acquisition Corp.,AOGOU,-8.39,0.134,0.011,No
8298,CitroTech Inc.,CITR,-28.17,0.501,2.044,No
8299,"Commerce.com, Inc.",CMRC,-29.59,0.531,1.754,Yes
8300,Rémy Cointreau SA,REMYY,-19.1,0.322,0.763,Yes
8301,"Telomir Pharmaceuticals, Inc.",TELO,-40.57,0.78,0.247,No
8302,Gamehaus Holdings Inc.,GMHS,-34.56,0.637,0.75,Yes
8303,Arc Minerals Limited,ACMNF,-0.43,0.007,0.002,No
8304,Orion S.A.,OEC,-26.18,0.457,0.864,Yes
8305,"Krispy Kreme, Inc.",DNUT,-27.06,0.475,0.971,Yes
8306,ProShares Ultra Solana ETF,SLON,-58.45,1.286,2.387,Yes
8307,Ambipar Emergency Response,AMBIQ,-60.12,1.341,3.376,Yes
8308,AECI Ltd,AECLY,-11.42,0.182,0.014,Yes
8309,"Claros Mortgage Trust, Inc.",CMTG,-35.18,0.641,0.616,Yes
8310,Bairong AI Inc.,BAIGF,-16.63,0.272,0.581,Yes
8311,Linkage Global Inc,UZX,-57.55,1.239,0.972,No
8312,THG Plc,THGHY,-20.9,0.348,0.345,Yes
8313,ACMAT Corporation,ACMTA,-16.67,0.269,0.223,No
8314,Braxia Scientific Corp.,BRAXF,-47.76,0.937,2.111,Yes
8315,HMH Holding Inc.,HMH,-21.36,0.352,0.391,Yes
8316,XLMedia PLC,XLMDF,-49.09,0.968,0.146,Yes
8317,FG Nexus Inc.,FGNX,-45.1,0.862,2.591,Yes
8318,"Hygeia Healthcare Holdings Co., Limited",HYHHF,-26.69,0.451,0.171,No
8319,"Medical Connections Holdings, Inc.",MCTH,-37.45,0.677,2.339,Yes
8320,Marley Spoon Group SE,FSESF,-32.93,0.578,0.248,No
8321,Polymeric Resources Corporation,PLYR,-27.96,0.475,0.576,No
8322,xETFs TSLA Daily Income ETF,TYYY,-40.54,0.744,8.003,Yes
8323,OM Holdings Limited,OMHLF,-20.5,0.333,0.114,Yes
8324,"Blaize Holdings, Inc.",BZAI,-45.53,0.865,0.426,Yes
8325,"Vroom, Inc.",VRM,-37.22,0.665,0.106,Yes
8326,Tong Ren Tang Technologies Co. Ltd.,TGRNF,-12.82,0.198,0.101,Yes
8327,HelloFresh SE,HELFY,-29.9,0.508,1.654,Yes
8328,Umbra Companies Inc.,UCIX,-58.71,1.235,2.021,No
8329,TFF Group,FRFTF,-19.49,0.311,0.437,No
8330,Odd Burger Corporation,ODDAF,-46.08,0.871,0.134,No
8331,Baker Global Asset Management Inc.,BAKR,-3.93,0.058,0.04,Yes
8332,Sunac China Holdings Limited,SNCNF,-36.46,0.642,0.021,No
8333,DelphX Capital Markets Inc.,DPXCF,-46.71,0.885,1.401,Yes
8334,"Alliance Creative Group, Inc.",ACGX,-48.27,0.923,0.574,Yes
8335,Timothy Plan Fixed Income ETF,TPFI,-1.95,0.028,0.109,Yes
8336,Aquafil S.p.A.,ECNLF,-27.86,0.462,0.159,Yes
8337,"LiqTech International, Inc.",LIQT,-35.52,0.618,0.798,Yes
8338,Medline Inc.,MDLN,-20.09,0.319,0.479,No
8339,Direxion Daily Silver Bull 2X ETF,USLV,-57.3,1.175,17.007,Yes
8340,"Nocopi Technologies, Inc.",NNUP,-19.23,0.303,0.427,Yes
8341,ZOOZ Strategy Ltd.,ZOOZ,-43.44,0.792,0.711,Yes
8342,Dotz Nano Limited,DTZZF,-42.02,0.754,0.304,Yes
8343,"Toho Zinc Co., Ltd.",TOHZF,-0.7,0.01,0.007,Yes
8344,Spin Master Corp.,SNMSF,-18.25,0.282,0.914,Yes
8345,Spark New Zealand Limited,SPKKY,-16.69,0.255,0.527,Yes
8346,Tema Photonics & Optical ETF,LAZR,-51.45,0.986,,
8347,Westpac Banking Corporation,WBKCY,-29.01,0.474,1.798,No
8348,Zoetis Inc.,ZTS,-19.41,0.3,0.548,Yes
8349,Eden Research plc,EDNSF,-12.1,0.18,0.26,Yes
8350,Playtika Holding Corp.,PLTK,-28.08,0.45,1.351,Yes
8351,Coincheck Group N.V.,CNCK,-32.32,0.532,1.479,Yes
8352,The Warehouse Group Limited,WHGPF,-15.44,0.23,0.331,Yes
8353,"TELA Bio, Inc.",TELA,-41.63,0.727,3.771,Yes
8354,"Constellation Brands, Inc.",STZ,-15.88,0.237,0.219,Yes
8355,Azelis Group NV,AZLGY,-22.33,0.345,0.957,Yes
8356,Pasithea Therapeutics Corp.,KTTA,-46.1,0.829,0.28,No
8357,"N-able, Inc.",NABL,-26.54,0.419,0.716,Yes
8358,Bumble Inc.,BMBL,-33.9,0.56,1.906,Yes
8359,PT Kalbe Farma Tbk.,PTKFY,-24.53,0.382,0.225,Yes
8360,Teads Holding Co.,TEAD,-40.11,0.689,1.761,Yes
8361,Evome Medical Technologies Inc.,LNDZF,-56.18,1.092,3.43,Yes
8362,Rolls-Royce Holdings plc,RLLCF,-33.46,0.548,0.185,No
8363,Forbo Holding AG,FBOHF,-12.93,0.188,0.002,Yes
8364,"The Trade Desk, Inc.",TTD,-34.43,0.566,1.973,Yes
8365,Angel Wing Metals Inc.,HEXPF,-26.65,0.418,0.1,No
8366,Entrepreneur Universe Bright Group,EUBG,-42.68,0.742,0.944,No
8367,Microsectors -3x Short Artificial Intelligence,AIQD,-65.03,1.371,,
8368,"Amaze Holdings, Inc.",AMZE,-66.47,1.419,2.842,Yes
8369,Hexis Active Nicotine Engagement ETF,NICO,-7.92,0.112,1.534,No
8370,LACROIX Group SA,LCRXF,-15.33,0.224,0.049,No
8371,MoneyMe Limited,MNYMF,-16.43,0.241,0.143,Yes
8372,"Madison Systems, Inc.",MADI,-42.11,0.72,1.004,Yes
8373,Tele Group Corp.,TMLL,-20.51,0.305,0.174,No
8374,Sino-Ocean Group Holding Limited,SIOLF,-37.78,0.622,0.597,Yes
8375,PT. Mitra Adiperkasa Tbk,PMDKY,-8.48,0.118,0.155,No
8376,"VivoSim Labs, Inc.",VIVS,-53.11,0.976,1.919,Yes
8377,"Natural Alternatives International, Inc.",NAII,-26.12,0.397,0.802,Yes
8378,Nanofilm Technologies International Limited,NNFTF,-29.74,0.462,0.537,No
8379,Alternus Energy Group Plc,ALTNF,-38.73,0.637,1.297,Yes
8380,lululemon athletica inc.,LULU,-26.87,0.409,0.529,Yes
8381,"TechTarget, Inc.",TTGT,-38.59,0.631,2.234,Yes
8382,"Flexpoint Sensor Systems, Inc.",FLXT,-52.5,0.951,0.302,Yes
8383,"Wearable Health Solutions, Inc.",WHSI,-34.58,0.549,0.239,No
8384,Prospect Capital Corporation,PSEC,-14.55,0.205,0.613,Yes
8385,Unicharm Corporation,UNCHF,-32.16,0.502,0.341,Yes
8386,"Sunrise Real Estate Group, Inc.",SRRE,-29.42,0.452,0.138,Yes
8387,BEC World Public Company Limited,BECVY,-27.19,0.41,0.165,Yes
8388,Avenira Limited,MMMKF,-36.59,0.584,0.552,No
8389,Clarivate Plc,CLVT,-27.45,0.413,0.827,Yes
8390,Burford Capital Limited,BUR,-26.63,0.398,1.596,Yes
8391,Telo Genomics Corp.,TDSGF,-42.6,0.705,0.326,No
8392,Semilux International Ltd.,SELXF,-67.74,1.401,2.953,Yes
8393,Simplify VettaFi Private Credit Strategy ETF,PCR,-12.37,0.17,0.589,Yes
8394,DENTSPLY SIRONA Inc.,XRAY,-25.11,0.369,0.652,Yes
8395,Rokeby Resources Limited,INMNF,-45.51,0.764,0.549,Yes
8396,FMC Corporation,FMC,-32.98,0.507,0.083,Yes
8397,Dunelm Group plc,DNEMF,-25.97,0.383,1.793,No
8398,"Crimson Wine Group, Ltd.",CWGL,-10.15,0.137,0.272,Yes
8399,"Cogent Communications Holdings, Inc.",CCOI,-34.25,0.531,0.854,Yes
8400,"Pliant Therapeutics, Inc.",PLRX,-43.54,0.718,1.501,Yes
8401,"NIKE, Inc.",NKE,-21.24,0.304,0.684,Yes
8402,Jiumaojiu International Holdings Limited,JIUMF,-35.79,0.558,0.056,Yes
8403,"The Boston Beer Company, Inc.",SAM,-20.18,0.286,0.041,Yes
8404,Pernod Ricard SA,PRNDY,-18.19,0.255,0.31,Yes
8405,"Alight, Inc.",ALIT,-41.4,0.669,2.86,Yes
8406,Pernod Ricard SA,PDRDF,-18.4,0.258,0.355,Yes
8407,Lotus Technology Inc.,LOT,-42.25,0.682,1.832,Yes
8408,"ERock, Inc.",EROC,-58.76,1.084,,
8409,Carlyle Credit Income Fund,CCIF,-15.3,0.209,0.665,Yes
8410,Peugeot Invest Société anonyme,SFFFF,-8.62,0.114,0.098,Yes
8411,Cryomass Technologies Inc.,CRYM,-56.81,1.023,0.518,No
8412,SCHOTT Pharma AG & Co. KGaA,SHTPY,-35.14,0.536,0.432,Yes
8413,0913693 B.C. Ltd.,REPCF,-58.78,1.075,0.354,No
8414,"Golden Ally Lifetech Group, Inc.",AQPW,-40.87,0.647,0.364,Yes
8415,Bicycle Therapeutics plc,BCYC,-33.92,0.512,1.718,Yes
8416,Forecastagility Corporation,FCGY,-40.58,0.639,1.622,Yes
8417,BlueRiver Acquisition Corp.,BLUVF,-5.09,0.065,0.078,Yes
8418,Planet 13 Holdings Inc.,PLNH,-37.57,0.579,0.273,No
8419,Ace Ethanol LLC,ACEEU,-13.86,0.186,0.532,No
8420,"Xiabuxiabu Catering Management (China) Holdings Co., Ltd.",XIAXF,-39.08,0.607,0.031,No
8421,WH Smith PLC,WHTPF,-22.2,0.31,0.481,Yes
8422,"Toys""R""Us ANZ Limited",TOYRF,-47.36,0.781,0.675,Yes
8423,"FlexShopper, Inc.",FPAYQ,-55.77,0.985,2.038,Yes
8424,"Flameret, Inc.",FLRE,-43.69,0.699,0.641,Yes
8425,"Electronic Tele-Communications, Inc.",ETCIA,-41.15,0.645,0.083,No
8426,VegaShares SpaceX & Beyond Earth ETF,XSPC,-52.97,0.909,,
8427,PowerBank Corporation,PBK,-51.17,0.864,2.389,Yes
8428,GrabAGun Digital Holdings Inc.,PEW,-33.09,0.49,0.081,No
8429,Forvia SE,FAURY,-22.33,0.31,0.153,Yes
8430,"CEO America, Inc.",CEOA,-38.73,0.595,1.177,Yes
8431,"Monarch Services, Inc.",MAHI,-38.73,0.595,0.179,Yes
8432,"PowerCompute, Inc.",PWCM,-58.1,1.04,3.647,Yes
8433,Legible Inc.,LEBGF,-54.08,0.934,1.352,No
8434,China Traditional Chinese Medicine Holdings Co. Limited,CHIZF,-19.61,0.268,0.125,Yes
8435,"NextNRG, Inc.",NXXT,-52.15,0.882,0.77,Yes
8436,YieldMax RDDT Option Income Str,RDYY,-28.97,0.415,1.616,Yes
8437,CDT Environmental Technology Investment Holdings Limited,CDTG,-60.07,1.087,1.877,No
8438,RMG ML Sports Holdings,SHOTU,-0.6,0.007,,
8439,Greenrise Global Brands Inc.,GRGBF,-49.31,0.809,0.16,No
8440,Universal Apparel & Textile Company,DKGR,-36.5,0.545,0.817,No
8441,ParaFin Corporation,PFNO,-36.5,0.545,0.482,No
8442,Stratec SE,STSEY,-29.8,0.425,0.314,No
8443,Dustin Group AB (publ),DUSXF,-43.15,0.672,0.02,No
8444,Kogan.com Ltd,KGGNF,-21.6,0.293,0.405,No
8445,"Eva Live, Inc.",GOAI,-47.67,0.767,1.068,Yes
8446,Arçelik Anonim Sirketi,ACKAY,-24.95,0.345,0.038,Yes
8447,"California Style Palms, Inc.",CFPI,-25.11,0.347,0.479,Yes
8448,Rainforest Resources Inc.,RRIF,-25.11,0.347,0.377,Yes
8449,"Puhui Wealth Investment Management Co., Ltd.",PHCFF,-25.11,0.347,0.245,No
8450,"Thryv Holdings, Inc.",THRY,-40.99,0.626,1.231,Yes
8451,"PLAYSTUDIOS, Inc.",MYPS,-37.48,0.559,1.556,Yes
8452,BeLive Holdings,BLIV,-36.1,0.533,0.131,No
8453,"Barnwell Industries, Inc.",BRN,-24.98,0.344,0.012,Yes
8454,Cookpad Inc.,CPADF,-7.65,0.096,0.109,Yes
8455,PicS N.V.,PICS,-46.65,0.738,1.989,Yes
8456,"Evolutionary Genomics, Inc.",FNAM,-45.93,0.721,0.562,Yes
8457,Universal Potash Corp.,UPCO,-45.57,0.712,0.696,No
8458,Lai Sun Development Company Limited,LVSDF,-28.6,0.398,0.923,Yes
8459,NOVONIX Limited,NVX,-38.97,0.578,1.477,Yes
8460,Skeleton Coast Uranium Corp.,GLIIF,-31.14,0.438,0.617,No
8461,Hammer Metals Limited,HMRRF,-8.81,0.11,0.032,No
8462,doValue S.p.A.,DOVXF,-39.39,0.584,0.324,Yes
8463,Silicon Metals Corp.,SLCNF,-19.32,0.253,1.295,No
8464,"Centor Energy, Inc.",CNTO,-38.0,0.558,0.015,Yes
8465,Ameritrans Capital Corp. PFD PRT 9.375%,AMTPQ,-48.88,0.777,1.288,Yes
8466,NexMetals Mining Corp.,NEXM,-40.72,0.609,1.046,Yes
8467,Brown-Forman Corporation,BF-B,-18.96,0.247,0.054,No
8468,The Wendy's Company,WEN,-19.63,0.257,0.084,Yes
8469,Bettermoo(d) Food Corporation,MOOOF,-59.68,1.034,0.232,No
8470,Ubisoft Entertainment SA,UBSFF,-35.58,0.511,0.85,Yes
8471,NOVONIX Limited,NVNXF,-38.68,0.566,1.708,Yes
8472,SBO AG,SBOEF,-14.6,0.185,0.506,Yes
8473,Meritage Hospitality Group Inc.,MHGUQ,-42.53,0.639,0.143,No
8474,One World Universe Inc.,OWUV,-33.27,0.47,0.237,Yes
8475,"Super League Enterprise, Inc.",SLE,-64.95,1.184,1.088,Yes
8476,Michael Page Plc,MPGPF,-27.82,0.379,0.419,Yes
8477,"OSR Health, Inc.",OSRH,-52.33,0.845,0.659,Yes
8478,VEF AB (publ),VEFFF,-9.23,0.113,0.131,No
8479,Zumtobel Group AG,ZMTBY,-13.34,0.167,0.114,Yes
8480,Vicarious Surgical Inc.,RBOT,-65.78,1.202,2.876,Yes
8481,"Xcel Brands, Inc.",XELB,-44.85,0.68,1.063,Yes
8482,Kid Castle Educational Corporation,KDCE,-51.61,0.824,1.868,Yes
8483,Stardust Power Inc.,SDST,-65.47,1.189,2.052,Yes
8484,Schindler Holding AG,SHNDY,-20.0,0.258,1.277,Yes
8485,Stellantis N.V.,STLA,-26.63,0.356,1.613,Yes
8486,Western Resources Corp.,WTRNF,-65.11,1.172,1.398,Yes
8487,Xaar plc,XAARF,-22.66,0.296,0.422,No
8488,"Kandi Technologies Group, Inc.",KNDI,-36.77,0.52,0.317,No
8489,FDM Group (Holdings) plc,FDDMF,-37.99,0.542,0.214,Yes
8490,Intercont (Cayman) Limited,NCT,-67.93,1.251,5.281,Yes
8491,"Health Catalyst, Inc.",HCAT,-38.1,0.541,1.187,Yes
8492,Universal Robina Corporation,UVRBY,-21.46,0.275,0.409,No
8493,Onward Medical N.V.,ONWRY,-29.89,0.402,0.502,Yes
8494,Heritage Global Inc.,HGBL,-22.69,0.292,0.125,No
8495,PDS Biotechnology Corporation,PDSB,-50.44,0.782,2.516,Yes
8496,Benchmark Holdings plc,BHCCF,-19.91,0.252,0.476,Yes
8497,"Shutterstock, Inc.",SSTK,-35.36,0.491,1.28,Yes
8498,InnoCare Pharma Limited,INCPF,-19.53,0.245,0.285,Yes
8499,Quantum eMotion Corp.,QNC,-54.03,0.854,4.026,Yes
8500,MingZhu Logistics Holdings Limited,YGMZF,-67.56,1.216,0.065,No
8501,Globant S.A.,GLOB,-34.62,0.471,1.197,Yes
8502,"Bioqual, Inc.",BIOQ,-16.41,0.201,0.04,Yes
8503,Foresight Autonomous Holdings Ltd.,FRSX,-59.0,0.968,1.09,No
8504,"Digital Asset Monetary Network, Inc.",DATI,-57.75,0.931,0.36,No
8505,QXO Inc,QXO-PB,-24.45,0.31,0.46,Yes
8506,Defiance US 100 Tech AI Moat ETF,AIX,-33.58,0.45,,
8507,Avance Gas Holding Ltd,AVACF,-64.05,1.096,1.267,No
8508,Hays plc,HAYPY,-24.86,0.314,0.522,No
8509,"MDB Capital Holdings, LLC",MDBH,-31.65,0.416,1.21,Yes
8510,The Southern Company,SOMN,-7.99,0.092,0.085,Yes
8511,Quanterix Corporation,QTRX,-44.24,0.63,1.594,Yes
8512,"GEN Restaurant Group, Inc.",GENK,-38.39,0.524,0.525,Yes
8513,AEVEX Corp.,AVEX,-64.51,1.096,11.002,Yes
8514,Maisons du Monde S.A.,MDOUF,-33.13,0.437,0.027,Yes
8515,,SLRD,-25.85,0.325,1.248,Yes
8516,DocMorris AG,ZRSEF,-36.7,0.493,0.066,Yes
8517,Serko Limited,SERKF,-34.91,0.463,0.116,Yes
8518,MCF Energy Ltd.,MCFNF,-50.15,0.742,0.075,No
8519,Armlogi Holding Corp.,BTOC,-56.42,0.88,2.872,Yes
8520,"T-Mobile US, Inc. 6.250% Senior Notes due 2069",TMUSL,-6.19,0.07,0.333,Yes
8521,Comvita Limited,CVNZF,-29.98,0.383,0.073,Yes
8522,Lai Fung Holdings Limited,LFHLF,-45.47,0.644,0.356,No
8523,Ubisoft Entertainment SA,UBSFY,-37.15,0.495,0.479,Yes
8524,gumi Inc.,GUMIF,-36.69,0.485,0.474,Yes
8525,"Espre Technologies, Inc.",ESPT,-8.24,0.093,0.014,Yes
8526,IDP Education Limited,IDPUF,-35.58,0.466,0.018,Yes
8527,Quest Resource Holding Corporation,QRHC,-35.93,0.469,0.96,Yes
8528,"Alpha Modus Holdings, Inc.",AMOD,-65.61,1.095,1.914,Yes
8529,"Clean Energy Technologies, Inc.",CETY,-52.91,0.78,1.374,No
8530,"Lineage, Inc.",LINE,-25.53,0.311,0.823,Yes
8531,Video Display Corporation,VIDE,-49.55,0.709,1.811,No
8532,Coty Inc.,COTY,-31.76,0.399,1.631,Yes
8533,Bgin Blockchain Limited,BGIN,-47.38,0.662,1.261,Yes
8534,"Beyond Meat, Inc.",BYND,-52.96,0.773,3.384,Yes
8535,Brown-Forman Corporation,BF-A,-19.0,0.221,0.023,No
8536,"Bolt Biotherapeutics, Inc.",BOLT,-36.4,0.469,1.511,Yes
8537,Ark Restaurants Corp.,ARKR,-25.24,0.303,0.286,Yes
8538,iQSTEL Inc.,IQST,-51.56,0.739,0.377,Yes
8539,Nanalysis Scientific Corp.,NSCIF,-33.67,0.424,0.286,Yes
8540,Exasol AG,EXLGF,-46.68,0.644,1.355,No
8541,Quest Critical Metals Inc.,DCNNF,-49.16,0.69,0.846,No
8542,New Fortress Energy Inc.,NFE,-55.68,0.822,2.342,Yes
8543,Bitwise Avalanche ETF,BAVA,-41.36,0.546,3.177,Yes
8544,OptiBiotix Health Plc,OPTBF,-37.54,0.48,0.296,No
8545,Franklin Street Properties Corp.,FSP,-34.02,0.424,1.428,Yes
8546,,RWTS,-5.71,0.061,0.775,No
8547,Touchstone Exploration Inc.,PBEGF,-39.12,0.501,0.181,Yes
8548,"Lucid Group, Inc.",LCID,-46.55,0.626,0.378,No
8549,,GIGI,-39.94,0.512,0.42,No
8550,"Curtiss Motorcycles Company, Inc.",CMOT,-62.25,0.958,0.484,No
8551,Saean Group Inc.,SEAN,-42.06,0.544,0.574,Yes
8552,The Simply Good Foods Company,SMPL,-27.67,0.325,0.085,Yes
8553,"PharmaCyte Biotech, Inc.",PMCB,-33.31,0.404,1.162,Yes
8554,Sino-Ocean Group Holding Limited,SIOLY,-45.43,0.598,0.135,No
8555,"USANA Health Sciences, Inc.",USNA,-32.83,0.394,1.189,Yes
8556,Princeton Capital Corporation,PIAC,-46.78,0.619,0.208,No
8557,PPL Corporation,PPLC,-8.58,0.09,0.321,No
8558,Siouxland Energy Cooperative,SIXN,-13.18,0.141,0.236,Yes
8559,"The Hain Celestial Group, Inc.",HAIN,-48.88,0.656,0.612,Yes
8560,Australian Vintage Ltd,AUVGF,-50.43,0.684,1.233,No
8561,Tribeca Strategic Acquisition Corp.,BIDWU,-0.4,0.004,0.017,No
8562,GCL Global Holdings Ltd,GCL,-50.94,0.691,1.048,Yes
8563,M.O.B.A. Network AB,MOBNF,-47.11,0.62,0.781,Yes
8564,Summerset Group Holdings Limited,SMGRF,-17.56,0.191,0.121,No
8565,"Ayala Land, Inc.",AYAAY,-27.43,0.314,0.743,No
8566,Arizona Metals Corp.,AZMCF,-49.99,0.666,0.448,No
8567,"Gresham Worldwide, Inc.",GIGAQ,-60.33,0.88,1.138,No
8568,"SouthPoint Bancshares, Inc.",SOUB,-36.35,0.437,1.283,Yes
8569,VolitionRx Limited,VNRX,-56.49,0.792,0.373,Yes
8570,"5E Advanced Materials, Inc.",FEAM,-57.04,0.803,1.6,Yes
8571,PT Semen Indonesia (Persero) Tbk,PSGTF,-38.92,0.475,1.004,Yes
8572,"Cellectar Biosciences, Inc.",CLRB,-52.66,0.712,1.436,Yes
8573,Citychamp Watch & Jewellery Group Limited,CEBTF,-45.17,0.575,1.304,Yes
8574,SunCar Technology Group Inc.,SDA,-48.93,0.641,1.128,Yes
8575,"Destination XL Group, Inc.",DXLG,-41.45,0.513,1.896,Yes
8576,CF Energy Corp.,CGFEF,-49.8,0.656,1.257,No
8577,"IN8bio, Inc.",INAB,-55.63,0.762,1.198,Yes
8578,Envipco Holding N.V.,ENVHF,-47.28,0.603,0.136,Yes
8579,"Indaptus Therapeutics, Inc.",INDP,-62.65,0.907,1.445,Yes
8580,"Medley, Inc.",MDLYF,-20.99,0.224,0.058,Yes
8581,Mammoth Minerals Limited,FIRTF,-61.15,0.87,4.817,No
8582,INFRONEER Holdings Inc.,INRHF,-67.39,1.024,4.016,Yes
8583,Sranan Gold Corp.,SRANF,-62.71,0.906,0.366,Yes
8584,Geiger Energy Corporation,BSENF,-47.96,0.607,0.225,No
8585,Lifeward Ltd.,LFWD,-43.29,0.525,0.167,Yes
8586,Evogene Ltd.,EVGN,-47.05,0.586,1.732,Yes
8587,Evolve Royalties Ltd,EVRYF,-28.72,0.313,1.401,Yes
8588,RedCloud Holdings plc,RCT,-67.05,0.99,4.491,Yes
8589,"Huadi International Group Co., Ltd.",HUDI,-34.95,0.393,0.556,Yes
8590,International Zeolite Corp.,IZCFF,-62.23,0.867,1.612,No
8591,Pacific Coast Oil Trust,ROYTL,-29.45,0.318,0.332,No
8592,"Sany Heavy Industry Co.,Ltd",SNHIY,-32.79,0.361,2.331,Yes
8593,Humble Group AB (publ),HMBAF,-29.15,0.313,0.35,Yes
8594,SkyCity Entertainment Group Limited,SKYZF,-28.42,0.304,0.05,Yes
8595,Gauzy Ltd.,GAUZ,-65.31,0.93,0.269,No
8596,Tencent Music Entertainment Group,TCMEF,-41.52,0.48,1.841,Yes
8597,Gogoro Inc.,GGR,-52.66,0.663,1.797,Yes
8598,"AIRO Group Holdings, Inc.",AIRO,-52.19,0.654,2.017,Yes
8599,Star Vault AB (publ),SRVTF,-40.83,0.469,0.216,Yes
8600,Genmin Limited,GENLF,-63.23,0.876,0.06,No
8601,Klarna Group plc,KLAR,-53.08,0.669,1.771,Yes
8602,"T-Mobile US, Inc. 5.500% Senior Notes due March 2070",TMUSZ,-11.4,0.11,0.531,Yes
8603,"ProCap Financial, Inc. Common Stock",SVIA,-59.37,0.787,1.742,Yes
8604,Precise Biometrics AB (publ),PRBCF,-36.0,0.396,0.031,Yes
8605,FST Corp.,KBSX,-44.82,0.523,1.253,Yes
8606,Pearl Diver Credit Company Inc.,PDCC,-20.15,0.2,0.595,Yes
8607,Voya Core Bond ETF,VCOB,-3.89,0.036,0.102,Yes
8608,Pulsenmore Ltd.,PLSM,-64.02,0.876,1.5,Yes
8609,The Pebble Group plc,PEBBF,-20.05,0.198,0.26,Yes
8610,Verici Dx plc,VRCDF,-60.07,0.788,1.456,Yes
8611,Mag Magna Corp.,MGNC,-66.17,0.92,2.696,Yes
8612,Biostax Corp.,BTAX,-66.4,0.923,1.595,Yes
8613,Venu Holding Corporation,VENU,-52.79,0.643,3.194,Yes
8614,"Omega Flex, Inc.",OFLX,-26.21,0.264,0.368,Yes
8615,Longduoduo Company Limited,LDDD,-47.9,0.557,0.299,Yes
8616,Vivid Seats Inc.,SEAT,-54.93,0.677,1.237,Yes
8617,SLANG Worldwide Inc.,SLGWQ,-48.15,0.56,0.525,No
8618,Ryman Healthcare Limited,RYHTY,-29.03,0.295,0.608,Yes
8619,Fab-Form Industries Ltd.,FABFF,-18.75,0.179,0.026,No
8620,DocGo Inc.,DCGO,-50.39,0.591,0.93,Yes
8621,Rheinmetall AG,RNMBF,-39.99,0.434,0.363,Yes
8622,"Kodiak AI, Inc.",KDKRW,-63.96,0.849,3.547,Yes
8623,"Pershing Square USA, Ltd.",PSUS,-20.33,0.195,0.076,Yes
8624,CSC Holdings Limited,CSGGF,-62.15,0.808,1.707,No
8625,"NextEra Energy, Inc.",NEE-PV,-20.25,0.194,0.171,Yes
8626,Great Wall Pan Asia Holdings Limited,GRWWF,-31.32,0.32,0.517,Yes
8627,Lakeside Holding Limited,QNME,-57.31,0.711,1.855,Yes
8628,Komax Holding AG,KMAAF,-29.14,0.293,0.43,No
8629,"Shift4 Payments, Inc.",FOUR-PA,-33.42,0.342,0.686,Yes
8630,Bon Natural Life Limited,BON,-59.28,0.74,2.271,Yes
8631,Fort Technology Inc.,FRTT,-39.97,0.427,,
8632,Cosan S.A.,CSANY,-35.57,0.368,0.397,Yes
8633,"Resources Connection, Inc.",RGP,-28.8,0.284,1.16,Yes
8634,Prairie Operating Co.,PROP,-56.85,0.688,1.529,No
8635,"Kairos Pharma, Ltd.",KAPA,-54.32,0.643,1.481,Yes
8636,Ready Capital Corporation,RC,-35.4,0.362,1.595,Yes
8637,Karbon-X Corp.,KARX,-51.58,0.592,1.586,No
8638,Grayscale Ethereum High Income ETF,ETCO,-41.62,0.441,0.662,Yes
8639,Huntington Bancshares Incorporated,HBANZ,-14.47,0.13,0.527,Yes
8640,"America's Car-Mart, Inc.",CRMT,-57.68,0.694,1.615,Yes
8641,Contango Holdings plc,COHLF,-47.48,0.519,0.331,Yes
8642,"T-Mobile US, Inc. 5.500% Senior Notes due June 2070",TMUSI,-11.2,0.097,0.43,Yes
8643,Kontrol Technologies Corp.,KNRLF,-35.76,0.356,0.296,Yes
8644,Zhibao Technology Inc.,ZBAO,-60.95,0.739,1.74,Yes
8645,,DTK,-9.4,0.08,0.441,Yes
8646,Can-Fite BioPharma Ltd.,CANF,-53.0,0.589,1.781,Yes
8647,CaliberCos Inc.,CWD,-63.16,0.771,0.065,No
8648,Natixis Loomis Sayles Total Return Bond ETF,LSTB,-5.49,0.045,,
8649,Rockwool A/S,RCWLY,-29.44,0.275,0.184,Yes
8650,YieldMax DKNG Option Income Strategy ETF,DRAY,-39.39,0.392,1.284,Yes
8651,Grandstand Limited,GRSD,-43.25,0.44,0.068,Yes
8652,Accuray Incorporated,ARAY,-48.44,0.51,2.112,Yes
8653,Argyle Resources Corp.,ARLYF,-67.54,0.848,2.087,Yes
8654,"Getty Images Holdings, Inc.",GETY,-57.46,0.651,1.826,Yes
8655,CellaVision AB (publ),CVLLY,-33.74,0.315,0.379,No
8656,Bioceres Crop Solutions Corp.,BIOX,-57.98,0.651,1.541,Yes
8657,Invesco Bulletshares 2030 Treasury Bond ETF,BSTU,-1.69,0.013,,
8658,KMD Brands Limited,KTHUF,-46.5,0.472,1.546,No
8659,Leverage Shares 2X Long ECHO Daily ETF,ECHX,-58.91,0.663,1.631,Yes
8660,Dye & Durham Limited,DYNDF,-65.95,0.796,0.371,Yes
8661,Russell Investments Core Plus Bond ETF,BD,-5.97,0.047,,
8662,Pantera Minerals Limited,PTMLF,-58.94,0.656,0.983,No
8663,Cabbacis Inc.,CABI,-64.51,0.758,1.356,No
8664,PGIM AAA CLO Aggregate Duration ETF,AAAD,-4.35,0.034,,
8665,GrainCorp Limited,GRNCY,-30.24,0.268,0.353,No
8666,"Fold Holdings, Inc.",FLD,-55.08,0.584,1.197,Yes
8667,Whirlpool Corp,WHR-PA,-22.51,0.189,0.302,Yes
8668,Veea Inc.,VEEA,-68.25,0.819,1.334,Yes
8669,GreenTree Hospitality Group Ltd.,GHG,-34.44,0.307,0.169,Yes
8670,"Flowers Foods, Inc.",FLO,-27.11,0.228,0.355,Yes
8671,Birks Group Inc.,BGICF,-53.19,0.535,1.056,Yes
8672,Direxion Daily Semiconductors Top 5 Bear 2X ETF,TSXD,-64.08,0.714,3.785,No
8673,Amplifon S.p.A.,AMFPY,-39.88,0.358,0.399,No
8674,"Cellyan Biotechnology Co., Ltd",HKPD,-60.2,0.638,2.22,Yes
8675,Natixis Loomis Sayles Dynamic Core Plus ETF,LSCP,-5.73,0.042,,
8676,Invesco Bulletshares 2031 Treasury Bond ETF,BSTV,-2.76,0.02,,
8677,Antalpha Platform Holding Compa,ANTA,-55.3,0.557,2.087,Yes
8678,PurePlay Nvidia Ecosystem Picks & Shovels Index ETF,NVPS,-64.54,0.709,,
8679,Claranova SE,CRNVF,-45.25,0.415,0.639,No
8680,Alara Resources Ltd,ALULF,-23.06,0.183,0.188,Yes
8681,"MGP Ingredients, Inc.",MGPI,-41.54,0.368,0.899,Yes
8682,Accord Financial Corp.,ACCFF,-45.32,0.407,0.624,No
8683,Spire Inc. 6.375% Junior Subord,SRJN,-12.45,0.091,0.369,Yes
8684,Hugoton Royalty Trust,HGTXU,-44.93,0.398,0.12,Yes
8685,Snow Rothschild Acquisition Corp,ISNRU,-1.78,0.012,,
8686,Dynamix Corporation III,DNMXW,-38.77,0.323,0.837,Yes
8687,KPET Ultra Paceline Corporation,KPET,-5.38,0.037,0.029,Yes
8688,PayPay Corporation,PAYP,-51.29,0.466,1.226,Yes
8689,"Cable One, Inc.",CABO,-57.83,0.555,0.369,No
8690,Alphabet Inc. Depositary Shares representing a 1/20th Interest in a Share of Series B Mandatory Convertible Preferred Stock,GOOGN,-18.25,0.133,,
8691,Videndum Plc,VTEPF,-68.94,0.741,2.091,Yes
8692,"Tokyo Metro Co., Ltd.",TKMTY,-41.43,0.347,0.929,No
8693,ARCpoint Inc.,ARCPF,-60.88,0.588,0.462,No
8694,Youlife Group Inc.,YOUL,-64.07,0.638,0.302,Yes
8695,"Black Rock Coffee Bar, Inc.",BRCB,-56.9,0.526,0.462,No
8696,KSB SE & Co. KGaA,KSVRF,-0.84,0.005,0.007,No
8697,Scheid Vineyards Inc.,SVIN,-57.27,0.528,0.77,No
8698,TransCanada PipeLines Limited 6,TCPA,-11.38,0.077,0.213,Yes
8699,"First Carolina Financial Services, Inc.",FCBM,-23.03,0.164,,
8700,Helport AI Limited,HPAI,-67.83,0.684,0.109,Yes
8701,Capstone Holding Corp.,CAPS,-64.67,0.623,0.79,No
8702,Computer Modelling Group Ltd.,CMDXF,-40.43,0.311,0.307,No
8703,"Mobia Medical, Inc.",MOBI,-44.71,0.355,0.832,Yes
8704,Madison Air Solutions Corporation,MAIR,-62.1,0.562,4.75,Yes
8705,Jaguar Uranium Corp.,JAGU,-52.02,0.428,0.845,No
8706,Mercer International Inc.,MERC,-59.05,0.489,0.401,Yes
8707,"MacKenzie Realty Capital, Inc.",MKZR,-69.12,0.616,0.366,No
8708,Arimathea Catholic Bond Index ETF,SHRD,-7.77,0.044,,
8709,Invesco Bulletshares 2036 Corporate Bond ETF,BSCA,-10.27,0.058,,
8710,Boyd Group Services Inc.,BGSI,-54.73,0.409,0.619,Yes
8711,YieldMax(TM) RBLX Option Income Strategy ETF,RBLY,-59.93,0.457,0.434,Yes
8712,Dynatronics Corporation,DYNTQ,-60.62,0.461,0.114,No
8713,Fidelity Intermediate Municipal Income Fund ETF,FIMU,-7.44,0.039,,
8714,Bitcoin Treasury Corporation,BTCFF,-58.96,0.432,0.244,Yes
8715,Dune Oil Corp,TRLEF,-36.26,0.222,3.337,Yes
8716,Horizon Robotics,HRZRF,-64.96,0.496,1.621,Yes
8717,J.P. Morgan Exchange-Traded Fund Trust - JPMorgan California Tax Free Bond ETF,JCAL,-9.15,0.047,,
8718,Rank One Computing Corporation,ROC,-56.07,0.372,1.342,No
8719,Defiance KSM TipRanks Analyst ETF,RANK,-40.38,0.227,,
8720,Brava Energia S.A.,BVENY,-31.27,0.16,0.766,No
8721,"Nippon Electric Glass Co., Ltd.",NPPEY,-57.61,0.338,,
8722,"Sakai Chemical Industry Co., Ltd.",SACIF,-26.44,0.124,,
8723,Standard Uranium Ltd.,STTDF,-58.91,0.35,,
8724,Pantheon Resources Plc,PTHRF,-49.64,0.272,,
8725,"Mobility Global, Inc.",MBGL,-37.47,0.183,,
8726,Cirrus Aircraft Limited,CRRSF,-57.31,0.324,1.571,Yes
8727,Alphabet Inc. Depositary Shares representing a 1/20th Interest in a Share of Series A Mandatory Convertible Preferred Stock,GOOGM,-19.54,0.078,,
8728,J.P. Morgan Exchange-Traded Fund Trust - JPMorgan New York Tax Free Bond ETF,JTNY,-10.0,0.036,,
8729,C1 Fund Inc.,CFND,-64.86,0.265,0.442,Yes
8730,State Street IG Public & Private ABS ETF,PRAB,-1.62,0.004,0.02,Yes
8731,Blackstone Digital Infrastructure Trust Inc.,BXDC,-25.88,0.074,0.741,No
8732,Apogee Acquisition Corp,AACPR,-32.76,0.098,1.068,No
8733,"Kardigan, Inc.",KARD,-62.93,0.234,,
8734,Amana Equity Income ETF,AMEI,-6.21,0.015,,
8735,American Beacon Aberdeen Municipal High Income ETF,AMHI,-13.86,0.033,,
8736,ARC Group Acquisition I Corp,ARCLR,-58.92,0.086,0.619,No
8737,Nuveen Global Infrastructure Fund ETF Class,NGIF,-17.45,0.018,,
8738,Cerebras Systems Inc.,CBRS,-63.42,0.062,0.119,Yes
8739,"FedEx Freight Holding Company, Inc.",FDXF,-51.61,0.036,0.385,Yes
8740,DPC Holdings PLC,DPC,-60.85,0.023,,
8741,Nuveen U.S. Infrastructure ETF,NUIF,-17.01,0.003,,
8742,Vaneck Industrials TruSector ETF,TRUI,-27.98,0.005,,
8743,Voyant International Corp.,VOYT,0.0,0.0,0.0,No
8744,"Vision Airships, Inc.",VPSN,0.0,0.0,0.0,No
8745,"VMS Rehab Systems, Inc.",VRSYF,0.0,0.0,0.0,No
8746,"Verus International, Inc.",VRUS,0.0,0.0,0.0,No
8747,"Vasamed, Inc.",VSMD,0.0,0.0,0.0,No
8748,Vision Technology Corp.,VSTCQ,0.0,0.0,0.0,No
8749,"Vitamin Blue, Inc.",VTMB,0.0,0.0,0.0,No
8750,Vast Solutions Inc,VTON,0.0,0.0,0.0,No
8751,Vast Solutions Inc,VTTH,0.0,0.0,0.0,No
8752,"Vydrotech, Inc.",VYDR,0.0,0.0,0.0,No
8753,WestAmerica Corporation,WACC,0.0,0.0,0.0,No
8754,"World Access, Inc.",WAXS,0.0,0.0,0.0,No
8755,"Wild Brush Energy, Inc.",WBRE,0.0,0.0,0.0,No
8756,"WeedHire International, Inc.",WDHR,0.0,0.0,0.0,No
8757,Wisdom Education International Holdings Company Limited,WDMSF,0.0,0.0,0.0,No
8758,Wavefront Technology Solutions Inc.,WFTSF,0.0,0.0,0.0,No
8759,Wi-Fi Wireless ltd,WFWRF,0.0,0.0,0.0,No
8760,Western Gold Exploration Ltd.,WGELF,0.0,0.0,0.0,No
8761,"WGI Holdings, Inc.",WGIH,0.0,0.0,0.0,No
8762,,WGSK,0.0,0.0,0.0,No
8763,Wildflower Brands Inc.,WLDFF,0.0,0.0,0.0,No
8764,"WMD Holdings Group, Inc.",WMDH,0.0,0.0,0.0,No
8765,"Wellness Matrix Group, Inc.",WMGR,0.0,0.0,0.0,No
8766,"Wyncrest Group, Inc.",WNCG,0.0,0.0,0.0,No
8767,"Wineco Productions, Inc.",WNCP,0.0,0.0,0.0,No
8768,"World Am, Inc.",WOAM,0.0,0.0,0.0,No
8769,Western Pacific Minerals Ltd.,WPMLF,0.0,0.0,0.0,No
8770,Decimus Oil Corp.,WSCBF,0.0,0.0,0.0,No
8771,"WSB Financial Group, Inc.",WSFGQ,0.0,0.0,0.0,No
8772,"Wall Street Capital, Inc.",WSSE,0.0,0.0,0.0,No
8773,"WW Energy, Inc.",WWNG,0.0,0.0,0.0,No
8774,Wind Works Power Corp.,WWPW,0.0,0.0,0.0,No
8775,"Xtera Communications, Inc.",XCOMQ,0.0,0.0,0.0,No
8776,"Xcorporeal, Inc.",XCRP,0.0,0.0,0.0,No
8777,Xeno Transplants Corporation,XENO,0.0,0.0,0.0,No
8778,Cycle Energy Industries Inc.,XFLS,0.0,0.0,0.0,No
8779,Xmet Inc.,XMTTF,0.0,0.0,0.0,No
8780,"Xtreme Motorsports International, Inc.",XTMM,0.0,0.0,0.0,No
8781,"Xynergy Holdings, Inc.",XYNH,0.0,0.0,0.0,No
8782,Yadong Group Holdings Limited,YDGHF,0.0,0.0,0.0,No
8783,Yunfeng Financial Group Limited,YNFGF,0.0,0.0,0.0,No
8784,"Yuma Energy, Inc.",YUMAQ,0.0,0.0,0.0,No
8785,Zahav Inc.,ZAHA,0.0,0.0,0.0,No
8786,ZaZa Energy Corporation,ZAZA,0.0,0.0,0.0,No
8787,"Zenergy International, Inc.",ZENG,0.0,0.0,0.0,No
8788,Zeons Corporation,ZEON,0.0,0.0,0.0,No
8789,Zhengwei Group Holdings Company Limited,ZHGWF,0.0,0.0,0.0,No
8790,Zhaoheng Hydropower Ltd.,ZHYLF,0.0,0.0,0.0,No
8791,Zecotek Photonics Inc.,ZMSPF,0.0,0.0,0.0,No
8792,Zane Interactive Publishing Inc.,ZNAE,0.0,0.0,0.0,No
8793,"ZNext Mining Corp., Inc.",ZNXT,0.0,0.0,0.0,No
8794,"ZST Digital Networks, Inc.",ZSTN,0.0,0.0,0.0,No
8795,Timminco Limited,TIMNF,0.0,0.0,0.0,No
8796,"Telpac Industries, Inc.",TLPC,0.0,0.0,0.0,No
8797,Temecula Valley Bancorp Inc.,TMCV,0.0,0.0,0.0,No
8798,"Terme Bancorp, Inc.",TMEB,0.0,0.0,0.0,No
8799,ThermoEnergy Corporation,TMEN,0.0,0.0,0.0,No
8800,"Tarsin Mobile, Inc.",TMIX,0.0,0.0,0.0,No
8801,True North Energy Corp.,TNEN,0.0,0.0,0.0,No
8802,"The Pulse Network, Inc.",TPNI,0.0,0.0,0.0,No
8803,Triple P N.V.,TPPPF,0.0,0.0,0.0,No
8804,"Turbo Global Partners, Inc.",TRBO,0.0,0.0,0.0,No
8805,Triumph Apparel Corporation,TRUA,0.0,,,
8806,Tuscany Energy Ltd.,TSCAF,0.0,0.0,0.0,No
8807,"Tradeshow Marketing Company, Ltd.",TSHO,0.0,0.0,0.0,No
8808,"That Marketing Solution, Inc.",TSTS,0.0,0.0,0.0,No
8809,"Terra Systems, Inc.",TSYI,0.0,0.0,0.0,No
8810,TVC Telecom Incorporated,TVCE,0.0,0.0,0.0,No
8811,"Towne Bancorp, Inc.",TWNE,0.0,0.0,0.0,No
8812,Quantum X Inc,TWOH,0.0,,,
8813,Tongxin International Ltd.,TXIC,0.0,0.0,0.0,No
8814,"United American Corp, Inc.",UAMA,0.0,0.0,0.0,No
8815,"UDS Group, Inc.",UDSG,0.0,0.0,0.0,No
8816,Universal Mfg. Co.,UFMG,0.0,0.0,0.0,No
8817,"Ultimate Sports Entertainment, Inc.",ULSP,0.0,0.0,0.0,No
8818,Umami Sustainable Seafood Inc.,UMAM,0.0,0.0,0.0,No
8819,UOMO Media Inc.,UOMO,0.0,0.0,0.0,No
8820,Urban Barns Foods Inc.,URBF,0.0,0.0,0.0,No
8821,New Klondike Exploration Ltd.,URPLF,0.0,0.0,0.0,No
8822,"U.S. National Telecom, Inc.",USNL,0.0,0.0,0.0,No
8823,"U.S. Wind Farming, Inc.",USWF,0.0,0.0,0.0,No
8824,"ViviCells International, Inc.",VCII,0.0,0.0,0.0,No
8825,"Verecloud, Inc.",VCLD,0.0,0.0,0.0,No
8826,"Rainmaker Systems, Inc.",VCTL,0.0,0.0,0.0,No
8827,Velocity Energy Inc.,VCYE,0.0,0.0,0.0,No
8828,"VIA Pharmaceuticals, Inc.",VIAP,0.0,0.0,0.0,No
8829,"Vie Financial Group, Inc.",VIFI,0.0,0.0,0.0,No
8830,"VIP ComLink, Inc.",VIPK,0.0,0.0,0.0,No
8831,"Valentine Beauty, Inc.",VLBI,0.0,0.0,0.0,No
8832,"Sense Technologies, Inc.",SNSGF,0.0,0.0,0.0,No
8833,Savoy Energy Corporation,SNVP,0.0,0.0,0.0,No
8834,"Sunnylife Global, Inc.",SNYL,0.0,0.0,0.0,No
8835,Strategic Oil & Gas Ltd.,SOGFF,0.0,0.0,0.0,No
8836,"Solutions Group, Inc.",SOLU,0.0,0.0,0.0,No
8837,Storage Computer Corporation,SOSO,0.0,0.0,0.0,No
8838,Speakeasy Cannabis Club Ltd.,SPBBF,0.0,0.0,0.0,No
8839,Speedus Corp.,SPDE,0.0,0.0,0.0,No
8840,"SocialPlay USA, Inc.",SPLY,0.0,0.0,0.0,No
8841,"Strat Petroleum, Ltd.",SPRL,0.0,0.0,0.0,No
8842,"SpectrumDNA, Inc.",SPXA,0.0,0.0,0.0,No
8843,"Southridge Enterprises, Inc.",SRGE,0.0,0.0,0.0,No
8844,Smartcool Systems Inc.,SSCFF,0.0,0.0,0.0,No
8845,SSH Group Limited,SSGLF,0.0,0.0,0.0,No
8846,Interactive Multi-Media Auction Corporation,SSGOF,0.0,0.0,0.0,No
8847,Silverstar Holdings Ltd.,SSTRF,0.0,0.0,0.0,No
8848,"Sandy Steele Unlimited, Inc.",SSTU,0.0,0.0,0.0,No
8849,Sure Trace Security Corporation,SSTY,0.0,0.0,0.0,No
8850,"Secured Services, Inc.",SSVC,0.0,0.0,0.0,No
8851,StratoComm Corporation,STCO,0.0,0.0,0.0,No
8852,Seertech Corporation,STCRQ,0.0,0.0,0.0,No
8853,Standard Energy Corporation,STDE,0.0,0.0,0.0,No
8854,StartMonday Technology Corp.,STMDF,0.0,0.0,0.0,No
8855,"StarTronix International, Inc.",STNX,0.0,0.0,0.0,No
8856,"STI Group, Inc.",STUO,0.0,0.0,0.0,No
8857,"Styleclick, Inc.",STYLA,0.0,0.0,0.0,No
8858,Sun Tzu Corporation,STZU,0.0,0.0,0.0,No
8859,"Silver Star Energy, Inc.",SVSE,0.0,0.0,0.0,No
8860,Service Team Inc.,SVTE,0.0,0.0,0.0,No
8861,"Historic Discoveries, Inc.",SVXA,0.0,0.0,0.0,No
8862,"Seawright Holdings, Inc.",SWRI,0.0,0.0,0.0,No
8863,"Day Tradexchange, Inc.",SYNJ,0.0,0.0,0.0,No
8864,"Synovics Pharmaceuticals, Inc.",SYVC,0.0,0.0,0.0,No
8865,"Sycamore Ventures, Inc.",SYVN,0.0,0.0,0.0,No
8866,Synodon Inc.,SYXXF,0.0,0.0,0.0,No
8867,TransCoastal Corporation,TCEC,0.0,0.0,0.0,No
8868,Technology General Corporation,TCGN,0.0,0.0,0.0,No
8869,"Terra Energy & Resource Technologies, Inc.",TEGR,0.0,0.0,0.0,No
8870,TECHNOVATIVE GROUP INC,TEHG,0.0,0.0,0.0,No
8871,Tek Digitel Corp.,TEKI,0.0,0.0,0.0,No
8872,TeraForce Technology Corporation,TERA,0.0,0.0,0.0,No
8873,TFN Football Network,TFBN,0.0,0.0,0.0,No
8874,"Tiger Reef, Inc.",TGRR,0.0,0.0,0.0,No
8875,"Therma-Med, Inc.",THRA,0.0,0.0,0.0,No
8876,"Thresher Industries, Inc.",THRR,0.0,0.0,0.0,No
8877,Intelligent Monitoring Group Limited,THRTF,0.0,,,
8878,LGX Oil + Gas Inc.,ROAOF,0.0,0.0,0.0,No
8879,"Royal Energy Resources, Inc.",ROYE,0.0,0.0,0.0,No
8880,"Rapidtron, Inc.",RPDT,0.0,0.0,0.0,No
8881,Rainier Pacific Financial Group Inc.,RPFG,0.0,0.0,0.0,No
8882,,RPTLD,0.0,0.0,0.0,No
8883,Reservoir Capital Corp.,RSERF,0.0,0.0,0.0,No
8884,"RTS Oil Holdings, Inc.",RTSO,0.0,0.0,0.0,No
8885,RavenQuest BioMed Inc.,RVVQF,0.0,0.0,0.0,No
8886,"RxElite, Inc.",RXEI,0.0,0.0,0.0,No
8887,Starlight Energy Corp,SAEC,0.0,,,
8888,Saudi American Holdings Corp.,SAHN,0.0,0.0,0.0,No
8889,"Subaye, Inc.",SBAY,0.0,0.0,0.0,No
8890,"School Specialty, LLC",SCOO,0.0,0.0,0.0,No
8891,"ScripsAmerica, Inc.",SCRCQ,0.0,0.0,0.0,No
8892,"Schimatic Cash Transactions Network.com, Inc.",SCTN,0.0,0.0,0.0,No
8893,"Smart Decision, Inc.",SDEC,0.0,0.0,0.0,No
8894,"Scandia, Inc.",SDNI,0.0,0.0,0.0,No
8895,"Siderúrgica Venezolana ""Sivensa"", S.A.",SDNVY,0.0,0.0,0.0,No
8896,Suspect Detection Systems Inc.,SDSS,0.0,0.0,0.0,No
8897,"Signature Devices, Inc.",SDVI,0.0,0.0,0.0,No
8898,"SFSB, Inc.",SFBI,0.0,0.0,0.0,No
8899,"Safetek International, Inc.",SFIN,0.0,0.0,0.0,No
8900,"SurgLine International, Inc.",SGLN,0.0,0.0,0.0,No
8901,"Signature Leisure, Inc.",SGLS,0.0,0.0,0.0,No
8902,"StemGen, Inc.",SGNI,0.0,0.0,0.0,No
8903,Stonepath Group Inc.,SGRZ,0.0,0.0,0.0,No
8904,Strategy International Insurance Group Inc.,SGYI,0.0,0.0,0.0,No
8905,Shi Corporation,SHCC,0.0,0.0,0.0,No
8906,"SearchGuy.com, Inc.",SHGY,0.0,0.0,0.0,No
8907,"SkyBridge Technology Group, Inc.",SKGO,0.0,0.0,0.0,No
8908,Future Mobility Solutions Limited,SLFFF,0.0,0.0,0.0,No
8909,Searchlight Solutions Ltd.,SLLN,0.0,0.0,0.0,No
8910,"Solucorp Industries, Ltd.",SLUP,0.0,0.0,0.0,No
8911,"SMA Alliance, Inc.",SMAA,0.0,0.0,0.0,No
8912,"Somatic Systems, Inc.",SMAS,0.0,0.0,0.0,No
8913,Simba Essel Energy Inc.,SMBZF,0.0,0.0,0.0,No
8914,"Simtrol, Inc.",SMRL,0.0,0.0,0.0,No
8915,Homestead Gold and Silver Ltd,SNLM,0.0,0.0,0.0,No
8916,Syntrol Corp.,SNLP,0.0,0.0,0.0,No
8917,"Sienna Biopharmaceuticals, Inc.",SNNAQ,0.0,0.0,0.0,No
8918,Poynt Corporation,PNYTF,0.0,0.0,0.0,No
8919,Poseidon Concepts Corp.,POOSF,0.0,0.0,0.0,No
8920,"Patient Portal Technologies, Inc.",PPRG,0.0,0.0,0.0,No
8921,Placer Creek Mining Co.,PRCK,0.0,0.0,0.0,No
8922,Pure Global Cannabis Inc.,PRCNF,0.0,0.0,0.0,No
8923,Phoenix Rising Companies,PRCX,0.0,0.0,0.0,No
8924,Paragon Shipping Inc.,PRGNF,0.0,0.0,0.0,No
8925,PRTS CAM Pte. Ltd.,PRTOF,0.0,0.0,0.0,No
8926,"Profile Solutions, Inc.",PSIQ,0.0,0.0,0.0,No
8927,PACIFIC SPORTS EXCHANGE INC.,PSPX,0.0,0.0,0.0,No
8928,PostRock Energy Corporation,PSTRQ,0.0,0.0,0.0,No
8929,"PTA Holdings, Inc.",PTAH,0.0,0.0,0.0,No
8930,Pope & Talbot Inc.,PTBTQ,0.0,0.0,0.0,No
8931,PINE Technology Holdings Limited,PTLYF,0.0,,,
8932,"Petrotech Oil and Gas, Inc.",PTOG,0.0,0.0,0.0,No
8933,Petro River Oil Corp.,PTRC,0.0,0.0,0.0,No
8934,"ProVision Operation Systems, Inc.",PVNO,0.0,0.0,0.0,No
8935,Pacific Wildcat Resources Corp.,PWCRF,0.0,0.0,0.0,No
8936,PacWest Equities Inc.,PWEI,0.0,0.0,0.0,No
8937,Powerlock International Corp.,PWLK,0.0,0.0,0.0,No
8938,Powerlinx Inc.,PWNX,0.0,0.0,0.0,No
8939,PHAXIAM Therapeutics S.A.,PXMTF,0.0,0.0,0.0,No
8940,Phoenix Apps Inc.,PXPP,0.0,0.0,0.0,No
8941,"PayChest, Inc.",PYCT,0.0,0.0,0.0,No
8942,"Qingdao Footwear, Inc.",QING,0.0,0.0,0.0,No
8943,QKL Stores Inc.,QKLS,0.0,0.0,0.0,No
8944,"QENEX Communications, Inc.",QNXC,0.0,0.0,0.0,No
8945,"Quality One Wireless, LLC",QOWI,0.0,0.0,0.0,No
8946,Quam Plus International Financial Limited,QPIFF,0.0,0.0,0.0,No
8947,Quantum Solar Power Corp.,QSPW,0.0,0.0,0.0,No
8948,"Radioio, Inc.",RAIO,0.0,0.0,0.0,No
8949,"RBID.com, Inc.",RBDC,0.0,0.0,0.0,No
8950,"Red Branch Technologies, Inc.",RBTI,0.0,0.0,0.0,No
8951,"Rocket City Enterprises, Inc.",RCTY,0.0,0.0,0.0,No
8952,Radiant Energy Corporation,RDEGF,0.0,0.0,0.0,No
8953,Red Eagle Mining Corporation,RDEMF,0.0,0.0,0.0,No
8954,Rodinia Oil Corp.,RDOIF,0.0,0.0,0.0,No
8955,RadView Software Ltd.,RDVWF,0.0,0.0,0.0,No
8956,Resources & Energy Group Limited,REEGF,0.0,0.0,0.0,No
8957,"Relm Holdings, Inc.",RELM,0.0,0.0,0.0,No
8958,RenuEn Corporation,RENU,0.0,0.0,0.0,No
8959,Romana Food Brands Corp.,RFBC,0.0,0.0,0.0,No
8960,"Rain Forest International, Inc.",RFII,0.0,0.0,0.0,No
8961,"Response Genetics, Inc",RGDXQ,0.0,0.0,0.0,No
8962,"Bud Genius, Inc.",RIGH,0.0,0.0,0.0,No
8963,RiT Technologies Ltd.,RITT,0.0,0.0,0.0,No
8964,Rivex Technology Corp.,RIVX,0.0,0.0,0.0,No
8965,"Reflectkote, Inc.",RKTE,0.0,0.0,0.0,No
8966,Rainbow International Corp.,RNBI,0.0,0.0,0.0,No
8967,North-West Oil Group Inc.,NWOL,0.0,0.0,0.0,No
8968,Nationwide Utilities Corporation,NWUC,0.0,0.0,0.0,No
8969,Nexity Financial Corporation,NXTYQ,0.0,0.0,0.0,No
8970,Nyxio Technologies Corporation,NYXO,0.0,0.0,0.0,No
8971,One Bullion Limited,OBULF,0.0,0.0,0.0,No
8972,Ocumension Therapeutics,OCUTF,0.0,0.0,,
8973,Odyne Corporation,ODYC,0.0,0.0,0.0,No
8974,Oragin Foods Inc.,OGGFF,0.0,0.0,0.0,No
8975,Oracle Healthcare Acquisition Corp.,OHAQ,0.0,0.0,0.0,No
8976,"OJsys, Inc.",OJSY,0.0,0.0,0.0,No
8977,OneLink Corporation,OLNK,0.0,0.0,0.0,No
8978,"Orthometrix, Inc.",OMRX,0.0,0.0,0.0,No
8979,"Options Media Group Holdings, Inc.",OPMG,0.0,0.0,0.0,No
8980,Optimum Interactive USA Ltd.,OPTL,0.0,0.0,0.0,No
8981,"OrgHarvest, Inc.",ORGH,0.0,0.0,0.0,No
8982,Ormet Corporation,ORMTQ,0.0,0.0,0.0,No
8983,OFX Group Limited,ORXXF,0.0,0.0,0.0,No
8984,Outfront Companies,OTFT,0.0,0.0,0.0,No
8985,"O2 Secure Wireless, Inc.",OTOW,0.0,0.0,0.0,No
8986,Oxford Investments Holdings Inc.,OXIHF,0.0,0.0,0.0,No
8987,PanAmerican BanCorp.,PABN,0.0,0.0,0.0,No
8988,"Panacos Pharmaceuticals, Inc.",PANC,0.0,0.0,0.0,No
8989,"Patient Access Solutions, Inc.",PASO,0.0,0.0,0.0,No
8990,"Premium Beverage Group, Inc.",PBEV,0.0,0.0,0.0,No
8991,"PC Group, Inc.",PCGR,0.0,0.0,0.0,No
8992,"Paradigm Medical Industries, Inc.",PDMI,0.0,0.0,0.0,No
8993,"Platinum Studios, Inc",PDOS,0.0,0.0,0.0,No
8994,Egetis Therapeutics AB (publ),PDPHF,0.0,0.0,0.0,No
8995,Marathon Group Corp.,PDPR,0.0,0.0,0.0,No
8996,Peijia Medical Limited,PEJMF,0.0,0.0,0.0,No
8997,Thoughtful Brands Inc.,PEMTF,0.0,0.0,0.0,No
8998,"Pathfinder Cell Therapy, Inc.",PFND,0.0,0.0,0.0,No
8999,PGI Incorporated,PGAI,0.0,0.0,0.0,No
9000,"PGI Energy, Inc.",PGIE,0.0,0.0,0.0,No
9001,"PharmaCom BioVet, Inc.",PHMB,0.0,0.0,0.0,No
9002,"Phosphate Holdings, Inc.",PHPS,0.0,0.0,0.0,No
9003,"Piksel, Inc.",PIKL,0.0,0.0,0.0,No
9004,"Proliance International, Inc.",PLNTQ,0.0,0.0,0.0,No
9005,Peoplesway.com Inc.,PLWY,0.0,0.0,0.0,No
9006,Plyzer Technologies Inc.,PLYZ,0.0,0.0,0.0,No
9007,"PlasmaTech, Inc.",PMAH,0.0,0.0,0.0,No
9008,"Plateau Mineral Development, Inc.",PMDP,0.0,0.0,0.0,No
9009,"PM&E, Inc.",PMEA,0.0,0.0,0.0,No
9010,"Primal Solutions, Inc.",PMSO,0.0,0.0,0.0,No
9011,Primix Corporation,PMXX,0.0,0.0,0.0,No
9012,"Panglobal Brands, Inc.",PNGB,0.0,0.0,0.0,No
9013,Porto Energy Corp.,PNRXF,0.0,0.0,0.0,No
9014,"Mondial Ventures, Inc.",MNVN,0.0,0.0,0.0,No
9015,Mountainview Energy Ltd.,MNVWF,0.0,0.0,0.0,No
9016,"Media Pal Holdings, Corp.",MPHD,0.0,0.0,0.0,No
9017,"MPM Technologies, Inc.",MPML,0.0,0.0,0.0,No
9018,"Mera Pharmaceuticals, Inc.",MRPI,0.0,0.0,0.0,No
9019,"Meltronix, Inc.",MTNX,0.0,0.0,0.0,No
9020,"MetaPower International, Inc.",MTPR,0.0,0.0,0.0,No
9021,"APT MotoVox Group, Inc.",MTVX,0.0,0.0,0.0,No
9022,"myFreightWorld Technologies, Inc.",MYFT,0.0,0.0,0.0,No
9023,"American Environmental, Inc.",MZPS,0.0,0.0,0.0,No
9024,Nationwide Beverage Bottling Corp.,NBVB,0.0,0.0,0.0,No
9025,"NutriPure Beverages, Inc.",NBVG,0.0,0.0,0.0,No
9026,Natural Health Farm Holdings Inc.,NHEL,0.0,0.0,0.0,No
9027,"Nouveau Holdings, Ltd.",NHLI,0.0,0.0,0.0,No
9028,Antares Metals Limited,NISLF,0.0,0.0,0.0,No
9029,"Nanobac Pharmaceuticals, Incorporated",NNBP,0.0,0.0,0.0,No
9030,"Nanoforce, Inc.",NNFC,0.0,0.0,0.0,No
9031,North Bud Farms Inc.,NOBDF,0.0,0.0,0.0,No
9032,Noble Group Limited,NOBGY,0.0,0.0,0.0,No
9033,New Oriental Energy & Chemical Corp,NOEC,0.0,0.0,0.0,No
9034,NQ Minerals Plc,NQMLF,0.0,0.0,0.0,No
9035,Narrowstep Inc.,NRWS,0.0,0.0,0.0,No
9036,"National Storm Management, Inc.",NSMG,0.0,0.0,0.0,No
9037,"Medcann Industries, Inc.",NSRS,0.0,0.0,0.0,No
9038,N1 Technologies Inc.,NTCHF,0.0,0.0,0.0,No
9039,Natcore Technology Inc.,NTCXF,0.0,0.0,0.0,No
9040,"NanoTech Entertainment, Inc.",NTEK,0.0,0.0,0.0,No
9041,"Network 1 Financial Group, Inc.",NTFL,0.0,0.0,0.0,No
9042,"NetTalk.com, Inc.",NTLK,0.0,0.0,0.0,No
9043,NetCents Technology Inc.,NTTCF,0.0,0.0,0.0,No
9044,Nevaro Capital Corporation,NVPLF,0.0,0.0,0.0,No
9045,Newborn Town Inc.,NWBTF,0.0,0.0,0.0,No
9046,Lexington Gold Ltd,LEXLF,0.0,0.0,0.0,No
9047,Lift & Co. Corp.,LFCOF,0.0,0.0,0.0,No
9048,"Legends Business Group, Inc.",LGBS,0.0,0.0,0.0,No
9049,Green Block Mining Corp.,LGLOF,0.0,0.0,0.0,No
9050,"LIGATT Security International, Inc.",LGTT,0.0,0.0,0.0,No
9051,LKA Gold Incorporated,LKAI,0.0,0.0,0.0,No
9052,LeanLife Health Inc.,LNLHF,0.0,0.0,0.0,No
9053,"Longport, Inc.",LPTI,0.0,0.0,0.0,No
9054,,LTDH,0.0,0.0,0.0,No
9055,LOUD Technologies Inc.,LTEC,0.0,0.0,0.0,No
9056,LCTI Low Carbon Technologies International Inc.,LWCTF,0.0,0.0,0.0,No
9057,"Lyric Jeans, Inc.",LYJN,0.0,0.0,0.0,No
9058,"KMA Holding, Inc.",MCDA,0.0,0.0,0.0,No
9059,"MediaG3, Inc.",MDGC,0.0,0.0,0.0,No
9060,"MedGen, Inc.",MDIN,0.0,0.0,0.0,No
9061,"Medical International Technology, Inc.",MDLH,0.0,0.0,0.0,No
9062,Midas Minerals Limited,MDMLF,0.0,0.0,0.0,No
9063,Medra Corporation,MDRA,0.0,0.0,0.0,No
9064,Miracle Entertainment Inc.,MEMI,0.0,0.0,0.0,No
9065,"Mobilized Entertainment, Inc",MENI,0.0,0.0,0.0,No
9066,"Monarch Gulf Exploration, Inc.",MGFX,0.0,0.0,0.0,No
9067,"Magellan Energy, Ltd.",MGLG,0.0,0.0,0.0,No
9068,"Magellan Industries, Inc.",MGLI,0.0,0.0,0.0,No
9069,Montague International Holding Ltd.,MIHL,0.0,0.0,0.0,No
9070,Manitok Energy Inc.,MKRYF,0.0,0.0,0.0,No
9071,"M Line Holdings, Inc.",MLHC,0.0,0.0,0.0,No
9072,"MedLink International, Inc.",MLKNA,0.0,0.0,0.0,No
9073,Marmion Industries Corp.,MMIO,0.0,0.0,0.0,No
9074,MNP Petroleum Corporation,MNAP,0.0,0.0,0.0,No
9075,International Housewares Retail Company Limited,IHSWF,0.0,0.0,0.0,No
9076,Immage Biotherapeutics Corp.,IMMG,0.0,0.0,0.0,No
9077,IMRIS Inc.,IMRSQ,0.0,0.0,0.0,No
9078,"InternetArray, Inc.",INAR,0.0,0.0,0.0,No
9079,"Infusion Brands International, Inc.",INBI,0.0,0.0,0.0,No
9080,IFinix Corporation,INIX,0.0,0.0,0.0,No
9081,"In Ovations Holdings, Inc.",INOH,0.0,0.0,0.0,No
9082,INSPECS Group plc,INPEF,0.0,0.0,0.0,No
9083,Iona Energy Inc.,IONAF,0.0,0.0,0.0,No
9084,Interplay Entertainment Corp.,IPLY,0.0,0.0,0.0,No
9085,"International Precious Minerals Group, Inc.",IPMG,0.0,0.0,0.0,No
9086,InRob Tech Ltd.,IRBL,0.0,0.0,0.0,No
9087,Integrated Drilling Equipment Holdings Corp.,IRIG,0.0,0.0,0.0,No
9088,International Ranger Corp.,IRNG,0.0,0.0,0.0,No
9089,"InfoSearch Media, Inc.",ISHM,0.0,0.0,0.0,No
9090,Infinite Technology Corporation,ITCJ,0.0,0.0,0.0,No
9091,"IntriEnergy, Inc.",ITRE,0.0,0.0,0.0,No
9092,Investco Corporation,IVCO,0.0,0.0,0.0,No
9093,Invert Graphite Limited,IVGPF,0.0,0.0,0.0,No
9094,Index Oil and Gas Inc.,IXOG,0.0,0.0,0.0,No
9095,"Inyx, Inc.",IYXI,0.0,0.0,0.0,No
9096,Jaco Electronics Inc.,JACO,0.0,0.0,0.0,No
9097,"JB&ZJMY Holding Company, Inc.",JBZY,0.0,0.0,0.0,No
9098,,JOCM,0.0,0.0,0.0,No
9099,Juma Technology Corp.,JUMT,0.0,0.0,0.0,No
9100,James E. Wagner Cultivation Corporation,JWCAF,0.0,0.0,0.0,No
9101,"KAL Energy, Inc.",KALG,0.0,0.0,0.0,No
9102,Kaiser Reef Limited,KAURF,0.0,0.0,0.0,No
9103,Kingsoft Cloud Holdings Limited,KCLHF,0.0,0.0,0.0,No
9104,Key Capital Corporation,KCPC,0.0,0.0,0.0,No
9105,Kodiak Energy Inc.,KDKN,0.0,0.0,0.0,No
9106,"The Kiley Group, Inc.",KGRI,0.0,0.0,0.0,No
9107,"Kid Brands, Inc.",KIDBQ,0.0,0.0,0.0,No
9108,"Kiwibox.Com, Inc.",KIWB,0.0,0.0,0.0,No
9109,KoKo Petroleum Inc.,KKPT,0.0,0.0,0.0,No
9110,"Klegg Electronics, Inc.",KLGG,0.0,0.0,0.0,No
9111,Keras Resources Plc,KSRPF,0.0,0.0,0.0,No
9112,"Kelvin Medical, Inc.",KVMD,0.0,0.0,0.0,No
9113,Lattice Biologics Ltd.,LBLTF,0.0,0.0,0.0,No
9114,Lotus Bio-Technology Development Corp.,LBTD,0.0,0.0,0.0,No
9115,Liberty Energy Corp.,LBYE,0.0,0.0,0.0,No
9116,Grupo International Inc.,GRPI,0.0,0.0,0.0,No
9117,"Grow Solutions Holdings, Inc.",GRSO,0.0,0.0,0.0,No
9118,Grupo Resilient International Inc.,GRUI,0.0,0.0,0.0,No
9119,"AU Min Africa PTY, LTD.",GRYEF,0.0,0.0,0.0,No
9120,"G&S Minerals, Inc.",GSML,0.0,0.0,0.0,No
9121,Global eScience Corp.,GSNC,0.0,0.0,0.0,No
9122,Geospatial Corporation,GSPH,0.0,0.0,0.0,No
9123,Cyphaira Corp.,GSTK,0.0,,,
9124,GT Legend Automotive Holdings Inc.,GTLA,0.0,0.0,0.0,No
9125,GuestLogix Inc.,GUESF,0.0,0.0,0.0,No
9126,"GEROVA Financial Group, Ltd.",GVFG,0.0,0.0,0.0,No
9127,"Global Vision Holdings, Inc.",GVHIB,0.0,0.0,0.0,No
9128,Greenvale Energy Ltd,GVLMY,0.0,0.0,0.0,No
9129,Great Western Minerals Group Ltd.,GWMGF,0.0,0.0,0.0,No
9130,"Hamilton Bancorp, Inc.",HABK,0.0,0.0,0.0,No
9131,"Halitron, Inc.",HAON,0.0,0.0,0.0,No
9132,Havilah Resources Limited,HAVRF,0.0,0.0,0.0,No
9133,"Healthy Coffee International, Inc.",HCEI,0.0,0.0,0.0,No
9134,"Hat Trick Beverage, Inc.",HKBV,0.0,0.0,0.0,No
9135,Pontus Protein Ltd.,HLKKF,0.0,0.0,0.0,No
9136,Hellix Ventures Inc.,HLLXF,0.0,0.0,0.0,No
9137,HPIL Holding,HPIL,0.0,0.0,0.0,No
9138,,HPLHF,0.0,0.0,0.0,No
9139,Horrison Resources Inc.,HRSR,0.0,0.0,0.0,No
9140,"Heart Tronics, Inc.",HRTT,0.0,0.0,0.0,No
9141,Hi Score Corporation,HSCO,0.0,0.0,0.0,No
9142,"Hawk Systems, Inc.",HWSY,0.0,0.0,0.0,No
9143,"Hybrid Energy Holdings, Inc.",HYBE,0.0,0.0,0.0,No
9144,HyperBlock Inc.,HYBOF,0.0,0.0,0.0,No
9145,"Horizons Holdings International, Corp.",HZHI,0.0,0.0,0.0,No
9146,iBrands Corp.,IBRC,0.0,0.0,0.0,No
9147,"iBX Group, Inc.",IBXG,0.0,0.0,0.0,No
9148,IBITX Software Inc.,IBXS,0.0,0.0,0.0,No
9149,INCORDEX CORP,ICDX,0.0,0.0,0.0,No
9150,icetana Limited,ICETF,0.0,,,
9151,Indocan Resources Inc.,IDCN,0.0,0.0,0.0,No
9152,"iExalt, Inc.",IEXA,0.0,0.0,0.0,No
9153,Independent Film Development Corporation,IFLM,0.0,0.0,0.0,No
9154,Infinito Gold Ltd.,IGFFF,0.0,0.0,0.0,No
9155,"Igene Biotechnology, Inc.",IGNE,0.0,0.0,0.0,No
9156,International Gold Resources Inc.,IGRU,0.0,0.0,0.0,No
9157,Interactive Health Network,IGRW,0.0,0.0,0.0,No
9158,1st NRG Corp.,FNRC,0.0,0.0,0.0,No
9159,FieldPoint Petroleum Corporation,FPPP,0.0,0.0,0.0,No
9160,"Fuquan Capital Management, Inc.",FQCC,0.0,0.0,0.0,No
9161,Firebird Metals Limited,FRBMF,0.0,0.0,0.0,No
9162,"Firemans Contractors, Inc.",FRCN,0.0,0.0,0.0,No
9163,Frontier Energy Corporation,FRGY,0.0,0.0,0.0,No
9164,"Frélii, Inc.",FRLI,0.0,0.0,0.0,No
9165,"Forum Mobile, Inc.",FRMB,0.0,0.0,0.0,No
9166,Formcap Corp.,FRMC,0.0,0.0,0.0,No
9167,"Frontera Investment, Inc.",FRNV,0.0,0.0,0.0,No
9168,"FusionPharm, Inc.",FSPM,0.0,0.0,0.0,No
9169,For The Earth Corp.,FTEG,0.0,0.0,0.0,No
9170,"Fit After Fifty, Inc.",FTFY,0.0,0.0,0.0,No
9171,"420 Property Management, Inc.",FTPM,0.0,0.0,0.0,No
9172,Great American Financial Corporation,GAFL,0.0,0.0,0.0,No
9173,"Global Diamond Exchange, Inc.",GBDX,0.0,0.0,0.0,No
9174,"Global Resource Energy, Inc.",GBEN,0.0,0.0,0.0,No
9175,Global Energy Networks Corp.,GBNW,0.0,0.0,0.0,No
9176,"GD Entertainment & Technology, Inc.",GDET,0.0,0.0,0.0,No
9177,Resource Capital Gold Corp.,GDPEF,0.0,0.0,0.0,No
9178,"Global Development & Environmental Resources, Inc.",GDVE,0.0,0.0,0.0,No
9179,Gersan Elektrik Ticaret ve Sanayi Anonim Sirketi,GERLF,-25.64,,,
9180,Green EnviroTech Holdings Corp.,GETH,0.0,0.0,0.0,No
9181,"Grifco International, Inc.",GFCI,0.0,0.0,0.0,No
9182,"GetFugu, Inc.",GFGU,0.0,0.0,0.0,No
9183,GuanHua Corporation,GHGH,0.0,0.0,0.0,No
9184,"Green and Hill Industries, Inc",GHIL,0.0,0.0,0.0,No
9185,G-H-3 International Inc.,GHTI,0.0,0.0,0.0,No
9186,Global Quest Ltd.,GLBB,0.0,0.0,0.0,No
9187,,GLCP,0.0,0.0,0.0,No
9188,Great Lakes Graphite Inc.,GLKIF,0.0,0.0,0.0,No
9189,"Great Lakes Aviation, Ltd.",GLUX,0.0,0.0,0.0,No
9190,"Global Medical Products Holdings, Inc.",GMDP,0.0,0.0,0.0,No
9191,Genco Corporation,GNCC,0.0,0.0,0.0,No
9192,"Gunther Grant, Inc.",GNGR,0.0,0.0,0.0,No
9193,General Datacomm Industries Inc.,GNRD,0.0,0.0,0.0,No
9194,"Gooi Global, Inc.",GOOI,0.0,0.0,0.0,No
9195,Golden Patriot Corp.,GPTC,0.0,0.0,0.0,No
9196,Greensmart Corp,GREN,0.0,0.0,0.0,No
9197,Diamyd Medical AB (publ),DYMDF,0.0,0.0,0.0,No
9198,New Energy Exchange Ltd.,EBODF,0.0,0.0,0.0,No
9199,Ecometals Limited,ECMLF,0.0,0.0,0.0,No
9200,Education Management Corporation,EDMCQ,0.0,0.0,0.0,No
9201,Exceed Company Ltd.,EDSFF,0.0,0.0,0.0,No
9202,E-data Corporation,EDTA,0.0,0.0,0.0,No
9203,"Enzyme Environmental Solutions, Inc.",EESO,0.0,0.0,0.0,No
9204,"EGPI Firecreek, Inc.",EFIR,0.0,0.0,0.0,No
9205,Enable IPC Corporation,EIPC,0.0,0.0,0.0,No
9206,Ekwan X Inc.,EKWX,0.0,0.0,0.0,No
9207,"Electric Car Company, Inc.",ELCR,0.0,0.0,0.0,No
9208,"El Maniel International, Inc.",EMLL,0.0,0.0,0.0,No
9209,EMP Solutions Inc.,EMPS,0.0,0.0,0.0,No
9210,Easy Technologies Inc.,EMYSF,0.0,0.0,0.0,No
9211,"Ener-Core, Inc.",ENCR,0.0,0.0,0.0,No
9212,Thermic Sciences International,ENDO,0.0,0.0,0.0,No
9213,enherent Corp.,ENHT,0.0,0.0,0.0,No
9214,Encounter Development Technologies Inc.,ENTI,0.0,0.0,0.0,No
9215,EonX Technologies Inc.,EONXF,0.0,0.0,0.0,No
9216,E'Prime Aerospace Corporation,EPEO,0.0,0.0,0.0,No
9217,Empire Metals Limited,EPMLF,-31.4,,,
9218,"Environmental Packaging Technologies Holdings, Inc.",EPTI,0.0,0.0,0.0,No
9219,"ERecord Management, Inc.",ERMG,0.0,0.0,0.0,No
9220,"Eco Safe Systems USA, Inc.",ESFS,0.0,0.0,0.0,No
9221,"Entertainment Arts, Inc.",ETAR,0.0,0.0,0.0,No
9222,Evolution Technology Resources Inc.,ETKR,0.0,0.0,0.0,No
9223,AgriMinco Corp.,ETPHF,0.0,0.0,0.0,No
9224,"Eurotech, Ltd.",EUOT,0.0,0.0,0.0,No
9225,"Lombard Medical, Inc.",EVARF,0.0,0.0,0.0,No
9226,Evolution Blockchain Group Inc.,EVBC,0.0,0.0,0.0,No
9227,"Everock, Inc.",EVRN,0.0,0.0,0.0,No
9228,"Environmental Service Professionals, Inc.",EVSP,0.0,0.0,0.0,No
9229,"Earthworks Entertainment, Inc.",EWKS,0.0,0.0,0.0,No
9230,"Emerging World Pharma, Inc.",EWPI,0.0,0.0,0.0,No
9231,"Excellerant, Inc.",EXCL,0.0,0.0,0.0,No
9232,"Expo Holdings, Inc.",EXPH,0.0,0.0,0.0,No
9233,EZTD Inc.,EZTD,0.0,0.0,0.0,No
9234,"FiberCore, Inc.",FBCE,0.0,0.0,0.0,No
9235,"Fidelis Energy, Inc.",FDEI,0.0,0.0,0.0,No
9236,"5E Advanced Materials, Inc.",FEAV,0.0,0.0,0.0,No
9237,"FG Fitness & Media Group, Inc.",FGFT,0.0,0.0,0.0,No
9238,"Fernhill Beverage, Inc.",FHBC,0.0,0.0,0.0,No
9239,Finbar Group Limited,FINBF,0.0,0.0,0.0,No
9240,"Creative Edge Nutrition, Inc.",FITX,0.0,0.0,0.0,No
9241,Falken Industries Ltd.,FLKI,0.0,0.0,0.0,No
9242,Flower One Holdings Inc.,FLOOF,0.0,0.0,0.0,No
9243,Forbes Energy Services Ltd.,FLSS,0.0,0.0,0.0,No
9244,CO2 Solutions Inc.,COSLF,0.0,0.0,0.0,No
9245,Huicheng International Holdings Limited,COUTF,0.0,0.0,,
9246,Canal Capital Corporation PFD EXCH $1.30,COWPP,0.0,0.0,0.0,No
9247,Capital Environment Holdings Limited,CPEVF,0.0,0.0,0.0,No
9248,"China Power Equipment, Inc.",CPQQ,0.0,0.0,0.0,No
9249,Compliance Energy Corporation,CPYCF,0.0,0.0,0.0,No
9250,CONNEQT Health Limited,CQTHF,0.0,0.0,0.0,No
9251,CurveBeam AI Limited,CRVAF,0.0,0.0,0.0,No
9252,China SCE Group Holdings Limited,CSCNF,0.0,0.0,0.0,No
9253,California Science & Engineering Corporation,CSEC,0.0,0.0,0.0,No
9254,China Sun Group High-Tech Co.,CSGH,0.0,0.0,0.0,No
9255,Consolidated Sports Media Group,CSGU,0.0,0.0,0.0,No
9256,Classic Minerals Limited,CSMRF,0.0,0.0,0.0,No
9257,China Star Entertainment Limited,CTAZF,0.0,0.0,0.0,No
9258,,CTBK,0.0,0.0,0.0,No
9259,City Capital Corporation,CTCC,0.0,0.0,0.0,No
9260,China Treasures New Materials Group Ltd.,CTNMF,0.0,0.0,0.0,No
9261,"Hepion Pharmaceuticals, Inc.",CTRVP,0.0,0.0,0.0,No
9262,"CTX Virtual Technologies, Inc.",CTXV,0.0,0.0,0.0,No
9263,Ventura Cannabis & Wellness Corporation,CVHIF,0.0,0.0,0.0,No
9264,"Covista Communications, Inc.",CVST,0.0,0.0,0.0,No
9265,"Central Wireless, Inc.",CWIR,0.0,0.0,0.0,No
9266,Plant-Based Investment Corp.,CWWBF,0.0,0.0,0.0,No
9267,"Corix Bioscience, Inc.",CXBS,0.0,0.0,0.0,No
9268,"Cyber Digital, Inc.",CYBD,0.0,0.0,0.0,No
9269,"CybeRecord, Inc.",CYRD,0.0,0.0,0.0,No
9270,Dana Resources,DANR,0.0,0.0,0.0,No
9271,Decision Diagnostics Corp.,DECN,0.0,0.0,0.0,No
9272,"Deer Consumer Products, Inc.",DEER,0.0,0.0,0.0,No
9273,"Dewmar International BMC, Inc.",DEWM,0.0,0.0,0.0,No
9274,Deltagen Inc.,DGEN,0.0,0.0,0.0,No
9275,D7 Enterprises Inc.,DGIF,0.0,0.0,0.0,No
9276,"Degama Software Solutions, Inc.",DGMA,0.0,0.0,0.0,No
9277,Diamant Art Corp.,DIAAF,0.0,0.0,0.0,No
9278,"digitiliti, Inc.",DIGI,0.0,0.0,0.0,No
9279,"DJSP Enterprises, Inc.",DJSP,0.0,0.0,0.0,No
9280,"Drinks Americas Holdings, Ltd.",DKAM,0.0,0.0,0.0,No
9281,DNI Metals Inc.,DMNKF,0.0,0.0,0.0,No
9282,"Deep Blue Marine, Inc.",DPBE,0.0,0.0,0.0,No
9283,"Deep Earth Resources, Inc.",DPER,0.0,0.0,0.0,No
9284,"Deltron, Inc.",DTRO,0.0,0.0,0.0,No
9285,"Delivery Technology Solutions, Inc.",DTSL,0.0,0.0,0.0,No
9286,Jeotex Inc.,DWDZF,0.0,0.0,0.0,No
9287,Bang Holdings Corp.,BXNG,0.0,0.0,0.0,No
9288,"Beamz Interactive, Inc.",BZIC,0.0,0.0,0.0,No
9289,"BizRocket.com, Inc.",BZRT,0.0,0.0,0.0,No
9290,INDVR Brands Inc.,CAAOF,0.0,0.0,0.0,No
9291,"Cache, Inc.",CACH,0.0,0.0,0.0,No
9292,,CAGR,0.0,0.0,0.0,No
9293,"Carrier Alliance Holdings, Inc.",CAHI,0.0,0.0,0.0,No
9294,"Canadian Aerospace Group International, Inc.",CASG,0.0,0.0,0.0,No
9295,Crown Baus Capital Corp.,CBCA,0.0,0.0,0.0,No
9296,Cabo Drilling Corp.,CBEEF,0.0,0.0,0.0,No
9297,"The CannaBusiness Group, Inc.",CBGI,0.0,0.0,0.0,No
9298,Campbell Resources Inc.,CBLRF,0.0,0.0,0.0,No
9299,CBM Asia Development Corp.,CBMDF,0.0,0.0,0.0,No
9300,C=Holdings B.V.,CBUIF,0.0,0.0,0.0,No
9301,China Clean Energy Inc.,CCGY,0.0,0.0,0.0,No
9302,SoftMedx Healthcare Limited,CCWYF,0.0,0.0,0.0,No
9303,Quad Energy Corporation,CDID,0.0,0.0,0.0,No
9304,Code Rebel Corp,CDRBQ,0.0,0.0,0.0,No
9305,"Celexpress, Inc.",CELX,0.0,0.0,0.0,No
9306,Cache Exploration Inc.,CEXPF,0.0,0.0,0.0,No
9307,Clear Gold Resources Inc.,CFAGF,0.0,0.0,0.0,No
9308,"CTGX Mining, Inc.",CHCX,0.0,0.0,0.0,No
9309,China Art Financial Holdings Limited,CHFHF,0.0,0.0,0.0,No
9310,"China Finance, Inc.",CHFI,0.0,0.0,0.0,No
9311,"China Gengsheng Minerals, Inc.",CHGS,0.0,0.0,0.0,No
9312,Cherubim Interests Inc.,CHIT,0.0,0.0,0.0,No
9313,China Media Inc.,CHND,0.0,0.0,0.0,No
9314,"China Shoe Holdings, Inc.",CHSH,0.0,0.0,0.0,No
9315,Chinawe.com Inc.,CHWE,0.0,0.0,0.0,No
9316,China Zhong Qi Holdings Limited,CHZQ,0.0,0.0,0.0,No
9317,"CyberKey Solutions, Inc.",CKYS,0.0,0.0,0.0,No
9318,"Calcol, Inc.",CLCL,0.0,0.0,0.0,No
9319,CalciTech Ltd.,CLKTF,0.0,0.0,0.0,No
9320,"Cleantech Biofuels, Inc.",CLTH,0.0,0.0,0.0,No
9321,"CMARK International, Inc.",CMIT,0.0,0.0,0.0,No
9322,"Commerce Energy Group, Inc.",CMNR,0.0,0.0,0.0,No
9323,Connected Media Technologies Inc.,CNCM,0.0,0.0,0.0,No
9324,"Candlewood Hotel Company, Inc.",CNDL,0.0,0.0,0.0,No
9325,CanaFarma Hemp Products Corp.,CNFHF,0.0,0.0,0.0,No
9326,"Cannalink, Inc.",CNLK,0.0,0.0,0.0,No
9327,CannAmerica Brands Corp.,CNNXF,0.0,0.0,0.0,No
9328,Comerton Corp.,COCM,0.0,0.0,0.0,No
9329,"Avix Technologies, Inc.",AVIX,0.0,0.0,0.0,No
9330,Manaris (2010) Corp.,AVNY,0.0,0.0,0.0,No
9331,"Avitar, Inc.",AVTI,0.0,0.0,0.0,No
9332,"Axiologix, Inc.",AXLX,0.0,0.0,0.0,No
9333,Axion Ventures Inc.,AXNVF,0.0,0.0,0.0,No
9334,Alderon Iron Ore Corp.,AXXDF,0.0,0.0,0.0,No
9335,"Amazonas Florestal, Ltd",AZFL,0.0,0.0,0.0,No
9336,Azteca Gold Corp.,AZGFF,0.0,0.0,0.0,No
9337,AZN Capital Corp.,AZNVF,0.0,0.0,0.0,No
9338,"Banneker, Inc.",BANI,0.0,0.0,0.0,No
9339,"New York Health Care, Inc.",BBAL,0.0,0.0,0.0,No
9340,Bettwork Industries Inc.,BETW,0.0,0.0,0.0,No
9341,"BG Medicine, Inc.",BGMD,0.0,0.0,0.0,No
9342,Bionovate Technologies Corp,BIIO,0.0,0.0,0.0,No
9343,Belle Isle Corp.,BILSU,0.0,0.0,0.0,No
9344,BioNitrogen Holdings Corp.,BIONQ,0.0,0.0,0.0,No
9345,BIQI International Holding Corporation,BIQIF,0.0,0.0,0.0,No
9346,Bonjour Holdings Ltd,BJURF,0.0,,,
9347,Bakken Energy Corp.,BKEN,0.0,0.0,0.0,No
9348,,BKMM,0.0,0.0,0.0,No
9349,Black Rock Petroleum Company,BKRP,0.0,0.0,0.0,No
9350,BLOK Technologies Inc.,BLPFF,0.0,0.0,0.0,No
9351,Bayan Mining and Minerals Limited,BMMKF,0.0,0.0,,
9352,Brinx Resources Ltd.,BNXR,0.0,0.0,0.0,No
9353,BOL Bancshares Inc. PFD,BOLBP,0.0,0.0,0.0,No
9354,Bolivar Mining Corp.,BOLV,0.0,0.0,0.0,No
9355,"The Bon-Ton Stores, Inc.",BONTQ,0.0,0.0,0.0,No
9356,"BPI Energy Holdings, Inc",BPIGF,0.0,0.0,0.0,No
9357,"BlackPoll Fleet International, Inc.",BPOL,0.0,0.0,0.0,No
9358,BrewBilt Brewing Company,BRBL,0.0,0.0,0.0,No
9359,Beard Co. (The),BRCOQ,0.0,0.0,0.0,No
9360,Broke Out Inc.,BRKO,0.0,0.0,0.0,No
9361,"Bravatek Solutions, Inc.",BVTK,0.0,0.0,0.0,No
9362,Alphaform AG,AFRMF,0.0,0.0,0.0,No
9363,Absolutely Critical Resources Corp.,AFRRF,0.0,0.0,0.0,No
9364,"Antilia Group, Corp.",AGGG,0.0,0.0,0.0,No
9365,Agrios Global Holdings Ltd.,AGGHF,0.0,0.0,0.0,No
9366,Orpheus Uranium Limited,AGREF,0.0,0.0,0.0,No
9367,"Agritek Holdings, Inc.",AGTK,0.0,0.0,0.0,No
9368,"Alpha Technologies Group, Inc.",AHAG,0.0,0.0,0.0,No
9369,Alternate Health Corp.,AHGIF,0.0,0.0,0.0,No
9370,"Axia International Group, Inc.",AIGI,0.0,0.0,0.0,No
9371,Arkanova Energy Corporation,AKVA,0.0,0.0,0.0,No
9372,Alliance Growers Corp.,ALGWF,0.0,0.0,0.0,No
9373,"Alkane, Inc.",ALKN,0.0,0.0,0.0,No
9374,"Alchemy Creative, Inc.",ALMY,0.0,0.0,0.0,No
9375,Alvarion Ltd.,ALVRQ,0.0,0.0,0.0,No
9376,American Mobile Dental Corp.,AMBD,0.0,0.0,0.0,No
9377,Andatee China Marine Fuel Services Corporation,AMCF,0.0,0.0,0.0,No
9378,"American Metal & Technology, Inc.",AMGY,0.0,0.0,0.0,No
9379,"American Green Group, Inc.",AMNE,0.0,0.0,0.0,No
9380,Andiamo Corporation,ANDI,0.0,0.0,0.0,No
9381,Anvia Holdings Corporation,ANVV,0.0,0.0,0.0,No
9382,Australian Oil & Gas Corporation,AOGC,0.0,0.0,0.0,No
9383,"Monster Arts, Inc.",APPZ,0.0,0.0,0.0,No
9384,Appliqate Inc.,APQT,0.0,0.0,0.0,No
9385,American Pacific Rim Commerce Group,APRM,0.0,0.0,0.0,No
9386,"Allegiant Professional Business Services, Inc.",APRO,0.0,0.0,0.0,No
9387,Appulse Corporation,APULF,0.0,0.0,0.0,No
9388,Aspyra Inc.,APYI,0.0,0.0,0.0,No
9389,Asiasec Properties Limited,APYLF,0.0,0.0,0.0,No
9390,"Diamond Energy Partners, Inc.",AQBN,0.0,0.0,0.0,No
9391,AQ Corp.,AQCP,0.0,0.0,0.0,No
9392,"Click To Raffle.Com, Inc.",AQFD,0.0,0.0,0.0,No
9393,Aquarius Surgical Technologies Inc.,AQQRF,0.0,0.0,0.0,No
9394,Arboreta Healthcare Inc.,ARBH,0.0,0.0,0.0,No
9395,Arcis Resources Corporation,ARCS,0.0,0.0,0.0,No
9396,"Arête Industries, Inc.",ARET,0.0,0.0,0.0,No
9397,Bitcoin Crypto Currency Exchange Corporation,ARSC,0.0,0.0,0.0,No
9398,"AirTrona International, Inc.",ARTR,0.0,0.0,0.0,No
9399,"Arrow Resources Development, Inc.",ARWD,0.0,0.0,0.0,No
9400,Asia Global Crossing Ltd.,ASGXF,0.0,0.0,0.0,No
9401,Avidus Management Group Inc.,ASNHF,0.0,0.0,0.0,No
9402,"Haber, Inc.",ASPT,0.0,0.0,0.0,No
9403,"ARI-ST-A Power Solutions, Inc.",ASPW,0.0,0.0,0.0,No
9404,"Alternative Energy Technology, Inc.",ATNE,0.0,0.0,0.0,No
9405,Atlantis Technology Group,ATNPQ,0.0,0.0,0.0,No
9406,Antipa Minerals Limited,ATPMF,0.0,0.0,0.0,No
9407,"AuctionCities.com, Inc.",AUCM,0.0,0.0,0.0,No
9408,,AULBF,0.0,0.0,,
9409,"Attune RTD, Inc",AURT,0.0,0.0,0.0,No
9410,"American Commerce Solutions, Inc.",AACS,0.0,0.0,0.0,No
9411,"Alabama Aircraft Industries, Inc",AAIIQ,0.0,0.0,0.0,No
9412,"Airborne Security & Protective Services, Inc.",ABPR,0.0,0.0,0.0,No
9413,"Asia Carbon Industries, Inc.",ACRB,0.0,0.0,0.0,No
9414,"Artec Global Media, Inc.",ACTL,0.0,0.0,0.0,No
9415,"Acusphere, Inc.",ACUS,0.0,0.0,0.0,No
9416,"Americana Distribution, Inc.",ADBN,0.0,0.0,0.0,No
9417,Adherium Limited,ADRMF,0.0,0.0,,
9418,"Adynxx, Inc.",ADYX,0.0,0.0,0.0,No
9419,"Advanced Engine Technologies, Inc.",AENG,0.0,0.0,0.0,No
9420,Aim Exploration Inc.,AEXE,0.0,0.0,0.0,No
9421,Smoore International Holdings Limited,SMHRY,0.0,0.0,0.0,No
9422,"Euglena Co., Ltd.",EGLNF,0.0,0.0,0.0,No
9423,Freedom Internet Group Inc.,FIGI,0.0,0.0,0.0,No
9424,"Anvi Global Holdings, Inc.",ANVI,0.0,0.0,0.0,No
9425,Sphere 3D Corp.,ANY,-48.45,,,
9426,Critical Resources Limited,CRRLF,0.0,0.0,,
9427,Veri Medtech Holdings Inc.,VRHI,0.0,,,
9428,Medinotec Inc.,MDNC,0.0,0.0,0.0,No
9429,"Mie Kotsu Group Holdings, Inc.",MEKTF,0.0,,,
9430,Aureka Ltd,NVMLF,0.0,0.0,0.0,No
9431,Next 15 Group plc,NXFTY,0.0,0.0,0.0,No
9432,Shimao Group Holdings Limited,SHMAY,0.0,0.0,0.0,No
9433,SanBio Company Limited,SNBOY,0.0,0.0,0.0,No
9434,"Bora Pharmaceuticals Co., Ltd.",BORAY,96.52,,,
9435,Cian PLC,CANPY,0.0,0.0,0.0,No
9436,Aberdeen Asia Focus PLC,AASCF,0.0,0.0,0.0,No
9437,Texas Ventures Acquisition IV Corp.,TVIV,2.45,,,
9438,Vicore Pharma Holding AB (publ),VCRE,-31.96,,,
9439,Viking Acquisition Corp. II,VII,0.0,,,
9440,Viking Acquisition Corp. II,VII-UN,1.21,,,
9441,Verusa Holding A.S.,VRSHF,0.0,0.0,0.0,No
9442,W-SCOPE Corporation,WSPCF,0.0,0.0,0.0,No
9443,Churchill Capital Corp XIII,XIIIU,17.48,,,
9444,Yorkville International Capital Corp.,YICC,-1.2,,,
9445,Zhanling International Limited,ZLME,0.0,0.0,0.0,No
9446,Olvi Oyj,OLVOY,0.0,,,
9447,Pelican Acquisition II Corporation,PLCIU,6.2,,,
9448,Patriot Acquisition Corp.,PTAC,0.0,,,
9449,Samos Energy Acquisition Corporation,SAMO-UN,-0.6,,,
9450,Securitize Corp.,SECZ,-31.88,,,
9451,RMG ML Sports Holdings,SHOT,6.3,,,
9452,Stevia Nutra Corp,STNT,0.0,0.0,0.0,No
9453,"InterPrivate Investment Partners V, Inc.",IPVV,5.01,,,
9454,Snow Rothschild Acquisition Corp,ISNR,2.46,,,
9455,"ITG, Inc.",ITG,-52.11,,,
9456,"Kotobuki Spirits Co., Ltd.",KBKIF,0.0,0.0,0.0,No
9457,"Kobe Bussan Co., Ltd.",KOBCY,0.0,0.0,0.0,No
9458,LS telcom AG,LTELF,0.0,0.0,0.0,No
9459,Long Table Growth Corp.,LTGR,7.54,,,
9460,Meridian3 Industrials Acquisition Corp,MIACU,7.45,,,
9461,"Money Forward, Inc.",MNFYY,0.0,0.0,0.0,No
9462,Mercator Acquisition Corp.,MRCOU,0.0,,,
9463,Market Technology Acquisition Corp,MTAKU,2.44,,,
9464,Southern Cross Acquisition I Corp.,NCO,7.56,,,
9465,Southern Cross Acquisition I Corp.,NCOOU,-5.81,,,
9466,East West Ave Acquisition Corp.,EWAVU,14.16,,,
9467,FutureCorp Space Acquisition 1,FTRA,2.46,,,
9468,Futurewave Acquisition Corporation,FWAC,4.97,,,
9469,FortuneX Acquisition Corporation,FXAC,3.65,,,
9470,Gecoss Corporation,GCSSF,0.0,0.0,0.0,No
9471,GSR V Acquisition Corp.,GSRV,4.98,,,
9472,Berto Acquisition Corp. II,GUAC,0.0,,,
9473,Hold Me Ltd,HMELF,0.0,0.0,0.0,No
9474,Iron Dome Acquisition I Corp.,IDAC,2.43,,,
9475,Interroll Holding AG,INRNY,0.0,,,
9476,Aeon Acquisition I Corp.,AESP,7.5,,,
9477,Alpex Acquisition Corporation,ALPX,7.54,,,
9478,AMR Resources Acquisition Corp,AMACU,1.21,,,
9479,"Asahi Group Holdings, Ltd.",ASBHY,0.0,0.0,,
9480,Bleichroeder Acquisition Corp. III,BCCQU,42.08,,,
9481,Tribeca Strategic Acquisition Corp.,BID,6.27,,,
9482,Burtech Acquisition Corp II,BRKH,3.68,,,
9483,B&R Technology Merger Corp.,BRTMU,3.68,,,
9484,Catalyst Acquisition Corp.,CATLU,-2.37,,,
9485,CAC Holdings Corporation,CAXCF,0.0,0.0,,
9486,Columbus Circle Capital Corp III,CCCT,2.47,,,
9487,Columbus Circle Capital Corp III,CCCTU,-4.7,,,
9488,China Literature Limited,CHLLY,0.0,0.0,0.0,No
9489,"Dai Nippon Toryo Company, Limited",DAIYF,0.0,0.0,0.0,No
9490,Disciplined Growth Acquisition Corporation,DGAC,7.49,,,
9491,PT DCI Indonesia Tbk,DITPF,0.0,0.0,0.0,No
9492,"Asia Air Survey Co., Ltd.",AASLF,0.0,0.0,0.0,No
9493,Vicat S.A.,VVCTY,70.17,,,
9494,Wasatch Small/Mid Cap ETF,WSMD,5.45,,,
9495,WisdomTree Space Economy Fund,WSPC,103.9,,,
9496,Technoprobe S.p.A.,THNBY,14.02,,,
9497,Tourmaline Oil Corp.,TRMOY,0.0,,,
9498,Vaneck Materials TruSector ETF,TRUM,90.45,,,
9499,Vaneck Real Estate TruSector ETF,TRUR,-21.17,,,
9500,Vaneck Utilities TruSector ETF,TRUU,-44.44,,,
9501,Tsugami Corporation,TSGMY,0.0,0.0,0.0,No
9502,"Toyo Tanso Co., Ltd.",TYOTF,0.0,0.0,0.0,No
9503,Varia US Properties AG,VARNF,0.0,0.0,0.0,No
9504,Qualivian Focus Fund ETF,QFF,-1.93,,,
9505,Columbia Research Enhanced Core Premium Income ETF Shares,RECI,36.85,,,
9506,Renishaw plc,RNSHF,17.86,,,
9507,REST EZ INC,RTEZ,0.0,0.0,0.0,No
9508,Sumitomo Bakelite Company Limited,SBCLY,-45.11,,,
9509,Aristotle Short Term Income ETF,SDUR,4.65,,,
9510,Seneca Foods Corporation PFD CONV 2003,SENEL,0.0,0.0,0.0,No
9511,SEI QiM U.S. Equity Factor Allocation Active ETF,SEUS,34.15,,,
9512,PKSHA Technology Inc.,PKSHF,0.0,0.0,0.0,No
9513,Public Storage,PSA-PT,-4.67,,,
9514,Newbury Street Acquisition Corporation,NBSTU,0.0,,,
9515,GraniteShares 2x Long NTAP Daily ETF,NTAL,101.31,,,
9516,Nitta Corporation,NTTAF,20.62,,,
9517,J P MORGAN Exchange-Traded Fund Trust - Fundamental Data Science Large Growth ETF,LGDS,37.54,,,
9518,"Mitsubishi Gas Chemical Company, Inc.",MBSHY,0.0,0.0,,
9519,Medios AG,MEDOF,0.0,0.0,0.0,No
9520,"Musashi Seimitsu Industry Co., Ltd.",MHSMF,0.0,,,
9521,Ionic Digital Inc.,IOND,35.84,,,
9522,iShares Nasdaq 100 ETF,IQQ,64.05,,,
9523,Jersey Mike's Subs Inc.,JMKE,-56.71,,,
9524,JX Advanced Metals Corporation,JXAMY,-38.37,,,
9525,Gunze Limited,GNZLF,0.0,,,
9526,Goldwin Inc.,GWNCF,0.0,0.0,,
9527,Hirata Corporation,HIRAF,0.0,0.0,,
9528,"H.I.S. Co., Ltd.",HISJF,0.0,,,
9529,HASEKO Corporation,HSSKY,0.0,0.0,0.0,No
9530,Hotchkis and Wiley International Value Fund ETF Class,HWIV,23.35,,,
9531,Hotchkis & Wiley Opportunities Fund ETF Class,HWO,72.93,,,
9532,First Eagle Core Municipal ETF,FECM,2.4,,,
9533,First Eagle Small Cap Equity ET,FESC,1.54,,,
9534,Flughafen Wien Aktiengesellschaft,FGWLF,0.0,,,
9535,"Avem Health Partners, Inc.",FPCG,0.0,0.0,0.0,No
9536,"General American Investors Company, Inc.",GAM-PB,-4.72,,,
9537,"EDD Helms Group, Inc.",EDHD,0.0,0.0,0.0,No
9538,Columbia High Dividend Premium Income ETF Shares,CDPI,11.93,,,
9539,"Csquare, Inc.",CSQR,-28.49,,,
9540,"Badger State Ethanol, LLC",BADGA,0.0,0.0,0.0,No
9541,Biofrontera AG,BIFRF,0.0,0.0,0.0,No
9542,"Beijing Geekplus Technology Co., Ltd.",BJGPY,0.0,0.0,0.0,No
9543,GraniteShares 2x Long BTDR Daily ETF,BTDL,-65.63,,,
9544,Bet Shemesh Engines Holdings (1997) Ltd,BTSEF,0.0,0.0,0.0,No
9545,Buck Hill Falls Company,BUHF,0.0,0.0,0.0,No
9546,"Aica Kogyo Company, Limited",AIKCF,0.0,0.0,0.0,No
9547,"Apnimed, Inc.",APMD,79.59,,,
9548,Aristotle Core Plus Income ETF,ARCP,1.69,,,
9549,Aristotle Multi-Sector Income ETF,ARMS,5.61,,,
9550,Alpha Architect US Equity 4 ETF,AAUB,31.65,,,
